site,n_storeys,tag,design_group_id,structure_id,msa_ss_stale,T1,T1_design,C_s,avgsa03_rtp475,ln_avgsa03_rtp475,iml_oq_rtp475,avgsa03_rtp2500,ln_avgsa03_rtp2500,iml_oq_rtp2500,avgsa03_rtp5000,ln_avgsa03_rtp5000,iml_oq_rtp5000,avgsa03_rtp10000,ln_avgsa03_rtp10000,iml_oq_rtp10000,ss_ln_saratio_mean_rtp475,ss_ln_saratio_sigma_rtp475,ss_ln_ds595_mean_rtp475,ss_ln_ds595_sigma_rtp475,ss_ln_saratio_mean_rtp2500,ss_ln_saratio_sigma_rtp2500,ss_ln_ds595_mean_rtp2500,ss_ln_ds595_sigma_rtp2500,ss_ln_saratio_mean_rtp5000,ss_ln_saratio_sigma_rtp5000,ss_ln_ds595_mean_rtp5000,ss_ln_ds595_sigma_rtp5000,ss_ln_saratio_mean_rtp10000,ss_ln_saratio_sigma_rtp10000,ss_ln_ds595_mean_rtp10000,ss_ln_ds595_sigma_rtp10000,fema_ln_saratio_mean,fema_ln_saratio_sigma,fema_ln_ds595_mean,fema_ln_ds595_sigma,T1_modal_s,V_max_N,W_N,Vb_design_N,delta_y_eff_mm,delta_u_mm,roof_height_mm,overstrength,ductility,pushover_is_dummy
0,3,3s_cbf_dc2_site0,group_3s_00,0,False,0.6498880648969265,0.7199782679216568,0.0285403580874961,0.028727079122619008,-3.549915077618808,0.028732075109172694,0.061954303877177035,-2.7813581999193913,0.06195682032642999,0.08332545656627623,-2.4850011754600962,0.08332348677693632,0.11018339957674081,-2.205609032660063,0.11017370502527266,0.3747281895265837,0.2556601490116099,2.7780105742679315,0.7243136176368329,0.3929493501736066,0.24794904257877617,2.6009244661614277,0.7562414515151709,0.3987257246078501,0.24404070291562932,2.5473792278341967,0.769979191150101,0.40327363032784413,0.24007184562082692,2.5013221734449713,0.7805990060576503,0.47894618527633653,0.2926727768089891,2.4951333866176677,0.5502967718731507,0.6498880648969265,441502.29344607913,3061799.999999999,87384.86839229577,19.11288756766692,,10500.0,5.0523883776313365,,False
1,3,3s_cbf_dc2_site1,group_3s_01,1,False,0.6127121513957471,0.6865612912684532,0.0391225856784778,0.030649246846846938,-3.4851471895985044,0.030662314781598705,0.07078628000972707,-2.648090082234582,0.0707919289454676,0.09983806870618712,-2.304205718436465,0.09984481843946631,0.14170697102399304,-1.9539939378428302,0.14170636842127599,0.43609287436814914,0.24074632977444543,2.4585624420448333,0.5796139291096883,0.4375555438730894,0.23377084227677591,2.2561816612649923,0.5407229416507915,0.4372387107138452,0.2301648135990638,2.181381203376988,0.5215658476906039,0.4340040591872736,0.22644480197770558,2.1182039960582992,0.5028029478997329,0.463294364091508,0.27290276972835653,2.4951333866176677,0.5502967718731507,0.6127121513957469,498566.0477364109,3061799.999999999,119785.53283036356,19.202012487734088,127.63527784087576,10500.0,4.162155779216379,6.646974004542855,False
2,3,3s_cbf_dc2_site2,group_3s_01,1,False,0.6127121513957471,0.6865612912684532,0.0349139581958305,0.020398800813455412,-3.8922791635139395,0.020398288678042394,0.04896221743882252,-3.0167063509780414,0.048962234054656266,0.06730327512374976,-2.6985463789724484,0.06730193735828598,0.09033468888013348,-2.4042337408299974,0.09032741253990961,0.45936227369235366,0.2449576970807332,2.4567498475252134,0.5793240205562515,0.4601257155819615,0.23658031205744565,2.247901692429079,0.5217697278015282,0.458247761114513,0.23376215501264466,2.1849037767741697,0.5039237639171521,0.45488281824965565,0.23152893011958295,2.1350446679566173,0.4907712994965012,0.463294364091508,0.27290276972835653,2.4951333866176677,0.5502967718731507,0.6127121513957469,498566.0477364109,3061799.999999999,119785.53283036356,19.202012487734088,127.63527784087576,10500.0,4.162155779216379,6.646974004542855,False
3,3,3s_cbf_dc2_site3,group_3s_02,2,False,0.6400873845963762,0.7080166853882643,0.0317283653833444,0.0204006265918662,-3.8921896633161124,0.02040024564823667,0.04872951064307504,-3.021470464387795,0.04872898155567605,0.06645046300478315,-2.71129852613033,0.06645034364124996,0.08859124333500355,-2.4237222599461776,0.08859001890419946,0.4582067717751043,0.23847472620328886,2.4470961734502357,0.5408967362589386,0.45577226166989193,0.23265174161504712,2.2579386100247074,0.5003383668799338,0.454327977924189,0.2312437314873712,2.1983853998013574,0.49075197773553975,0.4526577881879117,0.23012353717187048,2.147485492711487,0.4836723440257562,0.4776434956230496,0.2842191899275111,2.4951333866176677,0.5502967718731507,0.6400873845963758,448190.6057745356,3061799.999999999,97145.90913072394,18.6711503058721,176.9388576614979,10500.0,4.613581876838787,9.476591145316334,False
4,3,3s_cbf_dc2_site4,group_3s_00,0,False,0.6498880648969265,0.7199782679216568,0.026097668925284,0.030349522249110073,-3.494974502980755,0.030526170631988876,0.05599929017452476,-2.882416263782237,0.056211651176384964,0.0702421755761871,-2.6558063566698653,0.070473161074903,0.08754869281041223,-2.435560151139443,0.08777957876917587,0.2058695536459871,0.2663420663166431,3.2669044191144927,0.7028339814125399,0.20497368013050207,0.2839064805398968,3.136256522685286,0.792615766919537,0.2128300276080683,0.2912333483673293,3.062739156050405,0.8287534230820925,0.22554455473078616,0.2976342449240448,2.9751218888231685,0.8601426635230326,0.47894618527633653,0.2926727768089891,2.4951333866176677,0.5502967718731507,0.6498880648969265,441502.29344607913,3061799.999999999,87384.86839229577,19.11288756766692,,10500.0,5.0523883776313365,,False
5,3,3s_cbf_dc2_site5,group_3s_01,1,False,0.6127121513957471,0.6865612912684532,0.0346307479727325,0.019127831441589437,-3.956610860994309,0.019127740722325703,0.05201146569725249,-2.9562910905280457,0.05201134127661185,0.07493615172273635,-2.5911188383797974,0.07493298449012631,0.10485787386282024,-2.2551494280034454,0.10486732350124663,0.4670445730504783,0.23784269662342353,2.4410429304833547,0.5408937508708526,0.4391230435639318,0.23170650128564232,2.290459470298441,0.5112636901120121,0.42802269735557424,0.2298906509055161,2.2469251016220655,0.5061750956341445,0.4179113130207655,0.2283351079458793,2.2110131068979766,0.503580046480466,0.463294364091508,0.27290276972835653,2.4951333866176677,0.5502967718731507,0.6127121513957469,498566.0477364109,3061799.999999999,119785.53283036356,19.202012487734088,127.63527784087576,10500.0,4.162155779216379,6.646974004542855,False
6,3,3s_cbf_dc2_site6,group_3s_01,1,False,0.6127121513957471,0.6865612912684532,0.0384981232964605,0.030508239126558194,-3.489758496551751,0.030538289597570517,0.06776528511637278,-2.691705234094797,0.0677784064788285,0.09034343450657016,-2.404136931916117,0.09034972439680984,0.1181500586663066,-2.1357997788084497,0.11814430144720972,0.43537131160714415,0.2378225172022317,2.4451244031657686,0.5603150301749935,0.43140771529732586,0.23167869037524497,2.2608238692254408,0.5063436202136111,0.42718474889969327,0.23033607088681768,2.212498804975712,0.49516830035323733,0.4222710181539321,0.2294126549173692,2.1736581490160916,0.4880142418379648,0.463294364091508,0.27290276972835653,2.4951333866176677,0.5502967718731507,0.6127121513957469,498566.0477364109,3061799.999999999,119785.53283036356,19.202012487734088,127.63527784087576,10500.0,4.162155779216379,6.646974004542855,False
7,3,3s_cbf_dc2_site7,group_3s_03,3,False,0.5085479103832391,0.5813111984301537,0.0739126394193531,0.05056347459087577,-2.9845258093751292,0.0505880140496786,0.11076507831581103,-2.2003437320030046,0.11077571806370494,0.14419711175678798,-1.9365740837577607,0.1442022971672939,0.1838612656452789,-1.693573796825639,0.18386554921765993,0.3487336253610747,0.24097092176506052,2.5271698846524306,0.6460536930269488,0.31951250635282685,0.23537554624697832,2.388856540945883,0.5832950758293012,0.3083777853803226,0.23444413098462455,2.3548960974771096,0.5688999670020989,0.298121311631357,0.23386961171190368,2.3271735353123217,0.5590448893808271,0.4570592959017171,0.35300587257732,2.4951333866176677,0.5502967718731507,0.5085479103832392,847439.1842518272,3061799.999999999,226305.71937417545,22.588425053289328,106.57408642646745,10500.0,3.744665342949929,4.718083982174229,False
8,3,3s_cbf_dc2_site8,group_3s_00,0,False,0.6498880648969265,0.7199782679216568,0.0260976689252841,0.022258119860465157,-3.805048399394403,0.022354888182275552,0.0432765466086613,-3.1401444394790836,0.043360544010093593,0.0554887618740209,-2.8915747674897445,0.05556683332826995,0.06995368912252095,-2.6599218398400066,0.07001890632799007,0.38411714862920854,0.23973676195453328,2.7473238035295218,0.5922531163432281,0.39318038435608194,0.2392013379522333,2.5405796390729796,0.5750836596409189,0.39885856790217783,0.23904934509318196,2.4585964449299333,0.5675589825695129,0.4053926556612646,0.2387051337718579,2.3800669879170426,0.5587425266705469,0.47894618527633653,0.2926727768089891,2.4951333866176677,0.5502967718731507,0.6498880648969265,441502.29344607913,3061799.999999999,87384.86839229577,19.11288756766692,,10500.0,5.0523883776313365,,False
9,3,3s_cbf_dc2_site9,group_3s_04,4,False,0.5663932566132278,0.6391120585316887,0.0409579212031647,0.03731526719377093,-3.2883527279321023,0.037323965686928307,0.07893424737563963,-2.539140084779576,0.07893828533080166,0.10469101491879514,-2.256741982182676,0.10469825084886594,0.13572099273715535,-1.997154024495487,0.13573457197867408,0.40581563025805,0.249878589659052,2.472852307309208,0.6173130721166286,0.4205131220053679,0.2398555743451789,2.2189501468816752,0.5400998413141703,0.41970272773968,0.2363070650782656,2.153812211093851,0.5161141469363797,0.4155124899248023,0.2337632500921129,2.108401331540104,0.5005159692531702,0.464997360325228,0.28892408871383385,2.4951333866176677,0.5502967718731507,0.566393256613228,642187.832321419,3061799.999999999,125404.96313984985,21.177713574525164,90.1706093446724,10500.0,5.120912412415929,4.257806633721751,False
10,3,3s_cbf_dc2_site10,group_3s_03,3,False,0.5085479103832391,0.5813111984301537,0.0848468681087339,0.04976623200369547,-3.0004185971614192,0.04977432973511228,0.12309549680771124,-2.0947948280391517,0.12309643929999851,0.1655596043791009,-1.7984240016967479,0.1655519935798004,0.21115326750820082,-1.555171022902118,0.21113281527628364,0.4165569678928436,0.23583548458377745,2.2608592282585627,0.5158124452109436,0.39715583739907456,0.22797039684802206,2.102125216290678,0.4776117929479205,0.3850004356582704,0.22666329951370615,2.071556455945639,0.4734149922832871,0.3734130739783464,0.22591257812451684,2.051497770234549,0.4717739438697715,0.4570592959017171,0.35300587257732,2.4951333866176677,0.5502967718731507,0.5085479103832392,847439.1842518272,3061799.999999999,226305.71937417545,22.588425053289328,106.57408642646745,10500.0,3.744665342949929,4.718083982174229,False
11,3,3s_cbf_dc2_site11,group_3s_03,3,False,0.5085479103832391,0.5813111984301537,0.0764343387901755,0.05113560501451936,-2.9732742530835976,0.0511657097350246,0.09708979784629973,-2.3321189777291464,0.09711659463850233,0.1237942389756135,-2.089134454744849,0.12381548199461744,0.15613201423324555,-1.8570533845111852,0.15614241732472967,0.3414319008482264,0.24676546198078153,2.5097934122517214,0.5807335317651121,0.3387038421346468,0.24558657415908527,2.354411564424189,0.5653930415901542,0.3396287687278012,0.24468208993939686,2.2924119932477467,0.5572089310504856,0.34086040303563164,0.2432418696313707,2.233517242203664,0.5472071152893645,0.4570592959017171,0.35300587257732,2.4951333866176677,0.5502967718731507,0.5085479103832392,847439.1842518272,3061799.999999999,226305.71937417545,22.588425053289328,106.57408642646745,10500.0,3.744665342949929,4.718083982174229,False
12,3,3s_cbf_dc2_site12,group_3s_05,5,False,0.5992432815623905,0.6721571492816951,0.0419135318213399,0.050390070862849606,-2.987961130002673,0.05046762751649296,0.09667237633601328,-2.3364275808690627,0.09672462117356488,0.12368954069416936,-2.0899805569647993,0.12372892224304302,0.15589890377349133,-1.8585475345435685,0.1559319949312733,0.2984419266127218,0.24979041509410144,3.1825075291974083,0.9195496681004045,0.31823042611494895,0.24136816400309816,3.049663114361487,0.9691564885245859,0.3276920042251418,0.23704398287723186,2.9767519513980556,0.9776300887894539,0.33626815888193484,0.2328828216753504,2.8990557656194227,0.9794613220408541,0.45045483385822627,0.28000426807001483,2.4951333866176677,0.5502967718731507,0.5992432815623902,506513.8953032416,3061799.999999999,128330.8517305786,18.72867050375636,105.08315610415724,10500.0,3.94693784442911,5.610817707700128,False
13,3,3s_cbf_dc2_site13,group_3s_06,6,False,0.6003081586948159,0.6721571492816947,0.041105186191604,0.03945656420880661,-3.2325548524064116,0.03946176456631557,0.0792691518987847,-2.5349062310828923,0.0792715521521412,0.10335457412446222,-2.2695897352516208,0.10336029221055315,0.1335214491683298,-2.013493146119978,0.13353654657464897,0.349037258225503,0.26679256563830284,2.7324690006765993,0.7677868133349844,0.3734803830500368,0.2606563338713066,2.472825855118314,0.7270515950456856,0.3848215635052269,0.25570350152100496,2.3696673521166187,0.6943508558119648,0.3948782662210346,0.2498543680776029,2.2754349015533513,0.6560498648623668,0.449026646412962,0.27975701722870705,2.4951333866176677,0.5502967718731507,0.6003081586948157,506356.6671634297,3061799.999999999,125855.85908145308,18.784140455388737,105.44211297426804,10500.0,4.023306271627124,5.613358419283919,False
14,3,3s_cbf_dc2_site14,group_3s_07,7,False,0.5967998700590987,0.6672272790734812,0.0460070853151681,0.05225201494625629,-2.951676825316058,0.052283550621544286,0.09885186150427717,-2.31413289793658,0.09886849608980684,0.12552814921939012,-2.0752252489921674,0.1255359251041518,0.15741775152603962,-1.8488521696499847,0.15741159275471336,0.300830108827821,0.2611973380764377,2.849526438089862,0.7600403212062865,0.31055856752345645,0.2603124232027665,2.64448083925923,0.7435806926535606,0.3184477130011153,0.25758818932312927,2.5571973262812175,0.7249493196374585,0.32687764471177216,0.253603997387152,2.473310709242229,0.6995265728303898,0.44744008169653315,0.2802639484972765,2.4951333866176677,0.5502967718731507,0.5967998700590988,504870.829388488,3061799.999999999,140864.4938179819,18.37115720176813,104.68995444476036,10500.0,3.584088620947001,5.698604246589567,False
15,3,3s_cbf_dc2_site15,group_3s_08,8,False,0.566010277892289,0.6391120585316888,0.0399825504654694,0.040715106570798375,-3.2011560865840076,0.04072992770738706,0.0951895450410317,-2.351885164213151,0.09519074022833582,0.12886085379663492,-2.049022109524268,0.12885629277763638,0.17064904591503763,-1.7681461945326116,0.17064233367534903,0.4228524288555132,0.24168098396383209,2.352180982143263,0.5357245711708055,0.408244092722936,0.23698636808335563,2.2217427421490563,0.51527692594892,0.40235009440550573,0.23573844882506223,2.1821750337969257,0.5116329615998214,0.3960464706756215,0.23444775598169842,2.1495766607517606,0.5088374257611868,0.46070264409567563,0.28852274683762347,2.4951333866176677,0.5502967718731507,0.5660102778922889,642142.2863079375,3061799.999999999,122418.5730151744,21.13161885263433,90.07300915365752,10500.0,5.245464560580531,4.262475571881175,False
16,3,3s_cbf_dc2_site16,group_3s_01,1,False,0.6127121513957471,0.6865612912684532,0.0349462775473123,0.03520379547740442,-3.3466013761282722,0.03523652378989173,0.07112114361400244,-2.643370607843869,0.07116564588435444,0.09362164233565629,-2.3684937006913804,0.09365758749441136,0.12234881066365189,-2.1008792099118363,0.12236589945883031,0.3936660846613863,0.2600583102984353,2.564885760117812,0.6318189982394262,0.42103966955007766,0.25539171355467355,2.3341943693919056,0.6063797901592581,0.4337768560230857,0.25067904374918315,2.2397879648680634,0.5836408614773191,0.4444041615851452,0.2447993869843606,2.154318512504499,0.5560336614936499,0.463294364091508,0.27290276972835653,2.4951333866176677,0.5502967718731507,0.6127121513957469,498566.0477364109,3061799.999999999,119785.53283036356,19.202012487734088,127.63527784087576,10500.0,4.162155779216379,6.646974004542855,False
17,3,3s_cbf_dc2_site17,group_3s_09,9,False,0.4902015132335804,0.5584443698413003,0.0902780738888287,0.05954079655865066,-2.821093544937632,0.059583696580753465,0.12192916419916605,-2.104315024193024,0.12195869963690693,0.15798020589600809,-1.8452855329424465,0.1580076554707418,0.19928967940399336,-1.6129958373290574,0.19932600196139663,0.2869590087921566,0.24384729075627987,3.053044140431088,0.7483982301846245,0.2729392241286876,0.23962327469708386,3.0360835581271233,0.7977940596771731,0.26666297765121544,0.23843490896545985,3.023265414871106,0.8121645645519536,0.26085794030582454,0.23760551843903585,3.00593919697445,0.824212606936535,0.4415363321786916,0.3776611802360063,2.4951333866176677,0.5502967718731507,0.4902015132335804,851040.7679825816,3061799.999999999,276413.40663281584,21.23785168039298,90.22351349100724,10500.0,3.07886935858033,4.248241057936316,False
18,3,3s_cbf_dc2_site18,group_3s_03,3,False,0.5085479103832391,0.5813111984301537,0.082821067780361,0.061304620326117214,-2.7919000665129974,0.0613122505653577,0.11863281889990704,-2.131722111474715,0.11863576389470315,0.14976738109365337,-1.8986719813185169,0.14977155869890793,0.18630342720626675,-1.6803786053748981,0.18629788999748753,0.23639258659961,0.2602281584037829,3.356171834564674,0.9257314146540321,0.23931489130491246,0.2555677289958735,3.2901543404323714,0.9613243319643492,0.24433219972621972,0.25397431401118803,3.241372604463833,0.9768750173653094,0.2509268765913789,0.2521820440273135,3.1802977903248544,0.9922165698309535,0.4570592959017171,0.35300587257732,2.4951333866176677,0.5502967718731507,0.5085479103832392,847439.1842518272,3061799.999999999,226305.71937417545,22.588425053289328,106.57408642646745,10500.0,3.744665342949929,4.718083982174229,False
19,3,3s_cbf_dc2_site19,group_3s_00,0,False,0.6498880648969265,0.7199782679216568,0.0260976689252841,0.03966882001235054,-3.2271897899865065,0.03970887592776652,0.07436190410330867,-2.598811509903365,0.07440197592730827,0.09282105617024126,-2.3770817665413073,0.09285810595403221,0.11480106108209134,-2.164554552264026,0.11484144379236287,0.29282339234843374,0.23915636226982567,2.9731126909521355,0.658840434956202,0.29452132083842464,0.24059724631496568,2.8585780599620705,0.6759685579831151,0.29888344990201204,0.24188985754071982,2.8081554526215857,0.6850231229780112,0.3054439710354035,0.2432895090133375,2.7529236523711513,0.6948984139777582,0.47894618527633653,0.2926727768089891,2.4951333866176677,0.5502967718731507,0.6498880648969265,441502.29344607913,3061799.999999999,87384.86839229577,19.11288756766692,,10500.0,5.0523883776313365,,False
20,3,3s_cbf_dc2_site20,group_3s_04,4,False,0.5663932566132278,0.6391120585316887,0.0406497269451512,0.044119073640780944,-3.120863081173088,0.044167191869072274,0.09328865135435672,-2.372056814600453,0.09330643042105144,0.12176367397761924,-2.1056732113947865,0.12177579359909992,0.15525926510292234,-1.8626588813474916,0.1552715398687712,0.3626864841426197,0.2479322592457106,2.607058435277109,0.6698173396594335,0.35012854992591347,0.242015309516879,2.4575971520349853,0.6202916963553604,0.3448504061237066,0.24107656004242867,2.4117705529024027,0.6079591997107299,0.3403156795751584,0.24058257271637773,2.3709356058748816,0.5996779792674415,0.464997360325228,0.28892408871383385,2.4951333866176677,0.5502967718731507,0.566393256613228,642187.832321419,3061799.999999999,125404.96313984985,21.177713574525164,90.1706093446724,10500.0,5.120912412415929,4.257806633721751,False
21,3,3s_cbf_dc2_site21,group_3s_09,9,False,0.4902015132335804,0.5584443698413003,0.0958805634454682,0.05448477811577462,-2.909833916952612,0.05448860364325748,0.12479112495832656,-2.0811139396915115,0.1247950352249215,0.17823756177954828,-1.7246380017603218,0.1782378012692305,0.25584839098444906,-1.3631702326527109,0.25582003199348496,0.36389598972702814,0.23883894261760116,2.3964671978060323,0.5382417153758216,0.34573025116061445,0.23203707772915713,2.2424912300657005,0.5102755401280674,0.33276328385174175,0.228335048572249,2.201106882616945,0.502047371774413,0.3141900268144179,0.22516599457196945,2.179211255570629,0.49802358457907764,0.4415363321786916,0.3776611802360063,2.4951333866176677,0.5502967718731507,0.4902015132335804,851040.7679825816,3061799.999999999,276413.40663281584,21.23785168039298,90.22351349100724,10500.0,3.07886935858033,4.248241057936316,False
22,3,3s_cbf_dc2_site22,group_3s_04,4,False,0.5663932566132278,0.6391120585316887,0.0408779798752166,0.06428903868214113,-2.744366133776841,0.06512018639882548,0.11551675075144058,-2.158339731384854,0.11718942097846671,0.14054174668379169,-1.9622507049205362,0.14291969281324107,0.1701342863718548,-1.7711672339199087,0.17296265536917385,0.4092952717047659,0.17896567127560364,4.105984236261276,0.4999216153641271,0.4096393053618814,0.17803250933242115,4.037064187619391,0.48483175293561603,0.4099790441294158,0.17785369182541916,4.009720412974115,0.48168356930233835,0.4103661813844196,0.17772395804585667,3.98234048964366,0.47930972417064716,0.464997360325228,0.28892408871383385,2.4951333866176677,0.5502967718731507,0.566393256613228,642187.832321419,3061799.999999999,125404.96313984985,21.177713574525164,90.1706093446724,10500.0,5.120912412415929,4.257806633721751,False
23,3,3s_cbf_dc2_site23,group_3s_01,1,False,0.6127121513957471,0.6865612912684532,0.0356020968258607,0.06997432410084926,-2.65962690277912,0.06997214650841514,0.12450259885481048,-2.0834286889594136,0.12450119721625721,0.15249764925265652,-1.8806060977901575,0.15249581980793944,0.18372531306217033,-1.6943135005971186,0.18372485891022616,0.19876844165294397,0.23729213308347535,3.174518757098573,0.6059002392031638,0.1797872388714122,0.24084714097111676,3.1459008909922708,0.6378183826744744,0.17493883320077738,0.2430586193388344,3.1306806746810096,0.6546913084670346,0.17177338243059576,0.24562488729445806,3.11249991443386,0.6734089767664287,0.463294364091508,0.27290276972835653,2.4951333866176677,0.5502967718731507,0.6127121513957469,498566.0477364109,3061799.999999999,119785.53283036356,19.202012487734088,127.63527784087576,10500.0,4.162155779216379,6.646974004542855,False
24,3,3s_cbf_dc2_site24,group_3s_03,3,False,0.5085479103832391,0.5813111984301537,0.0846862341254467,0.048325338854778625,-3.029799241914838,0.04834349283205801,0.09627648127516969,-2.340531213523964,0.09629880414498311,0.12340813568259086,-2.092258240327604,0.12343373648783544,0.15489327086928356,-1.8650189742764436,0.154928510327666,0.32040986835685537,0.2513836836878627,3.1750402491808587,0.7753805612320691,0.3141571656213169,0.24854539512726043,3.125670337392905,0.8096097170371447,0.3135549380777364,0.2475706436176713,3.0915306574124672,0.8216634292327384,0.31419493699040624,0.24647418153514272,3.0499370393760086,0.8326943469058146,0.4570592959017171,0.35300587257732,2.4951333866176677,0.5502967718731507,0.5085479103832392,847439.1842518272,3061799.999999999,226305.71937417545,22.588425053289328,106.57408642646745,10500.0,3.744665342949929,4.718083982174229,False
25,3,3s_cbf_dc2_site25,group_3s_00,0,False,0.6498880648969265,0.7199782679216568,0.0293101457558889,0.029675792812884606,-3.517423622318109,0.02967337661441188,0.060984206664218284,-2.797140355475029,0.06098325118954311,0.07947737631770524,-2.5322828724409514,0.07947691690564573,0.1013850656532079,-2.2888294801985927,0.10139374778979354,0.3804809574544761,0.24292917064611388,2.7058183313821136,0.6420356045655217,0.375890282295589,0.24340851474114333,2.5162796575714053,0.6249088781021226,0.37809282538043176,0.24350328542426064,2.440746504717998,0.6176707260624089,0.3821750460588142,0.2432181336496895,2.367751438807305,0.6087982538794264,0.47894618527633653,0.2926727768089891,2.4951333866176677,0.5502967718731507,0.6498880648969265,441502.29344607913,3061799.999999999,87384.86839229577,19.11288756766692,,10500.0,5.0523883776313365,,False
26,3,3s_cbf_dc2_site26,group_3s_00,0,False,0.6498880648969265,0.7199782679216568,0.0262832406679841,0.022337495162800924,-3.8014886150472162,0.02233688765396187,0.052045668194349685,-2.955633711316265,0.052045454201970515,0.06948084553087222,-2.6667041682694594,0.06947845061835717,0.09064798366334603,-2.4007715851246756,0.09064405095511868,0.431053438054706,0.23349368743719057,2.5412707730027373,0.5417026010863322,0.409917950031747,0.23279130015298286,2.3921523279780708,0.5242997560128784,0.40435808799775513,0.23334861389292663,2.3445421418656682,0.5247444781481421,0.4007770459086096,0.2341157771365218,2.299894641777599,0.5270990536098217,0.47894618527633653,0.2926727768089891,2.4951333866176677,0.5502967718731507,0.6498880648969265,441502.29344607913,3061799.999999999,87384.86839229577,19.11288756766692,,10500.0,5.0523883776313365,,False
27,3,3s_cbf_dc2_site27,group_3s_00,0,False,0.6498880648969265,0.7199782679216568,0.0262788423870807,0.03920932237243937,-3.2388407448359198,0.03963616157920038,0.06804832063939269,-2.6875372285228627,0.06907072722920148,0.08354357058263874,-2.4823869798324782,0.08481221850722748,0.10061831537237514,-2.296420976532038,0.10232654249423169,0.41285286307970326,0.1979424152877105,3.892462929277931,0.7992562623329378,0.4119080226571678,0.20027593199367388,3.775407361787806,0.8445806559225215,0.4108526022078661,0.20213210278246063,3.707952690324665,0.8706462468401939,0.40936779651008715,0.20437445410042201,3.6321891088394787,0.8984737185469076,0.47894618527633653,0.2926727768089891,2.4951333866176677,0.5502967718731507,0.6498880648969265,441502.29344607913,3061799.999999999,87384.86839229577,19.11288756766692,,10500.0,5.0523883776313365,,False
28,3,3s_cbf_dc2_site28,group_3s_06,6,False,0.6003081586948159,0.6721571492816952,0.0448001957988619,0.05980020955610722,-2.8167461137489616,0.06008095050789183,0.10463124837843547,-2.257313030298078,0.10524935271283649,0.1274320265629259,-2.060172181541976,0.12814341999352802,0.15310698696753677,-1.87661834073319,0.15403356507088686,0.42117498821153704,0.17743372283715506,4.017150982838669,0.6471924947886163,0.41967542333249264,0.17865344808598307,3.9386814343571634,0.6553010139128339,0.4190640824520344,0.17953207128253604,3.902785884613841,0.6640117498836463,0.41830687485159135,0.1806132577465751,3.865245830972559,0.6755980212424317,0.449026646412962,0.27975701722870705,2.4951333866176677,0.5502967718731507,0.6003081586948157,506356.6671634297,3061799.999999999,125855.85908145308,18.784140455388737,105.44211297426804,10500.0,4.023306271627124,5.613358419283919,False
29,3,3s_cbf_dc2_site29,group_3s_00,0,False,0.6498880648969265,0.7199782679216568,0.026097668925284,0.018317698890361597,-3.9998875340466102,0.018373581771289373,0.048483407876522014,-3.0265336452089047,0.0485075970987601,0.07145133002787747,-2.638738759973671,0.07146088433830675,0.10433143707855377,-2.2601825522411985,0.10433121548584821,0.38654561694043577,0.24607297523912283,2.820771125707478,0.6815229896331928,0.3800525359234304,0.24014215968777933,2.524321927334202,0.621659653539194,0.38310037996147644,0.2354894414942426,2.40596305736869,0.5832419369430076,0.38552781181554013,0.2303537004035761,2.3080497686173644,0.5458910760073806,0.47894618527633653,0.2926727768089891,2.4951333866176677,0.5502967718731507,0.6498880648969265,441502.29344607913,3061799.999999999,87384.86839229577,19.11288756766692,,10500.0,5.0523883776313365,,False
30,3,3s_cbf_dc2_site30,group_3s_10,10,False,0.44754367948836987,0.5157565279068438,0.1573036456030802,0.08299038302588306,-2.4890305450566923,0.08299473898332076,0.2621690744076976,-1.338765661185069,0.26216721378586216,0.35427300628387914,-1.037687458881762,0.3542822153300551,0.4518176795561821,-0.7944765443367282,0.4518488436749783,0.4068215894309398,0.2279925131428101,2.1014069818532493,0.48229659082972126,0.34838757894802647,0.2242442112005239,1.9909079171931618,0.46514654977185843,0.329999591391127,0.22380858526256558,1.971615566261782,0.46455395318121867,0.314707576446919,0.22350547478731309,1.9571240309615048,0.46437827412857025,0.4025655156863132,0.3899931083146186,2.4951333866176677,0.5502967718731507,0.4475436794883699,1234669.1072483542,3061799.999999999,481632.30210751103,25.7381359786211,87.14040798763682,10500.0,2.5635097601338805,3.385653415617136,False
31,3,3s_cbf_dc2_site31,group_3s_11,11,False,0.33303753176204653,0.4017607021248531,0.4030727307993614,0.13603109384419737,-1.9948717881708828,0.1360256753142434,0.27299785773506946,-1.298291330952254,0.2729976497557827,0.35083971018983817,-1.0474258259458196,0.3508477591386459,0.4378183880695766,-0.8259510937028123,0.43784567089925575,0.22834955175553334,0.23443474989160706,3.046540818559218,0.6802291278525948,0.19549954644855777,0.2293732858809929,3.0971519076869227,0.6291032429951907,0.18282106576638146,0.22782562414877178,3.109889894205002,0.608949700741169,0.1710964740166127,0.22658373641961943,3.11855612801266,0.5914768019290878,0.27996179583795894,0.24411898017595915,2.4951333866176677,0.5502967718731507,0.3330375317620467,2745165.5507443524,3061799.999999999,1234128.0871614844,31.772467603010284,87.43730070318314,10500.0,2.224376528904937,2.751983314475042,False
32,3,3s_cbf_dc2_site32,group_3s_12,12,False,0.4674420035349928,0.5373858507719224,0.1235063345477543,0.05891953974029127,-2.831582499022236,0.05892177969917691,0.15344302915467287,-1.8744259264186132,0.15344508169761212,0.2182092067912464,-1.5223010121962972,0.21822387786809216,0.2929285933187089,-1.2278264084767547,0.29292899097335456,0.40446446866891494,0.23888939074542542,2.2396783811764687,0.5345998617448587,0.3944731728515413,0.23107962011663774,2.0300377569402577,0.4814855180425626,0.38224576696317475,0.22934355496447684,1.9833470145103205,0.47176486798111644,0.3688521991059784,0.22841487044083691,1.9537039743137221,0.467349273987053,0.4365715192022063,0.395999771860867,2.4951333866176677,0.5502967718731507,0.4674420035349929,1029822.6657933644,3061799.999999999,378151.69511831424,23.2056260967974,88.26879290109761,10500.0,2.723305697389929,3.803766919836719,False
33,3,3s_cbf_dc2_site33,group_3s_12,12,False,0.4674420035349928,0.5373858507719224,0.1202160450891463,0.07467373379197577,-2.5946268712744653,0.07467619016179858,0.15615439526384323,-1.856910047946062,0.15615092584062043,0.20015717944309822,-1.6086523238741222,0.20015706274632042,0.25173739347281965,-1.3793688242169528,0.2517471523568613,0.3302235625154863,0.2536319101304014,2.420262384637364,0.6244997703230386,0.31270708715401063,0.2393246464958958,2.2786057105141593,0.5464418563813522,0.3023290520667682,0.23707584117104524,2.2509480507266484,0.5339669657951625,0.2916058751018432,0.2359246537755459,2.23107650483064,0.5280520050608611,0.4365715192022063,0.395999771860867,2.4951333866176677,0.5502967718731507,0.4674420035349929,1029822.6657933644,3061799.999999999,378151.69511831424,23.2056260967974,88.26879290109761,10500.0,2.723305697389929,3.803766919836719,False
34,3,3s_cbf_dc2_site34,group_3s_11,11,False,0.33303753176204653,0.4017607021248531,0.3881730654803285,0.15074435825891236,-1.8921698685599826,0.15074832002558833,0.2796854429014115,-1.2740897255293773,0.27968910927911345,0.3509683166940032,-1.047059325419527,0.3509690975859472,0.4306575398796811,-0.8424420757621007,0.4306331447541883,0.275299225902571,0.23142177427456645,2.5767400937046063,0.6823097414183699,0.2255913658845784,0.23000439336528317,2.6997045222463205,0.7044558788556842,0.20681466030172307,0.22949163691250313,2.751388154344621,0.7038688914064348,0.19022975854247082,0.22902532666920467,2.7939178570156433,0.699495389041265,0.27996179583795894,0.24411898017595915,2.4951333866176677,0.5502967718731507,0.3330375317620467,2745165.5507443524,3061799.999999999,1234128.0871614844,31.772467603010284,87.43730070318314,10500.0,2.224376528904937,2.751983314475042,False
35,3,3s_cbf_dc2_site35,group_3s_13,13,False,0.464043935976909,0.5333083914301358,0.1289341422429275,0.06859076993798745,-2.6795973023117567,0.06861088186373838,0.18108809590679487,-1.7087716484078612,0.18109444426291058,0.24813252124407492,-1.3937923156814014,0.24814059361275956,0.3229813502782274,-1.1301606965031405,0.32295601778135585,0.35323997870594276,0.23711125524854787,2.3863941956854005,0.6021037301692133,0.312658031988642,0.22778067804548935,2.228301111104043,0.5219782954544082,0.2966842881308618,0.22626000018425163,2.195862661402132,0.5111289786955906,0.28247094655524,0.22540931246301849,2.173711738560982,0.5065267092976925,0.4324024160875503,0.39914630896460296,2.4951333866176677,0.5502967718731507,0.4640439359769089,1040812.9667261612,3061799.999999999,394770.5567193954,23.148218323901418,87.98208939459978,10500.0,2.6365009978846405,3.800814739325096,False
36,3,3s_cbf_dc2_site36,group_3s_12,12,False,0.4674420035349928,0.5373858507719224,0.1243767504062939,0.06151543618608983,-2.7884671407678443,0.06151882720206882,0.20441777127295993,-1.5875894808264848,0.20442171645403368,0.2847330433410758,-1.2562032277130464,0.2847423800220127,0.3745682872679426,-0.9819811501427171,0.37458940912102445,0.4071255315244844,0.23224642825454356,2.1890638033614676,0.4901627496050902,0.35246841993587374,0.22711464961377018,2.0492562085970056,0.46843814570682846,0.3329843884139418,0.22659158234429996,2.0258280502705404,0.46807088022793336,0.3159676506555432,0.22623766311710033,2.0087385376287665,0.4681180091757235,0.4365715192022063,0.395999771860867,2.4951333866176677,0.5502967718731507,0.4674420035349929,1029822.6657933644,3061799.999999999,378151.69511831424,23.2056260967974,88.26879290109761,10500.0,2.723305697389929,3.803766919836719,False
37,3,3s_cbf_dc2_site37,group_3s_14,14,False,0.4475310492838663,0.5157565279068438,0.1594897198887691,0.06728355773727372,-2.698839385148431,0.06728250918423687,0.1779387635499155,-1.7263158128807028,0.17794013831751396,0.24742740532210278,-1.3966380518276078,0.24742917442079373,0.32706825141357376,-1.1175864099446697,0.327055819988558,0.396970456766075,0.23455658016927664,2.1835429125782366,0.5065525065281831,0.3554828667928106,0.22662810232866823,2.050869954856479,0.47336231280238217,0.33563644274323157,0.2252542506081363,2.028138483410479,0.47076153712493357,0.3175368424508455,0.22442079826338726,2.0134573254074684,0.47006537678424215,0.40255008795668973,0.38998199507774517,2.4951333866176677,0.5502967718731507,0.4475310492838664,1243743.4331513376,3061799.999999999,488325.6243554333,25.926298165823034,87.06638070731141,10500.0,2.546955087177782,3.3582264675982705,False
38,3,3s_cbf_dc2_site38,group_3s_15,15,False,0.3108782412674171,0.3785911594959947,0.471482875,0.16058681100003946,-1.828920604129203,0.16059016486660627,0.3360079108001737,-1.0906205752479534,0.33601707470138753,0.4317097562713422,-0.840001777020428,0.43171079722394856,0.5436440685568457,-0.6094605320056127,0.5436524580180058,0.20001647930683794,0.2325902804758488,3.0995261837322188,0.6423708104326779,0.16330826497330503,0.2254016690762679,3.147758617033619,0.5615358085591895,0.14930340792519714,0.22350294998226633,3.156664433011572,0.5370613033655934,0.13568558095684635,0.22201996155865206,3.1617846517531545,0.5172290579659291,0.23476592509477656,0.23224876171625417,2.4951333866176677,0.5502967718731507,0.3108782412674171,3328853.5637711617,3061799.999999999,1443586.2666749996,33.52497632217608,86.45876782176374,10500.0,2.305960953368227,2.578935984648945,False
39,3,3s_cbf_dc2_site39,group_3s_13,13,False,0.464043935976909,0.5333083914301358,0.1304671248719981,0.05713755547517858,-2.862293664418098,0.05713980788363032,0.1302342603848446,-2.0384204472256817,0.1302344993615716,0.17740601562301697,-1.729314299743498,0.17740493625773524,0.23767474768025323,-1.4368521463542963,0.23765992246840076,0.38680167203582777,0.23544013058918586,2.2841434284485107,0.5103738926934377,0.35686288256251897,0.23060914770040633,2.152511348015482,0.48558255443313697,0.342877826656032,0.2289763676528717,2.114931746897439,0.48098444391185313,0.32827693415428555,0.22754098069733145,2.084355252062334,0.47818959481389234,0.4324024160875503,0.39914630896460296,2.4951333866176677,0.5502967718731507,0.4640439359769089,1040812.9667261612,3061799.999999999,394770.5567193954,23.148218323901418,87.98208939459978,10500.0,2.6365009978846405,3.800814739325096,False
40,3,3s_cbf_dc2_site40,group_3s_16,16,False,0.4479620807046249,0.5157565279068439,0.1481958589586131,0.05962279410763144,-2.819717326556429,0.05962734955175884,0.16384484113032888,-1.8088353896529201,0.16385146856431052,0.23519047698987966,-1.4473595527659733,0.23517408833785886,0.3148724738060097,-1.1555875671886768,0.31485920157784314,0.40161301427713253,0.2355512688400692,2.2169079435608015,0.5099258874619481,0.37760687244809804,0.22793183359236133,2.0271569729093395,0.47206366957943596,0.36135448626939987,0.22645848414712952,1.9872389130813517,0.46680741040333795,0.34604584073099826,0.22567310528372805,1.9616434114326313,0.4646669450216265,0.403025956721118,0.39035989671328164,2.4951333866176677,0.5502967718731507,0.4479620807046249,1253240.870032623,3061799.999999999,453746.08095948165,26.19385225312783,86.53065676835769,10500.0,2.7619872052284107,3.3034719724367765,False
41,3,3s_cbf_dc2_site41,group_3s_17,17,False,0.38947807654336675,0.4527707957683927,0.2555122554357519,0.11407047651273951,-2.1709388065797968,0.11407758027918659,0.2632568499998699,-1.3346251074143962,0.26325887620061944,0.35035827735371466,-1.0487989984885968,0.3503725361034721,0.44731567755055035,-0.8044907198605419,0.44732385982892725,0.3028412929048674,0.2291920431711774,2.619487148847168,0.6783989819544823,0.27317376647241387,0.22468339122463846,2.4833931361480013,0.6673465057308424,0.26050115456300005,0.22347910505830473,2.437264779520188,0.656452239679547,0.24853333390874816,0.22261923543370535,2.400611287412045,0.6452931205644094,0.3417424586182602,0.2974700583954617,2.4951333866176677,0.5502967718731507,0.3894780765433667,1797831.1207621528,3061799.999999999,782327.4236931851,28.38287248438212,87.18881503109856,10500.0,2.298054582153099,3.071881293166322,False
42,3,3s_cbf_dc2_site42,group_3s_18,18,False,0.40781509604886323,0.4739201381459859,0.2092025559999718,0.10603393874935865,-2.2439960592350072,0.10605492592385737,0.23857328004002076,-1.4330787620099696,0.23858221804109936,0.3091540680065215,-1.1739155243821948,0.30916507278332084,0.390010886116378,-0.9415806271290907,0.38999346600528184,0.29548139242974336,0.22773155480561488,2.8519359875165957,0.6850704185179344,0.255291790045959,0.22210149908213803,2.860230787718587,0.6795058232951561,0.2411435205250939,0.22081618820332355,2.8707297963871077,0.6736453383772543,0.22823370592326941,0.21982637991271253,2.883208986459971,0.6667035001816467,0.3648036419013097,0.33500658817724566,2.4951333866176677,0.5502967718731507,0.4078150960488634,1518013.2132493642,3061799.999999999,640536.3859607135,25.976820168731308,88.59599309013424,10500.0,2.369909417358953,3.410578835849146,False
43,3,3s_cbf_dc2_site43,group_3s_11,11,False,0.33303753176204653,0.4017607021248531,0.4019936099917753,0.09351177586900701,-2.3696679054948473,0.09351821405402823,0.1987642783687517,-1.6156356871790607,0.19876880627196178,0.26373313952786875,-1.3328175221958993,0.2637419081519278,0.3436737086835197,-1.0680625930085372,0.3436901204586436,0.3658191092572974,0.23745108811575077,2.1949277576299715,0.5323057010190075,0.336565402916757,0.23075477988967638,2.089011978519356,0.4982262461063403,0.3216708765696632,0.22863342023351416,2.0642354389359436,0.4908448259234222,0.3058626216299266,0.22686052360275252,2.0477389040533405,0.48620001518320166,0.27996179583795894,0.24411898017595915,2.4951333866176677,0.5502967718731507,0.3330375317620467,2745165.5507443524,3061799.999999999,1234128.0871614844,31.772467603010284,87.43730070318314,10500.0,2.224376528904937,2.751983314475042,False
44,3,3s_cbf_dc2_site44,group_3s_19,19,False,0.36369111991678976,0.429021688299692,0.3465937145156265,0.09776904958250662,-2.325147218463973,0.09776907688634145,0.18556430545371927,-1.68435379687952,0.18556351535663482,0.23582084784782661,-1.444682881522345,0.2358175651648465,0.2916453394987068,-1.232216805684875,0.2916481487664341,0.3280138057895834,0.24411685229847507,2.3748151344491126,0.6494844547695784,0.3139239805529456,0.23617288544729553,2.2416941765340996,0.614841103915211,0.3061348740232831,0.23346008072549282,2.1986396359094673,0.5990217775602878,0.29792399832776206,0.23123704135037632,2.164016534481523,0.5845657573599251,0.3027187600306573,0.31497765485819273,2.4951333866176677,0.5502967718731507,0.3636911199167899,2148700.457145841,3061799.999999999,1061200.635103945,29.352421201721747,80.18475669179035,10500.0,2.024782483225121,2.7317936105075686,False
45,3,3s_cbf_dc2_site45,group_3s_20,20,False,0.3800011464559284,0.4458620076629215,0.2893456869427213,0.0677074409853979,-2.6925591939456774,0.0677078911535947,0.2058710546173037,-1.5805052546397735,0.20587150381446795,0.2884891930508762,-1.243097652831342,0.28848281022203415,0.3807132039419881,-0.9657089328697162,0.380721224589446,0.40204039352877063,0.2357840755319944,2.184337142538308,0.5112959687122512,0.36330387900724664,0.2266175384941402,2.014717640014207,0.4730702950454784,0.34389137022483246,0.2254316769987825,1.98648712541168,0.4697797433403009,0.32667846291133135,0.22473302216374785,1.9669503741249292,0.46856292607797007,0.32421688243684393,0.30811491262603397,2.4951333866176677,0.5502967718731507,0.3800011464559286,1800376.832727295,3061799.999999999,885918.6242812237,26.85588374203163,88.95086951153785,10500.0,2.0322146790716844,3.3121557408413467,False
46,3,3s_cbf_dc2_site46,group_3s_19,19,False,0.36369111991678976,0.429021688299692,0.3503125164088124,0.10783409000865123,-2.2271614366521377,0.10783593307497698,0.27443087653824483,-1.293055865633315,0.2744255904615381,0.3716288956726471,-0.9898595149131764,0.3716085444066766,0.48463863931884815,-0.7243517393193002,0.48458346228224874,0.3759552581116713,0.22928349467180162,2.1760024312734343,0.5020723208884429,0.3326136895458986,0.2234675698568553,2.0797222752938542,0.4853266594273929,0.3131813429094583,0.2223273628881731,2.0670834197135646,0.48420957340939674,0.2948983899869667,0.22155693369628776,2.0613584199423287,0.48436688045323545,0.3027187600306573,0.31497765485819273,2.4951333866176677,0.5502967718731507,0.3636911199167899,2148700.457145841,3061799.999999999,1061200.635103945,29.352421201721747,80.18475669179035,10500.0,2.024782483225121,2.7317936105075686,False
47,3,3s_cbf_dc2_site47,group_3s_21,21,False,0.37935174554307666,0.4458620076629214,0.270096772935828,0.10486497516433967,-2.255081707184707,0.10486637217563531,0.2352439773447146,-1.4471321019295278,0.23525231321831971,0.30934583929533904,-1.1732954069247823,0.309356206884027,0.3963266633513502,-0.9255165003239118,0.3963428602374122,0.31465861202746975,0.2343934892650372,2.530080120830622,0.6863914563643672,0.2941386549027744,0.22995416421309217,2.347279065022874,0.6557811317920396,0.28569361914586205,0.22838548913779183,2.28556666894547,0.6381325542986303,0.2767973696926445,0.2269577239745564,2.2334849676826267,0.6199791535461278,0.3245231639618673,0.30887495419514693,2.4951333866176677,0.5502967718731507,0.3793517455430767,1799389.0753186375,3061799.999999999,826982.2993749179,26.759547428786785,88.9811918742762,10500.0,2.175849563743652,3.3252128837782218,False
48,3,3s_cbf_dc2_site48,group_3s_22,22,False,0.329108178747993,0.396736681611855,0.4454972722222222,0.11301412660056942,-2.1802424539190848,0.11301899474192488,0.20106980713767164,-1.6041031320250698,0.2010815216542788,0.24901431266997404,-1.3902449035670705,0.24903443446209725,0.302146523721072,-1.1968432013836567,0.3021771950317571,0.28099635852984955,0.24949906366106878,2.677239946986068,0.8369226160371019,0.2562411016011334,0.24642716504913809,2.65850058472559,0.8620377142052416,0.246802967460464,0.2454262071709006,2.64994674414434,0.867952901370235,0.23819353781368738,0.24450715771553805,2.6411165023863044,0.8715918169835543,0.2686753987366626,0.23787310228995187,2.4951333866176677,0.5502967718731507,0.329108178747993,2777450.531373315,3061799.999999999,1364023.5480899997,31.012800946445847,65.04661085284349,10500.0,2.0362189019848627,2.097411677364086,False
49,3,3s_cbf_dc2_site49,group_3s_19,19,False,0.36369111991678976,0.429021688299692,0.3440649897276621,0.1094956007813455,-2.2118709060454655,0.10950624701659228,0.2160623398385622,-1.5321883025742176,0.21607940444826507,0.27127329173009207,-1.304628509684553,0.27129351368796706,0.335378727755447,-1.0924948551122942,0.3354105739606693,0.32458206904402503,0.25612781450281275,2.4219274486859703,0.772727627196292,0.31207196224453765,0.24057968852858513,2.2634525528784057,0.6878161081370123,0.3039029152042958,0.2364834536020985,2.2246463279092237,0.6606209236634125,0.2947732769513923,0.2332165202212705,2.1946960625395535,0.6374363137819598,0.3027187600306573,0.31497765485819273,2.4951333866176677,0.5502967718731507,0.3636911199167899,2148700.457145841,3061799.999999999,1061200.635103945,29.352421201721747,80.18475669179035,10500.0,2.024782483225121,2.7317936105075686,False
50,3,3s_cbf_dc2_site50,group_3s_12,12,False,0.4674420035349928,0.5373858507719224,0.121915886705782,0.06883406743331245,-2.676056490415291,0.06889944412468463,0.13982416755033636,-1.9673695918031222,0.13990053821353057,0.18127689607524441,-1.7077296041170977,0.18135541049428894,0.23049750088605178,-1.4675152587471527,0.2305968988927503,0.318237192501033,0.2453717925306601,2.692398301490693,0.7418438356998208,0.3098589687782388,0.24004381245533,2.5504171368088437,0.7638004605964039,0.30442122000484717,0.23739834744144386,2.499693715784881,0.7622800639819864,0.2974345383077548,0.2349539241632135,2.4568822645248987,0.7572436320854806,0.4365715192022063,0.395999771860867,2.4951333866176677,0.5502967718731507,0.4674420035349929,1029822.6657933644,3061799.999999999,378151.69511831424,23.2056260967974,88.26879290109761,10500.0,2.723305697389929,3.803766919836719,False
51,3,3s_cbf_dc2_site51,group_3s_22,22,False,0.329108178747993,0.3967366816118549,0.428613111111111,0.11110401498428144,-2.1972884445171514,0.1111055355401366,0.2227740630707157,-1.5015971912122483,0.22277156320803132,0.28217925669718374,-1.2652127479448156,0.28218374027333376,0.351979698585505,-1.0441817795202735,0.35199375208851114,0.35108740395020555,0.2338628762541868,2.1931952083628956,0.5187844610797592,0.31444696229222324,0.22964659063591633,2.123153016833807,0.4993630326128849,0.2992787915932457,0.22878182268409353,2.1099245093208507,0.4975737758473163,0.2843155859290463,0.22812466021748778,2.1005576311353527,0.4971470073724516,0.2686753987366626,0.23787310228995187,2.4951333866176677,0.5502967718731507,0.329108178747993,2777450.531373315,3061799.999999999,1364023.5480899997,31.012800946445847,65.04661085284349,10500.0,2.0362189019848627,2.097411677364086,False
52,3,3s_cbf_dc2_site52,group_3s_20,20,False,0.3800011464559284,0.4458620076629215,0.2868592250557802,0.17867718023173637,-1.7221745637301051,0.17867897599534638,0.3127651391714562,-1.1623027241833181,0.31276894877930206,0.38024256196774237,-0.9669459089341376,0.3802430340159422,0.45631983637149415,-0.7845613197791306,0.4563128975615489,0.2166448333920729,0.22922922870712736,3.774233189175645,0.500165203281792,0.2119183143794453,0.2290249023070508,3.708117908447401,0.48499428720168386,0.21047217377273142,0.2289754372056686,3.68178028513481,0.48114338064160944,0.20917447001464434,0.22893587587244296,3.656465801817807,0.477972879456437,0.32421688243684393,0.30811491262603397,2.4951333866176677,0.5502967718731507,0.3800011464559286,1800376.832727295,3061799.999999999,885918.6242812237,26.85588374203163,88.95086951153785,10500.0,2.0322146790716844,3.3121557408413467,False
53,3,3s_cbf_dc2_site53,group_3s_23,23,False,0.3330856779853072,0.4017607021248529,0.3830448843123597,0.12455554552109928,-2.083003513808293,0.12455257455204927,0.23926674182909402,-1.4301762748001465,0.23926967507329083,0.307151676806703,-1.1804135921434005,0.3071651691454912,0.3911069387895041,-0.938774255650861,0.39111703405338555,0.2878039483744516,0.23670111740179345,2.5336837204300853,0.6618581047930858,0.27280093269367645,0.23323112405351712,2.394247403123545,0.6429223476005578,0.26783413785758364,0.2308634937741358,2.33225799116572,0.6212268257261185,0.26168907083954096,0.22821158819833157,2.2765690380987462,0.5944037960215673,0.2800369816095482,0.24419243727100232,2.4951333866176677,0.5502967718731507,0.3330856779853072,2745438.97005952,3061799.999999999,1172806.8267875826,31.785239561588245,87.4241508319553,10500.0,2.340913189923621,2.750463801367898,False
54,3,3s_cbf_dc2_site54,group_3s_17,17,False,0.38947807654336675,0.4527707957683927,0.2571982679377878,0.11476803970816402,-2.1648422336117457,0.11476814908370706,0.21290100610349788,-1.5469279813846262,0.2128981834694954,0.26539930502848463,-1.326519775668903,0.2653918606310927,0.32630099966238807,-1.119935011757803,0.3262808348387474,0.2682432045845267,0.2399442024564391,2.60896839935237,0.6694822016802146,0.2476976732114487,0.23633937088250365,2.502957667075868,0.6583238494643748,0.2396824968233625,0.23499029426844362,2.4697988541126037,0.6511838802863249,0.23189118062358074,0.23365811783146395,2.441882360686256,0.6431004364210139,0.3417424586182602,0.2974700583954617,2.4951333866176677,0.5502967718731507,0.3894780765433667,1797831.1207621528,3061799.999999999,782327.4236931851,28.38287248438212,87.18881503109856,10500.0,2.298054582153099,3.071881293166322,False
55,3,3s_cbf_dc2_site55,group_3s_24,24,False,0.3840037660785033,0.4504549408772649,0.2625764010754842,0.1282995428522127,-2.053387570482929,0.12882511304396593,0.22778009577919492,-1.4793746076460963,0.2286269540390678,0.27712267501617605,-1.2832950007383161,0.27800486990953094,0.33513219626654744,-1.0932302092763397,0.33620283762544556,0.3042798535790356,0.22883948245505006,3.9123762755313707,0.49780150796793954,0.3000588137269989,0.22873071503838413,3.8440609027278962,0.4834083155539474,0.2988079852057547,0.22870296855086397,3.8171825049724526,0.4800261679791971,0.29764264181640565,0.22867912575218782,3.7902410938559497,0.47716982794889373,0.3364638463436363,0.30428504096637166,2.4951333866176677,0.5502967718731507,0.3840037660785033,1790083.956088942,3061799.999999999,803956.4248129174,27.323777947911022,87.60093288099885,10500.0,2.2265932590880144,3.206032966890517,False
56,3,3s_cbf_dc2_site56,group_3s_18,18,False,0.40781509604886323,0.4739201381459859,0.2130271215630449,0.13248111712090932,-2.021315156006726,0.13251937792054994,0.23433385332506737,-1.4510084568161519,0.23460443604640951,0.2837620877973052,-1.2596191109271715,0.28409121919779834,0.34266900508358294,-1.0709902974845407,0.34306309965299364,0.31774347377311785,0.22189676786813384,3.919810176925418,0.4918292836682117,0.31382721700383376,0.2217494597486493,3.8520004007513684,0.47863262642777976,0.3127061476546962,0.22171642025440125,3.8261371863424944,0.4754784872747902,0.31164751044698213,0.22168889980328407,3.7999577023921036,0.4727267499710039,0.3648036419013097,0.33500658817724566,2.4951333866176677,0.5502967718731507,0.4078150960488634,1518013.2132493642,3061799.999999999,640536.3859607135,25.976820168731308,88.59599309013424,10500.0,2.369909417358953,3.410578835849146,False
57,3,3s_cbf_dc2_site57,group_3s_17,17,False,0.38947807654336675,0.4527707957683927,0.2543854871403012,0.12459056148278042,-2.0827224260374844,0.12469509132264271,0.21824997778441327,-1.5221141860520606,0.21860950117697509,0.2654160779543796,-1.326456578834605,0.265879092857521,0.31877701482829013,-1.1432634336983043,0.31944456966013796,0.302969702359532,0.22689780697964734,3.926728887600422,0.5034183145327573,0.2985445019943847,0.22676114153607496,3.8625831295104693,0.4887970255819087,0.2971855337993401,0.2267221997331589,3.8365064716697193,0.4855508502567695,0.29595312874681945,0.22668863606040976,3.8111920931415053,0.4830971104638002,0.3417424586182602,0.2974700583954617,2.4951333866176677,0.5502967718731507,0.3894780765433667,1797831.1207621528,3061799.999999999,782327.4236931851,28.38287248438212,87.18881503109856,10500.0,2.298054582153099,3.071881293166322,False
58,3,3s_cbf_dc2_site58,group_3s_13,13,False,0.464043935976909,0.533308391430136,0.1363115013155072,0.10766309846741655,-2.2287483861462767,0.10783190049985004,0.19138787012582267,-1.6534531764447657,0.19168877363009612,0.23595486895706447,-1.4441147254767108,0.23635101712546108,0.2824747202611741,-1.2641662182008881,0.2828972523356917,0.34901112424146374,0.2078061125063142,3.9732386348275712,0.48964166021561956,0.346863369049373,0.20762782354506454,3.9025757557323493,0.4773871831661565,0.34636155141717,0.2075842020461936,3.8732382792880977,0.4743247295208733,0.34599797013483846,0.2075523268671237,3.847279981231882,0.47205449418898404,0.4324024160875503,0.39914630896460296,2.4951333866176677,0.5502967718731507,0.4640439359769089,1040812.9667261612,3061799.999999999,394770.5567193954,23.148218323901418,87.98208939459978,10500.0,2.6365009978846405,3.800814739325096,False
59,3,3s_cbf_dc2_site59,group_3s_11,11,False,0.33303753176204653,0.4017607021248533,0.4084305221129851,0.17120208512760937,-1.764910635864965,0.17067565915538488,0.29820204706117137,-1.2099840119494696,0.29742159172259214,0.3637178904800742,-1.0113767379870755,0.36291735812991166,0.4348287818288727,-0.8328029303673271,0.4338916577457687,0.2621210516688733,0.24484377223998996,3.8535991190582006,0.4856180869635871,0.2544127217357702,0.24480168193408625,3.7872809740683326,0.47342121160421574,0.25175340421350556,0.24479062106227845,3.7603789271332393,0.47020837417010164,0.24939164929613514,0.2447821046459811,3.735630361995863,0.46760362603446026,0.27996179583795894,0.24411898017595915,2.4951333866176677,0.5502967718731507,0.3330375317620467,2745165.5507443524,3061799.999999999,1234128.0871614844,31.772467603010284,87.43730070318314,10500.0,2.224376528904937,2.751983314475042,False
0,5,5s_cbf_dc2_site0,group_5s_00,25,False,0.911184483342262,1.0326734734759246,0.031682047705199,0.028727079122619008,-3.549915077618808,0.028732075109172694,0.061954303877177035,-2.7813581999193913,0.06195682032642999,0.08332545656627623,-2.4850011754600962,0.08332348677693632,0.11018339957674081,-2.205609032660063,0.11017370502527266,0.4354872836698473,0.24939893731321094,2.7780105742679315,0.7243136176368329,0.4612828555186421,0.24231285122166074,2.6009244661614277,0.7562414515151709,0.471648529853603,0.23839614543333665,2.5473792278341967,0.769979191150101,0.4812598116663663,0.23432074153813767,2.5013221734449713,0.7805990060576503,0.4585223592808214,0.2326817414745346,2.4951333866176677,0.5502967718731507,0.911184483342262,644995.3480984507,5178599.999999999,164068.65224614358,33.75504741194874,110.86363235043996,17500.0,3.93125279733997,3.2843571806448133,False
1,5,5s_cbf_dc2_site1,group_5s_00,25,True,0.911184483342262,1.0326734734759246,0.0316820477051989,0.030649246846846938,-3.4851471895985044,0.030662314781598705,0.07078628000972707,-2.648090082234582,0.0707919289454676,0.09983806870618712,-2.304205718436465,0.09984481843946631,0.14170697102399304,-1.9539939378428302,0.14170636842127599,0.48642036919052584,0.23713480647483046,2.4585624420448333,0.5796139291096883,0.4943813895271732,0.23115127041039116,2.2561816612649923,0.5407229416507915,0.49675302014233147,0.22794594700824689,2.181381203376988,0.5215658476906039,0.4978782812168959,0.22454169569846374,2.1182039960582992,0.5028029478997329,0.4585223592808214,0.2326817414745346,2.4951333866176677,0.5502967718731507,0.911184483342262,644995.3480984507,5178599.999999999,164068.65224614358,33.75504741194874,110.86363235043996,17500.0,3.93125279733997,3.2843571806448133,False
2,5,5s_cbf_dc2_site2,group_5s_00,25,False,0.911184483342262,1.0326734734759246,0.0316820477051989,0.020398800813455412,-3.8922791635139395,0.020398288678042394,0.04896221743882252,-3.0167063509780414,0.048962234054656266,0.06730327512374976,-2.6985463789724484,0.06730193735828598,0.09033468888013348,-2.4042337408299974,0.09032741253990961,0.508315513421332,0.23926364523195484,2.4567498475252134,0.5793240205562515,0.5255019743017374,0.23259026080810213,2.247901692429079,0.5217697278015282,0.531295629154934,0.23010722543384363,2.1849037767741697,0.5039237639171521,0.535953132529112,0.22802743386116422,2.1350446679566173,0.4907712994965012,0.4585223592808214,0.2326817414745346,2.4951333866176677,0.5502967718731507,0.911184483342262,644995.3480984507,5178599.999999999,164068.65224614358,33.75504741194874,110.86363235043996,17500.0,3.93125279733997,3.2843571806448133,False
3,5,5s_cbf_dc2_site3,group_5s_00,25,False,0.911184483342262,1.0326734734759246,0.031682047705199,0.0204006265918662,-3.8921896633161124,0.02040024564823667,0.04872951064307504,-3.021470464387795,0.04872898155567605,0.06645046300478315,-2.71129852613033,0.06645034364124996,0.08859124333500355,-2.4237222599461776,0.08859001890419946,0.5134670245837618,0.23192811577232228,2.4470961734502357,0.5408967362589386,0.5231305091871055,0.22729340254766095,2.2579386100247074,0.5003383668799338,0.5268374944382427,0.22613567982712593,2.1983853998013574,0.49075197773553975,0.5303485788824124,0.22520219902227467,2.147485492711487,0.4836723440257562,0.4585223592808214,0.2326817414745346,2.4951333866176677,0.5502967718731507,0.911184483342262,644995.3480984507,5178599.999999999,164068.65224614358,33.75504741194874,110.86363235043996,17500.0,3.93125279733997,3.2843571806448133,False
4,5,5s_cbf_dc2_site4,group_5s_00,25,False,0.911184483342262,1.0326734734759246,0.0265641825526238,0.030349522249110073,-3.494974502980755,0.030526170631988876,0.05599929017452476,-2.882416263782237,0.056211651176384964,0.0702421755761871,-2.6558063566698653,0.070473161074903,0.08754869281041223,-2.435560151139443,0.08777957876917587,0.2624332539753615,0.2702374523165503,3.2669044191144927,0.7028339814125399,0.26528863253916735,0.28766192846686917,3.136256522685286,0.792615766919537,0.2752400321883356,0.2951226351196196,3.062739156050405,0.8287534230820925,0.2904640785847727,0.3018246851527182,2.9751218888231685,0.8601426635230326,0.4585223592808214,0.2326817414745346,2.4951333866176677,0.5502967718731507,0.911184483342262,644995.3480984507,5178599.999999999,164068.65224614358,33.75504741194874,110.86363235043996,17500.0,3.93125279733997,3.2843571806448133,False
5,5,5s_cbf_dc2_site5,group_5s_00,25,False,0.911184483342262,1.0326734734759246,0.031682047705199,0.019127831441589437,-3.956610860994309,0.019127740722325703,0.05201146569725249,-2.9562910905280457,0.05201134127661185,0.07493615172273635,-2.5911188383797974,0.07493298449012631,0.10485787386282024,-2.2551494280034454,0.10486732350124663,0.509503650025311,0.23628843229867685,2.4410429304833547,0.5408937508708526,0.49293184906466125,0.2323956775852728,2.290459470298441,0.5112636901120121,0.48716140188038237,0.2308185644459989,2.2469251016220655,0.5061750956341445,0.4824814841520832,0.22917536628998073,2.2110131068979766,0.503580046480466,0.4585223592808214,0.2326817414745346,2.4951333866176677,0.5502967718731507,0.911184483342262,644995.3480984507,5178599.999999999,164068.65224614358,33.75504741194874,110.86363235043996,17500.0,3.93125279733997,3.2843571806448133,False
6,5,5s_cbf_dc2_site6,group_5s_00,25,False,0.911184483342262,1.0326734734759246,0.0316820477051989,0.030508239126558194,-3.489758496551751,0.030538289597570517,0.06776528511637278,-2.691705234094797,0.0677784064788285,0.09034343450657016,-2.404136931916117,0.09034972439680984,0.1181500586663066,-2.1357997788084497,0.11814430144720972,0.4887733151452312,0.23501254645469136,2.4451244031657686,0.5603150301749935,0.5021344767670041,0.2309725794903624,2.2608238692254408,0.5063436202136111,0.50644405216595,0.2301692115260702,2.212498804975712,0.49516830035323733,0.5103716421628622,0.22965645552495556,2.1736581490160916,0.4880142418379648,0.4585223592808214,0.2326817414745346,2.4951333866176677,0.5502967718731507,0.911184483342262,644995.3480984507,5178599.999999999,164068.65224614358,33.75504741194874,110.86363235043996,17500.0,3.93125279733997,3.2843571806448133,False
7,5,5s_cbf_dc2_site7,group_5s_01,26,False,0.8273605333746998,0.9450463681399928,0.0534878766095885,0.05056347459087577,-2.9845258093751292,0.0505880140496786,0.11076507831581103,-2.2003437320030046,0.11077571806370494,0.14419711175678798,-1.9365740837577607,0.1442022971672939,0.1838612656452789,-1.693573796825639,0.18386554921765993,0.42023901128601826,0.23161481616955387,2.5271698846524306,0.6460536930269488,0.41104137211522723,0.2294211499552673,2.388856540945883,0.5832950758293012,0.4087285173321924,0.22905839232425632,2.3548960974771096,0.5688999670020989,0.40717606790355765,0.22881683389035093,2.3271735353123217,0.5590448893808271,0.5144867454385478,0.2520797057187827,2.4951333866176677,0.5502967718731507,0.8273605333746998,858517.4912082348,5178599.999999999,276992.31781041535,37.37577054306252,149.45431029379222,17500.0,3.099427081569239,3.9986950936997623,False
8,5,5s_cbf_dc2_site8,group_5s_00,25,False,0.911184483342262,1.0326734734759246,0.0277392929476345,0.022258119860465157,-3.805048399394403,0.022354888182275552,0.0432765466086613,-3.1401444394790836,0.043360544010093593,0.0554887618740209,-2.8915747674897445,0.05556683332826995,0.06995368912252095,-2.6599218398400066,0.07001890632799007,0.44773312612395744,0.23471201560331553,2.7473238035295218,0.5922531163432281,0.46476119109652897,0.23387521398473007,2.5405796390729796,0.5750836596409189,0.4733493364690785,0.23356977382953348,2.4585964449299333,0.5675589825695129,0.48241261136011493,0.23311522127845627,2.3800669879170426,0.5587425266705469,0.4585223592808214,0.2326817414745346,2.4951333866176677,0.5502967718731507,0.911184483342262,644995.3480984507,5178599.999999999,164068.65224614358,33.75504741194874,110.86363235043996,17500.0,3.93125279733997,3.2843571806448133,False
9,5,5s_cbf_dc2_site9,group_5s_00,25,False,0.911184483342262,1.0326734734759246,0.0316820477051988,0.03731526719377093,-3.2883527279321023,0.037323965686928307,0.07893424737563963,-2.539140084779576,0.07893828533080166,0.10469101491879514,-2.256741982182676,0.10469825084886594,0.13572099273715535,-1.997154024495487,0.13573457197867408,0.4698668173625959,0.24010000333423606,2.472852307309208,0.6173130721166286,0.49680897832459847,0.23207318881902797,2.2189501468816752,0.5400998413141703,0.5038537162410037,0.22941937279150743,2.153812211093851,0.5161141469363797,0.5084953349413299,0.22753901643195695,2.108401331540104,0.5005159692531702,0.4585223592808214,0.2326817414745346,2.4951333866176677,0.5502967718731507,0.911184483342262,644995.3480984507,5178599.999999999,164068.65224614358,33.75504741194874,110.86363235043996,17500.0,3.93125279733997,3.2843571806448133,False
10,5,5s_cbf_dc2_site10,group_5s_02,27,False,0.8053362233312696,0.9181897195827065,0.0631965185297679,0.04976623200369547,-3.0004185971614192,0.04977432973511228,0.12309549680771124,-2.0947948280391517,0.12309643929999851,0.1655596043791009,-1.7984240016967479,0.1655519935798004,0.21115326750820082,-1.555171022902118,0.21113281527628364,0.46530589435117314,0.2258329479932347,2.2608592282585627,0.5158124452109436,0.4722697942919172,0.21990118098633082,2.102125216290678,0.4776117929479205,0.47157323457860634,0.21895115121078926,2.071556455945639,0.4734149922832871,0.4700477546432398,0.2184190192612372,2.051497770234549,0.4717739438697715,0.4921959528772924,0.21917498315877276,2.4951333866176677,0.5502967718731507,0.8053362233312693,906401.626450368,5178599.999999999,327269.4908582564,37.6371637294125,148.82602180799523,17500.0,2.7695879138423543,3.954230528048303,False
11,5,5s_cbf_dc2_site11,group_5s_03,28,False,0.8106604144255011,0.9239318809099224,0.0565767926521811,0.05113560501451936,-2.9732742530835976,0.0511657097350246,0.09708979784629973,-2.3321189777291464,0.09711659463850233,0.1237942389756135,-2.089134454744849,0.12381548199461744,0.15613201423324555,-1.8570533845111852,0.15614241732472967,0.40938699114800897,0.23778658911652983,2.5097934122517214,0.5807335317651121,0.4240403907978246,0.23649282092096802,2.354411564424189,0.5653930415901542,0.4316294702236365,0.2355061738655254,2.2924119932477467,0.5572089310504856,0.4394074575377697,0.2340842465721146,2.233517242203664,0.5472071152893645,0.5005425028874728,0.22779257338565057,2.4951333866176677,0.5502967718731507,0.810660414425501,844966.4409901622,5178599.999999999,292988.5784285851,35.51123667404955,150.46440381296188,17500.0,2.8839569293863097,4.237092760076034,False
12,5,5s_cbf_dc2_site12,group_5s_00,25,False,0.911184483342262,1.0326734734759246,0.0316820477051989,0.050390070862849606,-2.987961130002673,0.05046762751649296,0.09667237633601328,-2.3364275808690627,0.09672462117356488,0.12368954069416936,-2.0899805569647993,0.12372892224304302,0.15589890377349133,-1.8585475345435685,0.1559319949312733,0.40695289275151103,0.21595340647472006,3.1825075291974083,0.9195496681004045,0.42364104254896273,0.21198359275425346,3.049663114361487,0.9691564885245859,0.4309928840886085,0.2115091702216023,2.9767519513980556,0.9776300887894539,0.4381694972973544,0.21158649439467667,2.8990557656194227,0.9794613220408541,0.4585223592808214,0.2326817414745346,2.4951333866176677,0.5502967718731507,0.911184483342262,644995.3480984507,5178599.999999999,164068.65224614358,33.75504741194874,110.86363235043996,17500.0,3.93125279733997,3.2843571806448133,False
13,5,5s_cbf_dc2_site13,group_5s_00,25,False,0.911184483342262,1.0326734734759246,0.0316820477051988,0.03945656420880661,-3.2325548524064116,0.03946176456631557,0.0792691518987847,-2.5349062310828923,0.0792715521521412,0.10335457412446222,-2.2695897352516208,0.10336029221055315,0.1335214491683298,-2.013493146119978,0.13353654657464897,0.4010943649722797,0.27055453787715716,2.7324690006765993,0.7677868133349844,0.43492572505721466,0.26499356251190687,2.472825855118314,0.7270515950456856,0.4516065909543843,0.2599678998740815,2.3696673521166187,0.6943508558119648,0.4677903493818957,0.2539205754486575,2.2754349015533513,0.6560498648623668,0.4585223592808214,0.2326817414745346,2.4951333866176677,0.5502967718731507,0.911184483342262,644995.3480984507,5178599.999999999,164068.65224614358,33.75504741194874,110.86363235043996,17500.0,3.93125279733997,3.2843571806448133,False
14,5,5s_cbf_dc2_site14,group_5s_00,25,False,0.911184483342262,1.0326734734759246,0.0316820477051989,0.05225201494625629,-2.951676825316058,0.052283550621544286,0.09885186150427717,-2.31413289793658,0.09886849608980684,0.12552814921939012,-2.0752252489921674,0.1255359251041518,0.15741775152603962,-1.8488521696499847,0.15741159275471336,0.34386341376383106,0.27366195559849454,2.849526438089862,0.7600403212062865,0.36793213992932444,0.27089578425575633,2.64448083925923,0.7435806926535606,0.3827769453974475,0.26717987603929183,2.5571973262812175,0.7249493196374585,0.39834094032461337,0.26213686664708075,2.473310709242229,0.6995265728303898,0.4585223592808214,0.2326817414745346,2.4951333866176677,0.5502967718731507,0.911184483342262,644995.3480984507,5178599.999999999,164068.65224614358,33.75504741194874,110.86363235043996,17500.0,3.93125279733997,3.2843571806448133,False
15,5,5s_cbf_dc2_site15,group_5s_00,25,False,0.911184483342262,1.0326734734759246,0.0316820477051988,0.040715106570798375,-3.2011560865840076,0.04072992770738706,0.0951895450410317,-2.351885164213151,0.09519074022833582,0.12886085379663492,-2.049022109524268,0.12885629277763638,0.17064904591503763,-1.7681461945326116,0.17064233367534903,0.4829519290297554,0.2365684555521397,2.352180982143263,0.5357245711708055,0.48853911302053904,0.23363585260862388,2.2217427421490563,0.51527692594892,0.4910681360683193,0.23283578757558368,2.1821750337969257,0.5116329615998214,0.49304353604191586,0.23201103518911584,2.1495766607517606,0.5088374257611868,0.4585223592808214,0.2326817414745346,2.4951333866176677,0.5502967718731507,0.911184483342262,644995.3480984507,5178599.999999999,164068.65224614358,33.75504741194874,110.86363235043996,17500.0,3.93125279733997,3.2843571806448133,False
16,5,5s_cbf_dc2_site16,group_5s_00,25,False,0.911184483342262,1.0326734734759246,0.0316820477051989,0.03520379547740442,-3.3466013761282722,0.03523652378989173,0.07112114361400244,-2.643370607843869,0.07116564588435444,0.09362164233565629,-2.3684937006913804,0.09365758749441136,0.12234881066365189,-2.1008792099118363,0.12236589945883031,0.44594088436813467,0.2550769789190172,2.564885760117812,0.6318189982394262,0.48163645977472896,0.250543120619861,2.3341943693919056,0.6063797901592581,0.49895091297853705,0.2459970712738883,2.2397879648680634,0.5836408614773191,0.5150371889301029,0.24041444384463903,2.154318512504499,0.5560336614936499,0.4585223592808214,0.2326817414745346,2.4951333866176677,0.5502967718731507,0.911184483342262,644995.3480984507,5178599.999999999,164068.65224614358,33.75504741194874,110.86363235043996,17500.0,3.93125279733997,3.2843571806448133,False
17,5,5s_cbf_dc2_site17,group_5s_04,29,False,0.8012365408125486,0.9133005453950904,0.0649425831044141,0.05954079655865066,-2.821093544937632,0.059583696580753465,0.12192916419916605,-2.104315024193024,0.12195869963690693,0.15798020589600809,-1.8452855329424465,0.1580076554707418,0.19928967940399336,-1.6129958373290574,0.19932600196139663,0.41110569530831503,0.21285005193137665,3.053044140431088,0.7483982301846245,0.4225381457598554,0.2048543359719177,3.0360835581271233,0.7977940596771731,0.4265717944038367,0.20302815522180276,3.023265414871106,0.8121645645519536,0.4301807578524225,0.20195110284585768,3.00593919697445,0.824212606936535,0.4876512928111453,0.21326383719815095,2.4951333866176677,0.5502967718731507,0.8012365408125486,920199.6126834222,5178599.999999999,336311.6608645192,37.89183188964995,134.58242011253603,17500.0,2.736151373157764,3.551752802674521,False
18,5,5s_cbf_dc2_site18,group_5s_02,27,False,0.8053362233312696,0.9181897195827065,0.0616876410562286,0.061304620326117214,-2.7919000665129974,0.0613122505653577,0.11863281889990704,-2.131722111474715,0.11863576389470315,0.14976738109365337,-1.8986719813185169,0.14977155869890793,0.18630342720626675,-1.6803786053748981,0.18629788999748753,0.3915949237080089,0.20191918985260854,3.356171834564674,0.9257314146540321,0.40152836754160204,0.19869549228550598,3.2901543404323714,0.9613243319643492,0.40682771632526754,0.19840373356408297,3.241372604463833,0.9768750173653094,0.41260772033550114,0.19854564394914423,3.1802977903248544,0.9922165698309535,0.4921959528772924,0.21917498315877276,2.4951333866176677,0.5502967718731507,0.8053362233312693,906401.626450368,5178599.999999999,327269.4908582564,37.6371637294125,148.82602180799523,17500.0,2.7695879138423543,3.954230528048303,False
19,5,5s_cbf_dc2_site19,group_5s_00,25,False,0.911184483342262,1.0326734734759246,0.031682047705199,0.03966882001235054,-3.2271897899865065,0.03970887592776652,0.07436190410330867,-2.598811509903365,0.07440197592730827,0.09282105617024126,-2.3770817665413073,0.09285810595403221,0.11480106108209134,-2.164554552264026,0.11484144379236287,0.3618468460515011,0.2336153130431749,2.9731126909521355,0.658840434956202,0.37126339115742424,0.2351093504738424,2.8585780599620705,0.6759685579831151,0.3791646446060749,0.236409494555382,2.8081554526215857,0.6850231229780112,0.3894985989127243,0.23786140621926052,2.7529236523711513,0.6948984139777582,0.4585223592808214,0.2326817414745346,2.4951333866176677,0.5502967718731507,0.911184483342262,644995.3480984507,5178599.999999999,164068.65224614358,33.75504741194874,110.86363235043996,17500.0,3.93125279733997,3.2843571806448133,False
20,5,5s_cbf_dc2_site20,group_5s_00,25,False,0.911184483342262,1.0326734734759246,0.031682047705199,0.044119073640780944,-3.120863081173088,0.044167191869072274,0.09328865135435672,-2.372056814600453,0.09330643042105144,0.12176367397761924,-2.1056732113947865,0.12177579359909992,0.15525926510292234,-1.8626588813474916,0.1552715398687712,0.4305653276876188,0.2387541286191024,2.607058435277109,0.6698173396594335,0.4321922373932859,0.23884103135033444,2.4575971520349853,0.6202916963553604,0.43360673643795383,0.23946336420405545,2.4117705529024027,0.6079591997107299,0.43593438327712525,0.240038250255772,2.3709356058748816,0.5996779792674415,0.4585223592808214,0.2326817414745346,2.4951333866176677,0.5502967718731507,0.911184483342262,644995.3480984507,5178599.999999999,164068.65224614358,33.75504741194874,110.86363235043996,17500.0,3.93125279733997,3.2843571806448133,False
21,5,5s_cbf_dc2_site21,group_5s_05,30,False,0.7866186992882133,0.9049031929044776,0.0696128553772146,0.05448477811577462,-2.909833916952612,0.05448860364325748,0.12479112495832656,-2.0811139396915115,0.1247950352249215,0.17823756177954828,-1.7246380017603218,0.1782378012692305,0.25584839098444906,-1.3631702326527109,0.25582003199348496,0.42210222006320486,0.230107203602813,2.3964671978060323,0.5382417153758216,0.4283244070939244,0.22407256977612383,2.2424912300657005,0.5102755401280674,0.4278394079418482,0.22098088068159694,2.201106882616945,0.502047371774413,0.4241070327233362,0.21831437120731442,2.179211255570629,0.49802358457907764,0.46802401262510956,0.19317843662272136,2.4951333866176677,0.5502967718731507,0.786618699288213,1022710.5495615386,5178599.999999999,360497.1328564439,40.71794595298594,147.74943934755763,17500.0,2.836945030485997,3.628607384030452,False
22,5,5s_cbf_dc2_site22,group_5s_00,25,False,0.911184483342262,1.0326734734759246,0.0316820477051988,0.06428903868214113,-2.744366133776841,0.06512018639882548,0.11551675075144058,-2.158339731384854,0.11718942097846671,0.14054174668379169,-1.9622507049205362,0.14291969281324107,0.1701342863718548,-1.7711672339199087,0.17296265536917385,0.5446167257608765,0.1477101479300302,4.105984236261276,0.4999216153641271,0.5407614318988053,0.14617915119549407,4.037064187619391,0.48483175293561603,0.5396898821617133,0.1458969069450178,4.009720412974115,0.48168356930233835,0.5387161751959967,0.14569294662391033,3.98234048964366,0.47930972417064716,0.4585223592808214,0.2326817414745346,2.4951333866176677,0.5502967718731507,0.911184483342262,644995.3480984507,5178599.999999999,164068.65224614358,33.75504741194874,110.86363235043996,17500.0,3.93125279733997,3.2843571806448133,False
23,5,5s_cbf_dc2_site23,group_5s_00,25,False,0.911184483342262,1.0326734734759246,0.0316820477051989,0.06997432410084926,-2.65962690277912,0.06997214650841514,0.12450259885481048,-2.0834286889594136,0.12450119721625721,0.15249764925265652,-1.8806060977901575,0.15249581980793944,0.18372531306217033,-1.6943135005971186,0.18372485891022616,0.21901989089828625,0.24503321264220035,3.174518757098573,0.6059002392031638,0.2126968184564432,0.2491867270325977,3.1459008909922708,0.6378183826744744,0.2131258586832674,0.2518851315431342,3.1306806746810096,0.6546913084670346,0.21514597286875436,0.2550727096139607,3.11249991443386,0.6734089767664287,0.4585223592808214,0.2326817414745346,2.4951333866176677,0.5502967718731507,0.911184483342262,644995.3480984507,5178599.999999999,164068.65224614358,33.75504741194874,110.86363235043996,17500.0,3.93125279733997,3.2843571806448133,False
24,5,5s_cbf_dc2_site24,group_5s_02,27,False,0.8053362233312696,0.9181897195827065,0.0630768734712336,0.048325338854778625,-3.029799241914838,0.04834349283205801,0.09627648127516969,-2.340531213523964,0.09629880414498311,0.12340813568259086,-2.092258240327604,0.12343373648783544,0.15489327086928356,-1.8650189742764436,0.154928510327666,0.44103543173102794,0.20328422867525517,3.1750402491808587,0.7753805612320691,0.4484482860861717,0.19698578242909506,3.125670337392905,0.8096097170371447,0.4515922010773674,0.1959346378312946,3.0915306574124672,0.8216634292327384,0.4547895928713819,0.19543628335434035,3.0499370393760086,0.8326943469058146,0.4921959528772924,0.21917498315877276,2.4951333866176677,0.5502967718731507,0.8053362233312693,906401.626450368,5178599.999999999,327269.4908582564,37.6371637294125,148.82602180799523,17500.0,2.7695879138423543,3.954230528048303,False
25,5,5s_cbf_dc2_site25,group_5s_06,31,False,0.8960235194066525,1.0172458029582785,0.031682047705199,0.029675792812884606,-3.517423622318109,0.02967337661441188,0.060984206664218284,-2.797140355475029,0.06098325118954311,0.07947737631770524,-2.5322828724409514,0.07947691690564573,0.1013850656532079,-2.2888294801985927,0.10139374778979354,0.41573856859824415,0.2507640433606618,2.7058183313821136,0.6420356045655217,0.42855733041464195,0.24960776832054002,2.5162796575714053,0.6249088781021226,0.4377676918862531,0.24897866802237437,2.440746504717998,0.6176707260624089,0.4485546061177499,0.2479310077788799,2.367751438807305,0.6087982538794264,0.47811456939458535,0.23345338531568727,2.4951333866176677,0.5502967718731507,0.8960235194066521,640636.4935861534,5178599.999999999,164068.65224614384,32.642843788185424,110.15967043160768,17500.0,3.904685537521446,3.3746958796365125,False
26,5,5s_cbf_dc2_site26,group_5s_06,31,False,0.8960235194066525,1.0172458029582785,0.031682047705199,0.022337495162800924,-3.8014886150472162,0.02233688765396187,0.052045668194349685,-2.955633711316265,0.052045454201970515,0.06948084553087222,-2.6667041682694594,0.06947845061835717,0.09064798366334603,-2.4007715851246756,0.09064405095511868,0.47298196867776826,0.23298099071229786,2.5412707730027373,0.5417026010863322,0.4671477217264597,0.23236882431031425,2.3921523279780708,0.5242997560128784,0.46702171238668433,0.23299541053684056,2.3445421418656682,0.5247444781481421,0.46875217157698834,0.23383506589783523,2.299894641777599,0.5270990536098217,0.47811456939458535,0.23345338531568727,2.4951333866176677,0.5502967718731507,0.8960235194066521,640636.4935861534,5178599.999999999,164068.65224614384,32.642843788185424,110.15967043160768,17500.0,3.904685537521446,3.3746958796365125,False
27,5,5s_cbf_dc2_site27,group_5s_00,25,False,0.911184483342262,1.0326734734759246,0.031682047705199,0.03920932237243937,-3.2388407448359198,0.03963616157920038,0.06804832063939269,-2.6875372285228627,0.06907072722920148,0.08354357058263874,-2.4823869798324782,0.08481221850722748,0.10061831537237514,-2.296420976532038,0.10232654249423169,0.4933625944217367,0.2045542827371716,3.892462929277931,0.7992562623329378,0.49332941303793487,0.20298635443774513,3.775407361787806,0.8445806559225215,0.4924496036433133,0.20365051906839,3.707952690324665,0.8706462468401939,0.4912434585015895,0.20494759670170712,3.6321891088394787,0.8984737185469076,0.4585223592808214,0.2326817414745346,2.4951333866176677,0.5502967718731507,0.911184483342262,644995.3480984507,5178599.999999999,164068.65224614358,33.75504741194874,110.86363235043996,17500.0,3.93125279733997,3.2843571806448133,False
28,5,5s_cbf_dc2_site28,group_5s_00,25,False,0.911184483342262,1.0326734734759246,0.0316820477051989,0.05980020955610722,-2.8167461137489616,0.06008095050789183,0.10463124837843547,-2.257313030298078,0.10524935271283649,0.1274320265629259,-2.060172181541976,0.12814341999352802,0.15310698696753677,-1.87661834073319,0.15403356507088686,0.5287234724001482,0.1697176953480462,4.017150982838669,0.6471924947886163,0.5241569298676232,0.16976601310396566,3.9386814343571634,0.6553010139128339,0.5224491030404109,0.1703985437572195,3.902785884613841,0.6640117498836463,0.5207151313692441,0.17131975025458643,3.865245830972559,0.6755980212424317,0.4585223592808214,0.2326817414745346,2.4951333866176677,0.5502967718731507,0.911184483342262,644995.3480984507,5178599.999999999,164068.65224614358,33.75504741194874,110.86363235043996,17500.0,3.93125279733997,3.2843571806448133,False
29,5,5s_cbf_dc2_site29,group_5s_00,25,False,0.911184483342262,1.0326734734759246,0.0260139118091648,0.018317698890361597,-3.9998875340466102,0.018373581771289373,0.048483407876522014,-3.0265336452089047,0.0485075970987601,0.07145133002787747,-2.638738759973671,0.07146088433830675,0.10433143707855377,-2.2601825522411985,0.10433121548584821,0.4067445689720223,0.2565547582692402,2.820771125707478,0.6815229896331928,0.41862725802718836,0.24508131298331193,2.524321927334202,0.621659653539194,0.429166227008848,0.23771924007473852,2.40596305736869,0.5832419369430076,0.43920278811298596,0.23048242108077965,2.3080497686173644,0.5458910760073806,0.4585223592808214,0.2326817414745346,2.4951333866176677,0.5502967718731507,0.911184483342262,644995.3480984507,5178599.999999999,164068.65224614358,33.75504741194874,110.86363235043996,17500.0,3.93125279733997,3.2843571806448133,False
30,5,5s_cbf_dc2_site30,group_5s_07,32,False,0.6992004635246541,0.8109700345150922,0.1176954810548638,0.08299038302588306,-2.4890305450566923,0.08299473898332076,0.2621690744076976,-1.338765661185069,0.26216721378586216,0.35427300628387914,-1.037687458881762,0.3542822153300551,0.4518176795561821,-0.7944765443367282,0.4518488436749783,0.4674834554970477,0.22308608286201168,2.1014069818532493,0.48229659082972126,0.4572891396695143,0.21979413641964393,1.9909079171931618,0.46514654977185843,0.4522402962658772,0.2194927789474987,1.971615566261782,0.46455395318121867,0.4478016947352171,0.2192959980506355,1.9571240309615048,0.46437827412857025,0.47316160294075954,0.28846872129696877,2.4951333866176677,0.5502967718731507,0.6992004635246543,1468359.316572394,5178599.999999999,609497.8181907178,46.230870617386216,,17500.0,2.4091297339360285,,False
31,5,5s_cbf_dc2_site31,group_5s_08,33,False,0.5620038997754123,0.6699561082229993,0.2417155114278485,0.13603109384419737,-1.9948717881708828,0.1360256753142434,0.27299785773506946,-1.298291330952254,0.2729976497557827,0.35083971018983817,-1.0474258259458196,0.3508477591386459,0.4378183880695766,-0.8259510937028123,0.43784567089925575,0.337392578293634,0.20487062445012677,3.046540818559218,0.6802291278525948,0.3225321040962788,0.19929028375813346,3.0971519076869227,0.6291032429951907,0.31764618112825793,0.19779093645744805,3.109889894205002,0.608949700741169,0.3134659812143944,0.19665925893217173,3.11855612801266,0.5914768019290878,0.4641506690236615,0.29149421600170133,2.4951333866176677,0.5502967718731507,0.5620038997754119,2731963.5444962457,5178599.999999999,1251747.9474802562,56.10560719592744,109.11387595774038,17500.0,2.182518892877463,1.944794494010229,False
32,5,5s_cbf_dc2_site32,group_5s_09,34,False,0.7397492411074758,0.8527498450943399,0.0915661354761065,0.05891953974029127,-2.831582499022236,0.05892177969917691,0.15344302915467287,-1.8744259264186132,0.15344508169761212,0.2182092067912464,-1.5223010121962972,0.21822387786809216,0.2929285933187089,-1.2278264084767547,0.29292899097335456,0.45743084642294535,0.2299672065363425,2.2396783811764687,0.5345998617448587,0.48009399513854034,0.22224292949968713,2.0300377569402577,0.4814855180425626,0.48252118791473536,0.22064176880240566,1.9833470145103205,0.47176486798111644,0.48208094529194245,0.21981173718603414,1.9537039743137221,0.467349273987053,0.4462190356553869,0.21928659273049322,2.4951333866176677,0.5502967718731507,0.7397492411074756,1242173.7861740168,5178599.999999999,474184.3891765655,43.68347166073176,105.58932775339306,17500.0,2.6196007598037685,2.4171459762505583,False
33,5,5s_cbf_dc2_site33,group_5s_10,35,True,0.7477635048155272,0.8625347618123244,0.0881156665854277,0.07467373379197577,-2.5946268712744653,0.07467619016179858,0.15615439526384323,-1.856910047946062,0.15615092584062043,0.20015717944309822,-1.6086523238741222,0.20015706274632042,0.25173739347281965,-1.3793688242169528,0.2517471523568613,0.3860892115489263,0.2507869282266923,2.420262384637364,0.6244997703230386,0.39684247034549786,0.23492294958333573,2.2786057105141593,0.5464418563813522,0.39673712830402974,0.23231583351088228,2.2509480507266484,0.5339669657951625,0.3956952973369572,0.2309391433274619,2.23107650483064,0.5280520050608611,0.44745470354056566,0.20407922432210443,2.4951333866176677,0.5502967718731507,0.7477635048155272,1207093.2877454108,5178599.999999999,456315.7909792959,43.2053205992519,,17500.0,2.645302467299843,,False
34,5,5s_cbf_dc2_site34,group_5s_11,36,False,0.5722611009155403,0.6823258950200654,0.2285604056236898,0.15074435825891236,-1.8921698685599826,0.15074832002558833,0.2796854429014115,-1.2740897255293773,0.27968910927911345,0.3509683166940032,-1.047059325419527,0.3509690975859472,0.4306575398796811,-0.8424420757621007,0.4306331447541883,0.35334088428074434,0.21250642780288234,2.5767400937046063,0.6823097414183699,0.32928582471904294,0.20701819630814014,2.6997045222463205,0.7044558788556842,0.3223592520688917,0.20494508651290233,2.751388154344621,0.7038688914064348,0.3171555329583587,0.2032179798501657,2.7939178570156433,0.699495389041265,0.4541012379562294,0.2890851633394523,2.4951333866176677,0.5502967718731507,0.5722611009155402,2544948.9496441693,5178599.999999999,1183622.91656284,53.99743241311712,,17500.0,2.1501349070145808,,False
35,5,5s_cbf_dc2_site35,group_5s_09,34,False,0.7397492411074758,0.8527498450943399,0.0948649490276784,0.06859076993798745,-2.6795973023117567,0.06861088186373838,0.18108809590679487,-1.7087716484078612,0.18109444426291058,0.24813252124407492,-1.3937923156814014,0.24814059361275956,0.3229813502782274,-1.1301606965031405,0.32295601778135585,0.41310358500137834,0.22892630677522555,2.3863941956854005,0.6021037301692133,0.40215139184991344,0.22246817625486506,2.228301111104043,0.5219782954544082,0.39922919012957536,0.22112687468032957,2.195862661402132,0.5111289786955906,0.3965699721354879,0.22033811605824835,2.173711738560982,0.5065267092976925,0.4462190356553869,0.21928659273049322,2.4951333866176677,0.5502967718731507,0.7397492411074756,1242173.7861740168,5178599.999999999,474184.3891765655,43.68347166073176,105.58932775339306,17500.0,2.6196007598037685,2.4171459762505583,False
36,5,5s_cbf_dc2_site36,group_5s_09,34,False,0.7397492411074758,0.8527498450943399,0.0922114514974704,0.06151543618608983,-2.7884671407678443,0.06151882720206882,0.20441777127295993,-1.5875894808264848,0.20442171645403368,0.2847330433410758,-1.2562032277130464,0.2847423800220127,0.3745682872679426,-0.9819811501427171,0.37458940912102445,0.4607593524142693,0.22430962905551838,2.1890638033614676,0.4901627496050902,0.45280270030798864,0.21925381566747076,2.0492562085970056,0.46843814570682846,0.4477815582266764,0.21884038724168434,2.0258280502705404,0.46807088022793336,0.44297010203139264,0.2185907736768983,2.0087385376287665,0.4681180091757235,0.4462190356553869,0.21928659273049322,2.4951333866176677,0.5502967718731507,0.7397492411074756,1242173.7861740168,5178599.999999999,474184.3891765655,43.68347166073176,105.58932775339306,17500.0,2.6196007598037685,2.4171459762505583,False
37,5,5s_cbf_dc2_site37,group_5s_12,37,False,0.6992186248190873,0.8109700345150918,0.1193311142513445,0.06728355773727372,-2.698839385148431,0.06728250918423687,0.1779387635499155,-1.7263158128807028,0.17794013831751396,0.24742740532210278,-1.3966380518276078,0.24742917442079373,0.32706825141357376,-1.1175864099446697,0.327055819988558,0.4550342027437803,0.23156479375725889,2.1835429125782366,0.5065525065281831,0.44761236787843295,0.2231324618744739,2.050869954856479,0.47336231280238217,0.44119272837209406,0.22176973058634747,2.028138483410479,0.47076153712493357,0.4348353064782495,0.22099107201155213,2.0134573254074684,0.47006537678424215,0.4731320125142863,0.288441144104403,2.4951333866176677,0.5502967718731507,0.6992186248190873,1468485.4310576343,5178599.999999999,617968.1082620128,46.23691080886331,146.9527627216284,17500.0,2.376312646922242,3.1782565087254606,False
38,5,5s_cbf_dc2_site38,group_5s_13,38,False,0.5169985886967172,0.6334353526097958,0.297730698520352,0.16058681100003946,-1.828920604129203,0.16059016486660627,0.3360079108001737,-1.0906205752479534,0.33601707470138753,0.4317097562713422,-0.840001777020428,0.43171079722394856,0.5436440685568457,-0.6094605320056127,0.5436524580180058,0.31024143560956063,0.20832849579940785,3.0995261837322188,0.6423708104326779,0.29298459364828106,0.20272045055386034,3.147758617033619,0.5615358085591895,0.28708308635581803,0.20149826219145706,3.156664433011572,0.5370613033655934,0.28157588261976363,0.20062250467801296,3.1617846517531545,0.5172290579659291,0.45405601956068603,0.3475275628906555,2.4951333866176677,0.5502967718731507,0.5169985886967173,3284591.971327574,5178599.999999999,1541828.1953574948,57.41922156450532,,17500.0,2.1303229381961035,,False
39,5,5s_cbf_dc2_site39,group_5s_14,39,False,0.727221152184718,0.8391845352460543,0.0975445728808887,0.05713755547517858,-2.862293664418098,0.05713980788363032,0.1302342603848446,-2.0384204472256817,0.1302344993615716,0.17740601562301697,-1.729314299743498,0.17740493625773524,0.23767474768025323,-1.4368521463542963,0.23765992246840076,0.4427012986310616,0.2304095667216352,2.2841434284485107,0.5103738926934377,0.44055869605798104,0.22553419669775485,2.152511348015482,0.48558255443313697,0.43778367343870617,0.22385849936579963,2.114931746897439,0.48098444391185313,0.43427452649375203,0.2223931733632025,2.084355252062334,0.47818959481389234,0.4568798791496938,0.2399039525586736,2.4951333866176677,0.5502967718731507,0.7272211521847182,1255770.7766415973,5178599.999999999,505144.32512097055,42.53951062015619,107.16158227667262,17500.0,2.485964335719042,2.519107077501193,False
40,5,5s_cbf_dc2_site40,group_5s_15,40,False,0.7192814727908503,0.8317328089764026,0.1081130309295181,0.05962279410763144,-2.819717326556429,0.05962734955175884,0.16384484113032888,-1.8088353896529201,0.16385146856431052,0.23519047698987966,-1.4473595527659733,0.23517408833785886,0.3148724738060097,-1.1555875671886768,0.31485920157784314,0.4583213842305924,0.2303516356017395,2.2169079435608015,0.5099258874619481,0.4703166603451791,0.22198712458658215,2.0271569729093395,0.47206366957943596,0.46964292305627214,0.2204825009885502,1.9872389130813517,0.46680741040333795,0.4674223936315136,0.21972830663670442,1.9616434114326313,0.4646669450216265,0.45877145684394605,0.25239012853391674,2.4951333866176677,0.5502967718731507,0.7192814727908503,1237233.117996165,5178599.999999999,559874.1419716023,41.10980587508121,108.00343807257951,17500.0,2.209841507663198,2.627194066563229,False
41,5,5s_cbf_dc2_site41,group_5s_16,41,False,0.6399671589483023,0.7530092214831469,0.1536348877565657,0.11407047651273951,-2.1709388065797968,0.11407758027918659,0.2632568499998699,-1.3346251074143962,0.26325887620061944,0.35035827735371466,-1.0487989984885968,0.3503725361034721,0.44731567755055035,-0.8044907198605419,0.44732385982892725,0.3760082761643435,0.21360846530503427,2.619487148847168,0.6783989819544823,0.3695686033334172,0.21129347137597068,2.4833931361480013,0.6673465057308424,0.3655092928604643,0.21121255783563941,2.437264779520188,0.656452239679547,0.3609940147398013,0.21135756718642335,2.400611287412045,0.6452931205644094,0.4778076485482885,0.2840727976042641,2.4951333866176677,0.5502967718731507,0.6399671589483028,1805785.171805038,5178599.999999999,795613.6297361512,47.76966403425261,108.28928408255751,17500.0,2.2696760139766448,2.2669048709429926,False
42,5,5s_cbf_dc2_site42,group_5s_17,42,False,0.6253410010579924,0.7401887876089926,0.1641494715501107,0.10603393874935865,-2.2439960592350072,0.10605492592385737,0.23857328004002076,-1.4330787620099696,0.23858221804109936,0.3091540680065215,-1.1739155243821948,0.30916507278332084,0.390010886116378,-0.9415806271290907,0.38999346600528184,0.37328996142353077,0.20522805999864493,2.8519359875165957,0.6850704185179344,0.3548911500689241,0.2000108245764523,2.860230787718587,0.6795058232951561,0.34966827370633574,0.19874668169103582,2.8707297963871077,0.6736453383772543,0.3455047935286134,0.19771254490472895,2.883208986459971,0.6667035001816467,0.4688534919287932,0.2749468115978609,2.4951333866176677,0.5502967718731507,0.6253410010579925,1589379.620106442,5178599.999999999,850064.4533694036,40.35179355802326,,17500.0,1.8697166006725867,,False
43,5,5s_cbf_dc2_site43,group_5s_08,33,False,0.5620038997754123,0.6699561082229993,0.2410683819696467,0.09351177586900701,-2.3696679054948473,0.09351821405402823,0.1987642783687517,-1.6156356871790607,0.19876880627196178,0.26373313952786875,-1.3328175221958993,0.2637419081519278,0.3436737086835197,-1.0680625930085372,0.3436901204586436,0.41280114824919,0.2383493520394271,2.1949277576299715,0.5323057010190075,0.3954816540677431,0.2310498541392164,2.089011978519356,0.4982262461063403,0.38485327242339673,0.22870820698786862,2.0642354389359436,0.4908448259234222,0.3728240096745874,0.22675500591290648,2.0477389040533405,0.48620001518320166,0.4641506690236615,0.29149421600170133,2.4951333866176677,0.5502967718731507,0.5620038997754119,2731963.5444962457,5178599.999999999,1251747.9474802562,56.10560719592744,109.11387595774038,17500.0,2.182518892877463,1.944794494010229,False
44,5,5s_cbf_dc2_site44,group_5s_18,43,False,0.5862547743232077,0.6979225820266552,0.2130554654411175,0.09776904958250662,-2.325147218463973,0.09776907688634145,0.18556430545371927,-1.68435379687952,0.18556351535663482,0.23582084784782661,-1.444682881522345,0.2358175651648465,0.2916453394987068,-1.232216805684875,0.2916481487664341,0.385117620368252,0.2352855492711857,2.3748151344491126,0.6494844547695784,0.38210494996971145,0.23035000141254613,2.2416941765340996,0.614841103915211,0.37867525351250797,0.22864135741787317,2.1986396359094673,0.5990217775602878,0.374399735822111,0.2271971705416306,2.164016534481523,0.5845657573599251,0.44446196362119267,0.28566964616446594,2.4951333866176677,0.5502967718731507,0.5862547743232078,2456307.190415862,5178599.999999999,1103329.033333371,55.025876939129375,,17500.0,2.226268969823881,,False
45,5,5s_cbf_dc2_site45,group_5s_19,44,False,0.6123663138393949,0.7262719115959145,0.1776307837727131,0.0677074409853979,-2.6925591939456774,0.0677078911535947,0.2058710546173037,-1.5805052546397735,0.20587150381446795,0.2884891930508762,-1.243097652831342,0.28848281022203415,0.3807132039419881,-0.9657089328697162,0.380721224589446,0.455172153645684,0.23169156072898117,2.184337142538308,0.5112959687122512,0.44427565288572285,0.2220085531993582,2.014717640014207,0.4730702950454784,0.4339958273059301,0.22082049704991114,1.98648712541168,0.4697797433403009,0.42427711190889367,0.22017645015730383,1.9669503741249292,0.46856292607797007,0.4573631811493961,0.27303089290034305,2.4951333866176677,0.5502967718731507,0.6123663138393948,2117504.888278441,5178599.999999999,919878.776845372,51.35767004377449,,17500.0,2.3019390615143904,,False
46,5,5s_cbf_dc2_site46,group_5s_18,43,False,0.5862547743232077,0.6979225820266552,0.2153414591999578,0.10783409000865123,-2.2271614366521377,0.10783593307497698,0.27443087653824483,-1.293055865633315,0.2744255904615381,0.3716288956726471,-0.9898595149131764,0.3716085444066766,0.48463863931884815,-0.7243517393193002,0.48458346228224874,0.4275754149130042,0.22777122776388126,2.1760024312734343,0.5020723208884429,0.40418700058942036,0.22145360447379742,2.0797222752938542,0.4853266594273929,0.3909820335229385,0.2202629227579357,2.0670834197135646,0.48420957340939674,0.3780115042707061,0.21947944036246564,2.0613584199423287,0.48436688045323545,0.44446196362119267,0.28566964616446594,2.4951333866176677,0.5502967718731507,0.5862547743232078,2456307.190415862,5178599.999999999,1103329.033333371,55.025876939129375,,17500.0,2.226268969823881,,False
47,5,5s_cbf_dc2_site47,group_5s_16,41,False,0.6399671589483023,0.7530092214831469,0.1599261815243782,0.10486497516433967,-2.255081707184707,0.10486637217563531,0.2352439773447146,-1.4471321019295278,0.23525231321831971,0.30934583929533904,-1.1732954069247823,0.309356206884027,0.3963266633513502,-0.9255165003239118,0.3963428602374122,0.3863086193294404,0.22082890515508205,2.530080120830622,0.6863914563643672,0.3868447214996714,0.21901172692597268,2.347279065022874,0.6557811317920396,0.3861259972248239,0.21865084455835856,2.28556666894547,0.6381325542986303,0.3843638730971771,0.2183306318779754,2.2334849676826267,0.6199791535461278,0.4778076485482885,0.2840727976042641,2.4951333866176677,0.5502967718731507,0.6399671589483028,1805785.171805038,5178599.999999999,795613.6297361512,47.76966403425261,108.28928408255751,17500.0,2.2696760139766448,2.2669048709429926,False
48,5,5s_cbf_dc2_site48,group_5s_20,45,False,0.5449510645220371,0.655460934568633,0.2718680847183726,0.11301412660056942,-2.1802424539190848,0.11301899474192488,0.20106980713767164,-1.6041031320250698,0.2010815216542788,0.24901431266997404,-1.3902449035670705,0.24903443446209725,0.302146523721072,-1.1968432013836567,0.3021771950317571,0.34955716023078176,0.23418215699164505,2.677239946986068,0.8369226160371019,0.33614190360352614,0.22984556688769642,2.65850058472559,0.8620377142052416,0.3307263799204424,0.22875044232448444,2.64994674414434,0.867952901370235,0.3255772333477442,0.2279538788771419,2.6411165023863044,0.8715918169835543,0.4680200948027402,0.308184514655332,2.4951333866176677,0.5502967718731507,0.5449510645220372,2763302.362309245,5178599.999999999,1407896.0635225642,53.72042070718338,108.43523510843214,17500.0,1.9627175854128367,2.018510534373615,False
49,5,5s_cbf_dc2_site49,group_5s_21,46,False,0.5909851041948596,0.7014306042360913,0.2104432596557962,0.1094956007813455,-2.2118709060454655,0.10950624701659228,0.2160623398385622,-1.5321883025742176,0.21607940444826507,0.27127329173009207,-1.304628509684553,0.27129351368796706,0.335378727755447,-1.0924948551122942,0.3354105739606693,0.3964544530848994,0.23188429773822639,2.4219274486859703,0.772727627196292,0.39123514189526665,0.22394537425184471,2.2634525528784057,0.6878161081370123,0.3861183023323312,0.22209904079977305,2.2246463279092237,0.6606209236634125,0.38004433414314837,0.22072771613306444,2.1946960625395535,0.6374363137819598,0.44453706629281825,0.2824469436768932,2.4951333866176677,0.5502967718731507,0.5909851041948593,2267829.826957175,5178599.999999999,1089801.4644535065,51.55911806956973,149.30751208202562,17500.0,2.0809568540031327,2.8958507762014487,False
50,5,5s_cbf_dc2_site50,group_5s_22,47,False,0.747859086777284,0.8625347618123244,0.089361612390985,0.06883406743331245,-2.676056490415291,0.06889944412468463,0.13982416755033636,-1.9673695918031222,0.13990053821353057,0.18127689607524441,-1.7077296041170977,0.18135541049428894,0.23049750088605178,-1.4675152587471527,0.2305968988927503,0.403495582095046,0.22944436893774944,2.692398301490693,0.7418438356998208,0.4191978847363952,0.22287551641446757,2.5504171368088437,0.7638004605964039,0.42307081297622917,0.2205405931061135,2.499693715784881,0.7622800639819864,0.42503214051545474,0.21869962576694174,2.4568822645248987,0.7572436320854806,0.4473312296348986,0.20389413938166565,2.4951333866176677,0.5502967718731507,0.747859086777284,1213997.6605606398,5178599.999999999,462768.045927955,43.464533964128826,115.30491235356487,17500.0,2.623339427263822,2.65285053898716,False
51,5,5s_cbf_dc2_site51,group_5s_23,48,False,0.559158048915636,0.6699561082229996,0.2559051889222833,0.11110401498428144,-2.1972884445171514,0.1111055355401366,0.2227740630707157,-1.5015971912122483,0.22277156320803132,0.28217925669718374,-1.2652127479448156,0.28218374027333376,0.351979698585505,-1.0441817795202735,0.35199375208851114,0.4017984297047959,0.23603505315752255,2.1931952083628956,0.5187844610797592,0.3756182366893498,0.23145404042420872,2.123153016833807,0.4993630326128849,0.363731124827966,0.23063706767156444,2.1099245093208507,0.4975737758473163,0.35172166738831795,0.23006783140105785,2.1005576311353527,0.4971470073724516,0.47114338352885365,0.29338417958728535,2.4951333866176677,0.5502967718731507,0.559158048915636,2745445.0283307657,5178599.999999999,1325230.611352936,55.85508066074131,108.4362169584033,17500.0,2.0716734165444035,1.9413850213024495,False
52,5,5s_cbf_dc2_site52,group_5s_19,44,False,0.6123663138393949,0.7262719115959145,0.1761043322176022,0.17867718023173637,-1.7221745637301051,0.17867897599534638,0.3127651391714562,-1.1623027241833181,0.31276894877930206,0.38024256196774237,-0.9669459089341376,0.3802430340159422,0.45631983637149415,-0.7845613197791306,0.4563128975615489,0.3822631132338651,0.16661050025141536,3.774233189175645,0.500165203281792,0.3829011707375035,0.16604757355464686,3.708117908447401,0.48499428720168386,0.3834846675399147,0.16591130388626368,3.68178028513481,0.48114338064160944,0.3841176377126301,0.1658014206075336,3.656465801817807,0.477972879456437,0.4573631811493961,0.27303089290034305,2.4951333866176677,0.5502967718731507,0.6123663138393948,2117504.888278441,5178599.999999999,919878.776845372,51.35767004377449,,17500.0,2.3019390615143904,,False
53,5,5s_cbf_dc2_site53,group_5s_11,36,False,0.5722611009155403,0.6823258950200654,0.2255408783249258,0.12455554552109928,-2.083003513808293,0.12455257455204927,0.23926674182909402,-1.4301762748001465,0.23926967507329083,0.307151676806703,-1.1804135921434005,0.3071651691454912,0.3911069387895041,-0.938774255650861,0.39111703405338555,0.31465233491150085,0.24738549953063932,2.5336837204300853,0.6618581047930858,0.3163793273629885,0.24279887369314854,2.394247403123545,0.6429223476005578,0.3192072642509047,0.23881701800944136,2.33225799116572,0.6212268257261185,0.3206231683340168,0.23412192791770556,2.2765690380987462,0.5944037960215673,0.4541012379562294,0.2890851633394523,2.4951333866176677,0.5502967718731507,0.5722611009155402,2544948.9496441693,5178599.999999999,1183622.91656284,53.99743241311712,,17500.0,2.1501349070145808,,False
54,5,5s_cbf_dc2_site54,group_5s_16,41,False,0.6399671589483023,0.7530092214831469,0.1546486565132333,0.11476803970816402,-2.1648422336117457,0.11476814908370706,0.21290100610349788,-1.5469279813846262,0.2128981834694954,0.26539930502848463,-1.326519775668903,0.2653918606310927,0.32630099966238807,-1.119935011757803,0.3262808348387474,0.30619041820053855,0.2496588993704824,2.60896839935237,0.6694822016802146,0.3073900894989685,0.24540353287888014,2.502957667075868,0.6583238494643748,0.30761932021618715,0.24348272701374535,2.4697988541126037,0.6511838802863249,0.3076797320657859,0.24145995880799123,2.441882360686256,0.6431004364210139,0.4778076485482885,0.2840727976042641,2.4951333866176677,0.5502967718731507,0.6399671589483028,1805785.171805038,5178599.999999999,795613.6297361512,47.76966403425261,108.28928408255751,17500.0,2.2696760139766448,2.2669048709429926,False
55,5,5s_cbf_dc2_site55,group_5s_16,41,False,0.6399671589483023,0.7530092214831469,0.1570748854698712,0.1282995428522127,-2.053387570482929,0.12882511304396593,0.22778009577919492,-1.4793746076460963,0.2286269540390678,0.27712267501617605,-1.2832950007383161,0.27800486990953094,0.33513219626654744,-1.0932302092763397,0.33620283762544556,0.45244295934299705,0.16453546205798744,3.9123762755313707,0.49780150796793954,0.45310884771308657,0.16357247108721706,3.8440609027278962,0.4834083155539474,0.45363221989590385,0.16334855674736423,3.8171825049724526,0.4800261679791971,0.4542035260362638,0.1631608148306465,3.7902410938559497,0.47716982794889373,0.4778076485482885,0.2840727976042641,2.4951333866176677,0.5502967718731507,0.6399671589483028,1805785.171805038,5178599.999999999,795613.6297361512,47.76966403425261,108.28928408255751,17500.0,2.2696760139766448,2.2669048709429926,False
56,5,5s_cbf_dc2_site56,group_5s_17,42,False,0.6253410010579924,0.7401887876089926,0.1671503928968236,0.13248111712090932,-2.021315156006726,0.13251937792054994,0.23433385332506737,-1.4510084568161519,0.23460443604640951,0.2837620877973052,-1.2596191109271715,0.28409121919779834,0.34266900508358294,-1.0709902974845407,0.34306309965299364,0.4480232564424204,0.16482308927492528,3.919810176925418,0.4918292836682117,0.44819542044384597,0.16428916648339834,3.8520004007513684,0.47863262642777976,0.44857216442023584,0.16417126173365526,3.8261371863424944,0.4754784872747902,0.44901605444786064,0.16407159618784845,3.7999577023921036,0.4727267499710039,0.4688534919287932,0.2749468115978609,2.4951333866176677,0.5502967718731507,0.6253410010579925,1589379.620106442,5178599.999999999,850064.4533694036,40.35179355802326,,17500.0,1.8697166006725867,,False
57,5,5s_cbf_dc2_site57,group_5s_16,41,False,0.6399671589483023,0.7530092214831469,0.1529573824044095,0.12459056148278042,-2.0827224260374844,0.12469509132264271,0.21824997778441327,-1.5221141860520606,0.21860950117697509,0.2654160779543796,-1.326456578834605,0.265879092857521,0.31877701482829013,-1.1432634336983043,0.31944456966013796,0.45121785131491354,0.164776868315152,3.926728887600422,0.5034183145327573,0.45190604401149104,0.16367991956091393,3.8625831295104693,0.4887970255819087,0.4524122929213063,0.16341562503921292,3.8365064716697193,0.4855508502567695,0.4529336378088533,0.1632059897770614,3.8111920931415053,0.4830971104638002,0.4778076485482885,0.2840727976042641,2.4951333866176677,0.5502967718731507,0.6399671589483028,1805785.171805038,5178599.999999999,795613.6297361512,47.76966403425261,108.28928408255751,17500.0,2.2696760139766448,2.2669048709429926,False
58,5,5s_cbf_dc2_site58,group_5s_24,49,False,0.7273203767638411,0.839184535246054,0.1019141579736586,0.10766309846741655,-2.2287483861462767,0.10783190049985004,0.19138787012582267,-1.6534531764447657,0.19168877363009612,0.23595486895706447,-1.4441147254767108,0.23635101712546108,0.2824747202611741,-1.2641662182008881,0.2828972523356917,0.49232003800821594,0.15389215707416246,3.9732386348275712,0.48964166021561956,0.4913702856096519,0.15338290968958845,3.9025757557323493,0.4773871831661565,0.49141594648503084,0.153256840976282,3.8732382792880977,0.4743247295208733,0.49153905217044247,0.15316228648320476,3.847279981231882,0.47205449418898404,0.45667689773023507,0.2397566311136665,2.4951333866176677,0.5502967718731507,0.7273203767638413,1236213.556912531,5178599.999999999,527772.6584823885,41.8888734606466,108.2791613425511,17500.0,2.3423220908549256,2.5849146180614357,False
59,5,5s_cbf_dc2_site59,group_5s_25,50,True,0.560101317686857,0.6699561082229996,0.244928483104022,0.17120208512760937,-1.764910635864965,0.17067565915538488,0.29820204706117137,-1.2099840119494696,0.29742159172259214,0.3637178904800742,-1.0113767379870755,0.36291735812991166,0.4348287818288727,-0.8328029303673271,0.4338916577457687,0.41814370595645084,0.1795285669422517,3.8535991190582006,0.4856180869635871,0.4175404160116402,0.1791432616146049,3.7872809740683326,0.47342121160421574,0.4176258746778182,0.17905169539634924,3.7603789271332393,0.47020837417010164,0.41776625472688717,0.17898093409317095,3.735630361995863,0.46760362603446026,0.4688145907478696,0.29292646227627944,2.4951333866176677,0.5502967718731507,0.5601013176868567,2747065.784214803,5178599.999999999,1268386.6426024884,56.05306395616699,108.39421428850262,17500.0,2.165795264587733,1.93377857762184,False
