site,n_storeys,structure_id,tag,design_group_id,n_sites_in_group,is_representative,msa_fx_theta,msa_fx_log_theta,msa_fx_theta_bc,msa_fx_log_theta_bc,msa_fx_var_theta,msa_fx_var_log_theta,msa_fx_log_theta_bias,msa_fx_beta,msa_fx_log_beta,msa_fx_beta_bc,msa_fx_log_beta_bc,msa_fx_var_beta,msa_fx_var_log_beta,msa_fx_log_beta_bias,msa_fx_n_obs,ida_fx_theta,ida_fx_log_theta,ida_fx_theta_bc,ida_fx_log_theta_bc,ida_fx_var_theta,ida_fx_var_log_theta,ida_fx_log_theta_bias,ida_fx_beta,ida_fx_log_beta,ida_fx_beta_bc,ida_fx_log_beta_bc,ida_fx_var_beta,ida_fx_var_log_beta,ida_fx_log_beta_bias,ida_fx_n_obs,ida_ub_theta,ida_ub_log_theta,ida_ub_theta_bc,ida_ub_log_theta_bc,ida_ub_var_theta,ida_ub_var_log_theta,ida_ub_log_theta_bias,ida_ub_beta,ida_ub_log_beta,ida_ub_beta_bc,ida_ub_log_beta_bc,ida_ub_var_beta,ida_ub_var_log_beta,ida_ub_log_beta_bias,ida_ub_n_obs,ida_avg_theta,ida_avg_log_theta,ida_avg_theta_bc,ida_avg_log_theta_bc,ida_avg_var_theta,ida_avg_var_log_theta,ida_avg_log_theta_bias,ida_avg_beta,ida_avg_log_beta,ida_avg_beta_bc,ida_avg_log_beta_bc,ida_avg_var_beta,ida_avg_var_log_beta,ida_avg_log_beta_bias,ida_avg_n_obs,msa_ss_theta,msa_ss_log_theta,msa_ss_theta_bc,msa_ss_log_theta_bc,msa_ss_var_theta,msa_ss_var_log_theta,msa_ss_log_theta_bias,msa_ss_beta,msa_ss_log_beta,msa_ss_beta_bc,msa_ss_log_beta_bc,msa_ss_var_beta,msa_ss_var_log_beta,msa_ss_log_beta_bias,msa_ss_n_obs,d_ln_saratio_mean_rtp475,d_ln_saratio_sigma_rtp475,d_ln_ds595_mean_rtp475,d_ln_ds595_sigma_rtp475,ln_cs_over_avgsa_rtp475,d_ln_saratio_mean_rtp2500,d_ln_saratio_sigma_rtp2500,d_ln_ds595_mean_rtp2500,d_ln_ds595_sigma_rtp2500,ln_cs_over_avgsa_rtp2500,d_ln_saratio_mean_rtp5000,d_ln_saratio_sigma_rtp5000,d_ln_ds595_mean_rtp5000,d_ln_ds595_sigma_rtp5000,ln_cs_over_avgsa_rtp5000,d_ln_saratio_mean_rtp10000,d_ln_saratio_sigma_rtp10000,d_ln_ds595_mean_rtp10000,d_ln_ds595_sigma_rtp10000,ln_cs_over_avgsa_rtp10000,ln_T1,ln_overstrength,ln_ductility,msa_ss_stale,pushover_is_dummy
0,3,0,3s_cbf_dc2_site0,group_3s_00,8,True,0.4116651547544273,-0.8875449912562237,0.4116651547544273,-0.8875449912562237,0.00032383966701769783,0.0019064066843463205,-0.0001054018731223,0.2066018777656796,-1.5769616334430352,0.2121964957732001,-1.5502425667312565,0.0008392385455382553,0.0199333976616208,-0.0267190667117791,5000,0.3931420206240298,-0.9335843567596598,0.3931420206240298,-0.9335843567596598,0.000307860192002602,0.0019805060410604276,-0.0002699935026406,0.2162369317847635,-1.5313805660492947,0.2189614401158104,-1.5188596371987702,0.0005684719126361998,0.013430100308876864,-0.012520928850525,5000,0.4242442616884799,-0.8574459007377554,0.4242442616884799,-0.8574459007377554,0.0003559924044836573,0.0019689377016086887,-0.0002142207817281,0.2155933346748763,-1.5343613556623037,0.2176422777853667,-1.5249024915794127,0.0004354918559616834,0.010413422434807544,-0.0094588640828909,5000,0.4083971673241119,-0.8955151287487076,0.4083971673241119,-0.8955151287487076,0.0003295915408067414,0.0019659239037751407,-0.0002421071421844,0.2154459440856429,-1.5350452404136041,0.2177884920189916,-1.5242309072575877,0.0004921116732119998,0.011745968364913912,-0.0108143331560166,5000,0.42219613785067,-0.8622852912869954,0.42219613785067,-0.8622852912869954,0.00018053894603856175,0.0010094614903658013,-0.000425631298113,0.2732539428524607,-1.2973537225603864,0.2739775281142325,-1.294709190139047,0.0021186987890764713,0.026595942471064542,-0.0026445324213395,5000,-0.10421799574975282,-0.03701262779737924,0.2828771876502638,0.17401684576368215,-0.006521042529435872,-0.08599683510272993,-0.04472373423021295,0.10579107954375999,0.20594467964202012,-0.7750779202288528,-0.08022046066848643,-0.0486320738933598,0.052245841216528977,0.2196824192769503,-1.071434944688148,-0.0756725549484924,-0.0526009311881622,0.006188786827303616,0.23030223418449958,-1.3508270874881811,-0.430955138772811,1.619861077549139,,False,False
1,3,1,3s_cbf_dc2_site1,group_3s_01,6,True,0.3927314884260653,-0.9346291361817431,0.3927314884260653,-0.9346291361817431,0.00021204853629574566,0.0013555537211046667,0.0008178576293814,0.1597791072345707,-1.833962997410551,0.1650261928397132,-1.8016510731970183,0.0009143958686530213,0.03626948101304877,-0.0323119242135327,5000,0.3819996601210207,-0.9623355601115056,0.3819996601210207,-0.9623355601115056,0.00023075228069862177,0.0015732993917946282,-0.0002149337391471,0.1904015439992485,-1.6586200474180013,0.1930099662889395,-1.6450134526076934,0.0004650277223527614,0.014563964927875048,-0.0136065948103081,5000,0.4124146742084573,-0.8857259450076367,0.4124146742084573,-0.8857259450076367,0.00024615228555664547,0.001439908570685539,-0.0001836395368708,0.1820151903879138,-1.703665131718384,0.1845840170806781,-1.6896505420232082,0.00043495941988826316,0.015004101763339373,-0.0140145896951759,5000,0.3969159424570298,-0.924030752559571,0.3969159424570298,-0.924030752559571,0.00023723303371295525,0.001498201362544676,-0.000199286638009,0.1857220749445079,-1.683503943458475,0.1882999361865788,-1.6697191822113937,0.0004468233702770874,0.014757455724310052,-0.0137847612470816,5000,0.4170793159320563,-0.8744788691981396,0.4170793159320563,-0.8744788691981396,0.00012541002288564654,0.0007181247019809316,0.0002422487999803,0.2253254194208615,-1.4902096131373728,0.2277604438051846,-1.4794608874491648,0.0011499467402402027,0.022018410958183895,-0.0107487256882081,5000,-0.02720148972335884,-0.0321564399539111,-0.036570944572834385,0.029317157236537605,0.24409184967434316,-0.025738820218418557,-0.03913192745158062,-0.2389517253526754,-0.009573830222359248,-0.5929652576895791,-0.026055653377662802,-0.04273795612929274,-0.31375218324067955,-0.028730924182546858,-0.9368496214876962,-0.0292903049042344,-0.04645796775065095,-0.37692939055936847,-0.04749382397341784,-1.2870614020813311,-0.48986002690965635,1.4260331562033328,1.8941617141962017,False,False
2,3,1,3s_cbf_dc2_site2,group_3s_01,6,False,0.3927314884260653,-0.9346291361817431,0.3927314884260653,-0.9346291361817431,0.00021204853629574566,0.0013555537211046667,0.0008178576293814,0.1597791072345707,-1.833962997410551,0.1650261928397132,-1.8016510731970183,0.0009143958686530213,0.03626948101304877,-0.0323119242135327,5000,0.3819996601210207,-0.9623355601115056,0.3819996601210207,-0.9623355601115056,0.00023075228069862177,0.0015732993917946282,-0.0002149337391471,0.1904015439992485,-1.6586200474180013,0.1930099662889395,-1.6450134526076934,0.0004650277223527614,0.014563964927875048,-0.0136065948103081,5000,0.4124146742084573,-0.8857259450076367,0.4124146742084573,-0.8857259450076367,0.00024615228555664547,0.001439908570685539,-0.0001836395368708,0.1820151903879138,-1.703665131718384,0.1845840170806781,-1.6896505420232082,0.00043495941988826316,0.015004101763339373,-0.0140145896951759,5000,0.3969159424570298,-0.924030752559571,0.3969159424570298,-0.924030752559571,0.00023723303371295525,0.001498201362544676,-0.000199286638009,0.1857220749445079,-1.683503943458475,0.1882999361865788,-1.6697191822113937,0.0004468233702770874,0.014757455724310052,-0.0137847612470816,5000,0.4107026567562534,-0.8898857891916223,0.4107026567562534,-0.8898857891916223,0.00012139545076670639,0.0007175811229481331,0.0002690206531226,0.2299639010526963,-1.4698329343219858,0.2324835578481301,-1.4589357753882015,0.0014333522740938081,0.025958765539625825,-0.0108971589337845,5000,-0.00393209039915432,-0.02794507264762333,-0.03838353909245429,0.029027248683100804,0.5374105820867783,-0.0031686485095464567,-0.036322457670910885,-0.2472316941885886,-0.028527044071622543,-0.33816223044911975,-0.005046602976994996,-0.03914061471571187,-0.310229609843498,-0.046373007955998635,-0.656322202454713,-0.00841154584185233,-0.04137383960877358,-0.3600887186610504,-0.05952547237664951,-0.9506348405971639,-0.48986002690965635,1.4260331562033328,1.8941617141962017,False,False
3,3,2,3s_cbf_dc2_site3,group_3s_02,1,True,0.4029971081561219,-0.908825892852461,0.4029971081561219,-0.908825892852461,0.00024624671998506645,0.001505078405174942,0.0001840706066201,0.1812656711156333,-1.7077915276572861,0.1860027389647845,-1.6819938797602356,0.0009975775203095014,0.030072709908371454,-0.0257976478970507,5000,0.3825272841732061,-0.960955297087713,0.3825272841732061,-0.960955297087713,0.00022327326498921394,0.0015168531862572185,-0.0003709427363385,0.1888679656835177,-1.6667071023202773,0.193974216196234,-1.6400300349566006,0.0008368786166498834,0.026827598015647356,-0.0266770673636769,5000,0.4140049246107485,-0.8818774100325253,0.4140049246107485,-0.8818774100325253,0.00025067500278559484,0.0014556369967321696,-0.0002733066996373,0.1848981913458847,-1.6879499224330887,0.1888596191299723,-1.6667512958284156,0.0006267510378590611,0.02083572234813881,-0.0211986266046733,5000,0.397954996759285,-0.9214163535601192,0.397954996759285,-0.9214163535601192,0.0002356357996003327,0.001480025491672075,-0.0003221247179879,0.1865005656576242,-1.6793210068861146,0.1910013651843445,-1.6554747033990378,0.0007244296281264651,0.023733399841806738,-0.0238463034870768,5000,0.4458418443580422,-0.80779099891342,0.4458418443580422,-0.80779099891342,0.00018503292981180452,0.0009258039518704229,0.0006066394023148,0.244984466594723,-1.4065604721015716,0.2479975193331761,-1.3943365355559882,0.0011910855212489517,0.019617200704247224,-0.0122239365455838,5000,-0.01943672384794526,-0.04574446372422225,-0.048037213167432036,-0.009400035614212099,0.4416454721616082,-0.021871233953157654,-0.05156744831246399,-0.2371947765929603,-0.04995840499321691,-0.42907372676670885,-0.02331551769886059,-0.0529754584401399,-0.2967479868163103,-0.05954479413761099,-0.7392456650241738,-0.024985707435137894,-0.05409565275564063,-0.3476478939061809,-0.06662442784739453,-1.0268219312083264,-0.4461505735171051,1.5290045351075154,2.2488246677737727,False,False
4,3,0,3s_cbf_dc2_site4,group_3s_00,8,False,0.4116651547544273,-0.8875449912562237,0.4116651547544273,-0.8875449912562237,0.00032383966701769783,0.0019064066843463205,-0.0001054018731223,0.2066018777656796,-1.5769616334430352,0.2121964957732001,-1.5502425667312565,0.0008392385455382553,0.0199333976616208,-0.0267190667117791,5000,0.3931420206240298,-0.9335843567596598,0.3931420206240298,-0.9335843567596598,0.000307860192002602,0.0019805060410604276,-0.0002699935026406,0.2162369317847635,-1.5313805660492947,0.2189614401158104,-1.5188596371987702,0.0005684719126361998,0.013430100308876864,-0.012520928850525,5000,0.4242442616884799,-0.8574459007377554,0.4242442616884799,-0.8574459007377554,0.0003559924044836573,0.0019689377016086887,-0.0002142207817281,0.2155933346748763,-1.5343613556623037,0.2176422777853667,-1.5249024915794127,0.0004354918559616834,0.010413422434807544,-0.0094588640828909,5000,0.4083971673241119,-0.8955151287487076,0.4083971673241119,-0.8955151287487076,0.0003295915408067414,0.0019659239037751407,-0.0002421071421844,0.2154459440856429,-1.5350452404136041,0.2177884920189916,-1.5242309072575877,0.0004921116732119998,0.011745968364913912,-0.0108143331560166,5000,0.423892270005994,-0.8582759362085579,0.423892270005994,-0.8582759362085579,0.000333101249631854,0.0017835415314665505,0.0035600380922476,0.351250286141294,-1.0462562436973775,0.349465052383896,-1.0513517154870478,0.005596669935510833,0.038978525544897794,0.0050954717896702,5000,-0.27307663163034945,-0.026330710492346032,0.771771032496825,0.1525372095393892,-0.1509347788689061,-0.2739725051458345,-0.00876629626909231,0.6411231360676184,0.2423189950463862,-0.7634930180674239,-0.26611615766826824,-0.0014394284416598402,0.5676057694327374,0.2784566512089418,-0.9901029251797955,-0.25340163054555037,0.004961468115055656,0.4799885022055008,0.30984589164988185,-1.210349130710218,-0.430955138772811,1.619861077549139,,False,False
5,3,1,3s_cbf_dc2_site5,group_3s_01,6,False,0.3927314884260653,-0.9346291361817431,0.3927314884260653,-0.9346291361817431,0.00021204853629574566,0.0013555537211046667,0.0008178576293814,0.1597791072345707,-1.833962997410551,0.1650261928397132,-1.8016510731970183,0.0009143958686530213,0.03626948101304877,-0.0323119242135327,5000,0.3819996601210207,-0.9623355601115056,0.3819996601210207,-0.9623355601115056,0.00023075228069862177,0.0015732993917946282,-0.0002149337391471,0.1904015439992485,-1.6586200474180013,0.1930099662889395,-1.6450134526076934,0.0004650277223527614,0.014563964927875048,-0.0136065948103081,5000,0.4124146742084573,-0.8857259450076367,0.4124146742084573,-0.8857259450076367,0.00024615228555664547,0.001439908570685539,-0.0001836395368708,0.1820151903879138,-1.703665131718384,0.1845840170806781,-1.6896505420232082,0.00043495941988826316,0.015004101763339373,-0.0140145896951759,5000,0.3969159424570298,-0.924030752559571,0.3969159424570298,-0.924030752559571,0.00023723303371295525,0.001498201362544676,-0.000199286638009,0.1857220749445079,-1.683503943458475,0.1882999361865788,-1.6697191822113937,0.0004468233702770874,0.014757455724310052,-0.0137847612470816,5000,0.3926525959775994,-0.9348300377541023,0.3926525959775994,-0.9348300377541023,8.795909076315119e-05,0.0005699234497099437,0.0002150490242116,0.2128562078932014,-1.5471384215556394,0.2144212103111418,-1.539812925988583,0.0012224168710352008,0.025670935923796937,-0.0073254955670563,5000,0.0037502089589703247,-0.035060073104933004,-0.05409045613431296,-0.009403021002298173,0.5935975391748392,-0.0241713205275762,-0.04119626844271421,-0.20467391631922682,-0.03903308176113862,-0.4067222312914242,-0.03527166673593374,-0.04301211882284042,-0.2482082849956022,-0.0441216762390062,-0.7718944834396725,-0.045383051070742475,-0.04456766178247723,-0.2841202797196911,-0.04671672539268479,-1.1078638938160246,-0.48986002690965635,1.4260331562033328,1.8941617141962017,False,False
6,3,1,3s_cbf_dc2_site6,group_3s_01,6,False,0.3927314884260653,-0.9346291361817431,0.3927314884260653,-0.9346291361817431,0.00021204853629574566,0.0013555537211046667,0.0008178576293814,0.1597791072345707,-1.833962997410551,0.1650261928397132,-1.8016510731970183,0.0009143958686530213,0.03626948101304877,-0.0323119242135327,5000,0.3819996601210207,-0.9623355601115056,0.3819996601210207,-0.9623355601115056,0.00023075228069862177,0.0015732993917946282,-0.0002149337391471,0.1904015439992485,-1.6586200474180013,0.1930099662889395,-1.6450134526076934,0.0004650277223527614,0.014563964927875048,-0.0136065948103081,5000,0.4124146742084573,-0.8857259450076367,0.4124146742084573,-0.8857259450076367,0.00024615228555664547,0.001439908570685539,-0.0001836395368708,0.1820151903879138,-1.703665131718384,0.1845840170806781,-1.6896505420232082,0.00043495941988826316,0.015004101763339373,-0.0140145896951759,5000,0.3969159424570298,-0.924030752559571,0.3969159424570298,-0.924030752559571,0.00023723303371295525,0.001498201362544676,-0.000199286638009,0.1857220749445079,-1.683503943458475,0.1882999361865788,-1.6697191822113937,0.0004468233702770874,0.014757455724310052,-0.0137847612470816,5000,0.384952050939589,-0.9546364954645326,0.384952050939589,-0.9546364954645326,9.340900346292881e-05,0.0006327823750509108,-0.0003561733360353,0.2173290891302294,-1.5263425344561674,0.2191564319733431,-1.5179695029092106,0.0013231010833075153,0.026393041174127965,-0.008373031546957,5000,-0.02792305248436383,-0.035080252526124844,-0.05000898345189908,0.010018258301842775,0.2326127121287691,-0.031886648794182126,-0.041224079353111565,-0.23430951739222694,-0.04395315165953961,-0.5654405503281849,-0.036109615191814715,-0.04256669884153885,-0.28263458164195576,-0.0551284715199134,-0.853008852506865,-0.041023345937575895,-0.04349011481098733,-0.32147523760157615,-0.06228253003518591,-1.1213460056145321,-0.48986002690965635,1.4260331562033328,1.8941617141962017,False,False
7,3,3,3s_cbf_dc2_site7,group_3s_03,5,True,0.4942956691778448,-0.7046214202333093,0.4942956691778448,-0.7046214202333093,0.0003564580007095731,0.001451765460766396,2.4640083046145733e-05,0.1697986478752992,-1.773141968179592,0.1763452331689444,-1.7353116531789061,0.001533999429228023,0.05296483706215019,-0.0378303150006857,5000,0.4662304077528491,-0.7630753298124323,0.4662304077528491,-0.7630753298124323,0.0003454910021259351,0.001582031196669464,-0.0001592522429535,0.1908119170136356,-1.6564670637756354,0.193488882861519,-1.642535221074829,0.0005156272019083085,0.015774557216987405,-0.0139318427008063,5000,0.5026681103483441,-0.6878251470406922,0.5026681103483441,-0.6878251470406922,0.00036340482104536083,0.0014332566323494835,-0.0002161538003125,0.1822022244624404,-1.702638085326085,0.1848321442850072,-1.688307193964338,0.00047411157804946614,0.01589332852749876,-0.0143308913617474,5000,0.4841065565059645,-0.7254502384265623,0.4841065565059645,-0.7254502384265623,0.000352078362902031,0.0014962704052307496,-0.0001877030216329,0.1858806395959118,-1.682650533863641,0.1885240833497588,-1.6685295171263912,0.000491777914868112,0.015837360753825202,-0.0141210167372503,5000,0.4680056357660659,-0.7592749409018139,0.4680056357660659,-0.7592749409018139,8.84584211709947e-05,0.0004040645882440835,-0.0005531690611065,0.1442799344163655,-1.9359998775049456,0.146904295705707,-1.9179739538492768,0.00026579530483245283,0.013433981765517794,-0.0180259236556687,5000,-0.1083256705406424,-0.1120349508122595,0.03203649803476294,0.09575692115379808,0.37965437781386724,-0.13754678954889027,-0.1176303263303417,-0.10627684567178486,0.03299830395615044,-0.40452769955825746,-0.1486815105213945,-0.11856174159269547,-0.1402372891405581,0.018603195128948147,-0.6682973478035013,-0.1589379842703601,-0.11913626086541634,-0.16795985130534596,0.008748117507676345,-0.9112976347356231,-0.6761958488891062,1.320332251948192,1.5514027812031137,False,False
8,3,0,3s_cbf_dc2_site8,group_3s_00,8,False,0.4116651547544273,-0.8875449912562237,0.4116651547544273,-0.8875449912562237,0.00032383966701769783,0.0019064066843463205,-0.0001054018731223,0.2066018777656796,-1.5769616334430352,0.2121964957732001,-1.5502425667312565,0.0008392385455382553,0.0199333976616208,-0.0267190667117791,5000,0.3931420206240298,-0.9335843567596598,0.3931420206240298,-0.9335843567596598,0.000307860192002602,0.0019805060410604276,-0.0002699935026406,0.2162369317847635,-1.5313805660492947,0.2189614401158104,-1.5188596371987702,0.0005684719126361998,0.013430100308876864,-0.012520928850525,5000,0.4242442616884799,-0.8574459007377554,0.4242442616884799,-0.8574459007377554,0.0003559924044836573,0.0019689377016086887,-0.0002142207817281,0.2155933346748763,-1.5343613556623037,0.2176422777853667,-1.5249024915794127,0.0004354918559616834,0.010413422434807544,-0.0094588640828909,5000,0.4083971673241119,-0.8955151287487076,0.4083971673241119,-0.8955151287487076,0.0003295915408067414,0.0019659239037751407,-0.0002421071421844,0.2154459440856429,-1.5350452404136041,0.2177884920189916,-1.5242309072575877,0.0004921116732119998,0.011745968364913912,-0.0108143331560166,5000,0.4311933816832463,-0.8411986081061464,0.4311933816832463,-0.8411986081061464,8.146116222469316e-05,0.00043530520504657524,0.0009724178730854,0.1677922760218556,-1.7850285168675089,0.1705052382829912,-1.7689892596631123,0.0008070619324547026,0.02863113623065585,-0.0160392572043968,5000,-0.094829036647128,-0.05293601485445584,0.25219041691185407,0.041956344470077345,0.15913911754474588,-0.0857658009202546,-0.053471438856755815,0.045446252455311864,0.024786887767768162,-0.5057648423705734,-0.0800876173741587,-0.05362343171580716,-0.03653694168773436,0.017262210696362135,-0.7543345143599126,-0.07355352961507194,-0.053967643037131224,-0.11506639870062507,0.008445754797396177,-0.9859874420096503,-0.430955138772811,1.619861077549139,,False,False
9,3,4,3s_cbf_dc2_site9,group_3s_04,3,True,0.3861144912610446,-0.9516213440126315,0.3861144912610446,-0.9516213440126315,0.0002323799975935195,0.0015509869538054975,0.0004968498696868,0.1776826339406378,-1.7277562754365148,0.1831720576950428,-1.6973293618736736,0.0008625505084794968,0.0275747953458665,-0.0304269135628414,5000,0.3601987280197424,-1.0210993775631672,0.3601987280197424,-1.0210993775631672,0.00019044105414426772,0.0014611231985062387,0.0001547643818298,0.1821170422215884,-1.7031057094689395,0.1854008791164705,-1.6852348841330886,0.0005707154892339448,0.019060316023228628,-0.0178708253358506,5000,0.3932496781473053,-0.9333105554870464,0.3932496781473053,-0.9333105554870464,0.00022509064186860788,0.0014479782145375975,0.0001959884265002,0.1811795823915252,-1.7082665716805918,0.1844784382013529,-1.6902226884482603,0.0005753789972803011,0.019318021692608583,-0.0180438832323317,5000,0.376361573307946,-0.977204966525107,0.376361573307946,-0.977204966525107,0.00020635954205352504,0.0014497193361129176,0.0001753764041652,0.1813396543927144,-1.7073834626185058,0.1846522170089523,-1.6892811312083789,0.0005756654167469078,0.019355126715006905,-0.0181023314101274,5000,0.3881322783478034,-0.9464090738832883,0.3881322783478034,-0.9464090738832883,7.326736061286554e-05,0.00048567624504258333,0.0003531448774062,0.1728025536464344,-1.7556056446748807,0.1757819472862824,-1.738510987932926,0.0005546393360655738,0.018918534066192032,-0.0170946567419547,5000,-0.05918173006717797,-0.03904549905478186,-0.022281079308459795,0.06701630024347782,0.0931426765174358,-0.04448423831986009,-0.04906851436865495,-0.27618323973599246,-0.01019693055898041,-0.6560699666350905,-0.045294632585548,-0.05261702363556825,-0.3413211755238166,-0.034182624936771044,-0.9384680692319906,-0.04948487040042571,-0.05516083862172094,-0.3867320550775637,-0.049780802619980524,-1.1980560269191796,-0.5684666423704852,1.6333326287246797,1.4487541529745753,False,False
10,3,3,3s_cbf_dc2_site10,group_3s_03,5,False,0.4942956691778448,-0.7046214202333093,0.4942956691778448,-0.7046214202333093,0.0003564580007095731,0.001451765460766396,2.4640083046145733e-05,0.1697986478752992,-1.773141968179592,0.1763452331689444,-1.7353116531789061,0.001533999429228023,0.05296483706215019,-0.0378303150006857,5000,0.4662304077528491,-0.7630753298124323,0.4662304077528491,-0.7630753298124323,0.0003454910021259351,0.001582031196669464,-0.0001592522429535,0.1908119170136356,-1.6564670637756354,0.193488882861519,-1.642535221074829,0.0005156272019083085,0.015774557216987405,-0.0139318427008063,5000,0.5026681103483441,-0.6878251470406922,0.5026681103483441,-0.6878251470406922,0.00036340482104536083,0.0014332566323494835,-0.0002161538003125,0.1822022244624404,-1.702638085326085,0.1848321442850072,-1.688307193964338,0.00047411157804946614,0.01589332852749876,-0.0143308913617474,5000,0.4841065565059645,-0.7254502384265623,0.4841065565059645,-0.7254502384265623,0.000352078362902031,0.0014962704052307496,-0.0001877030216329,0.1858806395959118,-1.682650533863641,0.1885240833497588,-1.6685295171263912,0.000491777914868112,0.015837360753825202,-0.0141210167372503,5000,0.496506202316115,-0.7001593034981678,0.496506202316115,-0.7001593034981678,0.00014441657362356,0.0005865542561113209,0.0004159930891939,0.2043629531381887,-1.587857683957534,0.2077703266930859,-1.5713220079481547,0.0011629904620538997,0.028124589431872668,-0.0165356760093797,5000,-0.040502328008873545,-0.11717038799354257,-0.23427415835910503,-0.03448432666220713,0.5335113982617803,-0.05990345850264256,-0.12503547572929796,-0.39300817032698987,-0.07268497892523024,-0.3721123708604873,-0.07205886024344671,-0.12634257306361388,-0.4235769306720285,-0.07688177958986364,-0.6684831972028911,-0.08364622192337073,-0.12709329445280318,-0.44363561638311877,-0.07852282800337923,-0.911736175997521,-0.6761958488891062,1.320332251948192,1.5514027812031137,False,False
11,3,3,3s_cbf_dc2_site11,group_3s_03,5,False,0.4942956691778448,-0.7046214202333093,0.4942956691778448,-0.7046214202333093,0.0003564580007095731,0.001451765460766396,2.4640083046145733e-05,0.1697986478752992,-1.773141968179592,0.1763452331689444,-1.7353116531789061,0.001533999429228023,0.05296483706215019,-0.0378303150006857,5000,0.4662304077528491,-0.7630753298124323,0.4662304077528491,-0.7630753298124323,0.0003454910021259351,0.001582031196669464,-0.0001592522429535,0.1908119170136356,-1.6564670637756354,0.193488882861519,-1.642535221074829,0.0005156272019083085,0.015774557216987405,-0.0139318427008063,5000,0.5026681103483441,-0.6878251470406922,0.5026681103483441,-0.6878251470406922,0.00036340482104536083,0.0014332566323494835,-0.0002161538003125,0.1822022244624404,-1.702638085326085,0.1848321442850072,-1.688307193964338,0.00047411157804946614,0.01589332852749876,-0.0143308913617474,5000,0.4841065565059645,-0.7254502384265623,0.4841065565059645,-0.7254502384265623,0.000352078362902031,0.0014962704052307496,-0.0001877030216329,0.1858806395959118,-1.682650533863641,0.1885240833497588,-1.6685295171263912,0.000491777914868112,0.015837360753825202,-0.0141210167372503,5000,0.5005660200693369,-0.692015780695544,0.5005660200693369,-0.692015780695544,0.00020860957447096454,0.000826546061846011,0.0007923049365649,0.2290131409919561,-1.4739758928299604,0.2310220154520721,-1.4652422680142503,0.0011863424316163004,0.022000089192803104,-0.0087336248157103,5000,-0.11562739505349073,-0.10624041059653849,0.014660025634053664,0.030436759891961374,0.401951029901165,-0.1183554537670703,-0.10741929841823475,-0.14072182219347873,0.015096269717003508,-0.2392042454532862,-0.11743052717391594,-0.10832378263792317,-0.202721393369921,0.006912159177334898,-0.4821887684375838,-0.11619889286608548,-0.10976400294594932,-0.2616161444140035,-0.0030896565837862378,-0.7142698386712474,-0.6761958488891062,1.320332251948192,1.5514027812031137,False,False
12,3,5,3s_cbf_dc2_site12,group_3s_05,1,True,0.374906652846044,-0.9810782097427643,0.374906652846044,-0.9810782097427643,0.00027925563511038075,0.001979690804485932,-0.0001998281637662,0.2028413576655989,-1.595331094794348,0.207672556069609,-1.57179268937917,0.0018755097722448796,0.043124477229180794,-0.0235384054151783,5000,0.3622831388882218,-1.015329221252623,0.3622831388882218,-1.015329221252623,0.00019834901719399247,0.0015073439186873549,-0.0003340130472784,0.188021983927586,-1.6711963872036117,0.191571457662895,-1.6524943928987625,0.0006685329106155069,0.02202387884974595,-0.0187019943048492,5000,0.3904911369622162,-0.9403500065996202,0.3904911369622162,-0.9403500065996202,0.00020349291678235099,0.001331677375818948,-0.0001599378172536,0.1761964082119258,-1.7361559504101571,0.1797836062087158,-1.7160013390286304,0.0006286021168813696,0.02358818434259282,-0.0201546113815269,5000,0.3761227921925262,-0.9778396139261214,0.3761227921925262,-0.9778396139261214,0.00019929508730873256,0.0014055765137383819,-0.000246975432266,0.1813023226608156,-1.707589350157141,0.1848434777694195,-1.688245878130998,0.0006423930286103419,0.022791485083954063,-0.0193434720261433,5000,0.3528006555198341,-1.0418520968018106,0.3528006555198341,-1.0418520968018106,0.00012955886446856956,0.0010374653357450735,-0.0004742230949899,0.3133792383638497,-1.160341197700526,0.3162553237973745,-1.151205404940204,0.0014357654760025038,0.014386995617076454,-0.0091357927603221,5000,-0.15201290724550448,-0.03021385297591339,0.6873741425797406,0.36925289622725377,-0.18418541902692187,-0.13222440774327732,-0.03863610406691667,0.5545297277438195,0.4188597166514352,-0.8357189681605323,-0.12276282963308449,-0.04296028519278297,0.4816185647803879,0.42733331691630316,-1.0821659920647955,-0.11418667497629142,-0.047121446394664424,0.403922379001755,0.4291645501677034,-1.3135990144860263,-0.5120876171407703,1.3729400490089863,1.724696467861131,False,False
13,3,6,3s_cbf_dc2_site13,group_3s_06,2,True,0.3746444075628903,-0.9817779493808112,0.3746444075628903,-0.9817779493808112,0.00031355211528935964,0.002221321928315423,-0.0002960871342155,0.2150001194321333,-1.5371166953563342,0.2200141887092093,-1.5140632405766632,0.0020783147186178657,0.04242492808024687,-0.023053454779671,5000,0.3562756440191636,-1.0320505667782565,0.3562756440191636,-1.0320505667782565,0.0001795221317063654,0.0014085591941681809,-0.000415915521396,0.1807604047182646,-1.710582855460238,0.1849374078450143,-1.6877378471252364,0.0007207244342075069,0.026238250797076566,-0.022845008335002,5000,0.384117463536578,-0.9568068785441275,0.384117463536578,-0.9568068785441275,0.00019293632950213784,0.0013021622834494505,-0.0002286683805196,0.1734906362486529,-1.7516316508000407,0.1774667250974433,-1.7289721518800396,0.000663450307456144,0.026147637392545726,-0.022659498920001,5000,0.3699347195121079,-0.994428722661192,0.3699347195121079,-0.994428722661192,0.00018434371925017058,0.0013415323510663514,-0.0003222919509577,0.1762573547741561,-1.7358101089453284,0.1803393948956542,-1.7129146762689267,0.0006899048118620539,0.026455671174886054,-0.0228954326764019,5000,0.4018792114770341,-0.9116037044755608,0.4018792114770341,-0.9116037044755608,0.0001305012239571615,0.0008051231315812107,0.0002214757654231,0.2378475545257238,-1.436125337738692,0.2406711175754077,-1.4243239348477925,0.0011646415050298497,0.020208940014726996,-0.0118014028908994,5000,-0.099989388187459,-0.012964451590404213,0.23733561405893155,0.2174900414618337,0.04093387167640218,-0.07554626336292525,-0.01910068335740045,-0.022307531499353495,0.17675482317253488,-0.6567147496471173,-0.06420508290773513,-0.02405351570770209,-0.12546603450104898,0.14405408393881403,-0.9220312454783887,-0.054148380191927414,-0.02990264915110416,-0.21969848506431644,0.10575309298921609,-1.1781278346100317,-0.5103121577875183,1.3921040202282682,1.7251491891296573,False,False
14,3,7,3s_cbf_dc2_site14,group_3s_07,1,True,0.3754285920415873,-0.9796869935276573,0.3754285920415873,-0.9796869935276573,0.0002903505414104146,0.002050216326969872,2.6555507588565952e-05,0.2035941266243569,-1.5916268423429067,0.2086451299611757,-1.5671204129254537,0.0018909899336748944,0.04327862766018687,-0.024506429417453,5000,0.3626732810239567,-1.0142529022831437,0.3626732810239567,-1.0142529022831437,0.00020036472735672825,0.0015187246539293943,-0.0002639685331253,0.1887337950288687,-1.6674177486903707,0.1921773345933963,-1.6493367155527652,0.0006569446181815251,0.02142033318182192,-0.0180810331376053,5000,0.3903820301494932,-0.9406294548327734,0.3903820301494932,-0.9406294548327734,0.00020341536660839938,0.0013311395603386336,-0.0001159078614708,0.1761539673358679,-1.7363968519627504,0.1797968268606865,-1.715927805261157,0.0006389894975639876,0.024023981912255608,-0.0204690467015933,5000,0.3762726826745597,-0.9774411785579584,0.3762726826745597,-0.9774411785579584,0.00020024506181044168,0.0014104475735698294,-0.0001899381972985,0.1816115082450114,-1.7058854434295914,0.185121021631987,-1.6867454967966673,0.000640943502037368,0.022647259854751405,-0.0191399466329242,5000,0.3718911994420027,-0.9891539421063054,0.3718911994420027,-0.9891539421063054,9.527216443198634e-05,0.0006885492261504414,-0.0001064988467619,0.2176824094217229,-1.5247181159276328,0.2198381842069349,-1.514863529594095,0.0009317623716789919,0.019412086409864703,-0.0098545863335379,5000,-0.14660997286871214,-0.019066610420838792,0.35439305147219446,0.20974354933313577,-0.12728304044755834,-0.1368815141730767,-0.019951525294509997,0.14934745264156213,0.1932839207804099,-0.7648269678270364,-0.12899236869541786,-0.022675759174147214,0.06206393966354984,0.17465254776430772,-1.003734616771449,-0.12056243698476099,-0.02665995111012448,-0.021822677375438637,0.14922980095723903,-1.230107696113632,-0.5161734478220018,1.2765042216337112,1.7402212758358169,False,False
15,3,8,3s_cbf_dc2_site15,group_3s_08,1,True,0.3843347288509862,-0.9562414163791427,0.3843347288509862,-0.9562414163791427,0.00023791890285303481,0.001595765636472235,0.0012072743787912,0.1751141831445634,-1.7423170427161718,0.1802456152774238,-1.7134348288970118,0.001122684258516952,0.036279060526799425,-0.02888221381916,5000,0.3606346048078661,-1.0198900082918017,0.3606346048078661,-1.0198900082918017,0.00019562754997949085,0.0014978058237875016,0.0001618054285581,0.1845395250739869,-1.6898916104018162,0.1876976818152826,-1.6729226859439246,0.0005570438331467954,0.01807855905335971,-0.0169689244578916,5000,0.3936142996383969,-0.9323837840818651,0.3936142996383969,-0.9323837840818651,0.00023032317839470848,0.0014794114135626808,0.0001974178762585,0.1832093045752429,-1.6971260388656602,0.1863878287316966,-1.6799256753663294,0.0005603937118635587,0.01834958200047952,-0.0172003634993309,5000,0.3767637686891061,-0.9761368961868334,0.3767637686891061,-0.9761368961868334,0.0002117003143178935,0.0014845841587378594,0.0001796116524086,0.1836179577753137,-1.6948979963450235,0.1868026259470878,-1.677702695753611,0.0005606139595035314,0.01833735242995451,-0.0171953005914127,5000,0.4040758718868533,-0.9061526169533868,0.4040758718868533,-0.9061526169533868,8.132766188871765e-05,0.0004974707280797996,-1.4590309722173345e-05,0.2245219270630336,-1.493781905909904,0.226234811051311,-1.4861818321305227,0.0005529227937772705,0.010919075713135542,-0.0076000737793815,5000,-0.03785021524016241,-0.04684176287379138,-0.14295240447440483,-0.014572200702345217,-0.018156071827094604,-0.05245855137273964,-0.051536378754267836,-0.2733906444686114,-0.035019845924230686,-0.8674269941979514,-0.0583525496901699,-0.05278429801256124,-0.312958352820742,-0.038663810273329324,-1.170290048886834,-0.06465617342005414,-0.05407499085592504,-0.34555672586590713,-0.04145934611196389,-1.4511659638784906,-0.569143042123525,1.6573638100099757,1.4498501116562454,False,False
16,3,1,3s_cbf_dc2_site16,group_3s_01,6,False,0.3927314884260653,-0.9346291361817431,0.3927314884260653,-0.9346291361817431,0.00021204853629574566,0.0013555537211046667,0.0008178576293814,0.1597791072345707,-1.833962997410551,0.1650261928397132,-1.8016510731970183,0.0009143958686530213,0.03626948101304877,-0.0323119242135327,5000,0.3819996601210207,-0.9623355601115056,0.3819996601210207,-0.9623355601115056,0.00023075228069862177,0.0015732993917946282,-0.0002149337391471,0.1904015439992485,-1.6586200474180013,0.1930099662889395,-1.6450134526076934,0.0004650277223527614,0.014563964927875048,-0.0136065948103081,5000,0.4124146742084573,-0.8857259450076367,0.4124146742084573,-0.8857259450076367,0.00024615228555664547,0.001439908570685539,-0.0001836395368708,0.1820151903879138,-1.703665131718384,0.1845840170806781,-1.6896505420232082,0.00043495941988826316,0.015004101763339373,-0.0140145896951759,5000,0.3969159424570298,-0.924030752559571,0.3969159424570298,-0.924030752559571,0.00023723303371295525,0.001498201362544676,-0.000199286638009,0.1857220749445079,-1.683503943458475,0.1882999361865788,-1.6697191822113937,0.0004468233702770874,0.014757455724310052,-0.0137847612470816,5000,0.4329192091982722,-0.8372041522262855,0.4329192091982722,-0.8372041522262855,0.00011984721019222945,0.0006356288399775413,0.0002153232163993,0.2008548231609168,-1.6051729047190084,0.2038218627093206,-1.5905088886314913,0.000845463862908574,0.020777529765256823,-0.0146640160875175,5000,-0.06962827943012168,-0.01284445942992124,0.0697523735001444,0.08152222636627549,-0.0073419477917042895,-0.04225469454143033,-0.01751105617368298,-0.1609390172257621,0.0560830182861074,-0.7105727160761075,-0.029517508068422293,-0.02222372597917338,-0.2553454217496043,0.03334408960416835,-0.9854496232285961,-0.018890202506362808,-0.02810338274399593,-0.3408148741131689,0.005736889620499119,-1.2530641140081402,-0.48986002690965635,1.4260331562033328,1.8941617141962017,False,False
17,3,9,3s_cbf_dc2_site17,group_3s_09,2,True,0.445385298446924,-0.8088155322318655,0.445385298446924,-0.8088155322318655,0.00032582122858530835,0.0016216319196246116,0.0006560318632099,0.187704193666922,-1.6728879932475618,0.1926769227465135,-1.6467404681463151,0.0006986893807151895,0.02052404063586515,-0.026147525101247,5000,0.4309343674068464,-0.8417994802726353,0.4309343674068464,-0.8417994802726353,0.00024125344100975893,0.0012942376807054273,-4.961261526370553e-05,0.1716168973663696,-1.76249062727509,0.1735489065926787,-1.751295836938045,0.0003125337636262239,0.011831414711253882,-0.0111947903370455,5000,0.4627608557968049,-0.7705448684913132,0.4627608557968049,-0.7705448684913132,0.0002495647543530314,0.0011621140754295236,2.9875222530173492e-05,0.1627769115352724,-1.8153746565076616,0.1645315967846459,-1.8046526495030615,0.0002652034836749629,0.011072162559659478,-0.0107220070046005,5000,0.4465641685731704,-0.8061721743819744,0.4465641685731704,-0.8061721743819744,0.0002438554763786535,0.001218798025688155,-9.868696366654994e-06,0.166596500464987,-1.7921805550823386,0.1683755408759564,-1.781558431927406,0.00027816336818238155,0.011111225373229516,-0.0106221231549328,5000,0.4178173215190569,-0.8727109718414777,0.4178173215190569,-0.8727109718414777,0.000108198037774964,0.0006176663416582721,0.0003972928389593,0.2172271893179463,-1.5268115177349948,0.2190901264629071,-1.518272097463192,0.0005677445837998125,0.012051471060367754,-0.0085394202718027,5000,-0.15457732338653501,-0.13381388947972644,0.5579107538134203,0.19810145831147374,0.41623288281712245,-0.168597108050004,-0.13803790553892245,0.5409501715094556,0.24749728780402236,-0.3005456379274855,-0.17487335452747615,-0.13922627127054646,0.5281320282534381,0.2618677926788029,-0.5595751291780633,-0.18067839187286705,-0.14005566179697046,0.5108058103567821,0.27391583506338424,-0.7918648247914525,-0.7129387209210812,1.1245624382209296,1.4465050285481622,False,False
18,3,3,3s_cbf_dc2_site18,group_3s_03,5,False,0.4942956691778448,-0.7046214202333093,0.4942956691778448,-0.7046214202333093,0.0003564580007095731,0.001451765460766396,2.4640083046145733e-05,0.1697986478752992,-1.773141968179592,0.1763452331689444,-1.7353116531789061,0.001533999429228023,0.05296483706215019,-0.0378303150006857,5000,0.4662304077528491,-0.7630753298124323,0.4662304077528491,-0.7630753298124323,0.0003454910021259351,0.001582031196669464,-0.0001592522429535,0.1908119170136356,-1.6564670637756354,0.193488882861519,-1.642535221074829,0.0005156272019083085,0.015774557216987405,-0.0139318427008063,5000,0.5026681103483441,-0.6878251470406922,0.5026681103483441,-0.6878251470406922,0.00036340482104536083,0.0014332566323494835,-0.0002161538003125,0.1822022244624404,-1.702638085326085,0.1848321442850072,-1.688307193964338,0.00047411157804946614,0.01589332852749876,-0.0143308913617474,5000,0.4841065565059645,-0.7254502384265623,0.4841065565059645,-0.7254502384265623,0.000352078362902031,0.0014962704052307496,-0.0001877030216329,0.1858806395959118,-1.682650533863641,0.1885240833497588,-1.6685295171263912,0.000491777914868112,0.015837360753825202,-0.0141210167372503,5000,0.4474774063007775,-0.8041292312551714,0.4474774063007775,-0.8041292312551714,0.00014235891062454973,0.0007129610453084408,3.097133106610972e-05,0.2010655801797025,-1.604124154586638,0.2027494450130061,-1.595784323287495,0.0015796879289510487,0.03613724666800852,-0.0083398312991429,5000,-0.22066670930210713,-0.09277771417353714,0.8610384479470063,0.37543464278088134,0.300827258349051,-0.21774440459680466,-0.09743814358144653,0.7950209538147037,0.41102756009119845,-0.3593506966892312,-0.2127270961754974,-0.099031558566132,0.7462392178461652,0.4265782454921586,-0.5924008268454296,-0.2061324193103382,-0.10082382855000654,0.6851644037071867,0.4419197979578028,-0.8106942027890484,-0.6761958488891062,1.320332251948192,1.5514027812031137,False,False
19,3,0,3s_cbf_dc2_site19,group_3s_00,8,False,0.4116651547544273,-0.8875449912562237,0.4116651547544273,-0.8875449912562237,0.00032383966701769783,0.0019064066843463205,-0.0001054018731223,0.2066018777656796,-1.5769616334430352,0.2121964957732001,-1.5502425667312565,0.0008392385455382553,0.0199333976616208,-0.0267190667117791,5000,0.3931420206240298,-0.9335843567596598,0.3931420206240298,-0.9335843567596598,0.000307860192002602,0.0019805060410604276,-0.0002699935026406,0.2162369317847635,-1.5313805660492947,0.2189614401158104,-1.5188596371987702,0.0005684719126361998,0.013430100308876864,-0.012520928850525,5000,0.4242442616884799,-0.8574459007377554,0.4242442616884799,-0.8574459007377554,0.0003559924044836573,0.0019689377016086887,-0.0002142207817281,0.2155933346748763,-1.5343613556623037,0.2176422777853667,-1.5249024915794127,0.0004354918559616834,0.010413422434807544,-0.0094588640828909,5000,0.4083971673241119,-0.8955151287487076,0.4083971673241119,-0.8955151287487076,0.0003295915408067414,0.0019659239037751407,-0.0002421071421844,0.2154459440856429,-1.5350452404136041,0.2177884920189916,-1.5242309072575877,0.0004921116732119998,0.011745968364913912,-0.0108143331560166,5000,0.4049596889654542,-0.9039677502480089,0.4049596889654542,-0.9039677502480089,0.00020930387533800598,0.0012584106786350455,0.0014545951853606,0.3075558580500362,-1.179098556037087,0.3044807563460159,-1.1891473913792645,0.0062363235314319716,0.04959878253924504,0.0100488353421774,5000,-0.1861227929279028,-0.05351641453916345,0.4779793043344678,0.1085436630830513,-0.4187194918631506,-0.1844248644379119,-0.05207553049402344,0.3634446733444028,0.12567178610996432,-1.0470977719462922,-0.1800627353743245,-0.050782919268269305,0.313022066003918,0.13472635110486042,-1.2688275153083497,-0.17350221424093304,-0.04938326779565161,0.2577902657534836,0.14460164210460746,-1.481354729585631,-0.430955138772811,1.619861077549139,,False,False
20,3,4,3s_cbf_dc2_site20,group_3s_04,3,False,0.3861144912610446,-0.9516213440126315,0.3861144912610446,-0.9516213440126315,0.0002323799975935195,0.0015509869538054975,0.0004968498696868,0.1776826339406378,-1.7277562754365148,0.1831720576950428,-1.6973293618736736,0.0008625505084794968,0.0275747953458665,-0.0304269135628414,5000,0.3601987280197424,-1.0210993775631672,0.3601987280197424,-1.0210993775631672,0.00019044105414426772,0.0014611231985062387,0.0001547643818298,0.1821170422215884,-1.7031057094689395,0.1854008791164705,-1.6852348841330886,0.0005707154892339448,0.019060316023228628,-0.0178708253358506,5000,0.3932496781473053,-0.9333105554870464,0.3932496781473053,-0.9333105554870464,0.00022509064186860788,0.0014479782145375975,0.0001959884265002,0.1811795823915252,-1.7082665716805918,0.1844784382013529,-1.6902226884482603,0.0005753789972803011,0.019318021692608583,-0.0180438832323317,5000,0.376361573307946,-0.977204966525107,0.376361573307946,-0.977204966525107,0.00020635954205352504,0.0014497193361129176,0.0001753764041652,0.1813396543927144,-1.7073834626185058,0.1846522170089523,-1.6892811312083789,0.0005756654167469078,0.019355126715006905,-0.0181023314101274,5000,0.3643706614141849,-1.0095836288733182,0.3643706614141849,-1.0095836288733182,7.702912216483766e-05,0.0005778399967117847,0.0002268993011806,0.1814215886225332,-1.7069317372327892,0.1836328110694089,-1.6948171072340215,0.0007081661725606428,0.02105850750563999,-0.0121146299987677,5000,-0.10231087618260826,-0.04099182946812324,0.1119250486594412,0.11952056778628273,-0.0819000790542426,-0.11486881039931451,-0.04690877919695485,-0.037536234582682404,0.06999492448220967,-0.8307063456268777,-0.12014695420152138,-0.04784752867140518,-0.08336283371526498,0.05766242783757913,-1.0970899488325443,-0.12468168075006958,-0.04834151599745612,-0.12419778074278609,0.04938120739429075,-1.3401042788798392,-0.5684666423704852,1.6333326287246797,1.4487541529745753,False,False
21,3,9,3s_cbf_dc2_site21,group_3s_09,2,False,0.445385298446924,-0.8088155322318655,0.445385298446924,-0.8088155322318655,0.00032582122858530835,0.0016216319196246116,0.0006560318632099,0.187704193666922,-1.6728879932475618,0.1926769227465135,-1.6467404681463151,0.0006986893807151895,0.02052404063586515,-0.026147525101247,5000,0.4309343674068464,-0.8417994802726353,0.4309343674068464,-0.8417994802726353,0.00024125344100975893,0.0012942376807054273,-4.961261526370553e-05,0.1716168973663696,-1.76249062727509,0.1735489065926787,-1.751295836938045,0.0003125337636262239,0.011831414711253882,-0.0111947903370455,5000,0.4627608557968049,-0.7705448684913132,0.4627608557968049,-0.7705448684913132,0.0002495647543530314,0.0011621140754295236,2.9875222530173492e-05,0.1627769115352724,-1.8153746565076616,0.1645315967846459,-1.8046526495030615,0.0002652034836749629,0.011072162559659478,-0.0107220070046005,5000,0.4465641685731704,-0.8061721743819744,0.4465641685731704,-0.8061721743819744,0.0002438554763786535,0.001218798025688155,-9.868696366654994e-06,0.166596500464987,-1.7921805550823386,0.1683755408759564,-1.781558431927406,0.00027816336818238155,0.011111225373229516,-0.0106221231549328,5000,0.4600140681205683,-0.7764982070958423,0.4600140681205683,-0.7764982070958423,0.00010352399151059575,0.000489743503840481,0.0003321869415904,0.1655352420127351,-1.7985711641589563,0.1690416491589027,-1.777610149694342,0.0007762259204990262,0.02882297982164623,-0.0209610144646146,5000,-0.07764034245166346,-0.13882223761840515,-0.09866618881163536,-0.012055056497329186,0.5651819240887304,-0.09580608101807714,-0.14562410250684918,-0.2526421565519672,-0.04002123174508332,-0.2635380531723701,-0.10877304832694984,-0.1493261316637573,-0.2940265040007226,-0.04824940009873768,-0.6200139911035599,-0.12734630536427372,-0.15249518566403686,-0.3159221310470386,-0.0522731872940731,-0.9814817602111707,-0.7129387209210812,1.1245624382209296,1.4465050285481622,False,False
22,3,4,3s_cbf_dc2_site22,group_3s_04,3,False,0.3861144912610446,-0.9516213440126315,0.3861144912610446,-0.9516213440126315,0.0002323799975935195,0.0015509869538054975,0.0004968498696868,0.1776826339406378,-1.7277562754365148,0.1831720576950428,-1.6973293618736736,0.0008625505084794968,0.0275747953458665,-0.0304269135628414,5000,0.3601987280197424,-1.0210993775631672,0.3601987280197424,-1.0210993775631672,0.00019044105414426772,0.0014611231985062387,0.0001547643818298,0.1821170422215884,-1.7031057094689395,0.1854008791164705,-1.6852348841330886,0.0005707154892339448,0.019060316023228628,-0.0178708253358506,5000,0.3932496781473053,-0.9333105554870464,0.3932496781473053,-0.9333105554870464,0.00022509064186860788,0.0014479782145375975,0.0001959884265002,0.1811795823915252,-1.7082665716805918,0.1844784382013529,-1.6902226884482603,0.0005753789972803011,0.019318021692608583,-0.0180438832323317,5000,0.376361573307946,-0.977204966525107,0.376361573307946,-0.977204966525107,0.00020635954205352504,0.0014497193361129176,0.0001753764041652,0.1813396543927144,-1.7073834626185058,0.1846522170089523,-1.6892811312083789,0.0005756654167469078,0.019355126715006905,-0.0181023314101274,5000,0.2976626204545336,-1.211794579964006,0.2976626204545336,-1.211794579964006,6.852161633935175e-05,0.0007781358947009847,-0.0013410870519032,0.2093147004550328,-1.5639164157088534,0.2137019712439485,-1.543172892347925,0.0009952991032950269,0.023158924681882128,-0.0207435233609283,5000,-0.05570208862046211,-0.1099584174382302,1.610850849643608,-0.05037515650902363,-0.452797616499139,-0.05535805496334656,-0.1108915793814127,1.5419308010017234,-0.0654650189375347,-1.0388240188911262,-0.055018316195812156,-0.11107039688841469,1.5145870263564474,-0.06861320257081238,-1.2349130453554436,-0.05463117894080838,-0.11120013066797718,1.4872071030259923,-0.07098704770250358,-1.4259965163560713,-0.5684666423704852,1.6333326287246797,1.4487541529745753,False,False
23,3,1,3s_cbf_dc2_site23,group_3s_01,6,False,0.3927314884260653,-0.9346291361817431,0.3927314884260653,-0.9346291361817431,0.00021204853629574566,0.0013555537211046667,0.0008178576293814,0.1597791072345707,-1.833962997410551,0.1650261928397132,-1.8016510731970183,0.0009143958686530213,0.03626948101304877,-0.0323119242135327,5000,0.3819996601210207,-0.9623355601115056,0.3819996601210207,-0.9623355601115056,0.00023075228069862177,0.0015732993917946282,-0.0002149337391471,0.1904015439992485,-1.6586200474180013,0.1930099662889395,-1.6450134526076934,0.0004650277223527614,0.014563964927875048,-0.0136065948103081,5000,0.4124146742084573,-0.8857259450076367,0.4124146742084573,-0.8857259450076367,0.00024615228555664547,0.001439908570685539,-0.0001836395368708,0.1820151903879138,-1.703665131718384,0.1845840170806781,-1.6896505420232082,0.00043495941988826316,0.015004101763339373,-0.0140145896951759,5000,0.3969159424570298,-0.924030752559571,0.3969159424570298,-0.924030752559571,0.00023723303371295525,0.001498201362544676,-0.000199286638009,0.1857220749445079,-1.683503943458475,0.1882999361865788,-1.6697191822113937,0.0004468233702770874,0.014757455724310052,-0.0137847612470816,5000,0.3349771595606597,-1.093692929897402,0.3349771595606597,-1.093692929897402,8.156157907611658e-05,0.0007234946582987213,0.001148348131134,0.237086696495061,-1.4393293967424003,0.2394080411433714,-1.4295858976864662,0.0007754160336088737,0.013861028602970098,-0.0097434990559344,5000,-0.264525922438564,-0.03561063664488118,0.6793853704809054,0.05560346733001309,-0.6757238404767169,-0.2835071252200958,-0.032055628757239774,0.6507675043746031,0.0875216108013237,-1.2519220542964236,-0.2883555308907306,-0.029844150389522123,0.6355472880633419,0.10439453659388387,-1.4547446454656796,-0.2915209816609122,-0.027277882433898476,0.6173665278161922,0.12311220489327801,-1.6410372426587185,-0.48986002690965635,1.4260331562033328,1.8941617141962017,False,False
24,3,3,3s_cbf_dc2_site24,group_3s_03,5,False,0.4942956691778448,-0.7046214202333093,0.4942956691778448,-0.7046214202333093,0.0003564580007095731,0.001451765460766396,2.4640083046145733e-05,0.1697986478752992,-1.773141968179592,0.1763452331689444,-1.7353116531789061,0.001533999429228023,0.05296483706215019,-0.0378303150006857,5000,0.4662304077528491,-0.7630753298124323,0.4662304077528491,-0.7630753298124323,0.0003454910021259351,0.001582031196669464,-0.0001592522429535,0.1908119170136356,-1.6564670637756354,0.193488882861519,-1.642535221074829,0.0005156272019083085,0.015774557216987405,-0.0139318427008063,5000,0.5026681103483441,-0.6878251470406922,0.5026681103483441,-0.6878251470406922,0.00036340482104536083,0.0014332566323494835,-0.0002161538003125,0.1822022244624404,-1.702638085326085,0.1848321442850072,-1.688307193964338,0.00047411157804946614,0.01589332852749876,-0.0143308913617474,5000,0.4841065565059645,-0.7254502384265623,0.4841065565059645,-0.7254502384265623,0.000352078362902031,0.0014962704052307496,-0.0001877030216329,0.1858806395959118,-1.682650533863641,0.1885240833497588,-1.6685295171263912,0.000491777914868112,0.015837360753825202,-0.0141210167372503,5000,0.4631370933356905,-0.7697321708069818,0.4631370933356905,-0.7697321708069818,0.00015902262485330832,0.0007394568030820722,0.0008252971681924,0.2084775101494963,-1.5679241085515527,0.2100255617344076,-1.5605260331274582,0.001739255034420408,0.037018898477720406,-0.0073980754240947,5000,-0.13664942754486176,-0.10162218888945734,0.679906862563191,0.22508378935891837,0.5609970262988031,-0.14290213028040022,-0.1044604774500596,0.6305369507752374,0.25931294516399395,-0.1282710020920705,-0.14350435782398074,-0.10543522895964871,0.5963972707947995,0.27136665735958765,-0.3765439752884307,-0.14286435891131088,-0.1065316910421773,0.5548036527583409,0.28239757503266383,-0.6037832413395914,-0.6761958488891062,1.320332251948192,1.5514027812031137,False,False
25,3,0,3s_cbf_dc2_site25,group_3s_00,8,False,0.4116651547544273,-0.8875449912562237,0.4116651547544273,-0.8875449912562237,0.00032383966701769783,0.0019064066843463205,-0.0001054018731223,0.2066018777656796,-1.5769616334430352,0.2121964957732001,-1.5502425667312565,0.0008392385455382553,0.0199333976616208,-0.0267190667117791,5000,0.3931420206240298,-0.9335843567596598,0.3931420206240298,-0.9335843567596598,0.000307860192002602,0.0019805060410604276,-0.0002699935026406,0.2162369317847635,-1.5313805660492947,0.2189614401158104,-1.5188596371987702,0.0005684719126361998,0.013430100308876864,-0.012520928850525,5000,0.4242442616884799,-0.8574459007377554,0.4242442616884799,-0.8574459007377554,0.0003559924044836573,0.0019689377016086887,-0.0002142207817281,0.2155933346748763,-1.5343613556623037,0.2176422777853667,-1.5249024915794127,0.0004354918559616834,0.010413422434807544,-0.0094588640828909,5000,0.4083971673241119,-0.8955151287487076,0.4083971673241119,-0.8955151287487076,0.0003295915408067414,0.0019659239037751407,-0.0002421071421844,0.2154459440856429,-1.5350452404136041,0.2177884920189916,-1.5242309072575877,0.0004921116732119998,0.011745968364913912,-0.0108143331560166,5000,0.4396633713002859,-0.82174591010821,0.4396633713002859,-0.82174591010821,0.00017910535785171204,0.0009238083151321016,-9.353594626992924e-05,0.2457685830979694,-1.4033649049176387,0.2499122610330538,-1.386645378587099,0.001362272641890044,0.022261185568028422,-0.0167195263305399,5000,-0.09846522782186046,-0.04974360616287524,0.21068494476444588,0.09173883269237093,-0.012397929047112772,-0.10305590298074752,-0.04926426206784579,0.021146270953737556,0.07461210622897185,-0.7326811958901926,-0.10085335989590477,-0.04916949138472848,-0.05438688189966978,0.06737395418925818,-0.9975386789242704,-0.09677113921752234,-0.04945464315929962,-0.12738194781036283,0.058501482006275696,-1.2409920711666291,-0.430955138772811,1.619861077549139,,False,False
26,3,0,3s_cbf_dc2_site26,group_3s_00,8,False,0.4116651547544273,-0.8875449912562237,0.4116651547544273,-0.8875449912562237,0.00032383966701769783,0.0019064066843463205,-0.0001054018731223,0.2066018777656796,-1.5769616334430352,0.2121964957732001,-1.5502425667312565,0.0008392385455382553,0.0199333976616208,-0.0267190667117791,5000,0.3931420206240298,-0.9335843567596598,0.3931420206240298,-0.9335843567596598,0.000307860192002602,0.0019805060410604276,-0.0002699935026406,0.2162369317847635,-1.5313805660492947,0.2189614401158104,-1.5188596371987702,0.0005684719126361998,0.013430100308876864,-0.012520928850525,5000,0.4242442616884799,-0.8574459007377554,0.4242442616884799,-0.8574459007377554,0.0003559924044836573,0.0019689377016086887,-0.0002142207817281,0.2155933346748763,-1.5343613556623037,0.2176422777853667,-1.5249024915794127,0.0004354918559616834,0.010413422434807544,-0.0094588640828909,5000,0.4083971673241119,-0.8955151287487076,0.4083971673241119,-0.8955151287487076,0.0003295915408067414,0.0019659239037751407,-0.0002421071421844,0.2154459440856429,-1.5350452404136041,0.2177884920189916,-1.5242309072575877,0.0004921116732119998,0.011745968364913912,-0.0108143331560166,5000,0.4441323399002267,-0.8116326981234668,0.4441323399002267,-0.8116326981234668,0.00017394706847649952,0.0008790280880870479,0.0003576874296558,0.2778793517382295,-1.2805682460440506,0.2795351448498857,-1.274627252431772,0.0014958178776889816,0.0185663916741689,-0.0059409936122785,5000,-0.04789274722163056,-0.059179089371798554,0.04613738638506959,-0.008594170786818567,0.16266483516825214,-0.06902823524458951,-0.059881476656006266,-0.10298105863959695,-0.025997015860272366,-0.6831900685626991,-0.0745880972785814,-0.05932416291606249,-0.15059124475199948,-0.025552293725008668,-0.9721196116095047,-0.07816913936772696,-0.05855699967246733,-0.19523874484006853,-0.02319771826332906,-1.2380521947542886,-0.430955138772811,1.619861077549139,,False,False
27,3,0,3s_cbf_dc2_site27,group_3s_00,8,False,0.4116651547544273,-0.8875449912562237,0.4116651547544273,-0.8875449912562237,0.00032383966701769783,0.0019064066843463205,-0.0001054018731223,0.2066018777656796,-1.5769616334430352,0.2121964957732001,-1.5502425667312565,0.0008392385455382553,0.0199333976616208,-0.0267190667117791,5000,0.3931420206240298,-0.9335843567596598,0.3931420206240298,-0.9335843567596598,0.000307860192002602,0.0019805060410604276,-0.0002699935026406,0.2162369317847635,-1.5313805660492947,0.2189614401158104,-1.5188596371987702,0.0005684719126361998,0.013430100308876864,-0.012520928850525,5000,0.4242442616884799,-0.8574459007377554,0.4242442616884799,-0.8574459007377554,0.0003559924044836573,0.0019689377016086887,-0.0002142207817281,0.2155933346748763,-1.5343613556623037,0.2176422777853667,-1.5249024915794127,0.0004354918559616834,0.010413422434807544,-0.0094588640828909,5000,0.4083971673241119,-0.8955151287487076,0.4083971673241119,-0.8955151287487076,0.0003295915408067414,0.0019659239037751407,-0.0002421071421844,0.2154459440856429,-1.5350452404136041,0.2177884920189916,-1.5242309072575877,0.0004921116732119998,0.011745968364913912,-0.0108143331560166,5000,0.4170830129919028,-0.8744700050724932,0.4170830129919028,-0.8744700050724932,0.00017463894178615724,0.0009877146541602078,0.0016684466440244,0.2728092819180709,-1.2989823289652949,0.2733665439052289,-1.2969417326804284,0.0018330172474693314,0.022873708611187947,-0.0020405962848666,5000,-0.06609332219663328,-0.09473036152127862,1.3973295426602634,0.24895949045978705,-0.4001503906978444,-0.06703816261916873,-0.09239684481531524,1.2802739751701382,0.2942838840493708,-0.9514539070109013,-0.06809358306847041,-0.09054067402652849,1.2128193037069974,0.32034947496704314,-1.1566041557012858,-0.06957838876624939,-0.0882983227085671,1.137055722221811,0.34817694667375687,-1.3425701590017263,-0.430955138772811,1.619861077549139,,False,False
28,3,6,3s_cbf_dc2_site28,group_3s_06,2,False,0.3746444075628903,-0.9817779493808112,0.3746444075628903,-0.9817779493808112,0.00031355211528935964,0.002221321928315423,-0.0002960871342155,0.2150001194321333,-1.5371166953563342,0.2200141887092093,-1.5140632405766632,0.0020783147186178657,0.04242492808024687,-0.023053454779671,5000,0.3562756440191636,-1.0320505667782565,0.3562756440191636,-1.0320505667782565,0.0001795221317063654,0.0014085591941681809,-0.000415915521396,0.1807604047182646,-1.710582855460238,0.1849374078450143,-1.6877378471252364,0.0007207244342075069,0.026238250797076566,-0.022845008335002,5000,0.384117463536578,-0.9568068785441275,0.384117463536578,-0.9568068785441275,0.00019293632950213784,0.0013021622834494505,-0.0002286683805196,0.1734906362486529,-1.7516316508000407,0.1774667250974433,-1.7289721518800396,0.000663450307456144,0.026147637392545726,-0.022659498920001,5000,0.3699347195121079,-0.994428722661192,0.3699347195121079,-0.994428722661192,0.00018434371925017058,0.0013415323510663514,-0.0003222919509577,0.1762573547741561,-1.7358101089453284,0.1803393948956542,-1.7129146762689267,0.0006899048118620539,0.026455671174886054,-0.0228954326764019,5000,0.308604831048799,-1.175693684448459,0.308604831048799,-1.175693684448459,5.356916376384469e-05,0.0005625809567976927,-0.00028716518809,0.1957421743162371,-1.6309569228606215,0.200382672702392,-1.6075263770705348,0.0010385967537820922,0.028292255526883914,-0.0234305457900869,5000,-0.02785165820142499,-0.102323294391552,1.5220175962210014,0.09689572291546555,-0.28879665531147647,-0.02935122308046939,-0.10110356914272398,1.4435480477394957,0.10500424203968317,-0.8482297387623599,-0.029962563960927613,-0.10022494594617101,1.4076524979961733,0.11371497801049557,-1.0453705875184622,-0.03071977156137068,-0.09914375948213194,1.3701124443548913,0.125301249369281,-1.228924428327248,-0.5103121577875183,1.3921040202282682,1.7251491891296573,False,False
29,3,0,3s_cbf_dc2_site29,group_3s_00,8,False,0.4116651547544273,-0.8875449912562237,0.4116651547544273,-0.8875449912562237,0.00032383966701769783,0.0019064066843463205,-0.0001054018731223,0.2066018777656796,-1.5769616334430352,0.2121964957732001,-1.5502425667312565,0.0008392385455382553,0.0199333976616208,-0.0267190667117791,5000,0.3931420206240298,-0.9335843567596598,0.3931420206240298,-0.9335843567596598,0.000307860192002602,0.0019805060410604276,-0.0002699935026406,0.2162369317847635,-1.5313805660492947,0.2189614401158104,-1.5188596371987702,0.0005684719126361998,0.013430100308876864,-0.012520928850525,5000,0.4242442616884799,-0.8574459007377554,0.4242442616884799,-0.8574459007377554,0.0003559924044836573,0.0019689377016086887,-0.0002142207817281,0.2155933346748763,-1.5343613556623037,0.2176422777853667,-1.5249024915794127,0.0004354918559616834,0.010413422434807544,-0.0094588640828909,5000,0.4083971673241119,-0.8955151287487076,0.4083971673241119,-0.8955151287487076,0.0003295915408067414,0.0019659239037751407,-0.0002421071421844,0.2154459440856429,-1.5350452404136041,0.2177884920189916,-1.5242309072575877,0.0004921116732119998,0.011745968364913912,-0.0108143331560166,5000,0.41447146568001,-0.8807511471141245,0.41447146568001,-0.8807511471141245,0.00010818699425686531,0.0006290002567714593,-0.0003897123138181,0.2065036579585184,-1.5774371526531072,0.2088232448091775,-1.5662671034554494,0.000748419389311667,0.01734021600203271,-0.0111700491976578,5000,-0.09240056833590077,-0.04659980156986629,0.3256377390898102,0.13122621776004206,0.3539782521969493,-0.09889364935290612,-0.052530617121209794,0.029188540716534206,0.07136288166604321,-0.6193756366407563,-0.09584580531486009,-0.05718333531474651,-0.08917032924897761,0.032945165069856897,-1.0071705218759897,-0.0934183734607964,-0.06231907640541301,-0.18708361800030326,-0.0044056958657701095,-1.3857267296084625,-0.430955138772811,1.619861077549139,,False,False
30,3,10,3s_cbf_dc2_site30,group_3s_10,1,True,0.4769679992940375,-0.740305877778142,0.4769679992940375,-0.740305877778142,0.0006484916879556363,0.0028442509600938633,-0.0005449893795441,0.252858069363065,-1.3749269383285738,0.2606374501543447,-1.3446249171936566,0.0014357856133135373,0.023275519436866055,-0.0303020211349174,5000,0.4561761892123099,-0.7848761642416671,0.4561761892123099,-0.7848761642416671,0.0004128151578000472,0.0019805180352433366,4.752241291816617e-05,0.2159912625390868,-1.5325173233240756,0.2188611096198394,-1.51931795300634,0.0004986647825995947,0.012100644019529769,-0.0131993703177357,5000,0.4923882891634064,-0.7084876681321479,0.4923882891634064,-0.7084876681321479,0.0004634453326394961,0.0019075294115636935,3.5746832901750736e-05,0.2120635550154843,-1.5508692614286228,0.2148915069468727,-1.5376219970691702,0.00046737170412398206,0.011672663565894371,-0.0132472643594525,5000,0.4739365077342445,-0.7466819161869076,0.4739365077342445,-0.7466819161869076,0.0004358700706681239,0.0019369434073026094,4.163462290995845e-05,0.2136555062261143,-1.543390345044868,0.2164913432819934,-1.5302047171796846,0.0004795914930428838,0.011842562188129763,-0.0131856278651836,5000,0.4739773587978,-0.7465957246772712,0.4739773587978,-0.7465957246772712,0.00015434691097462533,0.0006869641205690604,-0.0005186254925594,0.2182514871729285,-1.5221072702057856,0.2197043428645822,-1.5154725325380471,0.0008633061308385936,0.017707095486797494,-0.0066347376677384,5000,0.0042560737446266095,-0.16200059517180848,-0.39372640476441845,-0.06800018104342948,0.6394532519864375,-0.05417793673828675,-0.16574889711409468,-0.5042254694245059,-0.0851502221012923,-0.510811631885186,-0.07256592429518621,-0.166184523052053,-0.5235178203558857,-0.08574281869193207,-0.8118898341884928,-0.08785793923939422,-0.1664876335273055,-0.5380093556561629,-0.08591849774458049,-1.0551007487335264,-0.8039811382353179,0.9413773195813102,1.2195469204144502,False,False
31,3,11,3s_cbf_dc2_site31,group_3s_11,4,True,0.8429182366605329,-0.1708853165969767,0.8429182366605329,-0.1708853165969767,0.0012691259988138388,0.0017750043658577767,0.0001409949681916,0.1888328370604703,-1.6668931152855317,0.198334601511936,-1.6177997679472311,0.0014453857486771673,0.043353709105901285,-0.0490933473383006,5000,0.789180377035858,-0.23676036951703008,0.789180377035858,-0.23676036951703008,0.0017496541044654099,0.0028003272880588416,-3.460156380269419e-05,0.2591154275718457,-1.3504816502617665,0.265725520526377,-1.3252913806731619,0.0014470068174965236,0.025258630485665293,-0.0251902695886048,5000,0.8389659501398823,-0.17558515720035855,0.8389659501398823,-0.17558515720035855,0.002118595415632613,0.0030018124162182486,-0.0001411229903218,0.2679497793031024,-1.3169557066911697,0.2735379659954775,-1.2963148514141047,0.0012781916822014246,0.02046710100809645,-0.0206408552770651,5000,0.8136924878918566,-0.2061727633586943,0.8136924878918566,-0.2061727633586943,0.0019180723844340458,0.0028884793894030265,-8.78622770623394e-05,0.263033146175631,-1.335475223659573,0.2690996645607211,-1.3126734677728293,0.0013547997096356214,0.02272320616487312,-0.0228017558867439,5000,0.9455088055045702,-0.05603207786028558,0.9455088055045702,-0.05603207786028558,0.001544645216276,0.001705295954934913,0.0006312517285478,0.3171633523702623,-1.148338330668287,0.3223117933489615,-1.1322358996140485,0.002081035864016619,0.02058729930335228,-0.0161024310542388,5000,-0.051612244082425596,-0.009684230284352086,0.5514074319415503,0.12993235597944408,1.0862335282996023,-0.08446224938940117,-0.01474569429496625,0.602018521069255,0.07880647112203998,0.38965307108097313,-0.09714073007157747,-0.016293356027187372,0.6147565075873342,0.05865292886801832,0.1387875660745388,-0.10886532182134623,-0.01753524375633972,0.6234227413949922,0.04118003005593707,-0.0826871661684684,-1.0995000873586283,0.7994766646234436,1.0123218569985897,False,False
32,3,12,3s_cbf_dc2_site32,group_3s_12,4,True,0.4646663619822128,-0.766435632035417,0.4646663619822128,-0.766435632035417,0.0003583015262241509,0.0016518366722923356,2.3501097121680914e-06,0.1805105893951261,-1.7119658359210344,0.185815247742823,-1.683002390615308,0.001151551111270119,0.035185347111583574,-0.0289634453057265,5000,0.4470725842025201,-0.8050343167846336,0.4470725842025201,-0.8050343167846336,0.00025188943896298194,0.0012606468150029818,6.976242525780219e-05,0.1708311772058258,-1.7670794779515224,0.1725937229609806,-1.7568148685434841,0.00027858493616640044,0.010625887920091028,-0.0102646094080387,5000,0.4823692140893084,-0.7290454538284575,0.4823692140893084,-0.7290454538284575,0.0003078130704487348,0.001323482346314666,4.278310772820593e-05,0.1752093455054753,-1.741773759976247,0.177384978440153,-1.7294328889029786,0.00035233612581352087,0.012685481089036109,-0.0123408710732686,5000,0.4643856706258773,-0.7670398853065454,0.4643856706258773,-0.7670398853065454,0.00027722118388164187,0.0012859587111304204,5.627276649289304e-05,0.1726233608163767,-1.7566431629306296,0.1745573084909945,-1.7455021758350233,0.0003086853782348231,0.011493052952443567,-0.0111409870956065,5000,0.499193392883875,-0.6947616974234122,0.499193392883875,-0.6947616974234122,0.00015197860315541482,0.0006046635614775128,0.0007192278452224,0.1809342501966208,-1.7096215722928982,0.1830294716897756,-1.6981080916223577,0.0006529670712003848,0.019815019136769915,-0.0115134806705408,5000,-0.03210705053329138,-0.15711038111544157,-0.25545500544119903,-0.015696910128291997,0.7401196666773973,-0.042098346350665006,-0.16492015174422925,-0.46509562967741,-0.06881125383058811,-0.2170369059262256,-0.05432575223903158,-0.16665621689639015,-0.5117863721073472,-0.0785319038920343,-0.5691618201485416,-0.06771932009622794,-0.16758490142003007,-0.5414294123039456,-0.08294749788609773,-0.8636364238680839,-0.7604799945586941,1.0018464723150766,1.3359918704180909,False,False
33,3,12,3s_cbf_dc2_site33,group_3s_12,4,False,0.4646663619822128,-0.766435632035417,0.4646663619822128,-0.766435632035417,0.0003583015262241509,0.0016518366722923356,2.3501097121680914e-06,0.1805105893951261,-1.7119658359210344,0.185815247742823,-1.683002390615308,0.001151551111270119,0.035185347111583574,-0.0289634453057265,5000,0.4470725842025201,-0.8050343167846336,0.4470725842025201,-0.8050343167846336,0.00025188943896298194,0.0012606468150029818,6.976242525780219e-05,0.1708311772058258,-1.7670794779515224,0.1725937229609806,-1.7568148685434841,0.00027858493616640044,0.010625887920091028,-0.0102646094080387,5000,0.4823692140893084,-0.7290454538284575,0.4823692140893084,-0.7290454538284575,0.0003078130704487348,0.001323482346314666,4.278310772820593e-05,0.1752093455054753,-1.741773759976247,0.177384978440153,-1.7294328889029786,0.00035233612581352087,0.012685481089036109,-0.0123408710732686,5000,0.4643856706258773,-0.7670398853065454,0.4643856706258773,-0.7670398853065454,0.00027722118388164187,0.0012859587111304204,5.627276649289304e-05,0.1726233608163767,-1.7566431629306296,0.1745573084909945,-1.7455021758350233,0.0003086853782348231,0.011493052952443567,-0.0111409870956065,5000,0.4618285829328367,-0.7725614893629366,0.4618285829328367,-0.7725614893629366,8.544099116838511e-05,0.0003999751889537835,0.0002215191680238,0.1656758944510835,-1.7977218421928833,0.1674029171212094,-1.7873516950259691,0.0006047788472717593,0.0214666673375363,-0.0103701471669146,5000,-0.10634795668672004,-0.14236786173046562,-0.07487100198030383,0.07420299844988787,0.4761620920834472,-0.1238644320481957,-0.1566751253649712,-0.21652767610350843,-0.003854915491798505,-0.26155473124495626,-0.13424246713543814,-0.15892393068982175,-0.24418533589101932,-0.016329806077988285,-0.5098124553168959,-0.1449656441003631,-0.1600751180853211,-0.2640568817870279,-0.022244766812289596,-0.7390959549740653,-0.7604799945586941,1.0018464723150766,1.3359918704180909,False,False
34,3,11,3s_cbf_dc2_site34,group_3s_11,4,False,0.8429182366605329,-0.1708853165969767,0.8429182366605329,-0.1708853165969767,0.0012691259988138388,0.0017750043658577767,0.0001409949681916,0.1888328370604703,-1.6668931152855317,0.198334601511936,-1.6177997679472311,0.0014453857486771673,0.043353709105901285,-0.0490933473383006,5000,0.789180377035858,-0.23676036951703008,0.789180377035858,-0.23676036951703008,0.0017496541044654099,0.0028003272880588416,-3.460156380269419e-05,0.2591154275718457,-1.3504816502617665,0.265725520526377,-1.3252913806731619,0.0014470068174965236,0.025258630485665293,-0.0251902695886048,5000,0.8389659501398823,-0.17558515720035855,0.8389659501398823,-0.17558515720035855,0.002118595415632613,0.0030018124162182486,-0.0001411229903218,0.2679497793031024,-1.3169557066911697,0.2735379659954775,-1.2963148514141047,0.0012781916822014246,0.02046710100809645,-0.0206408552770651,5000,0.8136924878918566,-0.2061727633586943,0.8136924878918566,-0.2061727633586943,0.0019180723844340458,0.0028884793894030265,-8.78622770623394e-05,0.263033146175631,-1.335475223659573,0.2690996645607211,-1.3126734677728293,0.0013547997096356214,0.02272320616487312,-0.0228017558867439,5000,0.9601301788512688,-0.040686400743435096,0.9601301788512688,-0.040686400743435096,0.0016508937230825286,0.0017653649517384538,0.0012040002815702,0.300117929012049,-1.2035797848613747,0.3044245329078461,-1.1893320619325405,0.001757483972160084,0.019711339658156527,-0.0142477229288342,5000,-0.004662569935387939,-0.0126972059013927,0.08160670708693862,0.13201296954521913,0.9458658748049888,-0.05437042995338054,-0.014114586810675983,0.2045711356286528,0.15415910698253343,0.3277857317743836,-0.07314713553623586,-0.014627343263456022,0.2562547677269533,0.1535721195332841,0.10075533166453336,-0.08973203729548812,-0.015093653506754484,0.2987844703979756,0.14919861716811422,-0.10386191799289299,-1.0995000873586283,0.7994766646234436,1.0123218569985897,False,False
35,3,13,3s_cbf_dc2_site35,group_3s_13,3,True,0.4549006444157165,-0.7876762477975613,0.4549006444157165,-0.7876762477975613,0.00031259187889475404,0.0014914317360651716,0.000929371000214,0.1719771851684699,-1.7603934553360874,0.1768202562124287,-1.732621564004122,0.0010178949177948398,0.03466792035797198,-0.0277718913319657,5000,0.4332417257452942,-0.8364594486754421,0.4332417257452942,-0.8364594486754421,0.00025390779826177905,0.0013487358114156016,4.3355706971337504e-05,0.1776875715054676,-1.727728487148389,0.1792416356496834,-1.7190204636333735,0.00027274718411309125,0.009472514676944006,-0.0087080235150158,5000,0.4698060756037552,-0.7554352745213312,0.4698060756037552,-0.7554352745213312,0.0002831789150133346,0.0012788461393596824,5.9949276824067255e-05,0.1729616600186289,-1.7546853274347707,0.1746136992585996,-1.7451791778378025,0.0002746397185947337,0.010068982351379529,-0.0095061495969683,5000,0.4511536267838207,-0.7959473615983869,0.4511536267838207,-0.7959473615983869,0.00026719001801706093,0.0013086749072086727,5.165249189809096e-05,0.1749996142528803,-1.7429715093303078,0.176593751446012,-1.7339033739636671,0.0002719284920612563,0.00973371791331133,-0.0090681353666406,5000,0.4566095897482706,-0.7839265425921633,0.4566095897482706,-0.7839265425921633,8.015122913175026e-05,0.00038425198495317176,-0.0002669682618163,0.1631061523525921,-1.813354048714105,0.1648718545454676,-1.8025867459403337,0.0005669327357887458,0.021044822173847563,-0.010767302773772,5000,-0.07916243738160755,-0.1620350537160551,-0.10873919093226725,0.05180695829606252,0.6311437720802824,-0.11974438409890831,-0.1713656309191136,-0.26683227551362476,-0.028318476418742522,-0.33968188182361314,-0.13571812795668853,-0.17288630878035133,-0.29927072521553555,-0.03916779317756014,-0.6546612145500731,-0.1499314695323103,-0.17373699650158447,-0.3214216480566856,-0.043770062575458235,-0.9182928337283338,-0.7677760416332521,0.9694526584767059,1.335215448836406,False,False
36,3,12,3s_cbf_dc2_site36,group_3s_12,4,False,0.4646663619822128,-0.766435632035417,0.4646663619822128,-0.766435632035417,0.0003583015262241509,0.0016518366722923356,2.3501097121680914e-06,0.1805105893951261,-1.7119658359210344,0.185815247742823,-1.683002390615308,0.001151551111270119,0.035185347111583574,-0.0289634453057265,5000,0.4470725842025201,-0.8050343167846336,0.4470725842025201,-0.8050343167846336,0.00025188943896298194,0.0012606468150029818,6.976242525780219e-05,0.1708311772058258,-1.7670794779515224,0.1725937229609806,-1.7568148685434841,0.00027858493616640044,0.010625887920091028,-0.0102646094080387,5000,0.4823692140893084,-0.7290454538284575,0.4823692140893084,-0.7290454538284575,0.0003078130704487348,0.001323482346314666,4.278310772820593e-05,0.1752093455054753,-1.741773759976247,0.177384978440153,-1.7294328889029786,0.00035233612581352087,0.012685481089036109,-0.0123408710732686,5000,0.4643856706258773,-0.7670398853065454,0.4643856706258773,-0.7670398853065454,0.00027722118388164187,0.0012859587111304204,5.627276649289304e-05,0.1726233608163767,-1.7566431629306296,0.1745573084909945,-1.7455021758350233,0.0003086853782348231,0.011493052952443567,-0.0111409870956065,5000,0.4627166180480504,-0.7706404683303982,0.4627166180480504,-0.7706404683303982,7.499608556888752e-05,0.00035021576456174293,-0.0001032719321844,0.1542010745654253,-1.8694978492298133,0.1563377443436366,-1.8557365841842968,0.0005373023936796004,0.02254780333001934,-0.0137612650455165,5000,-0.02944598767772194,-0.16375334360632343,-0.30606958325620015,-0.06013402226806053,0.7040271307838751,-0.08410309926633258,-0.1688851222470968,-0.44587717802066207,-0.08185862616632228,-0.49685052915748446,-0.10358713078826454,-0.16940818951656703,-0.46930533634712734,-0.08222589164521737,-0.8282367822709228,-0.1206038685466631,-0.16976210874376665,-0.4863948489889012,-0.08217876269742724,-1.1024588598412521,-0.7604799945586941,1.0018464723150766,1.3359918704180909,False,False
37,3,14,3s_cbf_dc2_site37,group_3s_14,1,True,0.4732616203505408,-0.7481069348348538,0.4732616203505408,-0.7481069348348538,0.0006141358641040608,0.0027577482375969378,-0.0010988305106632,0.2427033294591824,-1.4159154479292468,0.2496728606275258,-1.3876037755187642,0.0017237306710491886,0.028728467221051723,-0.0283116724104828,5000,0.4541404781464053,-0.7893487055723164,0.4541404781464053,-0.7893487055723164,0.00041198901846117056,0.001993725181546476,-0.000225124703059,0.2170945270039956,-1.5274224119780913,0.2198505030715214,-1.5148074951090327,0.0004754525390375378,0.011269557235984027,-0.012614916869059,5000,0.4890750874354053,-0.7152392482576874,0.4890750874354053,-0.7152392482576874,0.000481543889147182,0.0020090129250113476,-0.0001574706560188,0.2174090312880719,-1.5259747628944438,0.2202141050181439,-1.5131550012584472,0.00047321725046825904,0.011215633252290205,-0.0128197616359966,5000,0.4712841966981388,-0.7522939769150018,0.4712841966981388,-0.7522939769150018,0.00044383549269921276,0.0019942582475835375,-0.000191297679539,0.2168666719939885,-1.528472529046032,0.2196145824503904,-1.5158811669504002,0.00046710510665949097,0.011109907701318958,-0.0125913620956319,5000,0.4535308521661024,-0.7906919805036945,0.4535308521661024,-0.7906919805036945,0.00014457389967299775,0.0007016228995933717,-0.0006193690454535,0.2367976743770116,-1.4405491970635385,0.2396809866712364,-1.4284464620427786,0.0009726604058262757,0.017357722428888875,-0.01210273502076,5000,-0.00557963119061472,-0.15542541490846853,-0.3115904740394311,-0.04374426534496767,0.8630635742060359,-0.047067221163879125,-0.16335389274907694,-0.4442634317611889,-0.07693445907076857,-0.10945999806169214,-0.06691364521345816,-0.16472774446960886,-0.4669949032071887,-0.07953523474821717,-0.4391377591147871,-0.08501324550584421,-0.1655611968143579,-0.48167606121019935,-0.08023139508890859,-0.7181894009977251,-0.8040093597996152,0.9348985622249563,1.2114129975957866,False,False
38,3,15,3s_cbf_dc2_site38,group_3s_15,1,True,0.910783382939112,-0.09345018942636296,0.910783382939112,-0.09345018942636296,0.002819548526434727,0.0034201233790150587,-0.0009467622589535,0.2689550568022966,-1.3132109884232939,0.2808578904393166,-1.269906465545877,0.0033508174300875258,0.050204452440923274,-0.0433045228774171,5000,0.8758756045036302,-0.1325312021205567,0.8758756045036302,-0.1325312021205567,0.0033909809648818797,0.004445545908102428,0.0001620300781617,0.3252593297433471,-1.1231324771635776,0.3390352328259211,-1.0816512453623204,0.003707257329739742,0.04442652919733646,-0.0414812318012574,5000,0.9222711307647036,-0.0809160305805689,0.9222711307647036,-0.0809160305805689,0.003932901825200943,0.004654055102863565,0.0001781311326217,0.3328009270099949,-1.1002107845521993,0.3484249785940657,-1.0543323414128412,0.004283195878504362,0.04950965815993191,-0.0458784431393581,5000,0.898774045116336,-0.10672361635056268,0.898774045116336,-0.10672361635056268,0.0036419111323077917,0.004536383066725255,0.0001700806053916,0.3285801716461894,-1.112974417116264,0.3433111053407405,-1.0691182302484,0.003994849079411755,0.04717151863914332,-0.0438561868678644,5000,1.0866472532619995,0.08309704145460438,1.0866472532619995,0.08309704145460438,0.003048541429551983,0.002538137729630479,0.0002477833655946,0.4146788124117299,-0.8802510043980916,0.419653285784611,-0.8683264186624093,0.0044419085123734,0.02529635698661781,-0.0119245857356824,5000,-0.03474944578793862,0.0003415187595946223,0.6043927971145511,0.09207403855952712,1.077048106306475,-0.07145766012147153,-0.0068470926399862575,0.6526252304159512,0.011239036686038761,0.3387480774252254,-0.08546251716957942,-0.008745811733987835,0.6615310463939044,-0.013235468507557302,0.0881292791976999,-0.09908034413793021,-0.010228800157602108,0.6666512651354868,-0.03306771390722163,-0.1424119658171155,-1.1683539506405707,0.8354974890791492,0.9473769048187287,False,False
39,3,13,3s_cbf_dc2_site39,group_3s_13,3,False,0.4549006444157165,-0.7876762477975613,0.4549006444157165,-0.7876762477975613,0.00031259187889475404,0.0014914317360651716,0.000929371000214,0.1719771851684699,-1.7603934553360874,0.1768202562124287,-1.732621564004122,0.0010178949177948398,0.03466792035797198,-0.0277718913319657,5000,0.4332417257452942,-0.8364594486754421,0.4332417257452942,-0.8364594486754421,0.00025390779826177905,0.0013487358114156016,4.3355706971337504e-05,0.1776875715054676,-1.727728487148389,0.1792416356496834,-1.7190204636333735,0.00027274718411309125,0.009472514676944006,-0.0087080235150158,5000,0.4698060756037552,-0.7554352745213312,0.4698060756037552,-0.7554352745213312,0.0002831789150133346,0.0012788461393596824,5.9949276824067255e-05,0.1729616600186289,-1.7546853274347707,0.1746136992585996,-1.7451791778378025,0.0002746397185947337,0.010068982351379529,-0.0095061495969683,5000,0.4511536267838207,-0.7959473615983869,0.4511536267838207,-0.7959473615983869,0.00026719001801706093,0.0013086749072086727,5.165249189809096e-05,0.1749996142528803,-1.7429715093303078,0.176593751446012,-1.7339033739636671,0.0002719284920612563,0.00973371791331133,-0.0090681353666406,5000,0.4654149004131573,-0.7648260122681487,0.4654149004131573,-0.7648260122681487,8.525167063861349e-05,0.00039224482647721726,0.0007281789610236,0.1652199793665197,-1.8004774847326683,0.1672679108594446,-1.7881584953670846,0.0006431691910596086,0.023248444442334874,-0.0123189893655841,5000,-0.04560074405172254,-0.1637061783754171,-0.210989958169157,-0.039922879179713044,0.8256596637727001,-0.07553953352503134,-0.16853716126419663,-0.3426220386021859,-0.06471421744001377,0.0017864465802836375,-0.08952458943151831,-0.17016994131173127,-0.3802016397202288,-0.0693123279612976,-0.3073197009019,-0.10412548193326476,-0.1716053282672715,-0.41077813455533363,-0.0721071770592584,-0.5997818542911018,-0.7677760416332521,0.9694526584767059,1.335215448836406,False,False
40,3,16,3s_cbf_dc2_site40,group_3s_16,1,True,0.4630807686233573,-0.7698537938391342,0.4630807686233573,-0.7698537938391342,0.00047570825784363526,0.0022238890999283054,-0.0005031558131881,0.2247099727224853,-1.4929447183881601,0.2312477427411877,-1.4642656637564309,0.0008900493569094596,0.018736403493789265,-0.0286790546317292,5000,0.4495406120400749,-0.7995290797855914,0.4495406120400749,-0.7995290797855914,0.0003882477817711995,0.001912975742801568,1.425391555365252e-05,0.212113422875249,-1.5506341338163585,0.2151866499086454,-1.5362494883592992,0.0005220676962310576,0.01304982312747625,-0.0143846454570593,5000,0.4846711154562111,-0.7242847305283225,0.4846711154562111,-0.7242847305283225,0.0004300639833532339,0.0018217613520622935,-8.169500572030586e-06,0.2071561212775694,-1.5742825609191202,0.2103481998949672,-1.5589910266481752,0.0005145830782814257,0.013503155248863401,-0.0152915342709454,5000,0.4667754812330345,-0.7619069051569571,0.4667754812330345,-0.7619069051569571,0.0004070610101673584,0.0018597270401546223,3.0422074909219887e-06,0.2092235262510548,-1.5643520949352778,0.2123438544883845,-1.5495483631248783,0.0005150391510213199,0.013234490012891544,-0.0148037318103999,5000,0.4715474687514223,-0.7517355059391662,0.4715474687514223,-0.7517355059391662,0.00020213896115525452,0.0009080339229754528,-0.0007664918256705,0.2561537335762105,-1.361977492961552,0.2591967936408448,-1.3501676847933193,0.0016639537868631342,0.024439788909795895,-0.0118098081682329,5000,-0.0014129424439854876,-0.15480862787321245,-0.27822544305686625,-0.04037088441120262,0.9104968177963121,-0.025419084273019976,-0.1624280631209203,-0.4679764137083282,-0.07823310229371477,-0.10038511910719664,-0.04167147045171815,-0.16390141256615212,-0.507894473536316,-0.08348936146981278,-0.46186095599414345,-0.05698011599011976,-0.1646867914295536,-0.5334899751850364,-0.08562982685152426,-0.75363294157144,-0.803046691433747,1.0159504225463962,1.194974028249232,False,False
41,3,17,3s_cbf_dc2_site41,group_3s_17,3,True,0.6028148188155542,-0.506145229228122,0.6028148188155542,-0.506145229228122,0.001131083355960348,0.003087685282513088,7.905134517449675e-05,0.2429093411372746,-1.415066986993506,0.2495198137668059,-1.3882169530486665,0.0029414093994581092,0.04595045138202206,-0.0268500339448398,5000,0.5873798462652654,-0.5320835708755686,0.5873798462652654,-0.5320835708755686,0.0007456934057179228,0.0021513690304046824,-0.0002120919299551,0.2258769276187114,-1.487764996099689,0.230569214208401,-1.4672041830586253,0.0009494456310846662,0.02127697243954546,-0.0205608130410639,5000,0.6307472375404701,-0.46085007111309706,0.6307472375404701,-0.46085007111309706,0.0008514158255296039,0.0021359163897645165,-0.0001275469012275,0.2247778644203252,-1.4926426336919967,0.2295112710237203,-1.471803139472986,0.000977576987852002,0.02179481778992953,-0.0208394942190108,5000,0.6086774313367977,-0.49646682099433287,0.6086774313367977,-0.49646682099433287,0.0007930183517317155,0.002133496982180412,-0.0001698194155912,0.2247975860034676,-1.4925548994389968,0.2294466076241928,-1.4720849230656148,0.0009488230305947757,0.021285178761366493,-0.0204699763733822,5000,0.649636474955061,-0.4313423418417695,0.649636474955061,-0.4313423418417695,0.00040972637987289395,0.0009615009204571695,0.0014850626328622,0.2248054510873045,-1.492519912647588,0.2280569421873043,-1.4781599347736005,0.0016486757935167927,0.03144018453735615,-0.0143599778739877,5000,-0.038901165713392805,-0.06827801522428431,0.12435376222950012,0.1281022100813316,0.806453902571502,-0.06856869214584632,-0.07278666717082324,-0.011740250469666424,0.11704973385769168,-0.0298597965938985,-0.08124130405526014,-0.07399095333715697,-0.057868607097479874,0.10615546780639629,-0.315685905519698,-0.09320912470951204,-0.07485082296175635,-0.09452209920562282,0.09499634869125861,-0.5599941841477529,-0.9429477014085611,0.8320629311693364,1.1222901729914008,False,False
42,3,18,3s_cbf_dc2_site42,group_3s_18,2,True,0.5883838179619837,-0.5303757923971688,0.5883838179619837,-0.5303757923971688,0.0011866436735914762,0.0033810898299448883,0.0002956257568527,0.2671808300064006,-1.3198295838813912,0.2740864005213403,-1.2943118919303838,0.002443585258821638,0.033146569890280066,-0.0255176919510076,5000,0.5535757192825865,-0.5913567353179497,0.5535757192825865,-0.5913567353179497,0.0007161073128180823,0.0023242834336774233,-2.5867708988491778e-05,0.231686954513784,-1.4623681524789904,0.2339156161343232,-1.4527948434721771,0.00043815190516191397,0.009027679320280953,-0.0095733090068135,5000,0.5916169661093643,-0.5248958702109268,0.5916169661093643,-0.5248958702109268,0.0008465762555451584,0.0024074708918680686,-3.3257309743128793e-05,0.2359338467032245,-1.444203823830438,0.2383641772329832,-1.433955618366067,0.0004880001026839517,0.009661777161377639,-0.0102482054643706,5000,0.572280340002846,-0.5581263027644382,0.572280340002846,-0.5581263027644382,0.0007750671457380294,0.0023547612704732713,-2.9562509365921308e-05,0.233271558697073,-1.455552016100013,0.2355609622026165,-1.4457855361687517,0.000453483767377037,0.009197807788225239,-0.0097664799312615,5000,0.6092855142091019,-0.49546829649068996,0.6092855142091019,-0.49546829649068996,0.000285185066954242,0.0007627808935760032,0.0006519851867741,0.2066535881948952,-1.576711374541485,0.2096330356298153,-1.562396726217164,0.0008233751778738433,0.01962649614194932,-0.014314648324321,5000,-0.06932224947156634,-0.10727503337163077,0.356802600898928,0.13477364664478364,0.6795437303420958,-0.10951185185535073,-0.11290508909510763,0.36509740110091915,0.12920905142200534,-0.13137356688294188,-0.12366012137621579,-0.11419039997392211,0.37559640976944,0.12334856650410353,-0.39053680451071665,-0.1365699359780403,-0.11518020826453312,0.3880755998423031,0.11640672830849597,-0.6228717017638206,-0.8969414032609697,0.8628517338929684,1.2268820234734317,False,False
43,3,11,3s_cbf_dc2_site43,group_3s_11,4,False,0.8429182366605329,-0.1708853165969767,0.8429182366605329,-0.1708853165969767,0.0012691259988138388,0.0017750043658577767,0.0001409949681916,0.1888328370604703,-1.6668931152855317,0.198334601511936,-1.6177997679472311,0.0014453857486771673,0.043353709105901285,-0.0490933473383006,5000,0.789180377035858,-0.23676036951703008,0.789180377035858,-0.23676036951703008,0.0017496541044654099,0.0028003272880588416,-3.460156380269419e-05,0.2591154275718457,-1.3504816502617665,0.265725520526377,-1.3252913806731619,0.0014470068174965236,0.025258630485665293,-0.0251902695886048,5000,0.8389659501398823,-0.17558515720035855,0.8389659501398823,-0.17558515720035855,0.002118595415632613,0.0030018124162182486,-0.0001411229903218,0.2679497793031024,-1.3169557066911697,0.2735379659954775,-1.2963148514141047,0.0012781916822014246,0.02046710100809645,-0.0206408552770651,5000,0.8136924878918566,-0.2061727633586943,0.8136924878918566,-0.2061727633586943,0.0019180723844340458,0.0028884793894030265,-8.78622770623394e-05,0.263033146175631,-1.335475223659573,0.2690996645607211,-1.3126734677728293,0.0013547997096356214,0.02272320616487312,-0.0228017558867439,5000,0.8295163457574998,-0.1869124639912391,0.8295163457574998,-0.1869124639912391,0.0007506131719985003,0.0010861594154682875,0.0008902180125469,0.2755887933781195,-1.2888454033032,0.2783202549292616,-1.2789828321814771,0.0017113246116431942,0.021941379665914054,-0.009862571121723,5000,0.08585731341933844,-0.006667892060208375,-0.3002056289876962,-0.0179910708541432,1.4583488194625482,0.05660360707879808,-0.013364200286282768,-0.40612140809831176,-0.05207052576681043,0.7043166011467618,0.04170908073170426,-0.015485559942444993,-0.43089794768172407,-0.059451945949728524,0.42149843616360033,0.025900825791967674,-0.017258456573206626,-0.44739448256432723,-0.06409675668994907,0.15674350697623826,-1.0995000873586283,0.7994766646234436,1.0123218569985897,False,False
44,3,19,3s_cbf_dc2_site44,group_3s_19,3,True,0.6018818174555535,-0.5076941694649404,0.6018818174555535,-0.5076941694649404,0.0009424187024797893,0.0025951096332180353,4.470538849798977e-05,0.2297534864890626,-1.4707483427186632,0.2377322875997002,-1.4366100804383217,0.0024046867017255935,0.04502508453724332,-0.0341382622803416,5000,0.5871225593363817,-0.5325216916180585,0.5871225593363817,-0.5325216916180585,0.0008764968718612815,0.00252026287650933,6.659145253162801e-05,0.2453425015012577,-1.4051000793699293,0.2515667311087946,-1.3800469921962348,0.0012778938692212657,0.024161239317183787,-0.0250530871736944,5000,0.6332415747519134,-0.4569032949627844,0.6332415747519134,-0.4569032949627844,0.0008577204369918393,0.0021262869562226417,0.0001894592115961,0.2258407449394278,-1.4879251965149443,0.2311330587746448,-1.4647617222801355,0.00101065039860271,0.02246711478706994,-0.0231634742348092,5000,0.6097461882181339,-0.49471249329042166,0.6097461882181339,-0.49471249329042166,0.0008665123841870161,0.0023135680556942147,0.0001280253320641,0.2353207646105712,-1.4468057397536491,0.2410520294664864,-1.4227424788899203,0.0011341658387113349,0.02324196909664343,-0.024063260863729,5000,0.6308825016077055,-0.4606356435935856,0.6308825016077055,-0.4606356435935856,0.0003608002778567753,0.0009053558912906754,-0.0010838648083249,0.2291220557338605,-1.4735004229479924,0.2329585415696806,-1.4568947744257588,0.0009294679426970717,0.01798406247182642,-0.0166056485222338,5000,0.025295045758926105,-0.07086080255971766,-0.12031825216855507,0.09918768289642765,1.2655451819065417,0.01120522052228834,-0.0788047694108972,-0.25343921008356807,0.06454433204206023,0.6247517603220885,0.0034161139926258133,-0.08151757413269992,-0.2964937507082004,0.04872500568713711,0.38508084496491357,-0.004794761702895223,-0.08374061350781642,-0.3311168521361445,0.03426898548677437,0.17261476912744367,-1.011450343243304,0.7054622790977256,1.0049583936526534,False,False
45,3,20,3s_cbf_dc2_site45,group_3s_20,2,True,0.6353152663593783,-0.4536339208403677,0.6353152663593783,-0.4536339208403677,0.0008936882028241237,0.002197794523747787,5.953313960138651e-05,0.2167146419780334,-1.5291738047573533,0.2231020973069211,-1.5001257768396474,0.001785446119912599,0.037237046947825266,-0.0290480279177061,5000,0.615520965818806,-0.48528627086902765,0.615520965818806,-0.48528627086902765,0.0007131252555200658,0.0018709589671292793,-0.000247668978174,0.210616845815253,-1.5577146928551788,0.214546768552041,-1.5392275291726365,0.0007174146455690422,0.018368773804408583,-0.0184871636825423,5000,0.6528075692443488,-0.4264728803560353,0.6528075692443488,-0.4264728803560353,0.0008160216363397466,0.001904244007952312,-0.0002050672375539,0.2118749473758945,-1.5517590492208124,0.2152922537679256,-1.5357588540425107,0.0006352332864549588,0.015830491124067175,-0.0160001951783019,5000,0.6338901683376298,-0.4558795756125315,0.6338901683376298,-0.4558795756125315,0.0007576406128393103,0.0018746536732342112,-0.0002263681078639,0.2105355569174887,-1.5581007236518516,0.2141806658683632,-1.5409353870948121,0.0006687542605763104,0.016996885777054428,-0.0171653365570394,5000,0.6382184592521083,-0.44907464162631044,0.6382184592521083,-0.44907464162631044,0.0004813810142176832,0.001169273216630872,0.001386338423652,0.2544720111432255,-1.3685644249009374,0.258016413398669,-1.3547320782597492,0.002343859702498116,0.03438585310132542,-0.0138323466411884,5000,0.0778235110919267,-0.07233083709403956,-0.3107962440793597,-0.03900080316089949,1.4524260368509385,0.03908699657040271,-0.08149737413189376,-0.48041574660346065,-0.07722647682767236,0.3403720975450345,0.019674487787988526,-0.08268323562725147,-0.5086462612059877,-0.08051702853284981,0.0029644957366029485,0.0024615804744874126,-0.08338189046228611,-0.5281830124927385,-0.08173384579518067,-0.27442422422502283,-0.9675810092769714,0.7091261732852081,1.1975992586183468,False,False
46,3,19,3s_cbf_dc2_site46,group_3s_19,3,False,0.6018818174555535,-0.5076941694649404,0.6018818174555535,-0.5076941694649404,0.0009424187024797893,0.0025951096332180353,4.470538849798977e-05,0.2297534864890626,-1.4707483427186632,0.2377322875997002,-1.4366100804383217,0.0024046867017255935,0.04502508453724332,-0.0341382622803416,5000,0.5871225593363817,-0.5325216916180585,0.5871225593363817,-0.5325216916180585,0.0008764968718612815,0.00252026287650933,6.659145253162801e-05,0.2453425015012577,-1.4051000793699293,0.2515667311087946,-1.3800469921962348,0.0012778938692212657,0.024161239317183787,-0.0250530871736944,5000,0.6332415747519134,-0.4569032949627844,0.6332415747519134,-0.4569032949627844,0.0008577204369918393,0.0021262869562226417,0.0001894592115961,0.2258407449394278,-1.4879251965149443,0.2311330587746448,-1.4647617222801355,0.00101065039860271,0.02246711478706994,-0.0231634742348092,5000,0.6097461882181339,-0.49471249329042166,0.6097461882181339,-0.49471249329042166,0.0008665123841870161,0.0023135680556942147,0.0001280253320641,0.2353207646105712,-1.4468057397536491,0.2410520294664864,-1.4227424788899203,0.0011341658387113349,0.02324196909664343,-0.024063260863729,5000,0.6502308909287756,-0.43042776235350927,0.6502308909287756,-0.43042776235350927,0.0005764338520626646,0.0013767987875124667,-0.0015618809705632,0.2672410173877146,-1.3196043409132678,0.2703975268050954,-1.307862081286017,0.002184332884689327,0.029353009395362013,-0.0117422596272507,5000,0.07323649808101401,-0.08569416018639112,-0.3191309553442334,-0.048224450984707845,1.178231817776978,0.02989492951524131,-0.09151008500133742,-0.4154111113238135,-0.06497011244575784,0.24412624675815525,0.01046258287880103,-0.09265029197001964,-0.42804996690410313,-0.066087198463754,-0.059070103961983395,-0.007820370043690572,-0.09342072116190497,-0.433774966675339,-0.06592989141991529,-0.32457787955585976,-1.011450343243304,0.7054622790977256,1.0049583936526534,False,False
47,3,21,3s_cbf_dc2_site47,group_3s_21,1,True,0.6353152663593783,-0.4536339208403677,0.6353152663593783,-0.4536339208403677,0.0008936882028241237,0.002197794523747787,5.953313960138651e-05,0.2167146419780334,-1.5291738047573533,0.2231020973069211,-1.5001257768396474,0.001785446119912599,0.037237046947825266,-0.0290480279177061,5000,0.6155441485356533,-0.48524860800850184,0.6155441485356533,-0.48524860800850184,0.0007112285985052405,0.0018660577119925903,-0.0002548777626532,0.2104062017399389,-1.5587153226027095,0.2144284410507897,-1.5397792044284717,0.0007369276415752904,0.018919759103233617,-0.0189361181742377,5000,0.6526570749024345,-0.42670344093575796,0.6526570749024345,-0.42670344093575796,0.0007568933733657149,0.0017664214309749797,-0.0001431193280058,0.2044968253648322,-1.5872028275081285,0.2083109722558445,-1.5687232568464087,0.0006976591593341387,0.018842963565608096,-0.01847957066172,5000,0.6338290333020326,-0.45597602447213,0.6338290333020326,-0.45597602447213,0.000728614172445427,0.0018029342603069307,-0.0001989985453295,0.2067341186794097,-1.576321762154885,0.210645908891148,-1.5575767121027082,0.000713209801837685,0.01891466048807911,-0.018745050052177,5000,0.6514945161919372,-0.42848629965613527,0.6514945161919372,-0.42848629965613527,0.0003264521440679702,0.000767349827609463,-0.0003458309165131,0.1958373784935408,-1.6304706657080381,0.2004469233678982,-1.6072057886375126,0.0010237103902639238,0.027308823842799843,-0.0232648770705257,5000,-0.009864551934397559,-0.07448146493010974,0.034946734212954134,0.13609468449121642,0.9461067412653009,-0.0303845090590929,-0.07892078998205476,-0.14785432159479361,0.10548435991888883,0.1381571360101217,-0.03882954481600526,-0.0804894650573551,-0.2095667176721978,0.08783578242547951,-0.1356795589946237,-0.0477257942692228,-0.08191723022059053,-0.261648418935041,0.06968238167297702,-0.38345846559549435,-0.9692914158034026,0.7774191922948263,1.2015336972547497,False,False
48,3,22,3s_cbf_dc2_site48,group_3s_22,2,True,0.8045538434696907,-0.21746738692141226,0.8045538434696907,-0.21746738692141226,0.002466252965898087,0.0037809944254222805,-0.0001318927126633,0.2815117449476385,-1.2675811095458034,0.2896573810184556,-1.2390564992216075,0.004503513367424206,0.05272262220535362,-0.0285246103241958,5000,0.7670476423986337,-0.2652063642914974,0.7670476423986337,-0.2652063642914974,0.0017251172177821668,0.002916435908882274,0.0001514490113129,0.2639359122585532,-1.3320489619023623,0.2722115462143761,-1.3011757715366354,0.001785696833174149,0.03066085122005864,-0.0308731903657273,5000,0.8220519717165894,-0.19595165999204167,0.8220519717165894,-0.19595165999204167,0.001871598429016897,0.0027565033909623853,-1.4573385988647658e-05,0.2573787050955908,-1.3572067180288516,0.2645268070409942,-1.3298126829479007,0.0015084797580312622,0.026776264626416788,-0.0273940350809511,5000,0.7940736910604445,-0.2305790121417695,0.7940736910604445,-0.2305790121417695,0.0017905792650796835,0.0028256064269143516,6.843781266213655e-05,0.2601993613652058,-1.3463071673064146,0.2679365777812022,-1.3170049765474676,0.0016476597804420976,0.02889545860873993,-0.0293021907589468,5000,0.8865599662083298,-0.12040651197858984,0.8865599662083298,-0.12040651197858984,0.0015089887838232246,0.0018624588945992517,0.0028716412648734,0.3350867779603122,-1.0933657420142995,0.3364200217564294,-1.089394834948063,0.004566330870381337,0.03664819438675563,-0.0039709070662363,5000,0.01232095979318698,0.011625961371116905,0.18210656036840023,0.2866258441639512,1.3716782988710914,-0.012434297135529182,0.008554062759186215,0.1633671981079221,0.3117409423320908,0.7955389769770767,-0.021872431276198562,0.0075531048809487356,0.15481335752667214,0.3176561294970842,0.5816807485190773,-0.030481860922975196,0.006634055425586177,0.14598311576863665,0.3212950451104035,0.38827904633566346,-1.1113687714790108,0.7110946086185341,0.7407040499453817,False,False
49,3,19,3s_cbf_dc2_site49,group_3s_19,3,False,0.6018818174555535,-0.5076941694649404,0.6018818174555535,-0.5076941694649404,0.0009424187024797893,0.0025951096332180353,4.470538849798977e-05,0.2297534864890626,-1.4707483427186632,0.2377322875997002,-1.4366100804383217,0.0024046867017255935,0.04502508453724332,-0.0341382622803416,5000,0.5871225593363817,-0.5325216916180585,0.5871225593363817,-0.5325216916180585,0.0008764968718612815,0.00252026287650933,6.659145253162801e-05,0.2453425015012577,-1.4051000793699293,0.2515667311087946,-1.3800469921962348,0.0012778938692212657,0.024161239317183787,-0.0250530871736944,5000,0.6332415747519134,-0.4569032949627844,0.6332415747519134,-0.4569032949627844,0.0008577204369918393,0.0021262869562226417,0.0001894592115961,0.2258407449394278,-1.4879251965149443,0.2311330587746448,-1.4647617222801355,0.00101065039860271,0.02246711478706994,-0.0231634742348092,5000,0.6097461882181339,-0.49471249329042166,0.6097461882181339,-0.49471249329042166,0.0008665123841870161,0.0023135680556942147,0.0001280253320641,0.2353207646105712,-1.4468057397536491,0.2410520294664864,-1.4227424788899203,0.0011341658387113349,0.02324196909664343,-0.024063260863729,5000,0.6305383378889712,-0.4611813198920866,0.6305383378889712,-0.4611813198920866,0.00041395556364531144,0.0010399376929305245,2.8913322082269044e-05,0.2533640686242144,-1.3729278182123368,0.257010816540314,-1.358637107267078,0.0011688165820517586,0.018165226062332472,-0.0142907109452588,5000,0.02186330901336775,-0.05884984035537999,-0.07320593793169738,0.22243085532314122,1.1449461902198306,0.009353202213880363,-0.0743979663296076,-0.23168083373926196,0.1375193362638616,0.4652635867485824,0.0011841551736385125,-0.07849420125609424,-0.27048705870844403,0.11032415179026178,0.23770379385891782,-0.007945483079264959,-0.08176113463692222,-0.3004373240781142,0.08713954190880902,0.025570139286659205,-1.011450343243304,0.7054622790977256,1.0049583936526534,False,False
50,3,12,3s_cbf_dc2_site50,group_3s_12,4,False,0.4646663619822128,-0.766435632035417,0.4646663619822128,-0.766435632035417,0.0003583015262241509,0.0016518366722923356,2.3501097121680914e-06,0.1805105893951261,-1.7119658359210344,0.185815247742823,-1.683002390615308,0.001151551111270119,0.035185347111583574,-0.0289634453057265,5000,0.4470725842025201,-0.8050343167846336,0.4470725842025201,-0.8050343167846336,0.00025188943896298194,0.0012606468150029818,6.976242525780219e-05,0.1708311772058258,-1.7670794779515224,0.1725937229609806,-1.7568148685434841,0.00027858493616640044,0.010625887920091028,-0.0102646094080387,5000,0.4823692140893084,-0.7290454538284575,0.4823692140893084,-0.7290454538284575,0.0003078130704487348,0.001323482346314666,4.278310772820593e-05,0.1752093455054753,-1.741773759976247,0.177384978440153,-1.7294328889029786,0.00035233612581352087,0.012685481089036109,-0.0123408710732686,5000,0.4643856706258773,-0.7670398853065454,0.4643856706258773,-0.7670398853065454,0.00027722118388164187,0.0012859587111304204,5.627276649289304e-05,0.1726233608163767,-1.7566431629306296,0.1745573084909945,-1.7455021758350233,0.0003086853782348231,0.011493052952443567,-0.0111409870956065,5000,0.4437166255614571,-0.8125691510232758,0.4437166255614571,-0.8125691510232758,0.00010736096500591898,0.0005439306103428377,0.0004188166829236,0.2057459092898358,-1.5811133215675113,0.2059639793128341,-1.5800539831866356,0.0013254305587112344,0.028749417153105104,-0.0010593383808759,5000,-0.11833432670117333,-0.15062797933020688,0.19726491487302544,0.19154706382667008,0.5716325651529369,-0.1267125504239675,-0.155955959405537,0.05528375019117604,0.2135036887232532,-0.1370543334592318,-0.13215029919735916,-0.15860142441942313,0.004560329167213162,0.2119832921088357,-0.3966943211452562,-0.13913698089445153,-0.16104584769765348,-0.03825112209276904,0.2069468602123299,-0.6369086665152014,-0.7604799945586941,1.0018464723150766,1.3359918704180909,False,False
51,3,22,3s_cbf_dc2_site51,group_3s_22,2,False,0.8045538434696907,-0.21746738692141226,0.8045538434696907,-0.21746738692141226,0.002466252965898087,0.0037809944254222805,-0.0001318927126633,0.2815117449476385,-1.2675811095458034,0.2896573810184556,-1.2390564992216075,0.004503513367424206,0.05272262220535362,-0.0285246103241958,5000,0.7670476423986337,-0.2652063642914974,0.7670476423986337,-0.2652063642914974,0.0017251172177821668,0.002916435908882274,0.0001514490113129,0.2639359122585532,-1.3320489619023623,0.2722115462143761,-1.3011757715366354,0.001785696833174149,0.03066085122005864,-0.0308731903657273,5000,0.8220519717165894,-0.19595165999204167,0.8220519717165894,-0.19595165999204167,0.001871598429016897,0.0027565033909623853,-1.4573385988647658e-05,0.2573787050955908,-1.3572067180288516,0.2645268070409942,-1.3298126829479007,0.0015084797580312622,0.026776264626416788,-0.0273940350809511,5000,0.7940736910604445,-0.2305790121417695,0.7940736910604445,-0.2305790121417695,0.0017905792650796835,0.0028256064269143516,6.843781266213655e-05,0.2601993613652058,-1.3463071673064146,0.2679365777812022,-1.3170049765474676,0.0016476597804420976,0.02889545860873993,-0.0293021907589468,5000,0.8412989633651573,-0.17280819660827818,0.8412989633651573,-0.17280819660827818,0.0011622556778837945,0.0016214526287308434,0.0009165412899054,0.2701838116208093,-1.3086527678311455,0.2752698262561833,-1.290003475978167,0.0019512562647337657,0.027248316486179796,-0.0186492918529785,5000,0.08241200521354297,-0.004010226035765063,-0.3019381782547721,-0.03151231079339156,1.3500878386598316,0.04577156355556067,-0.00822651165403554,-0.3719803697838606,-0.05093373926026584,0.6543965853549286,0.030603392856583145,-0.009091279605858343,-0.38520887729681696,-0.05272299602583441,0.41801214208749604,0.015640187192383748,-0.009748442072464086,-0.39457575548231505,-0.05314976450069914,0.19698117366295378,-1.1113687714790108,0.7110946086185341,0.7407040499453817,False,False
52,3,20,3s_cbf_dc2_site52,group_3s_20,2,False,0.6353152663593783,-0.4536339208403677,0.6353152663593783,-0.4536339208403677,0.0008936882028241237,0.002197794523747787,5.953313960138651e-05,0.2167146419780334,-1.5291738047573533,0.2231020973069211,-1.5001257768396474,0.001785446119912599,0.037237046947825266,-0.0290480279177061,5000,0.615520965818806,-0.48528627086902765,0.615520965818806,-0.48528627086902765,0.0007131252555200658,0.0018709589671292793,-0.000247668978174,0.210616845815253,-1.5577146928551788,0.214546768552041,-1.5392275291726365,0.0007174146455690422,0.018368773804408583,-0.0184871636825423,5000,0.6528075692443488,-0.4264728803560353,0.6528075692443488,-0.4264728803560353,0.0008160216363397466,0.001904244007952312,-0.0002050672375539,0.2118749473758945,-1.5517590492208124,0.2152922537679256,-1.5357588540425107,0.0006352332864549588,0.015830491124067175,-0.0160001951783019,5000,0.6338901683376298,-0.4558795756125315,0.6338901683376298,-0.4558795756125315,0.0007576406128393103,0.0018746536732342112,-0.0002263681078639,0.2105355569174887,-1.5581007236518516,0.2141806658683632,-1.5409353870948121,0.0006687542605763104,0.016996885777054428,-0.0171653365570394,5000,0.5981166782800572,-0.5139694298831038,0.5981166782800572,-0.5139694298831038,0.00039497354781670103,0.0011076680366548573,-0.0012969808035885,0.2996376847103233,-1.2051812518368485,0.3019435518331682,-1.19751519353766,0.002060321260701338,0.022176349561737897,-0.0076660582991885,5000,-0.10757204904477102,-0.0788856839189066,1.2790998025579774,-0.0501315685913587,0.473410875138519,-0.11229856805739863,-0.07909001031898316,1.2129845218297333,-0.06530248467146688,-0.08646096440826799,-0.11374470866411251,-0.07913947542036537,1.1866468985171421,-0.0691533912315413,-0.2818177796574486,-0.11504241242219959,-0.079179036753591,1.1613324152001394,-0.07232389241671372,-0.46420236881245563,-0.9675810092769714,0.7091261732852081,1.1975992586183468,False,False
53,3,23,3s_cbf_dc2_site53,group_3s_23,1,True,0.8404473417197758,-0.17382097923262643,0.8404473417197758,-0.17382097923262643,0.0012326984355603375,0.001734393037729883,8.698280430799454e-05,0.1865853963035853,-1.6788662556701908,0.1959635737536879,-1.6298264852190056,0.0014076901006481806,0.04324978910890484,-0.0490397704511851,5000,0.7876307266661481,-0.2387259199434319,0.7876307266661481,-0.2387259199434319,0.001704200587592389,0.002737766727403993,7.989879403091926e-07,0.2558931634297706,-1.3629952519615804,0.2628077616553302,-1.3363324583506986,0.0014857143717368934,0.026804226201146964,-0.0266627936108818,5000,0.8375806622966716,-0.1772377067306774,0.8375806622966716,-0.1772377067306774,0.0020668774161108436,0.00293766970322726,-0.0001191016437571,0.2649318447431443,-1.3282826757233563,0.2707045188927446,-1.3067273891405027,0.001299140928036113,0.02138756457810519,-0.0215552865828538,5000,0.8122218081818791,-0.2079818133370546,0.8122218081818791,-0.2079818133370546,0.0018688994197744687,0.002824077366376618,-5.915132790848543e-05,0.2598653006910157,-1.3475918564787743,0.2661782886698029,-1.323588936565963,0.001385136108338552,0.023958949837174004,-0.0240029199128113,5000,0.8819248734975547,-0.12564840404356414,0.8819248734975547,-0.12564840404356414,0.000977486956776358,0.0012501156029592854,-0.0008344946543462,0.273005993654814,-1.2982615292586415,0.2778225758010671,-1.2807725855812961,0.001107177908596433,0.015156720809407009,-0.0174889436773453,5000,0.007766966764903405,-0.007491319869208868,0.03855033381241757,0.11156133291993509,1.1234004085565072,-0.007236048915871762,-0.010961313217485197,-0.10088598349412292,0.09262557572740704,0.47057316954836076,-0.012202843751964565,-0.01332894349686653,-0.16287539545194774,0.0709300538529678,0.22081048689161456,-0.018347910770007247,-0.01598084907267075,-0.21856434851892148,0.04410702414841661,-0.020828849600924782,-1.099355530848241,0.8505411053451747,1.0117695525006891,False,False
54,3,17,3s_cbf_dc2_site54,group_3s_17,3,False,0.6028148188155542,-0.506145229228122,0.6028148188155542,-0.506145229228122,0.001131083355960348,0.003087685282513088,7.905134517449675e-05,0.2429093411372746,-1.415066986993506,0.2495198137668059,-1.3882169530486665,0.0029414093994581092,0.04595045138202206,-0.0268500339448398,5000,0.5873798462652654,-0.5320835708755686,0.5873798462652654,-0.5320835708755686,0.0007456934057179228,0.0021513690304046824,-0.0002120919299551,0.2258769276187114,-1.487764996099689,0.230569214208401,-1.4672041830586253,0.0009494456310846662,0.02127697243954546,-0.0205608130410639,5000,0.6307472375404701,-0.46085007111309706,0.6307472375404701,-0.46085007111309706,0.0008514158255296039,0.0021359163897645165,-0.0001275469012275,0.2247778644203252,-1.4926426336919967,0.2295112710237203,-1.471803139472986,0.000977576987852002,0.02179481778992953,-0.0208394942190108,5000,0.6086774313367977,-0.49646682099433287,0.6086774313367977,-0.49646682099433287,0.0007930183517317155,0.002133496982180412,-0.0001698194155912,0.2247975860034676,-1.4925548994389968,0.2294466076241928,-1.4720849230656148,0.0009488230305947757,0.021285178761366493,-0.0204699763733822,5000,0.6846503779906562,-0.3788469681107784,0.6846503779906562,-0.3788469681107784,0.00032580225422795367,0.0006925189480946301,0.0010901006400239,0.2160201546848706,-1.5323835669247077,0.2189538005155742,-1.5188945279699886,0.0006006305871708899,0.012979575551359115,-0.0134890389547193,5000,-0.07349925403373347,-0.057525855939022597,0.11383501273470209,0.11918542980706381,0.8069342126694167,-0.09404478540681149,-0.061130687512958054,0.007824280458200494,0.1080270775912241,0.1890199604422973,-0.10205996179489768,-0.062479764127018084,-0.02533453250506401,0.10088710841317416,-0.031388245273425985,-0.10985127799467945,-0.06381194056399775,-0.05325102593141162,0.09280366454786315,-0.23797300918452585,-0.9429477014085611,0.8320629311693364,1.1222901729914008,False,False
55,3,24,3s_cbf_dc2_site55,group_3s_24,1,True,0.600426105117175,-0.5101157006257746,0.600426105117175,-0.5101157006257746,0.000986360693177071,0.0027317991290872305,-0.0004041361872927,0.2335705807490742,-1.454270974533162,0.2415994994828976,-1.4204738846003715,0.0026323913033848454,0.04735990667947986,-0.0337970899327906,5000,0.5805885522719614,-0.543712944651163,0.5805885522719614,-0.543712944651163,0.0008649429446471653,0.0025581623515413343,-0.0001074090362407,0.2451354153067926,-1.4059445055904536,0.2509176061617758,-1.382630656043899,0.0012336024800422905,0.024130920665508992,-0.0233138495465545,5000,0.6257529365861865,-0.46879965577485444,0.6257529365861865,-0.46879965577485444,0.0009717412936323754,0.002473101993725812,-4.6874231684646e-05,0.2406588668391817,-1.4243748385380894,0.2457470103290938,-1.4034526855259364,0.0010712088902280286,0.021375575863954388,-0.0209221530121535,5000,0.6027478672981784,-0.5062563002130087,0.6027478672981784,-0.5062563002130087,0.0009136241348624913,0.002506578931617082,-7.714163396255191e-05,0.2424701835291614,-1.4168765306830478,0.2479071895442347,-1.3947008385695445,0.0011503813622592248,0.02280548758241769,-0.0221756921135032,5000,0.5235204191473893,-0.6471792443751277,0.5235204191473893,-0.6471792443751277,0.0001821708649822942,0.0006669091425451162,-0.0005428762560316,0.1671425110925345,-1.7889084706343374,0.1713538463634872,-1.764024583504721,0.0006837041481094698,0.025543523012687128,-0.024883887129617,5000,-0.03218399276460071,-0.07544555851132159,1.417242888913703,-0.0524952639052112,0.7161743829012668,-0.03640503261663741,-0.07555432592798753,1.3489275161102285,-0.06688845631920332,0.14216142006443372,-0.03765586113788161,-0.07558207241550768,1.322049118354785,-0.07027060389395362,-0.05391818684334633,-0.038821204527230646,-0.07560591521418383,1.295107707238282,-0.073126943924257,-0.24398297830532262,-0.9571029189464011,0.8004727308615629,1.1650343370073928,False,False
56,3,18,3s_cbf_dc2_site56,group_3s_18,2,False,0.5883838179619837,-0.5303757923971688,0.5883838179619837,-0.5303757923971688,0.0011866436735914762,0.0033810898299448883,0.0002956257568527,0.2671808300064006,-1.3198295838813912,0.2740864005213403,-1.2943118919303838,0.002443585258821638,0.033146569890280066,-0.0255176919510076,5000,0.5535757192825865,-0.5913567353179497,0.5535757192825865,-0.5913567353179497,0.0007161073128180823,0.0023242834336774233,-2.5867708988491778e-05,0.231686954513784,-1.4623681524789904,0.2339156161343232,-1.4527948434721771,0.00043815190516191397,0.009027679320280953,-0.0095733090068135,5000,0.5916169661093643,-0.5248958702109268,0.5916169661093643,-0.5248958702109268,0.0008465762555451584,0.0024074708918680686,-3.3257309743128793e-05,0.2359338467032245,-1.444203823830438,0.2383641772329832,-1.433955618366067,0.0004880001026839517,0.009661777161377639,-0.0102482054643706,5000,0.572280340002846,-0.5581263027644382,0.572280340002846,-0.5581263027644382,0.0007750671457380294,0.0023547612704732713,-2.9562509365921308e-05,0.233271558697073,-1.455552016100013,0.2355609622026165,-1.4457855361687517,0.000453483767377037,0.009197807788225239,-0.0097664799312615,5000,0.4900144329933616,-0.7133204332227643,0.4900144329933616,-0.7133204332227643,0.00016239566871239475,0.0006781134812207693,-0.0006061833351641,0.1905304624603747,-1.6579431892708152,0.1932133320205988,-1.6439603532667468,0.0010124977122661194,0.02718400734801379,-0.0139828360040688,5000,-0.04706016812819186,-0.11310982030911182,1.4246767903077502,-0.05846748820493902,0.4749793659099755,-0.05097642489747595,-0.11325712842859637,1.3568670141337007,-0.07166414544537097,-0.09532733328059873,-0.05209749424661353,-0.11329016792284441,1.3310037997248267,-0.07481828459836054,-0.2867166791695791,-0.05315613145432757,-0.11331768837396158,1.304824315774436,-0.07757002190214685,-0.47534549261220993,-0.8969414032609697,0.8628517338929684,1.2268820234734317,False,False
57,3,17,3s_cbf_dc2_site57,group_3s_17,3,False,0.6028148188155542,-0.506145229228122,0.6028148188155542,-0.506145229228122,0.001131083355960348,0.003087685282513088,7.905134517449675e-05,0.2429093411372746,-1.415066986993506,0.2495198137668059,-1.3882169530486665,0.0029414093994581092,0.04595045138202206,-0.0268500339448398,5000,0.5873798462652654,-0.5320835708755686,0.5873798462652654,-0.5320835708755686,0.0007456934057179228,0.0021513690304046824,-0.0002120919299551,0.2258769276187114,-1.487764996099689,0.230569214208401,-1.4672041830586253,0.0009494456310846662,0.02127697243954546,-0.0205608130410639,5000,0.6307472375404701,-0.46085007111309706,0.6307472375404701,-0.46085007111309706,0.0008514158255296039,0.0021359163897645165,-0.0001275469012275,0.2247778644203252,-1.4926426336919967,0.2295112710237203,-1.471803139472986,0.000977576987852002,0.02179481778992953,-0.0208394942190108,5000,0.6086774313367977,-0.49646682099433287,0.6086774313367977,-0.49646682099433287,0.0007930183517317155,0.002133496982180412,-0.0001698194155912,0.2247975860034676,-1.4925548994389968,0.2294466076241928,-1.4720849230656148,0.0009488230305947757,0.021285178761366493,-0.0204699763733822,5000,0.5228461764660605,-0.6484679758340107,0.5228461764660605,-0.6484679758340107,0.0001995243261891632,0.0007313025461451604,-0.0006445963909453,0.2119872313039382,-1.5512292358224105,0.2146831502872073,-1.53859205744166,0.0009266479039949212,0.020699794974541576,-0.0126371783807506,5000,-0.03877275625872817,-0.07057225141581436,1.4315955009827541,-0.04687845734039342,0.7138179294895728,-0.04319795662387549,-0.07070891685938674,1.3674497428928016,-0.06149974629124205,0.153209689504149,-0.044556924818920096,-0.07074785866230279,1.3413730850520516,-0.06474592161638126,-0.042447917713306464,-0.04578932987144074,-0.07078142233505194,1.3160587065238376,-0.06719966140935052,-0.2256410628496073,-0.9429477014085611,0.8320629311693364,1.1222901729914008,False,False
58,3,13,3s_cbf_dc2_site58,group_3s_13,3,False,0.4549006444157165,-0.7876762477975613,0.4549006444157165,-0.7876762477975613,0.00031259187889475404,0.0014914317360651716,0.000929371000214,0.1719771851684699,-1.7603934553360874,0.1768202562124287,-1.732621564004122,0.0010178949177948398,0.03466792035797198,-0.0277718913319657,5000,0.4332417257452942,-0.8364594486754421,0.4332417257452942,-0.8364594486754421,0.00025390779826177905,0.0013487358114156016,4.3355706971337504e-05,0.1776875715054676,-1.727728487148389,0.1792416356496834,-1.7190204636333735,0.00027274718411309125,0.009472514676944006,-0.0087080235150158,5000,0.4698060756037552,-0.7554352745213312,0.4698060756037552,-0.7554352745213312,0.0002831789150133346,0.0012788461393596824,5.9949276824067255e-05,0.1729616600186289,-1.7546853274347707,0.1746136992585996,-1.7451791778378025,0.0002746397185947337,0.010068982351379529,-0.0095061495969683,5000,0.4511536267838207,-0.7959473615983869,0.4511536267838207,-0.7959473615983869,0.00026719001801706093,0.0013086749072086727,5.165249189809096e-05,0.1749996142528803,-1.7429715093303078,0.176593751446012,-1.7339033739636671,0.0002719284920612563,0.00973371791331133,-0.0090681353666406,5000,0.3685560311221668,-0.9981625270195585,0.3685560311221668,-0.9981625270195585,6.366551683691961e-05,0.0004693559984148218,0.0001266742355018,0.1622682101536071,-1.8185046945426289,0.1653591003527206,-1.7996358041609142,0.00047601889398693925,0.018711685184924456,-0.0188688903817149,5000,-0.08339129184608657,-0.19134019645828876,1.4781052482099035,-0.06065511165753118,0.2359358246654559,-0.08553904703817733,-0.19151848541953842,1.4074423691146816,-0.07290958870699421,-0.33935938503605506,-0.0860408646703803,-0.19156210691840936,1.37810489267043,-0.07597204235227745,-0.54869783600411,-0.08640444595271185,-0.19159398209747927,1.3521465946142142,-0.0782422776841667,-0.7286463432799325,-0.7677760416332521,0.9694526584767059,1.335215448836406,False,False
59,3,11,3s_cbf_dc2_site59,group_3s_11,4,False,0.8429182366605329,-0.1708853165969767,0.8429182366605329,-0.1708853165969767,0.0012691259988138388,0.0017750043658577767,0.0001409949681916,0.1888328370604703,-1.6668931152855317,0.198334601511936,-1.6177997679472311,0.0014453857486771673,0.043353709105901285,-0.0490933473383006,5000,0.789180377035858,-0.23676036951703008,0.789180377035858,-0.23676036951703008,0.0017496541044654099,0.0028003272880588416,-3.460156380269419e-05,0.2591154275718457,-1.3504816502617665,0.265725520526377,-1.3252913806731619,0.0014470068174965236,0.025258630485665293,-0.0251902695886048,5000,0.8389659501398823,-0.17558515720035855,0.8389659501398823,-0.17558515720035855,0.002118595415632613,0.0030018124162182486,-0.0001411229903218,0.2679497793031024,-1.3169557066911697,0.2735379659954775,-1.2963148514141047,0.0012781916822014246,0.02046710100809645,-0.0206408552770651,5000,0.8136924878918566,-0.2061727633586943,0.8136924878918566,-0.2061727633586943,0.0019180723844340458,0.0028884793894030265,-8.78622770623394e-05,0.263033146175631,-1.335475223659573,0.2690996645607211,-1.3126734677728293,0.0013547997096356214,0.02272320616487312,-0.0228017558867439,5000,0.7687956956711319,-0.2629300201045631,0.7687956956711319,-0.2629300201045631,0.00041469788444839576,0.0007012823016191749,-0.000181550395884,0.2128643581946384,-1.547100132113751,0.2153840429776297,-1.535332597887772,0.0007618217790997877,0.016903975520268975,-0.0117675342259788,5000,-0.017840744169085654,0.0007247920640308103,1.358465732440533,-0.06467868490956363,0.8694771762107875,-0.025549074102188762,0.0006827017581270967,1.292147587450665,-0.076875560268935,0.3145505522952922,-0.028208391624453377,0.0006716408863192969,1.2652455405155716,-0.0800883977030491,0.11594327833289803,-0.0305701465418238,0.000663124470021953,1.2404969753781954,-0.08269314583869047,-0.06263052928685037,-1.0995000873586283,0.7994766646234436,1.0123218569985897,False,False
0,5,25,5s_cbf_dc2_site0,group_5s_00,21,True,0.3518918191330724,-1.044431482628517,0.3518918191330724,-1.044431482628517,0.00022814312136105016,0.0018272096012391062,0.0004331571057234,0.1828130050266503,-1.6992914790208355,0.1878621450069961,-1.6720468563664213,0.001348731408594311,0.038721219673412806,-0.027244622654414,5000,0.3400296079895499,-1.0787225828411697,0.3400296079895499,-1.0787225828411697,0.00017586575958156029,0.001523606629119453,-0.0004502263919823,0.1844681517635871,-1.690278449569508,0.1876473174534181,-1.673191048982009,0.0006153764074097718,0.02011414009759282,-0.0170874005874988,5000,0.366065905435791,-1.00494189229464,0.366065905435791,-1.00494189229464,0.0001882271624007664,0.001408521002547417,-0.0004904523290367,0.1780705108724155,-1.7255756786315148,0.1809075674707467,-1.7097690551133995,0.0005145462662346697,0.01823343330864023,-0.0158066235181155,5000,0.352807661940145,-1.0418322375679048,0.352807661940145,-1.0418322375679048,0.00018048725698973728,0.0014533685199963318,-0.0004703393605096,0.1805098375278922,-1.7119700011547874,0.1834491074044693,-1.6958179937992828,0.0005514524833591031,0.018847652293056204,-0.0161520073555048,5000,0.3754722582120389,-0.9795706901022821,0.3754722582120389,-0.9795706901022821,0.00015870847746587722,0.0011168971008299106,0.0002079686129213,0.2896332538806014,-1.2391397981269054,0.2902337074809893,-1.2370687926894055,0.003578587663703958,0.03756128979872884,-0.0020710054374999,5000,-0.02303507561097412,0.01671719583867634,0.2828771876502638,0.17401684576368215,0.09791000065306445,0.0027604962378207087,0.009631109747126138,0.10579107954375999,0.20594467964202012,-0.6706468770463524,0.013126170572781592,0.0057144039588020445,0.052245841216528977,0.2196824192769503,-0.9670039015056476,0.022737452385544865,0.0016390000636030688,0.006188786827303616,0.23030223418449958,-1.2463960443056807,-0.09300989581081379,1.3689581530313766,1.1891709495749692,False,False
1,5,25,5s_cbf_dc2_site1,group_5s_00,21,False,0.3518918191330724,-1.044431482628517,0.3518918191330724,-1.044431482628517,0.00022814312136105016,0.0018272096012391062,0.0004331571057234,0.1828130050266503,-1.6992914790208355,0.1878621450069961,-1.6720468563664213,0.001348731408594311,0.038721219673412806,-0.027244622654414,5000,0.3400296079895499,-1.0787225828411697,0.3400296079895499,-1.0787225828411697,0.00017586575958156029,0.001523606629119453,-0.0004502263919823,0.1844681517635871,-1.690278449569508,0.1876473174534181,-1.673191048982009,0.0006153764074097718,0.02011414009759282,-0.0170874005874988,5000,0.366065905435791,-1.00494189229464,0.366065905435791,-1.00494189229464,0.0001882271624007664,0.001408521002547417,-0.0004904523290367,0.1780705108724155,-1.7255756786315148,0.1809075674707467,-1.7097690551133995,0.0005145462662346697,0.01823343330864023,-0.0158066235181155,5000,0.352807661940145,-1.0418322375679048,0.352807661940145,-1.0418322375679048,0.00018048725698973728,0.0014533685199963318,-0.0004703393605096,0.1805098375278922,-1.7119700011547874,0.1834491074044693,-1.6958179937992828,0.0005514524833591031,0.018847652293056204,-0.0161520073555048,5000,0.4029903432538567,-0.90884267947179,0.4029903432538567,-0.90884267947179,0.00011885821961790579,0.0007304563568354443,-0.0004487520864855,0.2871929447562436,-1.2476010077217727,0.2885588275537822,-1.2428563054884605,0.0015242996856644137,0.017737237257615068,-0.0047447022333124,5000,0.027898009909704424,0.004453065000295853,-0.036570944572834385,0.029317157236537605,0.03314211263275748,0.035859030246351786,-0.001530471064143446,-0.2389517253526754,-0.009573830222359248,-0.8039149947311649,0.03823066086151006,-0.004735794466287718,-0.31375218324067955,-0.028730924182546858,-1.147799358529282,0.03935592193607451,-0.008140045776070859,-0.37692939055936847,-0.04749382397341784,-1.4980111391229167,-0.09300989581081379,1.3689581530313766,1.1891709495749692,True,False
2,5,25,5s_cbf_dc2_site2,group_5s_00,21,False,0.3518918191330724,-1.044431482628517,0.3518918191330724,-1.044431482628517,0.00022814312136105016,0.0018272096012391062,0.0004331571057234,0.1828130050266503,-1.6992914790208355,0.1878621450069961,-1.6720468563664213,0.001348731408594311,0.038721219673412806,-0.027244622654414,5000,0.3400296079895499,-1.0787225828411697,0.3400296079895499,-1.0787225828411697,0.00017586575958156029,0.001523606629119453,-0.0004502263919823,0.1844681517635871,-1.690278449569508,0.1876473174534181,-1.673191048982009,0.0006153764074097718,0.02011414009759282,-0.0170874005874988,5000,0.366065905435791,-1.00494189229464,0.366065905435791,-1.00494189229464,0.0001882271624007664,0.001408521002547417,-0.0004904523290367,0.1780705108724155,-1.7255756786315148,0.1809075674707467,-1.7097690551133995,0.0005145462662346697,0.01823343330864023,-0.0158066235181155,5000,0.352807661940145,-1.0418322375679048,0.352807661940145,-1.0418322375679048,0.00018048725698973728,0.0014533685199963318,-0.0004703393605096,0.1805098375278922,-1.7119700011547874,0.1834491074044693,-1.6958179937992828,0.0005514524833591031,0.018847652293056204,-0.0161520073555048,5000,0.4184021338885793,-0.8713122661283222,0.4184021338885793,-0.8713122661283222,0.00021224595615570803,0.001199078428577134,-0.0004518096115171,0.2655514086289989,-1.3259468275561586,0.2701603330711638,-1.308739670039269,0.0018314807239542938,0.025826997023555696,-0.0172071575168892,5000,0.049793154140510554,0.006581903757420238,-0.03838353909245429,0.029027248683100804,0.44027408654819244,0.06697961502091598,-9.148066643246966e-05,-0.2472316941885886,-0.028527044071622543,-0.43529872598770564,0.07277326987411259,-0.0025745160406909773,-0.310229609843498,-0.046373007955998635,-0.7534586979932986,0.07743077324829062,-0.004654307613370379,-0.3600887186610504,-0.05952547237664951,-1.0477713361357497,-0.09300989581081379,1.3689581530313766,1.1891709495749692,False,False
3,5,25,5s_cbf_dc2_site3,group_5s_00,21,False,0.3518918191330724,-1.044431482628517,0.3518918191330724,-1.044431482628517,0.00022814312136105016,0.0018272096012391062,0.0004331571057234,0.1828130050266503,-1.6992914790208355,0.1878621450069961,-1.6720468563664213,0.001348731408594311,0.038721219673412806,-0.027244622654414,5000,0.3400296079895499,-1.0787225828411697,0.3400296079895499,-1.0787225828411697,0.00017586575958156029,0.001523606629119453,-0.0004502263919823,0.1844681517635871,-1.690278449569508,0.1876473174534181,-1.673191048982009,0.0006153764074097718,0.02011414009759282,-0.0170874005874988,5000,0.366065905435791,-1.00494189229464,0.366065905435791,-1.00494189229464,0.0001882271624007664,0.001408521002547417,-0.0004904523290367,0.1780705108724155,-1.7255756786315148,0.1809075674707467,-1.7097690551133995,0.0005145462662346697,0.01823343330864023,-0.0158066235181155,5000,0.352807661940145,-1.0418322375679048,0.352807661940145,-1.0418322375679048,0.00018048725698973728,0.0014533685199963318,-0.0004703393605096,0.1805098375278922,-1.7119700011547874,0.1834491074044693,-1.6958179937992828,0.0005514524833591031,0.018847652293056204,-0.0161520073555048,5000,0.4342471360665967,-0.8341414690085274,0.4342471360665967,-0.8341414690085274,0.00026699205725762363,0.001408753862247012,-0.002043893784972,0.2557638849638806,-1.3635005844652444,0.2614826608547057,-1.3413873041584925,0.0016399758021846374,0.026033337747588585,-0.0221132803067518,5000,0.0549446653029404,-0.0007536257022123238,-0.048037213167432036,-0.009400035614212099,0.4401845863503686,0.06460814990628405,-0.005388338926873654,-0.2371947765929603,-0.04995840499321691,-0.4305346125779485,0.06831513515742127,-0.006546061647408674,-0.2967479868163103,-0.05954479413761099,-0.7407065508354134,0.07182621960159097,-0.00747954245225993,-0.3476478939061809,-0.06662442784739453,-1.028282817019566,-0.09300989581081379,1.3689581530313766,1.1891709495749692,False,False
4,5,25,5s_cbf_dc2_site4,group_5s_00,21,False,0.3518918191330724,-1.044431482628517,0.3518918191330724,-1.044431482628517,0.00022814312136105016,0.0018272096012391062,0.0004331571057234,0.1828130050266503,-1.6992914790208355,0.1878621450069961,-1.6720468563664213,0.001348731408594311,0.038721219673412806,-0.027244622654414,5000,0.3400296079895499,-1.0787225828411697,0.3400296079895499,-1.0787225828411697,0.00017586575958156029,0.001523606629119453,-0.0004502263919823,0.1844681517635871,-1.690278449569508,0.1876473174534181,-1.673191048982009,0.0006153764074097718,0.02011414009759282,-0.0170874005874988,5000,0.366065905435791,-1.00494189229464,0.366065905435791,-1.00494189229464,0.0001882271624007664,0.001408521002547417,-0.0004904523290367,0.1780705108724155,-1.7255756786315148,0.1809075674707467,-1.7097690551133995,0.0005145462662346697,0.01823343330864023,-0.0158066235181155,5000,0.352807661940145,-1.0418322375679048,0.352807661940145,-1.0418322375679048,0.00018048725698973728,0.0014533685199963318,-0.0004703393605096,0.1805098375278922,-1.7119700011547874,0.1834491074044693,-1.6958179937992828,0.0005514524833591031,0.018847652293056204,-0.0161520073555048,5000,0.3588959049503296,-1.024722890895538,0.3588959049503296,-1.024722890895538,0.00028191827170720424,0.0021368876939008713,0.0014173168357707,0.4616000405752858,-0.773056475886852,0.4636516847017931,-0.7686216881788388,0.007271978264937138,0.031102133348788516,-0.0044347877080133,5000,-0.19608910530545992,0.03755571084201567,0.771771032496825,0.1525372095393892,-0.13321698816523786,-0.19323372674165407,0.05498018699233456,0.6411231360676184,0.2423189950463862,-0.7457752273637557,-0.18328232709248582,0.06244089364508501,0.5676057694327374,0.2784566512089418,-0.9723851344761274,-0.16805828069604872,0.0691429436781836,0.4799885022055008,0.30984589164988185,-1.19263134000655,-0.09300989581081379,1.3689581530313766,1.1891709495749692,False,False
5,5,25,5s_cbf_dc2_site5,group_5s_00,21,False,0.3518918191330724,-1.044431482628517,0.3518918191330724,-1.044431482628517,0.00022814312136105016,0.0018272096012391062,0.0004331571057234,0.1828130050266503,-1.6992914790208355,0.1878621450069961,-1.6720468563664213,0.001348731408594311,0.038721219673412806,-0.027244622654414,5000,0.3400296079895499,-1.0787225828411697,0.3400296079895499,-1.0787225828411697,0.00017586575958156029,0.001523606629119453,-0.0004502263919823,0.1844681517635871,-1.690278449569508,0.1876473174534181,-1.673191048982009,0.0006153764074097718,0.02011414009759282,-0.0170874005874988,5000,0.366065905435791,-1.00494189229464,0.366065905435791,-1.00494189229464,0.0001882271624007664,0.001408521002547417,-0.0004904523290367,0.1780705108724155,-1.7255756786315148,0.1809075674707467,-1.7097690551133995,0.0005145462662346697,0.01823343330864023,-0.0158066235181155,5000,0.352807661940145,-1.0418322375679048,0.352807661940145,-1.0418322375679048,0.00018048725698973728,0.0014533685199963318,-0.0004703393605096,0.1805098375278922,-1.7119700011547874,0.1834491074044693,-1.6958179937992828,0.0005514524833591031,0.018847652293056204,-0.0161520073555048,5000,0.3679738154437975,-0.9997434970300826,0.3679738154437975,-0.9997434970300826,0.00012690404383350253,0.0009337975973615744,0.000147479376535,0.263159684393922,-1.334994266058561,0.2645110979770701,-1.329872070238602,0.0024926909770042515,0.03345363539255052,-0.0051221958199592,5000,0.05098129074448954,0.00360669082414225,-0.05409045613431296,-0.009403021002298173,0.5046057840285654,0.03440948978383984,-0.00028606388926180615,-0.20467391631922682,-0.03903308176113862,-0.49571398643769793,0.02863904259956096,-0.0018631770285356952,-0.2482082849956022,-0.0441216762390062,-0.8608862385859464,0.023959124871261783,-0.003506375184553878,-0.2841202797196911,-0.04671672539268479,-1.1968556489622983,-0.09300989581081379,1.3689581530313766,1.1891709495749692,False,False
6,5,25,5s_cbf_dc2_site6,group_5s_00,21,False,0.3518918191330724,-1.044431482628517,0.3518918191330724,-1.044431482628517,0.00022814312136105016,0.0018272096012391062,0.0004331571057234,0.1828130050266503,-1.6992914790208355,0.1878621450069961,-1.6720468563664213,0.001348731408594311,0.038721219673412806,-0.027244622654414,5000,0.3400296079895499,-1.0787225828411697,0.3400296079895499,-1.0787225828411697,0.00017586575958156029,0.001523606629119453,-0.0004502263919823,0.1844681517635871,-1.690278449569508,0.1876473174534181,-1.673191048982009,0.0006153764074097718,0.02011414009759282,-0.0170874005874988,5000,0.366065905435791,-1.00494189229464,0.366065905435791,-1.00494189229464,0.0001882271624007664,0.001408521002547417,-0.0004904523290367,0.1780705108724155,-1.7255756786315148,0.1809075674707467,-1.7097690551133995,0.0005145462662346697,0.01823343330864023,-0.0158066235181155,5000,0.352807661940145,-1.0418322375679048,0.352807661940145,-1.0418322375679048,0.00018048725698973728,0.0014533685199963318,-0.0004703393605096,0.1805098375278922,-1.7119700011547874,0.1834491074044693,-1.6958179937992828,0.0005514524833591031,0.018847652293056204,-0.0161520073555048,5000,0.3877252169677996,-0.9474583939447992,0.3877252169677996,-0.9474583939447992,0.00011063014421176735,0.0007298924026342789,-9.584780524496406e-05,0.215143226642503,-1.536451302217253,0.2179921303770427,-1.5232963160325168,0.0011432499383406043,0.02400152924238856,-0.0131549861847362,5000,0.03025095586440979,0.002330804980156753,-0.05000898345189908,0.010018258301842775,0.03775341958600399,0.043612117486182655,-0.0017091619841722028,-0.23430951739222694,-0.04395315165953961,-0.76029984287095,0.0479216928851286,-0.0025125299484644037,-0.28263458164195576,-0.0551284715199134,-1.04786814504963,0.051849282882040826,-0.003025285949579043,-0.32147523760157615,-0.06228253003518591,-1.3162052981572971,-0.09300989581081379,1.3689581530313766,1.1891709495749692,False,False
7,5,26,5s_cbf_dc2_site7,group_5s_01,1,True,0.4648227507129849,-0.7660991273252232,0.4648227507129849,-0.7660991273252232,0.00044498785298603764,0.0020629057203602466,-0.000333380221138,0.1988662309251961,-1.6151228866957197,0.2044846201489401,-1.5872625134231235,0.0016114074616284232,0.04080427531600461,-0.0278603732725966,5000,0.4443699329172536,-0.8110978812074974,0.4443699329172536,-0.8110978812074974,0.00033967022190483433,0.0017221928056538798,-4.563961242776138e-05,0.198192047838369,-1.6185187797964573,0.2017017182135242,-1.6009653153992351,0.0006561325701331214,0.019652276473321684,-0.0175534643972221,5000,0.4812445180722228,-0.731379784463779,0.4812445180722228,-0.731379784463779,0.00038929911953387484,0.0016812726076478335,3.267590296507361e-05,0.1955685988389306,-1.6318440719022445,0.1985668866273665,-1.6166292752738995,0.0005567836520504592,0.016668821538930283,-0.0152147966283449,5000,0.462439827666854,-0.7712388328356383,0.462439827666854,-0.7712388328356383,0.0003615589799754882,0.0016920076512358807,-6.481854731288372e-06,0.1963244974424028,-1.6279863895492412,0.1995739677337511,-1.6115703457860806,0.0006042547709517806,0.018192977198121397,-0.0164160437631606,5000,0.4320406287830305,-0.839235647051406,0.4320406287830305,-0.839235647051406,0.0001664587509331795,0.0008860070302763184,0.0002537149601069,0.2440817416064967,-1.4102521032071085,0.2459181533296894,-1.4027565084519529,0.0015935456593041471,0.0255636955833643,-0.007495594755156,5000,-0.09424773415252952,-0.020464889549228815,0.03203649803476294,0.09575692115379808,0.05622555318781132,-0.10344537332332054,-0.022658555763515387,-0.10627684567178486,0.03299830395615044,-0.7279565241843133,-0.10575822810635538,-0.02302131339452637,-0.1402372891405581,0.018603195128948147,-0.9917261724295571,-0.10731067753499013,-0.023262871828431758,-0.16795985130534596,0.008748117507676345,-1.234726459361679,-0.18951472566379457,1.1312172820141653,1.3859680813213664,False,False
8,5,25,5s_cbf_dc2_site8,group_5s_00,21,False,0.3518918191330724,-1.044431482628517,0.3518918191330724,-1.044431482628517,0.00022814312136105016,0.0018272096012391062,0.0004331571057234,0.1828130050266503,-1.6992914790208355,0.1878621450069961,-1.6720468563664213,0.001348731408594311,0.038721219673412806,-0.027244622654414,5000,0.3400296079895499,-1.0787225828411697,0.3400296079895499,-1.0787225828411697,0.00017586575958156029,0.001523606629119453,-0.0004502263919823,0.1844681517635871,-1.690278449569508,0.1876473174534181,-1.673191048982009,0.0006153764074097718,0.02011414009759282,-0.0170874005874988,5000,0.366065905435791,-1.00494189229464,0.366065905435791,-1.00494189229464,0.0001882271624007664,0.001408521002547417,-0.0004904523290367,0.1780705108724155,-1.7255756786315148,0.1809075674707467,-1.7097690551133995,0.0005145462662346697,0.01823343330864023,-0.0158066235181155,5000,0.352807661940145,-1.0418322375679048,0.352807661940145,-1.0418322375679048,0.00018048725698973728,0.0014533685199963318,-0.0004703393605096,0.1805098375278922,-1.7119700011547874,0.1834491074044693,-1.6958179937992828,0.0005514524833591031,0.018847652293056204,-0.0161520073555048,5000,0.4094937908821475,-0.8928335384849261,0.4094937908821475,-0.8928335384849261,0.0001957171013257344,0.0011384501558450214,0.0020975548746338,0.2512284555172166,-1.3813925724707306,0.2520547510969699,-1.378108948811792,0.0021156827394937833,0.03070188495158601,-0.0032836236589386,5000,-0.010789233156863975,0.002030274128780929,0.25219041691185407,0.041956344470077345,0.22014304642452742,0.006238831815707557,0.0011934725101954702,0.045446252455311864,0.024786887767768162,-0.4447609134907919,0.014826977188257096,0.0008880323549988745,-0.03653694168773436,0.017262210696362135,-0.693330585480131,0.023890252079293517,0.00043347980392166585,-0.11506639870062507,0.008445754797396177,-0.9249835131298688,-0.09300989581081379,1.3689581530313766,1.1891709495749692,False,False
9,5,25,5s_cbf_dc2_site9,group_5s_00,21,False,0.3518918191330724,-1.044431482628517,0.3518918191330724,-1.044431482628517,0.00022814312136105016,0.0018272096012391062,0.0004331571057234,0.1828130050266503,-1.6992914790208355,0.1878621450069961,-1.6720468563664213,0.001348731408594311,0.038721219673412806,-0.027244622654414,5000,0.3400296079895499,-1.0787225828411697,0.3400296079895499,-1.0787225828411697,0.00017586575958156029,0.001523606629119453,-0.0004502263919823,0.1844681517635871,-1.690278449569508,0.1876473174534181,-1.673191048982009,0.0006153764074097718,0.02011414009759282,-0.0170874005874988,5000,0.366065905435791,-1.00494189229464,0.366065905435791,-1.00494189229464,0.0001882271624007664,0.001408521002547417,-0.0004904523290367,0.1780705108724155,-1.7255756786315148,0.1809075674707467,-1.7097690551133995,0.0005145462662346697,0.01823343330864023,-0.0158066235181155,5000,0.352807661940145,-1.0418322375679048,0.352807661940145,-1.0418322375679048,0.00018048725698973728,0.0014533685199963318,-0.0004703393605096,0.1805098375278922,-1.7119700011547874,0.1834491074044693,-1.6958179937992828,0.0005514524833591031,0.018847652293056204,-0.0161520073555048,5000,0.4094876333497834,-0.892848575535052,0.4094876333497834,-0.892848575535052,0.00016719239066930328,0.0009916597021918515,-9.073182175267648e-05,0.2914051267335889,-1.2330407919180437,0.2930881737336497,-1.227281780992159,0.0016845121835675292,0.019020161561311227,-0.0057590109258849,5000,0.011344458081774478,0.007418261859701458,-0.022281079308459795,0.06701630024347782,-0.16365234903364775,0.03828661904377706,-0.0006085526555066334,-0.27618323973599246,-0.01019693055898041,-0.912864992186174,0.04533135696018231,-0.003262368683027178,-0.3413211755238166,-0.034182624936771044,-1.195263094783074,0.04997297566050851,-0.0051427250425776505,-0.3867320550775637,-0.049780802619980524,-1.4548510524702631,-0.09300989581081379,1.3689581530313766,1.1891709495749692,False,False
10,5,27,5s_cbf_dc2_site10,group_5s_02,3,True,0.446853742976615,-0.8055239348294841,0.446853742976615,-0.8055239348294841,0.0004026173013652124,0.0020306972132014003,-0.0014951203807958,0.2056211847510715,-1.5817197120367197,0.2111898365017057,-1.554997850932461,0.0013989897482861741,0.032678468528752946,-0.026721861104259,5000,0.4268112122661973,-0.851413489360247,0.4268112122661973,-0.851413489360247,0.00030141149448751085,0.0016579467370005498,-0.0007151372885733,0.1972142238503378,-1.6234647103562694,0.2004010835092116,-1.607434503053451,0.0006749156105445879,0.019674945930759413,-0.0160302073028189,5000,0.4598549272684734,-0.7768442147436275,0.4598549272684734,-0.7768442147436275,0.0003158513822683919,0.0014956335620865918,-0.0007682639249431,0.1869932738880478,-1.6766826312875462,0.1901757900879874,-1.6598064235761159,0.000622377803451768,0.02004487573985265,-0.0168762077114308,5000,0.4430250997111125,-0.8141288520519372,0.4430250997111125,-0.8141288520519372,0.00030675845243332157,0.0015657499327116054,-0.0007417006067582,0.191514849796215,-1.652789928740111,0.194712115841515,-1.636233140283712,0.000648725568315448,0.02000323144513929,-0.0165567884563992,5000,0.4506541628992536,-0.7970550564782732,0.4506541628992536,-0.7970550564782732,0.00014874708837980967,0.000730635751638382,2.9432579355725963e-05,0.2064365517818082,-1.5777621690875356,0.2094964513279126,-1.5630484785323209,0.0007214094116340331,0.01716378786411124,-0.0147136905552149,5000,-0.026890058526119254,0.0066579648344619324,-0.23427415835910503,-0.03448432666220713,0.23891253126046869,-0.01992615858537522,0.0007261978275580616,-0.39300817032698987,-0.07268497892523024,-0.6667112378617989,-0.02062271829868606,-0.00022383194798350492,-0.4235769306720285,-0.07688177958986364,-0.9630820642042026,-0.02214819823405262,-0.000755963897535572,-0.44363561638311877,-0.07852282800337923,-1.2063350429988324,-0.21649542002838368,1.0186985415663181,1.37478602553962,False,False
11,5,28,5s_cbf_dc2_site11,group_5s_03,1,True,0.4257138396678208,-0.8539878962987016,0.4257138396678208,-0.8539878962987016,0.0003243286893437121,0.0017726161316661635,-0.0001353882660755,0.187484325247573,-1.6740600357458466,0.192446752505905,-1.6479357738769347,0.0013629890986484759,0.038158687290972965,-0.0261242618689119,5000,0.4060470509766571,-0.9012862369899612,0.4060470509766571,-0.9012862369899612,0.0002237790499128314,0.0013544355792774825,-0.000587120675504,0.1782399507294847,-1.7246245986711919,0.1809863197685084,-1.7093338319621847,0.0004774190032617162,0.01710797257735829,-0.0152907667090076,5000,0.4366154203157237,-0.8287025163976396,0.4366154203157237,-0.8287025163976396,0.00023864492826611663,0.0012472899933566384,-0.0004842180054045,0.170119244577679,-1.7712556491327862,0.1732403615816221,-1.7530752754662078,0.000495107603550075,0.019554768727322473,-0.0181803736665786,5000,0.4210539203357845,-0.8649943766938006,0.4210539203357845,-0.8649943766938006,0.00022907567791869275,0.0012885301432516802,-0.000535669340454,0.1733952718432553,-1.7521814823473911,0.1763180937194758,-1.7354655645581338,0.000483846618946578,0.018333452248319268,-0.0167159177892577,5000,0.4519953338082595,-0.7940834226362471,0.4519953338082595,-0.7940834226362471,0.00022347232210246572,0.001082115552417689,0.001084968395833,0.2493811179128345,-1.3887729586551405,0.2525848743019386,-1.3760079508984588,0.0016035393693413962,0.025679146607009613,-0.0127650077566816,5000,-0.09115551173946385,0.009994015730879269,0.014660025634053664,0.030436759891961374,0.1011178514147946,-0.07650211208964824,0.008700247535317451,-0.14072182219347873,0.015096269717003508,-0.5400374239396565,-0.0689130326638363,0.0077136004798748214,-0.202721393369921,0.006912159177334898,-0.783021946923954,-0.0611350453497031,0.006291673186464036,-0.2616161444140035,-0.0030896565837862378,-1.0151030171576176,-0.20990603706247343,1.0591632849791142,1.4438773642714358,False,False
12,5,25,5s_cbf_dc2_site12,group_5s_00,21,False,0.3518918191330724,-1.044431482628517,0.3518918191330724,-1.044431482628517,0.00022814312136105016,0.0018272096012391062,0.0004331571057234,0.1828130050266503,-1.6992914790208355,0.1878621450069961,-1.6720468563664213,0.001348731408594311,0.038721219673412806,-0.027244622654414,5000,0.3400296079895499,-1.0787225828411697,0.3400296079895499,-1.0787225828411697,0.00017586575958156029,0.001523606629119453,-0.0004502263919823,0.1844681517635871,-1.690278449569508,0.1876473174534181,-1.673191048982009,0.0006153764074097718,0.02011414009759282,-0.0170874005874988,5000,0.366065905435791,-1.00494189229464,0.366065905435791,-1.00494189229464,0.0001882271624007664,0.001408521002547417,-0.0004904523290367,0.1780705108724155,-1.7255756786315148,0.1809075674707467,-1.7097690551133995,0.0005145462662346697,0.01823343330864023,-0.0158066235181155,5000,0.352807661940145,-1.0418322375679048,0.352807661940145,-1.0418322375679048,0.00018048725698973728,0.0014533685199963318,-0.0004703393605096,0.1805098375278922,-1.7119700011547874,0.1834491074044693,-1.6958179937992828,0.0005514524833591031,0.018847652293056204,-0.0161520073555048,5000,0.337345585634278,-1.086647397412198,0.337345585634278,-1.086647397412198,0.0002154327714324975,0.0018669532777995724,0.0007009084734299,0.4264906019467162,-0.852164947588105,0.4304207395558756,-0.8429920845950496,0.003061601941583262,0.016783425837487063,-0.0091728629930553,5000,-0.05156946652931038,-0.016728334999814548,0.6873741425797406,0.36925289622725377,-0.464043946963074,-0.03488131673185868,-0.02069814872028114,0.5545297277438195,0.4188597166514352,-1.1155774960966842,-0.027529475192212938,-0.021172571252932315,0.4816185647803879,0.42733331691630316,-1.3620245200009478,-0.02035286198346703,-0.021095247079857937,0.403922379001755,0.4291645501677034,-1.5934575424221784,-0.09300989581081379,1.3689581530313766,1.1891709495749692,False,False
13,5,25,5s_cbf_dc2_site13,group_5s_00,21,False,0.3518918191330724,-1.044431482628517,0.3518918191330724,-1.044431482628517,0.00022814312136105016,0.0018272096012391062,0.0004331571057234,0.1828130050266503,-1.6992914790208355,0.1878621450069961,-1.6720468563664213,0.001348731408594311,0.038721219673412806,-0.027244622654414,5000,0.3400296079895499,-1.0787225828411697,0.3400296079895499,-1.0787225828411697,0.00017586575958156029,0.001523606629119453,-0.0004502263919823,0.1844681517635871,-1.690278449569508,0.1876473174534181,-1.673191048982009,0.0006153764074097718,0.02011414009759282,-0.0170874005874988,5000,0.366065905435791,-1.00494189229464,0.366065905435791,-1.00494189229464,0.0001882271624007664,0.001408521002547417,-0.0004904523290367,0.1780705108724155,-1.7255756786315148,0.1809075674707467,-1.7097690551133995,0.0005145462662346697,0.01823343330864023,-0.0158066235181155,5000,0.352807661940145,-1.0418322375679048,0.352807661940145,-1.0418322375679048,0.00018048725698973728,0.0014533685199963318,-0.0004703393605096,0.1805098375278922,-1.7119700011547874,0.1834491074044693,-1.6958179937992828,0.0005514524833591031,0.018847652293056204,-0.0161520073555048,5000,0.4098178120983752,-0.8920425787769426,0.4098178120983752,-0.8920425787769426,0.00022411999258745686,0.001314181513386754,0.000660677488928,0.2826110670352857,-1.2636836480148288,0.2861522422032688,-1.2512312943958213,0.0024903982908359517,0.029978025030719484,-0.0124523536190075,5000,-0.05742799430854173,0.03787279640262256,0.23733561405893155,0.2174900414618337,-0.21945022455933838,-0.02359663422360675,0.03231182103737226,-0.022307531499353495,0.17675482317253488,-0.9170988458828577,-0.006915768326437088,0.027286158399546873,-0.12546603450104898,0.14405408393881403,-1.1824153417141294,0.009267990101074264,0.021238833974122878,-0.21969848506431644,0.10575309298921609,-1.4385119308457721,-0.09300989581081379,1.3689581530313766,1.1891709495749692,False,False
14,5,25,5s_cbf_dc2_site14,group_5s_00,21,False,0.3518918191330724,-1.044431482628517,0.3518918191330724,-1.044431482628517,0.00022814312136105016,0.0018272096012391062,0.0004331571057234,0.1828130050266503,-1.6992914790208355,0.1878621450069961,-1.6720468563664213,0.001348731408594311,0.038721219673412806,-0.027244622654414,5000,0.3400296079895499,-1.0787225828411697,0.3400296079895499,-1.0787225828411697,0.00017586575958156029,0.001523606629119453,-0.0004502263919823,0.1844681517635871,-1.690278449569508,0.1876473174534181,-1.673191048982009,0.0006153764074097718,0.02011414009759282,-0.0170874005874988,5000,0.366065905435791,-1.00494189229464,0.366065905435791,-1.00494189229464,0.0001882271624007664,0.001408521002547417,-0.0004904523290367,0.1780705108724155,-1.7255756786315148,0.1809075674707467,-1.7097690551133995,0.0005145462662346697,0.01823343330864023,-0.0158066235181155,5000,0.352807661940145,-1.0418322375679048,0.352807661940145,-1.0418322375679048,0.00018048725698973728,0.0014533685199963318,-0.0004703393605096,0.1805098375278922,-1.7119700011547874,0.1834491074044693,-1.6958179937992828,0.0005514524833591031,0.018847652293056204,-0.0161520073555048,5000,0.3677934043865974,-1.0002338995811975,0.3677934043865974,-1.0002338995811975,0.0001337529450642096,0.000983147242233098,0.0001513660112812,0.2710990450267487,-1.3052710450704101,0.2721305415380211,-1.3014733956916495,0.002881104470723971,0.034729413084362476,-0.003797649378761,5000,-0.11465894551699035,0.04098021412395994,0.35439305147219446,0.20974354933313577,-0.5003282516496889,-0.09059021935149697,0.03821404278122173,0.14934745264156213,0.1932839207804099,-1.137872179029167,-0.07574541388337391,0.03449813456475723,0.06206393966354984,0.17465254776430772,-1.3767798279735795,-0.060181418956208044,0.029455125172546143,-0.021822677375438637,0.14922980095723903,-1.6031529073157624,-0.09300989581081379,1.3689581530313766,1.1891709495749692,False,False
15,5,25,5s_cbf_dc2_site15,group_5s_00,21,False,0.3518918191330724,-1.044431482628517,0.3518918191330724,-1.044431482628517,0.00022814312136105016,0.0018272096012391062,0.0004331571057234,0.1828130050266503,-1.6992914790208355,0.1878621450069961,-1.6720468563664213,0.001348731408594311,0.038721219673412806,-0.027244622654414,5000,0.3400296079895499,-1.0787225828411697,0.3400296079895499,-1.0787225828411697,0.00017586575958156029,0.001523606629119453,-0.0004502263919823,0.1844681517635871,-1.690278449569508,0.1876473174534181,-1.673191048982009,0.0006153764074097718,0.02011414009759282,-0.0170874005874988,5000,0.366065905435791,-1.00494189229464,0.366065905435791,-1.00494189229464,0.0001882271624007664,0.001408521002547417,-0.0004904523290367,0.1780705108724155,-1.7255756786315148,0.1809075674707467,-1.7097690551133995,0.0005145462662346697,0.01823343330864023,-0.0158066235181155,5000,0.352807661940145,-1.0418322375679048,0.352807661940145,-1.0418322375679048,0.00018048725698973728,0.0014533685199963318,-0.0004703393605096,0.1805098375278922,-1.7119700011547874,0.1834491074044693,-1.6958179937992828,0.0005514524833591031,0.018847652293056204,-0.0161520073555048,5000,0.4055096538024482,-0.9026105985523533,0.4055096538024482,-0.9026105985523533,0.0001890307478259438,0.0011379616282097928,0.0002292550132237,0.2687122853532303,-1.3141140429573168,0.2715786802692069,-1.3035033831783112,0.0020108757331374722,0.02684654429334885,-0.0106106597790061,5000,0.02442956974893401,0.0038867140776051023,-0.14295240447440483,-0.014572200702345217,-0.25084899038174246,0.030016753739717628,0.000954111134089275,-0.2733906444686114,-0.035019845924230686,-1.1001199127525991,0.03254577678749787,0.0001540461010490768,-0.312958352820742,-0.038663810273329324,-1.4029829674414818,0.03452117676109445,-0.0006707062854187651,-0.34555672586590713,-0.04145934611196389,-1.6838588824331384,-0.09300989581081379,1.3689581530313766,1.1891709495749692,False,False
16,5,25,5s_cbf_dc2_site16,group_5s_00,21,False,0.3518918191330724,-1.044431482628517,0.3518918191330724,-1.044431482628517,0.00022814312136105016,0.0018272096012391062,0.0004331571057234,0.1828130050266503,-1.6992914790208355,0.1878621450069961,-1.6720468563664213,0.001348731408594311,0.038721219673412806,-0.027244622654414,5000,0.3400296079895499,-1.0787225828411697,0.3400296079895499,-1.0787225828411697,0.00017586575958156029,0.001523606629119453,-0.0004502263919823,0.1844681517635871,-1.690278449569508,0.1876473174534181,-1.673191048982009,0.0006153764074097718,0.02011414009759282,-0.0170874005874988,5000,0.366065905435791,-1.00494189229464,0.366065905435791,-1.00494189229464,0.0001882271624007664,0.001408521002547417,-0.0004904523290367,0.1780705108724155,-1.7255756786315148,0.1809075674707467,-1.7097690551133995,0.0005145462662346697,0.01823343330864023,-0.0158066235181155,5000,0.352807661940145,-1.0418322375679048,0.352807661940145,-1.0418322375679048,0.00018048725698973728,0.0014533685199963318,-0.0004703393605096,0.1805098375278922,-1.7119700011547874,0.1834491074044693,-1.6958179937992828,0.0005514524833591031,0.018847652293056204,-0.0161520073555048,5000,0.4346691134286723,-0.8331701961257976,0.4346691134286723,-0.8331701961257976,0.0003955428904218776,0.002050929301679972,0.0007404997497457,0.3317426786015857,-1.1033956750364473,0.3352840548381386,-1.0927771815523306,0.00350351797558989,0.029846779067919403,-0.0106184934841169,5000,-0.012581474912686741,0.022395237444482602,0.0697523735001444,0.08152222636627549,-0.10540370083747487,0.023114100493907552,0.0178613791453264,-0.1609390172257621,0.0560830182861074,-0.8086344691218779,0.04042855369771564,0.013315329799353709,-0.2553454217496043,0.03334408960416835,-1.0835113762743664,0.05651482964928145,0.007732702370104427,-0.3408148741131689,0.005736889620499119,-1.3511258670539108,-0.09300989581081379,1.3689581530313766,1.1891709495749692,False,False
17,5,29,5s_cbf_dc2_site17,group_5s_04,1,True,0.420248782551479,-0.8669084036601805,0.420248782551479,-0.8669084036601805,0.0003617485420722501,0.002035944430154797,-0.0005788207500322,0.2017319582639893,-1.6008154020316365,0.2069688386382308,-1.5751870350283084,0.0018549319006929965,0.043613744736666835,-0.0256283670033286,5000,0.400404223840078,-0.9152806825455685,0.400404223840078,-0.9152806825455685,0.00021216566522377288,0.001322323472587559,-0.0007855975958707,0.1765931583081124,-1.7339067327399027,0.1790772365494737,-1.7199380771028303,0.0004620144057932058,0.016594341889587496,-0.013968655637073,5000,0.4325664453393645,-0.838019333567751,0.4325664453393645,-0.838019333567751,0.00021768650467137227,0.0011624538903485168,-0.0006811829585749,0.1650043825037195,-1.8017832448056808,0.1674541001909942,-1.787045993980226,0.0004139606725342424,0.01709151928800146,-0.0147372508254548,5000,0.416174761134514,-0.8766500080566597,0.416174761134514,-0.8766500080566597,0.0002136801905974386,0.0012328520642558736,-0.0007333902772228,0.1702205979112404,-1.7706600483602384,0.172673966474043,-1.7563500494077087,0.0004344656392073842,0.016837572101344046,-0.0143099989525299,5000,0.3694777816849704,-0.995664671159668,0.3694777816849704,-0.995664671159668,0.00010046877616999252,0.0007343549413021157,0.000733396827289,0.2606046774530474,-1.3447506656687116,0.263270974151059,-1.3345714572536844,0.0007223212072145919,0.010796905038966438,-0.0101792084150271,5000,-0.07654559750283024,-0.00041378526677429694,0.5579107538134203,0.19810145831147374,0.08684180862406124,-0.0651131470512899,-0.00840950122623324,0.5409501715094556,0.24749728780402236,-0.6299367121205467,-0.061079498407308586,-0.010235681976348193,0.5281320282534381,0.2618677926788029,-0.8889662033711246,-0.057470534958722785,-0.011312734352293269,0.5108058103567821,0.27391583506338424,-1.1212558989845138,-0.22159906862618972,1.0065523246764037,1.2674412288665273,False,False
18,5,27,5s_cbf_dc2_site18,group_5s_02,3,False,0.446853742976615,-0.8055239348294841,0.446853742976615,-0.8055239348294841,0.0004026173013652124,0.0020306972132014003,-0.0014951203807958,0.2056211847510715,-1.5817197120367197,0.2111898365017057,-1.554997850932461,0.0013989897482861741,0.032678468528752946,-0.026721861104259,5000,0.4268112122661973,-0.851413489360247,0.4268112122661973,-0.851413489360247,0.00030141149448751085,0.0016579467370005498,-0.0007151372885733,0.1972142238503378,-1.6234647103562694,0.2004010835092116,-1.607434503053451,0.0006749156105445879,0.019674945930759413,-0.0160302073028189,5000,0.4598549272684734,-0.7768442147436275,0.4598549272684734,-0.7768442147436275,0.0003158513822683919,0.0014956335620865918,-0.0007682639249431,0.1869932738880478,-1.6766826312875462,0.1901757900879874,-1.6598064235761159,0.000622377803451768,0.02004487573985265,-0.0168762077114308,5000,0.4430250997111125,-0.8141288520519372,0.4430250997111125,-0.8141288520519372,0.00030675845243332157,0.0015657499327116054,-0.0007417006067582,0.191514849796215,-1.652789928740111,0.194712115841515,-1.636233140283712,0.000648725568315448,0.02000323144513929,-0.0165567884563992,5000,0.3878023992305613,-0.9472593494197444,0.3878023992305613,-0.9472593494197444,0.00018621893490286843,0.0012264060713137223,0.0006210686434788,0.3350220492860536,-1.0935589305586912,0.339590449524123,-1.0800149476608818,0.0015056412977003711,0.01367419043090659,-0.0135439828978094,5000,-0.10060102916928348,-0.017255793306164224,0.8610384479470063,0.37543464278088134,0.006228391347739192,-0.09066758533569036,-0.02047949087326678,0.7950209538147037,0.41102756009119845,-0.6539495636905429,-0.08536823655202486,-0.02077124959468979,0.7462392178461652,0.4265782454921586,-0.8869996938467413,-0.07958823254179126,-0.020629339209628533,0.6851644037071867,0.4419197979578028,-1.10529306979036,-0.21649542002838368,1.0186985415663181,1.37478602553962,False,False
19,5,25,5s_cbf_dc2_site19,group_5s_00,21,False,0.3518918191330724,-1.044431482628517,0.3518918191330724,-1.044431482628517,0.00022814312136105016,0.0018272096012391062,0.0004331571057234,0.1828130050266503,-1.6992914790208355,0.1878621450069961,-1.6720468563664213,0.001348731408594311,0.038721219673412806,-0.027244622654414,5000,0.3400296079895499,-1.0787225828411697,0.3400296079895499,-1.0787225828411697,0.00017586575958156029,0.001523606629119453,-0.0004502263919823,0.1844681517635871,-1.690278449569508,0.1876473174534181,-1.673191048982009,0.0006153764074097718,0.02011414009759282,-0.0170874005874988,5000,0.366065905435791,-1.00494189229464,0.366065905435791,-1.00494189229464,0.0001882271624007664,0.001408521002547417,-0.0004904523290367,0.1780705108724155,-1.7255756786315148,0.1809075674707467,-1.7097690551133995,0.0005145462662346697,0.01823343330864023,-0.0158066235181155,5000,0.352807661940145,-1.0418322375679048,0.352807661940145,-1.0418322375679048,0.00018048725698973728,0.0014533685199963318,-0.0004703393605096,0.1805098375278922,-1.7119700011547874,0.1834491074044693,-1.6958179937992828,0.0005514524833591031,0.018847652293056204,-0.0161520073555048,5000,0.3640368243174662,-1.0105002507549767,0.3640368243174662,-1.0105002507549767,0.00016937575427701358,0.0012757282126470415,-0.0005037546931401,0.3138466042991328,-1.1588509337796518,0.3117818675771759,-1.165451478067509,0.00502723477888936,0.04353681315995588,0.0066005442878569,5000,-0.09667551322932033,0.0009335715686402957,0.4779793043344678,0.1085436630830513,-0.22481528697923714,-0.08725896812339717,0.002427608999307801,0.3634446733444028,0.12567178610996432,-0.8531935670623789,-0.0793577146747465,0.0037277530808473847,0.313022066003918,0.13472635110486042,-1.0749233104244362,-0.0690237603680971,0.00517966474472592,0.2577902657534836,0.14460164210460746,-1.2874505247017178,-0.09300989581081379,1.3689581530313766,1.1891709495749692,False,False
20,5,25,5s_cbf_dc2_site20,group_5s_00,21,False,0.3518918191330724,-1.044431482628517,0.3518918191330724,-1.044431482628517,0.00022814312136105016,0.0018272096012391062,0.0004331571057234,0.1828130050266503,-1.6992914790208355,0.1878621450069961,-1.6720468563664213,0.001348731408594311,0.038721219673412806,-0.027244622654414,5000,0.3400296079895499,-1.0787225828411697,0.3400296079895499,-1.0787225828411697,0.00017586575958156029,0.001523606629119453,-0.0004502263919823,0.1844681517635871,-1.690278449569508,0.1876473174534181,-1.673191048982009,0.0006153764074097718,0.02011414009759282,-0.0170874005874988,5000,0.366065905435791,-1.00494189229464,0.366065905435791,-1.00494189229464,0.0001882271624007664,0.001408521002547417,-0.0004904523290367,0.1780705108724155,-1.7255756786315148,0.1809075674707467,-1.7097690551133995,0.0005145462662346697,0.01823343330864023,-0.0158066235181155,5000,0.352807661940145,-1.0418322375679048,0.352807661940145,-1.0418322375679048,0.00018048725698973728,0.0014533685199963318,-0.0004703393605096,0.1805098375278922,-1.7119700011547874,0.1834491074044693,-1.6958179937992828,0.0005514524833591031,0.018847652293056204,-0.0161520073555048,5000,0.3754914774057817,-0.9795195046912285,0.3754914774057817,-0.9795195046912285,0.00015295072723780817,0.0010762790002409703,0.0003474476087513,0.2850676908518646,-1.2550286151540109,0.2862043604371537,-1.2510491763463798,0.003240739831939533,0.035792632939666905,-0.0039794388076312,5000,-0.02795703159320262,0.006072387144567787,0.1119250486594412,0.11952056778628273,-0.3311419957926556,-0.02633012188753553,0.006159289875799834,-0.037536234582682404,0.06999492448220967,-1.0799482623652907,-0.02491562284286758,0.0067816227295208475,-0.08336283371526498,0.05766242783757913,-1.3463318655709573,-0.022587976003696164,0.007356508781237392,-0.12419778074278609,0.04938120739429075,-1.5893461956182522,-0.09300989581081379,1.3689581530313766,1.1891709495749692,False,False
21,5,30,5s_cbf_dc2_site21,group_5s_05,1,True,0.4662284110174992,-0.7630796125438725,0.4662284110174992,-0.7630796125438725,0.0002995188577290355,0.0013772506533230894,-0.000369961099467,0.1667201808093673,-1.7914384359085622,0.1723410883682694,-1.7582796939515726,0.0013285523103109137,0.04780974694136442,-0.0331587419569896,5000,0.4408931210468453,-0.8189527888110739,0.4408931210468453,-0.8189527888110739,0.0002661668674994981,0.0013737920412684504,-0.0004114015892991,0.17877694789102,-1.7216163513384999,0.1825239698168762,-1.7008737731217902,0.0007039501126781647,0.0253186257474596,-0.0207425782167098,5000,0.474979908934244,-0.7444827728225772,0.474979908934244,-0.7444827728225772,0.00027679753027336966,0.0012310617265878531,-0.0004588532199835,0.169315162691002,-1.7759934327724682,0.1728814473410188,-1.7551491948783682,0.0006417927317286145,0.025979475298828793,-0.0208442378941002,5000,0.4576192461911596,-0.7817177808168256,0.4576192461911596,-0.7817177808168256,0.0002691978058435512,0.0012899561941088432,-0.0004351274046413,0.1732959312535757,-1.7527545605882637,0.1769570995990127,-1.7318479509327318,0.0006705643686318784,0.02577551021674033,-0.0209066096555323,5000,0.4396192918671838,-0.8218461723674025,0.4396192918671838,-0.8218461723674025,0.00011996788588727415,0.000622533559267736,-0.0004133140712495,0.2091149358611442,-1.5648712458247336,0.2119105859626621,-1.5515908576047803,0.001021056841140851,0.023118992567880966,-0.0132803882199534,5000,-0.045921792561904706,0.03692876698009165,-0.09866618881163536,-0.012055056497329186,0.24502789195083338,-0.03969960553118518,0.030894133153402475,-0.2526421565519672,-0.04002123174508332,-0.5836920853102671,-0.04018460468326135,0.02780244405887558,-0.2940265040007226,-0.04824940009873768,-0.9401680232414569,-0.043916979901773345,0.025135934584593067,-0.3159221310470386,-0.0522731872940731,-1.3016357923490678,-0.24001164697075605,1.0427277797087895,1.288848933904854,False,False
22,5,25,5s_cbf_dc2_site22,group_5s_00,21,False,0.3518918191330724,-1.044431482628517,0.3518918191330724,-1.044431482628517,0.00022814312136105016,0.0018272096012391062,0.0004331571057234,0.1828130050266503,-1.6992914790208355,0.1878621450069961,-1.6720468563664213,0.001348731408594311,0.038721219673412806,-0.027244622654414,5000,0.3400296079895499,-1.0787225828411697,0.3400296079895499,-1.0787225828411697,0.00017586575958156029,0.001523606629119453,-0.0004502263919823,0.1844681517635871,-1.690278449569508,0.1876473174534181,-1.673191048982009,0.0006153764074097718,0.02011414009759282,-0.0170874005874988,5000,0.366065905435791,-1.00494189229464,0.366065905435791,-1.00494189229464,0.0001882271624007664,0.001408521002547417,-0.0004904523290367,0.1780705108724155,-1.7255756786315148,0.1809075674707467,-1.7097690551133995,0.0005145462662346697,0.01823343330864023,-0.0158066235181155,5000,0.352807661940145,-1.0418322375679048,0.352807661940145,-1.0418322375679048,0.00018048725698973728,0.0014533685199963318,-0.0004703393605096,0.1805098375278922,-1.7119700011547874,0.1834491074044693,-1.6958179937992828,0.0005514524833591031,0.018847652293056204,-0.0161520073555048,5000,0.2931870995842663,-1.2269443086270169,0.2931870995842663,-1.2269443086270169,7.986459734511926e-05,0.0009302550981484105,0.0009423573440332,0.2482611335422684,-1.393274128956687,0.2520242960120535,-1.3782297833718797,0.0015441468389030635,0.02435535708950632,-0.0150443455848074,5000,0.08609436648005508,-0.0849715935445044,1.610850849643608,-0.05037515650902363,-0.7076389431889091,0.08223907261798391,-0.08650259027904053,1.5419308010017234,-0.0654650189375347,-1.2936653455808962,0.0811675228808919,-0.0867848345295168,1.5145870263564474,-0.06861320257081238,-1.4897543720452138,0.08019381591517527,-0.08698879485062427,1.4872071030259923,-0.07098704770250358,-1.6808378430458413,-0.09300989581081379,1.3689581530313766,1.1891709495749692,False,False
23,5,25,5s_cbf_dc2_site23,group_5s_00,21,False,0.3518918191330724,-1.044431482628517,0.3518918191330724,-1.044431482628517,0.00022814312136105016,0.0018272096012391062,0.0004331571057234,0.1828130050266503,-1.6992914790208355,0.1878621450069961,-1.6720468563664213,0.001348731408594311,0.038721219673412806,-0.027244622654414,5000,0.3400296079895499,-1.0787225828411697,0.3400296079895499,-1.0787225828411697,0.00017586575958156029,0.001523606629119453,-0.0004502263919823,0.1844681517635871,-1.690278449569508,0.1876473174534181,-1.673191048982009,0.0006153764074097718,0.02011414009759282,-0.0170874005874988,5000,0.366065905435791,-1.00494189229464,0.366065905435791,-1.00494189229464,0.0001882271624007664,0.001408521002547417,-0.0004904523290367,0.1780705108724155,-1.7255756786315148,0.1809075674707467,-1.7097690551133995,0.0005145462662346697,0.01823343330864023,-0.0158066235181155,5000,0.352807661940145,-1.0418322375679048,0.352807661940145,-1.0418322375679048,0.00018048725698973728,0.0014533685199963318,-0.0004703393605096,0.1805098375278922,-1.7119700011547874,0.1834491074044693,-1.6958179937992828,0.0005514524833591031,0.018847652293056204,-0.0161520073555048,5000,0.2905393234345195,-1.2360163471884227,0.2905393234345195,-1.2360163471884227,9.463731401480146e-05,0.0011159618501510702,0.0008681211818786,0.3397976894513703,-1.0794048694985294,0.3429767827502281,-1.0700925228820308,0.001509640144354148,0.013134364365658738,-0.0093123466164986,5000,-0.23950246838253517,0.012351471167665745,0.6793853704809054,0.05560346733001309,-0.7923781741866268,-0.2458255408243782,0.016504985558063096,0.6507675043746031,0.0875216108013237,-1.3685763880063335,-0.24539650059755402,0.019203390068599585,0.6355472880633419,0.10439453659388387,-1.5713989791755893,-0.24337638641206705,0.02239096813942612,0.6173665278161922,0.12311220489327801,-1.7576915763686285,-0.09300989581081379,1.3689581530313766,1.1891709495749692,False,False
24,5,27,5s_cbf_dc2_site24,group_5s_02,3,False,0.446853742976615,-0.8055239348294841,0.446853742976615,-0.8055239348294841,0.0004026173013652124,0.0020306972132014003,-0.0014951203807958,0.2056211847510715,-1.5817197120367197,0.2111898365017057,-1.554997850932461,0.0013989897482861741,0.032678468528752946,-0.026721861104259,5000,0.4268112122661973,-0.851413489360247,0.4268112122661973,-0.851413489360247,0.00030141149448751085,0.0016579467370005498,-0.0007151372885733,0.1972142238503378,-1.6234647103562694,0.2004010835092116,-1.607434503053451,0.0006749156105445879,0.019674945930759413,-0.0160302073028189,5000,0.4598549272684734,-0.7768442147436275,0.4598549272684734,-0.7768442147436275,0.0003158513822683919,0.0014956335620865918,-0.0007682639249431,0.1869932738880478,-1.6766826312875462,0.1901757900879874,-1.6598064235761159,0.000622377803451768,0.02004487573985265,-0.0168762077114308,5000,0.4430250997111125,-0.8141288520519372,0.4430250997111125,-0.8141288520519372,0.00030675845243332157,0.0015657499327116054,-0.0007417006067582,0.191514849796215,-1.652789928740111,0.194712115841515,-1.636233140283712,0.000648725568315448,0.02000323144513929,-0.0165567884563992,5000,0.4403180671443242,-0.8202579333481752,0.4403180671443242,-0.8202579333481752,0.0003444719296827922,0.00176214239102188,0.0004901987980086,0.3660272853076456,-1.005047398338596,0.3675059902528619,-1.001015660454302,0.005243667441868401,0.03476786418243617,-0.0040317378842942,5000,-0.05116052114626446,-0.015890754483517594,0.679906862563191,0.22508378935891837,0.26639815929749144,-0.04374766679112069,-0.0221892007296777,0.6305369507752374,0.25931294516399395,-0.4228698690933825,-0.04060375179992498,-0.02324034532747815,0.5963972707947995,0.27136665735958765,-0.6711428422897426,-0.03740636000591052,-0.02373869980443241,0.5548036527583409,0.28239757503266383,-0.898382108340903,-0.21649542002838368,1.0186985415663181,1.37478602553962,False,False
25,5,31,5s_cbf_dc2_site25,group_5s_06,2,True,0.3299174500691858,-1.1089128071201653,0.3299174500691858,-1.1089128071201653,0.00013786140817674417,0.001255758825921116,0.0005167091993503,0.1528114929794523,-1.878550189244174,0.1580292886447416,-1.8449748919650317,0.0009087232592074901,0.03888475247366157,-0.0335752972791427,5000,0.3132354494735982,-1.1608001364887996,0.3132354494735982,-1.1608001364887996,0.00015175763497824078,0.0015545239386228983,-0.0007193768920861,0.1884838906387906,-1.668742736548226,0.1936467351365465,-1.641719732773382,0.0010071375603667827,0.031135276466298,-0.0270230037748444,5000,0.3405272126647699,-1.077260236865658,0.3405272126647699,-1.077260236865658,0.00017285349144833252,0.001498499880700637,-0.0006341058422028,0.185249056078593,-1.6860541102111328,0.1899897804636633,-1.6607849953015763,0.0009268933005001432,0.02957821125497397,-0.0252691149095565,5000,0.3265963786036838,-1.1190301866772288,0.3265963786036838,-1.1190301866772288,0.00016143122643486591,0.0015213314683970114,-0.0006767413671444,0.1865473725159651,-1.6790700640243705,0.1914901228669066,-1.652919049410116,0.0009644757962525132,0.03035602979158636,-0.0261510146142545,5000,0.3928326696517007,-0.9343715347493089,0.3928326696517007,-0.9343715347493089,0.0001847291778855093,0.0011850408099787618,0.0004199055696731,0.2919268943091448,-1.231251870014625,0.294667496653559,-1.2219076883189717,0.0026753924715880377,0.029624378239274024,-0.0093441816956534,5000,-0.0623760007963412,0.01731065804497456,0.21068494476444588,0.09173883269237093,0.06541854535236538,-0.04955723897994341,0.01615438300485275,0.021146270953737556,0.07461210622897185,-0.6548647214907146,-0.04034687750833227,0.015525282706687099,-0.05438688189966978,0.06737395418925818,-0.9197222045247924,-0.029559963276835466,0.014477622463192646,-0.12738194781036283,0.058501482006275696,-1.163175596767151,-0.10978861701393264,1.3621772518855606,1.2163052105270373,False,False
26,5,31,5s_cbf_dc2_site26,group_5s_06,2,False,0.3299174500691858,-1.1089128071201653,0.3299174500691858,-1.1089128071201653,0.00013786140817674417,0.001255758825921116,0.0005167091993503,0.1528114929794523,-1.878550189244174,0.1580292886447416,-1.8449748919650317,0.0009087232592074901,0.03888475247366157,-0.0335752972791427,5000,0.3132354494735982,-1.1608001364887996,0.3132354494735982,-1.1608001364887996,0.00015175763497824078,0.0015545239386228983,-0.0007193768920861,0.1884838906387906,-1.668742736548226,0.1936467351365465,-1.641719732773382,0.0010071375603667827,0.031135276466298,-0.0270230037748444,5000,0.3405272126647699,-1.077260236865658,0.3405272126647699,-1.077260236865658,0.00017285349144833252,0.001498499880700637,-0.0006341058422028,0.185249056078593,-1.6860541102111328,0.1899897804636633,-1.6607849953015763,0.0009268933005001432,0.02957821125497397,-0.0252691149095565,5000,0.3265963786036838,-1.1190301866772288,0.3265963786036838,-1.1190301866772288,0.00016143122643486591,0.0015213314683970114,-0.0006767413671444,0.1865473725159651,-1.6790700640243705,0.1914901228669066,-1.652919049410116,0.0009644757962525132,0.03035602979158636,-0.0261510146142545,5000,0.380675560264013,-0.9658078144917611,0.380675560264013,-0.9658078144917611,0.0001714762342773137,0.0011724347235782884,0.0004433409764863,0.294510256367989,-1.2224414501200471,0.2951776871227455,-1.220177774740113,0.0035708988851983954,0.03640866274002142,-0.0022636753799343,5000,-0.005132600716817093,-0.00047239460338940886,0.04613738638506959,-0.008594170786818567,0.3494835380814724,-0.010966847668125668,-0.0010845610053730192,-0.10298105863959695,-0.025997015860272366,-0.49637136564947865,-0.011092857007901025,-0.00045797477884670923,-0.15059124475199948,-0.025552293725008668,-0.7853009086962843,-0.009362397817597012,0.0003816805821479641,-0.19523874484006853,-0.02319771826332906,-1.0512334918410682,-0.10978861701393264,1.3621772518855606,1.2163052105270373,False,False
27,5,25,5s_cbf_dc2_site27,group_5s_00,21,False,0.3518918191330724,-1.044431482628517,0.3518918191330724,-1.044431482628517,0.00022814312136105016,0.0018272096012391062,0.0004331571057234,0.1828130050266503,-1.6992914790208355,0.1878621450069961,-1.6720468563664213,0.001348731408594311,0.038721219673412806,-0.027244622654414,5000,0.3400296079895499,-1.0787225828411697,0.3400296079895499,-1.0787225828411697,0.00017586575958156029,0.001523606629119453,-0.0004502263919823,0.1844681517635871,-1.690278449569508,0.1876473174534181,-1.673191048982009,0.0006153764074097718,0.02011414009759282,-0.0170874005874988,5000,0.366065905435791,-1.00494189229464,0.366065905435791,-1.00494189229464,0.0001882271624007664,0.001408521002547417,-0.0004904523290367,0.1780705108724155,-1.7255756786315148,0.1809075674707467,-1.7097690551133995,0.0005145462662346697,0.01823343330864023,-0.0158066235181155,5000,0.352807661940145,-1.0418322375679048,0.352807661940145,-1.0418322375679048,0.00018048725698973728,0.0014533685199963318,-0.0004703393605096,0.1805098375278922,-1.7119700011547874,0.1834491074044693,-1.6958179937992828,0.0005514524833591031,0.018847652293056204,-0.0161520073555048,5000,0.3468682152301198,-1.0588103543696834,0.3468682152301198,-1.0588103543696834,0.00020398100734979083,0.001677373031928576,0.0006622708316568,0.3970131880033296,-0.9237857796947267,0.3984480693666791,-0.9201781045091874,0.0048045908000039555,0.02827499254740827,-0.0036076751855395,5000,0.03484023514091528,-0.028127458737362998,1.3973295426602634,0.24895949045978705,-0.21316433212982397,0.03480705375711346,-0.029695387036789478,1.2802739751701382,0.2942838840493708,-0.7644678484428808,0.03392724436249189,-0.029031222406144613,1.2128193037069974,0.32034947496704314,-0.9696180971332655,0.0327210992207681,-0.027734144772827485,1.137055722221811,0.34817694667375687,-1.1555841004337057,-0.09300989581081379,1.3689581530313766,1.1891709495749692,False,False
28,5,25,5s_cbf_dc2_site28,group_5s_00,21,False,0.3518918191330724,-1.044431482628517,0.3518918191330724,-1.044431482628517,0.00022814312136105016,0.0018272096012391062,0.0004331571057234,0.1828130050266503,-1.6992914790208355,0.1878621450069961,-1.6720468563664213,0.001348731408594311,0.038721219673412806,-0.027244622654414,5000,0.3400296079895499,-1.0787225828411697,0.3400296079895499,-1.0787225828411697,0.00017586575958156029,0.001523606629119453,-0.0004502263919823,0.1844681517635871,-1.690278449569508,0.1876473174534181,-1.673191048982009,0.0006153764074097718,0.02011414009759282,-0.0170874005874988,5000,0.366065905435791,-1.00494189229464,0.366065905435791,-1.00494189229464,0.0001882271624007664,0.001408521002547417,-0.0004904523290367,0.1780705108724155,-1.7255756786315148,0.1809075674707467,-1.7097690551133995,0.0005145462662346697,0.01823343330864023,-0.0158066235181155,5000,0.352807661940145,-1.0418322375679048,0.352807661940145,-1.0418322375679048,0.00018048725698973728,0.0014533685199963318,-0.0004703393605096,0.1805098375278922,-1.7119700011547874,0.1834491074044693,-1.6958179937992828,0.0005514524833591031,0.018847652293056204,-0.0161520073555048,5000,0.3018907800910867,-1.1976899823478546,0.3018907800910867,-1.1976899823478546,6.539677209247288e-05,0.0007149405971869911,0.0010800729714568,0.252233300213324,-1.3774008252568073,0.2553384598602615,-1.3651653203295084,0.0006992056145855169,0.011322193628700511,-0.0122355049272988,5000,0.07020111311932675,-0.0629640461264884,1.5220175962210014,0.09689572291546555,-0.6352589632167855,0.06563457058680178,-0.06291572837056894,1.4435480477394957,0.10500424203968317,-1.194692046667669,0.06392674375958951,-0.06228319771731511,1.4076524979961733,0.11371497801049557,-1.3918328954237713,0.062192772088422665,-0.061361991219948175,1.3701124443548913,0.125301249369281,-1.575386736232557,-0.09300989581081379,1.3689581530313766,1.1891709495749692,False,False
29,5,25,5s_cbf_dc2_site29,group_5s_00,21,False,0.3518918191330724,-1.044431482628517,0.3518918191330724,-1.044431482628517,0.00022814312136105016,0.0018272096012391062,0.0004331571057234,0.1828130050266503,-1.6992914790208355,0.1878621450069961,-1.6720468563664213,0.001348731408594311,0.038721219673412806,-0.027244622654414,5000,0.3400296079895499,-1.0787225828411697,0.3400296079895499,-1.0787225828411697,0.00017586575958156029,0.001523606629119453,-0.0004502263919823,0.1844681517635871,-1.690278449569508,0.1876473174534181,-1.673191048982009,0.0006153764074097718,0.02011414009759282,-0.0170874005874988,5000,0.366065905435791,-1.00494189229464,0.366065905435791,-1.00494189229464,0.0001882271624007664,0.001408521002547417,-0.0004904523290367,0.1780705108724155,-1.7255756786315148,0.1809075674707467,-1.7097690551133995,0.0005145462662346697,0.01823343330864023,-0.0158066235181155,5000,0.352807661940145,-1.0418322375679048,0.352807661940145,-1.0418322375679048,0.00018048725698973728,0.0014533685199963318,-0.0004703393605096,0.1805098375278922,-1.7119700011547874,0.1834491074044693,-1.6958179937992828,0.0005514524833591031,0.018847652293056204,-0.0161520073555048,5000,0.369755682041412,-0.9949128102573435,0.369755682041412,-0.9949128102573435,0.00010056691343725442,0.0007371995294157237,-0.0004689872262778,0.262528495947549,-1.3373956468515709,0.2636211034989559,-1.3332424207610662,0.0016861096792375498,0.023096168486720702,-0.0041532260905046,5000,-0.05177779030879909,0.023873016794705576,0.3256377390898102,0.13122621776004206,0.3507637195705301,-0.03989510125363305,0.012399571508777324,0.029188540716534206,0.07136288166604321,-0.6225901692671756,-0.029356132271973423,0.005037498600203916,-0.08917032924897761,0.032945165069856897,-1.0103850545024091,-0.019319571167835448,-0.00219932039375495,-0.18708361800030326,-0.0044056958657701095,-1.3889412622348816,-0.09300989581081379,1.3689581530313766,1.1891709495749692,False,False
30,5,32,5s_cbf_dc2_site30,group_5s_07,1,True,0.6120895168351165,-0.490876737827702,0.6120895168351165,-0.490876737827702,0.0005576646741416075,0.0014718241876475406,0.0002340615808101,0.1773647727893435,-1.7295468038571755,0.1816670927564566,-1.7055794275413683,0.0007311032214752456,0.023541641292563368,-0.0239673763158076,5000,0.5776427764645611,-0.5487996351697105,0.5776427764645611,-0.5487996351697105,0.0005592980657765906,0.001674119870010228,-9.39602612268775e-05,0.1971509885775364,-1.6237854043290163,0.2023353566562635,-1.5978287766921635,0.0009310989368976378,0.02713123321671112,-0.0259566276368528,5000,0.6178011027462226,-0.481588713542592,0.6178011027462226,-0.481588713542592,0.0005632911873494255,0.0014761098048590995,-5.845263855353e-05,0.1853912207885209,-1.6852869797842864,0.1898745881297707,-1.661391487233684,0.0007645778624242619,0.024991007171759103,-0.0238954925506023,5000,0.5973845865882342,-0.5151941743561513,0.5973845865882342,-0.5151941743561513,0.000558838322712475,0.0015651611715992038,-7.620644989014824e-05,0.190770448578886,-1.656684413625377,0.1955843049824252,-1.6317637649770005,0.0008410225117922786,0.026005471346972363,-0.0249206486483768,5000,0.5870966230552074,-0.5325658678358677,0.5870966230552074,-0.5325658678358677,0.00027064375582726513,0.0007816119865529322,0.0007002455100092,0.1676317580744229,-1.7859856215670495,0.1744817680330468,-1.7459350239841727,0.0007688802198373153,0.03708415179509203,-0.0400505975828768,5000,-0.005678147443711867,-0.06538263843495709,-0.39372640476441845,-0.06800018104342948,0.34937588584725987,-0.015872463271245252,-0.06867458487732483,-0.5042254694245059,-0.0851502221012923,-0.8008889980243636,-0.020921306674882345,-0.06897594234947008,-0.5235178203558857,-0.08574281869193207,-1.1019672003276706,-0.02535990820554246,-0.06917272324633328,-0.5380093556561629,-0.08591849774458049,-1.3451781148727042,-0.3578177917053129,0.8792655760373909,,False,False
31,5,33,5s_cbf_dc2_site31,group_5s_08,2,True,0.640316370523345,-0.44579289582599474,0.640316370523345,-0.44579289582599474,0.0005601363896165621,0.0013516996403855524,0.0010362316092078,0.1637289362168215,-1.8095430465312143,0.1687549124582805,-1.7793078387893264,0.001058475759332692,0.0406296675246548,-0.0302352077418879,5000,0.6084391456677376,-0.49685837867517724,0.6084391456677376,-0.49685837867517724,0.0005825138014891511,0.0015638413777645118,-0.0002661239911651,0.1917513356262418,-1.6515558733027496,0.1985077452145784,-1.6169271609028608,0.0011482359292498297,0.03750331771901134,-0.0346287123998889,5000,0.6532043268616193,-0.4258652938085327,0.6532043268616193,-0.4258652938085327,0.0006720535543817479,0.0015719862731860407,-0.00019042807876,0.1916291454640707,-1.6521933088130865,0.1979957811359285,-1.619509555908908,0.0010941689297107354,0.03605105295659787,-0.0326837529041788,5000,0.6304245256826175,-0.461361836241855,0.6304245256826175,-0.461361836241855,0.0006211777496416317,0.001556594999051749,-0.0002282760349625,0.191006560245823,-1.6554475046885766,0.1974513463864055,-1.6222630724000733,0.0010991176827722484,0.036240438859576986,-0.0331844322885039,5000,0.6454694063459329,-0.4377774650999131,0.6454694063459329,-0.4377774650999131,0.0003620007185840324,0.0008621469546610814,0.0001068600750432,0.2115678587451113,-1.5532094868250466,0.2139961443963585,-1.541797280962037,0.0014876060807215775,0.031146599760812934,-0.0114122058630097,5000,-0.12675809073002747,-0.08662359155157456,0.5514074319415503,0.12993235597944408,0.574877971205739,-0.14161856492738267,-0.09220393224356788,0.602018521069255,0.07880647112203998,-0.12170248601288998,-0.14650448789540355,-0.09370327954425328,0.6147565075873342,0.05865292886801832,-0.3725679910193244,-0.15068468780926708,-0.0948349570695296,0.6234227413949922,0.04118003005593707,-0.5940427232623315,-0.5762464900103643,0.7804796652244909,0.6651563128815798,False,False
32,5,34,5s_cbf_dc2_site32,group_5s_09,3,True,0.3914371983985894,-0.9379301891937796,0.3914371983985894,-0.9379301891937796,0.000563526374392772,0.0036605284903086614,-0.0001677814321928,0.2633175037804177,-1.334394736222254,0.2700079385363749,-1.3093039184294186,0.003292954288003147,0.04523380314495115,-0.0250908177928352,5000,0.3884514252714415,-0.9455871484678626,0.3884514252714415,-0.9455871484678626,0.00028906381287731775,0.0019019668001933091,-0.0001316381987458,0.2081188699856187,-1.569645872203745,0.2119028996706403,-1.5516271296550253,0.0007515765902551462,0.019232163022007854,-0.0180187425487201,5000,0.4164648854843564,-0.8759531294903752,0.4164648854843564,-0.8759531294903752,0.0003129532196244217,0.0017972112708357106,-0.0001894424374343,0.2031495067212791,-1.5938130847015874,0.2059720689167206,-1.5800147071683202,0.0005626570752923551,0.015011256189158283,-0.0137983775332677,5000,0.4022143437794156,-0.9107701389791188,0.4022143437794156,-0.9107701389791188,0.0002988695015037651,0.001837246781408262,-0.00016054031809,0.2049880064808388,-1.5848038065267294,0.2082149329952094,-1.5691844010927871,0.0006403846858328341,0.016823885170679384,-0.0156194054339424,5000,0.4152105798592975,-0.8789694660984129,0.4152105798592975,-0.8789694660984129,0.00010463462925778617,0.0006054000255503496,-0.0002184552455661,0.211770183770622,-1.5522536311230026,0.2138859361590981,-1.5423124146622118,0.0011346561427232683,0.024319286307245263,-0.009941216460791,5000,0.01121181076755845,0.010680613805849282,-0.25545500544119903,-0.015696910128291997,0.4408887233217693,0.033874959483153444,0.002956336769193907,-0.46509562967741,-0.06881125383058811,-0.5162678492818535,0.036302152259348464,0.001355176071912434,-0.5117863721073472,-0.0785319038920343,-0.8683927635041695,0.035861909636555556,0.0005251444555409157,-0.5414294123039456,-0.08294749788609773,-1.1628673672237118,-0.30144401357936246,0.9630219244074395,0.8825874955329188,False,False
33,5,35,5s_cbf_dc2_site33,group_5s_10,1,True,0.4689771688322276,-0.7572011922490923,0.4689771688322276,-0.7572011922490923,0.0004155383942751278,0.0018662788607537366,0.0006071883931018,0.1940847924651464,-1.6394601408454623,0.1987448220331236,-1.6157335784506013,0.001752695413373536,0.04430651649984705,-0.0237265623948612,5000,0.4484934797521488,-0.8018611354882963,0.4484934797521488,-0.8018611354882963,0.00028595254599410503,0.0014155800651404838,-0.0002002165824614,0.1808061457367284,-1.710329839695089,0.1839683124821113,-1.6929917509749521,0.0005672266046011892,0.02000848421984632,-0.017338088720137,5000,0.4891433836621228,-0.7150996143643469,0.4891433836621228,-0.7150996143643469,0.00035249954764316713,0.0014672176420311687,-0.0002946035666091,0.1839898032201338,-1.6928749401906271,0.1873622114400547,-1.674711576042402,0.0006230493274489056,0.021278412701446963,-0.0181633641482255,5000,0.4683776448939102,-0.7584803749263215,0.4683776448939102,-0.7584803749263215,0.00031659995961552,0.0014370508277048246,-0.0002474100745354,0.1821411043257859,-1.702973593800639,0.1853814274859041,-1.6853398062409555,0.0005892620686907559,0.020503230131073483,-0.0176337875596837,5000,0.4217041514291437,-0.8634512737697949,0.4217041514291437,-0.8634512737697949,6.859006554080513e-05,0.00038458646908577686,-0.0002950914585893,0.1714756354951539,-1.7633140895522772,0.1734350983586202,-1.7519518224389075,0.0003755850792149286,0.012821782960830584,-0.0113622671133701,5000,-0.061365491991639376,0.046707703904587866,-0.07487100198030383,0.07420299844988787,0.16552193672844065,-0.0506122331950678,0.030843725261231303,-0.21652767610350843,-0.003854915491798505,-0.5721948865999629,-0.05071757523653592,0.02823660918877785,-0.24418533589101932,-0.016329806077988285,-0.8204526106719026,-0.05175940620360847,0.026859919005357474,-0.2640568817870279,-0.022244766812289596,-1.0497361103290719,-0.2906685210326599,0.9727854131389708,,True,False
34,5,36,5s_cbf_dc2_site34,group_5s_11,2,True,0.7170801860126726,-0.33256760919257555,0.7170801860126726,-0.33256760919257555,0.0006290021747967046,0.0012066829645824555,0.0008580755806609,0.1679360072531565,-1.7841722813506196,0.1724218935123425,-1.7578109362844243,0.0008312104576626025,0.030176869462599714,-0.0263613450661956,5000,0.6795953546499898,-0.38625772462562963,0.6795953546499898,-0.38625772462562963,0.0007927937755451397,0.0017062047817834427,5.726327567501244e-05,0.196601278915584,-1.626577566124492,0.2005054107476459,-1.606914046327088,0.0007815640051017367,0.02320890970591405,-0.0196635197974039,5000,0.7277961257438662,-0.317734317061079,0.7277961257438662,-0.317734317061079,0.0008453954221510571,0.0015881590055286474,0.0001272285658904,0.190006282450616,-1.6606981418387456,0.1933525246500071,-1.6432402036051974,0.0006445796828394274,0.020412107847015713,-0.0174579382335486,5000,0.7032829204436798,-0.35199602084335435,0.7032829204436798,-0.35199602084335435,0.0008153258270638074,0.0016394854152332074,9.224592078277416e-05,0.1928849260877313,-1.645661505785149,0.1964776923694546,-1.6272063789546345,0.0007054459538504811,0.02172026929622665,-0.0184551268305146,5000,0.7318415798048752,-0.3121912094748277,0.7318415798048752,-0.3121912094748277,0.0002628972525237339,0.0004901207244583086,0.0007168056724702,0.1451096335758692,-1.9302657286296658,0.1487728947666187,-1.9053343320025669,0.00043469584550677833,0.021839243047706385,-0.0249313966270994,5000,-0.10076035367548508,-0.07657873553656994,0.08160670708693862,0.13201296954521913,0.4162151221911658,-0.12481541323718648,-0.08206696703131214,0.2045711356286528,0.15415910698253343,-0.20186502083943947,-0.1317419858873377,-0.08414007682654995,0.2562547677269533,0.1535721195332841,-0.4288954209492897,-0.13694570499787073,-0.08586718348928657,0.2987844703979756,0.14919861716811422,-0.633512670606716,-0.5581599216210732,0.7655305876196749,,False,False
35,5,34,5s_cbf_dc2_site35,group_5s_09,3,False,0.3914371983985894,-0.9379301891937796,0.3914371983985894,-0.9379301891937796,0.000563526374392772,0.0036605284903086614,-0.0001677814321928,0.2633175037804177,-1.334394736222254,0.2700079385363749,-1.3093039184294186,0.003292954288003147,0.04523380314495115,-0.0250908177928352,5000,0.3884514252714415,-0.9455871484678626,0.3884514252714415,-0.9455871484678626,0.00028906381287731775,0.0019019668001933091,-0.0001316381987458,0.2081188699856187,-1.569645872203745,0.2119028996706403,-1.5516271296550253,0.0007515765902551462,0.019232163022007854,-0.0180187425487201,5000,0.4164648854843564,-0.8759531294903752,0.4164648854843564,-0.8759531294903752,0.0003129532196244217,0.0017972112708357106,-0.0001894424374343,0.2031495067212791,-1.5938130847015874,0.2059720689167206,-1.5800147071683202,0.0005626570752923551,0.015011256189158283,-0.0137983775332677,5000,0.4022143437794156,-0.9107701389791188,0.4022143437794156,-0.9107701389791188,0.0002988695015037651,0.001837246781408262,-0.00016054031809,0.2049880064808388,-1.5848038065267294,0.2082149329952094,-1.5691844010927871,0.0006403846858328341,0.016823885170679384,-0.0156194054339424,5000,0.3750142308367274,-0.9807913048338277,0.3750142308367274,-0.9807913048338277,4.53082912649057e-05,0.00032267171389016385,-0.0009309724612027,0.1580069393547917,-1.8451163269525876,0.1601115885718413,-1.8318842782645912,0.0003845478721910449,0.015745220841118516,-0.0132320486879968,5000,-0.03311545065400856,0.009639714044732323,-0.10873919093226725,0.05180695829606252,0.32429631433126677,-0.044067643805473455,0.0031815835243718393,-0.26683227551362476,-0.028318476418742522,-0.6465293395726288,-0.046989845525811536,0.0018402819498363476,-0.29927072521553555,-0.03916779317756014,-0.9615086722990887,-0.049649063519899006,0.0010515233277551272,-0.3214216480566856,-0.043770062575458235,-1.2251402914773493,-0.30144401357936246,0.9630219244074395,0.8825874955329188,False,False
36,5,34,5s_cbf_dc2_site36,group_5s_09,3,False,0.3914371983985894,-0.9379301891937796,0.3914371983985894,-0.9379301891937796,0.000563526374392772,0.0036605284903086614,-0.0001677814321928,0.2633175037804177,-1.334394736222254,0.2700079385363749,-1.3093039184294186,0.003292954288003147,0.04523380314495115,-0.0250908177928352,5000,0.3884514252714415,-0.9455871484678626,0.3884514252714415,-0.9455871484678626,0.00028906381287731775,0.0019019668001933091,-0.0001316381987458,0.2081188699856187,-1.569645872203745,0.2119028996706403,-1.5516271296550253,0.0007515765902551462,0.019232163022007854,-0.0180187425487201,5000,0.4164648854843564,-0.8759531294903752,0.4164648854843564,-0.8759531294903752,0.0003129532196244217,0.0017972112708357106,-0.0001894424374343,0.2031495067212791,-1.5938130847015874,0.2059720689167206,-1.5800147071683202,0.0005626570752923551,0.015011256189158283,-0.0137983775332677,5000,0.4022143437794156,-0.9107701389791188,0.4022143437794156,-0.9107701389791188,0.0002988695015037651,0.001837246781408262,-0.00016054031809,0.2049880064808388,-1.5848038065267294,0.2082149329952094,-1.5691844010927871,0.0006403846858328341,0.016823885170679384,-0.0156194054339424,5000,0.3961040979831954,-0.9260782285779545,0.3961040979831954,-0.9260782285779545,8.160742382564173e-05,0.0005210727534556235,-0.0011234557602091,0.1954394682992509,-1.6325045725682248,0.1971890330964517,-1.6235924514612257,0.0009215162601954817,0.02383773469633975,-0.0089121211069995,5000,0.014540316758882399,0.005023036325025154,-0.30606958325620015,-0.06013402226806053,0.40479618742824786,0.0065836646526017395,-3.2777063022459973e-05,-0.44587717802066207,-0.08185862616632228,-0.7960814725131118,0.0015625225712895263,-0.00044620548880888733,-0.46930533634712734,-0.08222589164521737,-1.1274677256265502,-0.0032489336239942546,-0.0006958190535949205,-0.4863948489889012,-0.08217876269742724,-1.4016898031968794,-0.30144401357936246,0.9630219244074395,0.8825874955329188,False,False
37,5,37,5s_cbf_dc2_site37,group_5s_12,1,True,0.6224629866912625,-0.47407111154154047,0.6224629866912625,-0.47407111154154047,0.00080372205564003,0.002038226986139715,0.0007285091856031,0.2050247135297142,-1.584624753306271,0.209567842548835,-1.5627077612597868,0.0010825103292653286,0.026006280132282296,-0.0219169920464841,5000,0.5860085173696439,-0.5344209547502686,0.5860085173696439,-0.5344209547502686,0.000700017901281752,0.0020314913976850805,4.486685996285544e-06,0.2165988089803994,-1.5297084431358152,0.2211149975256948,-1.5090723620049142,0.0009177785241619219,0.021802702730422962,-0.0206360811309012,5000,0.629652208981485,-0.4625876612675799,0.629652208981485,-0.4625876612675799,0.0007714714109378735,0.0019386636929594823,4.986699710229914e-05,0.2114941651675534,-1.553557868736624,0.2157876095840398,-1.5334606440064769,0.0008595278943465557,0.02152277899899987,-0.0200972247301474,5000,0.6074385215342876,-0.4985043080089243,0.6074385215342876,-0.4985043080089243,0.000732071651192117,0.0019769710347983752,2.7176841549458874e-05,0.2136232764310429,-1.543541205777676,0.2180066321804782,-1.5232297938095831,0.0008828948315112154,0.02159448199939134,-0.0203114119680931,5000,0.5720811163073835,-0.5584744859304767,0.5720811163073835,-0.5584744859304767,0.0002841188182519946,0.000864376066538123,0.0001808092725583,0.1847132228140291,-1.6889508035758816,0.1907246621140595,-1.6569244505944654,0.0007085195049412901,0.023331856735404825,-0.0320263529814164,5000,-0.018097809770506013,-0.05687635034714414,-0.3115904740394311,-0.04374426534496767,0.5729862080668586,-0.025519644635853378,-0.06530868222992914,-0.4442634317611889,-0.07693445907076857,-0.39953736420086944,-0.03193928414219227,-0.06667141351805556,-0.4669949032071887,-0.07953523474821717,-0.7292151252539643,-0.038296706036036854,-0.0674500720928509,-0.48167606121019935,-0.08023139508890859,-1.0082667671369023,-0.35779181766850876,0.8655499782487824,1.1563327787419975,False,False
38,5,38,5s_cbf_dc2_site38,group_5s_13,1,True,0.7329776364799261,-0.3106400871380935,0.7329776364799261,-0.3106400871380935,0.0006964567517335325,0.0012842259444222977,0.0009259258037084,0.1751656750908286,-1.7420230381057127,0.1787422371929318,-1.7218105266423462,0.0007035804640822348,0.02303622514055228,-0.0202125114633666,5000,0.7173690622291699,-0.33216483966865346,0.7173690622291699,-0.33216483966865346,0.0006849530732719685,0.0013234687802060484,1.2937367540044598e-05,0.1735550746783346,-1.751260296661993,0.1767041313089512,-1.7332785195735423,0.0004967952609754066,0.019017371382808387,-0.0179817770884511,5000,0.7716660880218407,-0.25920335099389885,0.7716660880218407,-0.25920335099389885,0.0008122078233984958,0.0013566858214710171,8.536106586987113e-05,0.175774639951389,-1.7385525592483826,0.1785215842431625,-1.723045764942931,0.0004324354359042481,0.015947312204039037,-0.0155067943054518,5000,0.7440224310585534,-0.2956840953312762,0.7440224310585534,-0.2956840953312762,0.0007409032112455402,0.0013309451895520206,4.9149216705013377e-05,0.1740607275699009,-1.748351031634671,0.1769844145158372,-1.7316936038680928,0.0004595066399052916,0.017392684464986572,-0.0166574277665785,5000,0.7943413215869668,-0.23024203405112703,0.7943413215869668,-0.23024203405112703,0.0006703267802087361,0.0010463178997015005,0.0031106822180363,0.2260680708289148,-1.4869191267029402,0.2291832753182391,-1.47323326661969,0.0016925999889172607,0.032143499132502945,-0.0136858600832507,5000,-0.1438145839511254,-0.13919906709124766,0.6043927971145511,0.09207403855952712,0.6173547068324202,-0.16107142591240498,-0.14480711233679516,0.6526252304159512,0.011239036686038761,-0.12094532204882921,-0.166972933204868,-0.14602930069919845,0.6615310463939044,-0.013235468507557302,-0.37156412027635477,-0.1724801369409224,-0.14690505821264255,0.6666512651354868,-0.03306771390722163,-0.6021053652911701,-0.6597151342710176,0.7562735824056405,,False,False
39,5,39,5s_cbf_dc2_site39,group_5s_14,1,True,0.4281821303101139,-0.8482066358082605,0.4281821303101139,-0.8482066358082605,0.0004593493500751492,0.002473351865558009,0.0012818169590559,0.2158424998624461,-1.5332063045732403,0.2220413242897251,-1.50489176898356,0.0018934902032844742,0.03915303804988209,-0.0283145355896803,5000,0.4144645794887337,-0.8807677616438377,0.4144645794887337,-0.8807677616438377,0.00036517581485101937,0.0021123918854225204,0.0001878415066417,0.2201763488699303,-1.51332646795566,0.2233406620570878,-1.499057040622651,0.000659401554890393,0.015255964029462384,-0.014269427333009,5000,0.4507571573152053,-0.796826538344342,0.4507571573152053,-0.796826538344342,0.0004505886145974258,0.0022035216773993427,0.0002049718413251,0.224821295810544,-1.492449433196108,0.2280720520541975,-1.4780936821692299,0.0006824026268368072,0.01509749949593838,-0.0143557510268781,5000,0.4322301188697793,-0.8387971499940899,0.4322301188697793,-0.8387971499940899,0.00040473228623084137,0.0021525544461572653,0.0001964066739836,0.2222243518760776,-1.5040678133798457,0.2254233984709914,-1.4897748741085217,0.0006687435405581902,0.015164295186854516,-0.0142929392713242,5000,0.4403319911719857,-0.8202263111901315,0.4403319911719857,-0.8202263111901315,0.00013527821663385274,0.00069912231901622,-0.0002098299065768,0.2131567163515506,-1.5457276262905668,0.2162043901628102,-1.5315310679572445,0.000880229335915569,0.019656270718799766,-0.0141965583333223,5000,-0.014178580518632189,-0.009494385837038405,-0.210989958169157,-0.039922879179713044,0.5348478167276984,-0.016321183091712765,-0.014369755860918765,-0.3426220386021859,-0.06471421744001377,-0.2890254004647179,-0.019096205710987635,-0.016045453192873982,-0.3802016397202288,-0.0693123279612976,-0.5981315479469016,-0.02260535265594177,-0.017510779195471116,-0.41077813455533363,-0.0721071770592584,-0.8905937013361034,-0.31852464937918784,0.9106606469353491,0.9239045044071684,False,False
40,5,40,5s_cbf_dc2_site40,group_5s_15,1,True,0.4135485576548838,-0.8829803405667013,0.4135485576548838,-0.8829803405667013,0.000317783183223898,0.0018477184097489669,0.000548561598863,0.1940750523244605,-1.639510327080946,0.1993718865625572,-1.6125834215521329,0.001190986320548159,0.03175590021453547,-0.026926905528813,5000,0.40677659886048,-0.8994911413874278,0.40677659886048,-0.8994911413874278,0.00027856134342546366,0.0016733800850038574,0.0003666421357608,0.1950304135753128,-1.6345997655271003,0.198013220552368,-1.6194214800501452,0.0005549571297841925,0.016107151029517333,-0.0151782854769553,5000,0.4421283216433281,-0.8161551185792505,0.4421283216433281,-0.8161551185792505,0.00032134171423445126,0.0016325514801135916,0.0003455695172328,0.1923868064323906,-1.6482473167380338,0.195822345036019,-1.630547433660554,0.000632037786052404,0.01895757321456274,-0.0176998830774797,5000,0.4240842545272876,-0.8578231299833394,0.4240842545272876,-0.8578231299833394,0.00029818972592270815,0.0016473734436769723,0.0003561058264971,0.1933737819592512,-1.6431302689620029,0.1965698832039115,-1.6267372711830723,0.0005908575778300548,0.01747075797832472,-0.0163929977789307,5000,0.4450464348868106,-0.8095766541995284,0.4450464348868106,-0.8095766541995284,0.00017515303048127876,0.0008851521722007013,-7.925768279959389e-05,0.2528452857734378,-1.374977495990492,0.2553461233905845,-1.365135307556165,0.0015773478591502889,0.02387801448141187,-0.0098421884343273,5000,-0.0004500726133536692,-0.022038492932177245,-0.27822544305686625,-0.04037088441120262,0.5951393100934007,0.011545203501233059,-0.030403003947334584,-0.4679764137083282,-0.07823310229371477,-0.4157426268101079,0.010871466212326097,-0.031907627545366524,-0.507894473536316,-0.08348936146981278,-0.7772184636970547,0.008650936787567565,-0.03266182189721231,-0.5334899751850364,-0.08562982685152426,-1.0689904492743512,-0.32950251971727784,0.7929207969684438,0.9659163818093646,False,False
41,5,41,5s_cbf_dc2_site41,group_5s_16,5,True,0.5305415799963101,-0.633856945118677,0.5305415799963101,-0.633856945118677,0.0009151947946641043,0.0032365693377799415,-0.000342863268212,0.2529405417235104,-1.3746008308250395,0.2592349576092732,-1.35002045627807,0.0022877815654928917,0.03477836243293132,-0.0245803745469697,5000,0.5106357284621372,-0.6720988031364202,0.5106357284621372,-0.6720988031364202,0.000585604350101936,0.0022286349161709683,1.2940883894252408e-05,0.2250392912054905,-1.4914802644433802,0.2279239547568459,-1.4787432374300071,0.0006539305585869594,0.014402996192226415,-0.012737027013373,5000,0.5421075158888062,-0.612290928416444,0.5421075158888062,-0.612290928416444,0.0006744136369201657,0.0022799419447488453,6.495157112051952e-05,0.2277570260947305,-1.4794758932861742,0.2305340991375606,-1.4673564919659436,0.0005931472752033916,0.012805133100219926,-0.0121194013202308,5000,0.5261363571173163,-0.642194865776432,0.5261363571173163,-0.642194865776432,0.0006248174096462391,0.002241309011498883,3.894622750744148e-05,0.2257370442393368,-1.4883844781908764,0.228507846777175,-1.4761847288559853,0.0006097662491663297,0.013365787033759624,-0.0121997493348913,5000,0.5215391818602996,-0.6509708743621193,0.5215391818602996,-0.6509708743621193,0.00028660530298044395,0.0010525872086739941,9.4890705627515e-06,0.2515288878418509,-1.3801974338442617,0.2528921657810826,-1.3747921033222805,0.0032000314911943013,0.044473669145537596,-0.0054053305219812,5000,-0.10179937238394499,-0.07046433229922985,0.12435376222950012,0.1281022100813316,0.29776245635205595,-0.10823904521487132,-0.07277932622829345,-0.011740250469666424,0.11704973385769168,-0.5385512428133447,-0.1122983556878242,-0.07286023976862471,-0.057868607097479874,0.10615546780639629,-0.824377351739144,-0.1168136338084872,-0.07271523041784078,-0.09452209920562282,0.09499634869125861,-1.068685630367199,-0.4463384180883129,0.8196370961866912,0.8184154081142798,False,False
42,5,42,5s_cbf_dc2_site42,group_5s_17,2,True,0.576152537111371,-0.5513828319713283,0.576152537111371,-0.5513828319713283,0.0006036599465071436,0.00181701705873274,-5.457981167511505e-05,0.205011970146225,-1.5846869105912194,0.2103649704238549,-1.558911302360562,0.0010429425004782028,0.02499830124087433,-0.0257756082306575,5000,0.5517220863199643,-0.5947108262986712,0.5517220863199643,-0.5947108262986712,0.000560925032619767,0.0018327068820463669,-2.995145398021481e-05,0.2052883712791668,-1.583339599137405,0.2093886405257589,-1.5635632297451518,0.0007588671661270668,0.01984066082170663,-0.0197763693922536,5000,0.5961531724026385,-0.5172576442602357,0.5961531724026385,-0.5172576442602357,0.0006391809910179101,0.0017921017831056263,0.0001282559699908,0.2024551343804902,-1.5972369755981422,0.2052048851232134,-1.583746359325556,0.0004932119307262502,0.013285016589886239,-0.013490616272586,5000,0.5735075169901865,-0.5559842352794535,0.5735075169901865,-0.5559842352794535,0.0005952861332891162,0.0018018444446146454,4.915225800539158e-05,0.2032739053892549,-1.5932009217791092,0.206597898527437,-1.5769808940451508,0.0006061014031633886,0.016147963303996416,-0.0162200277339583,5000,0.5751025195867109,-0.553206959144029,0.5751025195867109,-0.553206959144029,0.0001443546936667787,0.000435769953805502,-0.0002069468286728,0.1674393519945433,-1.787134070927471,0.1698341000883652,-1.7729332002477165,0.00046812807084645636,0.017011696394214768,-0.0142008706797547,5000,-0.09556353050526245,-0.06971875159921595,0.356802600898928,0.13477364664478364,0.437018204884359,-0.11396234185986914,-0.07493598702140858,0.36509740110091915,0.12920905142200534,-0.37389909234067864,-0.11918521822245748,-0.07620012990682506,0.37559640976944,0.12334856650410353,-0.6330623299684535,-0.12334869840017981,-0.07723426669313194,0.3880755998423031,0.11640672830849597,-0.8653972272215574,-0.469458176339435,0.6257868689390996,,False,False
43,5,33,5s_cbf_dc2_site43,group_5s_08,2,False,0.640316370523345,-0.44579289582599474,0.640316370523345,-0.44579289582599474,0.0005601363896165621,0.0013516996403855524,0.0010362316092078,0.1637289362168215,-1.8095430465312143,0.1687549124582805,-1.7793078387893264,0.001058475759332692,0.0406296675246548,-0.0302352077418879,5000,0.6084391456677376,-0.49685837867517724,0.6084391456677376,-0.49685837867517724,0.0005825138014891511,0.0015638413777645118,-0.0002661239911651,0.1917513356262418,-1.6515558733027496,0.1985077452145784,-1.6169271609028608,0.0011482359292498297,0.03750331771901134,-0.0346287123998889,5000,0.6532043268616193,-0.4258652938085327,0.6532043268616193,-0.4258652938085327,0.0006720535543817479,0.0015719862731860407,-0.00019042807876,0.1916291454640707,-1.6521933088130865,0.1979957811359285,-1.619509555908908,0.0010941689297107354,0.03605105295659787,-0.0326837529041788,5000,0.6304245256826175,-0.461361836241855,0.6304245256826175,-0.461361836241855,0.0006211777496416317,0.001556594999051749,-0.0002282760349625,0.191006560245823,-1.6554475046885766,0.1974513463864055,-1.6222630724000733,0.0010991176827722484,0.036240438859576986,-0.0331844322885039,5000,0.6518007740949033,-0.42801632495295683,0.6518007740949033,-0.42801632495295683,0.0003473953595837483,0.000817146912010193,-0.0004446867031707,0.2354974196467084,-1.4460553224998813,0.2386456273351178,-1.4327755581991684,0.0010979233952611422,0.019599554319914093,-0.0132797643007134,5000,-0.05134952077447147,-0.05314486396227425,-0.3002056289876962,-0.0179910708541432,0.9469932623686851,-0.06866901495591837,-0.06044436186248495,-0.40612140809831176,-0.05207052576681043,0.1929610440528985,-0.07929739660026475,-0.06278600901383272,-0.43089794768172407,-0.059451945949728524,-0.08985712093026295,-0.09132665934907408,-0.06473921008879485,-0.44739448256432723,-0.06409675668994907,-0.354612050117625,-0.5762464900103643,0.7804796652244909,0.6651563128815798,False,False
44,5,43,5s_cbf_dc2_site44,group_5s_18,2,True,0.7531483051471495,-0.28349311818816586,0.7531483051471495,-0.28349311818816586,0.0008119368982093274,0.001434486226125789,4.375234621545321e-05,0.1957975878345316,-1.6306738684992454,0.2003317232269945,-1.6077806702838038,0.0011776502888950567,0.030686844900090497,-0.0228931982154416,5000,0.7063766188658429,-0.3476067292409594,0.7063766188658429,-0.3476067292409594,0.0007576782194898089,0.0015212272674172932,0.0005039611607576,0.1883058865731241,-1.6696875821341446,0.1943685736052685,-1.6379990584330402,0.0011062530281530886,0.03795321122496977,-0.0316885237011048,5000,0.7598698404707365,-0.27460812290736814,0.7598698404707365,-0.27460812290736814,0.0010057248741395573,0.0017515810132969986,0.0004477155405979,0.2020623807644389,-1.5991788135891363,0.2111707061114244,-1.5550884388939972,0.0016802695323531263,0.05349321425219619,-0.0440903746951391,5000,0.7326351675219026,-0.31110742607416375,0.7326351675219026,-0.31110742607416375,0.0008688720630429994,0.0016248360373761308,0.0004758383506777,0.1946441041700072,-1.6365824947755834,0.202162109547709,-1.5986853809165311,0.0013736911039864868,0.04557798341405295,-0.0378971138590524,5000,0.793484705359008,-0.2313210141113196,0.793484705359008,-0.2313210141113196,0.00033236345871584527,0.0005276162338992424,0.0002415892859616,0.1529709172278674,-1.8775074591358465,0.1570273921777762,-1.8513350163824682,0.0004923326149144945,0.023284005578444306,-0.0261724427533784,5000,-0.05934434325294069,-0.050384096893280245,-0.12031825216855507,0.09918768289642765,0.778944472424778,-0.06235701365148122,-0.055319644751919805,-0.25343921008356807,0.06454433204206023,0.13815105084032495,-0.0657867101086847,-0.05702828874659277,-0.2964937507082004,0.04872500568713711,-0.10151986451685009,-0.07006222779908167,-0.058472475622835335,-0.3311168521361445,0.03426898548677437,-0.31398594035432,-0.5340008154199128,0.8003270765619076,,False,False
45,5,44,5s_cbf_dc2_site45,group_5s_19,2,True,0.626464200810662,-0.4676636478418445,0.626464200810662,-0.4676636478418445,0.001070755816880989,0.0027009109528354698,0.0007545189165359,0.2286171973479215,-1.4757063014574532,0.23502515943881,-1.4480627091269005,0.0018587823185960562,0.034947477205782285,-0.0276435923305529,5000,0.5920475682424602,-0.5241682955652487,0.5920475682424602,-0.5241682955652487,0.0006728290085897672,0.0019065477329175931,-2.630906352474316e-05,0.2082768356341513,-1.5688871436482934,0.2120301490608819,-1.551026801870041,0.0006650145769000551,0.017219737338412918,-0.0178603417782525,5000,0.6289411468387017,-0.4637175928934682,0.6289411468387017,-0.4637175928934682,0.0007418677265454758,0.0018649760078021731,8.546357746253008e-05,0.2052541093827137,-1.5835065094969731,0.2081346804441527,-1.5695699066845308,0.0004956041005631637,0.01315794173461806,-0.0139366028124423,5000,0.610215598418688,-0.49394294422935836,0.610215598418688,-0.49394294422935836,0.0007022671198398985,0.0018743929130925529,2.957725696889346e-05,0.2061197388861123,-1.5792980223281154,0.209402136710815,-1.5634987766301627,0.0005716826338714802,0.015083387030205488,-0.0157992456979527,5000,0.6534581495685506,-0.4254767884145195,0.6534581495685506,-0.4254767884145195,0.0002894047910540699,0.0006737762398880834,8.328254481082542e-05,0.181619784278205,-1.705839874485696,0.1852813177946402,-1.685879972173317,0.0007034465324707906,0.02200621177524896,-0.0199599023123793,5000,-0.0021910275037121396,-0.041339332171361876,-0.3107962440793597,-0.03900080316089949,0.96451106255491,-0.013087528263673265,-0.05102233970098485,-0.48041574660346065,-0.07722647682767236,-0.1475428767509938,-0.023367353843466,-0.05221039585043191,-0.5086462612059877,-0.08051702853284981,-0.4849504785594255,-0.03308606924050245,-0.052854442743039215,-0.5281830124927385,-0.08173384579518067,-0.7623391985210511,-0.49042462350547145,0.8337518379746671,,False,False
46,5,43,5s_cbf_dc2_site46,group_5s_18,2,False,0.7531483051471495,-0.28349311818816586,0.7531483051471495,-0.28349311818816586,0.0008119368982093274,0.001434486226125789,4.375234621545321e-05,0.1957975878345316,-1.6306738684992454,0.2003317232269945,-1.6077806702838038,0.0011776502888950567,0.030686844900090497,-0.0228931982154416,5000,0.7063766188658429,-0.3476067292409594,0.7063766188658429,-0.3476067292409594,0.0007576782194898089,0.0015212272674172932,0.0005039611607576,0.1883058865731241,-1.6696875821341446,0.1943685736052685,-1.6379990584330402,0.0011062530281530886,0.03795321122496977,-0.0316885237011048,5000,0.7598698404707365,-0.27460812290736814,0.7598698404707365,-0.27460812290736814,0.0010057248741395573,0.0017515810132969986,0.0004477155405979,0.2020623807644389,-1.5991788135891363,0.2111707061114244,-1.5550884388939972,0.0016802695323531263,0.05349321425219619,-0.0440903746951391,5000,0.7326351675219026,-0.31110742607416375,0.7326351675219026,-0.31110742607416375,0.0008688720630429994,0.0016248360373761308,0.0004758383506777,0.1946441041700072,-1.6365824947755834,0.202162109547709,-1.5986853809165311,0.0013736911039864868,0.04557798341405295,-0.0378971138590524,5000,0.7713331634750688,-0.25963488011047525,0.7713331634750688,-0.25963488011047525,0.0004577356977067604,0.0007645796997742927,0.0013268346127874,0.1956500417366627,-1.6314277170026477,0.1997592251311312,-1.6106425120172856,0.0007148897994344772,0.019454768394357523,-0.0207852049853625,5000,-0.016886548708188454,-0.057898418400584684,-0.3191309553442334,-0.048224450984707845,0.6916311082952138,-0.040274963031772304,-0.06421604169066852,-0.4154111113238135,-0.06497011244575784,-0.24247446272360887,-0.05347993009825419,-0.06540672340653025,-0.42804996690410313,-0.066087198463754,-0.5456708134437476,-0.06645045935048655,-0.0661902058020003,-0.433774966675339,-0.06592989141991529,-0.8111785890376237,-0.5340008154199128,0.8003270765619076,,False,False
47,5,41,5s_cbf_dc2_site47,group_5s_16,5,False,0.5305415799963101,-0.633856945118677,0.5305415799963101,-0.633856945118677,0.0009151947946641043,0.0032365693377799415,-0.000342863268212,0.2529405417235104,-1.3746008308250395,0.2592349576092732,-1.35002045627807,0.0022877815654928917,0.03477836243293132,-0.0245803745469697,5000,0.5106357284621372,-0.6720988031364202,0.5106357284621372,-0.6720988031364202,0.000585604350101936,0.0022286349161709683,1.2940883894252408e-05,0.2250392912054905,-1.4914802644433802,0.2279239547568459,-1.4787432374300071,0.0006539305585869594,0.014402996192226415,-0.012737027013373,5000,0.5421075158888062,-0.612290928416444,0.5421075158888062,-0.612290928416444,0.0006744136369201657,0.0022799419447488453,6.495157112051952e-05,0.2277570260947305,-1.4794758932861742,0.2305340991375606,-1.4673564919659436,0.0005931472752033916,0.012805133100219926,-0.0121194013202308,5000,0.5261363571173163,-0.642194865776432,0.5261363571173163,-0.642194865776432,0.0006248174096462391,0.002241309011498883,3.894622750744148e-05,0.2257370442393368,-1.4883844781908764,0.228507846777175,-1.4761847288559853,0.0006097662491663297,0.013365787033759624,-0.0121997493348913,5000,0.5261632725693447,-0.642143710285591,0.5261632725693447,-0.642143710285591,0.00018628430021836503,0.000673893812635219,-0.0001655662484927,0.2073723675715261,-1.5732392246014002,0.2094743956244308,-1.5631537636788297,0.0008955171066298189,0.020719640915421396,-0.0100854609225704,5000,-0.09149902921884812,-0.06324389244918208,0.034946734212954134,0.13609468449121642,0.42203877150196456,-0.09096292704861708,-0.06506107067829145,-0.14785432159479361,0.10548435991888883,-0.3859108337532147,-0.09168165132346462,-0.06542195304590556,-0.2095667176721978,0.08783578242547951,-0.6597475287579602,-0.09344377545111138,-0.06574216572628871,-0.261648418935041,0.06968238167297702,-0.9075264353588307,-0.4463384180883129,0.8196370961866912,0.8184154081142798,False,False
48,5,45,5s_cbf_dc2_site48,group_5s_20,1,True,0.6291672084608233,-0.46335822539765237,0.6291672084608233,-0.46335822539765237,0.000470035078849059,0.0011771207331467489,0.0007676143011735,0.1594181378881242,-1.8362247305917636,0.1641718856661723,-1.8068413166834891,0.0011443391046136008,0.045357254152900275,-0.0293834139082744,5000,0.6005420991425621,-0.5099225331042093,0.6005420991425621,-0.5099225331042093,0.0006164256325679149,0.0017025020590780886,-0.0003571912532964,0.1974626980342828,-1.6222055831917719,0.2017410324567833,-1.6007704216091339,0.0008095752874608636,0.024434029079936078,-0.021435161582638,5000,0.6446161331615458,-0.43910028173909105,0.6446161331615458,-0.43910028173909105,0.0007332420438588629,0.0017600432908159392,-0.0003566636998465,0.2008767870185369,-1.6050635587920987,0.205768539821847,-1.5810033349943406,0.0009426663420763108,0.02765247921758983,-0.0240602237977582,5000,0.6221889791293286,-0.4745114074216501,0.6221889791293286,-0.4745114074216501,0.0006686611933744234,0.0017216445011046066,-0.0003569274765715,0.1986071248762412,-1.6164266525048012,0.2031404537961264,-1.593857648565005,0.0008639395727820796,0.025897729172951578,-0.0225690039397963,5000,0.6413685767178265,-0.444150984632248,0.6413685767178265,-0.444150984632248,0.00033162139936651874,0.0008062014323545584,-0.000214053711546,0.2393837840735801,-1.4296872238517615,0.2409227571849338,-1.4232789064717473,0.0012398438004117723,0.020693069250230657,-0.0064083173800144,5000,-0.11846293457195844,-0.07400235766368693,0.18210656036840023,0.2866258441639512,0.8778041409377785,-0.13187819119921407,-0.07833894776763556,0.1633671981079221,0.3117409423320908,0.30166481904376347,-0.1372937148822978,-0.07943407233084754,0.15481335752667214,0.3176561294970842,0.08780659058576427,-0.14244286145499602,-0.08023063577819006,0.14598311576863665,0.3212950451104035,-0.10559511159764959,-0.6070592782180663,0.6743300360765729,0.7023598802091128,False,False
49,5,46,5s_cbf_dc2_site49,group_5s_21,1,True,0.6922725826406504,-0.36777549537481885,0.6922725826406504,-0.36777549537481885,0.001139335859420913,0.0023361353628678838,0.0015643710485248,0.2150775982002962,-1.536756394109259,0.2204991232269654,-1.5118615603980834,0.0015395912591318998,0.03306144164307877,-0.024894833711176,5000,0.6511041343494545,-0.4290856889676598,0.6511041343494545,-0.4290856889676598,0.0009275541047324914,0.00217557580121714,0.0001754544375719,0.2224458867504134,-1.5030714125712434,0.2253944671628601,-1.4899032244263617,0.0006085608988039497,0.013748018351811596,-0.0131681881448821,5000,0.6914935016536768,-0.3689015253854331,0.6914935016536768,-0.3689015253854331,0.0009846381617390867,0.002051241009481839,0.0001327894069397,0.2159300884489685,-1.5328005882767686,0.2189205821172001,-1.5190462536692089,0.0005969117417851339,0.014262201348689798,-0.0137543346075599,5000,0.6709949908922497,-0.3989936071765465,0.6709949908922497,-0.3989936071765465,0.0009505541288338978,0.002101159335505876,0.000154121922256,0.2185721572913561,-1.5206390796437868,0.2214793874298215,-1.5074257528347828,0.00058835930625718,0.013745019623205242,-0.013213326809004,5000,0.6663865183855555,-0.405885418848016,0.6663865183855555,-0.405885418848016,0.00021362539047334208,0.00047957592001141475,0.0006761638378566,0.1729575635164402,-1.7547090121675646,0.1755921928415499,-1.7395910586695489,0.00045482115831249923,0.015496046720171224,-0.0151179534980159,5000,-0.048082613207918845,-0.05056264593866683,-0.07320593793169738,0.22243085532314122,0.653331693521786,-0.0533019243975516,-0.0585015694250485,-0.23168083373926196,0.1375193362638616,-0.026350909949462126,-0.05841876396048706,-0.06034790287712016,-0.27048705870844403,0.11032415179026178,-0.25391070283912676,-0.06449273214966988,-0.061719227543828775,-0.3004373240781142,0.08713954190880902,-0.46604435741138533,-0.5259644663016962,0.7328278138967674,1.0632789456411316,False,False
50,5,47,5s_cbf_dc2_site50,group_5s_22,1,True,0.4622810831534713,-0.7715821678096496,0.4622810831534713,-0.7715821678096496,0.00036606060158660787,0.0016954978693849538,0.0004905439422265,0.1802903252773106,-1.7131868092402354,0.1864423548402837,-1.6796331770044561,0.0015000839166973757,0.045862149862832303,-0.0335536322357794,5000,0.4491612264389438,-0.8003733767646871,0.4491612264389438,-0.8003733767646871,0.0003740902628953219,0.0018460455149923866,-0.0004752499475485,0.2057137148703486,-1.5812698104070597,0.2087392424432715,-1.5666694497849385,0.0005726622522789786,0.015605931532067971,-0.0146003606221214,5000,0.4891132387717101,-0.7151612441856656,0.4891132387717101,-0.7151612441856656,0.0004610836617558352,0.0019180161879876667,-0.0005176924245741,0.209830078847374,-1.5614572241477254,0.2129194568673779,-1.5468413215573231,0.0006096457986691214,0.016028064116642052,-0.0146159025904022,5000,0.4687117474463652,-0.7577673104751764,0.4687117474463652,-0.7577673104751764,0.00041381811326730904,0.001874779924082907,-0.0004964711860613,0.2073781104420911,-1.5732115314660342,0.2104349709571537,-1.5585786001566846,0.0005893211078033154,0.01584835421327584,-0.01463293130935,5000,0.4370301703644384,-0.8277530465341227,0.4370301703644384,-0.8277530465341227,0.0001350822486471586,0.0007064590279767199,-0.0001149548595152,0.2034147410032167,-1.5925083250182168,0.2052299126176812,-1.5836244033187235,0.0014956106994826893,0.03386240286815797,-0.0088839216994935,5000,-0.043835647539852585,0.025550229556083798,0.19726491487302544,0.19154706382667008,0.26099240979793065,-0.028133344898503387,0.01898137703280192,0.05528375019117604,0.2135036887232532,-0.4476944888142381,-0.024260416658669404,0.01664645372444787,0.004560329167213162,0.2119832921088357,-0.7073344765002626,-0.022299089119443838,0.014805486385276095,-0.03825112209276904,0.2069468602123299,-0.9475488218702077,-0.2905407054160409,0.9644480967307362,0.9756347369637214,False,False
51,5,48,5s_cbf_dc2_site51,group_5s_23,1,True,0.6383336838337872,-0.44889411694877823,0.6383336838337872,-0.44889411694877823,0.0008551805211723424,0.002063224688830144,0.0012751846362804,0.2057756721007178,-1.5809686739364768,0.2110009431933611,-1.5558926754053453,0.001609719968599292,0.037986187235546275,-0.0250759985311312,5000,0.6118860195870294,-0.4912092563199539,0.6118860195870294,-0.4912092563199539,0.0007113263755109432,0.001877941243381952,-0.000267792528942,0.2097669694619977,-1.5617580336319983,0.2173758305428206,-1.5261274855314557,0.001395629043468056,0.03897229921502998,-0.035630548100543,5000,0.6543141425876261,-0.42416770250338204,0.6543141425876261,-0.42416770250338204,0.0008718331866586653,0.0020113894106815492,-0.0002575663001999,0.2168706981247838,-1.5284539642136115,0.2249415557514411,-1.4919146627349842,0.0015519921823091188,0.03987522327721025,-0.0365393014786272,5000,0.6327445584652961,-0.45768847941166796,0.6327445584652961,-0.45768847941166796,0.000782388853631056,0.0019308722526148526,-0.0002626794145709,0.2126040953296626,-1.5483235501852077,0.2204702136194437,-1.511992678846227,0.0014728683967257241,0.039702427196490434,-0.0363308713389807,5000,0.6496371665093333,-0.4313412773173303,0.6496371665093333,-0.4313412773173303,0.00025684867969570234,0.000607985728790537,-6.648611668591542e-05,0.194898112936644,-1.635278354728712,0.1977575960039938,-1.6207132609153696,0.0005900527741734582,0.015653096280886552,-0.0145650938133425,5000,-0.06934495382405775,-0.05734912642976281,-0.3019381782547721,-0.03151231079339156,0.8343401856436091,-0.09552514683950386,-0.06193013916307663,-0.3719803697838606,-0.05093373926026584,0.13864893233870615,-0.10741225870088766,-0.06274711191572091,-0.38520887729681696,-0.05272299602583441,-0.09773551092872657,-0.1194217161405357,-0.0633163481862275,-0.39457575548231505,-0.05314976450069914,-0.31876647935326874,-0.5813231106984881,0.7283566944764187,0.663401646855928,False,False
52,5,44,5s_cbf_dc2_site52,group_5s_19,2,False,0.626464200810662,-0.4676636478418445,0.626464200810662,-0.4676636478418445,0.001070755816880989,0.0027009109528354698,0.0007545189165359,0.2286171973479215,-1.4757063014574532,0.23502515943881,-1.4480627091269005,0.0018587823185960562,0.034947477205782285,-0.0276435923305529,5000,0.5920475682424602,-0.5241682955652487,0.5920475682424602,-0.5241682955652487,0.0006728290085897672,0.0019065477329175931,-2.630906352474316e-05,0.2082768356341513,-1.5688871436482934,0.2120301490608819,-1.551026801870041,0.0006650145769000551,0.017219737338412918,-0.0178603417782525,5000,0.6289411468387017,-0.4637175928934682,0.6289411468387017,-0.4637175928934682,0.0007418677265454758,0.0018649760078021731,8.546357746253008e-05,0.2052541093827137,-1.5835065094969731,0.2081346804441527,-1.5695699066845308,0.0004956041005631637,0.01315794173461806,-0.0139366028124423,5000,0.610215598418688,-0.49394294422935836,0.610215598418688,-0.49394294422935836,0.0007022671198398985,0.0018743929130925529,2.957725696889346e-05,0.2061197388861123,-1.5792980223281154,0.209402136710815,-1.5634987766301627,0.0005716826338714802,0.015083387030205488,-0.0157992456979527,5000,0.5100384625380444,-0.6732691393662015,0.5100384625380444,-0.6732691393662015,0.00021813949598464456,0.0008387556992498988,-5.830565787401376e-05,0.2242667905390217,-1.4949189066476285,0.226352345490487,-1.4856624429250653,0.001966671885879641,0.03643132836172412,-0.0092564637225631,5000,-0.07510006791553103,-0.10642039264892769,1.2790998025579774,-0.0501315685913587,-0.014504099157510037,-0.0744620104118926,-0.10698331934569619,1.2129845218297333,-0.06530248467146688,-0.574375938704297,-0.07387851360948139,-0.10711958901407936,1.1866468985171421,-0.0691533912315413,-0.7697327539534776,-0.07324554343676604,-0.10722947229280944,1.1613324152001394,-0.07232389241671372,-0.9521173431084846,-0.49042462350547145,0.8337518379746671,,False,False
53,5,36,5s_cbf_dc2_site53,group_5s_11,2,False,0.7170801860126726,-0.33256760919257555,0.7170801860126726,-0.33256760919257555,0.0006290021747967046,0.0012066829645824555,0.0008580755806609,0.1679360072531565,-1.7841722813506196,0.1724218935123425,-1.7578109362844243,0.0008312104576626025,0.030176869462599714,-0.0263613450661956,5000,0.6795953546499898,-0.38625772462562963,0.6795953546499898,-0.38625772462562963,0.0007927937755451397,0.0017062047817834427,5.726327567501244e-05,0.196601278915584,-1.626577566124492,0.2005054107476459,-1.606914046327088,0.0007815640051017367,0.02320890970591405,-0.0196635197974039,5000,0.7277961257438662,-0.317734317061079,0.7277961257438662,-0.317734317061079,0.0008453954221510571,0.0015881590055286474,0.0001272285658904,0.190006282450616,-1.6606981418387456,0.1933525246500071,-1.6432402036051974,0.0006445796828394274,0.020412107847015713,-0.0174579382335486,5000,0.7032829204436798,-0.35199602084335435,0.7032829204436798,-0.35199602084335435,0.0008153258270638074,0.0016394854152332074,9.224592078277416e-05,0.1928849260877313,-1.645661505785149,0.1964776923694546,-1.6272063789546345,0.0007054459538504811,0.02172026929622665,-0.0184551268305146,5000,0.7168089798587028,-0.3329458896952238,0.7168089798587028,-0.3329458896952238,0.0002866016995034757,0.0005558914796847421,0.0008302092551905,0.1688551460897238,-1.7787140553290859,0.1720471928198551,-1.759986462943508,0.0004801919441992774,0.017304954103490054,-0.0187275923855783,5000,-0.13944890304472857,-0.04169966380881296,0.03855033381241757,0.11156133291993509,0.5937496559426837,-0.1377219105932409,-0.04628628964630374,-0.10088598349412292,0.09262557572740704,-0.0590775830654627,-0.13489397370532474,-0.05026814533001092,-0.16287539545194774,0.0709300538529678,-0.3088402657222088,-0.13347806962221265,-0.05496323542174672,-0.21856434851892148,0.04410702414841661,-0.5504796022147483,-0.5581599216210732,0.7655305876196749,,False,False
54,5,41,5s_cbf_dc2_site54,group_5s_16,5,False,0.5305415799963101,-0.633856945118677,0.5305415799963101,-0.633856945118677,0.0009151947946641043,0.0032365693377799415,-0.000342863268212,0.2529405417235104,-1.3746008308250395,0.2592349576092732,-1.35002045627807,0.0022877815654928917,0.03477836243293132,-0.0245803745469697,5000,0.5106357284621372,-0.6720988031364202,0.5106357284621372,-0.6720988031364202,0.000585604350101936,0.0022286349161709683,1.2940883894252408e-05,0.2250392912054905,-1.4914802644433802,0.2279239547568459,-1.4787432374300071,0.0006539305585869594,0.014402996192226415,-0.012737027013373,5000,0.5421075158888062,-0.612290928416444,0.5421075158888062,-0.612290928416444,0.0006744136369201657,0.0022799419447488453,6.495157112051952e-05,0.2277570260947305,-1.4794758932861742,0.2305340991375606,-1.4673564919659436,0.0005931472752033916,0.012805133100219926,-0.0121194013202308,5000,0.5261363571173163,-0.642194865776432,0.5261363571173163,-0.642194865776432,0.0006248174096462391,0.002241309011498883,3.894622750744148e-05,0.2257370442393368,-1.4883844781908764,0.228507846777175,-1.4761847288559853,0.0006097662491663297,0.013365787033759624,-0.0121997493348913,5000,0.5332274924577138,-0.6288071307582933,0.5332274924577138,-0.6288071307582933,9.709578710975723e-05,0.00034056305811530787,0.0001560913021104,0.1400786577534089,-1.9655511730506705,0.1419564071028741,-1.9522352607459192,0.0003146193082827533,0.016409980423223232,-0.0133159123047512,5000,-0.17161723034774995,-0.034413898233781715,0.11383501273470209,0.11918542980706381,0.29824276644997044,-0.17041755904932,-0.038669264725383984,0.007824280458200494,0.1080270775912241,-0.31967148577714893,-0.17018832833210135,-0.04059007059051878,-0.02533453250506401,0.10088710841317416,-0.5400796914928723,-0.17012791648250258,-0.042612838796272895,-0.05325102593141162,0.09280366454786315,-0.7466644554039721,-0.4463384180883129,0.8196370961866912,0.8184154081142798,False,False
55,5,41,5s_cbf_dc2_site55,group_5s_16,5,False,0.5305415799963101,-0.633856945118677,0.5305415799963101,-0.633856945118677,0.0009151947946641043,0.0032365693377799415,-0.000342863268212,0.2529405417235104,-1.3746008308250395,0.2592349576092732,-1.35002045627807,0.0022877815654928917,0.03477836243293132,-0.0245803745469697,5000,0.5106357284621372,-0.6720988031364202,0.5106357284621372,-0.6720988031364202,0.000585604350101936,0.0022286349161709683,1.2940883894252408e-05,0.2250392912054905,-1.4914802644433802,0.2279239547568459,-1.4787432374300071,0.0006539305585869594,0.014402996192226415,-0.012737027013373,5000,0.5421075158888062,-0.612290928416444,0.5421075158888062,-0.612290928416444,0.0006744136369201657,0.0022799419447488453,6.495157112051952e-05,0.2277570260947305,-1.4794758932861742,0.2305340991375606,-1.4673564919659436,0.0005931472752033916,0.012805133100219926,-0.0121194013202308,5000,0.5261363571173163,-0.642194865776432,0.5261363571173163,-0.642194865776432,0.0006248174096462391,0.002241309011498883,3.894622750744148e-05,0.2257370442393368,-1.4883844781908764,0.228507846777175,-1.4761847288559853,0.0006097662491663297,0.013365787033759624,-0.0121997493348913,5000,0.4234839258702084,-0.859239721052601,0.4234839258702084,-0.859239721052601,9.052060105945422e-05,0.0005063832892549233,-0.0006664150050521,0.1588905110001726,-1.8395399240245205,0.1616276645839674,-1.8224599558143029,0.0004592301553648792,0.018772919183567494,-0.0170799682102178,5000,-0.025364689205291446,-0.11953733554627669,1.417242888913703,-0.0524952639052112,0.20235496064658748,-0.02469880083520193,-0.12050032651704706,1.3489275161102285,-0.06688845631920332,-0.3716580021902454,-0.024175428652384645,-0.1207242408568999,1.322049118354785,-0.07027060389395362,-0.5677376090980256,-0.023604122512024706,-0.12091198277361762,1.295107707238282,-0.073126943924257,-0.7578024005600019,-0.4463384180883129,0.8196370961866912,0.8184154081142798,False,False
56,5,42,5s_cbf_dc2_site56,group_5s_17,2,False,0.576152537111371,-0.5513828319713283,0.576152537111371,-0.5513828319713283,0.0006036599465071436,0.00181701705873274,-5.457981167511505e-05,0.205011970146225,-1.5846869105912194,0.2103649704238549,-1.558911302360562,0.0010429425004782028,0.02499830124087433,-0.0257756082306575,5000,0.5517220863199643,-0.5947108262986712,0.5517220863199643,-0.5947108262986712,0.000560925032619767,0.0018327068820463669,-2.995145398021481e-05,0.2052883712791668,-1.583339599137405,0.2093886405257589,-1.5635632297451518,0.0007588671661270668,0.01984066082170663,-0.0197763693922536,5000,0.5961531724026385,-0.5172576442602357,0.5961531724026385,-0.5172576442602357,0.0006391809910179101,0.0017921017831056263,0.0001282559699908,0.2024551343804902,-1.5972369755981422,0.2052048851232134,-1.583746359325556,0.0004932119307262502,0.013285016589886239,-0.013490616272586,5000,0.5735075169901865,-0.5559842352794535,0.5735075169901865,-0.5559842352794535,0.0005952861332891162,0.0018018444446146454,4.915225800539158e-05,0.2032739053892549,-1.5932009217791092,0.206597898527437,-1.5769808940451508,0.0006061014031633886,0.016147963303996416,-0.0162200277339583,5000,0.4698497056014235,-0.7553424107331818,0.4698497056014235,-0.7553424107331818,0.0001375381136844088,0.0006262986465758497,-0.000561166697664,0.1685247848760634,-1.7806724487539765,0.1706611596164515,-1.7680752110037123,0.0005470370593134736,0.019465293004015817,-0.0125972377502643,5000,-0.020830235486372806,-0.1101237223229356,1.4246767903077502,-0.05846748820493902,0.2324538404522392,-0.02065807148494725,-0.11065764511446255,1.3568670141337007,-0.07166414544537097,-0.3378528587383351,-0.02028132750855738,-0.11077554986420562,1.3310037997248267,-0.07481828459836054,-0.5292422046273154,-0.019837437480932585,-0.11087521541001244,1.304824315774436,-0.07757002190214685,-0.7178710180699462,-0.469458176339435,0.6257868689390996,,False,False
57,5,41,5s_cbf_dc2_site57,group_5s_16,5,False,0.5305415799963101,-0.633856945118677,0.5305415799963101,-0.633856945118677,0.0009151947946641043,0.0032365693377799415,-0.000342863268212,0.2529405417235104,-1.3746008308250395,0.2592349576092732,-1.35002045627807,0.0022877815654928917,0.03477836243293132,-0.0245803745469697,5000,0.5106357284621372,-0.6720988031364202,0.5106357284621372,-0.6720988031364202,0.000585604350101936,0.0022286349161709683,1.2940883894252408e-05,0.2250392912054905,-1.4914802644433802,0.2279239547568459,-1.4787432374300071,0.0006539305585869594,0.014402996192226415,-0.012737027013373,5000,0.5421075158888062,-0.612290928416444,0.5421075158888062,-0.612290928416444,0.0006744136369201657,0.0022799419447488453,6.495157112051952e-05,0.2277570260947305,-1.4794758932861742,0.2305340991375606,-1.4673564919659436,0.0005931472752033916,0.012805133100219926,-0.0121194013202308,5000,0.5261363571173163,-0.642194865776432,0.5261363571173163,-0.642194865776432,0.0006248174096462391,0.002241309011498883,3.894622750744148e-05,0.2257370442393368,-1.4883844781908764,0.228507846777175,-1.4761847288559853,0.0006097662491663297,0.013365787033759624,-0.0121997493348913,5000,0.4174951419745211,-0.8734823707480965,0.4174951419745211,-0.8734823707480965,0.00011842203218662111,0.0006807596864684589,-0.0007230865097503,0.1856948831404685,-1.683650365443234,0.1894852304109892,-1.663444197280817,0.0005713108857967194,0.017262259196499534,-0.0202061681624174,5000,-0.026589797233374957,-0.11929592928911212,1.4315955009827541,-0.04687845734039342,0.20512648327012695,-0.025901604536797462,-0.1203928780433502,1.3674497428928016,-0.06149974629124205,-0.3554817567152968,-0.025395355626982197,-0.12065717256505121,1.3413730850520516,-0.06474592161638126,-0.5511393639327523,-0.02487401073943518,-0.12086680782720272,1.3160587065238376,-0.06719966140935052,-0.7343325090690531,-0.4463384180883129,0.8196370961866912,0.8184154081142798,False,False
58,5,49,5s_cbf_dc2_site58,group_5s_24,1,True,0.4281821303101139,-0.8482066358082605,0.4281821303101139,-0.8482066358082605,0.0004593493500751492,0.002473351865558009,0.0012818169590559,0.2158424998624461,-1.5332063045732403,0.2220413242897251,-1.50489176898356,0.0018934902032844742,0.03915303804988209,-0.0283145355896803,5000,0.4144200496540485,-0.8808752068374447,0.4144200496540485,-0.8808752068374447,0.00036597388076462124,0.002117438498200691,0.0001930744901891,0.2204329288268308,-1.5121618080227393,0.2235938417531862,-1.4979240794347286,0.0006587714922528148,0.01520246107024781,-0.0142377285880108,5000,0.4507558890022083,-0.7968293520873093,0.4507558890022083,-0.7968293520873093,0.0004516081380153128,0.0022085351684197137,0.0002083005324706,0.2250762762256059,-1.491315928779943,0.2283286237729156,-1.476969355412785,0.0006828214752173015,0.015070221459305186,-0.0143465733671579,5000,0.4322062909099658,-0.8388522794623768,0.4322062909099658,-0.8388522794623768,0.000405667551043612,0.002157764685234142,0.0002006875113297,0.2224900854498037,-1.5028727381448217,0.2256876900696779,-1.4886031377640214,0.0006685225545642399,0.015119771099770942,-0.0142696003808002,5000,0.3296098324705796,-1.1098456498669547,0.3296098324705796,-1.1098456498669547,8.42179397379952e-05,0.000779959522846625,-0.001812908604748,0.1930924614406654,-1.6445861299748554,0.1964211369893635,-1.627494266707184,0.0007783418649171732,0.021399411609715847,-0.0170918632676715,5000,0.03564314027798088,-0.08586447403950404,1.4781052482099035,-0.06065511165753118,-0.054876022379545183,0.03469338787941684,-0.08637372142407804,1.4074423691146816,-0.07290958870699421,-0.6301712320810561,0.034739048754795776,-0.08649979013738449,1.37810489267043,-0.07597204235227745,-0.839509683049111,0.034862154440207405,-0.08659434463046173,1.3521465946142142,-0.0782422776841667,-1.0194581903249336,-0.3183882152144668,0.851142783838498,0.9496924776514301,False,False
59,5,50,5s_cbf_dc2_site59,group_5s_25,1,True,0.6324556635286405,-0.45814515802530464,0.6324556635286405,-0.45814515802530464,0.00042826919044818316,0.0010633019460271763,0.0004102195559806,0.1481551704620666,-1.9094951053888627,0.1525088388276974,-1.8805327250883745,0.0009417214288741392,0.04240377630765323,-0.0289623803004885,5000,0.6040805216286164,-0.5040477759781749,0.6040805216286164,-0.5040477759781749,0.00043825510846906974,0.0011962741183038483,-0.0002564344529059,0.1675152600028545,-1.7866808273721246,0.1712266396801038,-1.7647672217717094,0.0005751462728447915,0.02458243066970587,-0.0219136056004158,5000,0.6494625694070606,-0.43161007439040616,0.6494625694070606,-0.43161007439040616,0.0005182993280012184,0.001224284034437697,-0.0002153441522467,0.1694437565618717,-1.7752342269199404,0.1729641080620969,-1.7546711738579404,0.0005661689039806789,0.0234079004216916,-0.0205630530620004,5000,0.626360669028379,-0.4678289251842907,0.626360669028379,-0.4678289251842907,0.0004720163738803846,0.0011986155817841529,-0.0002358893025761,0.1676927672482968,-1.7856217401927996,0.1712663890252455,-1.764535104081779,0.0005617563523688695,0.023919304348453567,-0.0210866361110206,5000,0.5483972446223021,-0.6007553557006516,0.5483972446223021,-0.6007553557006516,0.00018066833108926433,0.0005975234413882318,-7.506833798642809e-05,0.2009969390427433,-1.6044655996820865,0.2057712278825719,-1.58099027156312,0.0006908891797569366,0.018649650537496523,-0.0234753281189663,5000,-0.050670884791418735,-0.11339789533402775,1.358465732440533,-0.06467868490956363,0.3581216191169246,-0.05127417473622936,-0.11378320066167455,1.292147587450665,-0.076875560268935,-0.1968050047985708,-0.05118871607005138,-0.1138747668799302,1.2652455405155716,-0.0800883977030491,-0.3954122787609649,-0.05104833602098241,-0.11394552818310849,1.2404969753781954,-0.08269314583869047,-0.5739860863807135,-0.5796375871769789,0.7727876217602796,0.6594759011394903,True,False
