k,group_3s_00,group_3s_01,group_3s_02,group_3s_03,group_3s_04,group_3s_05,group_3s_06,group_3s_07,group_3s_08,group_3s_09,group_3s_10,group_3s_11,group_3s_12,group_3s_13,group_3s_14,group_3s_15,group_3s_16,group_3s_17,group_3s_18,group_3s_19,group_3s_20,group_3s_21,group_3s_22,group_3s_23,group_3s_24
0,0.4144577236949478,0.392391122348847,0.4008581311669158,0.48411570230888556,0.37935349141894836,0.3728332283232262,0.3746444075628903,0.37124871758697753,0.3722224211576609,0.4383800467186104,0.5001135062264975,0.8752951845296866,0.475370361272129,0.4676328339096095,0.5031247029198903,0.9250489582346575,0.4822846688261897,0.6231783610909095,0.6076471448452317,0.5973993285031802,0.6528811372938287,0.6528811372938287,0.8426957990696007,0.8722712215784733,0.6131042388272162
1,0.41557350678068466,0.3956174508424294,0.3981284422765117,0.4933447394162142,0.4027737405219218,0.3847185971990349,0.3817535363343897,0.38724190232842426,0.3988620693713921,0.45851896450923907,0.4771631190020616,0.8109905664482655,0.4804177684370818,0.4700554224709984,0.4685893042710967,0.8549437522396346,0.46217633924549145,0.5992649429317571,0.5666748722357273,0.5863080230133959,0.6428152612882532,0.6428152612882532,0.7718833408023041,0.8088811420023365,0.5956404115419232
2,0.4431899253331521,0.4141624320240807,0.41352607996129415,0.511799053092316,0.417444196368018,0.3936775927284013,0.38918802074067926,0.3987279212775034,0.4151487132367003,0.47361650925189047,0.5048198041579509,0.8642447905201397,0.4994463402753048,0.4773408205757455,0.5077757639484195,0.8922426905266955,0.48300655387201014,0.6420262078768196,0.6069946135367548,0.6111354918993965,0.6739395608775851,0.6739395608775851,0.8328955228638237,0.8614183376786242,0.6169632717524958
3,0.3753690199598019,0.38327662476053603,0.37372608891250386,0.46958379685678725,0.37823188507166156,0.3647724463872117,0.3617709931651582,0.365294653404803,0.3771329679049357,0.42565143067992445,0.45809119482853705,0.8395984804208985,0.44578392591881244,0.44134272644808015,0.45670228184854117,0.918023711399959,0.4497763660253794,0.5875038515147107,0.5729871873244454,0.6191211111727486,0.6179808676274197,0.6179808676274197,0.8234571542344629,0.8372185188416326,0.5936378022947792
4,0.4179507190873871,0.3852578301442001,0.41262335385704413,0.49841603004910606,0.3798681420618008,0.36924790484388337,0.371995600950133,0.3771576831280984,0.3725653476087878,0.43576532521072875,0.4416204050431523,0.8307553695924673,0.4443473927017755,0.42919994074304213,0.42835973071983796,0.8635395392938815,0.43253774665766115,0.565247770916897,0.5573473145203699,0.5762350106614768,0.5985579311333843,0.5985579311333843,0.772445975493636,0.8284469642760313,0.56653980368341
5,0.3988982983078843,0.38564602921255153,0.3841915751205782,0.4787386338638171,0.37818684202607666,0.3688749845045841,0.3660133695567993,0.3672817434459092,0.37667249075183123,0.4334937071118475,0.5204844951022041,0.9133103978248741,0.48434788183405825,0.4693501995014309,0.52724317189825,1.013285247014288,0.5170279131568521,0.646775515475904,0.6007532047331052,0.698539857793417,0.6869859820011819,0.6869859820011819,0.9193457280902647,0.9098016596421878,0.6382276930595059
6,0.3920569696621132,0.3856732074923713,0.3915223451154243,0.47320021124973305,0.3754743331451764,0.3691687765453453,0.37526183824346715,0.3697065595915747,0.3719645515939596,0.42184365176963473,0.4570996778565536,0.8991121700289527,0.43371095228312284,0.43592161977785376,0.45251834939779456,0.9805833418543141,0.4482109955535154,0.603396527624372,0.5829733797008876,0.6479869876932606,0.6385182195486956,0.6385182195486956,0.8429414994776033,0.895822365717567,0.6097870032088204
7,0.40052064880619315,0.38564602921255153,0.3936467102048816,0.487822112247627,0.37536252912662893,0.3660893488377091,0.3684159008393131,0.36180395339613125,0.3720882205143517,0.4475814124868635,0.5087488504213913,0.8821853174549216,0.4726362488781283,0.472055216427611,0.4950485456705424,0.9435965291731337,0.49982668682007353,0.6444830572682911,0.6246954320563941,0.6184496970480403,0.6704641624506074,0.6704641624506074,0.8693534752553933,0.8791122596071749,0.6339377087755115
8,0.43330910193300526,0.4203640548441371,0.42420187849756724,0.5320843737980572,0.3974376457578566,0.39950727947942843,0.39906358967153477,0.40014927482951207,0.40119344719558375,0.45865777264134183,0.470745440818782,0.8089341711584687,0.48136112655450614,0.4657535032630032,0.48183642359043294,0.8948929128979523,0.4498984285881519,0.5908668532281806,0.6076834865404064,0.5618520497365802,0.6104312774640703,0.6104312774640703,0.7624197070701189,0.8068666080117824,0.5880298349163058
9,0.4320823762575219,0.4083501997427206,0.4230859496142411,0.5127110087206211,0.4039640235482284,0.3959279984555542,0.3998487677544901,0.3965558058591803,0.39640045495299653,0.4553755478021048,0.45181925405453754,0.8028764227384406,0.47267429464354416,0.4540869848464262,0.43876544875127216,0.7966425495957972,0.4393522022478227,0.5715420785943158,0.5604895171579124,0.5602555803250064,0.6055917694180946,0.6055917694180946,0.7557911815824372,0.8009454497205112,0.5700208197708218
10,0.41087852123398483,0.3784561723255403,0.4022586965006763,0.4854614328829241,0.37680599884773003,0.36151578313224203,0.3627637630308802,0.35799860860269556,0.377609111992799,0.4528947240336236,0.5088636917653329,0.8586065720922658,0.47034653737397153,0.4626881292919167,0.4915914018682751,0.9468734692199198,0.48632477293569265,0.6189463472810313,0.6158456852246891,0.596013088411551,0.6401858138111657,0.6401858138111657,0.8101366021876661,0.8558445365591311,0.6124429243577104
11,0.4059237077374659,0.3811718870608758,0.38788064619815177,0.4770038949662238,0.368132748133471,0.35484719943223375,0.3550338211806369,0.355280605034309,0.3676586695776055,0.42834293296654735,0.5096998939980524,0.852800456233347,0.4693131729793679,0.4557855345385038,0.5194031149299335,0.9916261945541047,0.48849158475896515,0.5957560087899936,0.5819703488744788,0.5955946005249448,0.6363848365380708,0.6363848365380708,0.7714394441265795,0.8501128041068448,0.588082077660741
12,0.4113501448475592,0.3834076079920395,0.4103158334691117,0.4933796339651847,0.3728739630447235,0.36002022583876886,0.3618988357500681,0.3627348468821343,0.3715642969682003,0.44092895688293593,0.4662474734458975,0.8558638962393175,0.44968062275191295,0.4369082140215271,0.4567978226194139,0.9073592971178173,0.4483536291121703,0.58748473668505,0.5897962015247956,0.5880707020549458,0.616516826267838,0.616516826267838,0.7940901749016178,0.853149891545678,0.5896708520604114
13,0.43145957550651526,0.4056379240616327,0.40926570519066496,0.4977869896159448,0.3997830972637573,0.389502835890727,0.3881888268287333,0.3927168854578239,0.3946996931716823,0.456443597388971,0.4892237008303058,0.8457275020687566,0.480695741470349,0.4669880439990742,0.4908819127610807,0.8832728867910125,0.4759976451309971,0.598382984468374,0.5799606208099992,0.5871397004352136,0.6355447418206075,0.6355447418206075,0.8029331862693256,0.8431787890308551,0.6041740028623881
14,0.4149983953516939,0.4016903230232892,0.4081856288198385,0.5141184532986853,0.4043980420024297,0.38662314241846674,0.38454180676744104,0.3871946612348149,0.4097429195294389,0.4633227422580844,0.4947157569400745,0.8612938849027119,0.47732843509046646,0.4650462814205796,0.4910537088920066,0.9441424893339759,0.47356970654116276,0.6321281471683791,0.6373551553606799,0.6333535554619091,0.65508960298792,0.65508960298792,0.8441185868823944,0.8585175408592252,0.6443565495131804
15,0.41233119424401515,0.4174746630344693,0.40164673681273094,0.5155704899042585,0.406290486005909,0.40029774726847805,0.39952363680390773,0.4060961791543183,0.3972918384049826,0.4567842750026773,0.4536100996705999,0.8227720395313767,0.45746357858473014,0.45656061712666945,0.4557127229889018,0.8937840099152397,0.44901708114746863,0.5952460050087947,0.5651923312055245,0.618847627187645,0.6327738607060898,0.6327738607060898,0.7901949609124039,0.8204507254521874,0.5981398397002424
16,0.3991289526895887,0.39563164140846063,0.38426986911982175,0.46956297842175565,0.39074267335101565,0.3780024491294822,0.3775794353180592,0.3806400114720363,0.38479124344535387,0.4284159789692661,0.44467471521872576,0.8333661693861014,0.4452097021937103,0.4468279415465823,0.452295534967231,0.8822344236812635,0.43287963303888016,0.5665964687415329,0.5485051039854132,0.6044401427163121,0.6125916560526097,0.6125916560526097,0.8002124812870925,0.8310017787465356,0.574511440478918
17,0.3845969448233829,0.39499487258013066,0.3821383053389662,0.49644907771482555,0.39017717081963105,0.3778546816236145,0.3729151770910136,0.37248889504791466,0.39084405064090677,0.462724427740343,0.523294717819115,0.8754892764364667,0.49265094698471695,0.49244573298040667,0.518066746423492,0.9904422341303485,0.496802882109982,0.6808329520010816,0.6526030252352334,0.6591635208747075,0.6955357674801181,0.6955357674801181,0.8991601013655706,0.8725399270117198,0.6674976082194207
18,0.4124585500606142,0.3802111948196044,0.4058079211110602,0.4892856556094033,0.37054620757954104,0.3596080210037877,0.35877691107764725,0.3581102097584269,0.37565972647392654,0.43776257902245863,0.46710998581479274,0.7933461893777547,0.46008269669942026,0.4422561843666037,0.46424512445908,0.898608855577659,0.45220833730202636,0.5636433871586266,0.5581870695699466,0.5585069939325269,0.5988329056314848,0.5988329056314848,0.7450934110328173,0.7915371213903845,0.5697479571323396
19,0.40907296208626764,0.38525491401935374,0.4099988236312555,0.4839086054520456,0.3826862185271192,0.37116159625162937,0.3727806406524767,0.3781244645656922,0.3755959980164329,0.414512137327587,0.4251684613418122,0.8108183527868962,0.4349091677970196,0.4130215124851924,0.42255625980306155,0.8304115313860742,0.4154429521509628,0.5340571221257522,0.5222361892294369,0.5788373712239248,0.5662810857837005,0.5662810857837005,0.7493546523485712,0.8087579941653041,0.5393513809824986
20,0.4309369430210341,0.3856732074923713,0.40808446133234255,0.49101318891550827,0.37567737334790635,0.3567946527749847,0.35470544732881687,0.35976539687570414,0.3694848086427919,0.4509508913619456,0.4696793217392159,0.8669803163234336,0.45843286818598633,0.45218721305784165,0.46755628572691293,0.928123471028398,0.4557265770703419,0.6151073307753914,0.5977333986798854,0.5995469005082585,0.6344233437925841,0.6344233437925841,0.8269528897087716,0.8640425192129838,0.6100267417741314
21,0.4178976769322198,0.4095303394398994,0.40838137053986673,0.5059832428301291,0.40496106028657597,0.3918318247938872,0.3903778348075703,0.39489787569328516,0.40504834330445166,0.4559918066452059,0.4562638441181123,0.8169659117188295,0.45972135902345485,0.455149567822303,0.45438854161547193,0.8798396414828223,0.45494836246544196,0.6021536113004962,0.5596895965253035,0.6212819262110818,0.6522652520948928,0.6522652520948928,0.7858715930368142,0.8148340464295001,0.5996968422901705
22,0.4301887233083289,0.40773204107819655,0.41889899954216075,0.5102748858978269,0.402397968132414,0.3985826333191356,0.394134314409075,0.39691278482839787,0.4097371326386606,0.4526657945201095,0.45888090583961005,0.8116249598428872,0.4716887563553306,0.4548021627501865,0.46584221544531434,0.8616934826655175,0.4492170431398535,0.5762521278413214,0.5751285614898746,0.5800870417006023,0.602129329917775,0.602129329917775,0.7956384003275192,0.8095881108483118,0.583754177174947
23,0.39213202044471973,0.3709820753247815,0.3850442912813489,0.47017847675266483,0.35474825851033887,0.34821379164624444,0.3465616751748574,0.34672157996450664,0.35262438526057754,0.4271324624679923,0.45522360901917236,0.8316971378214552,0.43824516794201585,0.44467497107399534,0.44486076022513354,0.9254735889885335,0.4456476971345255,0.6004824898103142,0.5632193175718191,0.5983896810830526,0.6228274836285873,0.6228274836285873,0.7982685645920309,0.8291979427765068,0.5972927157977679
24,0.4096908148079952,0.39526075142105915,0.39943336478625424,0.48864716452527024,0.3862733096686219,0.38060149481894784,0.3802874573179344,0.38330542815912827,0.3844568429838763,0.45510037617692384,0.48663575048337726,0.8904436990296255,0.4685862322432028,0.46485560345934385,0.4773400992609096,0.9457006668903394,0.47205000335536085,0.6262939854202222,0.6068763533413062,0.6164517344877068,0.6654606242303758,0.6654606242303758,0.8410355525794169,0.8872839589435156,0.6241728772731246
25,0.4311464706983757,0.4050145056834663,0.4255459714252055,0.5159026643719066,0.40865476941458345,0.39115727569528486,0.3893008540250184,0.39414190232109697,0.43780013120639366,0.44611554825848854,0.44414145815235834,0.8024063287051405,0.4577824909615897,0.43524900862560334,0.44455708621265944,0.8401850778008331,0.43604192604774866,0.5761170562140544,0.5700081642976289,0.5859479854311354,0.5994162752202299,0.5994162752202299,0.7643763454780061,0.800539745747747,0.5839664758740443
26,0.3815740601802686,0.37932169952019096,0.3804473189719885,0.46259905024205694,0.3713660011552852,0.36006341294439553,0.3591812167376888,0.36053282605537185,0.3683595663602537,0.4239331831264424,0.4602507786858226,0.8615572522471935,0.4344368048608841,0.43986267309087684,0.4545356677549658,0.9307023308819371,0.4523589033648108,0.5964218019292935,0.5705137995352407,0.6310365107753347,0.6236457136440264,0.6236457136440264,0.8254684168661779,0.858785094198759,0.6073197664212472
27,0.4216188072292384,0.39526075142105915,0.4100845742310372,0.48672699191948643,0.3866393059688125,0.37440258698112266,0.37802217475318645,0.37289156110541805,0.3784552592809307,0.45338390096200193,0.5140911684753918,0.9245745837706323,0.48203836087259266,0.4710893137378167,0.5078602160976777,0.9830097686753596,0.48986124328602254,0.6346577049124597,0.6325223183577979,0.6342356348864067,0.6711137701820454,0.6711137701820454,0.8630175046492692,0.9208466608879272,0.6186408042883441
28,0.4321042878330979,0.39033841397496927,0.4370000331310934,0.5077507652601645,0.3801901159792899,0.37250298794987413,0.37897647497940734,0.3730267938671228,0.3785377135292469,0.4410543060221781,0.5069759923247432,0.8906721803380432,0.47292603250511855,0.45233134773555783,0.4996940140135102,1.0057594006935064,0.48245585954460407,0.6090996280394255,0.6318285802882015,0.6204432600522317,0.6345709758144368,0.6345709758144368,0.8006126441819167,0.8875046750367346,0.6040732736590222
29,0.4202421511192355,0.36823754517469165,0.40316513928474007,0.4749515337771066,0.37086652815462673,0.36033838797695183,0.3578119534759395,0.3608668574578267,0.37149269653481964,0.4502573526821795,0.4705381879873034,0.8173010316397734,0.4568601514656919,0.45798302505191274,0.4495424616740983,0.867924644451712,0.4643655584562185,0.5724408416137107,0.5608368337139557,0.5827866960709697,0.6018801684190789,0.6018801684190789,0.7485830257207843,0.8151192756865963,0.5686353775946462
30,0.38912746804504095,0.370180433475841,0.38686825362910576,0.47457603922039476,0.35472990925514136,0.35039632879596216,0.34735297767910694,0.3470463430122432,0.3542153848365409,0.4410448373783914,0.5024142163615486,0.8997915147154321,0.4652859684001351,0.4628869209080712,0.49266839593098183,1.012754153945909,0.4910764509403371,0.6573397418601655,0.6180575980978672,0.6282703533923316,0.693626096368955,0.693626096368955,0.8902260229773608,0.8964110180388642,0.6598300355545818
31,0.3863113751515019,0.37756541196175025,0.37818722656084963,0.46277917430608145,0.3657436457552074,0.33709538667819755,0.33378293379527035,0.33954822894903397,0.35959106617080355,0.420202651467307,0.457376394015355,0.8471187049309277,0.4363256743991557,0.4370749970400386,0.45695538954639925,0.9258714906359965,0.44372114032608645,0.6142496835414446,0.5659818426458,0.6240428066497896,0.638075541149289,0.638075541149289,0.845532989692126,0.8445368082348833,0.5995395199188496
32,0.383470920988976,0.3732280170934962,0.37290452612110064,0.46179980681931604,0.36709981932177455,0.35629159711499453,0.35340924472985746,0.3606961565453685,0.36637182230137183,0.41385662295815384,0.4715798892843841,0.8692446401378269,0.445709646194518,0.4365810837609275,0.475511033719094,0.9874708405117717,0.45910179113423455,0.5809178205193378,0.568507877177522,0.6184654544422993,0.6151670151962781,0.6151670151962781,0.8337699858805661,0.8664429515554208,0.5789795997067543
33,0.4123598240477062,0.3824650437867117,0.3945487267724231,0.4840128792470563,0.36509940056784157,0.3303403973636368,0.3257765045071144,0.3305857830992429,0.359586265547541,0.4462516110480076,0.4625582570851883,0.8208466376982567,0.45365487553772493,0.4536513367189047,0.4584359777767427,0.9107175341669894,0.4566754631776516,0.6347981164775696,0.5705353783504419,0.6087030753593082,0.661979009211609,0.661979009211609,0.8032054824985235,0.8185600513987696,0.6072702053678899
34,0.43275485878712444,0.39845703290473666,0.4128762598297199,0.5010023030478101,0.40582755808768667,0.38177732780195217,0.3772631716785772,0.38476305802794647,0.3978943617538448,0.4660265700323535,0.5000430537242846,0.8706491632788979,0.49497278525857225,0.47674746813332514,0.49472410000709527,0.8894611028175563,0.4783235301018155,0.6404816602694077,0.613770557657068,0.6367128719499889,0.6806755042265259,0.6806755042265259,0.8567401654800951,0.8677458703155967,0.6270418891696163
35,0.43761549257879034,0.42518860002273345,0.42716475785047997,0.5292558821354593,0.40451672825138435,0.40504618629243094,0.4034201443441757,0.4031488255494114,0.41387132526813425,0.46754598787620905,0.49631494430106815,0.8234962915922706,0.48915391280474013,0.47438753182319593,0.5019263273046121,0.9114750674134586,0.4821684598866742,0.6005894551428888,0.6062230515383034,0.5860563631036434,0.6272800253221569,0.6272800253221569,0.7739441517409823,0.8212702142626962,0.5948883444926939
36,0.4076670940081538,0.3927314884260653,0.3873180151139161,0.487822112247627,0.3888351681242052,0.37273750046339654,0.36804084208782173,0.3732721429518245,0.38421197501956855,0.45777095568134285,0.516554286565954,0.8880964318749776,0.48552865349690416,0.4761983831074119,0.5215260557822788,0.9738549322922652,0.5017280941740853,0.6308605098904692,0.6062732594488289,0.6563586105627505,0.6748821034460251,0.6748821034460251,0.8549424916172048,0.8849250449345343,0.6287984030244969
37,0.4263598016785201,0.3995628390980193,0.4191421116710339,0.509512911323219,0.4020966264141335,0.38694695466685314,0.3876178644348421,0.3900133368773289,0.40523781422569344,0.45813429149407053,0.4655773364215105,0.8619484965772825,0.4588490248579872,0.44974020041068924,0.460351360717498,0.950714692668292,0.44997334680188605,0.6073687363231828,0.5988197443969255,0.6383876085978523,0.6391626996424019,0.6391626996424019,0.8251478447920966,0.8591975701270712,0.6165130051396169
38,0.401965807116707,0.40856671343563733,0.3827425312213413,0.5014001065975658,0.41077938066389086,0.38412677695720315,0.38054717455523096,0.3884353097569423,0.39643143692494087,0.4462994254498383,0.5032098650758893,0.8304601169946189,0.49350509017024236,0.4726419327648111,0.5092263486694323,0.8629543122119552,0.47976423425240855,0.6139941447684326,0.5848758591494014,0.6144092902343689,0.645356962844181,0.645356962844181,0.7928865147287574,0.828159392005654,0.5777710483888344
39,0.4063668490511086,0.3740107356983016,0.39034883614415133,0.45264594779846307,0.3652234169807776,0.35787860848232766,0.3567922584667771,0.3583204477455931,0.36582295091287026,0.4169274612767273,0.4392358034197209,0.8465416874806914,0.4277285409407194,0.4313651619566798,0.44355762655140013,0.9419767644599722,0.43096441302466637,0.5750309722662823,0.5379951904197493,0.6044079973035049,0.6074922588238841,0.6074922588238841,0.7977028619533655,0.8438935976583218,0.5920651167872394
40,0.4116765105020419,0.3809050661881236,0.4076245655569583,0.4950567816396763,0.37703506373193596,0.3568061189903552,0.3583581626524335,0.3551759220307141,0.37552640581552377,0.4384697521308619,0.5018324921404358,0.8867113517089236,0.4681587876828224,0.4474528303371902,0.4949969819391945,1.0011035059581164,0.4803808181242522,0.6375976440483988,0.6265671245908353,0.6318667860117628,0.6519206207857966,0.6519206207857966,0.8538502040828965,0.8835546852164844,0.63563806100531
41,0.4025189450861232,0.3869959996900927,0.3960348357364391,0.4838384187766078,0.36836176675577376,0.3607689329582568,0.3595619635440694,0.3612106490929071,0.365821698165749,0.43869704556033357,0.48528294361085167,0.837980498764348,0.4584384034894087,0.45279113387878517,0.48815091442086306,0.9366996544294469,0.46444226611847267,0.604272219737778,0.5782859227946797,0.5884626224359577,0.6419137429902343,0.6419137429902343,0.7884401906018795,0.8352616508344141,0.6011609187277942
42,0.4085758942203171,0.4047883092026088,0.4076928177946018,0.5193357283484906,0.4029963040443961,0.391201982733709,0.39063074296593164,0.38785776196538013,0.40718344098020254,0.4726659963983806,0.5307425696852298,0.8578570219134829,0.4946421849095915,0.47673556794786726,0.5245156036968989,0.9266861060097369,0.49914175883814804,0.6284726240265031,0.6539432691278488,0.607841957003298,0.6552910009187728,0.6552910009187728,0.8267004261387023,0.8551200474445321,0.6299816431562736
43,0.39972892438551333,0.4074204782842038,0.40101468864669054,0.5079140454223375,0.40009683686164044,0.3943293817684736,0.39697600489607476,0.3892643847780982,0.3983840553401968,0.46224406231750015,0.49645670258265906,0.8276252970567053,0.4876387670404813,0.4790780454869715,0.48784177964960196,0.8604409384141479,0.4715272233586441,0.6316376408605242,0.6135493348114253,0.5848473077593617,0.6654313567202865,0.6654313567202865,0.8043149251676767,0.8252887240145586,0.6218553517788891
44,0.4361589686681587,0.3919867442287637,0.4266513310921356,0.4918443903500999,0.37965097953799254,0.3700297676942996,0.3746510758906358,0.37243892487797103,0.38049017476555075,0.4164619677227811,0.4500511481939912,0.795451081505096,0.45576445695660595,0.42279869331292846,0.4598952558229077,0.8635001970302623,0.4377919200476037,0.5206930009466205,0.5180257577197299,0.5351786365559722,0.5727330902240988,0.5727330902240988,0.6905797806879073,0.7936498878251652,0.5242453773041058
45,0.4376964290735383,0.3953128273110218,0.4123864919683592,0.4930519548374059,0.3951992305361808,0.38143955260281204,0.3819393274480184,0.38200918597616573,0.3951920631656126,0.46312135979982416,0.498547330619558,0.8430785393927089,0.48490297228181695,0.47155800231949074,0.490632741516213,0.8653997799718177,0.4875233407665683,0.5979828312854374,0.5829287817658162,0.5751754064712706,0.6425977676183214,0.6425977676183214,0.7650769654707406,0.8406003237474312,0.5956170546966774
46,0.3928460822823621,0.39740522571886383,0.3946947898090546,0.5012199266471241,0.37740186985320995,0.3780024491294822,0.3753626788034651,0.3785580856724135,0.37593527700539153,0.44938708268365457,0.49066665970286716,0.8588912069084589,0.46862421443422697,0.461974699927038,0.4878242541399282,0.934498071282647,0.48005836359629794,0.6265256653628006,0.5971226620975539,0.6191211111727486,0.669122644931225,0.669122644931225,0.8325054165820696,0.8561591811807883,0.6229482950489632
47,0.407060140692608,0.39514187679541574,0.3972878464982596,0.49570081084349293,0.3855278504408926,0.3652351015529961,0.36253112847171504,0.3657359361867669,0.38395113387077706,0.44720147026406565,0.4612548339763457,0.8368929377335421,0.4626540877124794,0.45234457771677244,0.45354294029280934,0.9035577902756144,0.45024327102060957,0.6330236010826757,0.5895472050906332,0.6062813855220212,0.6468159641991419,0.6468159641991419,0.8272402605824014,0.8345043735376647,0.6109465466369218
48,0.4264679601324637,0.40469059318304856,0.42309341402307576,0.5134266281718419,0.39662949924426666,0.3965638153591432,0.39446473902248896,0.39500484313710327,0.39934906023189787,0.4670553817074594,0.48367524867252665,0.8557985930485612,0.47732843509046646,0.46752650736364393,0.47995207856259037,0.9068713412013956,0.47226571826392055,0.6082899626887304,0.6041416748692825,0.6162814314778043,0.6520938465597682,0.6520938465597682,0.816739308155991,0.8530927703226909,0.6108369464372229
49,0.38566147012960017,0.37556278156205014,0.3832668616796783,0.48283765229431375,0.3825472837556791,0.35881210799664687,0.3594073151024876,0.35925389552363124,0.3792387688601636,0.4337510258442009,0.4719586942208847,0.8493659340111789,0.44658500925078193,0.4412012261060663,0.45913346476881717,0.928611391215452,0.4599962846192936,0.608648930573919,0.5889206928242416,0.6252583078537995,0.6443544602749454,0.6443544602749454,0.8242838349833261,0.846738429160175,0.6156648427396184
50,0.43997701126426336,0.3974072614030888,0.42565222588340007,0.5009190716024384,0.37680599884773003,0.37706831727765244,0.37904197545613905,0.3754839851968392,0.37553619292026547,0.45562107359431187,0.4860556148812837,0.8212467931862126,0.4828331832688997,0.46517962971804544,0.48439515915935727,0.8736108928273425,0.467952274474894,0.5772160491992733,0.5717371831271166,0.5423284586214746,0.624017549217597,0.624017549217597,0.742709380408207,0.8190503396673859,0.5698758833841937
51,0.4167649816709985,0.3841455571590022,0.40730124380118804,0.4892699872662343,0.3898384627964311,0.36965577143926903,0.368529098965203,0.38208262387446174,0.3802479808215046,0.413258613966251,0.4100315438543753,0.7848140616180959,0.43829772152195706,0.40710217469170845,0.4053044615991569,0.7514015448886459,0.40125534335899293,0.5242212135775987,0.5125471211302538,0.5571758075172938,0.5503529825541571,0.5503529825541571,0.716539725585095,0.7831577924701889,0.5173750485543245
52,0.396301235973551,0.3956174508424294,0.39403649927443396,0.4990715554334095,0.3855297504246754,0.3689911561473344,0.3700896505639543,0.3734923307527267,0.37811015378686547,0.4289269701105884,0.4638541234157768,0.8300604033428539,0.45634823205426706,0.44011032972442743,0.4641900663942405,0.9247467696632133,0.445410346614743,0.6034075856025528,0.5827036740272469,0.6117203876886428,0.6275961382367976,0.6275961382367976,0.7888468240273337,0.8277475715277446,0.5960628456457017
53,0.40602054830588646,0.40034238597463473,0.4052474506635707,0.5086253524001779,0.3791177072239038,0.37540270205181187,0.3765615194862599,0.3732608467949827,0.3818502884772573,0.4515325140381545,0.4709433082865496,0.8432872845749566,0.46464520715927204,0.4627914544905995,0.4618298277380288,0.9371935871415223,0.46355546101232525,0.6338559997964427,0.6078243526181205,0.6231181139347295,0.6563259275553593,0.6563259275553593,0.8285976856464585,0.8407838584101811,0.6308765918600902
54,0.3863553104448625,0.38527881952894905,0.3830220286861983,0.4914650619704642,0.3800998672751001,0.3720949576348566,0.36747368293368204,0.3681188285921447,0.378560972634643,0.46853760606303474,0.5226053570244844,0.9029342709340743,0.4782866327245077,0.4934242273500206,0.5146169256782965,1.018539728677768,0.4999644939682666,0.6809024604758366,0.671534120361354,0.6670641405245381,0.7159184766236409,0.7159184766236409,0.9113243235649917,0.8995367140089173,0.6797220067952374
55,0.41025987546104087,0.3772684445163872,0.4018266331101423,0.48680440376073425,0.3753710392292391,0.3560830981746425,0.3574735529823747,0.3628090027672748,0.3723743473501051,0.4236670586554731,0.4516997338014128,0.8050151659627154,0.44284870983054336,0.4290806729077011,0.441893912297306,0.872867735473194,0.44304354213893293,0.5682190999919848,0.5460196088820699,0.578480904442042,0.6029765261427855,0.6029765261427855,0.7372524841653005,0.8030088452510229,0.5600312927592545
56,0.4151746942371292,0.3732280170934962,0.40384233159032656,0.4825432138637194,0.3629811341357345,0.3464310019276141,0.34603088595975257,0.34888437767076447,0.3584224287708429,0.42467200099170815,0.4579009744728226,0.8534237910378114,0.4476431944887123,0.4358689011886308,0.45468921518750305,0.9397637483803857,0.4428818170566576,0.6100638519901381,0.5886732187543533,0.6011884694916242,0.6241130352455382,0.6241130352455382,0.8222741276172689,0.8507408009470763,0.6008635674286569
57,0.3961138079009905,0.38014893305664,0.3899085653700695,0.46259905024205694,0.3722470680319717,0.35889630997972505,0.3596604519068409,0.36127102282233825,0.371400639604787,0.4085149337865369,0.4445007865407155,0.8268853601368168,0.43522023097792084,0.4243728741548464,0.45492739731741005,0.9049823801223857,0.4313913692693693,0.5418377471635841,0.5336961096522599,0.5866104866042088,0.5898143077742355,0.5898143077742355,0.7652988084686276,0.8246834679085631,0.5496409108466821
58,0.4163391948701003,0.39744500472938366,0.40904462755569604,0.5010319202676309,0.4035860702948353,0.38900047781471186,0.38872874197720764,0.3896199833906968,0.40620489323731523,0.45275142912047767,0.4909680066679851,0.8386850017546407,0.47573137453011727,0.456650776413118,0.48069343096109635,0.8944901775347005,0.4732510784076839,0.6034075856025528,0.5968039464595661,0.5981334232577894,0.6300615677680426,0.6300615677680426,0.8029197430709256,0.8363081558786298,0.6088212620975599
59,0.4014195318382863,0.38689699148428297,0.3997708864011099,0.5003256204337317,0.4009305488628932,0.3866623354532318,0.3858197098605745,0.37974305062709807,0.4010475967730734,0.4685731180940796,0.5398298978056602,0.8778180490689023,0.5039690612529901,0.49324494231899285,0.5184267749101823,0.9592385220500806,0.5016981505338206,0.7036617561451363,0.6708981623684767,0.6534941286682687,0.7040977391506772,0.7040977391506772,0.9409906390167518,0.8748252796372843,0.7023495109801762
60,0.4078339826031911,0.3875115065011598,0.4080249221380457,0.48510003196130447,0.3695825500361449,0.3677143832843709,0.3745291809412205,0.3663822483956524,0.3707599082524324,0.41897530801377597,0.46745956762882707,0.8327701123105671,0.45636355319171285,0.4382853283688277,0.46462271112910947,0.884715218962452,0.4559929041950634,0.5728722419021646,0.5567255378548757,0.5534039033964379,0.6175048086713337,0.6175048086713337,0.7256889274199838,0.8304387197776502,0.5818797944885534
61,0.39494169715344085,0.4051322906777388,0.389573608409831,0.505526924268634,0.3880266221470773,0.3801948796628807,0.37783173333469816,0.3829574270997311,0.3841330915708571,0.4590860356919926,0.4792063245643897,0.8619745194796706,0.4662601543861141,0.4672646636783007,0.4740883930622346,0.9223684787772022,0.46918868957788945,0.6365495911178679,0.6151829715329524,0.6113249956668056,0.6721971422311631,0.6721971422311631,0.8352277769384622,0.8591592094500956,0.6231017594645066
62,0.41778300937461627,0.4163193226213474,0.3995362831306174,0.513802074221164,0.40528226513840193,0.3890914357871439,0.3877746389468605,0.38715550339961274,0.4005435332674404,0.47769893744819586,0.5179685078667472,0.8269710548905366,0.49466771064173876,0.49142128646468863,0.5185204455141957,0.8862400362516398,0.5020176385750017,0.6252453931753726,0.6292966176595856,0.5883185628675973,0.6565013369944712,0.6565013369944712,0.7895548550506958,0.8245620950171534,0.6109465466369218
63,0.3997983901618231,0.3689036841817866,0.38915569104652015,0.4668170087284998,0.35920689978289644,0.33289063498664584,0.3333158651896139,0.33322472185526436,0.3572260748591481,0.4283457987030266,0.4987547080320915,0.8893466649671008,0.451969343334204,0.4498356930258729,0.49619837551729895,0.9796048478742715,0.48298200803116775,0.6191787822506126,0.5973407645203895,0.6271127535600333,0.6625035080590274,0.6625035080590274,0.8317327443015874,0.8862006399187198,0.6124209969595211
64,0.41267931795331436,0.3974072614030888,0.41025584804462395,0.48864716452527024,0.3746857471119781,0.3819919475931186,0.3871317722455396,0.38471955188810525,0.37110930187113905,0.43091512562261136,0.42797122464878234,0.8433023985742204,0.4289457882214999,0.4349364047913218,0.4251400105578435,0.8855670026371514,0.4171589816147722,0.5796102725596824,0.5444547226202956,0.5864852399758788,0.6200592088047084,0.6200592088047084,0.7874922561965341,0.8407265573126873,0.5907178872213814
65,0.3924619265370746,0.39761771313936967,0.38905527133681994,0.5022837631845393,0.38800473692112913,0.3844966861626758,0.387600741392098,0.3873383344510445,0.3818259215116422,0.44039387739989383,0.47190495842081087,0.8689418732531284,0.45746357858473014,0.4566349334747217,0.4623291355322968,0.934536939585557,0.4614621390796387,0.6218824276395126,0.6115187652166775,0.6228216469363682,0.6436385827191196,0.6436385827191196,0.8534942920293256,0.8661075469183125,0.6226745578529749
66,0.40493748644860206,0.3900666128953013,0.39598606515265566,0.5037915165417588,0.38857402612853464,0.37474241654502294,0.3701008506158986,0.3799352228597975,0.38436767431219504,0.46305855759678705,0.47020179839170767,0.843073287817926,0.46225465283776573,0.46145618225407137,0.45500397345483723,0.9099683381846468,0.46285424930940083,0.6255334977535605,0.5971226620975539,0.6165659172331108,0.6651420394975595,0.6651420394975595,0.8251079308438803,0.8405538896902819,0.6190372345420098
67,0.4536096888204065,0.4296558012057791,0.4537719133518696,0.5447717112248293,0.4071763045824658,0.4102586833471171,0.41445404921327744,0.4134643540116115,0.4227753333151158,0.4650097220388075,0.4540678249201399,0.7953390859130033,0.4765405000375285,0.4498140414554706,0.45112721852150867,0.8311453130237308,0.4442990499652591,0.5762521278413214,0.5989504927237737,0.5400475593538325,0.6040438157628296,0.6040438157628296,0.7338057427972012,0.7936114244892518,0.5686470366785759
68,0.40170598948800706,0.37565730457883595,0.3964934752787634,0.4781305064118129,0.37252313867343073,0.3567479589275673,0.3539975588157998,0.348591629021406,0.37516131351369925,0.4423053193245416,0.5034019382300566,0.850537856657127,0.4693697861302876,0.4604606188774291,0.5012285787679118,0.957654872735265,0.48306252747519574,0.6348501687999653,0.6025720405451527,0.6229007375806268,0.6489912916236673,0.6489912916236673,0.8856465199156938,0.8478353678052711,0.6427184345366471
69,0.41260410743207837,0.3826297562838958,0.4015704053234302,0.4916827315716797,0.3792595559581257,0.3467042661311989,0.3423510297350778,0.34710265600557105,0.37507889187092086,0.4527824171695462,0.46371529276719925,0.821034074335592,0.45313099255207195,0.45493684406035095,0.45275977883603574,0.9026420512886216,0.45494836246544196,0.6118893111644766,0.5821318332760782,0.6227711767226306,0.6357549036451564,0.6357549036451564,0.8126979725042724,0.8188188330137731,0.6050391599556392
70,0.39977577070799164,0.38812792007913094,0.4016281723847371,0.4839086054520456,0.37335213579927806,0.3681442476176927,0.369591671690756,0.36461700728573987,0.37597302494964147,0.4368056557378474,0.48520798616996996,0.8627537169505568,0.4565667507865766,0.4536513367189047,0.48449046126205514,0.9454933417963172,0.46669956767375104,0.6238469435269112,0.5983830824976285,0.6179553670638982,0.6570848928913141,0.6570848928913141,0.8344158940296011,0.8599681372302275,0.634473735611663
71,0.37666589641459164,0.3848283140652993,0.37943252394038735,0.4815824274698611,0.3868800693263029,0.373548313978054,0.37289198067421797,0.37008588424058686,0.3849991675947921,0.45557432791192803,0.49132409606630106,0.8606845973317242,0.46155513390451824,0.470231343732783,0.4723436100471985,0.9509158203798177,0.4745716832988577,0.6348393564215924,0.6075804785028587,0.6506997815025882,0.6702359812648866,0.6702359812648866,0.8560755289993907,0.8579211003385083,0.6336444709943134
72,0.40025255141787786,0.36352567156454946,0.39339349292319586,0.47294070795719795,0.3501521076013226,0.33640918077035276,0.3364834275211552,0.33677545918658625,0.35098074732135465,0.43239050427828934,0.48743538573027284,0.9245745837706323,0.44551628050319503,0.4495011229997092,0.4773400992609096,1.041116158989109,0.48133037192609057,0.6395436764894503,0.6255793273093619,0.6448107644156215,0.6709301258216871,0.6709301258216871,0.8814615287955136,0.9208466608879272,0.6454660012260584
73,0.4009998141241745,0.38154386990697164,0.3962983589710558,0.4780567699127967,0.3762399325018636,0.3700834470416837,0.3698057571131156,0.37282825894628535,0.3731588879157477,0.433405566632902,0.482679339380703,0.8772458240712394,0.4530842036430806,0.45198317064388766,0.47366546023261097,0.935754694368508,0.47020856319422505,0.6073687363231828,0.5973090972931184,0.6233941994793101,0.6392911351635255,0.6392911351635255,0.8301914102278739,0.8741940812734712,0.6118333177503046
74,0.4275087152879732,0.3982348720966812,0.4117740165948329,0.5019868724014259,0.3951028467334537,0.3866419581590685,0.3867192974518188,0.38723757189826485,0.40106902895198276,0.4587424520143173,0.4741763542687297,0.821034074335592,0.4691723033757081,0.4581213968881854,0.4681636490144551,0.8843923547175,0.46665254363873565,0.5867559672346792,0.5758480167607187,0.5716008857416279,0.626943558877409,0.626943558877409,0.7644394666563321,0.8188188330137731,0.5832715703892009
75,0.41151016227413234,0.40596023681266535,0.40500816168467924,0.5159026643719066,0.39766120810922473,0.39259333613348274,0.39139868581048454,0.39588069335252785,0.3982703195962728,0.44373873939344705,0.44504923898406146,0.82787698570586,0.45196930372486915,0.4417786584094476,0.4473180773304691,0.8814423687477867,0.43957076267298795,0.5862302805034078,0.588085163542479,0.5910497857164175,0.606869045111259,0.606869045111259,0.8186637521108474,0.8255766557154434,0.5938448435096929
76,0.4101078378304426,0.38083077306649826,0.3935609259805505,0.47032920162802117,0.37416365201293816,0.35849960763718947,0.3538214831217721,0.3631254060795449,0.3671441682576959,0.41733950590649543,0.46169869136801706,0.8531570990942248,0.44984279317848597,0.43728800650944666,0.4716659485291942,0.9125864858277475,0.44868310823980695,0.6076029099769459,0.5584385928276387,0.6052415491129913,0.6275961382367976,0.6275961382367976,0.8554189108937692,0.850440600966506,0.6122670588045185
77,0.402304871871232,0.3820731867859946,0.39317322936498655,0.4839086054520456,0.37756365426307736,0.3668637247963257,0.36888121619439884,0.3651405628563647,0.3779500942025713,0.4337016831601896,0.4703102266035068,0.8308693837397186,0.4497496643588952,0.4512141283648852,0.46762152863110534,0.9477586026569731,0.462982829866395,0.5980080641165109,0.5712753017836929,0.6179553670638982,0.6353873150596173,0.6353873150596173,0.7964894707090698,0.8285297660415578,0.6018560574794576
78,0.38734705588557367,0.3820635747118071,0.38927888379125897,0.4825432138637194,0.3756953456736184,0.3652431001835643,0.36407224289969436,0.3657447419320429,0.37476442052910663,0.4415661357605277,0.45514837464494906,0.8150081971259147,0.44568866785944383,0.4505905565549558,0.4385568197394156,0.8634772755391927,0.4439296268659894,0.6070430561051458,0.5722741185815631,0.5907828140715142,0.6518997112353223,0.6518997112353223,0.7936341534245077,0.8129299056659468,0.5940462994668264
79,0.4356352369136874,0.40853908407730755,0.4269312494328166,0.5031336792644263,0.38658992503418005,0.3916456009030889,0.39694636917614223,0.3900166061689086,0.386868271533519,0.452023047940753,0.5153976300253438,0.9027571496898318,0.4831264811405991,0.4703310874508882,0.5257808220274937,0.9636741504398877,0.48866985281575753,0.6034075856025528,0.6438229306822264,0.580585258429757,0.6487231799083043,0.6487231799083043,0.8296742890163155,0.8993704442016403,0.6034271152545688
80,0.4211525409350922,0.4005220229267197,0.42140205382355445,0.521853657626873,0.40445465842719514,0.38860126570115533,0.3938019801866346,0.38707751353842496,0.41332987713285435,0.4540859587402733,0.49924259040851426,0.8560685411555852,0.48225278896623913,0.4570959352780149,0.48291134399918084,0.9113134940788743,0.48553639194076725,0.6567237915095268,0.6319413744079758,0.6222302959459727,0.6774708453579681,0.6774708453579681,0.8420586546679487,0.8534319837142974,0.6557204771624612
81,0.446023118212041,0.43454547173913816,0.42943405553717123,0.5479591604342842,0.4148945822751124,0.42979720729157533,0.4309865940060156,0.4306271732335244,0.4098458813788007,0.4926217600813125,0.5097044880965245,0.9389106806504554,0.4921439710481985,0.4945706219605898,0.5076912083802377,1.0415233840605673,0.5091810691829778,0.6818958460605345,0.667262695098572,0.6927534013547292,0.7172010917781494,0.7172010917781494,0.9035174698743245,0.9350288306223679,0.6862734490112234
82,0.42657266963323337,0.39729964866077866,0.4126199896595875,0.5016786147811603,0.398475317475397,0.3785647542540648,0.37413238327468207,0.37647940019284254,0.40130419792035404,0.4545856158626246,0.4826871795930176,0.8284652204052606,0.4837268531051041,0.45976623885946877,0.48391911349763395,0.9107833829391119,0.47131211556647273,0.6100295584922915,0.5815948735678608,0.6221127514587614,0.6409824562538416,0.6409824562538416,0.8358481099630107,0.8262481779458177,0.6264791773174563
83,0.3860007589993224,0.3824650437867117,0.38703312971816445,0.475056143432628,0.37205659193967333,0.36360237480166424,0.36270038531237236,0.36836763576241166,0.3692783043211765,0.42069639873649173,0.43836211606414865,0.8072233815280487,0.4376715361718364,0.43255267533846736,0.43055721912931866,0.8529783273263737,0.4357528318231672,0.5637605917718681,0.5314879741852302,0.5934034348073381,0.6107748543534521,0.6107748543534521,0.7575020541626011,0.8052924714463825,0.5603326460085633
84,0.4528543453434717,0.4317155228604789,0.45254951551199313,0.5447389248388084,0.4251524969311014,0.420876220124304,0.4270987206241083,0.41899720109765387,0.4273687619586372,0.49234294660504296,0.5020492831343817,0.8993301276477313,0.49303976617179257,0.48452493050213524,0.49407699500251284,0.960248426934787,0.4826640771874499,0.6515318285788163,0.6497852991797959,0.6719739673337537,0.6949022454028062,0.6949022454028062,0.8627565932655056,0.8960643046677745,0.654629537547235
85,0.41994054398417346,0.397525452982924,0.4099988236312555,0.4983351493172279,0.37686729543064346,0.37350582646395347,0.3727116372264909,0.37406346643042016,0.37963617924245485,0.4436153836867517,0.4868841226768951,0.8616004952638829,0.4803276172996613,0.46035062839875057,0.487577708483997,0.9396353249670483,0.4781504523695158,0.6248347559775753,0.5840058804323108,0.6074353040332997,0.6669145263788429,0.6669145263788429,0.795222777395688,0.8588789801831225,0.6173725666187628
86,0.4288575087451215,0.41110797638652913,0.4201331158601545,0.5192970151564732,0.41103890075998606,0.3969289633592426,0.40007051751179196,0.39986040086878866,0.4054406330481451,0.4512434835067361,0.47675935346947557,0.821034074335592,0.47339732633300197,0.4468598589945278,0.4768311267668029,0.870656376244294,0.4653380729994943,0.5680865471884542,0.5777712436643505,0.5863720389726793,0.6029765261427855,0.6029765261427855,0.7576870920470136,0.8188188330137731,0.5750991196883678
87,0.38456664531323415,0.3748776284854623,0.38486875365735657,0.4760745451490767,0.3660418451771796,0.3554487478288993,0.35322967887881007,0.3558693664213452,0.36860823993715036,0.4438435623590071,0.46139097787144706,0.8182348296916491,0.4360575341809407,0.4521638601452259,0.4519804928164399,0.9247606123079487,0.4504662298700529,0.5897619601076605,0.583736417212435,0.5995469005082585,0.6273726518450722,0.6273726518450722,0.7896344677487397,0.8160587728180775,0.5871169080715415
88,0.4064925961936164,0.4005220229267197,0.40754991463170104,0.513482211711122,0.39894605009331924,0.3929158786316544,0.3928374066741172,0.3893330548978018,0.40136580940277805,0.4550042148383793,0.4920654460851126,0.8340967167485358,0.4744848414100783,0.4650462814205796,0.4881176705377737,0.9184144748050087,0.46759083994827405,0.60802714315331,0.6224029135429635,0.6106470000975808,0.6264477209088982,0.6264477209088982,0.8249564664397788,0.8317209409013078,0.6131042388272162
89,0.4274760813312303,0.4107378245285107,0.42005043126190833,0.5097273350740943,0.3872929751191226,0.3885548012779534,0.390670290599801,0.3870943608607427,0.38121643567523833,0.4576350796316811,0.47543586052672626,0.8126153662156744,0.48113606782681895,0.4679750622406335,0.4728248933810122,0.8444733729262086,0.45865368202631546,0.5976308870579833,0.5724816345851531,0.5518993102135344,0.6355537034721269,0.6355537034721269,0.7565065512109591,0.8105619066046723,0.5793264303299961
90,0.4052510795016848,0.38014893305664,0.40244943583264486,0.4722235561340628,0.3782785377649655,0.3627278540017776,0.3656574537052972,0.36518472558875537,0.3771514803652429,0.4203712405256971,0.43829311203251636,0.816951971800939,0.4348763239597274,0.4275146865185207,0.4334745290264222,0.8523847832640038,0.4238402452420213,0.5559320773685248,0.5535903737776259,0.5764226007323585,0.5898143077742355,0.5898143077742355,0.750178289660292,0.8148105379106355,0.5533568555728279
91,0.38781418909831683,0.3992571974351421,0.38035403682975405,0.507571151412422,0.40072074452947615,0.3847063924827125,0.3802796798541522,0.38287484599553034,0.3953737798799083,0.46115369009336926,0.5267665528782726,0.9111769384583651,0.48247272162002924,0.47874260890704884,0.519641123976649,1.0155350123722535,0.509434382875059,0.6578673734355841,0.6504512095687534,0.6869859306841695,0.6755283664204056,0.6755283664204056,0.9264938074459458,0.9076942664590913,0.6477012418954897
92,0.4283731111407796,0.4203640548441371,0.42594070765186254,0.5280605620914893,0.40964119139243466,0.4038681440763702,0.4028899296965052,0.40451247462473894,0.41464830792474955,0.4527888038987583,0.46663535262935885,0.7736611677092662,0.48405830083045553,0.4571057682686886,0.47121396275166133,0.8208701997681588,0.45148774287818877,0.5594072854864781,0.5675724619390412,0.5631114225476027,0.5964316203555542,0.5964316203555542,0.7084160222293541,0.7721824477924598,0.5520556665535247
93,0.3892376847330166,0.37696960513811234,0.38502824151391823,0.4729773389098664,0.362580220971287,0.3619686049417876,0.35867967101703,0.3606340293751107,0.36031856828409614,0.43215447247729605,0.4888547017008238,0.8554299615977888,0.4629590352318557,0.4549271031032842,0.48465236650798327,0.9338492552979359,0.4750378954633567,0.6028148188155542,0.5731039057147376,0.5968351428367751,0.6372318199279143,0.6372318199279143,0.8249564664397788,0.8527659041694345,0.6123886275136204
94,0.41573592953625005,0.40202774837594435,0.4094266529431121,0.49999427255646284,0.3861515934057501,0.3817706268702975,0.38259468623827964,0.377360908659434,0.38397530525829626,0.46013434532484787,0.4917368276315819,0.8846031853906287,0.4759750031477458,0.4715309161390423,0.48826710799494305,0.9608381497532786,0.47298266363709685,0.6338559997964427,0.6237054037310897,0.6210910894631634,0.6572086204737977,0.6572086204737977,0.8752271916831056,0.8815038945096783,0.631932941167256
95,0.40736860006505937,0.39041043417975085,0.3951713060918639,0.4990605787332371,0.38174177750031396,0.36223326597847655,0.3598619080521012,0.3673329123414195,0.375726493715233,0.4394879493115966,0.48713853782353345,0.8924795490361332,0.4671671289122364,0.456650776413118,0.48654383160398196,0.9805833418543141,0.4791440726324084,0.6624654679126547,0.6199573974437355,0.6498876215681463,0.6937471244052605,0.6937471244052605,0.868463051551443,0.8892466282379788,0.6443565495131804
96,0.402304871871232,0.39072945793589686,0.4035119272683672,0.5089182159032278,0.3928838994422563,0.37930550283914877,0.3769306439851476,0.3753571387442603,0.3954191194216579,0.4574006341503089,0.48522739910444357,0.8165502308858074,0.4744848414100783,0.4625114053711234,0.47534283729134824,0.928611391215452,0.46838382132026357,0.6169354972963517,0.6138294013746397,0.6158416425727709,0.6417408770953381,0.6417408770953381,0.8306095494886518,0.8144761373350163,0.6237087897534025
97,0.40621650649178653,0.3824650437867117,0.38816139705479,0.4654346115326985,0.3869764131774922,0.3759730807649858,0.3731976480672201,0.37650901737702436,0.38096054256695333,0.42854712888106494,0.46044695163405713,0.8345297198790874,0.4503533818193129,0.45010796504536804,0.4667953658673119,0.9289879103698407,0.4542272242142096,0.5691224526148544,0.5457729536288332,0.6237592900503067,0.6131492974798151,0.6131492974798151,0.8001172453445197,0.8321030755787306,0.5754374373754184
98,0.4189974873435479,0.39725503899013326,0.4143562170402566,0.5037570753106363,0.3882724043704743,0.38239856865110605,0.3869986029285991,0.3851687610812039,0.384248099114217,0.44334031895191606,0.4799957926632505,0.8651041795812646,0.46096850282364765,0.4466871680386316,0.4759099992040175,0.9439256352439095,0.4603526138290217,0.5967375617696393,0.603240845021191,0.593557928826144,0.6281735415030902,0.6281735415030902,0.8071715356214507,0.8622758159293519,0.5956170546966774
99,0.4226910936498651,0.4005220229267197,0.4140874335160083,0.5193357283484906,0.39728881786020265,0.38375535909963376,0.38178564929353687,0.37949183077536225,0.3979417307553314,0.4824625760179484,0.5318794116933161,0.8941514791128872,0.500326044813707,0.49669051434866895,0.5189816341430514,0.9851527082299553,0.49955461788651867,0.6988660591634847,0.6902581290057165,0.6368892893738044,0.6940743297465295,0.6940743297465295,0.9087804381787776,0.8908454744520857,0.6882038306747094
100,0.4005158719134222,0.3799560540996674,0.39545434577379734,0.4893938032551056,0.37961598206485925,0.3472955496446147,0.3452527871993285,0.3500580142660929,0.38246414897695113,0.43108733611569366,0.44796415697786895,0.8099855312554612,0.4428884712675992,0.4288280019736428,0.4459334605180769,0.900719753015057,0.4391571981610378,0.5820715999826875,0.5691194037050678,0.6062813855220212,0.6108455207284528,0.6108455207284528,0.7936341534245077,0.8080535046215536,0.5793264303299961
101,0.42106335557817215,0.38085880853521875,0.40383699460948225,0.4818308728581585,0.3800080353400122,0.3660893488377091,0.3636339102638697,0.36180395339613125,0.3763551176561836,0.45695061968936324,0.5118108594680009,0.8712001711320162,0.48695650137222446,0.47723048264765444,0.5031076416108372,0.9208622778915505,0.49706646537608107,0.6239363394324594,0.6077499372456917,0.6141560016422386,0.6582829643513759,0.6582829643513759,0.8450810180008241,0.8682277548689293,0.6273437552856341
102,0.4196687597108384,0.39514187679541574,0.40753058269991094,0.49063167157227294,0.37667163130024994,0.3674126200424433,0.36713242644756794,0.3679028732817696,0.37076633464638725,0.4341342742745463,0.4708165600801791,0.8535391981738211,0.4644230458134201,0.4503704386040129,0.4764134300730856,0.9240603449782641,0.46321485612455826,0.6117216208356853,0.5647130126385315,0.6147898792739502,0.6522318727869854,0.6522318727869854,0.8194236902313929,0.8508437801497277,0.5970128929335001
103,0.4338370687436829,0.40297158600417105,0.4167128453810859,0.5025540104258427,0.39093254179287723,0.3813446886018976,0.3825529649913133,0.3819138614982469,0.39118541883033436,0.4590860356919926,0.45949910713358166,0.8088734438649711,0.46458813376916086,0.4556462130329157,0.45413339468262665,0.87325288396015,0.45138010131189027,0.5781766665289972,0.5629580905557368,0.5671676091294902,0.6158437831735628,0.6158437831735628,0.7579087770236028,0.8068611141486618,0.574521390685191
104,0.41615559296809534,0.4027509429458508,0.40708118374541324,0.5037570753106363,0.3988158897679901,0.37676793065599434,0.3765407774503926,0.3838503647072493,0.39487664251112836,0.43141670541287686,0.4312868483096269,0.7626244989996666,0.4564980213966032,0.43196550333935874,0.42719750357975894,0.7514015448886459,0.4241737767965943,0.5505995583717043,0.5414376736608085,0.5551306541466178,0.5756350876853397,0.5756350876853397,0.7009678310245488,0.7613213952756778,0.5349551085562936
105,0.4015847513692726,0.3969395057928559,0.3901680984021009,0.4823427268075483,0.3847970945317173,0.37068254844946824,0.36857959888129516,0.371179242420913,0.38006524977278866,0.44218159415360825,0.47711298475861413,0.8966126818705986,0.45681331273094655,0.46074727161966605,0.47792584521852327,0.9710848087816085,0.4739093012406461,0.6358302339678091,0.5993021854733497,0.674835601699148,0.670193005981279,0.670193005981279,0.864518093501525,0.8933443951093707,0.6314319673669024
106,0.4143218744732067,0.3907570954775142,0.4029971081561219,0.4762183844076487,0.37971664794067744,0.3723742824076187,0.37460137001151295,0.37743545129634465,0.37422363949834175,0.4147871934589747,0.4352926430319861,0.8276252970567053,0.4382821556671818,0.42727636204155417,0.4409716788840826,0.8521521419984863,0.4305021419812291,0.5510943734130977,0.5389796179641628,0.5759222369934017,0.5844348312412707,0.5844348312412707,0.7558589826382217,0.8252887240145586,0.5562568881826627
107,0.41413616111410073,0.3908984514540885,0.40308014023748856,0.49185811831822895,0.379756869112574,0.3602985422384367,0.3603015969102669,0.3607514352688698,0.3759167172099497,0.452182847693271,0.4816715029393471,0.8598174336481521,0.4644230458134201,0.4606686653629107,0.4762889503673694,0.9194051878714367,0.46936873114848426,0.6185218794934935,0.5983094603503036,0.6135849501221271,0.6618893223329801,0.6618893223329801,0.8186066693629264,0.8570619084804032,0.6050391599556392
108,0.44534132840459595,0.4072812681179226,0.4285259971886987,0.5265820618187843,0.40917408594337873,0.39371984028746054,0.3933985568440532,0.39224630409738787,0.40653207789529777,0.48190418773643684,0.5460250155563173,0.8983971446669545,0.5170016713855455,0.49443122170381076,0.5350219127928361,0.9621518403093025,0.5197813287701535,0.7004847074795906,0.6793517782613531,0.6318323377368935,0.708545422318569,0.708545422318569,0.8678956316546677,0.8950870611845041,0.6703023354761163
109,0.4422802446333149,0.4005278803342319,0.4285259971886987,0.5051664597145619,0.39333100296211926,0.38916465273463013,0.39192566902601267,0.3850803279657034,0.384248099114217,0.4626430890209177,0.5121442278791845,0.8851495954799611,0.488864516370846,0.47835097495753676,0.5144360439679476,0.9453935404334757,0.48236266232973424,0.6210514066479274,0.6446853217012554,0.6085269294794042,0.6447946884476516,0.6447946884476516,0.8476166079101825,0.8818401645910197,0.6165130051396169
110,0.4227044389914846,0.3887086147909737,0.4170751390381846,0.4926529494866953,0.3742194335970203,0.37549916989788695,0.3800224252915303,0.3760226074022705,0.3770350329020223,0.45458314806438166,0.4544581386692126,0.8741198550891648,0.43689506485887164,0.4484362983230349,0.44516090450984375,0.9499684846241842,0.4416071218937273,0.6090631224743039,0.6046549586862352,0.6024121897674092,0.6402229673151789,0.6402229673151789,0.8321435088099025,0.8711422366443884,0.6165660176925004
111,0.3755345674590559,0.3719898930779952,0.3795942912843201,0.4605739891240023,0.3569803016001934,0.32865130775178236,0.33074286507475614,0.327044307761265,0.3568097631495118,0.41478907263768716,0.48169869910803365,0.87093463066334,0.43069633086715453,0.43709234680299436,0.4756082439757539,0.958957738831568,0.46384127926864954,0.6189463472810313,0.6073772451973329,0.607841957003298,0.6488218129006554,0.6488218129006554,0.8230906490078689,0.867962955737698,0.6124429243577104
112,0.4336095959679976,0.40890875399040494,0.42176769513772977,0.5155704899042585,0.4001686368101052,0.39259333613348274,0.3936152826435147,0.3985237857350507,0.39271106992026533,0.44197543444670817,0.46364209317667204,0.8245481852861998,0.4632814709983046,0.44116550496299556,0.4703101800743202,0.8798238676487002,0.45379454532835867,0.5670063439888872,0.5722035269255801,0.5818848121017327,0.59576543832126,0.59576543832126,0.7706401475873382,0.8222482049582692,0.5688045699223397
113,0.40885036425551635,0.38374658192354827,0.40529745311314985,0.4809498121412344,0.37011542066682035,0.36685533787527513,0.368405543221592,0.3738279218094367,0.3634382355944906,0.41349494825637756,0.43853717214045457,0.8811380191576867,0.4349091677970196,0.41899775807276296,0.43932778421080315,0.9371935871415223,0.4300716375507192,0.5785323977928536,0.5505647931728399,0.6195173654140047,0.6093193381062553,0.6093193381062553,0.8234571542344629,0.8780866277733897,0.5913991043275466
114,0.3950564611975714,0.369867305821847,0.3867593511713635,0.47017847675266483,0.3625988125622231,0.34986448902587264,0.3485674388134126,0.35406089595793533,0.3619674536542246,0.41315759109241845,0.46487807301565326,0.8463307132810326,0.4448125801200218,0.4302794252889985,0.459343100532081,0.9215073559241229,0.4539022690553398,0.576997068697784,0.563189496426965,0.5930034933585511,0.6037647549189946,0.6037647549189946,0.7822888332913988,0.8437383368548322,0.5744509243260493
115,0.40304247833115403,0.38891730327118923,0.3919190591130503,0.47919562795523,0.37641364272593336,0.3663547495081935,0.36675850118514036,0.3632503678847149,0.3695621550093284,0.4467101405283092,0.5045600038535492,0.8830845338133381,0.47911367253166187,0.47735151342533855,0.5025497628008518,0.9730827696341492,0.4780287438797207,0.6500435273161609,0.6210299638093771,0.618847627187645,0.6746727062421376,0.6746727062421376,0.8460170987154394,0.8799092907589382,0.6296595350027315
116,0.41949853137165233,0.3861426180888523,0.40741288584450086,0.48664738874342356,0.39100574422652246,0.3779514227812036,0.37514744439780146,0.37849973838597506,0.4039353876571876,0.46905528719031875,0.4814211942173338,0.8475168867009768,0.4631947647934426,0.4608030872163511,0.4650977477871963,0.9204027961269927,0.470326527437364,0.616487363902923,0.5859074363947769,0.6010905119468768,0.6589444369313783,0.6589444369313783,0.7980877008483638,0.8447529793006494,0.6178854169650767
117,0.4116258821982832,0.4079111410463851,0.40753356870465207,0.511799053092316,0.39488209952894715,0.3937681397240909,0.39613685815140925,0.3943893821856148,0.39071636595624404,0.45478046896272256,0.4783169559897958,0.8366976477334441,0.47216398968727535,0.4647802974237113,0.4756275456188836,0.8822344236812635,0.4626677840060795,0.5977322539711468,0.5979371280519628,0.5865357486845117,0.6391406692940246,0.6391406692940246,0.79023872681786,0.8342888253576702,0.590513192184407
118,0.39680255089073774,0.3807158399458687,0.3865915267631259,0.47235498666542136,0.37671188617693474,0.3574235317933528,0.35639618007790186,0.3556601964964249,0.37529989413838005,0.4463085183636023,0.4680117579020261,0.8647404284114631,0.44582300563253907,0.45800330441822207,0.4563211415267797,0.932370223551224,0.453794275797466,0.6334778183889518,0.6075804785028587,0.6136526479964267,0.654569435008942,0.654569435008942,0.847173250173449,0.8618333310252102,0.6375964785168738
119,0.4163424516110578,0.4072312072872124,0.4073082379315906,0.5027952325858018,0.4015289600451078,0.3995683997637511,0.40418204097575755,0.40263163327347745,0.3982858382999649,0.4482513421481987,0.46177274274841357,0.8519143967979647,0.45172826966840074,0.4527584778970627,0.4596570655603632,0.9107833829391119,0.45407075593161034,0.5874866975507277,0.5758787259964213,0.619882481392878,0.626943558877409,0.626943558877409,0.7964894707090698,0.8492749590480067,0.5895361293435135
120,0.3734191420499407,0.3808132824206504,0.3801858958346384,0.4621676866532826,0.3587589182851865,0.363062301610773,0.3620453855183016,0.36761882187185496,0.3565680721142088,0.4101983539213417,0.4303037574974189,0.8482410347830003,0.4242083070763089,0.42432841272607436,0.4299459434481168,0.9332237467815513,0.4247767719440644,0.5737375584509552,0.5415562221927746,0.6095412079257415,0.6112109285959589,0.6112109285959589,0.8061975869575454,0.8457101557652674,0.5744596021870098
121,0.39063844865783703,0.38836277278412656,0.3817440062681973,0.47873201620416517,0.37939626952725747,0.36425697929123674,0.36668155924735296,0.3666012247574631,0.37043469540280966,0.4261603970761966,0.46261531363029496,0.8369675899362876,0.45228158664672735,0.4478191878247765,0.45753487691183825,0.8944901775347005,0.45209974186111357,0.5980080641165109,0.5640563574807226,0.6022164986448602,0.6364333743450974,0.6364333743450974,0.7723748134414294,0.8345416718633538,0.5839300513996005
122,0.41426202844730614,0.3908984514540885,0.4052992832012396,0.4988980879561242,0.3957991075369508,0.36500308626270217,0.36310899775038813,0.3680739348505129,0.39359635447697033,0.4419057555353521,0.4573306370614382,0.8078918636938823,0.455191498964129,0.4374536139732217,0.45275977883603574,0.8793892599102208,0.44622103989963996,0.5820715999826875,0.5720202997695083,0.6049988725311127,0.6048987703129015,0.6048987703129015,0.7863382947283483,0.8058940238112944,0.5793264303299961
123,0.39063844865783703,0.36972560907244056,0.3875198799970962,0.4719421993573528,0.3492691489697844,0.3417327826358077,0.3382391646898779,0.33973063505398404,0.34745599332848187,0.4292725910128183,0.4727758097460784,0.8971619764883849,0.4426774651982818,0.44560125866415073,0.46197551375387924,0.9978532136061231,0.46399215029896157,0.6384673278867218,0.6072470513613735,0.6269252507490928,0.6496590671732159,0.6496590671732159,0.9023645053959055,0.8938129500386447,0.64443984200728
124,0.4238484538120023,0.39475310091114896,0.4228793546154225,0.5140572421740311,0.39894241135019803,0.3899664370161107,0.3925091457977413,0.3822290465960299,0.4046443483101864,0.4786130518931622,0.4966489012398139,0.8184714062459562,0.48756083963694535,0.4793240479633965,0.4715355561958882,0.8849599665371604,0.4716900319423328,0.6346577049124597,0.6280494867404287,0.5895443691986131,0.652900520223366,0.652900520223366,0.8134132188755989,0.8163013153762955,0.6284464936075765
125,0.4096604030332086,0.406079486833636,0.3991210180263993,0.505526924268634,0.3831164982775835,0.3839353466823951,0.3815130516202048,0.3867019172767415,0.38196136851984624,0.4477315703888111,0.46604532102298063,0.8180368590228537,0.46619503480821906,0.46492620389159833,0.4740334477142669,0.9073592971178173,0.45232059068323593,0.5908920108779411,0.592771382947622,0.5809345811142457,0.6227246925246402,0.6227246925246402,0.7758307717775369,0.8158203639488497,0.5877613824198656
126,0.41724899273908317,0.37321780474811667,0.41271825704469506,0.4759673926471994,0.37699636074242454,0.36379422290349844,0.36602527513137495,0.35889936324475963,0.37648241885847916,0.4452234781495153,0.5297097704300024,0.861002471621339,0.47788618739456973,0.4626881292919167,0.5133945407428164,0.9437680908175924,0.49878471964411913,0.5895883160214866,0.6128228594391503,0.5913982435455414,0.6207698208108221,0.6207698208108221,0.7833779512381422,0.8580388551436388,0.5915439426671332
127,0.411354017879993,0.40596023681266535,0.40061992304092153,0.503116460137146,0.39316109085964596,0.3924500930534001,0.39136891634245324,0.3904711228591499,0.3934487693184621,0.4670934919288584,0.4881628135647546,0.8697928143345551,0.47197665648630194,0.4783486121240482,0.48811433121198805,0.9279626937701537,0.47452250199701834,0.6262939854202222,0.6342611694717758,0.607044408027417,0.6607785636761643,0.6607785636761643,0.8571860653061968,0.8668577126132955,0.6285606728112616
128,0.4300425110719699,0.4153154478996557,0.4268237305674053,0.5281777588085913,0.40450732813602464,0.38967412583386574,0.38795269494203916,0.39029389108228774,0.40767019034937013,0.47016963988276217,0.48855992597091974,0.8690530193637933,0.4830007406009804,0.4653111323675473,0.487577708483997,0.9255744500892168,0.4715541076941817,0.6249861597230534,0.6218952310224647,0.638424525411083,0.6607852271764973,0.6607852271764973,0.8301914102278739,0.8662528308203576,0.6180945505251071
129,0.4104230625889865,0.37970777507663545,0.40414122958540866,0.4921181432520161,0.37913703171925583,0.35815078058397715,0.3579747806838326,0.3609598416163582,0.37307692990993363,0.44021249305240084,0.44525245046026307,0.8201038549837644,0.4373187160882493,0.4355078485098414,0.4304784821694072,0.8849599665371604,0.43567844095431996,0.5925240714107742,0.563153957143514,0.6036290412472434,0.6203334484983847,0.6203334484983847,0.7970876296148652,0.8177907221855735,0.5851731175955377
130,0.4232958740867995,0.38564602921255153,0.40821514751710447,0.5010394810537687,0.38812927113835954,0.3705188548370735,0.3660345606361708,0.3788475749985813,0.3840035768348847,0.4463229726584597,0.4522576041544042,0.7949098269850843,0.45813624588417984,0.4416634015135076,0.43936817699576997,0.8273123073477235,0.448285616514156,0.5641733777263626,0.5564434431638989,0.5751053754445783,0.5856671973302148,0.5856671973302148,0.7443479027241838,0.7929994956478795,0.5602295331164578
131,0.39232051189841727,0.3751950335692283,0.38894893040762274,0.4676525675936595,0.37762152735991056,0.37143473415537415,0.3703559312146311,0.36468822875178764,0.3773406175107337,0.44640044707827764,0.48886390062840585,0.8143919844205781,0.46903897739616973,0.47062141897573756,0.4750516158537919,0.881791686886632,0.46632935697325134,0.5891414149000158,0.5732290761092468,0.580066697554872,0.627039109365509,0.627039109365509,0.7995212988853152,0.8121695354526784,0.5968078938304663
132,0.42616878552483745,0.41007965971284827,0.41244190499881767,0.5101913185492895,0.3909883649881945,0.3913229365949567,0.3896122796456416,0.39427899733128524,0.39436243578028635,0.4439566001433838,0.4541428816569917,0.8262133255901467,0.4663440140837933,0.4523510582870553,0.4626344972699632,0.9021513359833553,0.4490822296497899,0.5925829193092175,0.5641212701303542,0.5982297225113616,0.6289534592062584,0.6289534592062584,0.79087441835121,0.8240359333295119,0.5978378613773874
133,0.42637136782548174,0.41096445953990074,0.41918482749551034,0.5158280874974664,0.3997830972637573,0.3979709843076006,0.4050815220202317,0.4026832784587524,0.39244042311880795,0.4458743403316367,0.45337793165430657,0.8430785393927089,0.45995951354391057,0.45134602531502743,0.4482753250111102,0.8796011487666257,0.440810457538694,0.5980080641165109,0.5840719436280067,0.5921572518315597,0.6304271387908001,0.6304271387908001,0.7648891287007309,0.8406003237474312,0.5955879804466128
134,0.39951671180542697,0.3824953111172647,0.3882426638525132,0.4842272403483999,0.3867326018758557,0.3659665494169522,0.36550428363055754,0.3664474029056463,0.3850511941411668,0.44613036836959713,0.501541914829848,0.8741940139881869,0.46725103583340244,0.46211881939022476,0.4936219025688758,0.9918085662283169,0.48505144935419026,0.6293003853504985,0.6158846916750095,0.6391078431315194,0.6610262029657199,0.6610262029657199,0.8437960050052101,0.8712442079237194,0.6273399785799334
135,0.42244086887612925,0.39802941210861187,0.41735164762869775,0.5128400707767807,0.3939901165967337,0.38431761909336,0.38963567786968717,0.38257522917489706,0.3940209120355619,0.4612876964784799,0.4979464257669714,0.8802567284917335,0.4673382903252686,0.4626881292919167,0.48750058452316064,0.9816394915957376,0.4830935834392713,0.6324774503251581,0.6302699973636473,0.6297864201437575,0.6627762163616251,0.6627762163616251,0.8289340662810858,0.8771127471489253,0.6271044605497694
136,0.4473641593102983,0.41905937675413824,0.4372548860112734,0.5317868373930492,0.4123298346367771,0.39901487851416706,0.4022402841560404,0.4043631278238743,0.412438557355282,0.4551282158497548,0.46284185531004035,0.7802083805834309,0.4765405000375285,0.4446572182539793,0.46254444680181456,0.7957013289068391,0.4508982761475292,0.5463877207334167,0.5735420780344158,0.5378872682834162,0.5827620065817481,0.5827620065817481,0.7056709995327027,0.7786171352709276,0.5338282729553537
137,0.3942655733870224,0.3805429548037257,0.3888329767108813,0.4649056682356053,0.37814975673382284,0.37479645925355226,0.37332815003818715,0.3753381499772296,0.38096054256695333,0.4220839779263098,0.46360671503182793,0.8392515868606589,0.44817139510719334,0.441618559956319,0.4664704696126673,0.9250489582346575,0.4491850910986243,0.5676274501501172,0.5520023553240982,0.6036235115930134,0.611505383418767,0.611505383418767,0.7922539020506846,0.8367916988373862,0.5800806293470838
138,0.44079263083844944,0.3886928118820933,0.4441525611072322,0.5048584232638045,0.3867784540434198,0.3675629490218575,0.37359051947301253,0.37067956373793326,0.3921635729969039,0.43633572325560155,0.43026024910102456,0.7751413082213304,0.4432552874548222,0.4194518742961774,0.4226509777034833,0.8243245355274788,0.41767309209062997,0.5348731813871026,0.5443370489654532,0.5496094910113427,0.56264127909049,0.56264127909049,0.7116146520169228,0.7736256539945151,0.5337351825720689
139,0.4145419863803068,0.3990315161563166,0.4009832606435676,0.4918443903500999,0.3943354071787961,0.37816199040283105,0.37714560215448234,0.3768463683976825,0.3909680872469628,0.43940248539073884,0.4918756488552617,0.7968700757322783,0.49041435275481393,0.4619098588324647,0.49529269122448866,0.8221843776943346,0.47921091360389684,0.5663266444185195,0.5540826645729906,0.5603232706268239,0.6174718661297783,0.6174718661297783,0.7226109922229161,0.7951123185688236,0.561335003811203
140,0.39831438079512654,0.38284435277646356,0.39630543242666566,0.48264300611217775,0.37987504489350316,0.37058265074107716,0.3679990004687049,0.3689428425221121,0.37616973965044065,0.43842092694096063,0.4560141087337368,0.8332979440891501,0.4465171106078653,0.4451208406161328,0.4521787877173977,0.9239865336118628,0.4447684875775661,0.5888114945378619,0.5681624679322005,0.6227711767226306,0.6191077611292772,0.6191077611292772,0.8223823437291585,0.8309324337771717,0.5951845813694665
141,0.43802599025103583,0.4079111410463851,0.42342094003373704,0.5159865090179266,0.3970358257956432,0.38633516975763194,0.3911198686623234,0.3869216970456984,0.3944638325888162,0.4588846135155456,0.4997526312114756,0.846730037015772,0.4819369234488054,0.4649006233030365,0.5034284142550932,0.9211032041676284,0.4764968105407276,0.5921511688244517,0.6128840163957706,0.5857868679627197,0.6297399359958172,0.6297399359958172,0.764689067501162,0.844133943318512,0.5846890522265601
142,0.4259024998748931,0.39097569157832146,0.41513535177518707,0.49603430195286496,0.38628428822211286,0.35935950149368007,0.3666921671500364,0.36177555188801097,0.38312457785604087,0.4314497261958365,0.48378098564329686,0.8218927506490012,0.4624648707791279,0.44101422355362513,0.48506804040766516,0.8893207970621954,0.459652220230478,0.5769332821116973,0.5827091584741473,0.5649260976799467,0.6215222659867353,0.6215222659867353,0.7268648252885728,0.8196657809696641,0.5596651825864104
143,0.4259732608273469,0.4056379240616327,0.4006531380312661,0.4963156914902172,0.4055405834005212,0.38692918207587723,0.38259572179997264,0.3926055658036746,0.3972506190619818,0.45957809545526424,0.48696075886694534,0.8645785616214581,0.4780486554059751,0.4699398973977466,0.49019079960819123,0.9162964823619132,0.47237610726491996,0.6142496835414446,0.591122450713463,0.6286918747533305,0.6477015193829818,0.6477015193829818,0.8272402605824014,0.8617899187383167,0.6169883246576301
144,0.44038043138876637,0.42527546790434456,0.42515672026364076,0.5195100213887098,0.40508185210223074,0.4088372703064296,0.4168675799262583,0.4068636598165777,0.40104491840409917,0.4652658880828414,0.464678407634932,0.8125047587039296,0.47519198707109145,0.4648799750300007,0.4611352070412934,0.8632441348450133,0.4644507031707035,0.5927644506413671,0.5505647931728399,0.5798902557920155,0.6396264956495943,0.6396264956495943,0.7571407111556715,0.8103747115783627,0.5913991043275466
145,0.42617886777125125,0.3856478378256078,0.4216148017922392,0.4966963660719057,0.3885430864038674,0.37668278109200676,0.3809762687085625,0.3754127501951297,0.3938128504318636,0.45017413676963114,0.49890410203308805,0.8619745194796706,0.4747549491928173,0.45805314848233497,0.48107904308343385,0.9107833829391119,0.4770764112776403,0.6201950415118191,0.6168374791825739,0.5920538825781331,0.65720696956509,0.65720696956509,0.7821265995315418,0.8591592094500956,0.6115630012747494
146,0.4078137937259169,0.38280881360840524,0.3975241089731813,0.49101318891550827,0.3795142903641043,0.36781393726789596,0.3673966016132072,0.36616583156935656,0.38020649601170864,0.4545596267297702,0.5033110458587633,0.8706491632788979,0.47710682008111843,0.46990494482893286,0.4908819127610807,0.9468279539253627,0.4856713089259678,0.6246925969577728,0.6261491908192043,0.6047600437987556,0.6528407682789158,0.6528407682789158,0.8355212021261071,0.8677458703155967,0.6179036003420838
147,0.427693460322366,0.39041043417975085,0.4132571552828382,0.487822112247627,0.37671188617693474,0.3700856017636079,0.370902399719515,0.3732608467949827,0.3732641704173668,0.44821968617017355,0.47617591447656854,0.8496273020254551,0.4602250284556175,0.45437603546395,0.46907230977648673,0.8832728867910125,0.4574114161076719,0.5908920108779411,0.5866126793796866,0.5635104313975663,0.6213924536991946,0.6213924536991946,0.7989814251448009,0.847008955935938,0.5844637399296311
148,0.4419553734058551,0.4205412039460318,0.4229581854749777,0.5239179087222295,0.4043350750845865,0.3971641915168942,0.39599143784569124,0.3953057640892969,0.3992307812235176,0.46923334868737543,0.4913850385797539,0.8420005544185848,0.5010875817564329,0.481207083928423,0.5003950342555938,0.870656376244294,0.4741183129393806,0.6283994274010488,0.6219662988841117,0.574967120481291,0.6464921713315365,0.6464921713315365,0.8307073570189937,0.8395048759923504,0.6164883187319203
149,0.4077306938547614,0.4004736489299679,0.4016281723847371,0.5150112990494179,0.4065541228077963,0.381906436226691,0.3797001146922803,0.387078177208724,0.3945991414961337,0.4504855136760612,0.47181209095634113,0.8364234708374831,0.4755167301939068,0.45644440434227507,0.46435862194078414,0.8819584419123185,0.4518833299587363,0.6375020932663608,0.6110988824180835,0.6367128719499889,0.66286085573752,0.66286085573752,0.8747211768913488,0.8340830001481703,0.6212567948156587
150,0.41405113565647456,0.39363172007145053,0.40305147723255613,0.48019692700096356,0.37215771464423225,0.36842656439037763,0.3687087266277693,0.3688967747671547,0.37061407043922695,0.4329622820049534,0.4423547444122352,0.8212467931862126,0.4393768910742924,0.4423882479436516,0.44765110543402187,0.9068713412013956,0.43584706257317557,0.5740725417511875,0.5434165188710222,0.5903377674089364,0.6153584443194734,0.6153584443194734,0.7777715498585934,0.8190503396673859,0.5744596021870098
151,0.3878152860237739,0.3800169475754405,0.3777208939244039,0.47883508259308366,0.37995600483390307,0.3621937312639516,0.36073650484778436,0.36269313585421065,0.37763617526986604,0.44626055983487506,0.48972009831621505,0.8318679301713843,0.46471167200073266,0.4647658167439879,0.4803851196775108,0.9166266041221571,0.4749144141230519,0.6018010659487047,0.589326036823853,0.5988785342945675,0.6426957485345769,0.6426957485345769,0.7766720523725593,0.8293713033608284,0.6013846422002244
152,0.4365787450290647,0.3961596321709561,0.4248210234944496,0.5050616911708948,0.37376532415604663,0.35614882492864885,0.35624244186548154,0.3565811279240223,0.3720416734939117,0.44472794061225174,0.46292971544095723,0.8145652095108691,0.46984214504231814,0.44861898215083407,0.46431470343777315,0.8890379231360903,0.4512941154214145,0.5989256854717393,0.5737698226728866,0.5808949708151757,0.6318082782341835,0.6318082782341835,0.7645351834435989,0.8125114159773805,0.5745062897194851
153,0.41343760201984314,0.39958223685046723,0.4102127923344152,0.4967388381140979,0.39886432945743433,0.3869992013619309,0.3825488005851592,0.39024445832698323,0.3937699337150557,0.4428331852466449,0.4615751295677291,0.8432872845749566,0.46155513390451824,0.44830221419236854,0.4617009615140503,0.8822949823749321,0.4472523175729196,0.587469898091448,0.5776481904399675,0.6318323377368935,0.6152685385885259,0.6152685385885259,0.8473406184454759,0.8407838584101811,0.5932644239170919
154,0.4076813717065326,0.3772712150904454,0.3957010643603768,0.4781305064118129,0.3844193889988025,0.3658950672109737,0.3611021321225108,0.3603195290630819,0.38492434110744334,0.4550075658970492,0.5075483652799643,0.8535391981738211,0.49325036223491525,0.47848696761974435,0.505277955131326,0.9463292518509491,0.4857360107342282,0.6558001955926314,0.6085455410797126,0.6393934448905502,0.6882060461120545,0.6882060461120545,0.882394665109081,0.8508437801497277,0.6463599134150568
155,0.41557350678068466,0.39744500472938366,0.4065927581162386,0.5016324440137533,0.38604604590152,0.3729612044092276,0.3703421895398163,0.37348367844248515,0.37953355301437475,0.45852177707202985,0.4750592463727185,0.8521575343093359,0.47300557494520906,0.4651651537392342,0.46703776085833304,0.8885497976749643,0.46366418348218447,0.6408812110852686,0.5980707313280634,0.6093285368654126,0.6759214137508213,0.6759214137508213,0.8288087379600606,0.8494825889433324,0.6234344412126587
156,0.3907716607930958,0.37651099173419283,0.39572271344008436,0.4720747607437735,0.3666715444681812,0.35875516737395297,0.3626365548556726,0.3610250488810867,0.3660888807964986,0.41156642479191685,0.44240799641120965,0.8406034204686906,0.4292043592925537,0.41494287467982777,0.43418038806717213,0.9210165445259997,0.42543060958224793,0.5747948347474422,0.5515238425344728,0.5829392183543303,0.6002126315315545,0.6002126315315545,0.772445975493636,0.8379978197140026,0.5838113510605016
157,0.42244680280975205,0.41339475347222343,0.4158149267395003,0.5142554830378968,0.39406346188984354,0.3770333785313263,0.37719391917199036,0.3775628899911573,0.39505927702370863,0.44436281482537976,0.4643956240165295,0.8862548890987301,0.47594397565379354,0.45297723933847567,0.4701277969802948,0.8957814463687634,0.4523773999057526,0.6427256116334845,0.6031455451452002,0.6328126117682641,0.6683818527995918,0.6683818527995918,0.85734282387643,0.8830970472167928,0.6203643777154918
158,0.39498142368270484,0.40315015433035656,0.3887747684316965,0.4942795583338828,0.38225032407892334,0.37504609348875423,0.3725635481104372,0.37777715039871856,0.37860273373135755,0.43697627398855643,0.47807697802168847,0.8754892764364667,0.4623109347294492,0.46239300876751305,0.4870703033660138,0.9751917302524057,0.468166969306911,0.6356045144453569,0.6060275502343883,0.6503253216116485,0.6747012127246895,0.6747012127246895,0.840299087135836,0.8725399270117198,0.6252656402759932
159,0.38365445681805127,0.379189019488644,0.3758657695465973,0.46520012572223773,0.3686560634623061,0.35557441210341884,0.3540812843276615,0.354170077214496,0.3640199314062058,0.43376944775599086,0.5011197076510793,0.9104067605690763,0.4636760741698025,0.4583201389891463,0.494641199476523,1.0086961040835116,0.4871519165708543,0.6366754683261233,0.6021969954717209,0.655127411969692,0.666618707441967,0.666618707441967,0.8767461938342215,0.9069401512353898,0.6319694536000554
160,0.4284538585471166,0.37936529547086784,0.4169770951965016,0.4933796339651847,0.3699247030840761,0.3567946527749847,0.36227520626011817,0.35976539687570414,0.3666331702749502,0.43704104654083853,0.4511668201608464,0.8435555950143846,0.44132260854918004,0.4376813082116383,0.4413201697640203,0.9279626937701537,0.4392517045274094,0.5887749717604984,0.5784880147853262,0.5836274388321052,0.6238851576900873,0.6238851576900873,0.793581062742909,0.8410788362564482,0.5815677068811601
161,0.4376557421758186,0.42135265138940664,0.4126242110230266,0.517539515883051,0.4106285789135001,0.40741106556213125,0.40348381266800853,0.4105407505692134,0.40743985035854335,0.4695186722695384,0.48074660358799065,0.8424208956322833,0.48716929100185374,0.4801914961346324,0.48787924788383846,0.9073324206571436,0.4733066230777331,0.6085273348600418,0.591988894577277,0.6124063890301443,0.6437136034664166,0.6437136034664166,0.8011609388722526,0.8399438800143799,0.6111993460542362
162,0.40246596325841444,0.37985000576565525,0.3916595039327564,0.47992171939453804,0.37527133999967394,0.3579383987700692,0.35505794845495653,0.36036359114141764,0.37258372763730374,0.4404460942395606,0.4563838452825735,0.7976865340986565,0.45172826966840074,0.4478191878247765,0.4510417642979906,0.8697436598607152,0.44264497488863697,0.5738715598799882,0.5558567889704092,0.5763138316045926,0.6121508221636119,0.6121508221636119,0.7554628585421667,0.7956881238277537,0.5691854180217996
163,0.40865074421359665,0.406525754320969,0.401466911556651,0.4997183923946404,0.38928964099889035,0.3818477004535432,0.3802357349743059,0.38242290366136283,0.3845843030491742,0.4513297994427042,0.48582029262049725,0.9554387639736521,0.47301568437930747,0.4722901727834751,0.48722235832748323,0.9829361775257787,0.4679354846767369,0.6700734237503589,0.6434593388653734,0.6744730761473112,0.6917575396311727,0.6917575396311727,0.9908410404326228,0.9512041441998329,0.651102481613269
164,0.42510247737472207,0.41454298529601713,0.4052941705241851,0.5243668141747599,0.40554444283246666,0.3990498140061433,0.39515636051965386,0.4025270164094808,0.39635385421268304,0.4835968433077226,0.48503621603367475,0.8739735831313457,0.47953915752813275,0.48575142676953453,0.4776589796746967,0.9460233312236372,0.47932630914076346,0.6463014056404948,0.6288216392816328,0.6340022436978776,0.673423423566471,0.673423423566471,0.8508873682422474,0.8709388753690585,0.6337565762462106
165,0.42361737005369204,0.39676739008669093,0.4057530772831856,0.49921510556858356,0.3863413594777796,0.3818189906550228,0.37746511845552827,0.385158060417776,0.3841456297387772,0.4667349927071255,0.48901980372028303,0.8997915147154321,0.47519198707109145,0.47308217791802387,0.4848410483546216,0.9553852752526203,0.477880793900611,0.6394683227351349,0.6299170375561342,0.6241563230311613,0.670079245021903,0.670079245021903,0.8707961650896392,0.8964110180388642,0.6552984000100386
166,0.4045242638376771,0.38976454235937746,0.39945418571520025,0.481903998026455,0.3724998138469228,0.36570179631266664,0.3695338672727014,0.3619830659215062,0.367406424688348,0.4406512621016956,0.49438947158399205,0.8913636009306932,0.46110637343967825,0.4632558996658834,0.4910799880898145,0.9815954874762103,0.4722083240777471,0.6366754683261233,0.6171115869287822,0.6249052129067221,0.6625146148675046,0.6625146148675046,0.8623631084594049,0.888148923734686,0.6234483327542599
167,0.44454563343839537,0.44989504595156743,0.43378701524858204,0.5741116126638991,0.44189499674624355,0.44334180626014696,0.4586761992493621,0.4417982139310482,0.4351541632291743,0.4885231060344602,0.4665825474538007,0.8147227076252784,0.4739542306262352,0.47154776018966477,0.4543128523547082,0.862877004520732,0.47072547715294605,0.5977321449166465,0.592850308274909,0.6038396496523675,0.6273233151416865,0.6273233151416865,0.7653052337764465,0.8125511797870576,0.5905484572115831
168,0.3925033290851075,0.394552702070865,0.3891571636757647,0.48698396449152664,0.3838577889103954,0.3698157008147679,0.3666520775602583,0.3684142768318936,0.38295168650924616,0.4435686522274985,0.4976998575037518,0.843274827215827,0.4759620581987072,0.46509658746345095,0.49887457434368515,0.9333850173075469,0.47728323332102357,0.6277045980271608,0.601610272395208,0.6118525996548381,0.6596260271035453,0.6596260271035453,0.8234571542344629,0.8407939753572561,0.6169883246576301
169,0.4200026425848259,0.3836136614073049,0.4150604160284749,0.48642446835782666,0.37750010042032595,0.3798719397669488,0.3775508580686501,0.38271563558159305,0.3801918038849245,0.44725755953665486,0.4535387026461227,0.8512968665441331,0.4496568860503144,0.4460577595189791,0.4443761616531909,0.901785334730184,0.445353280726821,0.5839505602817098,0.5692329981999613,0.6036328590021532,0.6223229308206412,0.6223229308206412,0.8024165854673411,0.8486880270363505,0.5907178872213814
170,0.4004215659345322,0.3800169475754405,0.3854622701519897,0.4706256457781226,0.38804063389451854,0.35425941090744806,0.3513228325517833,0.3584928170522194,0.381080154229635,0.42761717668291865,0.47695580376595276,0.8340870213230226,0.4565667507865766,0.4412470538036536,0.47583782127622326,0.8822344236812635,0.45546751940054453,0.5927956953982059,0.5727391312108945,0.6052415491129913,0.6233233501112727,0.6233233501112727,0.8029372248295863,0.8316880185690331,0.5780113533031525
171,0.4245829210480881,0.3935650322945699,0.41368353896784066,0.4992105179835546,0.3925617613932298,0.3842874539811081,0.38445671667183,0.3848543009862113,0.4081891558686642,0.4689564290372147,0.48873242786058474,0.85814343725822,0.470841815899518,0.4628255464449299,0.4726444673466868,0.9133912237622994,0.47574014542162735,0.6174725766411285,0.6156382255600659,0.5782035595836371,0.6490356736748325,0.6490356736748325,0.8031306623876358,0.855460836225639,0.6219012952521281
172,0.3832411900002964,0.37264414576750854,0.3776559756683213,0.46926424850846316,0.3582725066199886,0.34113263175311537,0.33840205065566087,0.3470486023794731,0.35294467570519805,0.4174918245014549,0.4765781117304263,0.8772458240712394,0.44511931542477706,0.43791346167154616,0.46969151191160236,0.9731162346394818,0.46467263793321106,0.6252453931753726,0.5826330059991593,0.6316169351746408,0.6508366782527576,0.6508366782527576,0.8321781783210672,0.8741940812734712,0.6137769050148045
173,0.38381082964761304,0.3804675205410601,0.3800496683331992,0.4914650619704642,0.3819649400572476,0.365175460379362,0.36045129313393043,0.36346235412367356,0.38447545052478804,0.4543920937352303,0.5002385910279276,0.8721601010706165,0.46398874449021044,0.46485433675383264,0.4910537088920066,0.9918148988574793,0.4850894537210607,0.6384673278867218,0.6239613542810517,0.6598695392558862,0.6648071797449051,0.6648071797449051,0.8658898480116091,0.8692760568042657,0.64443984200728
174,0.40809979664652285,0.4019049287560943,0.4068241928605177,0.5056640934428972,0.377020707152202,0.3789238690871781,0.3845052201136211,0.3775072371066313,0.37407470549181965,0.44652866848004347,0.5018388026022035,0.894455372761184,0.47827186754350903,0.46792667902846813,0.4987714743792036,0.9456631093529718,0.48372353859284617,0.64220671592299,0.6399252285217958,0.5808209624223919,0.6796881644450475,0.6796881644450475,0.8389850299268995,0.8911650061972162,0.6226745578529749
175,0.4068968479018531,0.4041232352348997,0.402380185833222,0.49955546551098007,0.391274545156949,0.3868477463895403,0.3823271133345172,0.38509486550356353,0.39616571084303664,0.45001517158796595,0.46744851241175095,0.7971716193433552,0.4693348045508704,0.45607482894916923,0.4708618628396027,0.8851819059440271,0.4613355976058859,0.5667709317577729,0.557764108973177,0.5923231525082592,0.6134862989601785,0.6134862989601785,0.7748566890330574,0.795411602633344,0.569102980371322
176,0.4151379450586159,0.3959215329763555,0.40412970676867516,0.5054270480698677,0.3951028467334537,0.374906652846044,0.37239944242058476,0.3754285920415873,0.3983476848483288,0.45965935280335246,0.4606176295397571,0.78734745975624,0.4669371095243522,0.45367324087750677,0.450277626223271,0.8467308486920248,0.45619491739846596,0.5874853909371516,0.565332236722679,0.5755711309349183,0.6274576818482879,0.6274576818482879,0.7564697378611545,0.7856254023802227,0.5788291170901506
177,0.39446462674822647,0.3692322352423541,0.39664203343027443,0.45493982038261954,0.3600614984307464,0.3671021154481444,0.36931195169364245,0.3623122190402756,0.35805094442240437,0.4162161247737628,0.4699455058457987,0.8769302483282373,0.4394241902306644,0.4439760885265067,0.4637404802292212,0.9488441747043498,0.4527572065406846,0.5867278582614475,0.5786182142191361,0.6100328519289239,0.614510139553055,0.614510139553055,0.829605739060953,0.8738296126195861,0.6024084879923814
178,0.41510744394373134,0.3953563727129537,0.40585014644022843,0.5037685846046357,0.39333801907548205,0.38137685755247425,0.38030731275518365,0.38195122916674007,0.39585047935269474,0.4682881760340684,0.45471573050211295,0.8064338577279648,0.455283761983305,0.4556462130329157,0.4394078519500766,0.8610935204994032,0.44923481621997174,0.5836998700945896,0.5829733797008876,0.577714426137767,0.61312698567378,0.61312698567378,0.7765055908378596,0.804385073113015,0.5929539728199602
179,0.4308610105315588,0.39499487258013066,0.420209552407404,0.5037570753106363,0.3968919858572922,0.3861869737405248,0.38945748146982173,0.38220746960955465,0.3946996931716823,0.4755817369991873,0.5195793407547431,0.8718654813586715,0.4936389199888904,0.48588524019530993,0.4999085845336655,0.9017723615305081,0.4875529028761453,0.6437294238649933,0.6526546489172388,0.5930034933585511,0.6608474122879873,0.6608474122879873,0.8572570576949152,0.868932048301043,0.6320749645216959
180,0.43887522382496463,0.41818740547045186,0.43399823419358924,0.5131324913855669,0.39555875412953395,0.3991483165822991,0.40701223691864036,0.4016805286362609,0.39381750927653975,0.43458276352845554,0.4361325057252862,0.7488621379272379,0.4618150150480847,0.43363620304724,0.4361869338874313,0.7534908170237623,0.4241926954262149,0.5218145736583525,0.4872284333713702,0.4910426151291758,0.578462073197568,0.578462073197568,0.6235586698627443,0.7476813771684857,0.5103426575598816
181,0.40409653296630504,0.4043041640387107,0.39089588046175733,0.4953140046155878,0.39758970121763737,0.39061159108119664,0.3869996930169778,0.3892899812035118,0.3861152983962154,0.4583805121639283,0.5150288657438246,0.8492412807104202,0.5010179038752107,0.5013887355741534,0.5239537713680041,0.9247303957099119,0.48184239353483027,0.631813892678269,0.6221641465475727,0.6082548347446789,0.6601718663932616,0.6601718663932616,0.8359399769316542,0.8465190102507962,0.6169883246576301
182,0.4226910936498651,0.3951983445089896,0.40728287225724513,0.5077507652601645,0.40263418010905944,0.3791837684164973,0.3768179645103615,0.3776155889390919,0.4135140007569894,0.47349689784985693,0.5143557709627352,0.8651114268688658,0.489808550973196,0.47386950917234416,0.49836485446596057,0.9380756956356027,0.49934841044252454,0.6596188304095754,0.6269426222339172,0.6288818202548468,0.6770248275344682,0.6770248275344682,0.8372243649421751,0.8622586254482074,0.6535036831538966
183,0.3917754041830531,0.3820577058505151,0.3829266477828476,0.47455735322409104,0.36822630457751465,0.35393271685640987,0.3526544523892589,0.35436104862846357,0.3657296764173416,0.4307480176907738,0.493743672106287,0.8432977032147932,0.4585533153412493,0.4550409279503071,0.4937051916052328,0.9443794215575826,0.4733631215817206,0.6138018135369169,0.5828615295096199,0.6034146838550473,0.641705071493976,0.641705071493976,0.7919886545879025,0.8406982361137488,0.6065500594453458
184,0.43580295910776057,0.41012759403724275,0.4410687043527927,0.5229786761341325,0.3911513233226215,0.38848274348736594,0.39651819875790617,0.38705390644601384,0.39216760247188176,0.4375098588337115,0.4655992529435701,0.806392088280219,0.4698581811677904,0.4384046801438828,0.4718972194576318,0.8594587689641047,0.4386412239355102,0.5557442424722228,0.5933667535181023,0.5308152408811097,0.5853584118716741,0.5853584118716741,0.7213121195621323,0.8044232549627782,0.5484101826273083
185,0.4107135136585627,0.38335114443376533,0.4046910533354848,0.48264300611217775,0.38179665414641595,0.3660334345829997,0.36621453289280037,0.3690155676040774,0.3774639310191613,0.43712293835550037,0.46095533776101466,0.8811380191576867,0.44348629706933224,0.4370554950846843,0.45188459775267187,0.9397637483803857,0.44682542790665825,0.6073687363231828,0.5840719436280067,0.6338916689149137,0.6313703153515173,0.6313703153515173,0.857259354771526,0.8780866277733897,0.6165130051396169
186,0.39298447499010414,0.3782886110889337,0.3801476999609659,0.47120121258626124,0.36489551196070513,0.3439741201614025,0.3403764141092257,0.3424159303764354,0.3555819799775111,0.4451764607025008,0.5071309157165216,0.9202082813616722,0.4731141201243684,0.47821988313827435,0.498101164439037,0.9918085662283169,0.4940740201858138,0.6951312261122364,0.6274979140314361,0.6733780603907741,0.734361973352603,0.734361973352603,0.909711025176748,0.916596757624134,0.6558307465039327
187,0.4040995303978707,0.3674257965889946,0.40504987089726663,0.4839196245292253,0.3690976701281458,0.35020449038123175,0.35421138692089027,0.34829843295007523,0.3698944843216957,0.42817740513487046,0.4323566238846006,0.7784600875394568,0.42629247658977637,0.4270350947731858,0.4036160736204231,0.872568328397429,0.4215565412264158,0.5606224940464862,0.5467113032615788,0.5628789073321098,0.5936614453170111,0.5936614453170111,0.7583591475900358,0.7768969111000904,0.5518967870091488
188,0.4253974910660178,0.3986244050457056,0.4083176835043373,0.5076743148748782,0.39680394711124617,0.37234412498172725,0.3697544349887599,0.3749931152450635,0.38983497148605595,0.4518073572042753,0.483245248647405,0.803748324977757,0.47739170149724447,0.4540170286282353,0.483644792299347,0.868932604458561,0.4674123135542626,0.5915631401947008,0.5686807301370652,0.5838915064901558,0.6229034732791726,0.6229034732791726,0.762205678448194,0.8017604184673824,0.5731001052113456
189,0.42276275867522983,0.38971378933309836,0.41702543682466886,0.4897519543996754,0.38628428822211286,0.37293610110514275,0.3740670070658584,0.3714906010864522,0.38708197782295617,0.4393849389241136,0.488205564840451,0.8148218641803332,0.47243452346670084,0.4503704386040129,0.4875628843718358,0.8619261016740887,0.46245239412118333,0.5650878162550871,0.5729434395326278,0.5649260976799467,0.6081114708900726,0.6081114708900726,0.7480414002673285,0.8127174713862315,0.5579176266988388
190,0.44724631037902934,0.40307585889664066,0.43280705563522204,0.5154679829074329,0.4019992626095497,0.39842451222458825,0.4031785060848073,0.3990557070974069,0.3971807567762057,0.4720613164245131,0.5089881163508538,0.884593715221097,0.492350595729147,0.48010758485767824,0.5017661927659367,0.9254735889885335,0.4790513025342881,0.6109925653590111,0.653659854371331,0.5986396535194092,0.648116970993639,0.648116970993639,0.8156438896928379,0.8814511285826051,0.6092327362715246
191,0.4056551036524341,0.391564260827006,0.3938803227721944,0.49025370993621176,0.38179689819875406,0.38452778104400265,0.3802154463152111,0.38254582843945867,0.380002937276476,0.4747487557762193,0.4984481616283149,0.9154169910562308,0.47200811628763906,0.49078450912352106,0.49220565237003444,0.9913766729756361,0.4803960367946542,0.652824815196574,0.663581909246522,0.6406013476773942,0.6820535974399139,0.6820535974399139,0.9021281527938718,0.91187371320078,0.659830938186036
192,0.39549287134493366,0.3820859931153844,0.3879169858787135,0.47379953452886076,0.38711549132427125,0.3653105451939164,0.36634539372223646,0.36278140498463923,0.38275409436810603,0.4379077658049398,0.45209476791025327,0.8072960899401785,0.43464162799666245,0.44560125866415073,0.43802102678729493,0.8943785819604302,0.44607664645261147,0.5740224012929743,0.5507661383375014,0.6088785068238467,0.6122821322192795,0.6122821322192795,0.811355783328672,0.8053061957067186,0.5711256912694966
193,0.4047829975172112,0.3930085704523394,0.397114362659627,0.5015188052610834,0.38839927776120087,0.36537233654701545,0.3634142501048949,0.3735018383085945,0.3849050510899881,0.44399121214967047,0.4843805213061009,0.8366082297981978,0.4575860620345129,0.4466496685543849,0.4795690136758781,0.8893207970621954,0.4693069831873313,0.5985844499504334,0.6047358016259442,0.5956187550086495,0.6255878123494177,0.6255878123494177,0.7888964622095846,0.8341327055111022,0.5927343846453718
194,0.43542696036345097,0.3919867442287637,0.40752213360406114,0.5001817655327231,0.4083370540113365,0.3818162205465586,0.3791426922645889,0.38238720179608615,0.41153637175202507,0.483956464827918,0.5222003482251336,0.8349452215882592,0.49818630271268133,0.48740388427927167,0.5004875292795802,0.898915882861486,0.5125582395583433,0.6262939854202222,0.6083768838442901,0.596013088411551,0.6662210101511781,0.6662210101511781,0.7727564518619287,0.8324261746617082,0.6015834564849416
195,0.41156910946798425,0.3809997138143103,0.4005825538175092,0.4833888445065927,0.3737683024003944,0.3687910610391198,0.36580052173885624,0.3693215930554251,0.3817200452262387,0.4429423483768924,0.47495045239737277,0.836987208669655,0.4608606995850245,0.4503813587045962,0.4620199479473198,0.9232556679555093,0.4691402139085806,0.6200329406817996,0.5633095121498286,0.5964965428495645,0.6496590671732159,0.6496590671732159,0.795820616133392,0.8345175115900405,0.6206297095317013
196,0.40807530356730304,0.3830114702834069,0.39382696350562374,0.48635408029006233,0.3841989842518984,0.3661822269900474,0.36138306406016707,0.37334833839454545,0.3759167172099497,0.44736362569673394,0.4799235256640805,0.8956325701276883,0.4677897152336287,0.45893517079855656,0.46531877805785715,0.9306970779456459,0.47023340638888617,0.6501470276367262,0.6011534764889755,0.6424976946208071,0.6906902828313664,0.6906902828313664,0.8790984303138341,0.8924426231688158,0.6327723325458973
197,0.41919643242429727,0.38479475699653864,0.4165100439941093,0.49457311653907576,0.3906459116006878,0.37183017866432166,0.3772748386551454,0.3784890883713898,0.38452180793340257,0.4146471952487395,0.43772709229762774,0.8285659772261512,0.4366300732519202,0.4077360025127618,0.4334627229758436,0.891701140551879,0.42404698402168,0.5510943734130977,0.5448922169684144,0.5841582585991868,0.5762887732914908,0.5762887732914908,0.7577566014908521,0.8262086972996394,0.5559860908258146
198,0.4005406717149863,0.3740107356983016,0.38974194091489056,0.45938204303891916,0.37157373517732634,0.36357414543311883,0.36429061788364514,0.36600016505903527,0.37051751397356764,0.4134989342900944,0.45087474364562896,0.8618830987444351,0.43759802732930936,0.43047463204103226,0.45121636845546453,0.9250489582346575,0.44156200713667487,0.5635712405853145,0.5417593982243328,0.6049437259887517,0.6064600859901798,0.6064600859901798,0.8015048903575089,0.8591180099127451,0.5864536972003677
199,0.4019590911156624,0.39125017009878843,0.3953360979143937,0.4957313957184468,0.37956139000218575,0.3703682857865355,0.3710398066533797,0.373606494744659,0.37790789409830516,0.45742238423184617,0.5048299477608174,0.9193850998678679,0.4662601543861141,0.46934439078961027,0.49002188625156273,0.9611909071293057,0.49032870951326796,0.652238077967399,0.6529778914297026,0.6290728238078184,0.6808253702451581,0.6808253702451581,0.8901887973853728,0.9157958104022701,0.6508295190205949
200,0.42917590248087895,0.4122544261119013,0.42506217740687247,0.5234033821435912,0.4139385002091603,0.40803660502536143,0.40591940189449127,0.4087102061209305,0.4132865384097686,0.4595528303023128,0.45897035576033857,0.8201807378950049,0.47232112846291857,0.45134806148817025,0.4605718467126697,0.8675961700217222,0.446238025708791,0.5723686799751626,0.5780262851291397,0.6005989651401813,0.6021792171465191,0.6021792171465191,0.795820616133392,0.8180250436826361,0.5911361070735848
201,0.43690673330237195,0.3773898619465211,0.4214603112861887,0.49453495244082646,0.37693610641626474,0.3643938899588514,0.36652674681518194,0.36487223168054855,0.3819547475012761,0.46114037058774204,0.47924758988845645,0.8201822326277008,0.46162060295047697,0.45338464097894043,0.463912898004593,0.9052897212713992,0.4593015276837932,0.5786378364804716,0.5845243673920978,0.5578634812009222,0.6152004781433393,0.6152004781433393,0.7534159684944897,0.8179019629271,0.575509932437257
202,0.3992529393926201,0.3927314884260653,0.3953376069387601,0.487822112247627,0.37623522474423726,0.3800341441290664,0.3773079228842944,0.37853623713403356,0.3752745821129443,0.45050431194580015,0.4763762640999497,0.8240688271733033,0.46395120442453175,0.4698396043082939,0.47557986606599423,0.9166266041221571,0.4645678064493637,0.5925240714107742,0.5811326382774015,0.59467207163757,0.6372318199279143,0.6372318199279143,0.7850472140374166,0.8217528102316674,0.5938466300621382
203,0.41430928511121345,0.38564602921255153,0.40047844336213484,0.4853241344777549,0.38685930114351247,0.3641944831872404,0.3640386786371514,0.36700786346830344,0.3813421671471748,0.45029454967308014,0.4873357137067413,0.8558638962393175,0.4672139999236475,0.4624072093801896,0.4763558049826425,0.8808750468363307,0.46727363224557295,0.5981647440987823,0.6069136285773701,0.6023585137290671,0.6303334235218147,0.6303334235218147,0.7946647765777556,0.853149891545678,0.5898083438471853
204,0.3867841272742311,0.37670848902948284,0.38399826488797345,0.483993505652601,0.37727249667468593,0.362195169738792,0.3650564310321304,0.3607690233285892,0.3767895046249957,0.4293574770526298,0.47787648567425534,0.818595233824579,0.45275812691220024,0.44794105356343084,0.4649646535061012,0.8842661958864997,0.46398957914272887,0.5991921672965065,0.5812437143446475,0.579800750510474,0.6362852341925473,0.6362852341925473,0.7966080507993648,0.8163918304340506,0.5989684058775698
205,0.4048069629954505,0.3785527311840963,0.3926088005405093,0.48674598214616316,0.37341929190291506,0.34250546815113325,0.34246701644362015,0.34288172927912647,0.366907330272359,0.44867502497320555,0.516801751427331,0.8993343441642837,0.4704337041524757,0.4679750622406335,0.508152712830757,0.9823650286416964,0.49397729972295307,0.65573556492327,0.6553007353642013,0.629749995060577,0.6783326723669332,0.6783326723669332,0.8634590801724145,0.8959721106845373,0.6454509007092254
206,0.4254005598206463,0.39587523264957963,0.4170751390381846,0.49293755559359503,0.3864732132170718,0.37908743230796316,0.3794872085795759,0.38206498594315796,0.3846501901713643,0.442748326037962,0.4707400251691487,0.8899993842591545,0.4523526522968366,0.4488230513307599,0.47437500265104,0.9441424893339759,0.4489198561535476,0.6181861425430901,0.6184489198683636,0.6162911235731858,0.6421896290819463,0.6421896290819463,0.8571860653061968,0.8867586734927282,0.6206297095317013
207,0.41696525855799665,0.41676511601798316,0.4074457433122965,0.5227807737841972,0.4164038664047222,0.3995993446078755,0.39532009647144706,0.4026454287633836,0.4056230432694299,0.47249151076035834,0.47659053012758007,0.8272915331654161,0.4811057988223861,0.475446024308017,0.4719883765255254,0.8700377415333834,0.4615557922814056,0.6264839624670773,0.6077975897702133,0.6142702755709767,0.6546917628493526,0.6546917628493526,0.8326729153179451,0.8249545962167812,0.6111993460542362
208,0.4117238146491582,0.3974232976943048,0.41760527268304387,0.5133182071733844,0.3911513233226215,0.38070310147059017,0.3788019832309265,0.37759501852999067,0.39689087343684676,0.4437341777092325,0.4883232258572318,0.8122613510735782,0.47998769680100534,0.4474528303371902,0.4892415125794496,0.8897451898662734,0.46013228424449065,0.5870433889437062,0.6032079471720824,0.5800870417006023,0.6056524689141546,0.6056524689141546,0.7822888332913988,0.8101693038379376,0.5851557513051586
209,0.4112842505476385,0.394609103540773,0.39208496924929265,0.48184549537455407,0.39051555028794,0.3870732748461757,0.38285543967202657,0.3850576045642535,0.3888317604408006,0.4696176706072806,0.4804498254238287,0.8374517762307451,0.4686745103377259,0.48159563360901386,0.47788683155315065,0.9120917782542034,0.4670760275824995,0.591704665038695,0.6032312034531429,0.5818576920793204,0.6290198117692072,0.6290198117692072,0.8166585601130781,0.8349287383354921,0.6008684396914868
210,0.4160825026878032,0.38657441414444843,0.38999565717164136,0.48014792898390285,0.3997425250538063,0.36889715556975283,0.36599051882494854,0.3694113809912475,0.39789913659491866,0.46306287279033825,0.4889438026886116,0.8368984340932389,0.4811021956906933,0.4744756054468417,0.47653650762895106,0.90342071332254,0.4757828954254288,0.6293003853504985,0.5837251643978961,0.6160252932876491,0.6665209495668378,0.6665209495668378,0.8001172453445197,0.8344484350884506,0.6058307940740609
211,0.42505453067505705,0.41246208339986573,0.4164706779987997,0.5246921978249863,0.3986241774538112,0.3843669368916339,0.3799185325643615,0.38761128933699796,0.4026717820780438,0.4502630326279275,0.4690451892741424,0.835789388892844,0.47535306618928563,0.4503243818002434,0.4721072247685203,0.8842661958864997,0.46268438005582885,0.596898840316228,0.5938510784533827,0.6040447884587261,0.6147277223826559,0.6147277223826559,0.7989814251448009,0.8334044362491566,0.5893521285550709
212,0.38753854774690727,0.3703573050840491,0.3886766425186462,0.483993505652601,0.37617803242305475,0.3597939131417415,0.35877691107764725,0.3545593698403539,0.3734907202983626,0.4486770730261308,0.5152582505574383,0.8430785393927089,0.47216613773470706,0.4723341893440321,0.49188396790842803,0.951929216713422,0.49114044784199395,0.6427940980561577,0.6210299638093771,0.6297864201437575,0.6654313567202865,0.6654313567202865,0.8491932823739191,0.8406003237474312,0.6317888267292578
213,0.39212181919520167,0.3934769850394999,0.384933883482179,0.4873921508146954,0.3864627894684085,0.37508444954270614,0.37041555220827754,0.3828044463770821,0.3807259149901265,0.4347299557150769,0.44779190196460406,0.8526767310153291,0.44589334005713216,0.4412470538036536,0.4484855264728506,0.9062716477888245,0.4425612805073604,0.5965618758683243,0.5772723360608195,0.6130328478898803,0.6323369214132741,0.6323369214132741,0.8410978171079065,0.8500343782095434,0.5985524462547998
214,0.3982436707615752,0.37651099173419283,0.3937606631822329,0.489744341496514,0.367727244833845,0.35732829539731525,0.3577030073677163,0.3560519483059031,0.3689544629363588,0.4451234550323833,0.5012232590049038,0.861002471621339,0.46565040279204056,0.4578283004649421,0.48500130575782036,0.9688536432547132,0.4811765766599395,0.6309820832401319,0.6159524695221003,0.6078631612370103,0.6512841757779688,0.6512841757779688,0.8044948709765872,0.8580388551436388,0.6293678580813407
215,0.40979616171673633,0.38765898555177564,0.4106533485318708,0.49429566917784484,0.37236403571273863,0.36428071138692025,0.36343184854511773,0.36673094976335036,0.37507889187092086,0.42681734431866386,0.42793231553620303,0.7988533005596714,0.4369909055594252,0.42347001124741995,0.4321672167233306,0.8848309472397397,0.41515303014307176,0.5640811149187995,0.5483536625509118,0.5807665476363462,0.5941153055353487,0.5941153055353487,0.7627477230990455,0.7970029956867277,0.5648614465575799
216,0.37401120003352817,0.38131628036938425,0.3759867104937735,0.4549087314679611,0.37034165127971264,0.3718275573881024,0.37203897825871746,0.36884432303983933,0.37323270830186833,0.41362959113320685,0.4806843206865032,0.874263921907228,0.45032524592906076,0.44543469283221465,0.48455770560846506,0.9981722871073516,0.4694136000264923,0.5929428727666547,0.5670818517402267,0.6365322030778433,0.6332083404260471,0.6332083404260471,0.8469181095376015,0.871318377880851,0.606867509167122
217,0.398121210193676,0.3852578301442001,0.39324156053835635,0.4790117533589126,0.38487079302759974,0.3775319271699852,0.3751221087539428,0.3737329749421967,0.3850511941411668,0.46009686321702525,0.4982014510049012,0.863958131703389,0.47573778110619797,0.4753511739857103,0.48779095719140814,0.9414754402912086,0.4808416675168177,0.6210514066479274,0.5980463468835308,0.6284021497080422,0.6666590221104042,0.6666590221104042,0.8597238692222674,0.8611604906654191,0.6323153041816367
218,0.4082286666748603,0.40223984632163484,0.40219773774167045,0.4921518778677503,0.38971563624191163,0.38046608346036287,0.3795526189621221,0.38103556916474346,0.38823467612622187,0.4218430232176349,0.4551157695388503,0.814658725956403,0.4702874641193969,0.43874326547752157,0.46707795813573433,0.846846269155053,0.4442333867740621,0.563309237019688,0.5465881118224686,0.5789806157718557,0.6020457374804516,0.6020457374804516,0.7817670755935797,0.8126583277651404,0.5726679987478059
219,0.4074469065898426,0.3732280170934962,0.39315264810698575,0.4830273590201693,0.36653932350594354,0.34680256156704153,0.34422424497942794,0.3452654488530456,0.3660004874899599,0.44541980482683224,0.5012955576328443,0.8245481852861998,0.47177127841212296,0.46247397030716925,0.49444020799055094,0.9172901946348004,0.48298200803116775,0.5969659937296752,0.5929151508081253,0.5808798628445455,0.6264143003300663,0.6264143003300663,0.778613063095438,0.8222482049582692,0.5896051082331688
220,0.43180953505159464,0.39680679466241603,0.4202806533312258,0.5118614990099581,0.3861951116988739,0.3815252372443986,0.3794994668004594,0.38209588820739115,0.39169792478715143,0.4601201052070722,0.4800145051021686,0.8225235535995521,0.47626640628958267,0.4600469038745425,0.4723627612525343,0.9021301801726265,0.47522522339086903,0.5920415018186015,0.5863650047112504,0.5871544109970308,0.6240115936828884,0.6240115936828884,0.7666798379417782,0.8203384643264867,0.590513192184407
221,0.42017473945027856,0.3930085704523394,0.42397213488349655,0.5021381772232264,0.37907463319879886,0.37182917896212175,0.37614910751482655,0.3638494034358396,0.3817220657416886,0.4437757372046296,0.5088016898183767,0.8515135855027647,0.48118979207280704,0.4580213133514948,0.5041265215477239,0.9346271845856797,0.4835016484593508,0.6231783610909095,0.6181336431901141,0.5916039941650151,0.6353397508735569,0.6353397508735569,0.8219494550785788,0.8488895332749151,0.6249634864253949
222,0.3994590042884171,0.38969324960367596,0.39498453180847914,0.49588990739152194,0.38521580954880474,0.3715873233011161,0.3684623531101766,0.3684066584888429,0.38844142489155487,0.46460306909103316,0.5004992576417335,0.8482057359778169,0.4833500694687355,0.47750250928748406,0.4822263790138569,0.9372599341927462,0.48394388168323527,0.6636610098199742,0.6152933828455102,0.6247561062386512,0.6866775298030167,0.6866775298030167,0.8326678174794275,0.8455806794071932,0.6537465055529139
223,0.39222259326167763,0.37934370571077264,0.38752336044501307,0.47399572712651394,0.3784657630206437,0.37535919262122164,0.374038021949872,0.37593885259189824,0.3776400764383269,0.44250644113022924,0.5048078945687756,0.88024882394815,0.46783810836715706,0.46174568710387703,0.4909684557637736,0.9384665403079642,0.4845264079339196,0.5970717336519117,0.6018169145604155,0.610261985773833,0.6334054937147114,0.6334054937147114,0.8185989697584678,0.8772186561079008,0.6004500840991844
224,0.3807407322264671,0.3740464809020198,0.3858363605960884,0.47017847675266483,0.36248414632610715,0.358385225650372,0.3585849630338935,0.35884748046484816,0.36526462243587543,0.41989910134698,0.484785590627691,0.8662921801160063,0.4502635193014908,0.44244875909871967,0.47665068022250096,0.9844145331123899,0.47171500904167485,0.607546055239614,0.579967627862027,0.617683793681326,0.6518291048405479,0.6518291048405479,0.8139303894531571,0.8634992091401298,0.6024292557556609
225,0.41784973135636694,0.3988606334824451,0.41270591392688166,0.5031483658005191,0.38542389958453316,0.3710552038958719,0.3702905814136369,0.37986649639790715,0.37754550180401325,0.42279411160045666,0.4315112445654225,0.8057136888695472,0.447772031977845,0.4179563008334026,0.4399664807063967,0.8483602137200716,0.41705715058321813,0.5557191879540021,0.5418638103747174,0.5777184918607569,0.5809281358825499,0.5809281358825499,0.7480642960342939,0.803711259023988,0.5529613834914805
226,0.40168364862906286,0.381410766251765,0.3927399930473063,0.4779544998059432,0.3656532889852264,0.356578317339906,0.35559325828628874,0.35703816247976256,0.3645893672042412,0.44467538630671527,0.4616681957198954,0.8434594909388871,0.4474837141107543,0.4536398257688677,0.4476147960157147,0.898608855577659,0.4540242569244498,0.6075298020709609,0.5845382754304793,0.5860343915736205,0.6300892987529596,0.6300892987529596,0.7889854719501536,0.8407778862491221,0.6075492171334294
227,0.4519848741713708,0.4051322906777388,0.434830532945654,0.5151495423961644,0.4007526892812866,0.4022992997111678,0.4077656352148851,0.40087852472567803,0.40292819653149825,0.48291209405041935,0.5050460957951107,0.8465416874806914,0.49226597077359113,0.4801791183132228,0.4915245097198154,0.8705896021389187,0.4803306818197493,0.5926418997286986,0.6255657509551498,0.548386908544093,0.6282391307287335,0.6282391307287335,0.7585654533059516,0.8438935976583218,0.5957935763828986
228,0.4206804278930359,0.39974435494848926,0.4125714376035604,0.5021381772232264,0.39781831608646284,0.3816427453923968,0.38423322302210866,0.38443790173928805,0.3932257357206776,0.43850716000153234,0.46640804850754936,0.8066082985096323,0.4610075015392959,0.44302189668583103,0.462751701706077,0.8332709066579992,0.4589810995196891,0.5728800453109185,0.5586677564965383,0.5801261050582647,0.610363184323555,0.610363184323555,0.7415226905553933,0.804596911527304,0.5651423176749857
229,0.4191668942339622,0.39705360819348146,0.39886544802525586,0.49025370993621176,0.3919047695365784,0.3818189906550228,0.38029228648242813,0.385158060417776,0.3849797682378467,0.46403875649269277,0.5210145681107862,0.9540811314675007,0.48415682164081714,0.48647155723100977,0.5168138694574157,1.0052612612279348,0.4976556061550795,0.6546272353532335,0.6657221359852892,0.6769403139001978,0.6877869714735401,0.6877869714735401,0.9258790744366198,0.9499500371762805,0.6479711267652866
230,0.3969724875780438,0.3987933661625699,0.3895714620849306,0.4924380454636161,0.3859541171376321,0.38194663056991046,0.38129170007196617,0.382523218910167,0.38666708302700226,0.44757358197745384,0.4752145877261485,0.8150081971259147,0.4663440140837933,0.4671183881742064,0.4762889503673694,0.8894611028175563,0.46303053950283746,0.5967375617696393,0.5749344043321359,0.5904353573919624,0.6448813533893908,0.6448813533893908,0.7637420093582453,0.8129299056659468,0.5939649658795724
231,0.4259024998748931,0.3883271742790198,0.41272111740335665,0.4955367790617395,0.3843052129656628,0.35784451028228625,0.36378605524946295,0.35826657517517013,0.38231583611835973,0.4419651701866217,0.4538580627168839,0.815431598429613,0.4457220755259482,0.4439760885265067,0.4460505108261901,0.8885497976749643,0.44461643680388535,0.5887749717604984,0.5769742672027247,0.5856694484016348,0.6244884287639826,0.6244884287639826,0.7711895007318256,0.8133216108714473,0.576326303673866
232,0.42868258250397767,0.4044343959673454,0.4100785293565026,0.514615704837928,0.4018205486884655,0.4002504740412992,0.3961918259052257,0.40593916897234833,0.3994879145847978,0.4776953684929203,0.47617904369214814,0.8406034204686906,0.47386898329883403,0.47195257212358566,0.4667491706298636,0.881523623706469,0.4652728348997136,0.5999818760430593,0.6076471448452317,0.5841582585991868,0.6324270087398004,0.6324270087398004,0.803952949050599,0.8379978197140026,0.6034687728163589
233,0.3925755671610648,0.3709341338427092,0.38935439728358756,0.4695005623372669,0.36149900278187913,0.35042334534925457,0.351143463788505,0.35081640209961623,0.3593435704039421,0.43061981695833823,0.44871634430852864,0.8374517762307451,0.42966625717496343,0.4404957339631412,0.43691508672777,0.8981485616981182,0.4410395610388781,0.5859853914222196,0.5709645902715869,0.5860343915736205,0.6208483552437964,0.6208483552437964,0.7889854719501536,0.8349287383354921,0.5904057486998736
234,0.39772433475072155,0.4114436560664412,0.39402028791356475,0.5045535308766195,0.3903362613192555,0.39484741688359154,0.3967547932104289,0.39548130962581013,0.3907230425010716,0.45908469720479494,0.4554077044261068,0.8184714062459562,0.4526759640862967,0.4605489865226721,0.4529356640989917,0.871284213087977,0.4465475192469755,0.5814469769846202,0.5887306329005427,0.5623919672820058,0.6201960865229693,0.6201960865229693,0.7820619927628663,0.8163013153762955,0.5901538830321749
235,0.4128786455921869,0.3848283140652993,0.40838899310551524,0.491884047045804,0.37987504489350316,0.3693788459011305,0.36928020198089984,0.3721684858971977,0.37616973965044065,0.44105402334654975,0.4512206865784516,0.8052572122967815,0.4483485461199792,0.44063906882519743,0.4378277947222803,0.8632441348450133,0.4444818066389612,0.574283701391069,0.5414841786538468,0.5871934841636621,0.6152302605786035,0.6152302605786035,0.7589531428059989,0.8032958704390968,0.5713511670156434
236,0.4030914139426822,0.3637492609739485,0.39347087394887686,0.4694364271995086,0.3750236948200086,0.356853788433457,0.35383862790008636,0.35550172789698486,0.3798409682441912,0.4443738314856216,0.4996025063201349,0.8379494180384214,0.470031430791801,0.45588317385444727,0.47899049353437,0.9061977332360759,0.4864545108032078,0.5793242929156405,0.5821318332760782,0.5935580168607747,0.6162405122099508,0.6162405122099508,0.7767571330896521,0.8355465871374947,0.5919814839538297
237,0.44572762425541906,0.414242267760448,0.4449783480622018,0.5299656001241888,0.4039681858959352,0.39215390829337143,0.3990922650321396,0.392781157490618,0.4042282987627665,0.4627060478475355,0.464536183528788,0.8210824409564049,0.4673546521295668,0.44729466947812047,0.4584968795640872,0.8758706218413183,0.44738048728963875,0.5928487181393749,0.5992554976090789,0.5817689481105285,0.6248560844036155,0.6248560844036155,0.7726415661861114,0.8188894167489956,0.5807772727068424
238,0.41318278470593783,0.38692606015655867,0.403826908551304,0.4933654677334914,0.3969627623230934,0.38345144339518894,0.3856650548743144,0.3799046073141796,0.3994114811944912,0.4623443859507216,0.47504428131013804,0.8087170740363576,0.46552078792782003,0.46775789600293965,0.45663652354489803,0.8856653613528119,0.4577089375753908,0.5984879651578836,0.5895183031749831,0.5895443691986131,0.6314926893850439,0.6314926893850439,0.7797866267741269,0.8066045750995304,0.6005049925420889
239,0.3935975149627053,0.3780066190717295,0.3891382675486697,0.4706256457781226,0.3712686366492683,0.3585098475119974,0.35899875573426193,0.35894792346965154,0.3744762201538085,0.4186614615426585,0.4648116667807182,0.8242819449357098,0.4415068383606307,0.4344982507919594,0.4679204173415868,0.9614132684950618,0.44484922839949553,0.5775516239280892,0.5686044034666036,0.5988785342945675,0.6039646450432278,0.6039646450432278,0.7715881645214056,0.8219985860557749,0.5877828811839154
240,0.3977128115380162,0.3779931381952453,0.38943252863856903,0.4812228037248804,0.3743051848862345,0.3604539562707708,0.3557680010554286,0.3567314551719518,0.37945544237335926,0.45480503779452275,0.5017407276762147,0.8733157441236786,0.4692339135620685,0.46995487611056647,0.4918685414557385,0.9871331781439993,0.482837885320123,0.6596188304095754,0.624111403525255,0.637054231553626,0.6767205314933568,0.6767205314933568,0.8841967048373902,0.8703678554390687,0.6535036831538966
241,0.46936295925800275,0.40172668814707985,0.44509765757629605,0.5150598269650026,0.3839550509823363,0.3810517501047042,0.37683178389388855,0.38540505469097164,0.3846098796434969,0.469830221788775,0.48543212290950977,0.894839675642786,0.49041435275481393,0.46768413736375014,0.478408136000421,0.8931464035037338,0.4745805817442357,0.6261378609712216,0.6182182836020023,0.5887367914314482,0.6413658065136154,0.6413658065136154,0.8434298402086285,0.8916175436793178,0.6286750304881318
242,0.40410243868340484,0.3787035025794256,0.40173459241492443,0.47954230307589424,0.36877233154212397,0.3559257901823957,0.36069982708654974,0.3563605878870346,0.36599461779597076,0.43272161730170505,0.4732236453223364,0.8805136615933402,0.44301562983157683,0.43577575626973497,0.4637466129638977,0.9608381497532786,0.45420924797655055,0.5913355343855319,0.6085710065644606,0.5891678357605448,0.6097857934363574,0.6097857934363574,0.824139854478907,0.8774445146273517,0.5972927157977679
243,0.3885701221816089,0.3903040967462253,0.38018046741640554,0.4731189298186483,0.38661733739480425,0.37148513692900365,0.37164056624717906,0.37439056994402625,0.38483319465687355,0.4380481858529881,0.4526685189185178,0.8307553695924673,0.4373400536579626,0.44845210050052686,0.446051534124446,0.9035085771144271,0.4466292273978098,0.5944843835806048,0.5680263225023544,0.6066858316437123,0.630883828462523,0.630883828462523,0.8004074960553459,0.8284469642760313,0.5904868825709736
244,0.4310772062606449,0.41421099914788284,0.41256382278668713,0.5055509778186175,0.408874841911278,0.39405252978582345,0.39192686690102524,0.39933311440801256,0.40620489323731523,0.44538529844692404,0.4610076042330833,0.8015012527814519,0.4701067271663947,0.44931418587513094,0.4709688448606232,0.8530057786419132,0.45109118880720156,0.5557191879540021,0.551708278229965,0.580865014615759,0.5975734492649073,0.5975734492649073,0.7418231454017278,0.799602899937506,0.557890346424026
245,0.3926185243889709,0.3862457499778579,0.3879970284466883,0.48915747880364946,0.38467754401126,0.37350582646395347,0.3727116372264909,0.37406346643042016,0.3893190888126691,0.4346043797529219,0.4792687135474989,0.8328456305074186,0.4548033742526129,0.4473394093954521,0.47495157931985216,0.9215340669281318,0.4706645086597458,0.5826000896309969,0.587792148853857,0.6106470000975808,0.6109894657161968,0.6109894657161968,0.7719233584013512,0.8304857561978952,0.5881601918371641
246,0.4106839551799966,0.40207479031397036,0.39364994759859046,0.5021566116209115,0.4113823356553443,0.3830995350305813,0.3816976292883237,0.38930889756730463,0.40493840808218745,0.44531473687672213,0.4727688198523515,0.823761741126454,0.47232112846291857,0.4535651902064377,0.4712973542814881,0.871755591094834,0.45228247538507454,0.6044412998116085,0.5812525767464471,0.607044408027417,0.6362558728453708,0.6362558728453708,0.7796983770188842,0.8216030430024833,0.5830984988903017
247,0.3936216297006314,0.3776614667388124,0.38564343312132615,0.475314255485132,0.37965097953799254,0.35897913588821273,0.35785250310116634,0.36377778642340747,0.3746263959309298,0.4246141380173003,0.42981175927925486,0.8108183527868962,0.4370831429096999,0.42701895296785414,0.4185151467915292,0.8430882020114562,0.4225431088320627,0.5599903125443693,0.5460648477790321,0.5824564256348372,0.5875061904110828,0.5875061904110828,0.7721059979617707,0.8087579941653041,0.5708699462115236
248,0.4367417011555385,0.4056965820009059,0.4377908375469573,0.5189985533482341,0.38848865865400733,0.3778862657510219,0.38862406527270466,0.37842583992576495,0.3893362857309646,0.4341654158273621,0.4173531214338571,0.7815947576302713,0.4440282155980753,0.41813229124640927,0.40012278390109896,0.797443730968199,0.4121308425003173,0.577369134895999,0.5467918966054279,0.5461045161561691,0.590352253287397,0.590352253287397,0.7288217232838321,0.7799499471984582,0.5698758833841937
249,0.3825523298032351,0.38154386990697164,0.3750746556942525,0.4461361976113214,0.37271518932711234,0.3621564780882623,0.3591312593057026,0.36467007484288694,0.3753630557519278,0.42205481414071855,0.4641084366994495,0.8969099607809503,0.4376142398336475,0.44212860282491745,0.46472394057456207,0.9761599998906307,0.45187567761216857,0.6138018135369169,0.5797736289069265,0.6412435271212462,0.6436978198998083,0.6436978198998083,0.8749847710078468,0.8936408517978308,0.6153027111568357
250,0.4176991863114304,0.4072312072872124,0.40802057381971124,0.5151074162329395,0.3900265842455805,0.3864700773793928,0.38686936604597183,0.3847647299450971,0.39040498870564533,0.44969595676187285,0.46830295538244415,0.8245381158957373,0.468847014701181,0.45772641019883137,0.47404528328639717,0.9160148954415384,0.45841610791634496,0.5967375617696393,0.5940196984712367,0.5894050109277907,0.6211295685962323,0.6211295685962323,0.7919886545879025,0.8222699028343031,0.5984974508815833
251,0.3930169125323083,0.3780066190717295,0.39161720281421714,0.4732391799517831,0.3633889124685583,0.3563505636511015,0.3589511233318124,0.36060695678342186,0.3612052184961924,0.41031283314172123,0.4414252540076134,0.8345832331409668,0.42869938347092434,0.4236391690126418,0.4410399255170451,0.9116602921289007,0.43087331434984677,0.5738715598799882,0.5478248242729182,0.5817689481105285,0.6121508221636119,0.6121508221636119,0.7706401475873382,0.8321452474388926,0.5799186532889506
252,0.4435474959911917,0.4218868411700635,0.4260355900774748,0.5375383600667353,0.423058524156114,0.42898166099609697,0.42610967853335896,0.4328220153558951,0.419468120927139,0.4862843331569327,0.4683736028565495,0.8897862927199505,0.47210713161493245,0.4742472126441071,0.4677690520454439,0.932370223551224,0.462368270012825,0.6328017731060601,0.6253571783671114,0.6406013476773942,0.6606263150961549,0.6606263150961549,0.8829284682094803,0.8866196875520548,0.6480201861265872
253,0.40923132125833683,0.3855349603597387,0.39493425893090606,0.48806989061923767,0.37850202331285676,0.3631455595529591,0.3619916112811116,0.3617082253638276,0.3734339259184571,0.46065178894445025,0.5129095831184433,0.8728524207898269,0.48059352373017084,0.47494010224881544,0.5022392783781588,0.9251042006424235,0.488841964351162,0.6344429756623353,0.6297551205543054,0.59467207163757,0.6623875795248152,0.6623875795248152,0.8252418696003457,0.8697506826993266,0.6185820591574503
254,0.42074871680568887,0.39456911928671723,0.4125031501878302,0.4924380454636161,0.38873915388666386,0.385189944800838,0.3863886866133129,0.38380782878304315,0.38503433894132355,0.44852260606051414,0.49551217297731615,0.8525960172413496,0.47517631271434213,0.4622183958429689,0.49562295562557435,0.9073324206571436,0.47432617173464137,0.5936422211660419,0.5869383722445188,0.5910497857164175,0.6401989158770713,0.6401989158770713,0.7972549408677121,0.8499135301734805,0.596595468382573
255,0.4338681254752937,0.40350331778504894,0.41468118588053554,0.5025540104258427,0.3954143819399159,0.37593697455341746,0.37412273250081945,0.37911620158166914,0.3886172476467508,0.46087601408407997,0.4601545791511988,0.8016714837773475,0.4751734545216946,0.46260836352008816,0.4521957681762847,0.8119520797779286,0.44950246098447544,0.5772160491992733,0.5709572197125873,0.5621454526412074,0.6147989404222388,0.6147989404222388,0.7568097472309037,0.7998359414124925,0.5602295331164578
256,0.4103863319287179,0.4005220229267197,0.39368664820896854,0.5038682240679195,0.41045817453288486,0.39657070751015067,0.39218770090472566,0.4015605120910308,0.41124164364523397,0.46015115969251286,0.4718235180065284,0.8492515613441391,0.4613904391297566,0.45854867987060194,0.4672305306171992,0.92220490750865,0.46699381638588255,0.6084994192877881,0.586948220698306,0.6250120615044178,0.6440027957757902,0.6440027957757902,0.8265511093988293,0.8465811532665538,0.6054839684230509
257,0.3836610978327583,0.3843327624092459,0.3724904328812659,0.46139931458582883,0.38195248908005625,0.37386204047541166,0.3729151770910136,0.372498388808192,0.37887259548387914,0.43473829318458973,0.4764534062623676,0.8433023985742204,0.45363140686738807,0.46502924534680257,0.4759099992040175,0.9329673804002223,0.4623666147399677,0.5970717336519117,0.5754931883759664,0.6187675703431337,0.6357729418897946,0.6357729418897946,0.8128985756253376,0.8407265573126873,0.5925418488163976
258,0.4310068822758564,0.39744500472938366,0.40818327079179084,0.4990605787332371,0.40849161954122404,0.39069542946840685,0.38867291632893514,0.3891724363282469,0.4135536784729818,0.4722822026902071,0.5093080779523357,0.8203548421224746,0.48850537007650047,0.47597555542895065,0.49864807196435024,0.875980169458516,0.5020789210825214,0.6012717614442061,0.5829860072968684,0.5846466734136351,0.6437933859966717,0.6437933859966717,0.7644394666563321,0.8180409358627159,0.5984974508815833
259,0.4092473360975885,0.3945705695601339,0.4076254317537347,0.49556137057813227,0.38402313842317537,0.37568931808441675,0.37933384864769887,0.3782635871011157,0.3784031209237234,0.42634145416237923,0.4539323653402245,0.821034074335592,0.4522844334534623,0.4355592963609123,0.45001760514294303,0.8719889708327296,0.44396511388797316,0.5740224012929743,0.5606652959102385,0.5863720389726793,0.60208381644408,0.60208381644408,0.7504544854799268,0.8188188330137731,0.5708699462115236
260,0.39596153059008077,0.37565730457883595,0.3998374084164214,0.4892856556094033,0.36132914508756686,0.35069149906475183,0.34939592228924915,0.3470327007011353,0.36747553385000725,0.4371124041389596,0.45048315907623165,0.8078918636938823,0.44578392591881244,0.4398939349269121,0.4314994540455489,0.900719753015057,0.4429985047503304,0.6168081031549788,0.5786898709658378,0.5809030802956501,0.6357496028913125,0.6357496028913125,0.8036896113111855,0.8058940238112944,0.6218553517788891
261,0.3989159138667904,0.38412740410403035,0.38874823866664154,0.4836149955160087,0.3771605129025808,0.3679936178196034,0.36861285010462014,0.3666958665719263,0.3761078415134735,0.4368834195757199,0.5024762694360425,0.8433023985742204,0.47177127841212296,0.4602724189026249,0.5018740968520716,0.9338492552979359,0.4880448671876373,0.6028148188155542,0.5781897226511769,0.5970552495751652,0.6467835513954403,0.6467835513954403,0.7822888332913988,0.8407265573126873,0.5956170546966774
262,0.40293221196803836,0.3907901652306854,0.3980841442733107,0.5046825272076438,0.38699999219866604,0.37852443015565357,0.3779816949866164,0.37496146681817744,0.3850511941411668,0.4686411249367184,0.5585248915515229,0.9456918318940921,0.4998296825647681,0.4935710553681576,0.5433089865087927,1.0604230016689544,0.5396166849744597,0.7009068111852322,0.6908118268110209,0.683902283709208,0.7333193634991342,0.7333193634991342,0.9204861093376939,0.9417549561086158,0.6951545115561222
263,0.3972511186323804,0.3826528121811718,0.387252389802114,0.49328391687314,0.38389442562710724,0.36047895449163786,0.3576038996097206,0.36294275111380686,0.37633239798000745,0.4424467809868407,0.5019755102304255,0.8617779547957312,0.4702842800025575,0.4540170286282353,0.498353563585443,0.9477586026569731,0.48482376548861317,0.6201463079176287,0.6015141428947992,0.6297864201437575,0.6519206207857966,0.6519206207857966,0.8321781783210672,0.8589660318376777,0.6180945505251071
264,0.4518144698736215,0.3996363177531321,0.4380353663098043,0.5225887858941007,0.4023064304531,0.3835555612121251,0.385579624702256,0.3884561781648344,0.4160400635768137,0.45799320710682195,0.45824822122723735,0.7992569655134146,0.47086946338479674,0.4400819945480539,0.4436560092329979,0.8336104888283974,0.4467817743391251,0.5908920108779411,0.5811153188483725,0.5519831721273707,0.6062166488074596,0.6062166488074596,0.7304536068287384,0.7973175317923294,0.5784946476492567
265,0.4282605364847797,0.4177648161279441,0.41786718743752405,0.526594448515417,0.4088195238109421,0.4038937325506728,0.4025834880313699,0.40730889612380883,0.41590645178049235,0.4604831884004814,0.4623592562992657,0.8165502308858074,0.4638139867637885,0.4549271031032842,0.463912898004593,0.9007090326724958,0.4571697817447196,0.5861598332034634,0.5840998784086888,0.6018818174555535,0.623206362386794,0.623206362386794,0.7863382947283483,0.8144761373350163,0.5840918713943503
266,0.4115258925038231,0.3884832796072918,0.39831556215794073,0.48568838728346847,0.3885464950958757,0.37447941383761296,0.3734241392078801,0.3750298662914196,0.3892745471924044,0.4414219793171054,0.48097464704670523,0.8334708804042358,0.46933627600408945,0.45367324087750677,0.4784111307541319,0.8741383940157876,0.468633944741215,0.573703083175921,0.5814698770983113,0.580865014615759,0.6113118573292773,0.6113118573292773,0.764689067501162,0.8310755056966665,0.574521390685191
267,0.4141001750511792,0.394552702070865,0.3986942571446679,0.5036277627136362,0.3963135047576189,0.37372254858568815,0.375191097209993,0.3763191192822638,0.3929216026716324,0.46794634753261094,0.5201568838120851,0.8865304854394979,0.4851010848911436,0.4801665695980216,0.5033879979988638,0.941091404469083,0.49885678429792657,0.6565479725694635,0.6609564956390444,0.607156286601904,0.6856465558519849,0.6856465558519849,0.8275065902349541,0.8834016417033216,0.635077138326362
268,0.3994989058003794,0.3773898619465211,0.39549985317084246,0.47832248351185813,0.3824945971994757,0.3699115630243202,0.3695609298396536,0.36408499473111333,0.38492434110744334,0.4505989643337628,0.5113824629132189,0.8689418732531284,0.46904693870080444,0.46752650736364393,0.5040478414719697,0.9785192491437384,0.4880160141046388,0.6316376408605242,0.613186290340819,0.6433931274745923,0.6661902433631304,0.6661902433631304,0.8815690228339949,0.8661075469183125,0.6335693823015442
269,0.4101769892753294,0.40312617318394983,0.404522549497572,0.5008213794482552,0.38090112491441513,0.38467994699147723,0.3840198641906681,0.38523125181431556,0.37518506062686996,0.4548130119305386,0.46479397961861735,0.8321558474445712,0.46193349197469635,0.46505577722762914,0.46399558798515494,0.9019499871144249,0.45102822155599265,0.6141622246143622,0.5792292402123136,0.5884626224359577,0.6535494609742225,0.6535494609742225,0.7944994121403509,0.8295765743907625,0.6050286264754178
270,0.4138046224159134,0.3885926232471597,0.40683407821530404,0.4921518778677503,0.39591535777304104,0.3869546880630244,0.3845727653010095,0.38137554450639,0.40130419792035404,0.4753746995880195,0.5318175113839586,0.9218341580651135,0.4968543867209679,0.4852682301651216,0.515168771283335,0.9883095124606298,0.5057275882903478,0.6801977198343248,0.654933881430119,0.6697395776827959,0.7008864051917328,0.7008864051917328,0.9520141269508033,0.9182528537113565,0.6927762617951586
271,0.4109426415025465,0.38106570355697905,0.40279160216370796,0.482285642573189,0.3806473492010063,0.37439738085751884,0.3736069810502898,0.3769973362123431,0.38120215498072174,0.4359570467374775,0.47895646122093605,0.8769494610854532,0.4592387635931097,0.44576945242068067,0.47726332460113313,0.9429434069983802,0.4631872248952374,0.5782370471680609,0.588115710134957,0.6098958918937163,0.620804751149824,0.620804751149824,0.8144885699492134,0.8739207257541995,0.5916234797726321
272,0.426497107934394,0.4046191947375868,0.41419850822767934,0.507207327346383,0.4094083094545621,0.39533370098898335,0.3957933117855078,0.4002236750736979,0.40993313183494484,0.44373873939344705,0.4404674108926201,0.8125583717768083,0.46105399847118533,0.44236508093480204,0.4361869338874313,0.8495996014518911,0.4300333146897979,0.5874717146795172,0.5563951746997067,0.5979494748057439,0.6167127470997442,0.6167127470997442,0.7841433719557019,0.810570986304535,0.5999436096675859
273,0.4179507190873871,0.4050145056834663,0.4104500871166584,0.5141206586660018,0.40610904929209657,0.4008055762654614,0.4038611246729649,0.40145232934944414,0.4131769468455442,0.46564530211676114,0.4769717436779582,0.8579523693771439,0.4630159936512524,0.4629154709085491,0.4625015882540874,0.92220490750865,0.48578676414504646,0.6279236635709874,0.5955890414282953,0.6378959533063162,0.6710800618042403,0.6710800618042403,0.8152617065993878,0.8551890173886746,0.6330403592979148
274,0.41436108055735466,0.394552702070865,0.39089588046175733,0.49763949693555776,0.39642761683894584,0.3687745423888354,0.3639546930207756,0.3651925637228834,0.39002560624367905,0.48313606422309524,0.5669847330492752,0.9162038006552562,0.5232032279923675,0.5104442515880593,0.559309422081548,0.9867648869202037,0.5420673988692796,0.7413654604909312,0.6961105107578626,0.6490641691779979,0.738038902060729,0.738038902060729,0.9214120086350391,0.9126289902919468,0.6907093779375709
275,0.40511765806412886,0.38849184140587845,0.3930742499728239,0.4936023690310952,0.3763915528473337,0.36002022583876886,0.3552612018337958,0.35820465859598577,0.37460783525028113,0.45419398383482035,0.5130995312515441,0.9578454425301955,0.48727766354350044,0.4783486121240482,0.5094553189307498,1.0245683126052192,0.49724810556153765,0.7210158958882092,0.6566666079109991,0.6834469376924082,0.73678020025956,0.73678020025956,0.9598922706876111,0.9535479228778899,0.6850869377993267
276,0.38018795384132387,0.3829683071049313,0.3775944120292168,0.46576061816976516,0.3688086385440932,0.35907552061375914,0.3583263597226642,0.36420492591463155,0.3642475088458899,0.41611248426183883,0.44132282064329015,0.8718654813586715,0.42241054706041764,0.43479668701966556,0.44419110256908956,0.9539839932798758,0.4324704834842908,0.6060527256054824,0.5749785299274518,0.63885251510122,0.6355447418206075,0.6355447418206075,0.8518454056390494,0.868932048301043,0.6190372345420098
277,0.40802721717713786,0.38530958142153326,0.40159309247532665,0.49763949693555776,0.3853420460349047,0.3699123487471368,0.36726832460400693,0.3662293691911074,0.3857624059486063,0.4531631801555274,0.5078134668787724,0.8566750317803439,0.48065711898451946,0.4647498550221354,0.5006099518639704,0.9367122525361187,0.48238438753679413,0.6415290222948873,0.6231047580893635,0.621956455803092,0.6516886913464923,0.6516886913464923,0.867440172569268,0.853901009057346,0.649896008927974
278,0.43180371521751737,0.39075348525185594,0.41951806188389557,0.4933796339651847,0.3764257960405288,0.35832039196235177,0.3641097743231652,0.3614780613786272,0.37454533643722826,0.4383165866861547,0.47921236329907935,0.8880964318749776,0.4571489066609318,0.443525576620281,0.47290626526124413,0.951734627516047,0.4660099943150526,0.6218824276395126,0.5978056398202249,0.6158704778027837,0.6453817726079718,0.6453817726079718,0.8172923158633608,0.8849250449345343,0.6226745578529749
279,0.39666824302360254,0.3809050661881236,0.3947718173001858,0.48635408029006233,0.36751044485911805,0.3615666341980493,0.360533743801748,0.36001319826817413,0.3701084539249486,0.4329941707370373,0.4587416749323245,0.8272915331654161,0.44663648466450684,0.43912978649180084,0.4493546953037087,0.9107833829391119,0.4538052146475232,0.5957113364029984,0.5624818758134514,0.5950700405195286,0.6239965820312714,0.6239965820312714,0.7943061863689845,0.8249545962167812,0.5983632517316619
280,0.39124087944020086,0.38525491401935374,0.38944298790471776,0.4842272403483999,0.380349900006473,0.3675746408493328,0.3685891678943552,0.3680745150137664,0.37924891117417797,0.43012391999361616,0.46722718654446166,0.8424208956322833,0.45088800823263847,0.4430293086612923,0.4633969393910274,0.9426114590941411,0.45565597196015645,0.5980080641165109,0.5852538770450506,0.6113249956668056,0.6308912269203893,0.6308912269203893,0.8024214580963664,0.8399438800143799,0.604638102952779
281,0.40320225633825063,0.398171399378893,0.4010468356687993,0.4936023690310952,0.38935419641471786,0.3899786253395466,0.3879553094646566,0.39500484313710327,0.3845848297381209,0.4450229703124567,0.439622275115558,0.8493133989222758,0.44089894237273575,0.44052707233314287,0.43545481663514785,0.8885497976749643,0.43458562306769616,0.5874834356301238,0.5536486284757299,0.6157433059155484,0.6280499190009092,0.6280499190009092,0.8129894708401663,0.846608795384292,0.5979197469909687
282,0.4279506635217078,0.41071337920024614,0.41394854911824064,0.5216772007600512,0.41136259431895544,0.4026492181728441,0.3984117717371253,0.3969440246921263,0.4113838015700375,0.4955049419132369,0.5243498028691921,0.8581823234933199,0.5110599390455213,0.5017052008326016,0.5150034768954761,0.9247606123079487,0.5027554323301924,0.6570807111969375,0.6468732641680733,0.618847627187645,0.6772583518167042,0.6772583518167042,0.8563056455596254,0.855395110331755,0.646343127951213
283,0.3996688844853146,0.39301628223261825,0.39278875651418205,0.48821219281383593,0.3845115808730262,0.3662196926854921,0.36759069112789095,0.36467007484288694,0.3849991675947921,0.4313930970937076,0.5014536788257026,0.8481648970595427,0.47101896714010033,0.45214616878647085,0.5043059819603063,0.920257978805145,0.4904679441118157,0.5979085137984826,0.5881937630223812,0.6064408308572122,0.6355447418206075,0.6355447418206075,0.7857221405058602,0.8456147277897862,0.5905570696030411
284,0.404062054679479,0.3876878555156424,0.4008588958687304,0.5046825272076438,0.3882172453845524,0.3746999741868892,0.3720817195499198,0.37109311848558635,0.39365946335923147,0.461766037735369,0.49887095287236,0.8322609822661499,0.48186079117363456,0.4718091397575617,0.4805451303234399,0.9240603449782641,0.4853180370098762,0.64220671592299,0.6156412078189324,0.6240428066497896,0.665113098830015,0.665113098830015,0.824788153625336,0.8300040883198384,0.6308765918600902
285,0.4252087265146116,0.4121071082021217,0.4126727825822788,0.5109903418813794,0.397669120858406,0.3935088586543945,0.3927312782014149,0.39613096872931286,0.39789913659491866,0.4398818605639034,0.4705782548793918,0.829863350486686,0.4717379045909102,0.45247402816361154,0.48413136700270204,0.9307023308819371,0.4599468932838485,0.5813866794778237,0.5661125728073445,0.607841957003298,0.6218430819050921,0.6218430819050921,0.7648891287007309,0.82751790437282,0.578788203525357
286,0.38485703776595187,0.3902192457153607,0.38258996313550286,0.4811307474620296,0.38196060637443663,0.3662499301347233,0.36144924568189296,0.3688128557975644,0.3810947700409065,0.43849410007545914,0.46892953435233653,0.8137241145832477,0.45744644870517753,0.4520566093178931,0.46509002678694467,0.8822344236812635,0.45449177485935954,0.5954971629381114,0.5759965276909841,0.6005989651401813,0.6250706438798938,0.6250706438798938,0.7863382947283483,0.8116894296620376,0.5923578099385143
287,0.4005433231405887,0.3772684445163872,0.3881509414270485,0.47616668789412175,0.38642074791518854,0.3601698852338856,0.3572405963136632,0.36256313819875574,0.3792387688601636,0.4416617631683072,0.4665178692954964,0.8158012579961806,0.4522710828578878,0.45416852615121817,0.45627240127478963,0.8856653613528119,0.4511716673907792,0.5980080641165109,0.5721382645847513,0.6102900978165012,0.6308912269203893,0.6308912269203893,0.7882649834640667,0.8134991519948565,0.5881601918371641
288,0.412373159659839,0.39725503899013326,0.3932994708101424,0.5059028332126542,0.4065359951228889,0.37326351751224035,0.3705404594490099,0.37375668297858367,0.40395581787429957,0.46150283648763574,0.49336744133967786,0.8264937330352111,0.4766718896984178,0.46235182223370674,0.4909540213046025,0.9190544105281403,0.48204709220558867,0.6146228890379865,0.5973713150628719,0.618092223093653,0.6457023632737913,0.6457023632737913,0.7912838400772603,0.8240951556882093,0.6028155257644963
289,0.41450341269150537,0.39033841397496927,0.4074243661025497,0.4990605787332371,0.37403345866688625,0.3605965010820299,0.3605287268870304,0.35634339566700585,0.3725092551323475,0.4551014401907088,0.5012845524085789,0.8593871316633314,0.4729188248650472,0.4653111323675473,0.4953276384675901,0.9433014637180943,0.48051812072572503,0.6357883354938644,0.6209553566530017,0.605081633823583,0.6533393282789485,0.6533393282789485,0.8351008270547637,0.8566357569161259,0.6249888730597472
290,0.38895915648416485,0.38374658192354827,0.3901840964243555,0.4611785480781436,0.3753647825441865,0.3768797863041503,0.37789775651761587,0.37937807728186795,0.3739734120272105,0.4048123896626953,0.42401466368201535,0.8429182366605329,0.42230020175408284,0.41773600182635084,0.42842066793726685,0.9062200447932441,0.4179761940466205,0.5579817037696755,0.5379951904197493,0.607044408027417,0.5846113210079313,0.5846113210079313,0.7980040663285161,0.8404473417197758,0.5702489771801731
291,0.4184117440208578,0.39301628223261825,0.40693783078241796,0.48065892115785824,0.38133551079354233,0.37283014683441473,0.37243066843855055,0.3798814979850757,0.3800692604463903,0.41390244380569563,0.4435064304515747,0.852665407730844,0.4426521078829962,0.42464030494632415,0.4573655033479811,0.9062200447932441,0.42945107869432136,0.5648704575674012,0.5630614087400065,0.582247843397883,0.5948817295236234,0.5948817295236234,0.7975900945775475,0.8500130950562362,0.5674531531816793
292,0.42029199671393697,0.36423421756415436,0.40808446133234255,0.4818684886270304,0.35786275869081985,0.3422284031776301,0.3431540199046085,0.34076378336006613,0.3587668300520775,0.43940216693510137,0.489133777321202,0.8466226148585497,0.4592015263851498,0.4467969507141577,0.4766355850383993,0.9566421839619199,0.4707416714791539,0.6028087524291429,0.5887725962545344,0.5787430759952984,0.6351149163480474,0.6351149163480474,0.7938708307184259,0.8440365845864309,0.5957935763828986
293,0.4091422018639872,0.3811797786121569,0.40287548523609595,0.4914650619704642,0.3862733096686219,0.3746359208515493,0.37235841747815523,0.3729042000039629,0.3891299811033055,0.46208597353526465,0.495092326883447,0.8739735831313457,0.46466636198221284,0.4622183958429689,0.4781194345191557,0.9548896715946507,0.4774202555406203,0.6295654291609116,0.626753709146979,0.6208259747935131,0.6529657441254344,0.6529657441254344,0.8585477904088962,0.8709388753690585,0.6392795494179322
294,0.41675632806254687,0.40178472293291834,0.41361162043480776,0.5164421143322663,0.3979601904225043,0.3881680944495502,0.38529529658732076,0.38478502446247387,0.40724719895479894,0.4653121661077897,0.49978350537791766,0.8175820225932127,0.4848893418936366,0.46441989370520137,0.49302494539406194,0.9160148954415384,0.47728323332102357,0.6219321119446385,0.6114057642363281,0.5895443691986131,0.6346693865359998,0.6346693865359998,0.8036896113111855,0.8153969240336812,0.6229394280751628
295,0.38388051592642763,0.376393805805618,0.38129607796375786,0.47189042556044725,0.3660606674834802,0.36560369434393936,0.36244568365030366,0.36421984008457325,0.3723410283313332,0.4274766721923529,0.4956419330246375,0.8858445266403602,0.4614522939824802,0.4583026548042074,0.49474994310206916,1.0257062319413146,0.4856524543310893,0.6260008161865787,0.6060275502343883,0.6427683690267767,0.6603883017326603,0.6603883017326603,0.8573597633307564,0.8827531262545945,0.6327723325458973
296,0.4068866702219351,0.3917482648970558,0.40731885689362896,0.5036277627136362,0.3943412514763946,0.38130516259722136,0.3833931513634397,0.3818587580556523,0.3949558410875635,0.45318492433889224,0.4718419701474223,0.8028329733517268,0.4623109347294492,0.45416852615121817,0.45189216577556224,0.8513141355023006,0.45086448799181067,0.5921511688244517,0.592991345895587,0.5771993235417476,0.6185472959213626,0.6185472959213626,0.7658574505753459,0.8009486553342724,0.5858016372771812
297,0.3934251636409293,0.39499487258013066,0.4008417585816902,0.5016324440137533,0.37766673656151106,0.3796754247156646,0.37901229847227247,0.3762461832476287,0.3802859482641663,0.4461783781854284,0.4711069855674038,0.801242806220297,0.46330992143989863,0.4581313791698611,0.46185994241637474,0.9107833829391119,0.46210838407409,0.5968255794432151,0.5763529490634561,0.6002127421220974,0.6284017476692335,0.6284017476692335,0.7678087699121504,0.7993324769845055,0.5953591943698215
298,0.41821055508706445,0.3958581385396469,0.41234539624639927,0.5007645309341,0.39498920038573804,0.3781766140116794,0.3820391537388984,0.3736311664076175,0.39970115365849307,0.46347376943912616,0.4934984317159582,0.8184714062459562,0.4702685794088945,0.4653111323675473,0.48069343096109635,0.8769248326316043,0.4746018672562092,0.6060527256054824,0.6122269686993678,0.5755287556791613,0.6339347500281114,0.6339347500281114,0.7798556374971036,0.8163013153762955,0.6100576639555936
299,0.4285222090406316,0.41248063762818926,0.4316280359267709,0.521661066860036,0.39455270644386686,0.39351749689510074,0.40549229018742766,0.39827178475514396,0.3925473983608386,0.42171998806004213,0.4267135519612921,0.7891214713419629,0.44809470918608496,0.41991991567683534,0.4256806114215664,0.8008838428319499,0.41991161806712407,0.5428657847725818,0.5467918966054279,0.5328086063697443,0.5696026563418098,0.5696026563418098,0.6792504780424167,0.7874598015462584,0.542355816740909
300,0.3828978749896571,0.36026007715933783,0.3726790996620533,0.4557032276283489,0.3588883143112255,0.3441307956754403,0.341049574205363,0.3480749253056054,0.35514689561616225,0.4126317327776372,0.4655091612043778,0.8772458240712394,0.43931108037863553,0.4319872846086738,0.4573655033479811,0.9683070466214557,0.4544540615220714,0.5926418997286986,0.5724278730217436,0.6270011325790409,0.6157579406390123,0.6157579406390123,0.8306178712620604,0.8741940812734712,0.5986287307466502
301,0.38346621361608474,0.3680482968331249,0.37686924309766934,0.46179980681931604,0.3655719045499154,0.3568823307721458,0.35381768756271453,0.35549648927857175,0.3683595663602537,0.43091790755586323,0.5079841224025593,0.8983971446669545,0.45926365256259766,0.4562206799229665,0.5011193672721708,1.0074582260187797,0.48738467256697665,0.6107818200131224,0.6104070475649302,0.6426561557446636,0.6375781368641601,0.6375781368641601,0.8581239956147884,0.8950870611845041,0.6151569480098847
302,0.39984570212610665,0.3913252937057282,0.3854622701519897,0.476863491911088,0.3840365544098955,0.3698157008147679,0.36668155924735296,0.37224180484559466,0.3770117521958214,0.42919010765498594,0.48824071730795293,0.8432836886926798,0.4751734545216946,0.45912690753921054,0.49833088506564416,0.897828402129721,0.47265397935057984,0.5947070392672102,0.5602265836476746,0.6135930083433582,0.6459136814299964,0.6459136814299964,0.8117842808795177,0.8408190397205785,0.5798761874272523
303,0.38955367384669387,0.3809867379116118,0.39753204897983047,0.48373680574087,0.3611492897721739,0.35819997481884236,0.359737989461393,0.3543617086792514,0.3605733207045165,0.44064635366831034,0.484950330900269,0.870791652319043,0.44476830444716875,0.4539374326281164,0.477628932253688,0.9765156745790831,0.46814461657843476,0.628158930197642,0.6087689186751669,0.6227711767226306,0.6665797350680065,0.6665797350680065,0.8419641798081652,0.867813915696065,0.6332668763764209
304,0.40063069440893667,0.3786662071521703,0.39831396975577193,0.48373680574087,0.37153017801234506,0.35479755336429863,0.35591975822805916,0.3552484443723106,0.37223151207103305,0.43864823591297386,0.4764610032034704,0.8485662184711602,0.4522844334534623,0.44543469283221465,0.46472394057456207,0.9286175580033271,0.4646386959610732,0.6016835018290099,0.5879134172199204,0.6064887539161115,0.6372402602284045,0.6372402602284045,0.7872154371968233,0.8459526527412362,0.5989219236102117
305,0.36906001750826195,0.37696960513811234,0.3705979270179543,0.45695687601533863,0.3542871576046016,0.35369198069608626,0.35048476879011875,0.3541336665974611,0.3541816056130032,0.42335809007627545,0.4815325729479621,0.8705250040615787,0.44539954828645417,0.45249241732560386,0.4846855106527805,0.9958439550021664,0.47102200396141103,0.6040715758287659,0.564274730486345,0.6325587475114945,0.6549265289601106,0.6549265289601106,0.8159849224561787,0.8675248389781163,0.6116419865629112
306,0.43617949740600503,0.40174985405538316,0.41785466497982,0.5112268345549238,0.40272519986487304,0.39185521622922337,0.3901634796645761,0.3901747499153308,0.40235183818181675,0.48195694481689055,0.5268327482947393,0.9077493159727508,0.5088985449039471,0.4929696082048571,0.5126319281706955,0.9338492552979359,0.5081386497013348,0.6651754509140735,0.6530436296771912,0.640371324019444,0.6917654487562854,0.6917654487562854,0.8777633912940866,0.9043486241657924,0.6624160507685981
307,0.4419455906884382,0.40393151497130203,0.4215735476824611,0.5122730410060102,0.38341513684616474,0.3873213700066444,0.3891309427289502,0.3879055557904339,0.37950113856323153,0.4714182036544504,0.4888880277847535,0.8697928143345551,0.484422632615173,0.4809629510413192,0.48108497714046605,0.8956233709594457,0.4778139229035091,0.6123388004840916,0.6328666657776936,0.5629818878419635,0.64108392580933,0.64108392580933,0.8099423203552165,0.8668577126132955,0.5989483430536016
308,0.4219634110885893,0.39514187679541574,0.4023486898599515,0.487822112247627,0.388714757021861,0.37694203318056646,0.3746844172337607,0.3774912768609823,0.3843347288509862,0.45175209696669066,0.49722052578515363,0.8519143967979647,0.47768584954922916,0.46662419473797945,0.4977743759587067,0.9327697102396447,0.4849865194916008,0.6029936588220812,0.5771855260732042,0.6085882030261426,0.6452764816424883,0.6452764816424883,0.8071715356214507,0.8492749590480067,0.5956404115419232
309,0.399042576048514,0.3945663349690548,0.3886766425186462,0.48698396449152664,0.38561983109109305,0.3676559741827189,0.36711622420765927,0.3724821235073819,0.3780333500221068,0.43109222191001867,0.43546240044990187,0.7892063463728555,0.44394550895907114,0.43948534321091937,0.43265529232981,0.8336104888283974,0.42801204755390715,0.5682190999919848,0.542355874398972,0.5755287556791613,0.6029765261427855,0.6029765261427855,0.7480642960342939,0.7874004690203872,0.5598891396570482
310,0.3813972085883764,0.38307502835083773,0.38794331443678615,0.47392994502019786,0.3700074042839282,0.36951492300877664,0.3684850302792843,0.37003419045805663,0.3785271165034861,0.41709326836159827,0.4335025758906432,0.80438340964699,0.4343084254111172,0.4287670781940933,0.4366576303096188,0.8971821336833522,0.42480029254097534,0.556088360417356,0.5561865975040376,0.5809683472579199,0.5898202751765833,0.5898202751765833,0.7659042835036111,0.8025039871266876,0.5604399738570502
311,0.42801035954357103,0.39680679466241603,0.4139765284310277,0.5103613776478704,0.4085371646522699,0.39761768506267625,0.4000660290967721,0.4007970115433508,0.417239136312371,0.4652641867264141,0.47412941501487743,0.8702567728421632,0.46462006343713275,0.4592835937895104,0.453954516299009,0.9168126449912151,0.47305912453582655,0.6248204189187392,0.602262995396839,0.6331912462594532,0.6533859096366422,0.6533859096366422,0.8321063370112873,0.8673351027007865,0.6255837504855473
312,0.4533062699084142,0.42518860002273345,0.43661178658911476,0.5310514628347539,0.41862340357432726,0.41393955799283527,0.4166847518715764,0.4146324031116111,0.4240961263938525,0.49015547284937255,0.49053242286902465,0.8251689210953972,0.49951191691066005,0.4844870019575734,0.4776589796746967,0.8276717053518055,0.47943126887105775,0.6094547922653206,0.6122424157812669,0.5694249059438038,0.6518911815376635,0.6518911815376635,0.7580009507795611,0.8229384730263728,0.6024292557556609
313,0.3883048806865463,0.3598476305770835,0.3804181295530053,0.46951232860115916,0.3629689862259997,0.33165695446970744,0.3297726089978401,0.33380152573303873,0.3589922678722505,0.42421988476660466,0.44228134472935643,0.8047577047424366,0.42638580266446724,0.4308553211452104,0.42472968243004866,0.9012295104935434,0.43652453775680267,0.5842392387815178,0.5434398079467013,0.6000976507046129,0.6272898865842055,0.6272898865842055,0.7838959819433015,0.8028075474034102,0.5764345545914873
314,0.3980203277250469,0.38936660238885873,0.4023418236406599,0.49556137057813227,0.3744533021977369,0.3681442476176927,0.371804492862268,0.36660683139010225,0.37724631216940746,0.4470314348973033,0.45850379397108604,0.8300604033428539,0.44714752300312116,0.448899191354468,0.43954984677407066,0.900719753015057,0.44337221725831105,0.6185045778600647,0.5910049116499373,0.586443791744576,0.6493410948680913,0.6493410948680913,0.7964894707090698,0.8277475715277446,0.6078471391988889
315,0.4087942538515894,0.39514187679541574,0.39472994750938584,0.48500458983213474,0.38391750030028293,0.3739610539649931,0.36939410879557955,0.37691922038176123,0.3760554935961406,0.44863686843620226,0.4737313274029302,0.8405628672145523,0.46156510854538146,0.46201726584264097,0.4766355850383993,0.898608855577659,0.45991352277853287,0.5965618758683243,0.571331048690778,0.6005989651401813,0.6359139170504672,0.6359139170504672,0.8157933697776582,0.8379726267321637,0.5938448435096929
316,0.3890960021425704,0.38483136634205556,0.3833226122879832,0.4866379165864672,0.37392426390552214,0.3609736806508296,0.35808279680186533,0.36355855230139783,0.37476442052910663,0.43582820214490225,0.47895646122093605,0.8350864537959677,0.45987737356866326,0.45497723195007866,0.4789474314320845,0.938283618902154,0.47404396727735915,0.6161261064721304,0.5774694352442582,0.6166890195089385,0.6657326960073557,0.6657326960073557,0.8084590810791895,0.8327469265369789,0.6173725666187628
317,0.41260410743207837,0.39526075142105915,0.4129030846129673,0.5012045141259833,0.3771803764448331,0.36711099700509153,0.371640994234492,0.3698789825695155,0.37552640581552377,0.4356858999364936,0.4593158954488025,0.8424208956322833,0.451251961227455,0.4369281148155025,0.4541877368509555,0.9082353651140089,0.4483960734860933,0.5969055263887132,0.5777237375743313,0.5968351428367751,0.6274576818482879,0.6274576818482879,0.7726415661861114,0.8399438800143799,0.6001233888877038
318,0.4440731789085495,0.4347443946723838,0.43370319737021723,0.5384859107468515,0.41758162290678186,0.4149128622185267,0.4194495789020976,0.4156173264563906,0.42497653937480445,0.4645269887826768,0.4734701140907326,0.7878747781356239,0.4837976658513476,0.4647658167439879,0.4803264871404065,0.8409765680237308,0.4621484940412309,0.5714730437343697,0.5800122375441785,0.5611271270981262,0.6115451245440192,0.6115451245440192,0.710319924099712,0.7862186314159957,0.5686860643632162
319,0.404168167028334,0.3860226975647937,0.3975465040721235,0.4736310797309966,0.3751316991144439,0.3737055975680283,0.3717639617189522,0.37173847765842694,0.3755676684392093,0.4480374441791758,0.48160210712195617,0.8833450806381435,0.45067062330053126,0.46074727161966605,0.4787550445309462,0.9824247386487237,0.4695784400189877,0.6141512581222304,0.594363112400039,0.6412687941677147,0.6513295674462185,0.6513295674462185,0.852442325252519,0.8802110445682715,0.6225036623161784
320,0.4073416464221899,0.39776518308536896,0.3957010643603768,0.4960802914571851,0.39110591093213826,0.3639212693502037,0.3617855779497679,0.3727183845963934,0.37996879553641477,0.4437636522885353,0.4505423415706559,0.8225744026379557,0.4462196173183558,0.44348274026492135,0.44821103584210925,0.8675961700217222,0.4402340518146954,0.5965618758683243,0.5620584084335744,0.6049988725311127,0.6340336742844074,0.6340336742844074,0.7983944667201545,0.820310472915913,0.589075015552402
321,0.41343198319091423,0.39301628223261825,0.40700307161669746,0.48349782613980535,0.38329107944488006,0.3707651855957895,0.3699673053104996,0.3692641043322573,0.3843347288509862,0.4306423623759454,0.4685572245371961,0.829039443880391,0.4644230458134201,0.4448724475052686,0.47427325038740414,0.8719889708327296,0.4492170431398535,0.5813769216784269,0.5794387049465988,0.574967120481291,0.6071795303849237,0.6071795303849237,0.7927614274016231,0.8267475494868491,0.5788717890934659
322,0.41592141300199226,0.41709271227344036,0.42466897263111236,0.5220217543152667,0.39898447434130246,0.39392450346901214,0.39271265668187855,0.3984496120845295,0.41111982201003866,0.41674956275027175,0.4179411901408774,0.7399354396776812,0.4520556381212469,0.4143108326316583,0.43559105969332873,0.7560868999057491,0.41201887769992857,0.5088157453843454,0.5191606666925742,0.5289234064770111,0.5475948353836044,0.5475948353836044,0.6681428814420689,0.7389964667130329,0.507583276691586
323,0.39873493282843503,0.3900666128953013,0.3999365696335821,0.4861284081412147,0.38275085783206325,0.3719642093849331,0.37697555005752353,0.3724755080219597,0.37882830926632394,0.4332574874702611,0.4702073426736686,0.8590201983972593,0.44077006546276315,0.44181899648455036,0.46776732712835006,0.9397637483803857,0.45462024812779855,0.5925240714107742,0.5792005229805696,0.6249052129067221,0.6337126897518828,0.6337126897518828,0.8159337414646578,0.8562907336485145,0.5908124897937788
324,0.41042313261316704,0.38396677788077477,0.40156629144999134,0.4933796339651847,0.3815657926779673,0.36852776756196415,0.3662041623453331,0.3665654229115201,0.37965892029810183,0.45560605706025903,0.5026083811596262,0.8897862927199505,0.47278431339921145,0.467195079910062,0.4883942500124552,0.957654872735265,0.4883807628973203,0.6500435273161609,0.6303889080186319,0.6368892893738044,0.6654606242303758,0.6654606242303758,0.8779747535849663,0.8866196875520548,0.661452259540386
325,0.4116258821982832,0.3899464998922125,0.40514374972016437,0.5084266672285889,0.39740498037484456,0.38164973178235406,0.3866484564769068,0.3800209831560868,0.3994114811944912,0.4619952942592466,0.49945081988201456,0.8369675899362876,0.4687751422486944,0.46235182223370674,0.48259692146120914,0.9286175580033271,0.48197131861085735,0.6059786323017275,0.6166441125738953,0.6018818174555535,0.6397881655343922,0.6397881655343922,0.7888188579142233,0.8345416718633538,0.600675995452148
326,0.4579410030099983,0.4340219862372474,0.44392156517165543,0.5509868172620512,0.4403387787221417,0.4251228792348857,0.4243530729879756,0.42187572854818384,0.45394257618772177,0.4931657209952512,0.4881211458576107,0.8023396649808008,0.508772884688116,0.4801791183132228,0.48250837823342163,0.8425017841820165,0.4765450742203475,0.6060882087765633,0.5985641335770912,0.6024592059529578,0.6372928695905449,0.6372928695905449,0.7748566890330574,0.8004745121472892,0.6099535706992668
327,0.42285276206892014,0.3935650322945699,0.4146384247903142,0.4973275253711729,0.3798681420618008,0.3806639905672947,0.3804805799327279,0.3790245232750839,0.3782915805492504,0.46980945815130903,0.5093393289643431,0.9056350674419886,0.483632580361467,0.4783486121240482,0.49949481310878646,0.9693149153254961,0.4914858015984529,0.6390360956881258,0.6432313049039318,0.6095086537262016,0.6846068631390104,0.6846068631390104,0.8574200365913425,0.9022376911817499,0.6418011695514322
328,0.4200026425848259,0.39149194833981366,0.4125756826221252,0.49116401930245496,0.3846019464307289,0.37612203665539706,0.3743111253407342,0.37147133258664433,0.382440937976726,0.45818896542440285,0.47867772281940985,0.8490532305926155,0.46639565455284654,0.4631131522048671,0.47416417481484074,0.9247606123079487,0.4646230241176544,0.6036491994229004,0.5894551749428025,0.6158416425727709,0.6406818975283389,0.6406818975283389,0.8337931971217276,0.8464745344965944,0.6062107817959588
329,0.3890020647923479,0.39226914226823645,0.3739736251466505,0.47511531980918636,0.3793046259612004,0.3647724463872117,0.3617709931651582,0.3694168894974873,0.3721143877347944,0.425058452826801,0.48231432803311974,0.89661165297359,0.46770513257674,0.456767811502983,0.4895408839040933,0.9884108118157714,0.47306534570732756,0.6363581759586127,0.5857670482254435,0.6586146954336618,0.6658042291261983,0.6658042291261983,0.8945783613843953,0.8934070064116758,0.6177218265043045
330,0.4332002711702598,0.39865378695577186,0.4260355900774748,0.5102055216188197,0.38992788786848875,0.3742326335982302,0.3764917327439932,0.37702158063602026,0.3908765081693023,0.4299788458491038,0.432085826359877,0.7802505013761911,0.45435676643960016,0.422607344715016,0.43433200483129025,0.8310096724430329,0.42131583680298407,0.5436437208187566,0.5452754299424568,0.5478328070071914,0.5723784326404971,0.5723784326404971,0.7324297802964109,0.7786561747166958,0.5420100546753036
331,0.4169405081803839,0.3927314884260653,0.4006691924383907,0.4964113609258718,0.39033736456206586,0.3633643613730804,0.3627191223954457,0.3638494034358396,0.39079676677469904,0.4467298186242333,0.4968131799875478,0.8376840801887053,0.47739170149724447,0.4560408414820521,0.4969733660882673,0.9017723615305081,0.4819170495464567,0.6034075856025528,0.5923771582770584,0.5970552495751652,0.639307647954825,0.639307647954825,0.7806403515713036,0.8352863504100501,0.5893605343081582
332,0.41392558408270824,0.40307585889664066,0.41050316372344925,0.5041607019195647,0.39140492867356763,0.3875679813942739,0.3869395257750975,0.3944299595067776,0.3870615893084264,0.422720005203389,0.44695950654079714,0.8443300961611054,0.45223150522410716,0.4301090260019727,0.4615314466634924,0.9180662332670745,0.43601527901393955,0.5583543167281114,0.5505292107911935,0.6165996450751399,0.6031810029583309,0.6031810029583309,0.7930638739086991,0.8418746967987711,0.5618639439874786
333,0.4478309283199585,0.40890875399040494,0.433147821731338,0.5120689356256483,0.4041290829705798,0.3989865239176739,0.4025012598327919,0.39728105864731966,0.39923104957219774,0.4612765327647175,0.4903388690896161,0.8093221799954998,0.4848732044441257,0.4645454795582224,0.4885247476050164,0.8366921010424948,0.4736816274960496,0.558946571257017,0.5781427672415923,0.5532744967778029,0.5988329056314848,0.5988329056314848,0.7359895734057627,0.8072032984648997,0.5559860908258146
334,0.40138740430351433,0.3834076079920395,0.4031216607321029,0.4794340394377051,0.36297251392686064,0.36788505959314405,0.36743902063796646,0.3641066911152853,0.3634958884634967,0.43649950458890036,0.46296149450876656,0.8757217409505555,0.4425920063765213,0.451072899728856,0.46010512361175737,0.9650814242830053,0.45076770136218697,0.6266949097388536,0.5951980885760351,0.6252583078537995,0.6574583433914429,0.6574583433914429,0.864518093501525,0.8727735219556383,0.6292890295808287
335,0.4179694191958558,0.3860226975647937,0.4080941121665627,0.48644680110965327,0.37987504489350316,0.3729378030633574,0.37385991451203143,0.37079825803185895,0.3801979672076248,0.4539053257349913,0.47922916029233026,0.8491249207377011,0.4538748100422405,0.45829120278947927,0.4714870934739471,0.9118290302434466,0.46665254363873565,0.5964218019292935,0.5944395908101067,0.59467207163757,0.6295213915939534,0.6295213915939534,0.8045364486939841,0.8463761810537792,0.6031575680955303
336,0.4435071970921543,0.41981043265039086,0.42339811787492004,0.5226395744838767,0.4181676593101801,0.41709383541695755,0.4135886436420834,0.41058517312955234,0.41655155164059793,0.4862312071603237,0.524367079629688,0.8493133989222758,0.5082528715863928,0.4944943344103296,0.5244799874183328,0.9436502197591796,0.517795199694779,0.6369946839022351,0.6018761337566627,0.6436265974457255,0.670866022962932,0.670866022962932,0.8321063370112873,0.846608795384292,0.6393695803530248
337,0.43311827341679643,0.40549166825455724,0.4236212237222401,0.521545650762873,0.3942013816605995,0.3898038036813888,0.3883089229076145,0.38763630873935156,0.39753889497158384,0.4707600982744995,0.48940820460539153,0.8311620924864637,0.47965686948945624,0.46514148671727173,0.4850059533122454,0.8890379231360903,0.4690544830079869,0.6003557082921576,0.6301186094629206,0.5637863477480238,0.6163871322471725,0.6163871322471725,0.8100211576159254,0.8287815909293771,0.5995395199188496
338,0.3936675581296339,0.37379610938763536,0.38712793126851147,0.4698712084686576,0.38013447664676225,0.34148388179805683,0.3398379339764887,0.3470020562498442,0.37471193455600527,0.41779763785433244,0.4366702434913663,0.827642058683818,0.4230585875100263,0.42005805346483205,0.43851287824088375,0.9023400733265816,0.42210766982356557,0.5702194359589604,0.5632863516143778,0.6233011282283303,0.5978684843552571,0.5978684843552571,0.8354078249937145,0.8253829044978784,0.5686470366785759
339,0.4224807601284024,0.38657441414444843,0.4053269089928009,0.48806989061923767,0.39241254326599345,0.3756473568838662,0.3769400905241213,0.374252009287872,0.38503245281690557,0.45335041812211746,0.49641215117747917,0.8225744026379557,0.4872176412232864,0.4726105874769388,0.4830356371088363,0.8479256030405861,0.4760038170856854,0.5888139889616061,0.5824959917586804,0.5711618968941,0.6308540110377545,0.6308540110377545,0.7659220010860899,0.820310472915913,0.5709250294218833
340,0.4082286666748603,0.3896406486282475,0.40233697526868034,0.49409013566476295,0.38307096735402224,0.3667019004049387,0.36977334923884553,0.36914918514538425,0.38386185804205364,0.4390501973930998,0.47559942444048275,0.8424208956322833,0.46014146389127114,0.44568097503293663,0.46360259520781777,0.9125864858277475,0.4571700369205062,0.6046690466934077,0.5942232191993734,0.5920538825781331,0.6249221225228887,0.6249221225228887,0.7657371016947988,0.8399438800143799,0.5973308605853864
341,0.4376964290735383,0.4206313990140673,0.4371647551802593,0.5352672284035239,0.41052482373582155,0.41561620831607016,0.41351339887253685,0.41030370139315875,0.4126233117505798,0.49269483905905354,0.5276572484839666,0.843274827215827,0.5139122236178916,0.49906883120779233,0.5211889327392318,0.8980940599984314,0.4973779943501019,0.6462054877905865,0.6640878604573498,0.5970593634766143,0.6748611764843869,0.6748611764843869,0.8430672401945521,0.8407939753572561,0.6442972979965621
342,0.399042576048514,0.3996782525006795,0.39424868109627714,0.5002362538023879,0.4004257991445441,0.3899067274116017,0.3896426452532917,0.38855948026215387,0.4138766847919402,0.4504462399550921,0.4632073976418778,0.78734745975624,0.459119195040314,0.4556943420717367,0.45769888737439157,0.8793892599102208,0.4522356134248367,0.5901202274420461,0.5773702231055754,0.5841192266742788,0.6177867814934538,0.6177867814934538,0.7567717434403697,0.7856254023802227,0.5968215518175142
343,0.3980422773053579,0.3920665101478772,0.38951356944946286,0.4848999168598141,0.3966822670452341,0.37772906180217,0.3771899555672462,0.3803199318237179,0.3973996332148531,0.4348918359607324,0.4541315101870865,0.8108183527868962,0.4525924425688814,0.4423033508292971,0.44737845467669696,0.8632278009715201,0.44577539942637256,0.5869130229539627,0.5615425825496537,0.5915455849302255,0.6184525733145244,0.6184525733145244,0.7814032343340576,0.8087579941653041,0.589075015552402
344,0.400828808533466,0.3953128273110218,0.3920923522563222,0.4862094661102237,0.38417879921526565,0.3829241035624954,0.3802013600777052,0.3834874117976308,0.38225412545082077,0.4337693694195473,0.47461505686505046,0.8887186456876657,0.46653670526480295,0.4596376401593114,0.4807327039628592,0.9828933391618877,0.4681364578078909,0.6377950671268311,0.5879609784373003,0.6671975747681778,0.6718226859928025,0.6718226859928025,0.8814948583561717,0.8855436240858539,0.646025507402674
345,0.378187517269296,0.36818857926305343,0.3779892061891422,0.4649124293804652,0.36166048385748495,0.3527904688555413,0.3497060787946552,0.34959536357227855,0.3628710923710887,0.43503082882215505,0.5079024783513649,0.8865304854394979,0.4538282173361999,0.4584346466031567,0.5025497628008518,1.0086693619456835,0.4860129756326962,0.6295654291609116,0.6113795524733793,0.6431743436232314,0.6622115845988732,0.6622115845988732,0.867353211195686,0.8834016417033216,0.6392795494179322
346,0.38846002639446797,0.3880322282948248,0.3815897625896546,0.4694527699518871,0.3794391613573784,0.3712884497123748,0.3683977638329907,0.37183359130816934,0.3845848297381209,0.4368609872331442,0.461539932617065,0.8423054666595945,0.4525924425688814,0.45151043000748736,0.458769434147433,0.9273902655121591,0.4504077633432571,0.5956562270949387,0.5736802196416846,0.6105082715715567,0.6283590817591512,0.6283590817591512,0.8071715356214507,0.8398740445907382,0.5968215518175142
347,0.37646062891994786,0.36540784168905377,0.38085194560467456,0.44982471725557743,0.3479929869919774,0.3465746516832668,0.3518448824535311,0.34703694225132786,0.3495286240700524,0.39479295900823624,0.44219220284931965,0.8778180490689023,0.41766899686453485,0.417139073820402,0.43483975224250154,0.966510566049329,0.43323608240598593,0.5857792973903232,0.5609740724931698,0.5979494748057439,0.6137218943147552,0.6137218943147552,0.7981167990889567,0.8748252796372843,0.5999306578988016
348,0.4081444347763478,0.3869959996900927,0.3998978916206144,0.4946974609969878,0.3914964070975667,0.3717859352434512,0.3722941360714026,0.3668678807672546,0.39005665738096346,0.46006224739186413,0.5260947488650981,0.8427184486624949,0.4882005933987661,0.47479851969924863,0.5138888821197569,0.9366996544294469,0.4972627404350799,0.6324670464603181,0.6252557563578484,0.6054670586629364,0.6544132787942619,0.6544132787942619,0.8070523796018971,0.8399440166649689,0.6277419215480864
349,0.40972469163862213,0.4006877717096738,0.39058862097461333,0.5012182044829473,0.40498978825565124,0.38736488084004306,0.382890013470579,0.387955543633348,0.39969209952916035,0.4692426439260778,0.5078124078807449,0.876885986086335,0.48499485545911947,0.4787679583608406,0.4984753769750911,0.9537953955298557,0.49912804296349655,0.6399530090916444,0.6184220388165914,0.6368892893738044,0.6648189312676156,0.6648189312676156,0.8546150673288861,0.8738989965760909,0.6304555710917122
350,0.4342735410479009,0.4072812681179226,0.42208944110773033,0.5166802165762343,0.39731728205370004,0.38431761909336,0.38963567786968717,0.38257522917489706,0.3902530900337494,0.47341360147244205,0.5178511389972643,0.8668161794766115,0.48813304016640374,0.4776949409354799,0.5115474137454954,0.928123471028398,0.4953167947112957,0.6248204189187392,0.6424639481494584,0.594831644839182,0.65870090426794,0.65870090426794,0.798312195616892,0.8638340499586924,0.6120429206309459
351,0.3840401287798621,0.37592241531339177,0.39364869631182914,0.482285642573189,0.36243199540936055,0.3613731876853695,0.36237891426061,0.3598923904609772,0.3666605585723244,0.4307169774794509,0.4867996424521714,0.894839675642786,0.451308890673952,0.4453491431153841,0.48085844521340276,1.0190170800096487,0.470359471943195,0.6118893111644766,0.6179877378392257,0.6164517344877068,0.6518291048405479,0.6518291048405479,0.8511514913122873,0.8916175436793178,0.6118333177503046
352,0.41003125860108874,0.41856117537888266,0.40412970676867516,0.511799053092316,0.4009305488628932,0.40079508179157236,0.39974114406677164,0.39944220366658933,0.39873029467270926,0.4567893799872499,0.46837208411421394,0.7994533363952493,0.4804177684370818,0.4701686687742972,0.4771089032107608,0.8508521870785855,0.45558575217031766,0.5874695717709459,0.5643612191530608,0.5788360326086284,0.638915442123871,0.638915442123871,0.7558937254186391,0.7975812212862124,0.5839190534832049
353,0.4257027157673818,0.4095303394398994,0.4099711940607871,0.5085931671711594,0.4058680985837356,0.4017724439283352,0.3975450364701435,0.4071433520384648,0.40150895591022234,0.46038167896776283,0.44761083662261014,0.8249577758577444,0.4627841756478635,0.4600529464893741,0.45285240293924756,0.8505465746359909,0.4333268379234443,0.5813032545968756,0.5851932940780624,0.5777184918607569,0.6157992889584849,0.6157992889584849,0.8140206801416472,0.8226332858837782,0.5889723741728695
354,0.4224651788459799,0.39075376709837223,0.40991397692308656,0.487822112247627,0.3868306588144767,0.37845191977923726,0.37784095260060646,0.3832159043596138,0.3872983461602293,0.4312386648651764,0.47422545011566314,0.855573813148233,0.4632814709983046,0.44068355251307234,0.4773400992609096,0.9176520448195894,0.4655503497422813,0.5707202193014688,0.5624326185668046,0.5937970476930534,0.6191410387616707,0.6191410387616707,0.7833977937737155,0.8528812466548964,0.5801903518777427
355,0.4322289522060586,0.39605364626316053,0.41956789976427195,0.498548267810049,0.39431215734166336,0.3916795714283361,0.39542499792720415,0.3946204566929366,0.39145234126273093,0.4457668157580845,0.4499558316214521,0.8248108392253876,0.4544822338936711,0.4457813210594699,0.4414301876280686,0.863398849638956,0.4470373222080988,0.5672042453337646,0.5486450029386726,0.5920538825781331,0.6056655880580553,0.6056655880580553,0.7520966394078975,0.8225520153230573,0.5727013820087956
356,0.4234343444566854,0.40297158600417105,0.4154045193668875,0.5067968048953788,0.3980910933761979,0.3788167554669507,0.3824780377583192,0.3818970525628758,0.39345167393560304,0.44711446446758113,0.4447978290826899,0.7935022344731126,0.4538282173361999,0.44299950596522325,0.43853896118736463,0.8163369976065206,0.43619296840374294,0.565247770916897,0.5647496115770839,0.5710235503195099,0.5998535906757608,0.5998535906757608,0.7427538073094739,0.7917655881610147,0.5576027174896775
357,0.41475180126436123,0.42334639031396376,0.4095524562920551,0.523357609178318,0.41219329918837677,0.41090576469440326,0.4152393089984512,0.4115873274991354,0.4090406203420273,0.4596967217201763,0.4682179878343611,0.8327701123105671,0.478310171304458,0.4743770932426864,0.46704250336753256,0.8594587689641047,0.4509739763851116,0.6151580234690135,0.5976042775282602,0.5993782545590169,0.6517021212611012,0.6517021212611012,0.785719280020279,0.8304387197776502,0.6131042388272162
358,0.4161631840899874,0.4042236162366605,0.40219773774167045,0.5063876367998645,0.40353885134714623,0.38633511218974986,0.38149593346904515,0.3911530512887737,0.404084756590496,0.44310733563480775,0.48314001685328717,0.8189584696412855,0.47759576970842266,0.4509847758335263,0.48692796092912516,0.884715218962452,0.4691031849627878,0.5920048986760679,0.5716056171067627,0.6040447884587261,0.6193340824033771,0.6193340824033771,0.7848930303232737,0.8167958991597902,0.5856079262008059
359,0.3876545303562522,0.38131628036938425,0.3915123284924557,0.47394179585745416,0.3581575644702798,0.35534570209766625,0.35608245745824574,0.35980855611571405,0.35591641978347444,0.4093594247684332,0.4382149379651208,0.8362608428984264,0.42971383737410773,0.4225590335798777,0.43577750254782416,0.8955517046722621,0.43173210652759414,0.5776950854856167,0.5468171578276275,0.5920538825781331,0.6081279429973322,0.6081279429973322,0.7723748134414294,0.8338229853754868,0.574521390685191
360,0.4048069629954505,0.39301628223261825,0.3890130960342138,0.4886242812811875,0.3945595729337527,0.37780475367888566,0.37302133021812317,0.3763191192822638,0.39512705081556077,0.46460199509306127,0.5060860353925862,0.8581823234933199,0.48552865349690416,0.48293041027614747,0.5024742051540252,0.9333073396131788,0.48838592519533836,0.6349672900549951,0.6249824539987506,0.618847627187645,0.6649357553523543,0.6649357553523543,0.8337268469600969,0.855395110331755,0.6381448209231314
361,0.39124087944020086,0.37507579556394494,0.3838703695167494,0.47672052161432904,0.353377764515408,0.34780901491843674,0.3448843940613832,0.34639596768184977,0.3527960914681419,0.42514146055334245,0.5019560374405927,0.9042723511983739,0.4655621975457728,0.45593525838845733,0.5019835772252563,1.042070626757795,0.4952571866570963,0.6528001109069034,0.6060283837897746,0.6519779964387881,0.6747499876594141,0.6747499876594141,0.8715201330788919,0.9008472938003751,0.6508767427640522
362,0.4211525409350922,0.38816655447960924,0.4187725563890325,0.5033584734407545,0.3929492146042735,0.37202879718191034,0.3703739503577718,0.37253067141155805,0.3910190974748019,0.4488990427779917,0.4277467481894464,0.7766255324891996,0.4497472017308308,0.435219842250567,0.40195489524496936,0.8136419378964675,0.41682081150314737,0.5696153428565405,0.5592327801659636,0.5729642150681136,0.5923643859170264,0.5923643859170264,0.7921765241541278,0.7750930403775501,0.5680603103883212
363,0.4159456212702725,0.41096445953990074,0.40450495872444364,0.4976060167132784,0.400568052054073,0.3869169602440985,0.3883877855954082,0.391473366917431,0.3988620693713921,0.4310440357366021,0.44965323878691804,0.776812987163889,0.4618646092472452,0.43611515488626906,0.4588742005342727,0.8024410729137281,0.4386655330036864,0.5368854025848414,0.5238324447585637,0.5357590292690326,0.5873795519356289,0.5873795519356289,0.6893277761154385,0.7752860855839814,0.533790036405068
364,0.3986092036663697,0.39283526723510687,0.3921032693588815,0.48065892115785824,0.3841920835464322,0.38067885723733197,0.3821719795481603,0.3772595798869988,0.3809813221129126,0.4439187736840668,0.4967219523904663,0.8863518959971681,0.4756007220702593,0.47415017221611094,0.49529269122448866,0.9495850123752104,0.47420873789480766,0.6218463148707808,0.6234311873691415,0.6184496970480403,0.6526319331906706,0.6526319331906706,0.8693534752553933,0.8831888457384653,0.6171545696329357
365,0.4103126319954903,0.38933374963070977,0.402380185833222,0.49764990918710755,0.3791093728270706,0.37003236920566873,0.3654914803505513,0.36775615855352095,0.37956517271814755,0.45138374723395047,0.47819130609077337,0.894839675642786,0.46653670526480295,0.4604606188774291,0.47404528328639717,0.9758443219277056,0.4719883666113603,0.636310526183279,0.6124794072486633,0.655127411969692,0.6613013686685764,0.6613013686685764,0.8929490861714022,0.8916175436793178,0.634473735611663
366,0.425151429393226,0.3800843000056891,0.4119660312317894,0.48899554962437664,0.3643352276199238,0.3434945629899605,0.3428280880004915,0.34390056337553715,0.36117221226298557,0.4329205587153075,0.46421124697333366,0.8311551951918138,0.46193307206341694,0.44242385013964197,0.4580552083877828,0.8925762079890357,0.4497763660253794,0.605279066073531,0.5762550619943873,0.5814816582188623,0.6198260601786809,0.6198260601786809,0.7909650991640922,0.8288314471959619,0.5855588364519424
367,0.4369895169214226,0.41136204749703653,0.4203680876113227,0.5225795474629736,0.41611423395038394,0.3840280310212786,0.3837423585597689,0.38677307250759396,0.41091485130949584,0.4760408209066457,0.4913810357733757,0.8206186200474974,0.4941500936700966,0.4762112430907059,0.4828516628589258,0.8763829483346702,0.46998241540213836,0.6283798706392187,0.6156720568254372,0.6096703544494211,0.6663876266301115,0.6663876266301115,0.7780483013810979,0.8184365369658749,0.5942793184314811
368,0.3976929935429259,0.3902937227406046,0.387276221707159,0.49070198916553126,0.38351147158393223,0.36519580079282715,0.36222095718593933,0.3618074878031705,0.37996879553641477,0.4555198467784303,0.5362006535523728,0.9031054844364685,0.4887155769405792,0.47948905206638537,0.5338394320079359,0.9968724334855564,0.5109547586868172,0.6735555850033872,0.6521033992258922,0.646226405046021,0.6937758463509106,0.6937758463509106,0.8905563025379212,0.8996749999758347,0.6488978136839956
369,0.40869562395367665,0.3808132824206504,0.392223989518597,0.47824257308070073,0.380349900006473,0.3583376305214954,0.3557108370483107,0.35666062756386285,0.37734679718882314,0.46091942770993743,0.5242630400868467,0.8741198550891648,0.48342533538439786,0.47948905206638537,0.515306455977314,0.9397062244895116,0.503472602887288,0.6293003853504985,0.6266218000461314,0.6067621938425154,0.6702577294986256,0.6702577294986256,0.8317638901022208,0.8711422366443884,0.6197119812670424
370,0.4205332147165101,0.3951352564175359,0.4133031410907362,0.5097300370704277,0.39051555028794,0.3652843359452796,0.36941432022566834,0.3701767167692948,0.38503433894132355,0.438446359158929,0.48051836882337584,0.8385910168109284,0.4673382903252686,0.44398290665718093,0.4782737563333982,0.8923810787745157,0.45879573996062106,0.593635469996508,0.6125838141561342,0.5871629794099888,0.625102858311475,0.625102858311475,0.7726764725394011,0.8361337490123716,0.5748127735028227
371,0.4366564683325208,0.39958223685046723,0.42589691136575547,0.5112268345549238,0.3777100470584713,0.364258179732133,0.36459227539541694,0.3621275457495189,0.381110723922931,0.44967005104215396,0.45920619694631654,0.8327583415538027,0.4702874641193969,0.445440078518532,0.45423925881871663,0.8701601044971361,0.4456431331713414,0.6091316808191809,0.5896987875415401,0.5637107972099946,0.6178968017481934,0.6178968017481934,0.8027744500037699,0.8304599718471262,0.6017869292358557
372,0.41217344672945944,0.4042236162366605,0.39695703954468753,0.49827308424769673,0.3943412514763946,0.38439658048599923,0.3845163913001682,0.39189714704076,0.38666517154554575,0.43622105801236427,0.4719673902005921,0.8334291059280874,0.45545218363338147,0.44607270522328396,0.48633965041344224,0.9035360259346699,0.45339176304416456,0.5668634788073373,0.5799606208099992,0.5807682187127926,0.602189327058776,0.602189327058776,0.7733291758622973,0.8308514352272047,0.572131661827077
373,0.4377725352198212,0.4018743866503678,0.42372015979350347,0.5027637314426299,0.39801820311708064,0.38662314241846674,0.39313588374644803,0.3919801301128864,0.39313910925607637,0.43805705461742034,0.43137956262899463,0.8196706778105864,0.4510262562371027,0.4348312740085953,0.4231121886695782,0.8216215399899306,0.4204545974377028,0.5600083057510902,0.5506704282238096,0.5641283912069894,0.5965894661472674,0.5965894661472674,0.7557911815824372,0.81751305176792,0.5645167363198756
374,0.41074586914619937,0.3870543420660936,0.4039311336407852,0.49546643619045555,0.39121447411144944,0.36570179631266664,0.376728313498794,0.3661977208794888,0.38312457785604087,0.4363239047381149,0.4419682372526328,0.8046047700334927,0.4394241902306644,0.4387398886005531,0.4159696574531094,0.833922396199317,0.433084772527336,0.577971656709626,0.5659405606799232,0.5750952956413593,0.6150028388956025,0.6150028388956025,0.7364573926177234,0.8026335808167181,0.5671267343079405
375,0.3948038990258598,0.3804675205410601,0.39386478836426997,0.48864716452527024,0.3731113186811278,0.37273750046339654,0.3725132331029778,0.37108466756401703,0.37362446791376996,0.4492728832064335,0.48770776507860236,0.8939500495889464,0.4555505637972544,0.4626881292919167,0.4766355850383993,0.9968724334855564,0.47463670788710227,0.6348393564215924,0.6218952310224647,0.6488588314152982,0.6707423910319623,0.6707423910319623,0.8715297247253687,0.8907059107862335,0.6405173206930479
376,0.41587468891261037,0.397525452982924,0.4102108299673572,0.5090436084246945,0.38081017967418096,0.3684586035598077,0.3710263238907333,0.3689466917229298,0.3789957809874474,0.4488486114107735,0.47448873653923146,0.8497440315937661,0.46635091061120426,0.4549006444157165,0.46151946807372934,0.8923810787745157,0.4658520055766025,0.6438236320019141,0.6065187141112157,0.5968245122382861,0.6606263150961549,0.6606263150961549,0.8160031480412067,0.8471338550125054,0.6329606567970818
377,0.40650803288910814,0.3920665101478772,0.39455884913477995,0.4950567816396763,0.3968416934434441,0.37848781991610875,0.37784095260060646,0.3831361066827194,0.3893549501923962,0.45529820431277246,0.4653033314523567,0.8147227076252784,0.4631947647934426,0.4566349334747217,0.4502874410817728,0.8467688702068215,0.4520550344402471,0.5792127083448733,0.5758480167607187,0.5791561921268641,0.6127633496120605,0.6127633496120605,0.7575564344263426,0.8125511797870576,0.5741586140196705
378,0.42260961648944695,0.3802856948249505,0.41631398800401676,0.49763949693555776,0.3929384439143369,0.37167165736965263,0.36927898396950803,0.37445312276682,0.39359635447697033,0.4507074835579322,0.4678900793841441,0.8088734438649711,0.4600263064220535,0.44158423718686524,0.44743552185214075,0.8530057786419132,0.45051036356960267,0.5820715999826875,0.5746070842592897,0.5883866038582695,0.6050751904106882,0.6050751904106882,0.7811397095706066,0.8068611141486618,0.5749171433586138
379,0.38996871721239845,0.38131628036938425,0.38745967980031915,0.47409763065248084,0.37332122960999303,0.3663909780658844,0.36549352413246144,0.36490199998503636,0.3723440569667286,0.4388268206851,0.49479544479647203,0.8712001711320162,0.46033748385187284,0.459774243365549,0.4840552906272771,0.935754694368508,0.4766862692499425,0.6218824276395126,0.6017044668441431,0.6141560016422386,0.6489297395072472,0.6489297395072472,0.8489046327751733,0.8682277548689293,0.6273399785799334
380,0.395679387186647,0.3753729882879106,0.38294391723281296,0.47897610174225946,0.3709961953060797,0.36132149280735204,0.3590125399348114,0.36180395339613125,0.3715805038097442,0.4429246571362298,0.5014350792410329,0.8975899770951394,0.4614522939824802,0.46479089380148586,0.493068828491809,1.0243075967820425,0.4964200367876141,0.6295654291609116,0.6145202269112858,0.6585128948544653,0.662572920268192,0.662572920268192,0.8574200365913425,0.8943291790634534,0.6306702848379997
381,0.40907296208626764,0.4090708509722872,0.40731885689362896,0.5190755573560942,0.40150122674678884,0.39916307687349534,0.4007294532043159,0.4021439202220447,0.3992004473603482,0.46132966290328153,0.46174921561357074,0.8276252970567053,0.459662787595576,0.4568494948864537,0.45227855248954063,0.8512926455775995,0.4481094953290546,0.5954295954768809,0.6029216385361966,0.5817246970194203,0.6268614992182018,0.6268614992182018,0.8029372248295863,0.8252887240145586,0.5939649658795724
382,0.42365769684303606,0.3808132824206504,0.4194570491733634,0.4916166403110372,0.3686560634623061,0.36518826679532007,0.3669171497499562,0.36355855230139783,0.36753855072912284,0.43503074230388367,0.4813657279296638,0.8429182366605329,0.4648511501929279,0.44788111113789475,0.4734128838258705,0.9123053101014457,0.46605020757086674,0.5884815102058133,0.5800942662659473,0.5871491354032932,0.6175205997824427,0.6175205997824427,0.7838044702684831,0.8404473417197758,0.5873994925497857
383,0.4040995303978707,0.37631327549513677,0.3943935137637513,0.47986074645411486,0.3750815246022471,0.36485514920990786,0.36371631078513705,0.363473735763011,0.3801733680374422,0.4422829315423608,0.4956419330246375,0.8558638962393175,0.46636503995464546,0.46027013742863326,0.4844459472921939,0.9429434069983802,0.4795918543244585,0.6174012055592355,0.6062059044244512,0.6018818174555535,0.6449136873434235,0.6449136873434235,0.8117317722284519,0.853149891545678,0.6151569480098847
384,0.43559905787445624,0.4047218585823881,0.422591034779922,0.5148358003650254,0.3868215987924515,0.3699624483603669,0.36571173384109734,0.37046082908151956,0.38447471095967145,0.46853719519518516,0.48158821618285297,0.8748169082855599,0.4816954713880592,0.47521380809440256,0.4764134300730856,0.9354650903795139,0.46569025672109604,0.6700734237503589,0.6322253736449006,0.6356946608535263,0.6817064241826961,0.6817064241826961,0.8765144768311599,0.8718597022201791,0.6573834350606749
385,0.4593611721494142,0.41248063762818926,0.42975027137765637,0.5062715278529062,0.41260160670630835,0.396272177555222,0.394134314409075,0.40151962341773606,0.40395581787429957,0.44608785448533983,0.4732808477169388,0.8109351658260984,0.48839506257995446,0.4509539973622824,0.487289943656948,0.8355599227719415,0.46132555915679535,0.5354643460991833,0.5228662806344977,0.5696829365337901,0.5976491297832375,0.5976491297832375,0.7360404341753415,0.8089182293005516,0.5378595122029829
386,0.4205332147165101,0.4037719460203248,0.40606483783583414,0.4970166563634163,0.3905881585293193,0.37924960205786906,0.37723670957882055,0.38469840626930224,0.384248099114217,0.4455376848420043,0.4451462144924044,0.7968280151192381,0.46034696867664787,0.4466871680386316,0.4447429484585553,0.828018353502877,0.43951246942683125,0.5616834438904427,0.5343417116682223,0.5625389245272262,0.6076498917392442,0.6076498917392442,0.7488768644524647,0.7949935577051397,0.5640538058609683
387,0.4310772062606449,0.40890875399040494,0.4206506570928216,0.509512911323219,0.4059375418829737,0.39637212973614405,0.39632069696618344,0.40144461947285426,0.40851150812500686,0.44721511212681403,0.45533289990298376,0.8076591106262625,0.4632814709983046,0.4418252513765611,0.45904019428937093,0.8616934826655175,0.44162371242748255,0.55399564961319,0.5649017712307581,0.5682143490944654,0.5883785968638688,0.5883785968638688,0.7435439970059937,0.8056809231038711,0.5637174628498052
388,0.4085347185450609,0.3938311365770654,0.4019804492893241,0.48607729521743914,0.4005184379650792,0.3891465713025329,0.3879532197112971,0.38974301857462995,0.3989764509975189,0.4329930912095022,0.4584462256578146,0.7849567713498494,0.4653340509274661,0.44116550496299556,0.45191260258146093,0.8010290001163639,0.44482990127600214,0.5436437208187566,0.5308081380230256,0.5602555803250064,0.5835229727509595,0.5835229727509595,0.7257806591373845,0.7833117397472787,0.5513144165614279
389,0.3982436707615752,0.3968679524396981,0.39605182416943213,0.4895061663990537,0.38343736318511085,0.3721511003083323,0.3741691508258542,0.37481831362787643,0.3780333500221068,0.4273447657079133,0.415507855763281,0.764825843872944,0.433484543831654,0.4292311548588911,0.4058128155524548,0.8057123855765348,0.41052632889432955,0.5556081488449182,0.5205628637347176,0.5566428603387285,0.5915666046911828,0.5915666046911828,0.7270397576796898,0.7633766907002469,0.5562568881826627
390,0.43505213312417235,0.3958581385396469,0.4175513740295159,0.4977869896159448,0.38339369712697907,0.37148513692900365,0.37422556523660583,0.3719984499557365,0.3837208499257253,0.4506643376188919,0.4904798988124294,0.850537856657127,0.47260683325142205,0.4534074649636463,0.494062064789558,0.9079137531424918,0.46972889266362167,0.576997068697784,0.592461389767763,0.5597730849509402,0.6156518666779904,0.6156518666779904,0.7729786423251167,0.8478353678052711,0.5793942192142113
391,0.41011432134113174,0.3911286041861916,0.39961750106365873,0.4879976576902726,0.38873915388666386,0.37390237295601064,0.37512279982513513,0.37844846278916944,0.37932116629918117,0.4239764601998586,0.4508661507784575,0.8123095647963707,0.45356956453733144,0.435401828567433,0.4542841161625104,0.8822344236812635,0.4393293441663915,0.5529365034088165,0.5281764930735988,0.5920538825781331,0.6028556483031773,0.6028556483031773,0.7572799865169842,0.8102513313499499,0.5579552589573964
392,0.4078653836226434,0.3933522998951511,0.402277667520196,0.4963156914902172,0.38611449126104463,0.37358465232311966,0.37164056624717906,0.3741084118005068,0.3821573651306952,0.4453816361588232,0.48173727822437423,0.8401188081452949,0.4606987700025271,0.4495710290002503,0.4805451303234399,0.9107833829391119,0.4653380729994943,0.5907680303567192,0.5923254904872544,0.5961535722803192,0.6163729542514356,0.6163729542514356,0.8201500209501841,0.8376539515504029,0.589075015552402
393,0.3987907545620664,0.39172765698874046,0.3861079358522627,0.4961985824201937,0.38937778148495594,0.3649462591528908,0.36196168819749414,0.36931918013206916,0.38784228208393823,0.4371065993583289,0.4801463201033962,0.8332979440891501,0.4642585035005458,0.4448394748030339,0.48014318125320843,0.9397637483803857,0.46773039291621027,0.6099958605910948,0.5826153790876283,0.6140618759684386,0.6310426166121131,0.6310426166121131,0.7907641480816677,0.8309324337771717,0.607121166560348
394,0.42898939216183424,0.3854183789735101,0.4144286777714937,0.4977869896159448,0.3812582457825579,0.3706162334558824,0.37114115400711356,0.3686228485461126,0.38670221002593,0.4547054453785586,0.47833637056210165,0.8471187049309277,0.46875017413667164,0.4578034109715065,0.4714710483073338,0.9286175580033271,0.4636770040512832,0.6100638519901381,0.6035902842291437,0.5871766280405432,0.640464760188942,0.640464760188942,0.8249564664397788,0.8445368082348833,0.6160254532421988
395,0.3984041222075748,0.3834076079920395,0.395814046716548,0.4830257736127662,0.38467754401126,0.3757855247681003,0.3751138004047354,0.3701826132788461,0.38718102045970565,0.44111411682848195,0.4963536278218035,0.8521575343093359,0.4640570603213126,0.4556462130329157,0.49642902957596086,0.9730827696341492,0.47798970699882687,0.5980080641165109,0.6035013068230725,0.618847627187645,0.6264319119209837,0.6264319119209837,0.8337931971217276,0.8494825889433324,0.6158938673794326
396,0.4205332147165101,0.4103535029346303,0.4015704053234302,0.5102055216188197,0.412900431434946,0.39135838570716613,0.38664725270440037,0.396170030018978,0.4077227375080072,0.4534862547112322,0.4713545460946859,0.8013865175331056,0.48174531861025044,0.4612762136575331,0.47412417951109453,0.8530057786419132,0.46422417273285776,0.5815397631926745,0.5664112125933004,0.6055181296547608,0.618270983252404,0.618270983252404,0.7567717434403697,0.7994503868219776,0.578788203525357
397,0.39820890134401504,0.384845932426215,0.3864829605781513,0.4917809723842657,0.38118872401246495,0.35695350361764644,0.35226603829544195,0.3636460921844379,0.3703727069334145,0.43936429422177525,0.49631633351363424,0.8617779547957312,0.47100823893903826,0.4611726066422787,0.4866346591548744,0.9159132052533998,0.48113536486694647,0.6573977988618095,0.609032621120303,0.6254993991272771,0.6752223001241852,0.6752223001241852,0.8428611891914382,0.8589660318376777,0.6335582041917609
398,0.42812952357613415,0.3998603613584419,0.41156812181315033,0.4965263469560134,0.3829754071313481,0.3821108445650074,0.3819331102100251,0.3848278840928678,0.3793195017239151,0.4356747360289099,0.4777308421947961,0.8471187049309277,0.4749422610026448,0.4515297504840662,0.48740677074158556,0.8955836386655133,0.4625103235453863,0.5745569539399878,0.5681037161650868,0.5635045898176012,0.6126264572855168,0.6126264572855168,0.786577600307681,0.8445368082348833,0.5798761874272523
399,0.41510744394373134,0.3916558106024198,0.3991315032142715,0.5043192994381682,0.3909354319500989,0.3730725014786786,0.3685724375822802,0.3709013931585769,0.3886172476467508,0.4689103135728777,0.5035777707720751,0.8490532305926155,0.48434788183405825,0.47668590911780395,0.4950898285285126,0.9289879103698407,0.49415335763320684,0.6238469435269112,0.6211247065618434,0.6162814314778043,0.6531240211394369,0.6531240211394369,0.8306178712620604,0.8464745344965944,0.6218553517788891
400,0.3939151221492382,0.3703573050840491,0.38311441455470063,0.47032920162802117,0.37521238179653604,0.3563505636511015,0.3514703993117843,0.3586806487986663,0.36849033934838615,0.43770315750777566,0.46484872357711404,0.8345832331409668,0.44724056594140593,0.4493623188692947,0.45537841758401953,0.898608855577659,0.4479778819434092,0.5929428727666547,0.5642870142795029,0.614082714699622,0.630498605604319,0.630498605604319,0.8211863312920119,0.8321452474388926,0.5845812677840208
401,0.438041365468336,0.40533432113195483,0.42921956179279264,0.5137632672863712,0.400639208208405,0.3864700773793928,0.3892511352722988,0.3870451348539285,0.3978037044472873,0.46351060339651323,0.483153061871718,0.8362608428984264,0.4782939906869836,0.4598809700962943,0.47660455646637523,0.8856377277706837,0.463303948929224,0.603998481972219,0.5933086715157982,0.5968351428367751,0.6430172794649285,0.6430172794649285,0.781489833247799,0.8338229853754868,0.5969106320454095
402,0.43349468505355443,0.4088887655865182,0.4053269089928009,0.4983351493172279,0.387517554449307,0.3772360168880588,0.37255639445217575,0.37993680896235327,0.37919817966078434,0.46009167837059783,0.5004812081612042,0.8435141547858259,0.49903416943470447,0.482380455342143,0.5118110455332696,0.8845879378102196,0.48500118644864293,0.620242472135006,0.5799581222764248,0.5751754064712706,0.6657409349682503,0.6657409349682503,0.7895715945250653,0.8410510729060421,0.5898222408945085
403,0.41772878019183585,0.4072312072872124,0.4103293836006718,0.5120689356256483,0.39052581520961244,0.3843692955815151,0.38504541132544456,0.38984991344271896,0.38857018360626683,0.43748945259307664,0.45102957981628117,0.8239382772616641,0.45770457972864653,0.43972949086200463,0.4578652245307288,0.8818634951530383,0.44290492970828255,0.5762521278413214,0.5720879467762645,0.5813899663426139,0.6108455207284528,0.6108455207284528,0.7802557795183942,0.8217795361784093,0.5796062631033663
404,0.42550501583833705,0.3982688433246399,0.4149152477269659,0.49053363453182214,0.38679331947205564,0.38019104187847635,0.38010316275576167,0.3852816193704836,0.382440937976726,0.43305399896099905,0.4536999543811144,0.866037530889074,0.451969343334204,0.4370554950846843,0.4612981474047155,0.919666985487087,0.44202337174828005,0.5823894763075882,0.5629803174591059,0.6081542339842427,0.6234247153614331,0.6234247153614331,0.8117902721012398,0.86320778018335,0.5900300147521677
405,0.43499888866409214,0.4117881018104709,0.4258119937285844,0.5137632672863712,0.408874841911278,0.3963574757930208,0.3965139665078091,0.4012805148617493,0.4014121034159069,0.4606793265017869,0.4647489160582112,0.8235054612652603,0.47621465036030697,0.45378840951697497,0.46070118878588334,0.8243245355274788,0.4458430283567009,0.5816479151583696,0.5677152626143556,0.5776907866607026,0.6294208790407114,0.6294208790407114,0.7734272701178518,0.8212837303418011,0.5801903518777427
406,0.41533059448346765,0.3820640560257364,0.40168878916334483,0.49584367157235604,0.3785356282518374,0.36157910075762534,0.3613519458740502,0.3689675655577299,0.375367123238155,0.438325496561806,0.4592367067824973,0.8166020152537941,0.45330631896838536,0.44132233375716773,0.4465754276587482,0.872867735473194,0.4480479762292466,0.5862804677960661,0.5729359595043537,0.5699151213736607,0.6115451245440192,0.6115451245440192,0.7635905735133104,0.8144602026578667,0.5794450508703551
407,0.4004355236242256,0.3800086882813879,0.39405877663306305,0.4736058882272201,0.36685494585741024,0.3543495759652626,0.3566070559296551,0.35480409089009507,0.3624662619564535,0.4303973624026691,0.44803819450394133,0.8145456643075091,0.44189288591016956,0.4417811381306275,0.4370360473756853,0.8604967450313714,0.4363849589871724,0.5808152290498535,0.5470644030144812,0.5712154970700398,0.6188423220847294,0.6188423220847294,0.7442417402265585,0.8123216561267852,0.5807985050228772
408,0.42886134276084753,0.4005220229267197,0.41815473118821134,0.5091688735446608,0.39196687451504275,0.37731693755888435,0.38011391506869513,0.38267224069367334,0.3801733680374422,0.4524497009770442,0.4899935517770278,0.9149248649579441,0.46726452696149573,0.4570092044400208,0.4899055497390903,0.9750184680896831,0.4679400324444754,0.636310526183279,0.6366696246090906,0.643267425264899,0.6764556646312829,0.6764556646312829,0.864518093501525,0.9113573379183665,0.6218553517788891
409,0.4308118674596854,0.40307585889664066,0.4170233201569397,0.5012182044829473,0.3994726635556306,0.39371984028746054,0.3933985568440532,0.3943397091684088,0.39970115365849307,0.4594010528463754,0.4852807818717537,0.8362608428984264,0.4773744910899262,0.4647802974237113,0.4844459472921939,0.901785334730184,0.4656932814590099,0.5820715999826875,0.5874175512053678,0.5823670169051495,0.6239471860344403,0.6239471860344403,0.781489833247799,0.8338229853754868,0.5793264303299961
410,0.4249975637988121,0.406079486833636,0.40926570519066496,0.5076333245021921,0.3997425250538063,0.3815338344871706,0.3862189375006792,0.39040812904292815,0.3902561015694855,0.44669830360647667,0.46012728658039886,0.8435555950143846,0.458022334904726,0.4455744510601015,0.4557000934240305,0.8619775292601424,0.44797318502660455,0.5968728136557812,0.5914507260652322,0.5774416259037887,0.6261884894851453,0.6261884894851453,0.7964981369836587,0.8410788362564482,0.5893605343081582
411,0.4265803420222645,0.4165735769250653,0.4168377520721574,0.521661066860036,0.41565822054339985,0.4037313928103699,0.40670877267467603,0.40037918385968924,0.4148727907136616,0.4761825691514765,0.5019858792709767,0.8296671383986035,0.49957753034573066,0.48736376446513086,0.4913889102632648,0.870656376244294,0.4875073716027333,0.6452061659615111,0.6113795524733793,0.614530077087059,0.6796881644450475,0.6796881644450475,0.7922539020506846,0.8273784289219357,0.6297478019727913
412,0.43821095067163257,0.4322454392090605,0.42147038638316675,0.537150188828385,0.42307262547769137,0.4107087496493053,0.41277006523888665,0.40923074667148596,0.41133499814941643,0.4965711210743882,0.5286569314978635,0.8929814269766402,0.536397191700132,0.5307459660114542,0.5279518925756929,0.901379842917986,0.49668593908339514,0.720701898669327,0.7029797257580989,0.6416052110861459,0.7390472331025075,0.7390472331025075,0.9251747374171443,0.88976579160565,0.6703023354761163
413,0.4019296316808655,0.39499487258013066,0.39479437846626275,0.49644907771482555,0.38763386557862206,0.37643302659312494,0.37681905862514714,0.3722422907729604,0.38383567267725105,0.4619667386970448,0.5216785562983205,0.8810729970405389,0.4783096796088855,0.48173588256562283,0.5148147682019693,0.9710848087816085,0.4933088298752093,0.6506727419170265,0.6587449641647092,0.6167901800055675,0.6636539403715649,0.6636539403715649,0.8865477615579765,0.8779767281651798,0.6402876453110539
414,0.40490365820919616,0.39670346804274176,0.38835695712654295,0.49299897107259205,0.3905040607890253,0.3834979802477534,0.37847289403540396,0.38597125570364904,0.3862618674515704,0.4491629597871574,0.4855151791542387,0.8586065720922658,0.471215523549135,0.4660208247621265,0.4913993208271667,0.9463292518509491,0.47917222352301875,0.6220291692051149,0.5823242648428609,0.6280996183911421,0.6656265170477601,0.6656265170477601,0.8243240134067962,0.8558445365591311,0.6169028900312433
415,0.43239775533675057,0.4225222344835202,0.4266950497235434,0.525469678843772,0.4069039806396151,0.3906847850779149,0.38635522955474816,0.3912894456668871,0.41102766981644034,0.4599362284772587,0.4491460560674129,0.80438340964699,0.4753092756077633,0.451808442056657,0.4514453043967843,0.8602954264370085,0.4411760570113751,0.5943391021697854,0.5840164893831724,0.6031712852815351,0.6217801994747412,0.6217801994747412,0.8084590810791895,0.8025039871266876,0.5993294726344267
416,0.4280149449414363,0.4095303394398994,0.40990158194196924,0.5151074162329395,0.406338641599388,0.3965638153591432,0.39446473902248896,0.39941657661472585,0.4040671896472383,0.4745711840058516,0.4884753137671177,0.8490532305926155,0.48474173217790534,0.4779354514769766,0.4841294629386191,0.9014473791577182,0.4737560598170203,0.6128092299396418,0.6173949238453719,0.5973562982752674,0.651804219532605,0.651804219532605,0.8072874246919864,0.8464745344965944,0.6034687728163589
417,0.4336095959679976,0.407986705041974,0.4212390060991644,0.5180229241441784,0.39479047554483726,0.3942635640414442,0.39797597393341916,0.39489787569328516,0.39501941591484024,0.4538141733903518,0.4743211995550699,0.8215462975358916,0.4710921677037895,0.4570340295533729,0.4758733229493622,0.9012127267011417,0.4629510696459045,0.5820715999826875,0.592461389767763,0.5665745423781526,0.6169949620744472,0.6169949620744472,0.7723748134414294,0.8193109044330416,0.5801104858507478
418,0.39819032682086825,0.3691711275527875,0.3976146122515933,0.47883508259308366,0.3645282778127331,0.35351593930593705,0.3542551876087663,0.3483758311646534,0.3660004874899599,0.44141515385293434,0.49002398704731526,0.8328795992461849,0.45356956453733144,0.4508657053823174,0.47658268295380724,0.9366996544294469,0.464918884218163,0.6018010659487047,0.5989504927237737,0.5843091557277084,0.6255745185995433,0.6255745185995433,0.8070523796018971,0.8302985658350617,0.6095576974094158
419,0.438041365468336,0.40711671828557344,0.42683266317230506,0.521661066860036,0.4139385002091603,0.40498091689365684,0.4046699481748285,0.4056397743383446,0.4132865384097686,0.4930065771633404,0.5083914661012481,0.8680394745600248,0.49293996688697583,0.48575142676953453,0.49179070692585414,0.9196773199434594,0.484876000014625,0.6316487539256346,0.6371752841141047,0.6208837041985984,0.6698354641619245,0.6698354641619245,0.815395274213374,0.8651019264899839,0.6299584234780686
420,0.41319264342519746,0.4073236402647199,0.40476145090396204,0.5162078077008262,0.4070839583181835,0.4021187447236159,0.3980191279738406,0.4027834178286589,0.41014811641086774,0.4613110147907453,0.4916745633012788,0.8539714413711356,0.4772044286471092,0.46359218430853055,0.485624356743589,0.9389504419887518,0.496476198925704,0.6161507799901389,0.5884533937780659,0.6414665409254119,0.6564275905722861,0.6564275905722861,0.8306095494886518,0.8513417760844344,0.6164916960553556
421,0.42057092306376737,0.38971378933309836,0.40779347234689933,0.4897519543996754,0.38785378036715146,0.3795794999670009,0.3770895007749018,0.38229594137357636,0.38411224630764645,0.4418511816330242,0.46928316782522944,0.8406393557390034,0.46092301002032726,0.44820628019503306,0.4714174164042326,0.8980940599984314,0.45040270480480027,0.5870433889437062,0.5723544210150942,0.5872014974304909,0.6213778850501377,0.6213778850501377,0.8221131978204564,0.8381693982276207,0.5978378613773874
422,0.41025987546104087,0.4063426343689139,0.40434121595087263,0.5046825272076438,0.393004833273366,0.38750225208904665,0.3918049409240526,0.3901336480166127,0.3867675853162529,0.447644270667653,0.4636880898645832,0.8345297198790874,0.4606987700025271,0.455062606789881,0.4583086381243361,0.8634772755391927,0.4580404140736347,0.6023564039782847,0.5743990150509635,0.5808916421018172,0.6532248041933029,0.6532248041933029,0.7706401475873382,0.8321030755787306,0.5938466300621382
423,0.40721471212399674,0.39029835731161544,0.39711496622526815,0.5021381772232264,0.3877387578058168,0.37102077998694893,0.36819885741602604,0.3715284333708743,0.39313910925607637,0.4526956003437888,0.48766141842914384,0.823974742932051,0.4689025510461713,0.45588317385444727,0.48464918743228463,0.9156562138846845,0.47438819350914724,0.5999818760430593,0.5976488280276082,0.5940404548982171,0.6324270087398004,0.6324270087398004,0.7824311724668284,0.8217274957492778,0.5968215518175142
424,0.39800418593591697,0.3829683071049313,0.38587252249624193,0.47552302639851174,0.3843202973802789,0.36453608990834185,0.36187841716330243,0.36281561098441084,0.38452180793340257,0.44680302060127813,0.48032490261067584,0.8173010316397734,0.46076359257829225,0.45807189601514176,0.4713886600398951,0.9084327964725829,0.4721927337902334,0.58748473668505,0.5612630851842789,0.6047517036191618,0.6223677081377791,0.6223677081377791,0.7731540134638362,0.8151192756865963,0.5983632517316619
425,0.3874720816969765,0.3847882691821128,0.38161019088921216,0.4770839391482238,0.379488318228109,0.3669574196741538,0.3659782741723281,0.36361273050346626,0.3780195276148583,0.4417324581965067,0.5017407276762147,0.8651041795812646,0.4670291194596262,0.465088651425808,0.4989904399930517,0.9621518403093025,0.485388020585752,0.6338559997964427,0.5968989020694647,0.6375848391994484,0.666220294627445,0.666220294627445,0.8567401654800951,0.8622758159293519,0.631932941167256
426,0.4412875968083928,0.42371870053687366,0.4288653478731832,0.5389356386711475,0.4162050725808931,0.40555555627928097,0.40530198371905485,0.40624162437474626,0.4101147606431071,0.47588954742154665,0.5258429923684422,0.8988079956262361,0.511565260835626,0.48729223119878945,0.5310808657410611,0.950200470041967,0.49927605776111494,0.6616376915757911,0.6713554530325208,0.6412398165384356,0.696328847874764,0.696328847874764,0.8596900828368097,0.8954924299901065,0.6403722305810985
427,0.4504972482407171,0.4159486722747405,0.4405213508557793,0.5323010910595094,0.41490271460458017,0.39473800918994295,0.3975915267251435,0.39728906620715265,0.4052666970824518,0.4592533887511352,0.5092920635578797,0.8411460713399693,0.4998882434435201,0.45920578981310134,0.5121126662332555,0.8798238676487002,0.48139440802332717,0.5878472572664633,0.614478529256333,0.586437914426596,0.6292480668156181,0.6292480668156181,0.7574931225684343,0.8386002701087694,0.563475843007583
428,0.4023917626540945,0.3950287109646868,0.3950231833385381,0.49814144323313947,0.4044267829150116,0.3859700437498131,0.38423030842547856,0.3810890920718714,0.39861835706962934,0.4713059598315805,0.5377173419669323,0.8525960172413496,0.5105503614573255,0.49721090756681,0.523264727095882,0.8980940599984314,0.4993208718963963,0.6698786906442115,0.6394518839480618,0.6198830588611244,0.6879912310522708,0.6879912310522708,0.8567401654800951,0.8499135301734805,0.6463720834886675
429,0.40373025704873455,0.39670346804274176,0.4029971081561219,0.49763949693555776,0.3823383642082815,0.3769542829137926,0.3822725474251035,0.3775072371066313,0.37745139897728935,0.43896627029422364,0.4898010277050698,0.8617779547957312,0.46433348405440333,0.45259336808029377,0.4870903239865083,0.9333850173075469,0.47239910353474096,0.6025476271174937,0.6032324125534863,0.5871491354032932,0.6447946884476516,0.6447946884476516,0.7892185744814737,0.8589660318376777,0.6001233888877038
430,0.41343198319091423,0.38595045619695906,0.4044307894853246,0.48635408029006233,0.36968112162482014,0.3648717845511539,0.3624102707152412,0.36313979703226623,0.3665460556096822,0.454356011307447,0.4933183985293573,0.8647622005132949,0.4685862322432028,0.46485560345934385,0.4824849347291584,0.9378715500954609,0.47562555213456686,0.6235278255416863,0.6022757577473338,0.5968508849099279,0.6458852959140513,0.6458852959140513,0.8306178712620604,0.8618413574483317,0.6169478904050297
431,0.3902057824839464,0.3907901652306854,0.39333447407908806,0.4871993724632727,0.35970064206651403,0.36939901097324124,0.36659774692537755,0.3699263126366654,0.36053270132070114,0.4410296790605702,0.47760998184969977,0.8745074672411254,0.45770757426848346,0.45661325384205564,0.4761085590855309,0.9830097686753596,0.47186843762073294,0.6182851770136419,0.5816284511580856,0.6245849951623865,0.6659413577875755,0.6659413577875755,0.8260795845106818,0.8715299004857473,0.6184565023203246
432,0.42169385490118555,0.4014758024614289,0.40666688479642765,0.4975195668127738,0.37896545961411776,0.3893456640368394,0.3849897006995552,0.3876229755671867,0.3817917024945787,0.45740819821945117,0.495564258542437,0.866037530889074,0.47917257355610743,0.47180299995128455,0.49962859867989917,0.9454974732973711,0.4894545909849811,0.611113307994307,0.5920908015338193,0.5925860522890942,0.6496590671732159,0.6496590671732159,0.8344158940296011,0.86320778018335,0.6111993460542362
433,0.4056431373562588,0.4009381708030348,0.39608701787421235,0.5115750884151707,0.39947928633171553,0.3838756413087855,0.3792217246676054,0.38234056556637297,0.38720587474440965,0.46833959961601673,0.502876969831717,0.8432923604527577,0.4892985660376811,0.4896557106001545,0.4958539884445172,0.9374014231429016,0.48157609729203693,0.6570807111969375,0.6203906911734061,0.6419140408061355,0.668673586097848,0.668673586097848,0.8495724260700486,0.8406498227107239,0.6419865929686336
434,0.41998020203927744,0.39257701931212563,0.4243329397537986,0.5026664871355606,0.3795142903641043,0.3710622192040574,0.3816927448782697,0.3715704876803366,0.38020649601170864,0.44031691563294945,0.45751755567094665,0.8215462975358916,0.4457899835416408,0.43769320617055874,0.44289239107777895,0.8698406221061,0.43709942247292216,0.5833300170605049,0.5945145841084531,0.553153636375986,0.6098599386285586,0.6098599386285586,0.750178289660292,0.8193109044330416,0.5762731994419087
435,0.40840522781316924,0.40960860674985405,0.4054203056548311,0.5220217543152667,0.3962820731398242,0.3944186648528975,0.39218770090472566,0.39284997856823184,0.3962443953179464,0.4567699099187178,0.48425423721960453,0.8702820960866359,0.47194715588228814,0.4626881292919167,0.48932179778465296,0.9650814242830053,0.4749102085048931,0.6206113362601735,0.6124794072486633,0.6407908723719432,0.6522318649813404,0.6522318649813404,0.8445600989294889,0.8673643640495499,0.6228140530736704
436,0.3732753607673379,0.3720291636958946,0.37602763808595707,0.467474848509516,0.3672028992609087,0.360356507835375,0.358751178591206,0.35906637030581534,0.36702398273435133,0.42125718158453607,0.4686679297483171,0.8396682992479733,0.4428884712675992,0.43907571374097004,0.46275770715979103,0.9410288574505107,0.4497763660253794,0.5833300170605049,0.5772200335149296,0.6096703544494211,0.6069411295670705,0.6069411295670705,0.8107653625625222,0.8372090080008421,0.5940462994668264
437,0.39819032682086825,0.36158915669109754,0.3895714620849306,0.46609967325694873,0.36015364802996347,0.3427040532047023,0.3381413764323518,0.3411460640496153,0.3592621936097618,0.426701160141332,0.4787759617158534,0.8619745194796706,0.4540478873344477,0.44576945242068067,0.4676418754224912,0.9429434069983802,0.4714819714362761,0.6160878597054251,0.5857668451220605,0.6250120615044178,0.6341982551706877,0.6341982551706877,0.849864836010296,0.8591592094500956,0.6240268997763494
438,0.4112992227556704,0.40340723168879805,0.3962667424562345,0.4983009705734196,0.3991532951230871,0.38095217895307504,0.37891247407279677,0.3815338057276955,0.41006630317565523,0.45123955383152675,0.48105349874251596,0.7891251055974201,0.469363197170038,0.4583768599587371,0.4834656032283372,0.8830205096420408,0.4759767300456614,0.5849663732204347,0.5666132062996262,0.579443695195172,0.6251876248783227,0.6251876248783227,0.7418231454017278,0.7874617144397018,0.5828550670928933
439,0.4025769985609542,0.37321780474811667,0.3951084294174365,0.46433540048873445,0.3627834678106873,0.3588303399201557,0.3608307940284274,0.3575257469244644,0.36393630650277753,0.42114551946157885,0.4913678711221466,0.9055606105827113,0.44972604947003064,0.4420404000559652,0.49219337385976625,1.0317672272524172,0.4679151730760999,0.6061735748522626,0.6079361999772247,0.6159953669889542,0.6323135712219997,0.6323135712219997,0.8367269852028654,0.9020730372707679,0.6162335122223609
440,0.4037953488733894,0.3875115065011598,0.3886766425186462,0.4796858514773782,0.3795142903641043,0.3657704877944153,0.36462287021487766,0.3682076730915241,0.37439717097597514,0.4355352508569874,0.48380636620119055,0.8554299615977888,0.46546102538543777,0.4549271031032842,0.48376272914361024,0.9232556679555093,0.4743191175896578,0.6028148188155542,0.5741215446343205,0.6018818174555535,0.6448607110959169,0.6448607110959169,0.7943061863689845,0.8527659041694345,0.5984974508815833
441,0.4205332147165101,0.3951983445089896,0.41017177771185026,0.4965263469560134,0.38362228825687184,0.3851081588496865,0.38443592729082204,0.3876779507878826,0.38651887648133115,0.4441603899953246,0.4697464886283211,0.8429182366605329,0.46456606301249004,0.4503146944437031,0.47061026850964177,0.8922426905266955,0.4580404140736347,0.5820715999826875,0.5720879467762645,0.5715771164595586,0.6268788900400548,0.6268788900400548,0.7801350084983842,0.8404473417197758,0.5902886417902466
442,0.3929640477980813,0.3745405987702674,0.38578129135535966,0.47883508259308366,0.37533061920200733,0.3562750297657561,0.3568610508889498,0.35862708795279513,0.3742339592358885,0.4293318575947919,0.45087474364562896,0.8185063680069964,0.44106766335074765,0.43872730363064194,0.4381802674446355,0.9100719194269589,0.44156200713667487,0.5933811245831816,0.5586360289651381,0.6013114820491438,0.6318984613153139,0.6318984613153139,0.7792235618435951,0.8163903712914158,0.5955879804466128
443,0.40553705877693436,0.38694944706523093,0.39565929931388155,0.47986074645411486,0.37733052753571966,0.37062647666095827,0.3720817195499198,0.36914282472919474,0.3723432370554727,0.4390559377334987,0.4984984086595564,0.8590201983972593,0.47251489092700943,0.4675037966322559,0.49472201274062155,0.9260900083100523,0.4762471527935638,0.6100638519901381,0.5970482804341756,0.5985054297935343,0.6406054873029027,0.6406054873029027,0.816082202797489,0.8562907336485145,0.6029245379577237
444,0.40519409407859325,0.3919237504004425,0.3996022389715665,0.5024297909716487,0.38074082894104583,0.3681337559028566,0.36523242878060047,0.36279741903926266,0.3839719303123259,0.45707997135348016,0.5326020770577806,0.8411460713399693,0.4949640934660256,0.4793039891519483,0.5335531288651739,0.957654872735265,0.505797825124407,0.6573977988618095,0.6373655370460568,0.6056484462015498,0.6727144252203411,0.6727144252203411,0.8344158940296011,0.8386002701087694,0.6442301845443067
445,0.36904829002385253,0.3689036841817866,0.3725505851868018,0.4599624784268477,0.36859595605974876,0.35380236433437307,0.3538000029763717,0.3562438941864846,0.3661871190960777,0.4173021544421295,0.43924902633888613,0.8327654544437758,0.4235568962533699,0.42761796930013807,0.423824146238248,0.884312069858545,0.4343217156903228,0.5728253334964425,0.546708744589769,0.608157765281521,0.6104127057324275,0.6104127057324275,0.7887242918414655,0.8304716516839867,0.5819753535379737
446,0.43428120067177156,0.3884832796072918,0.42147038638316675,0.49601469938542064,0.3811634288272526,0.3657669003249654,0.3658797820257243,0.361562893229918,0.38155429402801616,0.4600540121202257,0.5058494018521827,0.8619745194796706,0.483591459141527,0.46758616831325117,0.4922609310340027,0.9170001840969828,0.48612561291800055,0.6293003853504985,0.6117561541906059,0.6018818174555535,0.6452764816424883,0.6452764816424883,0.8156438896928379,0.8591592094500956,0.6226745578529749
447,0.4257802816716174,0.39526075142105915,0.41025584804462395,0.49107124587770706,0.37905857650076413,0.38423005416434014,0.3837952893703733,0.3847869535280302,0.3817436285337827,0.4370477681309059,0.4649318394113038,0.8184714062459562,0.4613003079877771,0.44930503596937454,0.4721966597899923,0.8906896207275674,0.45843754780045787,0.560254121693813,0.5464547928476096,0.5652331596777986,0.6026500704411254,0.6026500704411254,0.7425583403375133,0.8163013153762955,0.5648614465575799
448,0.4232101286560885,0.39598230110432314,0.4083443034265094,0.49460990846236685,0.38658452503858987,0.38222601426106206,0.3825878990719706,0.38279944374420466,0.3831418459033805,0.47005436877906165,0.4902612473879119,0.8491830838141878,0.4749422610026448,0.47725322591918384,0.47883445913848083,0.8759859810390713,0.4785731354145336,0.6016835018290099,0.6077991800864562,0.5694479883202362,0.6467835513954403,0.6467835513954403,0.7831000700650154,0.8463687010890729,0.5971237939375763
449,0.4116765105020419,0.40239289215657836,0.39247309763219446,0.49570081084349293,0.3940613986134951,0.3801974390593324,0.37975122588225574,0.38074110886943624,0.39002560624367905,0.4536803187058804,0.4835144591998286,0.850537856657127,0.48084748102649283,0.4730775524464788,0.48697038908040147,0.9012127267011417,0.46845764350660457,0.6210472051113173,0.6019148427775661,0.5970552495751652,0.657140508824958,0.657140508824958,0.8127376557872218,0.8478353678052711,0.6085580303134379
450,0.39931836745080834,0.3803802290585852,0.3999998134439275,0.4696846649459044,0.36149961108130935,0.3568061189903552,0.35808279680186533,0.3572367834507533,0.3624813309552027,0.4244462303190165,0.43977200077474965,0.814419739679542,0.4328850800217572,0.4317287331104157,0.4389236112674064,0.8828271234838335,0.42674660462853237,0.5579817037696755,0.5479353546102932,0.5582581580991665,0.597985485713397,0.597985485713397,0.757893408030257,0.812332775926215,0.5570975513134903
451,0.43285111610611765,0.3880096508113143,0.41351213669182535,0.5046825272076438,0.3918002167245024,0.36772219596486333,0.36572979999558825,0.3657047052830477,0.40423598507470204,0.4666356394988169,0.5033452375339075,0.8586065720922658,0.47236774909382495,0.45812133065711935,0.49179070692585414,0.9684922588701029,0.49201355627273163,0.6341916031475548,0.6053739489682288,0.6179900325881194,0.6524990514131838,0.6524990514131838,0.8265904314876562,0.8558445365591311,0.6312370411672501
452,0.40954385316303904,0.3847882691821128,0.40302890492826127,0.48525018469455333,0.3814178110151021,0.36868172418845513,0.3720817195499198,0.3653147517060745,0.3802609554126035,0.4474320178284605,0.4843108913263309,0.8143919844205781,0.4652859684001351,0.45585490882734336,0.4685416083659236,0.8549581616431997,0.4670239807784538,0.5838301726774926,0.5708559448045919,0.5565211488689591,0.6213753147684868,0.6213753147684868,0.750178289660292,0.8121695354526784,0.5807609670570535
453,0.4561467654849922,0.41444410280858346,0.44942193678574766,0.5283831870736542,0.39837413439282626,0.3996564471737598,0.39724843946897836,0.3916508138177126,0.40801929182966795,0.4796461738469932,0.5141578231693111,0.8153721762217426,0.5171195613838827,0.48515675635412936,0.5129296867185712,0.8529949357603069,0.48340481640199534,0.6094256253699706,0.6271869596752923,0.543558996307662,0.6272493104328212,0.6272493104328212,0.7885037175389716,0.8132620447922564,0.5947149623527027
454,0.45253158948409694,0.41656353384574796,0.4398098546827813,0.5352239497459362,0.41080348735641603,0.4181033383550763,0.4210282408436265,0.4209851715393349,0.4109476459956349,0.48618223883377276,0.4927347776914169,0.8586065720922658,0.4815893720207275,0.47265171532700995,0.48495782115756614,0.9014473791577182,0.4738843222124484,0.5954295954768809,0.6397050479792374,0.5672483121764288,0.6288592636236753,0.6288592636236753,0.793581062742909,0.8558445365591311,0.5939649658795724
455,0.40194246370645426,0.3826128266915451,0.3986709939766618,0.48844166602654354,0.3811705634961727,0.3666336801970346,0.3677168884542858,0.36713664783117117,0.38016858911801277,0.4325913975507746,0.46894404971407777,0.8366976477334441,0.45733096016557667,0.44398290665718093,0.4561135138949442,0.8948240903913012,0.4533886985932607,0.6100638519901381,0.592771382947622,0.5920538825781331,0.6289708064462494,0.6289708064462494,0.8097220159106084,0.8342888253576702,0.6080848360174403
456,0.3968183771065085,0.38952181032250477,0.39092119406575127,0.4951027608597101,0.3896340852356734,0.37519647537098927,0.3738236151673455,0.3727007393155224,0.38950907741034224,0.45315642163735886,0.4738650513320332,0.8662921801160063,0.4562838871771155,0.45809316408928447,0.4622051365069018,0.9652561778087176,0.4689455653505214,0.6160045785570748,0.6038140394686675,0.655127411969692,0.6415803998169464,0.6415803998169464,0.864899316018339,0.8634992091401298,0.6205385192657751
457,0.44404742982428813,0.40838011669710184,0.4293483865352571,0.5225976017859231,0.41347261349438236,0.3958493528955874,0.3957058857695478,0.3986404918541227,0.4057241452632784,0.48004228588280856,0.49045684715087917,0.8316971378214552,0.48918345652741524,0.4720042279712724,0.47971199393863984,0.8678928410587365,0.46479287063683267,0.621391520901088,0.616149660898176,0.5831780608095309,0.6509676686530114,0.6509676686530114,0.8004074960553459,0.8291979427765068,0.6012159379599569
458,0.40955190475656733,0.3908743110646245,0.40439787771607294,0.4963029368467513,0.3845994055755808,0.38008539748158515,0.3849897006995552,0.380652651525121,0.3873973795734777,0.45224708630532756,0.49528407401875757,0.9065537461051663,0.45792441028088005,0.46069591897261825,0.4836336295800889,1.005233921407059,0.4832737649747534,0.6305984033202799,0.6384909152011494,0.6246624303540894,0.6662720867963898,0.6662720867963898,0.8462428378751213,0.9031025876996636,0.6250273757389765
459,0.41292666887133817,0.3754851637402896,0.40825438296284045,0.47686482785340156,0.3573021660566274,0.3542473061536534,0.35732562400608986,0.35465976218361733,0.35354113441204954,0.4201997720366092,0.4342861884717346,0.8258615450254326,0.42982131603809554,0.4270350947731858,0.4247103637005001,0.8890379231360903,0.42470238702175184,0.5711524026672388,0.5408674054306697,0.5681904773083273,0.6022429630490937,0.6022429630490937,0.7711895007318256,0.8234962778736323,0.5721402046909266
460,0.4374699913479355,0.4401847342090411,0.42309008033501333,0.5616503319239277,0.4258778560266733,0.4208661283778567,0.41984299126384017,0.41961338025499845,0.42882056536520163,0.48253266852371735,0.49509973982503885,0.8497469299632991,0.5069689689284893,0.4919830734932786,0.5022392783781588,0.901379842917986,0.4818422631025218,0.637305837276018,0.6319413744079758,0.6245229643459683,0.6649869558191134,0.6649869558191134,0.829523668251368,0.8471251444556611,0.6255534943948948
461,0.403427444212237,0.38751907655012235,0.3889684216343156,0.4754229855745448,0.37322903211681774,0.3568061189903552,0.35201039988248684,0.3593235514112952,0.36844193505243966,0.4364074451804954,0.46850194030529585,0.8150081971259147,0.46034696867664787,0.45083020649524425,0.4738492938537788,0.8759124945171047,0.46124008017593365,0.5764569334096324,0.5389602405497342,0.5808949708151757,0.6310174485288408,0.6310174485288408,0.7706401475873382,0.8129299056659468,0.5683800484144362
462,0.42655447846633177,0.39845703290473666,0.42270606046196624,0.504291237004852,0.3958751129233926,0.3792402409329587,0.38518440074948546,0.3797955345575705,0.3908491005680426,0.4539005140882238,0.4714796697949128,0.8565587360323536,0.4676067580437247,0.45211944663904535,0.45600428700432877,0.8605722084823144,0.4521345969854257,0.6053738614496806,0.5988725383222634,0.5993072924987711,0.6373092545426384,0.6373092545426384,0.8054309529960101,0.8539107581232797,0.6036258714177801
463,0.4045749544691212,0.38353487447058143,0.40246759175000624,0.48642446835782666,0.3688880429071698,0.36535156750072395,0.36492388228319794,0.3658465112154388,0.3695173751331587,0.43818203604555567,0.4750759691277957,0.8730021563960507,0.4577676236229455,0.451898811904412,0.4678865495016487,0.9284419917089703,0.466500949407052,0.6025476271174937,0.5955209065675888,0.6105944473168596,0.6389375552715231,0.6389375552715231,0.8156438896928379,0.870059192878238,0.5955879804466128
464,0.40091208660068367,0.3787035025794256,0.3962983589710558,0.4794340394377051,0.37307742229596885,0.3704928559550855,0.3678276352301553,0.36674133900188927,0.37362446791376996,0.44809114559630603,0.49779045945333167,0.9062800273575223,0.4689689976693784,0.47029166949844553,0.4884218704240711,0.9726987030313884,0.4798719162015799,0.6487762355367549,0.6313356664569318,0.6473622683881348,0.6754227410199699,0.6754227410199699,0.9068849004144796,0.9028382106111188,0.6513500230882584
465,0.41103950492576286,0.40549166825455724,0.3982819656467541,0.5076104717638249,0.3981082409185179,0.38984848123436555,0.38566573096377355,0.3878718738933975,0.39768128613536097,0.4633779454279975,0.4902844922244094,0.8461541141182397,0.4718381991595629,0.46493783814324874,0.4955186541182981,0.9333073396131788,0.4802551604262394,0.5997264887307256,0.5975937435702684,0.6146714123298963,0.6348270373485001,0.6348270373485001,0.8288087379600606,0.8435478283482173,0.6074641212461858
466,0.40355576373810353,0.3936513680311909,0.38944682863001545,0.4873921508146954,0.3892322607473901,0.37257135138051456,0.3725895228725223,0.3707594359204795,0.3849797682378467,0.45827972252153704,0.5355234581499694,0.9577257521848429,0.4891568047716094,0.4850985077560578,0.5288996538873806,1.0342897201054702,0.5205533907041111,0.6905282258543941,0.6706170538314448,0.687168401188627,0.7188362532901306,0.7188362532901306,0.9536116143190244,0.9536440057479298,0.6771973827446296
467,0.4181075078503184,0.3902192457153607,0.4038705614226243,0.49719013709225274,0.39111085607957286,0.36707934785499247,0.36910167041383496,0.3698339776994298,0.3914541329370653,0.4462480894605089,0.4918150514539626,0.8581140392379881,0.4688181652561387,0.45482422284949675,0.4795690136758781,0.9240603449782641,0.4874034024470884,0.6338559997964427,0.5963659528634918,0.6191211111727486,0.665680210771643,0.665680210771643,0.7964894707090698,0.8553465037502228,0.6273399785799334
468,0.387022568782646,0.3783684676581582,0.38183595529693004,0.47736065901691777,0.3795142903641043,0.36198766182545944,0.3606500942787445,0.36438326694658796,0.37634229850764545,0.417323246303442,0.4515688023267239,0.8429182366605329,0.4428884712675992,0.42861774532149827,0.4508127901936195,0.9357067445145327,0.44267591438910875,0.5880471133841408,0.5667772961063969,0.6207977740085047,0.6126264572855168,0.6126264572855168,0.81882563476591,0.8404473417197758,0.6000367015540655
469,0.4142399430424293,0.38525491401935374,0.3986709939766618,0.4753423726023975,0.3925919202701828,0.37780475367888566,0.3772964791484017,0.37838071370595605,0.3932001842787383,0.4450734004153887,0.4666088020725226,0.8201822326277008,0.4561440390532415,0.4500948800323664,0.4603517520104696,0.87325288396015,0.45268618069550504,0.5694880199315516,0.5601635691680145,0.5723230414511209,0.6087154623318888,0.6087154623318888,0.7709327802893665,0.8179019629271,0.5788291170901506
470,0.4179094629980123,0.3919867442287637,0.40606483783583414,0.4893579070349507,0.3814734136819274,0.3772365082685887,0.3744140686719326,0.3777689417845965,0.38219100386415966,0.44750496126555667,0.47640307257827386,0.8272915331654161,0.4691436807399897,0.46211881939022476,0.4775870420294412,0.9073324206571436,0.4604466281468406,0.5979085137984826,0.5733937882994499,0.590918611923765,0.6391406692940246,0.6391406692940246,0.7867804227537933,0.8249545962167812,0.5956404115419232
471,0.4126013040105989,0.38816655447960924,0.40181896702929293,0.49991428295962503,0.38147291196372823,0.35956839476485086,0.35503734848152957,0.3599910575028138,0.37992283083275763,0.45651056203539603,0.46909126956180336,0.817390120635378,0.46889661065626936,0.46260836352008816,0.4618860456510966,0.8915318167110815,0.4566811156507069,0.6248347559775753,0.5975794038458626,0.5966561146840873,0.6611588946553975,0.6611588946553975,0.8272402605824014,0.8152897497730528,0.6034271152545688
472,0.39110406680549165,0.3690522846150692,0.38001551530689803,0.4811307474620296,0.3701245240236551,0.3434815569528221,0.3401737866508068,0.34628439621359475,0.3670290939211828,0.44417734963190536,0.4672549066714745,0.8561393321804396,0.44144910804254006,0.45239642084616444,0.4516221064196063,0.9467065487679938,0.45415977642193406,0.6235451194925906,0.610968416238533,0.6203482111726925,0.6453286572375951,0.6453286572375951,0.847173250173449,0.8533958990230781,0.6170947315945738
473,0.43114609640953616,0.4228986696347415,0.4211365126276285,0.5307192599105557,0.42523468864513364,0.4061769136960634,0.4101223803717345,0.41130848177893664,0.4159391052498939,0.45691222714565116,0.4450474662721091,0.7949358895723716,0.4688180763396123,0.44236508093480204,0.4402166136368634,0.8221865856444734,0.43789067251222674,0.577369134895999,0.5645222334919499,0.5808798628445455,0.601134054237401,0.601134054237401,0.749001677963214,0.7930311161638148,0.5792277443343579
474,0.44075937379834645,0.39776518308536896,0.4193712088751531,0.4986575499047739,0.39498920038573804,0.38423792576354643,0.38396534667113347,0.38481741366550265,0.38895819614673044,0.45856901436950076,0.49184541130320014,0.817483699727901,0.49640628252650737,0.4726105874769388,0.4910362464997293,0.8382986416110317,0.47049061773420425,0.5620982652050728,0.5687429774970784,0.5591359992402176,0.6217251619323839,0.6217251619323839,0.7480414002673285,0.815359150245016,0.5513562906188202
475,0.4252785741090671,0.40013931044994994,0.40487975214872185,0.4937919645229916,0.39112131952913487,0.38199420931054456,0.3842345102949061,0.3825611652921012,0.38642356023968377,0.4470819085644388,0.4925813671630998,0.8390615066662975,0.4770940819707559,0.46460927433410576,0.4926098708030938,0.9332316646576133,0.485430162433114,0.5829835175249982,0.5673860186954545,0.6040447884587261,0.6284935585322781,0.6284935585322781,0.7521817464330344,0.8366059640662626,0.5753641263782407
476,0.407401116210599,0.4005278803342319,0.4023906080248975,0.49861648698053546,0.3917235743161325,0.3966511030177819,0.3966792595039624,0.3972854233028698,0.3892412022573653,0.45032031999613714,0.4931806717648124,0.8975899770951394,0.4696192750341242,0.46662419473797945,0.49114740925400496,0.9775566573460882,0.4821028263084718,0.6230725345097382,0.607305738865295,0.6519268707123906,0.6657760446358674,0.6657760446358674,0.8648138023040117,0.8943291790634534,0.6287917701596459
477,0.41214426914862073,0.39676739008669093,0.4010936710740325,0.500837163816324,0.3844203523177187,0.38058908698033733,0.378078267615492,0.3811778787458461,0.38303308071670117,0.45643892162787325,0.4962223201413373,0.8896898119395101,0.48194884441791697,0.4753873768712863,0.49537116013382126,0.9419471087560335,0.48335179987983073,0.6268000558895395,0.6367025398914815,0.6137461152750602,0.6665169520432322,0.6665169520432322,0.8395766063651744,0.8864949082256924,0.6264270088735454
478,0.41318278470593783,0.40250699581935606,0.4020557336611977,0.48607729521743914,0.39013174233473014,0.38421986284482684,0.39025704317806487,0.3886731715053102,0.3808070984109522,0.4250775431299782,0.43168021382110255,0.7970819547103487,0.44291119841966875,0.44091827325039745,0.43244329211133065,0.8044568663487613,0.4195210384102465,0.549176341714537,0.5261863508409069,0.5490074141849896,0.5970641014182395,0.5970641014182395,0.7091617800151658,0.7951937003735494,0.5474418522750133
479,0.39921995087819406,0.39958223685046723,0.3947712068524206,0.4962095376032795,0.38886994662806207,0.38515550416131195,0.38267045174537273,0.3900325495659686,0.38708248801434786,0.4230956929822016,0.4374694074895634,0.8473573205921912,0.44846263170643447,0.4355078485098414,0.44797313969796837,0.8862869760294259,0.4323552031174909,0.5707202193014688,0.5657511515605546,0.6184496970480403,0.6046928981646225,0.6046928981646225,0.824070652022411,0.8448632176499798,0.5742469711465256
480,0.44733410103326,0.43709651557371026,0.4320304593934149,0.5465421985304741,0.4268757016585829,0.4195882660707342,0.41600990662608156,0.42038175853783266,0.42373790378604403,0.4992438456760828,0.4883779224771927,0.8676809549219221,0.5058650653286548,0.503599189337785,0.48857186811415393,0.9018634280888714,0.47122670236244335,0.6672698754630095,0.6458708160240499,0.6333535554619091,0.6975852538794319,0.6975852538794319,0.8595597856461531,0.8648007558226918,0.6539420991258311
481,0.40506488997323636,0.4004132437197917,0.40294209102805345,0.5027637314426299,0.3867326018758557,0.382479083025408,0.3821445714522882,0.38305874915606836,0.38710031230304787,0.4650564624068937,0.49932911597311785,0.8808664181951595,0.47034653737397153,0.47255595337315837,0.49460147873411425,0.9591082015016378,0.47802726733842604,0.6270026292681379,0.6352515582696221,0.6207016973638301,0.6689503951467594,0.6689503951467594,0.8260830693831465,0.8777805067202974,0.6250317377835373
482,0.43027781037856055,0.4173541084568344,0.4233879438820849,0.5195931841504077,0.40807824826535277,0.3909303125528438,0.3951947327579072,0.3999164740329124,0.4008318575249161,0.42950272760956865,0.4339802555755474,0.782893063332806,0.45771267411821503,0.42312206542888775,0.44040413980487675,0.7940161437545813,0.42141989566497234,0.5485946012474532,0.5359649726694078,0.5551306541466178,0.5827237034820135,0.5827237034820135,0.6976843746225196,0.781305377570527,0.5359164535996432
483,0.4141523493889845,0.40202774837594435,0.40283269130470395,0.5067968048953788,0.40794535994443654,0.389502835890727,0.3852094087267098,0.3875251852567328,0.4070761708392828,0.4678206615398456,0.5115247534900118,0.8619484965772825,0.4882559712047542,0.47701115564805907,0.5056132609662858,0.9477586026569731,0.49559223455645174,0.6398731526305066,0.6211292623274749,0.6580439686240624,0.6646544177491888,0.6646544177491888,0.8620886632246576,0.8591975701270712,0.6478948930578297
484,0.39110406680549165,0.3967271462492865,0.3881994781593572,0.4884655624892181,0.3817149840125986,0.38330601741736486,0.3825039457504361,0.38584663580702905,0.37415283263736404,0.4316900983089307,0.4580726146867821,0.8678221889982597,0.4485751080987251,0.45152510581046307,0.46284744203430567,0.9592385220500806,0.446238025708791,0.6118893111644766,0.583665530210796,0.6346815918846189,0.6435973810962385,0.6435973810962385,0.8387886249262813,0.8649383439694276,0.6184565023203246
485,0.3976942666930155,0.3764362324072907,0.4035188622830689,0.49075164373838726,0.3743429410071798,0.36014429421856475,0.3623032183111106,0.35883210139257044,0.3777118797659399,0.42540231765345127,0.4821159377577432,0.829863350486686,0.459149138212845,0.4347275984436046,0.47315730510590054,0.9258714906359965,0.46356709948256,0.5832224956901425,0.5894672443106778,0.5871544109970308,0.6142295769836582,0.6142295769836582,0.7753254159955221,0.82751790437282,0.5928443967971918
486,0.44572762425541906,0.40751637658696827,0.4375255532605118,0.5137632672863712,0.3975002416711102,0.3823089698715138,0.3866374633528108,0.38726401756403517,0.39262573244496696,0.4383940804940267,0.44758659635716574,0.8078918636938823,0.4643816301315486,0.42701895296785414,0.45063051303891566,0.8409730730882157,0.4323425608283645,0.5470696043896033,0.5456622969624372,0.5578671440485155,0.5793564381027576,0.5793564381027576,0.7211778040773056,0.8058940238112944,0.5496409108466821
487,0.3938274475696428,0.3826128266915451,0.39653684809129275,0.47986074645411486,0.3761100217958481,0.37648535022190205,0.37725720731071294,0.3789344961947097,0.3738904132206801,0.4263846741681671,0.438668752113408,0.7949358895723716,0.441150158254427,0.4355592963609123,0.4288692493589415,0.8242021870365467,0.42567847678344234,0.5465238731366564,0.5434165188710222,0.5594696365530426,0.5788791510583304,0.5788791510583304,0.7301543120384386,0.7930311161638148,0.5493920086441074
488,0.4149113834603083,0.407986705041974,0.40828170566288224,0.5192970151564732,0.39781831608646284,0.38694695466685314,0.3876178644348421,0.38755080043078677,0.3930829273506349,0.46722933049155585,0.5014738008426303,0.866037530889074,0.48254566650234915,0.47951039183668953,0.49782707481126387,0.9650814242830053,0.4824746247853021,0.64220671592299,0.6500450398628473,0.6324803852230901,0.6746548155912648,0.6746548155912648,0.8403592398936571,0.86320778018335,0.63563806100531
489,0.42794796203263047,0.3880322282948248,0.4069186297063803,0.47897610174225946,0.39146557273816057,0.3797296104320215,0.37745761901595665,0.38260452076543866,0.3867113961723659,0.43447340932997747,0.4687802633782565,0.8327654544437758,0.4622194863873243,0.4427792641785016,0.4703101800743202,0.8958048165769853,0.4623177595288657,0.5522156521873064,0.5327668167411346,0.5981334232577894,0.5977002762091373,0.5977002762091373,0.7748566890330574,0.8304716516839867,0.558934917816197
490,0.4168638195698914,0.3986971693043028,0.4028693770669968,0.500476539465746,0.3831342227363131,0.3671239226296551,0.3645611851985987,0.36765339546214876,0.3891434092172083,0.4382545312514773,0.46292971544095723,0.8118596449212756,0.46997969680079643,0.4467476220747424,0.46732002057406635,0.9049823801223857,0.4587702930491226,0.598382984468374,0.5640563574807226,0.5921452137003231,0.6252860739667746,0.6252860739667746,0.773747690584274,0.8098656582596344,0.5963644611525304
491,0.40616753576708114,0.38930057752354286,0.39853367655959376,0.49763949693555776,0.387884790316784,0.370115396788744,0.371804492862268,0.37271180108730956,0.38823467612622187,0.43971064148062433,0.4596136596062417,0.7907159846232753,0.4523352453830147,0.43962778297973154,0.45223357752063376,0.8618719581832966,0.4464127870640926,0.5641733777263626,0.5529703878505292,0.5702847422331329,0.6034323269515829,0.6034323269515829,0.7347538492485101,0.7889686636001726,0.5557068808395115
492,0.41140159718744557,0.3753729882879106,0.4006691924383907,0.48164390898879383,0.3572792878003143,0.34623727837590473,0.3439423464107638,0.3466434402231215,0.35926677577991684,0.4291575905793977,0.4686321650430371,0.8663396425586956,0.4544822338936711,0.4450975366808371,0.4676252521637213,0.9775566573460882,0.4641264006395651,0.6201463079176287,0.581955341802459,0.6261949130346477,0.6477444070169144,0.6477444070169144,0.8301914102278739,0.8635263728882572,0.6131042388272162
493,0.4201934058047941,0.3870728831515709,0.42276268648108506,0.5006188108873988,0.3755775394405112,0.36728737662394884,0.3745482097518529,0.36974265760625247,0.374446649460375,0.4279915078597889,0.45058232062721465,0.8245481852861998,0.4418083840431026,0.4255561561738151,0.4468018230747559,0.9151213987545829,0.4330487562485426,0.5672744924395923,0.572197290638725,0.569576871797042,0.6003678297168434,0.6003678297168434,0.7458947705334569,0.8222482049582692,0.5631980928277405
494,0.38479959107139045,0.3604928555108913,0.3847430443044425,0.45814203332865444,0.34963813104477615,0.3334306858638758,0.33273717892381677,0.3338218547259276,0.35087656687321855,0.4218927767653635,0.4572778922935816,0.8420610530675543,0.4319764731633984,0.4328417347106078,0.4470600125244857,0.9468734692199198,0.4435574912705469,0.5798964411370311,0.565919424636845,0.6024121897674092,0.6088777942730647,0.6088777942730647,0.7881428662551193,0.839552482579642,0.584853679173495
495,0.41260410743207837,0.39499487258013066,0.40827880132480876,0.5021381772232264,0.38202270507226177,0.3765974065866715,0.3791742727459108,0.3748626007555789,0.3801733680374422,0.4621574697240861,0.49814393589450107,0.8739735831313457,0.46984214504231814,0.4751845507550623,0.4873811096168545,0.9680623198993183,0.48049450510725844,0.6434096338736665,0.6302726894784537,0.6297864201437575,0.6786679387042795,0.6786679387042795,0.8289340662810858,0.8709388753690585,0.6382889634455226
496,0.413784112566184,0.4008295807719528,0.40275756731274676,0.4907263214885238,0.3868306588144767,0.3902592015917271,0.3887001865801154,0.39351661588588005,0.3850455179313373,0.44764271449100895,0.45732594027871837,0.8490532305926155,0.45392742237234657,0.4548356572871366,0.4614718342414525,0.9103273413822254,0.44807102362212725,0.5738715598799882,0.582962577060264,0.5880263899593936,0.6127633496120605,0.6127633496120605,0.8072874246919864,0.8464745344965944,0.5889419950280878
497,0.4104903319352788,0.38689676593238,0.4025659568590528,0.48259214116813953,0.3859555307924123,0.3808835876349266,0.37758431832337386,0.3832954987760092,0.38486897671642867,0.4408864186118416,0.44481120449027123,0.8007593434644066,0.4550174794360235,0.4493623188692947,0.4375076719077501,0.828018353502877,0.43471009234549063,0.5723686799751626,0.5433911732152182,0.5723230414511209,0.6184695284358719,0.6184695284358719,0.7635905735133104,0.7987707628237483,0.5698534632423241
498,0.4126013040105989,0.3916558106024198,0.4016281723847371,0.500837163816324,0.38687784782743834,0.37922630478111463,0.37476510712414096,0.38242290366136283,0.38230289512094806,0.4440666617521287,0.45871385134735354,0.8706491632788979,0.4605535274244039,0.454081581774739,0.4565135523210717,0.9466608798259147,0.45838526395133283,0.6309339116124036,0.5976776955045504,0.6391078431315194,0.6617795402290235,0.6617795402290235,0.880217324185153,0.8677458703155967,0.634282350546522
499,0.3691080336429546,0.376393805805618,0.36670414949782837,0.4781305064118129,0.37639094428855513,0.3571892533078192,0.3522609013386298,0.3534974192942435,0.37323270830186833,0.4528870105748017,0.5420616364197596,0.9341009948877546,0.4805599112736264,0.48372888879729475,0.5302900597163875,1.0604230016689544,0.5261467846521111,0.6903251168100407,0.659055472245939,0.7035109762703875,0.7215529449161125,0.7215529449161125,0.9365142478044182,0.9303026436042646,0.6882592426804222
500,0.4087455009245807,0.3862457499778579,0.4052474506635707,0.4830345229711842,0.3770060881557194,0.37572946153278197,0.37523727271685714,0.3762874436085934,0.3774639310191613,0.4327200265166223,0.46156164422882295,0.8906721803380432,0.450533203522691,0.44242385013964197,0.46068829825041024,0.9609092792573802,0.447172462660768,0.6090996280394255,0.5894672443106778,0.6356946608535263,0.6341982551706877,0.6341982551706877,0.8597440947823509,0.8875046750367346,0.6287917701596459
501,0.44447816861033523,0.40570376943031194,0.4310614608433886,0.5152310339410207,0.3952217516082728,0.37139437371508316,0.37304609583103443,0.368925628938764,0.40027675399756996,0.44901356588473246,0.4431072029990567,0.7865072617383698,0.46042594434719286,0.44137605997924295,0.4416537805536926,0.8589691763925705,0.43721425808450837,0.5823894763075882,0.5619422736222278,0.5793340765211685,0.6054612380387715,0.6054612380387715,0.7637420093582453,0.7848071628650678,0.5697479571323396
502,0.41430123405035474,0.3958581385396469,0.4098106948742635,0.4936023690310952,0.38196695412653203,0.38412915457576025,0.38454180676744104,0.38468200942134123,0.38231583611835973,0.4396828587521786,0.4576512474462677,0.8362608428984264,0.45172826966840074,0.4481630868462726,0.45710458076074617,0.9107833829391119,0.4498497641660178,0.5874853909371516,0.5670761156634828,0.6018818174555535,0.6241083313171836,0.6241083313171836,0.7964894707090698,0.8338229853754868,0.5903336791826785
503,0.4144182255866411,0.4086474261413573,0.40748914848225226,0.5102621782739799,0.39067802984449157,0.3795794999670009,0.38188657488978806,0.3844991773895252,0.3836742372442646,0.4400550197211566,0.46609065568181623,0.8463307132810326,0.4641105422499247,0.44700881034848144,0.46848227207129284,0.9032800357080921,0.4543111879072189,0.6135086391039106,0.5782587362521427,0.6094775066605415,0.6467592380641328,0.6467592380641328,0.79087441835121,0.8437383368548322,0.6012159379599569
504,0.4078638889352766,0.41110797638652913,0.40461531793745814,0.5177392588317637,0.40392916221173447,0.39442118818057453,0.39245555434444335,0.39753824150949096,0.4017148726727696,0.44467495283787345,0.4749283336901281,0.8340967167485358,0.4631947647934426,0.45112837797097294,0.48058371964142443,0.9133471987159882,0.4583694864616793,0.6005894551428888,0.6060520935493799,0.6104638582460756,0.616690144102673,0.616690144102673,0.8221131978204564,0.8317209409013078,0.60001265792363
505,0.38684699385220644,0.388897503066291,0.3824807654385134,0.4733184912346684,0.38572986325770414,0.38143778371878134,0.37776901227261533,0.3875217063406373,0.3828968020104841,0.41493308305294985,0.4432809935362366,0.8124692278209668,0.44663648466450684,0.4339092508408273,0.4453289454142943,0.8616694872958105,0.43324203832633906,0.5602253785236562,0.5359560989743397,0.5983592172735879,0.595175441314188,0.595175441314188,0.7654726548146761,0.8104284236164062,0.5624185075635065
506,0.39245056734101064,0.38917990748790227,0.392507911159222,0.4804845948453323,0.3842328749476854,0.3697960573383599,0.3769470014765879,0.37031882871112215,0.37932116629918117,0.4155308986100176,0.4325428131337612,0.8028764227384406,0.43610846629305405,0.42870320106758747,0.42144934718932714,0.8171904080215181,0.4244648311277198,0.5658163469880372,0.5494377157971158,0.5686063053335798,0.5970641014182395,0.5970641014182395,0.7309881803483852,0.8009454497205112,0.5678243309251739
507,0.41978602623139905,0.3982688433246399,0.41702543682466886,0.5019868724014259,0.3955884685750323,0.3898946613857448,0.38949032739860634,0.39673838767356423,0.3961376975312292,0.4331011505195824,0.43518113079897935,0.811584656947368,0.45229580432237937,0.4282796154094361,0.4318787372845679,0.820239892769764,0.42965784141644775,0.5522156521873064,0.5437580966352756,0.5728788689375784,0.587422572701624,0.587422572701624,0.7493546523485712,0.8096019749622845,0.558934917816197
508,0.42828996426722704,0.3826528121811718,0.42309700469720957,0.48813613197457273,0.37272019131213885,0.3555987300407742,0.36122822645323444,0.35602857589839143,0.37552640581552377,0.426040702683434,0.45627945560390615,0.792454160741701,0.4457192001674327,0.42538076552483434,0.45001760514294303,0.8510654827537153,0.44014375741545503,0.556088360417356,0.5427125971149065,0.5405049932721342,0.5903194461288243,0.5903194461288243,0.7092153518650048,0.7905766991331372,0.551493646319135
509,0.4135271808156776,0.37932169952019096,0.39998957521679973,0.48069681641698175,0.3777068140350276,0.36235767812122954,0.3614322565359587,0.3649299891503564,0.3765699543192782,0.44015439916254656,0.49286887322472833,0.8693579855569732,0.47101896714010033,0.4526949471014724,0.48056041684519657,0.8976215029872563,0.47941242988803584,0.5930214849339498,0.5929151508081253,0.5882999287203875,0.6262259201994208,0.6262259201994208,0.792415270431572,0.8664993429295564,0.5907205629348116
510,0.4082321889772937,0.402028470667028,0.4001807843114817,0.497887450789291,0.38611449126104463,0.3790442212316241,0.37445950939153166,0.3796010617838064,0.3889068600340108,0.4412724171667934,0.48019213217129036,0.8531304998661432,0.4749638002624865,0.4597895249619608,0.48815091442086306,0.9388680395848366,0.4684014184923696,0.6126384631689629,0.597162846175247,0.6241480154307095,0.6360207926994643,0.6360207926994643,0.8337699858805661,0.850578521680935,0.6264117137034894
511,0.4345073572582638,0.42370354091699086,0.43002093392285945,0.5411720714904993,0.41349521238777615,0.4005217126533302,0.39892483630406095,0.3985237857350507,0.42274435003592215,0.47586260842243605,0.48455246121032297,0.8006536962503458,0.4885423591829612,0.46750309982458516,0.48115826132713285,0.8703824841972914,0.4712862821931286,0.5979085137984826,0.6218952310224647,0.5857373440175462,0.6238618568772568,0.6238618568772568,0.7798556374971036,0.7988130197347646,0.5905570696030411
512,0.3786911321981898,0.3785527311840963,0.37643714588229393,0.46212374816065616,0.3701787514818265,0.36378704248802646,0.3651352517959537,0.3643041758069164,0.3709878926106756,0.4307845045365504,0.4879176047280599,0.8917872085174804,0.44648305675472877,0.45457721176268384,0.47924303600293333,0.9848226174419805,0.4762820628286136,0.6086443310754511,0.5978479902158002,0.6373782076821514,0.6472345003818682,0.6472345003818682,0.8355212021261071,0.8885624249516236,0.6078471391988889
513,0.40628587065618244,0.386274801786537,0.3886766425186462,0.46800339821832454,0.37742783585621725,0.3579383987700692,0.3568610508889498,0.3623128748328036,0.3687132509632109,0.4232139023390185,0.4583738897953671,0.8166020152537941,0.45117702596955706,0.44212113991962737,0.4652614420551717,0.8720303552978053,0.4438763532151818,0.5610303716157741,0.5288141482414379,0.5808916421018172,0.6104846084806443,0.6104846084806443,0.7487454249710601,0.8144602026578667,0.559059159327932
514,0.38912746804504095,0.38131628036938425,0.38480611978312956,0.48497349660106004,0.3575233296457439,0.34880209066704343,0.34743062567901856,0.3512064669991132,0.35242115606165675,0.432957148622901,0.4943656025444138,0.9065537461051663,0.45985125908531743,0.4574933918384266,0.48692433656428136,1.003577960086512,0.4888780807864915,0.6619652707812997,0.6142943952416591,0.6444566054842349,0.7027078867364751,0.7027078867364751,0.864518093501525,0.9031025876996636,0.64443984200728
515,0.4180087137006307,0.38665429416124397,0.40043034387105686,0.48560026539912193,0.3836523450493836,0.35206130217202286,0.3492770302217878,0.35689053530179865,0.3723058550882817,0.43197958000160086,0.45727852522572043,0.7891774609783112,0.4615791301044345,0.4436597701681877,0.4548332700909258,0.8077944257234265,0.4472523175729196,0.5681539379906099,0.5370672599079102,0.5710235503195099,0.6110248808966672,0.6110248808966672,0.7473541779011823,0.7873860937251187,0.5466294230998492
516,0.4146236110706906,0.3860057131315974,0.40948610974587535,0.4951893506130101,0.36070226415312906,0.35758110672996435,0.35519907727296357,0.35526040130560266,0.35934879703026873,0.43558246120456134,0.4565109253279364,0.8846031853906287,0.45147576074129087,0.44242385013964197,0.45091908184071805,0.9867448905679113,0.45272077273525635,0.6467410646430376,0.5900822027702909,0.6449730321064985,0.6525121770796212,0.6525121770796212,0.8998358110819454,0.8815038945096783,0.6542908927297995
517,0.41575942623688195,0.3829424328963474,0.40815806422940437,0.496811691640862,0.3893645181335483,0.37067139785636527,0.37110842388983223,0.3693576816230109,0.3843104640051629,0.4535094568305898,0.5095145053877558,0.8525823902025992,0.4860029734620074,0.46547728901901336,0.4882660307620599,0.9012127267011417,0.482835670494593,0.6303103439221238,0.6233601904816749,0.5925937739740984,0.6471003765022006,0.6471003765022006,0.8134132188755989,0.8498913684639156,0.624938539373839
518,0.42944786416199004,0.39587523264957963,0.4127818568758513,0.5069152127632873,0.3957991075369508,0.37945169698452047,0.37742961170252964,0.379990497431476,0.3886172476467508,0.48163926621735864,0.525708372551401,0.9154169910562308,0.49537278743043517,0.4907049874771002,0.5126319281706955,0.950774824161789,0.49910413051948394,0.6693449772320506,0.6763170149411191,0.6363324759307312,0.6981406129210624,0.6981406129210624,0.8828660145978712,0.91187371320078,0.6580779666500107
519,0.4029623803128851,0.37671845006629373,0.39791591210438776,0.4864937916090464,0.3744533021977369,0.3591258305490764,0.35824677151299306,0.36362019784214394,0.37117165509651684,0.4275393438633936,0.43778214797241544,0.8106062626081973,0.4359229965869591,0.4275265353980461,0.4251755835117266,0.8887591435793064,0.4257574473642849,0.5820715999826875,0.5441389785672494,0.5915176242416642,0.6134862989601785,0.6134862989601785,0.7862828545831984,0.8085926429300154,0.5801104858507478
520,0.43246471500824074,0.40604866722378247,0.43225940332815654,0.5086253524001779,0.3919999607171901,0.3876561145528266,0.3926005151157283,0.39049973554178236,0.38930133961450647,0.4420846011592175,0.4628550543528534,0.8619484965772825,0.4596744959056697,0.4369082140215271,0.46431470343777315,0.919666985487087,0.4516001920178302,0.5787682482434842,0.5641741029142885,0.6044223704845578,0.6249691223205148,0.6249691223205148,0.782996476935754,0.8591975701270712,0.5863599883005791
521,0.4308118674596854,0.41710238929462207,0.4232256914291938,0.5171527011624908,0.39589723169678454,0.39212415913213894,0.3907168434683311,0.3953295853369329,0.4032573215102558,0.44436281482537976,0.4447978290826899,0.8047895387971357,0.46454827018984696,0.44560125866415073,0.4507104411751937,0.8298324636897004,0.438617968408794,0.5698713792267176,0.5666610307009193,0.5618365306295243,0.6040438157628296,0.6040438157628296,0.7648825532842051,0.8029302015491127,0.5624185075635065
522,0.39596706827129036,0.3794642725632152,0.39391933262620976,0.46576061816976516,0.3720969246916801,0.3516852887664292,0.35078633525340214,0.35213245713405306,0.3730417187819177,0.42080105609570634,0.47806268697025045,0.8530747465560695,0.45156187152172894,0.4376157412579988,0.47832240856319064,0.9159132052533998,0.45728609242123186,0.5869130229539627,0.5859074363947769,0.6022221636881454,0.6157992889584849,0.6157992889584849,0.7981167990889567,0.8504191430403295,0.5783646247155697
523,0.3930169125323083,0.3808132824206504,0.38920745220576763,0.4839196245292253,0.3638858455323594,0.34246421094012414,0.3416642717388517,0.34055830687591093,0.36455923480199504,0.43734673196160695,0.4853428703709493,0.8552337437783711,0.4483485461199792,0.45392315650601645,0.4807208251200803,0.9699216208354733,0.47202131564760574,0.6400821890476908,0.6152992210210155,0.6210006924177972,0.6606615121529973,0.6606615121529973,0.8303702856805854,0.8524686166513404,0.6343436039371266
524,0.41056758347278244,0.3941667856890574,0.40606483783583414,0.5006188108873988,0.39173466815097074,0.37953090881870155,0.3784415858475725,0.3744729482711166,0.3949558410875635,0.4607438707243015,0.5045594161954623,0.811607624578651,0.49139832782712783,0.4783150855514976,0.49615197163619457,0.8890379231360903,0.48013899734002485,0.6231783610909095,0.6122478273360121,0.5846466734136351,0.6515999407046147,0.6515999407046147,0.7892185744814737,0.8095466828664999,0.6131042388272162
525,0.377195048092393,0.37939463809788104,0.37246080679550997,0.4706256457781226,0.3682240696335221,0.3444798216465834,0.3470105825890405,0.3448736235382858,0.36185669289210953,0.423899081109541,0.4514098261596266,0.8408883385253595,0.42901187470441615,0.4414588594582541,0.4358830624435838,0.891701140551879,0.43949580948723327,0.6188932733533438,0.5866021977814201,0.5955033525446173,0.6433329358108066,0.6433329358108066,0.8012101469575789,0.838374045514455,0.604071903343537
526,0.4099715380908534,0.3874786358441823,0.3999607327907014,0.4910425928610127,0.3966719906466262,0.37089633252410475,0.371361356776596,0.3764246986262387,0.3916642282957643,0.4372370819479425,0.4243983677360214,0.7736587421645127,0.42917267576021406,0.42814026240852954,0.41481062252696327,0.8433012993801045,0.4234444719493758,0.5547730287010322,0.5219862507937247,0.588237586743845,0.5960524299680959,0.5960524299680959,0.7420584827668761,0.7720699973311597,0.5493398048302016
527,0.38486184952456703,0.3794642725632152,0.38287757485618024,0.46259905024205694,0.37355131128662405,0.3610537629184186,0.3598957125823787,0.36153809328381026,0.37420553433826403,0.41847173961336676,0.46389696735518976,0.8693579855569732,0.4424467027378847,0.43121733103806664,0.46441428210673824,0.9593101853204097,0.45347160484182497,0.5875038515147107,0.5630264008066034,0.6261949130346477,0.6202089693067427,0.6202089693067427,0.836443769917136,0.8664993429295564,0.604682873924763
528,0.39239370185806477,0.3883101047275319,0.3893335773173542,0.4921368004156125,0.38351147158393223,0.3764016113583981,0.3755207768468991,0.3749831069203708,0.38645400436084,0.46245356774010166,0.5101757967687723,0.9055606105827113,0.46466636198221284,0.46987858960285367,0.4985830810037379,0.9909190560577318,0.485538994050405,0.6508040679676075,0.6521219894206685,0.634079110233045,0.6812697578671181,0.6812697578671181,0.8766455541000819,0.9020730372707679,0.6503838952004417
529,0.41563899413642297,0.3996782525006795,0.4104732238024376,0.5118221640286943,0.39052581520961244,0.37930764608087647,0.3814741741177203,0.37776010775494445,0.3910190974748019,0.4661714358796394,0.4930009690691067,0.8424208956322833,0.48010912642430176,0.47479352279498827,0.4768311267668029,0.9100719194269589,0.4803102224275524,0.6486380272421088,0.6204582712734503,0.6066858316437123,0.6838223816528058,0.6838223816528058,0.8031306623876358,0.8399438800143799,0.6306702848379997
530,0.4227001439424162,0.4078370218106989,0.4076254317537347,0.5069152127632873,0.4008068988119798,0.3763409190645565,0.3742310437087105,0.38173997331338455,0.39582906785058264,0.4488486114107735,0.4783415031169198,0.8404942894617002,0.47583528427003763,0.4567657960115963,0.47955027068851064,0.8719889708327296,0.4669148189407728,0.6241924112612078,0.586948220698306,0.615548765025772,0.6552486966947819,0.6552486966947819,0.8002124812870925,0.8380187416320914,0.6024124381967629
531,0.39447776209214147,0.37655169662505683,0.3933016954569199,0.4809177816176175,0.3738964331975317,0.36726730172949956,0.36441754026709106,0.36175939017090575,0.3726195343198064,0.44559619601714817,0.4967814195224908,0.8616201687270988,0.4672139999236475,0.460306489737957,0.489364967699411,0.9738865406132455,0.4846703295529405,0.6144891079579022,0.5893925632932342,0.6336449694370356,0.650290890804307,0.650290890804307,0.8483438153682219,0.8588135351255145,0.6336096834881789
532,0.40373025704873455,0.37510143411826025,0.396721739743326,0.4622103201266503,0.3633859078858115,0.3551486930504894,0.3542551876087663,0.3555853063277421,0.36430805362002516,0.42443530320131734,0.4791474845605761,0.8432923604527577,0.4443473927017755,0.44244875909871967,0.47852674371939646,0.9342866238164768,0.46262468469786316,0.5817349175696821,0.5597080341448613,0.59467207163757,0.6202714422186092,0.6202714422186092,0.7783316505957594,0.8406498227107239,0.5832715703892009
533,0.39804087745943184,0.3996782525006795,0.38838592680454403,0.48821219281383593,0.39013174233473014,0.3822995899574304,0.37975122588225574,0.38492068247757016,0.39071636595624404,0.441699869362071,0.4596959833201342,0.7949368125040307,0.4552169386134114,0.44839294953039754,0.46624779051526194,0.8632441348450133,0.44997334680188605,0.5589473219494071,0.540598030508387,0.5654722913709198,0.6076109225357548,0.6076109225357548,0.7480642960342939,0.7931139653471696,0.5631860300621142
534,0.4101306434779017,0.39744500472938366,0.4038916697617057,0.4990605787332371,0.3880266221470773,0.3729669797672667,0.3700896505639543,0.3754866990386614,0.39709120231621264,0.4389062176825154,0.4597306289597604,0.809610765824401,0.4631790528215759,0.4439926100583427,0.4612981474047155,0.871755591094834,0.4522056070989938,0.6038430950186475,0.5673655012400154,0.5912054064891318,0.6407648662997576,0.6407648662997576,0.7720607547701398,0.8076337342549808,0.6017441478114942
535,0.42908289484373924,0.3969395057928559,0.4154202375561537,0.5038325357753115,0.3901470426216922,0.37934675814017166,0.3747527077026915,0.38477123250116363,0.3907828256337021,0.44643255968634876,0.4630101392156436,0.8025775976290812,0.4751115158635684,0.4468598589945278,0.4614718342414525,0.8143498561624863,0.4545240036125225,0.5481342494822631,0.5647130126385315,0.5517150373545578,0.5815834713646263,0.5815834713646263,0.741007784955195,0.8006978413280286,0.5564299520073188
536,0.4197327459855357,0.3902192457153607,0.4122386452525371,0.4918443903500999,0.3795359755788284,0.3644301523320081,0.36755618298850534,0.36493629784372483,0.3784031209237234,0.42519307974287096,0.48255766522742694,0.8239382772616641,0.46886703972253596,0.4396474729273222,0.4834765251296791,0.8628260732557916,0.4683825942324408,0.5650878162550871,0.5657410062979502,0.5566382384774479,0.6038344494938321,0.6038344494938321,0.7275710527192911,0.8217795361784093,0.5579176266988388
537,0.3968183771065085,0.39125017009878843,0.3839623927082343,0.4936023690310952,0.38390356172351087,0.37278718821219115,0.36807227578469354,0.3710615799877858,0.3821573651306952,0.46438927087221576,0.5431254742741569,0.9481872685809791,0.49499647792915963,0.4886968070585217,0.5357272121413844,1.0221621846042177,0.5229502677924495,0.6760433968763617,0.6727512644210432,0.6696667623910781,0.6942616564206167,0.6942616564206167,0.937655797169234,0.9441600981721124,0.6697018568500981
538,0.4170275241295872,0.3889281641273478,0.4167669121651502,0.4967388381140979,0.38932266638903706,0.38439578215097125,0.38445671667183,0.38044336106072035,0.3915674625478073,0.4501150748834518,0.484286795197004,0.8396041593781827,0.4666066152929663,0.4556462130329157,0.47924573648002555,0.9162964823619132,0.4664626184156475,0.5752370055316766,0.6002604873866617,0.6008232000389812,0.602267314670211,0.602267314670211,0.7962179931035877,0.837121895765952,0.5861919745988569
539,0.4251512946513381,0.39458206799100526,0.42219456161645197,0.5032841601470504,0.3846424005262245,0.3681970248479523,0.3711265312008291,0.36868557684873743,0.38974642616255994,0.4411758338580938,0.4641038636815534,0.7944355014717933,0.45711412080491,0.44306089439512225,0.4637861253513552,0.8919058062168544,0.4529089042282553,0.5640811149187995,0.5739977859435474,0.5714251755770724,0.6029765261427855,0.6029765261427855,0.7386139608880287,0.792616722842303,0.551493646319135
540,0.39523529248071815,0.3655209777108613,0.38114703149784973,0.4565354871394485,0.36410941633570476,0.34649734887800443,0.34182727303298155,0.3469177211241197,0.36471298072260455,0.4316525767105797,0.4585185868935902,0.825886601542158,0.4397844312038391,0.4478063257842263,0.45325995236341415,0.926615521502666,0.4552042340130427,0.5781766665289972,0.5535615807196008,0.608157765281521,0.6193627434752356,0.6193627434752356,0.8031306623876358,0.8236798047993381,0.5702003720654927
541,0.3738547832255152,0.37388305110137887,0.37353535146051237,0.46541222139659705,0.3654213786545641,0.34530861247779854,0.34347768462303085,0.3475637260350954,0.3649115534590339,0.42234620020070296,0.4523147367167417,0.8148840012873825,0.43510901525116136,0.43591651998643954,0.44167433288315283,0.8822344236812635,0.4421138309533681,0.5905458310675994,0.5590307153304812,0.595452121685612,0.6213924536991946,0.6213924536991946,0.7709327802893665,0.8127467445759213,0.5864955372546334
542,0.41192220429731086,0.4037719460203248,0.4052173480368901,0.4999112282472623,0.39731597207034325,0.3814365195396609,0.3869752754700895,0.3820119142481379,0.39990146471357424,0.43721954153032133,0.4391646705826541,0.7829666035655819,0.4505673875308113,0.4382853283688277,0.43271145287360535,0.8130480240094403,0.43462703743495257,0.5654646387745202,0.5477949380060328,0.5622271359997775,0.5985697059142882,0.5985697059142882,0.7179339552377478,0.7813756617394305,0.5659653587248634
543,0.41620264590262274,0.39325445013673366,0.4189636069799796,0.5003416203131296,0.3851319554877941,0.3830989659756108,0.38481796196340184,0.3836730502733769,0.3810379233932847,0.4425931526368808,0.47921550041058314,0.8651114268688658,0.4602590521695255,0.44844880401932447,0.4745323539006535,0.9419471087560335,0.46606948250141994,0.5888781104105568,0.5860118767762331,0.6228539045362679,0.6305845635636038,0.6305845635636038,0.805059963528476,0.8622586254482074,0.5816599423788599
544,0.41292666887133817,0.3730147086645375,0.41218862841591386,0.4940314132985494,0.37971283155790064,0.365396019756607,0.36692196707567837,0.35869633048222715,0.38708197782295617,0.45561741892523533,0.5673287768682848,0.8805136615933402,0.49442200286686183,0.47155800231949074,0.5519726576287817,1.013620031574341,0.530094206002297,0.6583579847358124,0.6693498713899502,0.6113249956668056,0.6821598572226434,0.6821598572226434,0.8439872333951451,0.8774445146273517,0.6575216359891873
545,0.3891067082828319,0.4021248750304633,0.38129607796375786,0.5053899502175171,0.39630543319375955,0.3751338306948854,0.3770014913442792,0.3756532636065372,0.39460271954115156,0.4606712010326859,0.5037886234074713,0.8627537169505568,0.472651660649859,0.4751845507550623,0.49616629588879113,0.9487583062233654,0.48169036758141315,0.6408783809448618,0.6453309521046985,0.622739760719248,0.6678048350833085,0.6678048350833085,0.8222741276172689,0.8599681372302275,0.6277414226868063
546,0.42489780105802183,0.38751907655012235,0.4077465587275703,0.48698396449152664,0.384150027981963,0.3633082454288882,0.367156130741054,0.36377737878352767,0.3784552592809307,0.4472993335837041,0.4877450638819804,0.8491249207377011,0.46483867392103917,0.45809316408928447,0.4801340379584025,0.9166266041221571,0.4714558242021099,0.5975242953237733,0.5947676817340302,0.5904220566135615,0.6320926271869494,0.6320926271869494,0.7710163208468961,0.8463761810537792,0.5831959098207629
547,0.4037953488733894,0.39605364626316053,0.39618636859321044,0.48944615250541407,0.3883889481142649,0.379532416059497,0.37988857990897695,0.3824341371580486,0.3821573651306952,0.4281670502920416,0.43586651730211967,0.8308225597826085,0.43759802732930936,0.43338382171283046,0.4416537805536926,0.8976169645610071,0.42772729654755054,0.5738715598799882,0.5660280530527687,0.599113420820512,0.5975932914190719,0.5975932914190719,0.8051834936691727,0.8283869729198117,0.5830937326365055
548,0.41966396983005083,0.39845703290473666,0.4051079362703682,0.4894107959494159,0.3846014871280972,0.38459469743150027,0.3873681217601258,0.38518583838516207,0.38496739104968714,0.4479134919221685,0.486558483896515,0.8584536789501883,0.4669997818658195,0.4626881292919167,0.4905080929532026,0.9414754402912086,0.4755650864166732,0.5875038515147107,0.5870627620983923,0.5817829435949085,0.639064044306406,0.639064044306406,0.7892185744814737,0.8557167398190452,0.5953015314831396
549,0.40429084998666587,0.40605202304283367,0.3968793497953393,0.49803602644957007,0.39609059816053266,0.3750506284823538,0.37943180948239547,0.3819888286016706,0.385686143683184,0.42563935998426844,0.4173761803389062,0.7718958528255656,0.4415248358879716,0.42346977344582293,0.4088433111562,0.7614277248792718,0.41181466059983124,0.5532398487574766,0.5229211328639021,0.545454070062044,0.5882184362189351,0.5882184362189351,0.7077099358351089,0.7704098659825209,0.5460610474050139
550,0.3995738508698504,0.3773115531793517,0.3971289400592584,0.4767573239848908,0.374102803341918,0.36852504412160947,0.3708388100159401,0.37082262328804366,0.3700388368284327,0.42530390101854754,0.46034094381500773,0.8125047587039296,0.4530842036430806,0.4427616186081124,0.44212170028303155,0.8221843776943346,0.44829591391033385,0.5642108110084703,0.5457729536288332,0.5613717631190764,0.6076401503133233,0.6076401503133233,0.7247732066612489,0.8103747115783627,0.5568469257521916
551,0.41495641147471324,0.4159732436042042,0.39958519895047895,0.5102055216188197,0.40608418539461827,0.3937681397240909,0.3936646786283819,0.3964703593236835,0.3988620693713921,0.44949788372928184,0.4624895271951687,0.7949358895723716,0.47177127841212296,0.4594241136267132,0.4698246467212343,0.8715209159057257,0.4576487842535979,0.5728800453109185,0.5529703878505292,0.5894050109277907,0.6195955956967804,0.6195955956967804,0.7429073764127818,0.7930311161638148,0.5692792830104046
552,0.40202250926547395,0.3992571974351421,0.40222063286225684,0.5040919802361311,0.39074267335101565,0.3887363816435153,0.38934296347169095,0.38468200942134123,0.3956709040629264,0.45443670776664674,0.49156832674584944,0.8578570219134829,0.46653921134736204,0.46781927713950916,0.4881473748615551,0.950200470041967,0.4710534847462596,0.6151073307753914,0.6302958543309882,0.6179126955475215,0.635867921877172,0.635867921877172,0.8389349662428721,0.8551200474445321,0.6197119812670424
553,0.4171644666501093,0.4149859218179937,0.40754991463170104,0.5234033821435912,0.4065541228077963,0.3967023180975423,0.39860878436163083,0.39489787569328516,0.40908958822328745,0.46769732223091587,0.4791783581170147,0.8268853601368168,0.48045765429411547,0.4730775524464788,0.47460013302939014,0.8915169433449834,0.46505972530517725,0.6151580234690135,0.6182750198010147,0.6044401427163121,0.6474313266028378,0.6474313266028378,0.8194236902313929,0.8246834679085631,0.6080848360174403
554,0.40768136837593494,0.36620106679020326,0.3973113187644492,0.46456195740014805,0.37122403845271,0.3613512285867638,0.3600416611428949,0.36182157390061837,0.37587778952442824,0.42532876333671077,0.47656960045441443,0.8741198550891648,0.4452145194011365,0.43933777387465317,0.4712008693313973,0.9738599054980379,0.46014519512540547,0.5981647440987823,0.5840998784086888,0.6203482111726925,0.628873579596105,0.628873579596105,0.8306178712620604,0.8711422366443884,0.6165130051396169
555,0.4374699913479355,0.4160589965553351,0.43197742712652815,0.5292242215696557,0.4032770053809873,0.3923564850601031,0.3991991043434104,0.39042512327531365,0.3976113573584928,0.47474075392528564,0.49959707741581305,0.8757217409505555,0.4836299439068846,0.47415017221611094,0.49444020799055094,0.94146028137204,0.47790556989429556,0.6316487539256346,0.6482935851360632,0.6117203876886428,0.6614815949518856,0.6614815949518856,0.824139854478907,0.8727735219556383,0.6186408042883441
556,0.41558643240475407,0.41007965971284827,0.4071422488472298,0.5085931671711594,0.39510909416832735,0.38403131102994337,0.38518764873005346,0.3899001483883263,0.3956506610130922,0.443510637010814,0.4684232563424818,0.8526282281164386,0.4606987700025271,0.44925518230675215,0.4721582485124463,0.9180662332670745,0.45102170248721324,0.6010720208719749,0.601432963007244,0.5996522445300376,0.6252521384252165,0.6252521384252165,0.8132534386622442,0.8500383135777849,0.5954107420099133
557,0.4339077220683434,0.4112773728178005,0.41450739618211657,0.5143733155796174,0.40141028957173713,0.3864972542444357,0.3889087868187646,0.3913590975149359,0.39441351123083357,0.4490045503543993,0.48536669868646426,0.8327701123105671,0.4873157566944121,0.464089193737409,0.4860902202605304,0.8629543122119552,0.47573433250200753,0.614646013209281,0.5862214504653533,0.5806766578800716,0.6511118586571037,0.6511118586571037,0.7557911815824372,0.8304387197776502,0.5924792585787451
558,0.42340217749030007,0.41827391021085686,0.41517003076544895,0.517539515883051,0.4024032057014392,0.39799916017652653,0.39607080268371325,0.3986404918541227,0.40824771116771563,0.45820525998218753,0.4608330819280398,0.8011654890326526,0.4716887563553306,0.45829120278947927,0.4703274958121928,0.8508521870785855,0.4498757962044121,0.5764569334096324,0.5643612191530608,0.579443695195172,0.6290686002927973,0.6290686002927973,0.7632829984135271,0.7992474179393433,0.5737873714707472
559,0.3990798660043913,0.36690266153346646,0.3950319573565375,0.469404035641578,0.367994713003059,0.3514608119695328,0.3504499188758234,0.3478440421442707,0.3672097283666071,0.44195962823750135,0.48443765025780516,0.8406034204686906,0.4527722493216762,0.45338166615037834,0.46967402869248814,0.9124302074794964,0.4644507031707035,0.5895883160214866,0.5808913629514783,0.6004049699513181,0.6232976499341201,0.6232976499341201,0.802873311302962,0.8379978197140026,0.6017959276996304
560,0.41140159718744557,0.4121473248649518,0.4052992832012396,0.5053683344348546,0.4011435860255829,0.3988247519399541,0.39690986020219504,0.4038643311240065,0.40179812091389083,0.4259533670994563,0.4117093676439413,0.8028267487337548,0.4395727108073647,0.42978807058642954,0.4250131031627264,0.8506887854153761,0.4105239540005358,0.5522156521873064,0.5384650409052131,0.6022164986448602,0.5850431142963896,0.5850431142963896,0.7796983770188842,0.8009956099900107,0.564254901937496
561,0.4047606970218086,0.3889712316313282,0.4048950057335766,0.4867148379741208,0.3807872109889431,0.3737910421970471,0.37670701839979376,0.3706479255359746,0.3794362231748398,0.4407323928084838,0.4699492655592043,0.8345297198790874,0.4593534454638257,0.4496441886149239,0.45563649052845684,0.8887591435793064,0.45041362398917584,0.613871647054398,0.5742259931100013,0.5855689392801738,0.6408713947782614,0.6408713947782614,0.800429864955172,0.8321030755787306,0.6165130051396169
562,0.4352057446043731,0.42517173470336117,0.4224805435082958,0.5149672649362476,0.41472649315761734,0.4070160052831355,0.40314952725821,0.4077153538933093,0.41372126302623663,0.4610315681018486,0.45237260013507524,0.7891671649894832,0.46770513257674,0.4503704386040129,0.45794505953212755,0.8438005649479924,0.4507610341006875,0.5579580133052796,0.536852800612739,0.5903377674089364,0.6057093708571266,0.6057093708571266,0.7647470302589304,0.7874267365975565,0.5694523711923118
563,0.4170736047373604,0.4121071082021217,0.405017678642878,0.5159865090179266,0.4093683122395741,0.3978815252689564,0.3984118259900764,0.3964308632379394,0.406752683290237,0.4661714358796394,0.5061473486534794,0.8212467931862126,0.4920707538285858,0.4765594174468248,0.5030112388627758,0.8635001970302623,0.4901665629248726,0.6085273348600418,0.6066818499690994,0.5800657258858671,0.6397587012696241,0.6397587012696241,0.7825518067089332,0.8190503396673859,0.6012159379599569
564,0.4427176293806218,0.4212376469710434,0.44037320330792873,0.5331915992176625,0.41349521238777615,0.4043509690236437,0.4113845837717156,0.40504442106791866,0.41064904387349477,0.46476842254622014,0.4697442969476708,0.8239382772616641,0.48108087306755765,0.45715143287470494,0.4626043850654113,0.8404333788605691,0.4506249662276039,0.6003022459783116,0.6166813544012453,0.5712520466276785,0.6300494109616495,0.6300494109616495,0.7843066857075875,0.8217795361784093,0.5930933400403494
565,0.399042576048514,0.39033841397496927,0.3941611182470182,0.5026664871355606,0.39033736456206586,0.37033622372177105,0.36997022810721825,0.36865560650560414,0.38843758954015717,0.4483325576745846,0.496233780061337,0.8558638962393175,0.4702842800025575,0.45719995137551156,0.48772515689695967,0.953226923506982,0.48265101228879065,0.6338559997964427,0.6205099829605248,0.6258810250972241,0.6517998018988502,0.6517998018988502,0.8441185868823944,0.853149891545678,0.631932941167256
566,0.44315283865536426,0.41739392850542484,0.4306279912040878,0.5371670113983102,0.42274967455410345,0.40798341720180037,0.4112863109697836,0.40430796037014105,0.4162514337487724,0.5074843552386213,0.5672347052509872,0.9202082813616722,0.5267438207420223,0.5240916058681042,0.5502222435201279,0.9750184680896831,0.5286967945896494,0.7291812944647135,0.7451461736374821,0.6510615757161884,0.7374524239880283,0.7374524239880283,0.9206274049359905,0.916596757624134,0.7033560077614256
567,0.39565124864624485,0.3657933979625391,0.38801565314486547,0.45630409431612107,0.35786275869081985,0.34559019586600115,0.3427908615081419,0.34969579186769134,0.3540169360800863,0.40378827706117026,0.42137773424042435,0.8162959264251476,0.41873411637811636,0.4107102608335804,0.4230160735457287,0.8944481815147555,0.4113334969763152,0.5518550763407195,0.5171745028699944,0.5853541648460696,0.5775331052523216,0.5775331052523216,0.7815922392117024,0.8139799563641095,0.5692792830104046
568,0.4161061323527195,0.4102424828146265,0.41421385685532347,0.5085995625216244,0.39546749622766925,0.39224819291811924,0.3995229936884093,0.39086839419692904,0.3893300402272446,0.43591667196007794,0.43658242453468743,0.7717491154590366,0.46412289200037615,0.44580364915118825,0.4218597830387621,0.766677065131198,0.4286202007128883,0.5641853474857309,0.5336381984816725,0.5296511577749242,0.6029651537727764,0.6029651537727764,0.6971411405283054,0.770229081398469,0.5573194095441862
569,0.40509935310550194,0.3883422731779267,0.39777821841048683,0.48373306895550544,0.38455402496695734,0.3767022789567544,0.37716724293014586,0.377247798299802,0.38090430477986076,0.44250147668446627,0.4517840484367772,0.8193146497790337,0.45163483072026034,0.45239739552921004,0.4394297086121576,0.8554162883207993,0.44337950292261596,0.5736178391567425,0.5647801714950923,0.5817829435949085,0.6135813494358766,0.6135813494358766,0.7922539020506846,0.8171810903170958,0.5711256912694966
570,0.4086271510288991,0.3825554047277765,0.4079309060349709,0.48664738874342356,0.37646220737589847,0.3690991462311413,0.37015230895724704,0.3676129351024998,0.3771514803652429,0.4417621770183211,0.4779387159412453,0.8182348296916491,0.45472805093255425,0.44982443799734323,0.4713886600398951,0.9166266041221571,0.4613133648733914,0.5754616306229833,0.5701546646914675,0.5902968807051796,0.6189993928985713,0.6189993928985713,0.760675314286821,0.8160587728180775,0.5672855486366005
571,0.38120243997594305,0.3564087033417764,0.37351959237856647,0.46697831108828003,0.35545611684281214,0.32960418215956055,0.32695715906446104,0.3283566381072584,0.35764438599819326,0.4379283854196546,0.5005107463842313,0.8741198550891648,0.44764544656477545,0.45389704407944614,0.4799905407678985,1.022623404362985,0.482754138038701,0.6514087264920637,0.6230110741263262,0.6424593180604437,0.6662010438808929,0.6662010438808929,0.86004404304072,0.8711422366443884,0.642697142877737
572,0.4201934058047941,0.3966088664383081,0.40212471345864137,0.4749639706833506,0.3924678734572856,0.3847499739755184,0.37945790929836004,0.38912283544988313,0.3932257357206776,0.4238618794267217,0.4241229995189604,0.7461750608593318,0.45062516961786775,0.4319872846086738,0.43834118971763936,0.7960129283211396,0.41881267729319427,0.5020379702058659,0.4817001540800187,0.5426550788148405,0.5621900760218342,0.5621900760218342,0.6889667277433483,0.7450598694053528,0.5127134115537592
573,0.4178976769322198,0.397525452982924,0.40140082697250107,0.4990605787332371,0.3882217962859627,0.3728332283232262,0.3723929695852888,0.37334227324192737,0.38844142489155487,0.446489660174166,0.4935760001134992,0.866037530889074,0.47739170149724447,0.46011727947366127,0.49741525224120614,0.957654872735265,0.48301071178740457,0.6260008161865787,0.5970501415864216,0.6261248106803491,0.6573783653121311,0.6573783653121311,0.8128985756253376,0.86320778018335,0.6287984030244969
574,0.4131268919616007,0.37724398969463024,0.4000516084314794,0.47938986509786524,0.3756321960768275,0.3559202602407914,0.35837745342589766,0.3563961662811515,0.37087385413301477,0.4417216846742898,0.4679751997666209,0.7974399692258772,0.45958185033491306,0.4512422401403565,0.4510100485824351,0.8212159346662756,0.4530719163137977,0.562301561572579,0.5482563627607933,0.5478328070071914,0.6069234682431811,0.6069234682431811,0.7116030661883664,0.7955291998611461,0.5549128662247101
575,0.4154710395921506,0.40008543830967336,0.4001524459399897,0.5073342199878236,0.4066639816181827,0.3759794926614095,0.37653695346738664,0.3717582808446684,0.40132124033654304,0.47475877551531936,0.4981487214832616,0.8162959264251476,0.4837268531051041,0.48000289616677533,0.48360707291408855,0.8851122830462432,0.48495824836561996,0.640803150251549,0.6106319531065599,0.6053300177337926,0.6664169050856144,0.6664169050856144,0.803952949050599,0.8139799563641095,0.6208205174426199
576,0.3939720124801273,0.38971378933309836,0.39251295943452463,0.48449551859186507,0.3844514369908313,0.3760383690630305,0.3771655409547207,0.37466344093932796,0.3870615893084264,0.4347210506515553,0.46385614125940233,0.821034074335592,0.4496568860503144,0.4474405610903188,0.4602434858554175,0.9100719194269589,0.4557029511047587,0.5925240714107742,0.5656221478706024,0.6051641258876604,0.6337126897518828,0.6337126897518828,0.7795279789561006,0.8188188330137731,0.5938466300621382
577,0.41035248944831887,0.3708942872956584,0.38815702424337345,0.47208631247774796,0.3714221699746833,0.34125437868402125,0.33780794891105975,0.3397800884060917,0.36509136147317944,0.44685831387863606,0.5190546955733785,0.8496273020254551,0.48695650137222446,0.47424362648216434,0.513161920962745,0.903616660457458,0.5018651568150988,0.6267453812187003,0.5915382868751327,0.6022164986448602,0.6672342435570744,0.6672342435570744,0.8066549374059577,0.847008955935938,0.6029245379577237
578,0.4145115588990502,0.38410677300416135,0.4097203265150172,0.4941777432124745,0.384268192678328,0.37464041043418594,0.378978846589819,0.37519729412763253,0.38523608085998556,0.4407779201861757,0.5054594488708571,0.8457275020687566,0.4725465196959787,0.45253856880750665,0.49369478434386727,0.9154659491917312,0.48195794309364726,0.5880471133841408,0.5923254904872544,0.5762985812291143,0.6323750470726874,0.6323750470726874,0.7498569950086925,0.8431787890308551,0.5813363331638448
579,0.39965053239297416,0.3759898636620586,0.39497351855742696,0.4838384187766078,0.37742783585621725,0.3619821927715008,0.36244568365030366,0.3570952668431058,0.37634229850764545,0.4472685757676745,0.5145099959948644,0.8645785616214581,0.48081891866477605,0.4674005828956325,0.4961761815395362,0.9457006668903394,0.4979304644512214,0.6519853865537539,0.6118086132949704,0.6184802424150667,0.6804852085644314,0.6804852085644314,0.8472793604328905,0.8617899187383167,0.6411012000210712
580,0.39284869026916164,0.4005220229267197,0.3922326303377872,0.5127284304116905,0.39823212034988204,0.3692517248628383,0.3666867040407328,0.36551356208355107,0.40584465908498596,0.45321842259775763,0.4959936405943526,0.7899783422674472,0.47474196660402834,0.4582332680383163,0.4949969819391945,0.8860032456352361,0.4761779745093047,0.6172207255801009,0.6145886428159615,0.6024255031100834,0.6330038609074784,0.6330038609074784,0.7854490474047551,0.78823466452553,0.609882378247769
581,0.41852308480786765,0.38880305921754255,0.416738250363703,0.4987196896135655,0.3903370945428967,0.38146742471367373,0.38714105668020043,0.3820512965000045,0.3891429788704911,0.43175114480152493,0.4510989814957233,0.7721215520909602,0.4570055167035555,0.43742563653604316,0.4355369112783662,0.8026194346833236,0.4369105132281546,0.5403082267923158,0.5440848630796905,0.5426126318344431,0.5760593287215865,0.5760593287215865,0.6876728611110292,0.7705947874917947,0.5353725760233893
582,0.4304196927877559,0.39304836826975564,0.432877601464629,0.5056640934428972,0.3795833442749573,0.38097618793775534,0.3837369276395407,0.38154831108279713,0.3846761434602922,0.43610318008811455,0.48233476610607773,0.8504704185122611,0.46570161408995625,0.4396474729273222,0.481940197394711,0.934498071282647,0.4640067704422112,0.577369134895999,0.5889019750904712,0.5728342164140746,0.6134862989601785,0.6134862989601785,0.7667189331174578,0.8478654909650816,0.5750220113623441
583,0.4483196911251652,0.4067368598179123,0.42624360663154515,0.5159865090179266,0.40701946902718733,0.3867567571724574,0.39312192336536184,0.38975770746146504,0.39669586814718905,0.47474075392528564,0.48889321917218764,0.8496273020254551,0.4867871221930857,0.47395681192104117,0.47500752062337315,0.8632441348450133,0.4677274336619639,0.6090996280394255,0.6184329594703807,0.5774416259037887,0.6443811024220543,0.6443811024220543,0.7802318931667885,0.847008955935938,0.5852893902382902
584,0.40277987332257736,0.3929352758604233,0.39738884445180245,0.4910425928610127,0.3821944300352774,0.36011663537828587,0.36376136425899824,0.36057739632481556,0.3790123004153022,0.43546436795286286,0.45101904912320917,0.7996992431953167,0.4485751080987251,0.4463527985725241,0.44469043910434364,0.8424644736309179,0.44208920516608585,0.5887749717604984,0.5750497670219195,0.5746174038223704,0.625660203685356,0.625660203685356,0.7491309441918484,0.7978273139761032,0.5755143021387433
585,0.39213202044471973,0.3740464809020198,0.39651215173524784,0.467474848509516,0.36065331392201605,0.35688884496641143,0.3592822029733958,0.35371186368270296,0.3603225041629318,0.40960273038397266,0.45261054596268707,0.8376266153869717,0.4308269541900155,0.42485700540501486,0.45501611513127127,0.9288776613529723,0.4329910000291491,0.573703083175921,0.559984355873951,0.5846466734136351,0.5990449263589498,0.5990449263589498,0.8081010721985252,0.8351861226804306,0.5855574478981551
586,0.40750305944416926,0.3927325761281573,0.39721086878359635,0.5040179026547551,0.38821074680729845,0.37694203318056646,0.377122120137066,0.37517992812764195,0.3828340572438714,0.46466654033866367,0.5238517500624251,0.8718654813586715,0.49104156986248654,0.49098380077687576,0.5165782018408712,0.951929216713422,0.5001813374697063,0.6536678526551147,0.6683740564085228,0.6137461152750602,0.6790998471714649,0.6790998471714649,0.8597440947823509,0.868932048301043,0.6466027387180849
587,0.413609132356792,0.3809050661881236,0.42244359440360024,0.4849396778445048,0.37260072160184327,0.3728450499616344,0.3795401577345152,0.36960320693845156,0.3716725094179037,0.4298346899395398,0.49946619406333614,0.9138040278565586,0.46406304514208324,0.4507833261564298,0.4910799880898145,0.9854995760876963,0.47180990866118777,0.6063659957191939,0.6246818684348789,0.6193096723205485,0.6428212163922125,0.6428212163922125,0.840459032357181,0.9102765646287255,0.6048683660923249
588,0.4058812029422187,0.3907832363045593,0.39384433913189265,0.4983009705734196,0.39412851043133723,0.3667419733127528,0.3644629795870339,0.3648797335457806,0.3916642282957643,0.45652666269288833,0.5091019623932875,0.866037530889074,0.47732843509046646,0.46732689574184055,0.5048363797965414,0.9681485919749953,0.4992425316941271,0.6408812110852686,0.6151872774070526,0.6534941286682687,0.6788989678990891,0.6788989678990891,0.8482439801039909,0.86320778018335,0.6264270088735454
589,0.3842917062669999,0.36548242910959255,0.3860751940203827,0.4691338173068226,0.37037901253874345,0.3537188290454455,0.3524666551831702,0.3521328291401519,0.374958301287177,0.4305298076422488,0.4572552255137916,0.79537567215908,0.4380238924724127,0.4394417388609073,0.4391801793354295,0.8542131363795791,0.4467817383648653,0.5670848081248714,0.5651906091201243,0.5808916421018172,0.5968062426265646,0.5968062426265646,0.7587167463151102,0.7935210269777287,0.5630087765874385
590,0.41119441772810017,0.39237800245380705,0.3981997427979734,0.4854825656415179,0.37908990404303405,0.3352632380866085,0.3303994238004276,0.3398805333422481,0.37468287154941726,0.4481163281246488,0.4627570030897467,0.8687837765403489,0.44486367870292015,0.44789280020577416,0.46166771823088226,0.932370223551224,0.45593206738219066,0.6235278255416863,0.5982277336281168,0.6293656350043552,0.6481377019234419,0.6481377019234419,0.8532620661626596,0.8658753607512029,0.6254801681774569
591,0.4117721647336376,0.40378959451690954,0.4095466954634218,0.5085931671711594,0.39065010629509833,0.39154869102935835,0.3928559948609833,0.382151188969296,0.3906069968621578,0.45866734933197684,0.5125178333048507,0.8616981547020023,0.4778173524857426,0.4753511739857103,0.515294619922479,0.9614132684950618,0.49118513494622623,0.6306053592168203,0.6371752841141047,0.6183868354846541,0.6453302321248964,0.6453302321248964,0.8643063070090188,0.8588678281006257,0.6364272447090525
592,0.42376885152263366,0.4000320278166723,0.40146607682170826,0.4990605787332371,0.3906469305381226,0.37084308688874257,0.3663193869133237,0.3737546457687788,0.38373700569863634,0.4623637920067551,0.5021825175311007,0.8619745194796706,0.4882559712047542,0.48306089595832197,0.4997845739550241,0.9220347742047756,0.4832534812786993,0.6432394067223782,0.6137017865738925,0.6318536187658759,0.664885196349049,0.664885196349049,0.8156843574569769,0.8591592094500956,0.6273271132034539
593,0.4042333658740174,0.41071337920024614,0.4186218321985283,0.5061966175838467,0.3780948837741289,0.3915576512210768,0.3932589543683498,0.3942040708491874,0.3807863290132902,0.4369249646740839,0.44186964039365667,0.8162512516889865,0.4478120488888558,0.4414381024484134,0.44696062746112897,0.871755591094834,0.4280346984492728,0.5686013128959057,0.563800218755036,0.5665052481785892,0.6119568432236202,0.6119568432236202,0.7504544854799268,0.8141959077308816,0.5648614465575799
594,0.4047829975172112,0.402057958813624,0.39314452426781654,0.49895046785921854,0.39450745418008,0.3749327854909717,0.37460513919317334,0.3754839851968392,0.3929862353641078,0.4607249037004166,0.48873242786058474,0.814487290825754,0.4732698025832008,0.4698396043082939,0.4843073439295955,0.8856653613528119,0.4750529818911635,0.6043551732687786,0.5977595367814396,0.5838915064901558,0.6415279623923162,0.6415279623923162,0.7613762761919837,0.8122298882108098,0.5988324922621863
595,0.4063668490511086,0.38408304772801277,0.40083829579109903,0.4876718331183205,0.37690326193581886,0.3609488410213187,0.3583616854191748,0.3614153991265081,0.37742882145509093,0.44371658878091835,0.474031785839512,0.8712215603877743,0.4593870112810902,0.44560125866415073,0.4656916712215821,0.9499720429389263,0.46513039504198034,0.6283836682600011,0.5939471002597736,0.6217599374516767,0.6565469694201518,0.6565469694201518,0.8468125842323826,0.8683065712010584,0.6354064473863109
596,0.40750305944416926,0.3856482563426254,0.40835340542203286,0.4973275253711729,0.3800997928666419,0.37551389701190807,0.3727594588109654,0.3739982533030435,0.38748664987191844,0.45058312535418826,0.462079414269087,0.811412764033518,0.46647168884288887,0.45585490882734336,0.4486878860340243,0.8649087169717844,0.45501187441027047,0.5998472861029736,0.5817814668522152,0.5871766280405432,0.6456534983614534,0.6456534983614534,0.7910975887406247,0.8094566242236418,0.5981715565917674
597,0.407182821172124,0.3732280170934962,0.4033487429685614,0.47471214071764345,0.3639413700631936,0.344948087232586,0.3511170007369105,0.34532521200162497,0.3634272226830218,0.41231797159562855,0.45940629547116574,0.8435141547858259,0.4380066521832682,0.42475456161576014,0.45873460266638283,0.9397637483803857,0.4436345694827233,0.5700827086126216,0.5680191945099835,0.5814816582188623,0.6064600859901798,0.6064600859901798,0.7587167463151102,0.8410510729060421,0.5769979570283732
598,0.4022881729210737,0.3852578301442001,0.3952209037778649,0.4853241344777549,0.38904020489502056,0.3700834470416837,0.3698057571131156,0.36838211826870937,0.38919688410735725,0.43611122298014227,0.4884404204616961,0.8424234828494859,0.46466636198221284,0.44820268006020747,0.4872110311769838,0.938283618902154,0.4765947828908245,0.5934941969136638,0.5776669297034996,0.6231181139347295,0.6308912269203893,0.6308912269203893,0.8269693193224656,0.8399481160669514,0.59884251931876
599,0.4150784611723826,0.38980691956546626,0.39739156920232194,0.4971181040349934,0.3812582457825579,0.36416913187581634,0.3618988357500681,0.37178935349330944,0.37530227180668513,0.4325337771853332,0.47905034236481797,0.8618830987444351,0.46538988457515335,0.4461038791106503,0.4825788017539732,0.9611909071293057,0.47316279325807853,0.6184822754294127,0.5804152445992788,0.6203748748247516,0.6465464044083677,0.6465464044083677,0.8256470349739635,0.8591180099127451,0.6203936875758828
600,0.3851818629900904,0.38570363278424113,0.38021899310689355,0.47275047529976116,0.37307742229596885,0.3703032529029041,0.3655858823879826,0.3685946499710822,0.371711331626724,0.45200617076130545,0.4853293159465686,0.8677725270740012,0.4547242208741958,0.4677094415324825,0.478866977279859,0.9693149153254961,0.4755481207475465,0.6203325570896007,0.5938178296072985,0.6293656350043552,0.6592006391097253,0.6592006391097253,0.8480744888084428,0.8648908436696645,0.6178854169650767
601,0.4209207749777356,0.401359298762137,0.4122652948669476,0.5076743148748782,0.3915461666552892,0.38139938275488605,0.3833736954168483,0.381965524251339,0.385686143683184,0.4482915867134431,0.47288657687725166,0.7967719599498921,0.4778173524857426,0.4595642412346283,0.4689785762775874,0.8421043866620056,0.4533433710564058,0.5814372769032089,0.5694526006820158,0.5602555803250064,0.6193095794830119,0.6193095794830119,0.7471234896700213,0.7949491926375635,0.568311965372166
602,0.42610008610098105,0.40727632631294697,0.4081598892312083,0.5076333245021921,0.40151159531498837,0.3867567571724574,0.3905210711790347,0.38736539208828585,0.39062936772160906,0.4673136152641636,0.4855411020339789,0.8406393557390034,0.48506030826792446,0.485155242209932,0.4787384810568776,0.8715209159057257,0.46802147796542704,0.6160878597054251,0.6198783478326603,0.5863720389726793,0.6527755601823176,0.6527755601823176,0.802044195425524,0.8381693982276207,0.6004500840991844
603,0.4235735914207764,0.38335114443376533,0.4211435447314483,0.4853241344777549,0.3800611324114453,0.37143090181584415,0.3727116372264909,0.3699445751530836,0.38065476525924297,0.42707142665452336,0.4622889233401541,0.8368929377335421,0.4586863353385328,0.43158368528226226,0.4668773662486833,0.9168989722063149,0.44229191511313465,0.5492789081763562,0.5622007384875825,0.5871544109970308,0.5827059901139983,0.5827059901139983,0.7833505029405771,0.8345043735376647,0.5756900576004366
604,0.44658532707619425,0.4228986696347415,0.4275714920895586,0.5257992645024777,0.4234283397112137,0.4019072533310329,0.40414439431254245,0.4050737665786919,0.41290176690782493,0.45972425093391817,0.45739301631899104,0.7810948560963192,0.47793627081592804,0.4517060386665943,0.455622372248179,0.8006556367069059,0.45657268653533795,0.5766733240375477,0.5419313213309928,0.5694322165533113,0.6116688479447315,0.6116688479447315,0.7265537872894243,0.7793992438582822,0.5592717079968916
605,0.41744364530662187,0.41012759403724275,0.40838899310551524,0.5183964188103566,0.4003053105722447,0.39154058069425746,0.38919611722248465,0.3964987346800046,0.3956506610130922,0.46134889942207363,0.45699214770595714,0.8182348296916491,0.46471167200073266,0.459187491764116,0.45413339468262665,0.8880735935228182,0.4494304352444001,0.6101332453174846,0.5840058804323108,0.5995469005082585,0.646899811674409,0.646899811674409,0.7874716522331627,0.8160587728180775,0.5964651004255015
606,0.42205718632096817,0.3889281641273478,0.420901004301704,0.5061966175838467,0.37453059189953836,0.37431406027665265,0.37459970161464085,0.3676704010237627,0.37505999664627043,0.4531952940106126,0.520586547900219,0.9394640939693059,0.48877127540941134,0.4736785219218785,0.515168771283335,1.027783009005775,0.4980919501329795,0.6698786906442115,0.6690730227249508,0.640505101778206,0.6753905767432672,0.6753905767432672,0.9420601574313417,0.9354131841745997,0.6624160507685981
607,0.4294181783762219,0.397525452982924,0.41801161407496096,0.5016324440137533,0.38410493365362675,0.37865239558015806,0.3815780627698062,0.3791974573559576,0.38415912000401153,0.4625412185819765,0.501698852883125,0.8705250040615787,0.4758366143281605,0.4717905076907078,0.4896122272641294,0.9522811609662342,0.4859159147853105,0.6230172493383705,0.6113910113273011,0.6185425753462517,0.6550060093740718,0.6550060093740718,0.7891964103850178,0.8675248389781163,0.6191275486976704
608,0.4141734697126759,0.3882395817073522,0.4028259085403621,0.4960697921833203,0.38662030827856797,0.3491517754326214,0.351989137052784,0.34950216114413196,0.3845848297381209,0.4533273601089288,0.4936276655933518,0.8769212660531189,0.45940694921450387,0.45591675523752484,0.48603704868256326,0.950714692668292,0.4739577455448271,0.6344429756623353,0.6338308017692256,0.6258810250972241,0.6609717260870877,0.6609717260870877,0.8347915311190959,0.8738850958504709,0.6213157915745394
609,0.40907296208626764,0.3934769850394999,0.39847315077175055,0.49503189273917536,0.3957293844944878,0.38235086831456344,0.3852133404269318,0.380652651525121,0.39115841450048006,0.4579977141712381,0.48750624465741293,0.8741198550891648,0.46654604156807306,0.46789216563895364,0.47685616618934407,0.9279626937701537,0.4743872071474408,0.622013297846612,0.6218952310224647,0.6213485113403491,0.6543326248636552,0.6543326248636552,0.8382064908132949,0.8711422366443884,0.6226933577389576
610,0.4399479602568773,0.41616154280425266,0.4340226137463939,0.5226769343215087,0.3883223035874667,0.3978698871050153,0.3962626989049566,0.3985237857350507,0.3916502899887866,0.45617640073521354,0.44943106812680816,0.8076421614266591,0.46948619111860285,0.4521508025046112,0.45384291672773425,0.8616934826655175,0.4398506734273609,0.5714274035881094,0.5730885793728735,0.5578671440485155,0.6030305229598598,0.6030305229598598,0.7723748134414294,0.8056204305645889,0.5742469711465256
611,0.40750305944416926,0.36548242910959255,0.3992806200699019,0.47278515922138176,0.362656014705726,0.3430648577875938,0.3407854487860879,0.3368823157120498,0.3636674280894098,0.43864477237947663,0.49097194559993623,0.8407158528315528,0.45981992219712653,0.4531293625963938,0.48820008822319644,0.9424900013743875,0.46959413205926237,0.5991921672965065,0.5931088197758135,0.595452121685612,0.6251845066170608,0.6251845066170608,0.8389349662428721,0.838174687569107,0.6098685713398172
612,0.38371434697615314,0.35411072684186895,0.38204385196873997,0.4660794140360074,0.35442515354266185,0.330301034281568,0.32784129163138986,0.33234322056407795,0.3560000917653714,0.42226800724192426,0.438866346479477,0.8089713080616836,0.41909694476730325,0.42761796930013807,0.423824146238248,0.927428403248324,0.43107014813040573,0.5969055263887132,0.5580635240666986,0.6095094793125944,0.6350646738245616,0.6350646738245616,0.8031445914786655,0.8069319023200168,0.5896708520604114
613,0.40093527643792115,0.36924329034504366,0.4001400998365218,0.47725530115832426,0.36413547964676896,0.34799105869434305,0.3481715695128581,0.35049408813289795,0.3598724848031899,0.41952040103160926,0.404130336169698,0.7787244646399348,0.41791164542105724,0.41813229124640927,0.3726757433986187,0.8047416551795259,0.3990710025103585,0.5549481659292749,0.5223741415100068,0.5628789073321098,0.5819429603880545,0.5819429603880545,0.7491431666557197,0.777154396827919,0.5525028021364405
614,0.4043589890660186,0.3738601636011634,0.3945484615856355,0.4759842785065855,0.36563569017437164,0.357709409684771,0.35303418674830234,0.3560260662391166,0.3682448736806708,0.4470779483681163,0.4793872770939785,0.8567909831824733,0.46225465283776573,0.45809316408928447,0.46649357643177547,0.9239392867796451,0.4641186973132599,0.6046690466934077,0.6039268432268412,0.5926648806862883,0.6180567903294452,0.6180567903294452,0.8252402634339385,0.8540709145931876,0.6015834564849416
615,0.4096163320771034,0.4010816851611223,0.39933793570490816,0.48683981108540825,0.3937885396417484,0.3843510528019881,0.38795269494203916,0.38736539208828585,0.3890843566447457,0.4330614642374599,0.4418091671446028,0.8087170740363576,0.4400139572729418,0.43713088720841536,0.44640562824286983,0.8683985228847657,0.4372431811328682,0.5543971486506456,0.531962746089039,0.5846466734136351,0.5987714999330902,0.5987714999330902,0.7491415084281924,0.8066045750995304,0.5660643036742626
616,0.4151245434476562,0.40967550053561647,0.4059659315748476,0.5113378442270983,0.39479047554483726,0.37428045361131873,0.37409390746188753,0.3770298126658018,0.3928474110442455,0.44219555420874607,0.4537437025390145,0.7814656679705996,0.4671671289122364,0.4474651569068998,0.45854314720663947,0.8604409384141479,0.4440979599704085,0.5815397631926745,0.563127962197552,0.5851746316407642,0.6174544071840281,0.6174544071840281,0.7418231454017278,0.7798899683455598,0.5686860643632162
617,0.4048646377026911,0.388897503066291,0.38983980149836095,0.47938986509786524,0.3769371371711569,0.35925936797501223,0.3560559845882015,0.36158654888759273,0.3723926918995254,0.4221179741774956,0.48249967129353233,0.8089713080616836,0.4709374880196239,0.44485900124436906,0.4981314019226766,0.8926555778101964,0.4685193442255436,0.5609356952039504,0.5311393361648453,0.5750952956413593,0.6158859961871199,0.6158859961871199,0.7475956827100966,0.8069319023200168,0.5667080672559616
618,0.4289990920012882,0.40202774837594435,0.4223425177902014,0.51773384928876,0.39271710589641096,0.3868477463895403,0.38737044434110995,0.38744254553249513,0.3907115293209021,0.4624607417716794,0.4814037849761248,0.829863350486686,0.48202168671193896,0.4647498550221354,0.46980801639969555,0.8635001970302623,0.46862390816156874,0.5989246345455833,0.6081574816866601,0.5774416259037887,0.6279122714958496,0.6279122714958496,0.7818561888768195,0.82751790437282,0.591842407737229
619,0.3985680240653497,0.3860226975647937,0.3949503152116622,0.4741903169059784,0.3919047695365784,0.3822628284834127,0.3800396708071656,0.3828181173568402,0.3945619092016793,0.4398101261078998,0.4578934628529126,0.8693579855569732,0.44332349963613366,0.44560125866415073,0.45354294029280934,0.9295627635972356,0.44650929809965406,0.5980080641165109,0.5806569241976951,0.6461121396013764,0.6308912269203893,0.6308912269203893,0.857259354771526,0.8664993429295564,0.6158938673794326
620,0.41821055508706445,0.3770874409771885,0.4060094038889632,0.48403468617952894,0.37055483303789166,0.35469544449571944,0.3521319792818156,0.35757273264880113,0.3676319565758138,0.43548828306363147,0.4450863982971974,0.7848140616180959,0.4511440042477047,0.43972949086200463,0.4326324868433186,0.8273123073477235,0.4356714368336454,0.5513101552591076,0.5325447836931637,0.5536684344606441,0.5889704236085855,0.5889704236085855,0.7415108183457536,0.7831577924701889,0.547474734685381
621,0.4340013201286307,0.4082564026058908,0.42941931815834633,0.5231493183994826,0.4094675620561922,0.4005963663600405,0.4006264005903131,0.40346823313651176,0.4159223163373697,0.4563128154570154,0.46640804850754936,0.8175820225932127,0.4647928979122721,0.44707297316012384,0.465430059777687,0.8765006789407283,0.4512585119147838,0.5816573647271637,0.588839598911548,0.5904220566135615,0.6100205229964786,0.6100205229964786,0.7709327802893665,0.8153969240336812,0.5840918713943503
622,0.37972109249736563,0.38849184140587845,0.38736531925785644,0.4812800598626433,0.3683271258571697,0.37552374974022323,0.3751235791236911,0.3718424880642749,0.37081470258551885,0.4242788915217554,0.46593518727769967,0.8932908095372301,0.44896304378943175,0.4494491224214526,0.4658777776114626,1.0197887013421614,0.46313893136371165,0.6305669914926341,0.5908083198221339,0.6801857307247064,0.6610964186267694,0.6610964186267694,0.9170400569087765,0.8901280522258802,0.6371461703181854
623,0.4255758056046336,0.39093777828848275,0.41481364864484976,0.4992105179835546,0.38359396895396974,0.3706428038419279,0.3686332280387815,0.3711661182416545,0.3894979988604408,0.44900567409667885,0.48648260152191214,0.8626412886252716,0.4696192750341242,0.4549006444157165,0.4842530331839575,0.9410288574505107,0.468166969306911,0.6202353408030467,0.6114057642363281,0.6085882030261426,0.6381913171458748,0.6381913171458748,0.8344158940296011,0.8598440308415667,0.6215392560045168
624,0.42623601063068717,0.397525452982924,0.416952556291789,0.4997577398669505,0.3882724043704743,0.38860126570115533,0.38856544792493286,0.3913590975149359,0.3864410761197593,0.4432150365383252,0.4634071401899998,0.821034074335592,0.46471167200073266,0.4516335536930872,0.46058504158136454,0.8619261016740887,0.45142347724565535,0.5725392502122156,0.5656531231285855,0.5770663540173793,0.6058503804047692,0.6058503804047692,0.7576294536025973,0.8188188330137731,0.5750220113623441
625,0.3956105016556468,0.3808132824206504,0.39182740870418975,0.4753783647242429,0.3818598163244829,0.37078493190755096,0.3703179467493231,0.3691777704705262,0.37823429360203936,0.43326528010005705,0.48623392858291026,0.8681028996476198,0.4579899684026453,0.44705418097601535,0.47620787804611936,0.9538954827719732,0.4709772131190056,0.6028148188155542,0.5875966321223729,0.6203748748247516,0.6247465715812253,0.6247465715812253,0.8683070555079081,0.8652636958056191,0.6074241785299044
626,0.39122689158281737,0.38275231589907416,0.38175668142627606,0.47926951644694393,0.37967376869654745,0.3675733198061548,0.36492388228319794,0.37032913202730294,0.3801733680374422,0.43251229998214713,0.4596499680234691,0.8417091654142562,0.44986025993446205,0.4457626547087759,0.4557127229889018,0.938283618902154,0.45480639985948856,0.5921511688244517,0.5715693070926436,0.6210910894631634,0.6238869279158743,0.6238869279158743,0.8146710826566537,0.8392885216880471,0.600426105117175
627,0.40907296208626764,0.3908984514540885,0.4101650621197022,0.5069152127632873,0.38391750030028293,0.37144296255333953,0.3714495127350482,0.36966745728063233,0.3892758776238119,0.43920567868580107,0.479075954866404,0.8299054855179113,0.46952639851161804,0.4500868961651075,0.4723436100471985,0.934536939585557,0.4678732069395427,0.6191892281756318,0.6025984889873123,0.6175124311978449,0.6357617694817747,0.6357617694817747,0.817803611256051,0.8276731465610218,0.614957474895306
628,0.419385564183452,0.404362654886189,0.4022824864382683,0.4875872194052418,0.39393774212124366,0.39457234957877185,0.39820522637241257,0.3951818589600835,0.38906019583308893,0.4456094468086585,0.48457660923383655,0.8951497113719011,0.4664628488534049,0.46516349993294115,0.4905080929532026,0.9429434069983802,0.4738437714359297,0.5980080641165109,0.597849826245722,0.6253492122429238,0.6425977676183214,0.6425977676183214,0.8364525529167907,0.8918848368500277,0.604638102952779
629,0.42544050965042834,0.41368908865974513,0.41071695672314174,0.5158387051979466,0.41349521238777615,0.3986964307278826,0.3962682154264553,0.4035482565464875,0.4135536784729818,0.46014955614172287,0.4936749642579581,0.8836514659953074,0.48546921184412306,0.46737450721947127,0.4930093652090189,0.9309290421287632,0.4719547713415503,0.6162953193261143,0.615980143799462,0.6346103996910529,0.6452971087990701,0.6452971087990701,0.838431499566258,0.8806176379120296,0.6086918412608411
630,0.3828765224504509,0.38131628036938425,0.37897207615896505,0.46800910208460944,0.3685147898195783,0.3722632647808415,0.3705654998920297,0.3710014200343758,0.36449461376537706,0.43785403045946786,0.5052765902653427,0.9183257361469441,0.4666813983367743,0.4751845507550623,0.5018036346766294,1.0277354786827757,0.48613682794865426,0.6376318839598883,0.6255715471060725,0.6576122060270032,0.679857218498336,0.679857218498336,0.8684822525616247,0.9146759581614824,0.6378331098987797
631,0.4043847104907434,0.3980027259630048,0.4032899122281891,0.5040811002494755,0.3832855634440288,0.3692953483203363,0.3768917042165481,0.37175975583443527,0.3753417476221641,0.43530705906115874,0.4626289760251498,0.8316971378214552,0.451251961227455,0.4395590726923688,0.45142895858876025,0.8698406221061,0.44997334680188605,0.6004005839869119,0.5781780033242421,0.5800870417006023,0.6308108630121557,0.6308108630121557,0.7491309441918484,0.8291979427765068,0.5831959098207629
632,0.4220535582394705,0.4043904521685884,0.4091171515458524,0.5157677828405384,0.39248486728544074,0.38618305168365435,0.384567237020592,0.38678654299269927,0.3850534337182326,0.4683796056447376,0.48096690321873725,0.8375873646157399,0.47793627081592804,0.4766074904342708,0.4671747503974322,0.9073592971178173,0.46824256351666876,0.6374662729370778,0.6102179102994596,0.5996479877443645,0.6404722980876758,0.6404722980876758,0.8138137809046928,0.8349565816728959,0.6269639616019185
633,0.44365771348586114,0.4063426343689139,0.4167815196344935,0.48864716452527024,0.39762708934792124,0.39139180008016117,0.3928524002229788,0.3919996432000073,0.39744244873062623,0.45045171482307145,0.5016535201063229,0.8430785393927089,0.48230333857373137,0.46499508840532094,0.5135265947171709,0.9311852688291661,0.48626868201016965,0.5670063439888872,0.5567655679672987,0.5751754064712706,0.6288492318848846,0.6288492318848846,0.743146374486203,0.8406003237474312,0.5637174628498052
634,0.4097356792306577,0.38570363278424113,0.3988977601483545,0.48915747880364946,0.38455402496695734,0.3738808799450597,0.37322080762121346,0.37440330195289645,0.3829366655523004,0.43408440937359394,0.49257905681690484,0.8881935575431797,0.46604662780969097,0.4523840714347818,0.4985157652513102,0.9815954874762103,0.4766162602529088,0.6115972240625356,0.6133822666800013,0.6342483990948383,0.6471647912675197,0.6471647912675197,0.8549424916172048,0.8850211877885256,0.62027656047023
635,0.4509957270908565,0.41577392290138415,0.43863438441563846,0.5250531158505943,0.41384827712444666,0.4011769770426885,0.4042964492853984,0.4087263463863471,0.41422933322520744,0.4474060776602729,0.44672246029865725,0.8016714837773475,0.46563791515250136,0.43340152004282184,0.4498592732625621,0.8215280364658312,0.43256261754660874,0.5505995583717043,0.5575277142946694,0.5573869004770586,0.5827620065817481,0.5827620065817481,0.725511387735449,0.7998359414124925,0.5520556665535247
636,0.4125803712983506,0.38264361402599034,0.4057153288897451,0.48710404020880016,0.36843927232472906,0.3586904134257312,0.3571130855892802,0.35560830362847395,0.37116821346726103,0.43484499461576903,0.4170082390265445,0.8060003589595455,0.42028985314745293,0.4332487101012153,0.41270605777964703,0.9018634280888714,0.4142889361608104,0.5792127083448733,0.5623719063774185,0.5937940260968944,0.5967261028901903,0.5967261028901903,0.8109478172927856,0.8040632527183406,0.5895361293435135
637,0.37831204540467256,0.35601259872730023,0.38085194560467456,0.4435957159105002,0.34643526106122846,0.3369051069450711,0.3355141091375782,0.33723817094739983,0.3469197471421151,0.40365125913549676,0.41093242032883054,0.8215462975358916,0.3946192114279853,0.41340092950307855,0.40345189760071093,0.928611391215452,0.40242493389935,0.5670848081248714,0.5379918627206242,0.595788565850621,0.5930328596755328,0.5930328596755328,0.8138137809046928,0.8193109044330416,0.5755153200985643
638,0.4414667523862403,0.40890875399040494,0.4328760973245369,0.5112268345549238,0.37834406035467133,0.380984294654743,0.3850501645063693,0.3815213899858734,0.3790070529010904,0.44607707652616635,0.4666663696987769,0.8185375362618613,0.46640358128453246,0.44773027789104425,0.4712008693313973,0.8709286062566157,0.4509372478872922,0.5759004749096042,0.5784758295654812,0.538712141232388,0.6025860294899194,0.6025860294899194,0.7483355920441896,0.8163591522812441,0.5682668411783925
639,0.4306751952528158,0.3930085704523394,0.4159572154711882,0.4983351493172279,0.3785679140014439,0.37385796862061454,0.36932067636252797,0.3719984499557365,0.3724420849828889,0.47605661236733765,0.500989745706153,0.8647622005132949,0.4867007130426414,0.48323734679629404,0.4858437672019676,0.9001234479903447,0.4834021093448197,0.6425817449675398,0.6118604050515376,0.5968508849099279,0.6698754928314301,0.6698754928314301,0.8382064908132949,0.8618413574483317,0.6241728772731246
640,0.4153681522303437,0.40345229443586583,0.41034883622644647,0.5004132306631441,0.3903585866925851,0.3880090654111181,0.39199124529256446,0.3886054601874246,0.38460204913065504,0.442709118638147,0.4295099529241781,0.8259674633603414,0.4319813014313117,0.4369082140215271,0.4245901119273946,0.8842884104827932,0.4327503535389171,0.5885931536092281,0.5505337157230341,0.6117090754952434,0.6170921719879725,0.6170921719879725,0.8033074196757511,0.8236459666745565,0.5986489246925585
641,0.4073086905017232,0.38564602921255153,0.39133765165726875,0.487630117500725,0.37187278088428655,0.34974657199766057,0.3467454443055417,0.35282587127433407,0.36851817889110067,0.4393083175655529,0.47267320055277684,0.8556879631827295,0.4560347625348568,0.44788111113789475,0.4727907658119777,0.9380756956356027,0.46680898873924487,0.6111452671661177,0.58253104790542,0.6016040203776368,0.6380341075558841,0.6380341075558841,0.823801250752842,0.8529910264314822,0.6206297095317013
642,0.4017998238035055,0.38959555478286584,0.38893329180295666,0.48259214116813953,0.3692926861617017,0.3595520373644779,0.3603113814557902,0.36001319826817413,0.3607507482759344,0.42678627643295597,0.47516677270706037,0.8856281667836976,0.4615791301044345,0.45729195131630634,0.4753968083541612,0.9537216760044169,0.4682113218866461,0.6583579847358124,0.5967956891413655,0.6272009294968021,0.6755882694153376,0.6755882694153376,0.8706122304271585,0.8825030563071854,0.6375124204133528
643,0.38931330272664194,0.3987933661625699,0.3805766614784124,0.5036277627136362,0.3940613986134951,0.37093767324207577,0.3681534550831432,0.3755843985611159,0.38791211708382894,0.44686637464507084,0.4727669100581207,0.8272915331654161,0.4631790528215759,0.45656061712666945,0.4687271701706033,0.9107432696376403,0.4619971825866717,0.6252453931753726,0.5958917664533855,0.618847627187645,0.6506602966143674,0.6506602966143674,0.8043211229837545,0.8249545962167812,0.6109465466369218
644,0.4159456212702725,0.3996363177531321,0.40890411940804255,0.487822112247627,0.3918278279814434,0.3819268746185167,0.3785294535337397,0.3806862029713824,0.41111982201003866,0.43726582087291144,0.46576613088416985,0.753988478220035,0.47294715723843056,0.4436421410888492,0.472181840613966,0.8143793279771078,0.45600121486458944,0.5406811874166341,0.5254474929460525,0.5227516224064265,0.6006069722344073,0.6006069722344073,0.6785633289201038,0.7528328614570832,0.5427703885405761
645,0.4014350769891484,0.3974072614030888,0.39495465563133675,0.4990605787332371,0.3858991237049919,0.3793868575155974,0.3748259192692749,0.38476305802794647,0.37798971056063696,0.45530263888030464,0.4611315410038102,0.8346691654782051,0.45816351125021454,0.4620481694591107,0.45185007895233903,0.8915318167110815,0.451727078169113,0.61504274597853,0.5872280594663611,0.6024284588417035,0.6466975202365405,0.6466975202365405,0.8193359907230904,0.8321774528745627,0.6079638201181368
646,0.37912812371230253,0.3695188208643067,0.38594653235334403,0.4609471904149279,0.35234634093336265,0.35630028217590365,0.35656712507941585,0.358509367288012,0.348905129727683,0.40315080215019516,0.4327013103669977,0.8432977032147932,0.41641010039601123,0.4216613381536721,0.43484253569661635,0.9354650903795139,0.420051071450021,0.571390526532437,0.541644326549764,0.6037611029269782,0.6078895304198534,0.6078895304198534,0.7977028619533655,0.8406982361137488,0.5807549045660618
647,0.3799712736727934,0.36806303476308716,0.3745622485217031,0.47170191357002444,0.38024829367762625,0.3490704335288726,0.34602629178490085,0.3517159086808334,0.37882830926632394,0.4286816782389311,0.4602708153598828,0.8226068984170718,0.43347858628214225,0.4365810837609275,0.44672555452489066,0.919666985487087,0.45330988158409846,0.5958698394592091,0.5720480137882116,0.6272658824899208,0.6215085215086301,0.6215085215086301,0.8129894708401663,0.820368519821752,0.5986287307466502
648,0.39580570741897664,0.38528155635776823,0.384143133714105,0.4791711888666681,0.3774220633288823,0.35495035757327076,0.3503480670572914,0.3529809641668706,0.3779632943461685,0.44538650391873935,0.48160210712195617,0.821034074335592,0.459662787595576,0.4606137473471208,0.48090152450703627,0.9374937326289057,0.4750115860752006,0.6106022425554338,0.5759894382086903,0.6141637183716148,0.645598532153395,0.645598532153395,0.806560915996078,0.8188188330137731,0.6079638201181368
649,0.43503788487549483,0.4152873361293347,0.40899384563777624,0.5180229241441784,0.3991411303027893,0.3899007124110831,0.38573939842146077,0.3877583237372076,0.38674794031231297,0.4926027536844053,0.5110114869521668,0.861226290755555,0.508696556425082,0.5160024811077223,0.5122311529536608,0.9163585022048333,0.48861760274650157,0.6588761924166086,0.6655634003814208,0.586089205146814,0.6688240167298506,0.6688240167298506,0.8591843157330732,0.858350523314974,0.6337648580536892
650,0.4167269876258876,0.388897503066291,0.39890795006904844,0.4649124293804652,0.381609433831729,0.3693344013437838,0.3695967922956825,0.37167639806499597,0.37259680319032107,0.41359162886607775,0.4483751892366046,0.8086067380616309,0.4507412612909694,0.42804551875924063,0.46215784477075483,0.8549581616431997,0.43474811402954355,0.5206930009466205,0.4889790138325115,0.5565211488689591,0.5791608077064493,0.5791608077064493,0.725511387735449,0.8065334473668113,0.5361188464955079
651,0.42525378156121907,0.40890875399040494,0.41702543682466886,0.5177523757066249,0.4056000530671916,0.3958245502349393,0.3936517845280116,0.39648180964258745,0.4033319972011016,0.4496021300390507,0.47977020826831207,0.8011654890326526,0.4842586409204893,0.45649439975726946,0.4805545785769578,0.8098318664718624,0.4668699889037897,0.5634698865169485,0.5780570656087105,0.5694392268880999,0.5964316203555542,0.5964316203555542,0.7555510267118061,0.7992474179393433,0.5564299520073188
652,0.36714568899559524,0.3820577058505151,0.36773376341271835,0.4747603187870704,0.3738734454550824,0.3579207742011436,0.36002169842239523,0.36015952744325636,0.3672884702888931,0.41910970983634915,0.46986975801567055,0.8554299615977888,0.44530368005811616,0.4415037977537768,0.4648847770191992,0.9357067445145327,0.4579343037653659,0.6117576635166139,0.5805730780186316,0.621956455803092,0.6528811372938287,0.6528811372938287,0.8011609388722526,0.8527659041694345,0.6117624881357141
653,0.436563068653335,0.40087658653881425,0.41894908434500433,0.49300273331349204,0.3871875364824146,0.38587185252009065,0.3857383113071294,0.3864636822692911,0.39271106992026533,0.4437624261729276,0.4620279559072522,0.7802083805834309,0.47386898329883403,0.45367324087750677,0.464865655689691,0.781448539125085,0.44959571897184936,0.5344093306973338,0.5457729536288332,0.5058535912507817,0.579662243127525,0.579662243127525,0.6842159955924988,0.7786171352709276,0.5311325395653744
654,0.42169385490118555,0.41560372048006755,0.4161334207799103,0.5120162564596211,0.40231432078339346,0.39181939341963484,0.3966154666863218,0.3924288848933541,0.4022791698139232,0.43259419353523987,0.45069582441692446,0.8145652095108691,0.4577125229651514,0.4380155133332138,0.46166771823088226,0.8619775292601424,0.4424874865270081,0.5556081488449182,0.5613182037393281,0.5738961548427348,0.5923436596968826,0.5923436596968826,0.7411224730598882,0.8125114159773805,0.5558766299891834
655,0.42126391828966064,0.4072812681179226,0.4306279912040878,0.5169531814052357,0.3968891539445389,0.39501233052194956,0.40248628095506334,0.3893330548978018,0.3969904751554509,0.4500496013391935,0.4784903822088616,0.812048386112831,0.47312885194037313,0.4547138571153734,0.4715311137858483,0.8483602137200716,0.45439581659838435,0.5884815102058133,0.6045340267239571,0.5649793088081619,0.6129719939850701,0.6129719939850701,0.7660907598332211,0.8099713046532462,0.5928443967971918
656,0.43234471537573016,0.3958214871903951,0.42977607254244166,0.5016314640653357,0.38478343612196014,0.3741566864108852,0.3793346282906862,0.3746795111665706,0.3832231130948536,0.4481213693363439,0.5056707807634716,0.8790353440467945,0.46810071128970254,0.4526050041792528,0.5078602160976777,0.938434402667501,0.4742549376673774,0.5921511688244517,0.6383640908031178,0.5872086377397541,0.6276653841408191,0.6276653841408191,0.8021782054699333,0.8759357459977801,0.5956170546966774
657,0.4463105130292288,0.41334706460424114,0.41924469631934547,0.5140572421740311,0.41605386643424297,0.38951013167243775,0.3888094403065854,0.3962554437533072,0.4010060162135175,0.4633756560768671,0.47918976218517095,0.8152681479702294,0.49411315583434307,0.4730869345737339,0.4798865508120535,0.8186818382434736,0.45849091729057556,0.5814372769032089,0.5864013807620225,0.5685557795480586,0.620264485757815,0.620264485757815,0.747899161923771,0.8130435755734218,0.5587346611922684
658,0.3894699097063131,0.378626623641998,0.394431123565717,0.4804845948453323,0.37814975673382284,0.36546327698471515,0.3660890451928406,0.3604149699104782,0.38096054256695333,0.4395807246366081,0.4935416148939709,0.8487921429041875,0.4534808289241321,0.4515215146305358,0.48501294707248027,0.950714692668292,0.4693193062013663,0.6160045785570748,0.6081678268812861,0.6163472140229406,0.6451011894573819,0.6451011894573819,0.8306178712620604,0.8461559388233757,0.618197690001921
659,0.4008969911723242,0.3830232106878366,0.3980841442733107,0.48373306895550544,0.36369259446972263,0.3533841263189366,0.35301465011812394,0.3537900906082008,0.36601129843702124,0.4231314949685875,0.44226077875028874,0.8216824314687993,0.4376606612685352,0.43419991493148996,0.4451054858273805,0.9116602921289007,0.4348809202866343,0.5824294014145961,0.5720905056787674,0.5905753960454034,0.6073514851712601,0.6073514851712601,0.7853303655605276,0.8195130596412089,0.5789009424233585
660,0.4022372804300479,0.38862151396148203,0.3973137796363944,0.5026103339595233,0.3960594298839723,0.3869744796662755,0.38455300301168893,0.3853908522488637,0.40108711941375835,0.44701639189989384,0.4786234528962729,0.8654173466629519,0.45692467084986355,0.45126523459598006,0.48095027009474683,0.9614132684950618,0.4621651403850625,0.5925729052743689,0.6080991677216592,0.646226405046021,0.6205997668867683,0.6205997668867683,0.8460170987154394,0.8625897174474261,0.604638102952779
661,0.4431016131361041,0.41531355882107773,0.43688174754702314,0.5314976310438505,0.41490271460458017,0.4006283045837889,0.4049117785514514,0.4012703845206133,0.4118821569116659,0.4726580851331821,0.49550086136782956,0.8368929377335421,0.49533337136276145,0.46768413736375014,0.4838130511421725,0.8423079139431592,0.4737256708491364,0.6056052654744827,0.6239601094429498,0.576190881418111,0.6409824562538416,0.6409824562538416,0.7659220010860899,0.8345043735376647,0.591842407737229
662,0.419385564183452,0.40941472994472555,0.4097422512953981,0.5078347896047174,0.393787431648482,0.4058495762593373,0.4053911636716927,0.4039981583542467,0.39641667874005754,0.46974368135048733,0.4974585941477672,0.9111769384583651,0.480185931827516,0.48293942393680606,0.4956166690823644,0.9561091142244555,0.485839353903864,0.6338559997964427,0.6458708160240499,0.6250287908484266,0.6694245969425552,0.6694245969425552,0.8972779774186579,0.9076942664590913,0.6449293189370652
663,0.4008982175473056,0.38689676593238,0.39415875630321145,0.4803596540220586,0.3784232108706889,0.3688416777381105,0.3699056126445617,0.37128484287382746,0.38646200464573605,0.43183094023435836,0.46048236027018274,0.825886601542158,0.44791887417114884,0.4379236018612908,0.45345905419004356,0.9077164759372726,0.44679828619622514,0.5885164046584118,0.5629714733214897,0.5702760699879728,0.6180970571531543,0.6180970571531543,0.7652602991840081,0.8236798047993381,0.5818634722956963
664,0.3891067082828319,0.38546120436687614,0.3841915751205782,0.4770839391482238,0.3691551957326092,0.35982583331791956,0.36089641560999725,0.3583204477455931,0.3680930929881822,0.433924461339678,0.5125844937478562,0.9065537461051663,0.4632932453252494,0.46518990990335535,0.5101110594223051,1.0437208898306698,0.49717070188786533,0.6550787261488664,0.6229816597210709,0.6641869864719038,0.6860099779573887,0.6860099779573887,0.8625519984445058,0.9031025876996636,0.6496591261900657
665,0.4026031643955176,0.3919867442287637,0.3936467102048816,0.4791021695933087,0.38633406061035824,0.3853457152002428,0.3825039457504361,0.389948488582019,0.3806933592228565,0.4339780753011321,0.4575781687989389,0.8651041795812646,0.44889157503838084,0.45098754930061014,0.46151946807372934,0.9333850173075469,0.44209721545896,0.5979085137984826,0.5753005002299354,0.6178850622540665,0.6375503662672412,0.6375503662672412,0.8471169048059475,0.8622758159293519,0.6006798585905153
666,0.3988982983078843,0.37975484417687183,0.38747396372644705,0.466169309842033,0.3826407681759606,0.36986526573167905,0.36520277388225225,0.37266849627509124,0.3787983141581038,0.4301284146610297,0.4328115181538373,0.8098110938216878,0.4369052240329031,0.44101422355362513,0.4325407281043023,0.8740544697666226,0.428399548666247,0.5566485913461156,0.5443231399125847,0.6162814314778043,0.5909165091089122,0.5909165091089122,0.786629322840215,0.8078101413784031,0.5577665122841068
667,0.4129628483779745,0.4014056021936268,0.4110537610988298,0.5088317483776638,0.40576622468495227,0.38986109187039525,0.38846331016345187,0.38790296772470556,0.40499554376646274,0.46205699100016867,0.49156192494206347,0.8915896624623366,0.4854297454507168,0.46915819141926324,0.4832543529633446,0.9371935871415223,0.47076856437779535,0.6371931692556089,0.6316778224620453,0.6713426713274585,0.6619366357871018,0.6619366357871018,0.9286944181727258,0.8884638310374906,0.6529339572996476
668,0.41334385153520853,0.3858818505125013,0.4022824864382683,0.4809498121412344,0.38261723262517944,0.37424747544467685,0.37528851499164084,0.3767836215830267,0.3852103859364638,0.4276814256497131,0.48820924048397907,0.8662921801160063,0.4654486753371562,0.4461471215644066,0.48647055836091696,0.9452454513174626,0.478956093588181,0.5822455686408797,0.5747188678776345,0.6074246893584189,0.6262259201994208,0.6262259201994208,0.7765040577610528,0.8634992091401298,0.5862714270036524
669,0.41704333853517517,0.3849597638208687,0.40961886797728425,0.4995004884310156,0.383637969123603,0.3605965010820299,0.3605287268870304,0.35634339566700585,0.3842643135430405,0.457825931437572,0.46891836475688015,0.8272915331654161,0.46088950563877096,0.45544065084734836,0.4508751160945989,0.9233382352184133,0.45635502368119496,0.6316487539256346,0.5957339403091529,0.6133412235636007,0.6494892184418173,0.6494892184418173,0.8223823437291585,0.8249545962167812,0.6186408042883441
670,0.41405357029271483,0.3959215329763555,0.40043848050065883,0.5050207352340587,0.4003558413526926,0.3763301411632042,0.3770418445662679,0.37684862680537956,0.3930711216005603,0.46026817639760903,0.5053583969421682,0.8525960172413496,0.4721386721970672,0.46427659168949453,0.5007229010682371,0.9419767644599722,0.4867977481178105,0.6057340055830177,0.6163833629928651,0.6234428981755693,0.6380100424130072,0.6380100424130072,0.813331203794745,0.8499135301734805,0.5986287307466502
671,0.4116258821982832,0.40307585889664066,0.4172177135958872,0.4992105179835546,0.383399456627309,0.3817791282709961,0.38308172961495796,0.3784504078414428,0.39079676677469904,0.43012342921335683,0.44346057567263786,0.7667730547529936,0.45958185033491306,0.43515038575872805,0.45028667397197697,0.8305398293265415,0.42978208217990205,0.5393784600962438,0.5337205661531597,0.5390319050850741,0.5823116388810143,0.5823116388810143,0.7081100619350366,0.7654092593566565,0.5464039746188212
672,0.3962180058174817,0.3785644617933086,0.39673369076394144,0.47274121419343773,0.34964705395700874,0.35096354187736784,0.35018532749868586,0.35352093118032596,0.35105670083999096,0.40604399494619287,0.42788793406001924,0.8511761856197786,0.4291172405240908,0.4185669406542359,0.4334243554335812,0.9480140178180576,0.41971041150823474,0.5766797456575435,0.5590851144424764,0.5871662085573311,0.5923002328443424,0.5923002328443424,0.8081010721985252,0.8485457411562258,0.5783646247155697
673,0.42010829538321526,0.3927325761281573,0.4120796044727691,0.5021381772232264,0.38604369506788605,0.37923168798251466,0.3846304749010483,0.37979309329166694,0.384248099114217,0.45227997555062804,0.4871880965058818,0.8618830987444351,0.4697041469351138,0.4625114053711234,0.47499818666681715,0.934498071282647,0.4686266429075889,0.6144174347028325,0.6192545180480727,0.5937970476930534,0.6444568034353458,0.6444568034353458,0.810986855343485,0.8591180099127451,0.6150068064210484
674,0.4403667190844745,0.4056965820009059,0.4254036182801046,0.5135348527099167,0.4015470960839639,0.3870343005038578,0.3892150721841934,0.38984203236146453,0.3929862353641078,0.45844330810686396,0.49963295660241086,0.8637433094727308,0.48932247770997367,0.46953389239063625,0.5018740968520716,0.9073592971178173,0.47045970207589294,0.600680292215302,0.6364814505379596,0.5927407843545712,0.6360538814594371,0.6360538814594371,0.8055900784476209,0.8608896629004641,0.591988160811491
675,0.4279506635217078,0.4063426343689139,0.41597838055203495,0.5108880890810082,0.40307496779612845,0.3883066707739889,0.39116393050307685,0.39112495420625,0.4032436786512443,0.4511942437767965,0.482679339380703,0.8151736748297845,0.4732698025832008,0.4517609833243537,0.47948749630698767,0.8512138782823366,0.4642952192106753,0.5858189305948778,0.5817788430923747,0.5649260976799467,0.6159776284396599,0.6159776284396599,0.7472366843922189,0.8130923615519923,0.5789795997067543
676,0.38327456643163216,0.39041043417975085,0.380980984338757,0.4695263368629903,0.3760244428816306,0.38134581589505273,0.380452058854835,0.3838615863012406,0.37288216550312925,0.41468382343639143,0.42755775414407243,0.8396682992479733,0.42518696490270796,0.43442490113411003,0.4389236112674064,0.9385376652124421,0.4234242879976392,0.571390526532437,0.5494377157971158,0.6237592900503067,0.6084441625384457,0.6084441625384457,0.803952949050599,0.8372090080008421,0.5835981744336197
677,0.4087942538515894,0.37989300394613723,0.4008339689916106,0.4825432138637194,0.3753710392292391,0.3599613591249194,0.3590901348207744,0.36438712315550437,0.3723743473501051,0.430707916896671,0.4589611975724674,0.8212467931862126,0.4473977938992472,0.43611515488626906,0.4559773069164242,0.8894611028175563,0.4411848022382634,0.5682190999919848,0.5574369170320382,0.5872014974304909,0.6058503804047692,0.6058503804047692,0.7644394666563321,0.8190503396673859,0.5602295331164578
678,0.40008190937730476,0.37774075620826036,0.3995645774177658,0.47430412486056395,0.3741659998408766,0.36640410216861036,0.3674279796231711,0.36687078548866925,0.3769114871581886,0.4226586453955427,0.44484886705038124,0.7979266335720014,0.4318540999763691,0.43141876154043013,0.44349232590873,0.8856377277706837,0.4315517708500152,0.5579817037696755,0.544213323254714,0.579596189618227,0.5963176607676185,0.5963176607676185,0.7503555014271327,0.7959870053364767,0.5618368506474216
679,0.417285791947906,0.40890875399040494,0.4030071637210172,0.5141184532986853,0.4162345432420509,0.3899214370562945,0.38880814021592247,0.3878646064122973,0.40653207789529777,0.4775578187511728,0.5051568884743173,0.8739735831313457,0.4869766724773069,0.48206476591589825,0.4953774234182857,0.932370223551224,0.4905780502496213,0.6581101710388442,0.6347930278118533,0.6480388752869404,0.6775161028614314,0.6775161028614314,0.8688126040621491,0.8709388753690585,0.652712694538709
680,0.4016446447017378,0.406079486833636,0.39468932110413246,0.5064123461521288,0.39388231213038594,0.38914562647540135,0.38999493200384666,0.3897459398892616,0.3868417605872479,0.45412941060895257,0.49027379008803357,0.8772458240712394,0.4692702995191789,0.4783154219549009,0.4902682229450671,0.9851527082299553,0.4790432892453439,0.6486380272421088,0.6253937990137357,0.6621659107862093,0.6830559985297867,0.6830559985297867,0.8546150673288861,0.8741940812734712,0.6471317483016789
681,0.41519562613573924,0.3934769850394999,0.4080941121665627,0.5002901464468914,0.3932792485551503,0.37593697455341746,0.3768352364638949,0.3817535450833606,0.39367487819554803,0.4470714430302904,0.45248683123067346,0.8006669049146684,0.45008413413893833,0.44063906882519743,0.442141571078151,0.8445065916371121,0.4467817743391251,0.5736603222733597,0.5683364824738859,0.5735817310116464,0.6050535128228332,0.6050535128228332,0.7503524312721068,0.7987098646827726,0.574521390685191
682,0.4013649194930513,0.3934769850394999,0.39433795418391876,0.5012182044829473,0.3867525569381748,0.38511446404155925,0.3877443582371236,0.387955543633348,0.3830911996031676,0.45039323523645797,0.49469913911594166,0.8939500495889464,0.46462287368083927,0.46441989370520137,0.4864479523807161,0.9775566573460882,0.479337537475293,0.6103456304447593,0.6364409578925807,0.6204432600522317,0.6412582661946237,0.6412582661946237,0.8350803367295672,0.8907059107862335,0.6142700724917092
683,0.41932632845311235,0.39356735237122065,0.40491515508062526,0.4936023690310952,0.38890339077493774,0.37762493107288747,0.37526811154731776,0.38044336106072035,0.38680670496871267,0.4512141160535148,0.49368670611198406,0.8906721803380432,0.472651660649859,0.45965420352193587,0.4909540213046025,0.9429434069983802,0.47909934149048533,0.6128092299396418,0.6065468546358063,0.6260268230522061,0.6477497947506083,0.6477497947506083,0.8389349662428721,0.8875046750367346,0.6104876054966251
684,0.3801589676351629,0.3902937227406046,0.37740518904082765,0.4884655624892181,0.38572986325770414,0.38606609643830525,0.3809913406478006,0.3886065717825052,0.38469994096304583,0.4518096149257503,0.48791167886865944,0.8739735831313457,0.45987737356866326,0.46649866292592973,0.48115826132713285,0.9608381497532786,0.4707267949936965,0.621536254444563,0.6207870317396399,0.625276457369446,0.6510048545463896,0.6510048545463896,0.8570093735538502,0.8709388753690585,0.6304555710917122
685,0.42617886777125125,0.3967271462492865,0.4189225034504109,0.49730874551716525,0.39271710589641096,0.3828025667052361,0.3841974681469529,0.38737590073565187,0.38642356023968377,0.43178880051855123,0.43542719952099973,0.7968280151192381,0.45586896652388625,0.42919994074304213,0.42889216903989846,0.7957013289068391,0.4269968791394746,0.5454344165093934,0.5231466305441981,0.5578671440485155,0.5836045872938995,0.5836045872938995,0.7246417647053526,0.7949935577051397,0.5489801367523565
686,0.3888844406959519,0.38973853255412294,0.38295509554511775,0.4931811401279583,0.3938630879930371,0.3681620394411056,0.3687971285199831,0.37243892487797103,0.3949558410875635,0.437941011952296,0.4936749642579581,0.8627537169505568,0.4579418631333938,0.44302551321683925,0.4857649383307336,0.9471727652401994,0.4694817413255634,0.6119426415154958,0.6177923628575271,0.6117203876886428,0.6340998791543074,0.6340998791543074,0.808975328824885,0.8599681372302275,0.604463760560027
687,0.4254324032277976,0.3980710661942529,0.40868993447030033,0.49588990739152194,0.38283552252642306,0.3596604563308439,0.3619845481363572,0.36014706570229466,0.3735517059984514,0.44037832615980455,0.47892947033425187,0.8311620924864637,0.48428998182921335,0.46053877762084344,0.480258177289023,0.8616934826655175,0.4612556749194386,0.6198322179042699,0.5853640589040402,0.5746174038223704,0.6572750674032156,0.6572750674032156,0.7558660224269086,0.8287815909293771,0.5834393062248993
688,0.3738547832255152,0.3869397666504879,0.37387952387291523,0.48135843860673755,0.37771804821607025,0.3673359251353973,0.3637635866346695,0.36962003359484624,0.3714788751893886,0.43248699160881504,0.48450740083630406,0.8490532305926155,0.460813767900661,0.45669512542484736,0.47997100679029725,0.9159132052533998,0.4674355831888566,0.6174767737704918,0.5876815597192379,0.6265576431026404,0.655278042703747,0.655278042703747,0.8201500209501841,0.8464745344965944,0.6034687728163589
689,0.4118073681818935,0.3924089038006762,0.4053541073866596,0.49763949693555776,0.37636261516745423,0.35819997481884236,0.36177250369826863,0.3586283786891763,0.37245950630026375,0.44940266831437686,0.48677657611856073,0.8865304854394979,0.4591627516526874,0.4536513367189047,0.4769514115609344,0.960248426934787,0.4702118851373032,0.645030659152344,0.6163101176946598,0.6252583078537995,0.6748218584655391,0.6748218584655391,0.8275065902349541,0.8834016417033216,0.6334444552610123
690,0.4231848406904794,0.39605364626316053,0.4123107750130613,0.49053363453182214,0.3867467809623614,0.3793555227644333,0.3821416271095505,0.3753865925236293,0.38447545052478804,0.44135527411360004,0.4934694790459736,0.8929814269766402,0.4792255102562173,0.4629887224033496,0.4995231634250471,0.9564200335810215,0.47709000176939936,0.6294466492897731,0.6035902842291437,0.6448161809828953,0.662398841557052,0.662398841557052,0.8905284223915333,0.88976579160565,0.6334582404355538
691,0.41927511857300487,0.3858474710453658,0.40226668356858103,0.48145710315103,0.3840441420782663,0.3757691237577062,0.3713204918827918,0.3709013931585769,0.3822531225563377,0.46198261246435646,0.4823474631730353,0.8366976477334441,0.47537768575194306,0.4736785219218785,0.47663021107992826,0.9033945258522988,0.4666403409770883,0.5880471133841408,0.5931088197758135,0.5871544109970308,0.6219470002347414,0.6219470002347414,0.8301914102278739,0.8342888253576702,0.590513192184407
692,0.39007097795174767,0.38060217887869274,0.3800321605865175,0.47409763065248084,0.37390411601937923,0.36531209613745297,0.36227162310546523,0.365781703113009,0.37340253848460114,0.44811548375201116,0.5024945351464025,0.8550328675172746,0.46145609227413315,0.46740840259350375,0.5006679685391671,0.9436502197591796,0.4821695734913444,0.598641365363967,0.6013691226648455,0.599113420820512,0.6435570227530014,0.6435570227530014,0.8017699559297204,0.8522080449120066,0.594797849437619
693,0.3944180434710911,0.3764669721878671,0.3764966589040372,0.46652824095268075,0.3842864944059128,0.35074031236885295,0.34592389198225276,0.35643411693485155,0.3761362892107155,0.4342205888475742,0.45394565733341924,0.8421108729902327,0.4395230187349333,0.43944553048908747,0.45107317269726016,0.9227022992003261,0.44365798840961496,0.5771815361602322,0.5521014204583328,0.6245849951623865,0.6157579406390123,0.6157579406390123,0.838045961124598,0.839664880265867,0.5793264303299961
694,0.41949853137165233,0.38802884277561533,0.40530211237329095,0.487822112247627,0.37353989731559667,0.3589159374582757,0.35433969179717234,0.3593613545622615,0.3791414552842962,0.453734271527197,0.46796318728073155,0.8334708804042358,0.46203241529748473,0.4583201389891463,0.4630678316427445,0.9068713412013956,0.4560757033172525,0.6252453931753726,0.5856817947169036,0.5952575819994552,0.6520704723130762,0.6520704723130762,0.804639120920552,0.8310755056966665,0.6109465466369218
695,0.44354236083935544,0.4148335386359291,0.43262069714899193,0.5247161631470384,0.4155331267150558,0.40310437559713314,0.40930144874319696,0.40377581495718295,0.40718344098020254,0.47624055947776545,0.5010970513658688,0.8433023985742204,0.4926907075381583,0.4778461541039769,0.490977982114769,0.8680724959361837,0.47290064286943445,0.6169354972963517,0.6287053223621423,0.5921572518315597,0.6518040541619102,0.6518040541619102,0.7922539020506846,0.8407265573126873,0.6044874727496616
696,0.3928460822823621,0.3934769850394999,0.3916799040555727,0.4812517679861796,0.38455402496695734,0.38224527193918134,0.37750317773543146,0.38067248199870124,0.3829366655523004,0.4396662415158829,0.45256062271537034,0.8267754570374346,0.45149632776807846,0.45484760534585117,0.4572495002706276,0.9066288636905527,0.44156200713667487,0.5880484175031382,0.5718030085168997,0.618847627187645,0.6208108739271502,0.6208108739271502,0.8242838349833261,0.8244668765802886,0.5996968422901705
697,0.3876545303562522,0.4000320278166723,0.3886119669077874,0.4802046962941947,0.3859069181492147,0.3785116855301218,0.37967979690004244,0.3829647997812251,0.38503433894132355,0.4118977890070872,0.4104909621358499,0.7751413082213304,0.43315587229361846,0.4189183804759461,0.4160968616503594,0.7820954655435914,0.40396025181740575,0.5376873943480267,0.5266558507573832,0.5534036212651655,0.5685767538621281,0.5685767538621281,0.7154831558972018,0.7736256539945151,0.5463221012145723
698,0.411354017879993,0.3809050661881236,0.41319644290094315,0.4815824274698611,0.3716691900337637,0.3667743033876792,0.37008087673282175,0.3672550551782763,0.37255141023196064,0.42738182914385786,0.46318945776812726,0.8521575343093359,0.4428934548412802,0.4331727141339661,0.46188367777581607,0.9517795116211878,0.4406468953276928,0.5750309722662823,0.5857168378831926,0.5925937739740984,0.602267314670211,0.602267314670211,0.7872154371968233,0.8494825889433324,0.5851731175955377
699,0.4286994471921001,0.40378959451690954,0.42657471455761287,0.5120689356256483,0.39688395540028154,0.39135838570716613,0.3887390979073673,0.3877902166678277,0.39528327944918557,0.46469619167907167,0.4807848507798922,0.8019653193154975,0.4887155769405792,0.46857368676880906,0.47534191310886653,0.8265182972009256,0.46076088186914976,0.5771317162718694,0.5941009875394965,0.5632387566226282,0.6082887602087965,0.6082887602087965,0.7728623872035063,0.7999874004062926,0.5750991196883678
700,0.4337059558498097,0.4223499168916279,0.4148523172442216,0.5255460338709239,0.4183328416747077,0.39586490165472155,0.39838371141263873,0.4008306881582827,0.40882568870077884,0.46901133869334916,0.4728206458534559,0.8008069881408524,0.48541828840685897,0.47240422049547365,0.47129748521354947,0.8505465746359909,0.45376192549627287,0.5927711085109144,0.5972102487772862,0.5765259287879769,0.6289194613534049,0.6289194613534049,0.7491415084281924,0.7988946845302277,0.5738031896909773
701,0.3932033015527144,0.37536076465986423,0.381887751769967,0.46224499860668666,0.37533061920200733,0.3647020495196606,0.3597943632782889,0.36713664783117117,0.3742339592358885,0.417798132678249,0.4447060588705934,0.8172639542885919,0.44144910804254006,0.43520629494650187,0.4508127901936195,0.9114750674134586,0.43487181847123185,0.5557442424722228,0.5335726497226533,0.6066858316437123,0.5940243677598275,0.5940243677598275,0.7970869053056072,0.8151295973775247,0.5742469711465256
702,0.4275087152879732,0.3936263747875226,0.40945499423925213,0.4951893506130101,0.3715978685171936,0.3678051484170562,0.3683047309417453,0.3683047006544463,0.3721774891161087,0.4468039324499863,0.47783548704771267,0.8566750317803439,0.4669241361147296,0.460306489737957,0.4774493589661827,0.9329673804002223,0.46976130312031794,0.6111452671661177,0.5975208942997626,0.5764226007323585,0.6380341075558841,0.6380341075558841,0.8029423799398597,0.853901009057346,0.6039757231081813
703,0.403427444212237,0.39041043417975085,0.3917947834246649,0.4853241344777549,0.38604369506788605,0.37250298794987413,0.37003300762387364,0.3730267938671228,0.3864410761197593,0.4355352508569874,0.4696022222892831,0.821034074335592,0.45770457972864653,0.4457626547087759,0.47437500265104,0.9286175580033271,0.46092274784884435,0.5771348594600278,0.5615294457872888,0.6002127421220974,0.6107740872591956,0.6107740872591956,0.7863382947283483,0.8188188330137731,0.5888213467393305
704,0.4234343444566854,0.3804675205410601,0.41037861246567153,0.490696307688432,0.3957701970708487,0.37923168798251466,0.37704343980862653,0.37979309329166694,0.39818809279638473,0.4629518699139351,0.4755222920441088,0.8147227076252784,0.46155694132436126,0.45482094630253717,0.45787199848101745,0.8718109275078976,0.4629415369993277,0.5752504731607205,0.5717632068046866,0.5872270463960183,0.6122821322192795,0.6122821322192795,0.7726721863559434,0.8125511797870576,0.5807838022395793
705,0.40944495108710743,0.39514187679541574,0.40311990036078404,0.4976060167132784,0.3924710320248364,0.37987631861021764,0.3819331102100251,0.37838071370595605,0.3904819542833216,0.4593530841901421,0.47149336667958597,0.8362608428984264,0.4698216015632473,0.4656809179594426,0.4541701229065274,0.8616934826655175,0.45558575217031766,0.6134911721533537,0.5992412323934933,0.5915455849302255,0.6443544602749454,0.6443544602749454,0.7972549408677121,0.8338229853754868,0.6095576974094158
706,0.3982436707615752,0.3963383418020365,0.39598416565770006,0.49803602644957007,0.40107054879761933,0.38937128310000174,0.3867478773096839,0.389948488582019,0.3947158613208066,0.44640570163345306,0.45229268694978564,0.7945285185252913,0.456864656381655,0.44573360190454825,0.44448148679018934,0.8505465746359909,0.4423347678114436,0.5728800453109185,0.5446599501951184,0.5884626224359577,0.6076836124618764,0.6076836124618764,0.7857031949152444,0.7925727936490807,0.5849375078562344
707,0.4496236007139813,0.40676515989959977,0.42648473948947524,0.51773384928876,0.3940306767124211,0.3842756290351496,0.3854398095976232,0.38486547693666184,0.39128171666920797,0.4795885986925079,0.5068807700211495,0.8904068564226388,0.4907574196793746,0.4777779081998479,0.5046952959726441,0.9684922588701029,0.4898822359427142,0.6438236320019141,0.6411680386508086,0.6129177879640266,0.6750703304137524,0.6750703304137524,0.8382064908132949,0.887245060763409,0.6375124204133528
708,0.38759925989478505,0.3941219300515666,0.38550757783949013,0.4939716417711454,0.38886994662806207,0.39219695031071433,0.39014848067980623,0.39066500670907145,0.39719319221191024,0.4579817066746604,0.5048525595686251,0.9220922718612166,0.4675029315086643,0.4721040264829633,0.49199695964532497,1.0161228627617092,0.49659782417492176,0.6438998787000076,0.6406130973386575,0.6553805281522198,0.6717786451392201,0.6717786451392201,0.9098727960423445,0.9184611376744352,0.6458860828534911
709,0.4179507190873871,0.3929352758604233,0.4037064532473133,0.5012045141259833,0.38611449126104463,0.3638604474185943,0.36158748777127875,0.3643320253394256,0.38225824064791175,0.44875480047071803,0.4928816984537468,0.8234480875214075,0.48219419008295916,0.4670507494757909,0.4902682229450671,0.9114750674134586,0.47882348489640314,0.6191892281756318,0.5970288494516528,0.6124063890301443,0.646268159972714,0.646268159972714,0.7892185744814737,0.8212462479788665,0.5979536288425648
710,0.42230484403708113,0.3929385966731723,0.409475114835681,0.48110153338296846,0.37509741907666,0.3717592031235223,0.37448667324529394,0.37415598820421353,0.3725546322346844,0.43398545589722715,0.46608126041477616,0.7974399692258772,0.4618150150480847,0.44634297785364224,0.46667598389838166,0.8303178450826186,0.45020562390428753,0.5464116612275385,0.5201473739064474,0.5245971872358114,0.6042581726739008,0.6042581726739008,0.6875586403639302,0.7955291998611461,0.5378793823679112
711,0.4109062515596848,0.4053466701812781,0.40693783078241796,0.5064123461521288,0.39655339688269114,0.3836370096113946,0.3894284050751919,0.38420982690812727,0.4046443483101864,0.449591424368432,0.47149732080607626,0.8262133255901467,0.4640567595811871,0.45155167989701495,0.4623659815329556,0.8501360283275741,0.45753844739157706,0.6003005231239764,0.5935044864035682,0.566097849367858,0.6284445729654954,0.6284445729654954,0.7555510267118061,0.8240359333295119,0.5993010505378692
712,0.4384136623009798,0.3834076079920395,0.4356205149426478,0.4921518778677503,0.3777093421376885,0.37510565065094786,0.3790924618311693,0.3777853465680328,0.3803592621006931,0.4353763579569472,0.46788660706513513,0.8793768548895052,0.4511569020734889,0.4384519004346223,0.46472394057456207,0.9529120795255338,0.44730283445136954,0.5840838310685504,0.5947954572269202,0.6084892412625672,0.6165618463388399,0.6165618463388399,0.7962179931035877,0.8763581341632067,0.5919814839538297
713,0.4150784611723826,0.4115346556288538,0.39753204897983047,0.513802074221164,0.40571198317692037,0.37883624441203845,0.37442432277868504,0.3820443869228136,0.39768128613536097,0.47270313612040815,0.4941586884568112,0.8581823234933199,0.4831054647877365,0.48080769557898323,0.4909540213046025,0.9233382352184133,0.48500118644864293,0.6578673734355841,0.6276115301277188,0.6319256121863236,0.6862293478902233,0.6862293478902233,0.8355769235756318,0.855395110331755,0.6397056076564432
714,0.3944509907631914,0.3875888769171042,0.39061314495072913,0.49104807322687005,0.38165198324719724,0.37449858879650044,0.3774237730213361,0.37504559197107407,0.3792265194310109,0.4436135199063683,0.5120336577435638,0.8617779547957312,0.4709351265825025,0.46174633047067043,0.5007229010682371,0.9260900083100523,0.48738866872825726,0.5960137086047452,0.620921604192444,0.5821243541029391,0.6266239977499625,0.6266239977499625,0.7822554362666174,0.8589660318376777,0.5944990502336287
715,0.3760681997294002,0.37142802966024857,0.37507526147713094,0.4691876610924877,0.3650086608618005,0.3476620370180589,0.3476764682173063,0.3480588429028963,0.36593075800912334,0.4269098263980734,0.4366106751521735,0.817483699727901,0.4226596026360346,0.4377402378824508,0.41973387782987315,0.9035577902756144,0.42916118206956155,0.5964786858333323,0.5745479575000161,0.5913987820870211,0.6264143003300663,0.6264143003300663,0.8011609388722526,0.815359150245016,0.5932072544757485
716,0.41562521732767554,0.39571234569527547,0.41030074676483225,0.5102055216188197,0.3954835359833033,0.3859568826035126,0.38156250259384733,0.37710948347500556,0.39871920227613883,0.478460952743872,0.5013002244286385,0.8260001607993102,0.48581500065783123,0.48293041027614747,0.48648966440450864,0.9275110339204653,0.48628832829554897,0.6448788526276966,0.6210849853169552,0.6177723869100722,0.6571560368022188,0.6571560368022188,0.8412151374937045,0.8236022132563109,0.6434910970093877
717,0.46244871013236544,0.4205412039460318,0.4301512874339939,0.5248973456727278,0.4266380949889967,0.41242481215988336,0.4085043914248677,0.41785772509738156,0.4230139804708003,0.47386100917926943,0.4856966159454279,0.8107733814321502,0.49580339029169396,0.46733577323533837,0.48422189829678186,0.8310124605610881,0.48284579146836026,0.5702668365624399,0.5593086218350946,0.576190881418111,0.6146772451860377,0.6146772451860377,0.7415108183457536,0.8087258357671325,0.5574134404601314
718,0.399403000682191,0.3882395817073522,0.3884567187837631,0.5019868724014259,0.391274545156949,0.3798800855576764,0.37523779973440125,0.38042569820446337,0.3913545684230367,0.468947732151353,0.5079463849655469,0.8755586882837392,0.48101747232321945,0.48066992466888475,0.4938113341988424,0.9601719728000504,0.4957433530661366,0.6366754683261233,0.6326211283558001,0.6498876215681463,0.6742172703148508,0.6742172703148508,0.8462428378751213,0.8726483163231878,0.6306702848379997
719,0.4048646377026911,0.3824650437867117,0.39353551807105597,0.46907494742349887,0.3640081693948734,0.3572587473923723,0.3527096649195568,0.3598486052478456,0.36310674868017767,0.4116002217040783,0.43219347077419823,0.7938970940841872,0.4362109603968299,0.4290151083822219,0.4495308431373039,0.8802665260294096,0.42406543675982694,0.5431382016286858,0.5169202446614672,0.5699903309453649,0.586255933604943,0.586255933604943,0.7708591839503997,0.7920613319960598,0.5504657091868869
720,0.42706765033145255,0.3829683071049313,0.4045281758931129,0.48365308709816324,0.3786234462183078,0.3520673599349649,0.3499592022082934,0.3600601004248369,0.3684004841370732,0.43586843766198835,0.4652709306749605,0.8651041795812646,0.4579899684026453,0.4409379299521237,0.4592393130713765,0.9045102675104459,0.4539674710447438,0.6034075856025528,0.5733632591666,0.6037018420243271,0.6252860739667746,0.6252860739667746,0.8201500209501841,0.8622758159293519,0.5893605343081582
721,0.42057092306376737,0.39586762697969763,0.40808446133234255,0.5026664871355606,0.39226880282665694,0.3760733396549773,0.3763032420489194,0.3765815699527669,0.3906069968621578,0.4604831884004814,0.454897437556621,0.7949789474658079,0.46229108269379454,0.46308104011104384,0.44309079742340934,0.8678928410587365,0.43855378644560267,0.5979828312854374,0.5831581044135242,0.5765594584372455,0.6308912269203893,0.6308912269203893,0.77739356078039,0.7931445586014603,0.5846890522265601
722,0.43328831744874613,0.4085661832431015,0.42036514130472874,0.5213985033795153,0.41011008334818044,0.4013352031284566,0.4009998311807039,0.3962863655151217,0.41181406328799036,0.49046089861934017,0.5175887241827573,0.8490368943378523,0.5051287706230725,0.4962360973954511,0.50312915038203,0.9162964823619132,0.49588987205597124,0.6469323598555567,0.6500450398628473,0.6333492178381791,0.674804657234308,0.674804657234308,0.8472793604328905,0.8464768137301065,0.645074225999499
723,0.39216233213017315,0.38395872204196646,0.3849419126328369,0.48014792898390285,0.3819827125178406,0.37137503495490354,0.3703196555107256,0.3757155434107933,0.37905330801841247,0.41665866070397783,0.43168021382110255,0.7758014227714765,0.4337167337551777,0.42785831060195323,0.4381802674446355,0.8597003604477367,0.42179486434006136,0.5325252288184661,0.5191457916872004,0.5746561072774325,0.5746780164696639,0.5746780164696639,0.7282673191375398,0.7741994442403536,0.5341919335816654
724,0.38211834708747644,0.3930085704523394,0.3825350583336949,0.4798026884090863,0.3710462797093789,0.36658789321560714,0.3658194207039169,0.36915325845521957,0.3720882205143517,0.4238890591482508,0.4626289760251498,0.8515135855027647,0.4435863335774734,0.4378061968553497,0.4706286846985395,0.9371935871415223,0.4476210898797738,0.5842419399184122,0.5795167531799614,0.5916871755956125,0.6163871322471725,0.6163871322471725,0.8040190385830432,0.8488895332749151,0.5859373779129293
725,0.38795443506883154,0.3820640560257364,0.3774934607416269,0.46530554152940745,0.3821483103716191,0.36072774153307985,0.3615065189195335,0.3611964167553446,0.37531766284474577,0.4294031874278275,0.4810899536570809,0.8597555704980369,0.4514296671073918,0.44999959509982584,0.4824206918267654,0.9240603449782641,0.45981494317282784,0.5930214849339498,0.5818124168482285,0.6094775066605415,0.6327180257114389,0.6327180257114389,0.829523668251368,0.8570117695483745,0.5893480605937093
726,0.3600756388233064,0.37947546986719927,0.36230226458020337,0.4714453697523528,0.37635868683965545,0.37108179656264284,0.3711329125755116,0.37161818883233033,0.37523402552037755,0.4191643810558929,0.47489546916294634,0.8971619764883849,0.4380238924724127,0.4410640308310153,0.4759373983053587,0.9985469615413722,0.4654417046519786,0.6105313553531551,0.5982288759107044,0.6639662328242969,0.6468360450535586,0.6468360450535586,0.8660210104842438,0.8938129500386447,0.6311739371728717
727,0.4000788332597351,0.3939890767476297,0.3953321678459113,0.509138550928642,0.3942280538812975,0.3796596494771564,0.381723879855132,0.38443501227777876,0.38993028929455054,0.4482740592533655,0.46033508017058133,0.8201038549837644,0.4502173107589889,0.4446400998952801,0.44878054880672197,0.8855670026371514,0.44558092425747264,0.5905458310675994,0.5882069127208462,0.59467207163757,0.6180567903294452,0.6180567903294452,0.7753936467447966,0.8177907221855735,0.5882943522233366
728,0.4211702191194575,0.40604866722378247,0.4088811281779349,0.5263475995888817,0.4147717735862368,0.39429008973834,0.39277177557368853,0.39491406368057735,0.41985277675335964,0.4742797397132642,0.4990544166668199,0.8721601010706165,0.48015470394332843,0.46640719311015083,0.48461596392529943,0.9333850173075469,0.486711351198173,0.6414961757572207,0.6270112390560234,0.6333535554619091,0.6554089924611692,0.6554089924611692,0.8528553914116214,0.8692760568042657,0.6312370411672501
729,0.42108123516297946,0.3890727024249082,0.40602817878383934,0.49110136886244116,0.4056298656932717,0.3779149957005093,0.375019382565457,0.37844846278916944,0.39710307294057756,0.45617338068884494,0.4926639783979455,0.8345297198790874,0.4859789277204972,0.4668878115652679,0.4836278436051404,0.8769248326316043,0.46432818507129286,0.6088907621557387,0.5915622743377464,0.6097946117152407,0.6361112760842009,0.6361112760842009,0.8220330290504154,0.8321030755787306,0.6107707058336836
730,0.40897731427792194,0.38902460162350305,0.4049791526052358,0.5015805907787191,0.38300404776825175,0.37124796756072903,0.37661963632959866,0.3737230872137942,0.3861842348249277,0.44499504376299326,0.4869583984419694,0.8466226148585497,0.45669274192274384,0.4460432406160965,0.47564912898538597,0.9295627635972356,0.4659256234142086,0.6028634735404267,0.6114057642363281,0.5728145158312261,0.6342750578378579,0.6342750578378579,0.7711895007318256,0.8440365845864309,0.5973308605853864
731,0.4263339239880652,0.40297158600417105,0.4059659315748476,0.5031336792644263,0.3985797065136421,0.3864700773793928,0.3819836925764129,0.3847647299450971,0.39582906785058264,0.45458338734579373,0.4816921960127836,0.8376840801887053,0.4876099237261965,0.4698316054882737,0.4915088047556027,0.9162964823619132,0.4706544798112901,0.6003022459783116,0.583452435569369,0.6298251534775071,0.6381546995652707,0.6381546995652707,0.8215745250464676,0.8352863504100501,0.5970128929335001
732,0.40602054830588646,0.39587523264957963,0.4101650621197022,0.4992105179835546,0.3795801902631467,0.3727868326312647,0.3744877302618169,0.36915325845521957,0.38447545052478804,0.4342059601753625,0.49020873477796395,0.8734134019177858,0.47039788279213296,0.44905633369248604,0.4955716142185236,0.9431603944505866,0.47169374249002816,0.6191892281756318,0.6081062205703607,0.6149486805842017,0.646216835805497,0.646216835805497,0.8542537490165408,0.8704383845825039,0.6270418891696163
733,0.44776036259158186,0.4044343959673454,0.43048188218872685,0.514615704837928,0.4033996810637879,0.3835963970659599,0.3790638412935735,0.38417241189441004,0.4127614602411913,0.47320044898298796,0.48019213217129036,0.8168023839086854,0.4912235973024808,0.4676328339096095,0.4711624962730299,0.8444733729262086,0.46268438005582885,0.6184822754294127,0.5973407645203895,0.5766065511288981,0.6407648662997576,0.6407648662997576,0.79023872681786,0.8147411657400155,0.5969032139548662
734,0.3995636591791581,0.38145573260974114,0.3949503152116622,0.4682219955493562,0.3654213786545641,0.35591700298670403,0.3580470743602083,0.3563591316140252,0.3683595663602537,0.4105869952904546,0.473685476291999,0.8590872130824011,0.44677534499512406,0.4311366781604299,0.4839486539151766,0.9564200335810215,0.45603931856560653,0.5725516766953718,0.5675724619390412,0.5859813506659441,0.6127633496120605,0.6127633496120605,0.7729786423251167,0.8563186229775814,0.5737435999093948
735,0.4063668490511086,0.3951983445089896,0.4029445011855984,0.4976060167132784,0.38359396895396974,0.3719746631642769,0.3719246350679754,0.37708024910740023,0.38420391227606987,0.4370812262761971,0.4503530724195298,0.8396682992479733,0.4435578319625805,0.43400130311540225,0.44838339666775434,0.9073039089879984,0.4393724653274166,0.5983299054193858,0.5760015191584795,0.6004049699513181,0.6237631523034896,0.6237631523034896,0.7978656506781872,0.8372090080008421,0.6011609187277942
736,0.3966142876201396,0.3743063856251812,0.3923141879077607,0.4688585082188721,0.35619731700314194,0.3532158592145739,0.3544327759436989,0.3536392683120955,0.35853384097630736,0.41619392460539856,0.4706928504093724,0.8867113517089236,0.439678116418329,0.43496809710219814,0.47483793159925963,1.0223952311778635,0.459615103196805,0.5958698394592091,0.5861309928968843,0.6180523065306937,0.626943558877409,0.626943558877409,0.824139854478907,0.8835546852164844,0.603018015784182
737,0.40840522781316924,0.3936263747875226,0.39404505150191044,0.48333467635869787,0.3745884802656017,0.3737360705194866,0.3692013890975568,0.37674398770538853,0.37304630135399647,0.43760611789105863,0.4596959833201342,0.8429182366605329,0.4541001116244155,0.45255394360402196,0.4676184806828063,0.9293396995735508,0.45271257050506336,0.5862302805034078,0.5651923312055245,0.6018818174555535,0.6211295685962323,0.6211295685962323,0.808975328824885,0.8404473417197758,0.5938448435096929
738,0.3643399680602272,0.3630810747479679,0.36491193057797977,0.46530554152940745,0.3660678732926797,0.3523043285385573,0.349555116004919,0.3487424272662702,0.36896713537261455,0.4436338352429289,0.5019858792709767,0.8778180490689023,0.4443939915550082,0.46520408970479454,0.48705830953160373,1.0364280151118133,0.47981376006400905,0.6390670266447107,0.6380302588924515,0.6490668990116276,0.66532890359724,0.66532890359724,0.8857010860963466,0.8748252796372843,0.6406548398214447
739,0.4181191589982805,0.38241533852999393,0.40570638255998953,0.4934494474193856,0.39333100296211926,0.36529241222254316,0.36811128627860595,0.3683047006544463,0.39612660052515836,0.4489469502794439,0.45386252871996513,0.8185063680069964,0.4467190141473635,0.4387092165561352,0.43560141102349004,0.8798396414828223,0.44479535519951546,0.5881955186904048,0.5703594815870203,0.5871955274606055,0.621847236836685,0.621847236836685,0.7792235618435951,0.8163903712914158,0.5955879804466128
740,0.4284370285532419,0.4103535029346303,0.4162435756085578,0.5036648551661516,0.39206449846009767,0.38645822402203744,0.387211742224815,0.39414190232109697,0.39040498870564533,0.42966900243157286,0.4207760539129222,0.782893063332806,0.4513551351378862,0.42582981320856766,0.42605113763792885,0.7908538752264824,0.41450054277271214,0.5431382016286858,0.5181311207508861,0.5351786365559722,0.5811504969500866,0.5811504969500866,0.7201024668094032,0.781305377570527,0.5504657091868869
741,0.4286434341238107,0.39363172007145053,0.41217789489190537,0.5002901464468914,0.38992788786848875,0.3663692493800159,0.36442180465888824,0.36406965531846813,0.38582589750732305,0.4682550934017193,0.47984048557804787,0.8249577758577444,0.47897730683725226,0.47279087777991874,0.46751166030024793,0.8600767325932607,0.4606246159057679,0.6210472051113173,0.6138393061248043,0.5723230414511209,0.6392911351635255,0.6392911351635255,0.8169411036716118,0.8226332858837782,0.6111532749440214
742,0.4195738006920623,0.4005278803342319,0.4165698397644746,0.4992105179835546,0.3859069181492147,0.38707049122245635,0.3887390979073673,0.385580047007717,0.38895728289246606,0.440647511476115,0.4825044331357723,0.8376840801887053,0.47260683325142205,0.45239739552921004,0.4884218704240711,0.8944901775347005,0.46362027332740574,0.5759277388479702,0.5922932060635023,0.5543598578179674,0.6168013095510547,0.6168013095510547,0.7849675370452022,0.8352863504100501,0.5860383281215353
743,0.37634729277600165,0.3689036841817866,0.37411934758384463,0.4688841755038287,0.3713565766355177,0.3421748120182102,0.3400991676434042,0.34258048482373993,0.3702390829224819,0.43263122356028577,0.48344509180302564,0.8750857418599775,0.4424867624535772,0.44598975478424174,0.46776732712835006,0.9658673376855489,0.46807858099422384,0.6303237789938982,0.6060275502343883,0.6461121396013764,0.652802531424182,0.652802531424182,0.8667095640181595,0.8721004406843695,0.6358651884264542
744,0.38750204570933666,0.35404331203073014,0.38242202255990665,0.455215299511403,0.3460388615049858,0.3253702018935538,0.3261439915312021,0.32570830211230184,0.34615068062130977,0.4168050907630697,0.4756322147995457,0.8712001711320162,0.43243837518549255,0.4330071728992581,0.4665104918324959,0.9958439550021664,0.45958684917153464,0.588412294169818,0.5783952929269821,0.6128412335072511,0.621284641786632,0.621284641786632,0.8094807228135357,0.8682277548689293,0.5904167670178678
745,0.41536640821924903,0.39301628223261825,0.3994856408328421,0.4976060167132784,0.38811550259025257,0.3684537628227193,0.3658272787877344,0.3689428425221121,0.3795451670462569,0.4510142352815489,0.4917870010311364,0.878041934278624,0.4780244826707092,0.4654886352579528,0.4918518782576168,0.9423331419813956,0.474127710864919,0.6375976440483988,0.6211247065618434,0.627700191210305,0.6565216646752315,0.6565216646752315,0.8484545462470566,0.8749419830906942,0.6285606728112616
746,0.3950799598246321,0.38595045619695906,0.38512201487053754,0.47511531980918636,0.37755137587402265,0.3657704877944153,0.36462287021487766,0.36628328051381853,0.37813259569548163,0.4330683688320506,0.49567784939720827,0.8846031853906287,0.4631947647934426,0.45214616878647085,0.4970911235543211,0.9683070466214557,0.4824000419982634,0.6061283496431094,0.5881937630223812,0.6297529147806387,0.6453361484192174,0.6453361484192174,0.8267004261387023,0.8815038945096783,0.6034687728163589
747,0.40273270516667653,0.4040414529370924,0.40239158974401956,0.5061966175838467,0.38886994662806207,0.3895151901338605,0.3899702814270489,0.3901310941349709,0.3893756298836023,0.4437053716014507,0.47124239683745184,0.8581426402068412,0.46541999473595386,0.4574602540612546,0.466629027552717,0.8994463647510096,0.4682549785263924,0.6193017744938527,0.5979075530570673,0.6118224187243702,0.6557153010902798,0.6557153010902798,0.8337699858805661,0.8554218276084767,0.6123886275136204
748,0.39299067689162087,0.37430617787179776,0.38943252863856903,0.47132985003564853,0.36423642043326976,0.3509746082909508,0.34977456710387406,0.3475979861503449,0.36686353245854053,0.43428575130540187,0.49132409606630106,0.8697928143345551,0.45440981607659114,0.4515215146305358,0.4846650288100536,0.9710848087816085,0.4724720262697994,0.6315017737095335,0.606765281663455,0.6113551634525226,0.6529657441254344,0.6529657441254344,0.8549424916172048,0.8668577126132955,0.6294233116545542
749,0.4306751952528158,0.40751637658696827,0.40964117051118226,0.5159865090179266,0.41668899427354544,0.39167240791547236,0.3899792772847788,0.3899697452608044,0.405139875110993,0.4843255799091344,0.5225702598749317,0.8586065720922658,0.504433105418571,0.49051846158354306,0.5100229790525747,0.8899611329891242,0.5039610284785866,0.6467410646430376,0.6299281476179905,0.6193396839288307,0.6695595024756245,0.6695595024756245,0.833566197173206,0.8558445365591311,0.6241728772731246
750,0.4288535873771146,0.42007018318106787,0.42372015979350347,0.5203058279785775,0.4083918362352951,0.3898233790418825,0.4005876233030657,0.39629589056635334,0.4088611352326825,0.44427117311992265,0.40811524681627936,0.7382078564636462,0.44394550895907114,0.42619633809534624,0.39204932942598225,0.7236335432760947,0.4034727604229323,0.539728540913755,0.5407732416827092,0.5208886241235414,0.5694990064647559,0.5694990064647559,0.6863583966343574,0.737250919686108,0.5319896502996556
751,0.43074261054633345,0.4096748812592438,0.42133388698450114,0.5135348527099167,0.4055405834005212,0.3887490011472158,0.39150184539034716,0.3871032796190304,0.39990146471357424,0.4526792771778015,0.47733840739564093,0.8148788095114036,0.47292160244198184,0.4549006444157165,0.47809222395759576,0.8849599665371604,0.46588564622403733,0.5975426485152845,0.5763092068981402,0.596944912581475,0.6283657646386687,0.6283657646386687,0.7709327802893665,0.8127030722065837,0.5889419950280878
752,0.45566731025540463,0.4199528855782901,0.43645402226948954,0.5239179087222295,0.40258593843428836,0.3916194184664605,0.3920316746563613,0.3946555487699819,0.40375399510465876,0.45385821596250664,0.4601545791511988,0.8080197478093645,0.48228403047521007,0.4519627298296678,0.4706741702332535,0.8616934826655175,0.44738048728963875,0.5688948467528101,0.5724816345851531,0.5557309416916565,0.6045031718057617,0.6045031718057617,0.748522827960788,0.8060514584001437,0.5624185075635065
753,0.4078412199504829,0.3720291636958946,0.39775307015695865,0.4863337845489745,0.35778109387460355,0.3457786110862976,0.3430709085274562,0.3423687680023156,0.35518002852142455,0.4404522603964617,0.5026117775561353,0.8833829117496205,0.46977934750729605,0.45719367221446416,0.4967151146010084,1.0014547411706247,0.48080192509292813,0.6654212218292825,0.6272637980279206,0.6182729250483296,0.6613268764921381,0.6613268764921381,0.8877043493518157,0.8801939416867581,0.6632752379947265
754,0.3914306136933739,0.38595045619695906,0.3828601858977048,0.4691338173068226,0.3805845656383278,0.36955860493625114,0.36668343531498077,0.36807700195563187,0.37924891117417797,0.44376996743278413,0.4936568908689502,0.852863348792584,0.4606987700025271,0.46082151177284203,0.49240688500351276,0.9483562224046452,0.4815384104056817,0.5957113364029984,0.5760015191584795,0.6140618759684386,0.6402367851498919,0.6402367851498919,0.8064673418110165,0.8500708025667946,0.6005645518939237
755,0.4196687597108384,0.40239564569532876,0.40745940856143076,0.5045777018548421,0.39204091487488063,0.37277911568306515,0.3737347292954697,0.3760133587989521,0.39271390280111446,0.43410584171963856,0.4536802234909083,0.8337569113329246,0.4552976473386926,0.4396474729273222,0.4557127229889018,0.8948240903913012,0.4541864393638576,0.6029936588220812,0.5682867934329722,0.6165851669763874,0.6299033866063409,0.6299033866063409,0.8002124812870925,0.8313966808475072,0.5956404115419232
756,0.3948827259530463,0.3678399062269216,0.3814890153438457,0.45654028754215953,0.3558885070113324,0.3437418949780014,0.3389724996077603,0.344128187765923,0.3576940240056969,0.43570787255505533,0.4764610032034704,0.8897862927199505,0.44394550895907114,0.4539749569206915,0.46904387656584895,0.9956264826301758,0.46704055263785915,0.6361548686209106,0.5935142948644386,0.6357021070009413,0.6626627791513552,0.6626627791513552,0.8621073333049148,0.8866196875520548,0.6384751333224243
757,0.45080840056077676,0.42518860002273345,0.4362928621623866,0.5364210242563326,0.41438994493432363,0.4123800432586554,0.41085886108206177,0.41779357381988624,0.41158389704051707,0.4730066648799415,0.4671725448802753,0.8730021563960507,0.48630963669526,0.47333529257758505,0.4706741702332535,0.8983306385680627,0.4513313272980814,0.6191892281756318,0.6204606256896561,0.6153914671889459,0.6504341363992546,0.6504341363992546,0.8325054165820696,0.870059192878238,0.622899196756645
758,0.42529911862828984,0.41002793873536497,0.42064487940820505,0.517539515883051,0.4042413113215257,0.3917355371318702,0.3918766438615525,0.3923553076255474,0.41144266815256814,0.4527485512402405,0.46848864852136163,0.8327710489271087,0.4725394255105566,0.45396727917921004,0.4662277070509736,0.8840412515213669,0.4663290367907109,0.6036572337024402,0.5835386997449827,0.6147898792739502,0.6464932597073256,0.6464932597073256,0.781489833247799,0.8304095050816036,0.5950324869784405
759,0.4257455677892509,0.3830560405489236,0.41450739618211657,0.49453495244082646,0.37406530444532277,0.3568061189903552,0.3562377054995836,0.3551759220307141,0.3706419787871154,0.4458903551075024,0.4862947331957662,0.8627537169505568,0.47586232303480064,0.45189355170078566,0.48082502104793523,0.9372599341927462,0.46725257385124136,0.6323514663111843,0.6035861599029051,0.5971312296652573,0.6519806403810513,0.6519806403810513,0.8372243649421751,0.8599681372302275,0.626452874185464
760,0.4050955998077749,0.4000320278166723,0.3870577831340634,0.48568838728346847,0.3858991237049919,0.3701375697787439,0.3654240519924332,0.37517776879655784,0.3760554935961406,0.44484773265075167,0.4819221665815797,0.8733157441236786,0.47288832661635677,0.4710630407961012,0.48692433656428136,0.9240603449782641,0.46759499289876616,0.6342606322307438,0.6007308424015555,0.6239573192329743,0.6649869558191134,0.6649869558191134,0.844840075387574,0.8703678554390687,0.6147144624545546
761,0.41968555716876765,0.4096748812592438,0.40711282680063676,0.5204023543975496,0.41136409747612157,0.39439058318676967,0.39754163071535764,0.39722298289095936,0.40466638253876636,0.4771857988574876,0.5042232767899634,0.8746048134326407,0.48603037745106764,0.48201739328242715,0.4910594495297456,0.8910350860458325,0.4791106815145832,0.6452197465191787,0.6740451864297738,0.5926882617583089,0.6683478998235125,0.6683478998235125,0.844840075387574,0.8715574127334356,0.6347961091409973
762,0.42108123516297946,0.4063426343689139,0.4149493836302618,0.5093225053823124,0.3929492146042735,0.3753187703535726,0.3794480591020642,0.37375668297858367,0.38635849430767416,0.46622792796408025,0.491561198839084,0.8627537169505568,0.4854344549968737,0.4772954767559714,0.47991992925494564,0.8789750030846786,0.4723861806605512,0.6670972128273708,0.6270473371890983,0.601847045710028,0.7145918540542878,0.7145918540542878,0.8215745250464676,0.8599681372302275,0.6350422740418159
763,0.4017029687049481,0.38976454235937746,0.3883137795481997,0.4884655624892181,0.38359396895396974,0.36630085784537625,0.36365920909036636,0.3689428425221121,0.37135730704585485,0.44738860819983545,0.49136015018592377,0.8971619764883849,0.4670690106025292,0.46531396959115146,0.4870903239865083,0.9710848087816085,0.4703229604552737,0.6438236320019141,0.6203906911734061,0.6453440044913493,0.664758236179762,0.664758236179762,0.8791273870883698,0.8938129500386447,0.6219012952521281
764,0.41151016227413234,0.3940814529644616,0.39850734489182044,0.4903751683055525,0.38580263166666356,0.3681177413380707,0.37105836782538903,0.3686228485461126,0.38425131345475516,0.44721892983666806,0.44841277070756147,0.8068049371237735,0.4469270056375542,0.45039554919502833,0.44090408008810444,0.871284213087977,0.43793240748397966,0.5833300170605049,0.5764821023559019,0.5668170621636348,0.6156518666779904,0.6156518666779904,0.7691874058748375,0.8047238068592782,0.5782958208046087
765,0.3998974289560944,0.39897617515204375,0.39760656329520006,0.5010140238811654,0.3930905490087252,0.38746575068842426,0.38770085676179106,0.38361583929986004,0.39327981857778443,0.459331773448298,0.4954018643983271,0.8747900892343803,0.4702685794088945,0.46792667902846813,0.48918195112198914,0.9499720429389263,0.4811174912821845,0.6248204189187392,0.631960487291504,0.6162814314778043,0.6529657441254344,0.6529657441254344,0.8563056455596254,0.8718083555322508,0.6314319673669024
766,0.3963527499583323,0.39115212712472847,0.3952283487794133,0.48516494977482394,0.3798923393376276,0.3713435147256103,0.36744411834593366,0.3718764235626895,0.3771565874472313,0.4411446793812261,0.46128298420690117,0.7992569655134146,0.46193307206341694,0.4528324202057056,0.46068829825041024,0.863086771051321,0.44535667810688784,0.5825373387737646,0.5500071845682514,0.5851272855972364,0.6366606057465679,0.6366606057465679,0.764338041529444,0.7973175317923294,0.5692792830104046
767,0.4546640721624637,0.4282581437521271,0.42701312660950325,0.5339873021276905,0.4178087356462524,0.4093889463900733,0.40831145971839666,0.4127307228760318,0.4090031714344669,0.4957495366876725,0.4982733374986661,0.8757217409505555,0.5032965909610557,0.5016972017622402,0.4979504049561851,0.8981485616981182,0.4791220871251491,0.6369496538793,0.6515752120854823,0.5974874856934133,0.664885196349049,0.664885196349049,0.8300553353374523,0.8727735219556383,0.6183448821568486
768,0.4010264277021382,0.37721830292638486,0.3919138850420148,0.47394179585745416,0.37357908302976406,0.36675654059048707,0.36717367571611365,0.3672714037903224,0.37654252997312737,0.4226554937924015,0.47440896187117004,0.8362608428984264,0.45539094768412325,0.4383612237443806,0.4709719393861117,0.8954648811512403,0.4663290367907109,0.5611183455749057,0.5565632942803994,0.5751754064712706,0.6006340100828215,0.6006340100828215,0.7498764431514823,0.8338229853754868,0.5708699462115236
769,0.4078437200813086,0.3784561723255403,0.3982242409315042,0.48490547213682483,0.3867326018758557,0.3786022765433853,0.37360058299302606,0.38311785691385497,0.3830834572280437,0.43800275245446835,0.46375393927144687,0.8169594512511468,0.4568601514656919,0.44390198070012105,0.45235410830280315,0.8564879612778779,0.4584233511746259,0.5637605917718681,0.5443418777883985,0.5968865723683154,0.6049278063741916,0.6049278063741916,0.772445975493636,0.8147848413583719,0.5653279972750123
770,0.41392342512473396,0.39041043417975085,0.39656881815484407,0.4802046962941947,0.3950295444812939,0.3818251114432886,0.3797559775593357,0.38700344329199027,0.39604903320738194,0.4435690414452441,0.43865668123175655,0.8258813093137654,0.4402957432769164,0.4417786584094476,0.4345624630900625,0.871284213087977,0.4311423228416176,0.5817224465590998,0.5609476204147565,0.5818431577794458,0.6109894657161968,0.6109894657161968,0.7944930407683534,0.8234968563496108,0.5900578532819776
771,0.4366121431027115,0.41238237112039977,0.4125756826221252,0.5161328296800964,0.410970657641408,0.38651055632646036,0.3842935424648284,0.3871032796190304,0.4088544821487755,0.4729093307810666,0.4948802478948829,0.8654173466629519,0.496869955068154,0.48159563360901386,0.4974937424786079,0.9239865336118628,0.47601561489358674,0.6465388626751298,0.6248262901114974,0.6274928975605659,0.6749700557376705,0.6749700557376705,0.8300553353374523,0.8625897174474261,0.6183448821568486
772,0.3930926130997728,0.37217150415104416,0.3873715038264264,0.4683056838452577,0.37570970563856215,0.36285704577189776,0.36178891721766004,0.35951953562007605,0.3744762201538085,0.44239909906339986,0.49570082853014696,0.8865304854394979,0.45706531737664496,0.4603776744715411,0.4846650288100536,0.9688536432547132,0.471606365516812,0.6224887383382101,0.617115341361241,0.6389229714372824,0.6462924731192483,0.6462924731192483,0.8613188179686999,0.8834016417033216,0.6336444709943134
773,0.3953141590176454,0.3779931381952453,0.39363372898879634,0.47220698992581267,0.37132652536884425,0.35711590752479094,0.354368997862926,0.35754973950507535,0.37183426364775374,0.42546113978963507,0.4453083256870716,0.8180368590228537,0.4329972519256391,0.4372524343644234,0.44731281717238075,0.9059555488446486,0.4360357043699393,0.5928487181393749,0.5613078525575668,0.6117090754952434,0.6329067121733596,0.6329067121733596,0.803952949050599,0.8158203639488497,0.5889419950280878
774,0.43433021740791955,0.37808208635949414,0.4319650580339208,0.5024297909716487,0.3761470733623458,0.36395462742227863,0.3636257734496675,0.35398955346679806,0.38380552717397287,0.463323978308132,0.5185330682483288,0.8245381158957373,0.49238260574832293,0.4681643967717464,0.5013272232695245,0.9211032041676284,0.4835016484593508,0.6296345973702454,0.6284846419315306,0.5808244355745571,0.6316624222137037,0.6316624222137037,0.8185989697584678,0.8222699028343031,0.6263005032593408
775,0.41204646507981096,0.39301628223261825,0.40287548523609595,0.4990605787332371,0.3761922757312367,0.3602064777297479,0.3598315671782061,0.3558693664213452,0.37456146998901585,0.4563471250445995,0.5195627250848487,0.8959285550366495,0.4838344005219818,0.4753511739857103,0.513896725925674,0.9627901740447687,0.4967645002313732,0.6760433968763617,0.6485888404985277,0.6272009294968021,0.6814293846505566,0.6814293846505566,0.894870579813578,0.8925847765474852,0.6653934828164493
776,0.4227044389914846,0.4083501997427206,0.40991397692308656,0.5027637314426299,0.39479047554483726,0.3840765475329597,0.3816997754761759,0.3868885972167819,0.3904247206585629,0.4441383410630101,0.46759996743418675,0.8239382772616641,0.47251489092700943,0.4541748736625593,0.47990318921002617,0.8893207970621954,0.44879557959182914,0.5806859920603561,0.5700971972273198,0.5916871755956125,0.6184362282658968,0.6184362282658968,0.79087441835121,0.8217795361784093,0.5792635983737202
777,0.3955946632670348,0.3779931381952453,0.393977828315742,0.48660072049335445,0.37454260447813664,0.36085567149799425,0.3624102707152412,0.35917640985506405,0.37194886781567255,0.45444195214146593,0.49500658551394605,0.8432923604527577,0.4577125229651514,0.4629278540340301,0.47694431067729,0.9166266041221571,0.4750485214428807,0.6013030385964612,0.6127338580664924,0.591350782334268,0.6362664374165599,0.6362664374165599,0.7923245083325626,0.8406498227107239,0.5942977331507815
778,0.4023166892325364,0.39526075142105915,0.39079880510611015,0.4853241344777549,0.38755581942012884,0.3656638737206231,0.362858390286441,0.36414169733663426,0.3929070319585373,0.4422311402635955,0.5046930608314828,0.8151366103367153,0.47773723847375954,0.45874908098486505,0.5115909691000031,0.8730534478997175,0.4842545628709999,0.5855545294226618,0.586685273833853,0.5670941813268511,0.6230366850907368,0.6230366850907368,0.7642079083295803,0.8130543452953732,0.5777710483888344
779,0.4310972950063581,0.41071337920024614,0.42112622509154507,0.5151074162329395,0.3999063558752195,0.40355059321410297,0.4072557735097276,0.39964605929904823,0.4021417004695069,0.4757803116314981,0.519714112468291,0.8741198550891648,0.4875936336642695,0.48437026144719,0.5162570056273144,0.9553852752526203,0.5002657340943865,0.6306053592168203,0.6457172158439498,0.6022221636881454,0.6660456752208784,0.6660456752208784,0.8301914102278739,0.8711422366443884,0.631932941167256
780,0.41225725583518963,0.38971378933309836,0.40372538455355406,0.48449551859186507,0.38261723262517944,0.37245224087427675,0.37324438114338915,0.37489139485733863,0.37740948766667887,0.42985994232119873,0.46261531363029496,0.8366082297981978,0.4505272033378918,0.44101422355362513,0.4706286846985395,0.911336570923432,0.44463669027961983,0.565247770916897,0.5617212608407505,0.599113420820512,0.6095595383435629,0.6095595383435629,0.76998965635783,0.8341327055111022,0.5660324125694985
781,0.42786094868787083,0.4037719460203248,0.4190428059164943,0.5047310822016662,0.383637969123603,0.37876339100402606,0.3793825186568429,0.38684045097685543,0.37913321778542386,0.4214184792479742,0.42099364145322415,0.7968700757322783,0.4445806472134045,0.4212695756663542,0.42719157396128304,0.8501360283275741,0.4175740882748019,0.5514302884329639,0.5261893273024931,0.5764226007323585,0.5785187400881437,0.5785187400881437,0.7399012531368996,0.7951123185688236,0.5473339429675482
782,0.43244254387195974,0.39571234569527547,0.4256146400284559,0.5012182044829473,0.3909354319500989,0.38448491007402125,0.3861444055134197,0.3830054938983983,0.39359635447697033,0.44777589586550315,0.4715486888203444,0.8515135855027647,0.4690468438930792,0.4505143928304591,0.47375484857662775,0.9035360259346699,0.4500412786794036,0.5832224956901425,0.5889833866600006,0.5968245122382861,0.6199911705224861,0.6199911705224861,0.7981167990889567,0.8488895332749151,0.5916234797726321
783,0.4130118602541206,0.38806295112834743,0.4040870206958968,0.48411570230888556,0.3795142903641043,0.3739192742122509,0.375019382565457,0.372513291111454,0.37823429360203936,0.4384409823861421,0.4709433082865496,0.8366082297981978,0.46137600079525876,0.4534074649636463,0.4676075088083846,0.8805599083619767,0.4583322360288942,0.5887749717604984,0.5769564596511915,0.5800870417006023,0.624602311129495,0.624602311129495,0.7785240389239445,0.8341327055111022,0.5895361293435135
784,0.41932632845311235,0.41616154280425266,0.420901004301704,0.5153669757876784,0.39405069781862173,0.40186980991762655,0.4043120074844094,0.40536295367077985,0.39176936696026377,0.4443242660718022,0.4449758053959699,0.856098302685696,0.44718592182451994,0.4461371301868163,0.45133490940770377,0.891701140551879,0.43253657052885924,0.586912280243285,0.5930715004185481,0.5983592172735879,0.6198347329070583,0.6198347329070583,0.8376390678651715,0.8533768332050247,0.5902886417902466
785,0.3809745063287291,0.3834425376718371,0.37015928717658064,0.471484269160447,0.39051555028794,0.3669446319712558,0.3617964750900426,0.3674612811407147,0.38503433894132355,0.45526433209036915,0.5095255309812259,0.8959112683984722,0.47300557494520906,0.475301584784536,0.4982405492392859,0.9681485919749953,0.48748659128941696,0.6512066509122446,0.6277267326552942,0.6536873674481146,0.6814140307533162,0.6814140307533162,0.8791237494761375,0.8925790666750592,0.6425694171686726
786,0.370187218409034,0.3705377975736929,0.37342478962236947,0.4592976526135007,0.36756155684244946,0.3584379541448354,0.35351350243686114,0.35698822049791534,0.37183426364775374,0.43793022012469596,0.45481412297900004,0.8294326951135801,0.4297538330731891,0.45179520238959814,0.4447755056314784,0.9546121600248362,0.4431826585687971,0.6141512581222304,0.571229139770313,0.6376001896443869,0.6570420680140387,0.6570420680140387,0.8340400616943069,0.8271407420543017,0.615927549226149
787,0.4256594856111644,0.4127042516238943,0.4141074949667389,0.526164091898761,0.41695503863346606,0.40055385964247875,0.4042851179085414,0.3989594568775208,0.411302279345818,0.49169784529019067,0.5211345282101092,0.8617779547957312,0.500326044813707,0.5013597136364699,0.5024599375113151,0.9066288636905527,0.49254455202561287,0.6597567292609826,0.6672002740390371,0.6167901800055675,0.6814140307533162,0.6814140307533162,0.8372243649421751,0.8589660318376777,0.641212397186173
788,0.4115378138738167,0.3882395817073522,0.3986709939766618,0.505526924268634,0.38571851146451774,0.37385796862061454,0.36932067636252797,0.36960058437353444,0.3894220880824269,0.47439789076285477,0.5107480136202347,0.8867113517089236,0.48826260649579395,0.488666668015517,0.4959484856734342,0.9907479496629996,0.4975797501354771,0.6888054769866834,0.6611421939329609,0.6362229030905865,0.6989584066720389,0.6989584066720389,0.8988904079808465,0.8835546852164844,0.6732844939370222
789,0.42057092306376737,0.3945705695601339,0.4018941316260182,0.49556137057813227,0.3931994273239584,0.37510565065094786,0.37255639445217575,0.3777853465680328,0.38373700569863634,0.44558981536455133,0.483245248647405,0.8586065720922658,0.47232112846291857,0.4591173401376835,0.4842530331839575,0.9339060207107466,0.47036650506968375,0.6201463079176287,0.5875091072227383,0.627700191210305,0.6436399303161366,0.6436399303161366,0.8211863312920119,0.8558445365591311,0.6151823598991771
790,0.4262216879215477,0.42638962890149457,0.4040870206958968,0.525663039163267,0.41995814785629887,0.39443668891656997,0.39906041000407827,0.39505714279437393,0.40398468174784324,0.4935341255457311,0.4906975660172431,0.8525960172413496,0.5047114113185054,0.5140154744632077,0.4791101908074122,0.8673401774017614,0.47457744822377373,0.6599218708119232,0.6469809670783362,0.605081633823583,0.6937420656816883,0.6937420656816883,0.8180682503642164,0.8499135301734805,0.6334444552610123
791,0.4126658955946823,0.39587523264957963,0.4017516342115075,0.49861648698053546,0.38866817504501805,0.3849652774805747,0.38244328423361845,0.37927314802107065,0.3888833255331666,0.4562247451352906,0.54579297970055,0.94326683629917,0.501366597559245,0.48391525439264776,0.5462481218903235,1.049130504823366,0.5260969846113448,0.6886369256978064,0.6595630703564456,0.6827816064946944,0.6961597560261727,0.6961597560261727,0.9874934730984162,0.9392734812368584,0.680274113293314
792,0.3909596271758052,0.36904588993388837,0.39106002978393456,0.4753783647242429,0.36852123699959993,0.36186720967759634,0.36244568365030366,0.3605110536861672,0.3734213479496795,0.4254931464966328,0.4864848686266581,0.8691477447200952,0.4517842163538872,0.4427037040711413,0.48090152450703627,0.9887794751936753,0.4663255425769647,0.58372801711261,0.6083808651723274,0.6084955750974618,0.6121686486063318,0.6121686486063318,0.8134265729314356,0.8662786371884882,0.5909291912851868
793,0.41562904131649836,0.39089817386623305,0.40784634400160635,0.504291237004852,0.3930514063760458,0.3788237010359828,0.3795951072247585,0.37691922038176123,0.39313761707739026,0.45447869550668857,0.4782643799926866,0.8510246392548847,0.47215565936097986,0.4599339804381574,0.46755833196333574,0.9116602921289007,0.4615075453277553,0.6267453812187003,0.6160180624379514,0.6166890195089385,0.651755174973934,0.651755174973934,0.8719717804424849,0.8484564277739511,0.6351738822128625
794,0.402599537578642,0.3754851637402896,0.3956125040411418,0.476863491911088,0.3734002415914166,0.36840039744425074,0.3676953597426009,0.3689320621055988,0.37422363949834175,0.4430316475898141,0.47871691764791297,0.8454475057863493,0.4566902060512732,0.4571884902462519,0.462751701706077,0.9239392867796451,0.4628312163810797,0.5970717336519117,0.5845078219517662,0.5983886770432792,0.6297447669070324,0.6297447669070324,0.7982798992032679,0.8429243030681256,0.5957935763828986
795,0.41367938330071913,0.38525491401935374,0.400147642137666,0.48693590886155047,0.38181217431876663,0.373548313978054,0.3728903882195225,0.37209808660456345,0.3801733680374422,0.46113677847050055,0.5157299237044819,0.9047761987918816,0.48630963669526,0.48220814434595666,0.5014842990782797,0.974191759772042,0.49669272461856606,0.659143039463443,0.6347930278118533,0.6392548864150848,0.6933791705935217,0.6933791705935217,0.8699824829242833,0.9014426276863091,0.6439751729958272
796,0.3987651404404734,0.3998603613584419,0.38764009391847626,0.49644907771482555,0.3969272788056355,0.37794244450147363,0.37518120206440436,0.3826072150250208,0.3953737798799083,0.43764578206822013,0.4699371265627197,0.854793586960408,0.46464520715927204,0.45416852615121817,0.47299858714267934,0.9167545860565405,0.45860404863972287,0.6289872258213816,0.6005639173517981,0.6307995820619413,0.6548955883149306,0.6548955883149306,0.8313373526709853,0.8521008806452084,0.6229394280751628
797,0.42043605592677585,0.39301628223261825,0.40412970676867516,0.4990605787332371,0.37852179297201616,0.3573288133570671,0.35485945207093084,0.3555378172747257,0.3721792665853248,0.4599618914976321,0.5066284340084574,0.9016621843127354,0.48696681855444207,0.4790780454869715,0.5023475540055399,0.9816394915957376,0.4921552628455643,0.6938587192096678,0.641959429087309,0.6431743436232314,0.7134358260754026,0.7134358260754026,0.8766455541000819,0.898249568688356,0.662955938768466
798,0.42637136782548174,0.392391122348847,0.4147601901424949,0.5024297909716487,0.3903054947778519,0.36894972343550314,0.36898144267897526,0.3789912237273978,0.38386185804205364,0.4339934858848927,0.4525845315654383,0.8235054612652603,0.45779701870023176,0.4305700158003535,0.44566030235526893,0.8393900051572029,0.439456388845981,0.5759939607897874,0.564766735974382,0.5833502073119852,0.5960707185593472,0.5960707185593472,0.7566023463500411,0.8212837303418011,0.574073500212205
799,0.41270552883155476,0.3843327624092459,0.39406313296560613,0.48560026539912193,0.38196060637443663,0.3592267503170067,0.3583581626524335,0.36174574091298006,0.37543404389899776,0.4508440642721911,0.49092971460175916,0.8285659772261512,0.47480917921468996,0.46957671096128634,0.4826787867366263,0.8759124945171047,0.47652507247864356,0.6043727952160126,0.5870571826413566,0.5771993235417476,0.6527755601823176,0.6527755601823176,0.7711895007318256,0.8262086972996394,0.5846890522265601
800,0.41263921228700534,0.38936660238885873,0.4080249221380457,0.4976080444306103,0.38991088421726133,0.3672554335639871,0.3666588193082346,0.365665027909286,0.3954191194216579,0.45206522739014826,0.48385728421210444,0.7909275759837917,0.46725103583340244,0.45493684406035095,0.4770831695963479,0.8849599665371604,0.46042123580819294,0.5968728136557812,0.592870311334113,0.5753633008297094,0.6264477209088982,0.6264477209088982,0.764338041529444,0.7891258686346746,0.5893605343081582
801,0.4343824089876655,0.401074256388142,0.41686022738062206,0.5132900748953872,0.3936077946977261,0.38143710512206475,0.3822411996822379,0.3820006138698836,0.39126117165544677,0.4815342393877365,0.4912216326491271,0.8554299615977888,0.48295482559807906,0.48000289616677533,0.47656856306232886,0.9163585022048333,0.4777669840638755,0.640803150251549,0.6217014010759886,0.6017778113727643,0.6793761638375647,0.6793761638375647,0.813331203794745,0.8527659041694345,0.6234483327542599
802,0.4316509945468564,0.41616491942553757,0.4195018782368794,0.5286261159853692,0.41251881525733725,0.40468964471826446,0.40259666848988396,0.40117499701596443,0.4094097470618007,0.49908780846472817,0.5249298300312597,0.8301298244557063,0.5102731733157913,0.5018794893694335,0.5134985447017145,0.8953766289060827,0.5024362957088233,0.6328017731060601,0.6422274883798403,0.599113420820512,0.6693383857055931,0.6693383857055931,0.8001586040255164,0.827765024587199,0.6145627595181917
803,0.4177092760692911,0.402057958813624,0.4059011279278603,0.5090436084246945,0.38050787803399494,0.374054469308732,0.37688968804389833,0.3769606638266937,0.37668988474880377,0.45256876109289534,0.4755360421477779,0.8525960172413496,0.46635579621531814,0.4596376401593114,0.4697960074030985,0.919666985487087,0.46694884677370035,0.6283699609714806,0.6065468546358063,0.5817689481105285,0.6535005581380517,0.6535005581380517,0.7986505156752111,0.8499135301734805,0.6219012952521281
804,0.368226265123638,0.3779454335299091,0.3776559756683213,0.46800339821832454,0.36865684222269773,0.36173182003811016,0.36402935570948863,0.36220769743847736,0.3663963422207068,0.4226586229683324,0.44577877676401373,0.8202723438521733,0.43353144700907076,0.4372792945232868,0.4256559558779005,0.8631283540904554,0.4374553004201154,0.5850300044689987,0.5500858074836937,0.5924374596085086,0.6247095546419549,0.6247095546419549,0.7666931039392458,0.8181081802521833,0.5914943138647536
805,0.3928460822823621,0.3880322282948248,0.38666305226951375,0.4861284081412147,0.3801465609370155,0.37033622372177105,0.36997022810721825,0.3708424267863293,0.3770912897191827,0.438444600889548,0.4883334478100736,0.8806820281950126,0.46137600079525876,0.4625413825603767,0.4870903239865083,0.9658673376855489,0.47080336139741424,0.6246925969577728,0.6263746467230032,0.6295439240563793,0.6515933957505802,0.6515933957505802,0.8549424916172048,0.8776227777169952,0.6273399785799334
806,0.43959539137287484,0.3805429548037257,0.42361290961241616,0.4908528423077004,0.37970541476118175,0.3684312480106364,0.36956426972254425,0.3709382731374531,0.3825942862293268,0.4397746369553268,0.47454892917374114,0.7834768965061317,0.46723553949338054,0.4411614777003182,0.4641412703501677,0.8138587462554001,0.462391196058277,0.5342855899123785,0.5349839009730059,0.526961197216568,0.5814158390843012,0.5814158390843012,0.6792090818417833,0.7817924905707263,0.5236853929623988
807,0.4098693886788227,0.39974435494848926,0.39931904342851987,0.48915747880364946,0.393004833273366,0.3822628284834127,0.382374946124814,0.3828181173568402,0.3867675853162529,0.44806660219031635,0.505481652988425,0.8821853174549216,0.4760746259696506,0.4674631969047985,0.5061357751462726,0.938283618902154,0.4845047904353171,0.6277045980271608,0.61375411778928,0.6165996450751399,0.6599860277755756,0.6599860277755756,0.8719717804424849,0.8791122596071749,0.6203643777154918
808,0.4283557545544074,0.40881343318143715,0.41200621440375546,0.5062715278529062,0.39095515528010255,0.38177732780195217,0.3823256966153943,0.387180431662173,0.38381377683154816,0.44191965877995004,0.4630101392156436,0.8424234828494859,0.4702685794088945,0.45154147819620677,0.4684079752635786,0.9049823801223857,0.4545240036125225,0.599507482246792,0.5665029696997304,0.5993072924987711,0.6369430792923585,0.6369430792923585,0.7930638739086991,0.8399481160669514,0.5920786044920556
809,0.40650803288910814,0.39126907908074815,0.3962983589710558,0.4812517679861796,0.3837595474607935,0.37250298794987413,0.3722248202579044,0.3730267938671228,0.3844568429838763,0.4377234181920939,0.45124268963311837,0.8305507041708441,0.4490444235792802,0.4465380069138539,0.44973658055535726,0.8616934826655175,0.4425859869726754,0.5833300170605049,0.5793331719001756,0.5800870417006023,0.609746452415431,0.609746452415431,0.7831744188575426,0.8281519240313986,0.58620001801804
810,0.3929370116987919,0.3898874802518292,0.3779862988460434,0.4780567699127967,0.37969845656646767,0.36411061539880013,0.36312598179865846,0.3646142275790669,0.374040185024039,0.4399596688162333,0.5082729560784623,0.92770945959335,0.478310171304458,0.47479352279498827,0.5116499651479456,1.0185991756506723,0.4962576419161813,0.677561565305775,0.620189954476366,0.706792029380861,0.7097689641026517,0.7097689641026517,0.9210610549190414,0.9240007550865595,0.6628133890250544
811,0.4116735832497399,0.37989300394613723,0.40073368620114896,0.48806989061923767,0.38561983109109305,0.37075570193163077,0.3698195190167078,0.37128484287382746,0.39365946335923147,0.43855200559544405,0.4757772736499142,0.8108183527868962,0.4614522939824802,0.44587259390041356,0.4658332780752444,0.9045102675104459,0.46514247306230916,0.5869130229539627,0.566440089185293,0.5864852399758788,0.6205997668867683,0.6205997668867683,0.7658574505753459,0.8087579941653041,0.5853945533582195
812,0.3908723207263874,0.38207105500897204,0.3784735661918489,0.4863337845489745,0.3723876279502248,0.35763412371722036,0.3546018670978506,0.3620405103386092,0.36744543356807674,0.427055135304439,0.4783415031169198,0.8519143967979647,0.459891970297765,0.4537231783074614,0.475511033719094,0.9731162346394818,0.4759304683934313,0.6369496538793,0.5823293767564375,0.63885251510122,0.6606686710129194,0.6606686710129194,0.81882563476591,0.8492749590480067,0.6299816431562736
813,0.43841681358297563,0.42297627951029465,0.4287693849076222,0.5335730662865305,0.41856371333144743,0.411689072764005,0.415404607980936,0.4123790026939392,0.4173203951266357,0.4662066137475817,0.47195980709419444,0.831686852061502,0.479276001550976,0.4625141593671657,0.46518074662249875,0.8544277747137358,0.4765450742203475,0.594043692037712,0.583953889591125,0.6218463272930473,0.6342412292571847,0.6342412292571847,0.7741565231734131,0.8294051246235199,0.5917797096546209
814,0.42010829538321526,0.4010816851611223,0.4121914189797772,0.4999112282472623,0.4019992626095497,0.3914820414974117,0.3969049158979534,0.3942416188945109,0.40420742044010577,0.44266574974965767,0.44756874273564384,0.8124692278209668,0.45518058499472575,0.440661476310388,0.43853896118736463,0.8430882020114562,0.4393276152923942,0.5647276890306672,0.5574957572550157,0.5698937245385347,0.6029656136380728,0.6029656136380728,0.7412875011360008,0.8104284236164062,0.5759937994310994
815,0.4153681522303437,0.4014758024614289,0.3995645774177658,0.5130438285929094,0.4055405834005212,0.3870710388614466,0.3828331360754163,0.38254582843945867,0.39969209952916035,0.48691491416211913,0.5284181903480655,0.8900965986443463,0.49602480818352734,0.4948486952970947,0.517017027634896,0.9686392476969535,0.5145355511320869,0.6675906484420508,0.6606225657402537,0.6489711113045381,0.6899691600806979,0.6899691600806979,0.8789882111394648,0.8867286319700328,0.6639598684369024
816,0.4169309939132866,0.4078370218106989,0.40105414829677943,0.5135348527099167,0.41038517410476094,0.3821786632695757,0.3774673907826458,0.3827409986745389,0.3988620693713921,0.46564644143460954,0.5118873164063112,0.8403025073123349,0.501367815662394,0.48544891208369095,0.5061042419875791,0.8727457144822219,0.492600755483174,0.6484590795630599,0.6242326752552672,0.6199386852263927,0.6654913362882627,0.6654913362882627,0.8288083036989163,0.8378012355080511,0.6120001941405834
817,0.3832559334723169,0.36806303476308716,0.38294391723281296,0.45991151200900093,0.36305430299906755,0.347898668674747,0.35255790297029055,0.34829626782820466,0.36276400605826964,0.4158256149999548,0.45238354961543226,0.8285659772261512,0.42320937636184064,0.4287670781940933,0.44600055195910754,0.9286175580033271,0.43788057127138685,0.561186132031484,0.5578396862880904,0.5817689481105285,0.5984226082443836,0.5984226082443836,0.7591343134338614,0.8262086972996394,0.5638225247413947
818,0.3922418283801379,0.38776520991855074,0.38757928853901863,0.4941703730072791,0.3909319929978045,0.37397651269350646,0.3717728709373864,0.36983986665311086,0.38838003587878944,0.46642501287764754,0.5027909875654717,0.8707335233456589,0.4755167301939068,0.48243905055665226,0.4912938220314352,0.9712455852847779,0.4799512506600704,0.647756332353991,0.6364216071228933,0.6598695392558862,0.6702577294986256,0.6702577294986256,0.8697587992594135,0.867816358192518,0.6623755036212171
819,0.4360042765217126,0.40711485453194535,0.41588210317330143,0.49677876614340744,0.39168253440956446,0.3894083704707135,0.3849502161034583,0.3924246292572675,0.3946935455372739,0.4334747166450208,0.4631238405460454,0.8462911601558103,0.4768032963580758,0.45010796504536804,0.48040725267711837,0.9094236594627466,0.45948094628154423,0.5563500192328965,0.5474695135840968,0.6213133866570797,0.6116066462658623,0.6116066462658623,0.8042322170340678,0.8438469120024802,0.5724984589463048
820,0.40675643573177644,0.397525452982924,0.4071535251480661,0.49827308424769673,0.38785378036715146,0.37408969202035214,0.3790030989748885,0.3768662485503317,0.3910190974748019,0.42447301417785116,0.4416160618156156,0.8081354101034935,0.4435578319625805,0.4268886551807109,0.43861633258298804,0.8484164149204457,0.4327839356014723,0.5816509365530445,0.567857497253806,0.5700298924803358,0.6027544986229343,0.6027544986229343,0.7555712917663888,0.8061639504864236,0.5842740360975578
821,0.38780175321631954,0.376104721544966,0.381085348349083,0.45901508013328346,0.3612810946747174,0.3552398375671065,0.3503994039733156,0.35774194700498146,0.3585219959205171,0.41740856697299256,0.457555023651641,0.9200744776063667,0.44332349963613366,0.4433323828880172,0.4638821462516701,0.9887220303172317,0.4514069978414303,0.6254761574514216,0.580575275783118,0.6719739673337537,0.6688610444180937,0.6688610444180937,0.904120211950435,0.916364699533916,0.6253396544103913
822,0.42878615696472183,0.3958581385396469,0.416401551640333,0.5012182044829473,0.3939016132877248,0.3792402409329587,0.3795368742481687,0.3821947743013785,0.3971108897802692,0.45165876290232776,0.48504030100835155,0.8806717813093763,0.4680335370287194,0.45255394360402196,0.4799799391214582,0.9726987030313884,0.4677845342589891,0.6111452671661177,0.60201108380891,0.6331912462594532,0.6360790774073303,0.6360790774073303,0.824788153625336,0.8776213098632112,0.6111532749440214
823,0.39021669300613715,0.375523060500535,0.38991476603722575,0.4834758852829717,0.3595247729896226,0.36006341294439553,0.3591812167376888,0.36279329955595796,0.35751153843100275,0.43876656242731304,0.4576732928630167,0.8430785393927089,0.44333886455644633,0.4527584778970627,0.4400775813791789,0.8947042614950348,0.4523129722793639,0.6016835018290099,0.585062350832252,0.5835003491629013,0.6408872813204812,0.6408872813204812,0.8007380015283386,0.8406003237474312,0.6005049925420889
824,0.4121656108064123,0.37315732181019057,0.4095381752328349,0.47580876713554515,0.3666524045452062,0.3581687306092747,0.3608916262609537,0.3567209225305032,0.3640199314062058,0.4319550756222103,0.45882192193351573,0.8285659772261512,0.444287961288845,0.4380844853026846,0.44116597479408554,0.8805599083619767,0.43999169653186637,0.5795947489506368,0.5571248338133016,0.5729642150681136,0.6125271763208135,0.6125271763208135,0.7741565231734131,0.8262086972996394,0.5769979570283732
825,0.4109950553841478,0.3927896928176042,0.39793297904795316,0.5045425163164329,0.39886088412757503,0.3763806599018758,0.37409895504922686,0.37251794831680585,0.39981074800237676,0.4841160547109464,0.5063022210823297,0.8429182366605329,0.49432128661440816,0.49707274569815885,0.48360707291408855,0.9188598844526228,0.4820968099016569,0.6655504727726738,0.6469709676589386,0.6158416425727709,0.6814140307533162,0.6814140307533162,0.8482439801039909,0.8404473417197758,0.6385518188153143
826,0.405049862726663,0.3809069430681894,0.3893335773173542,0.46722092270584803,0.3691574692486932,0.36425697929123674,0.36277517654783625,0.3666012247574631,0.36844193505243966,0.4258655055668991,0.49494064853721853,0.8778180490689023,0.46233203906601716,0.4527792233746745,0.5002542187053928,0.9754242488482727,0.4792723849728694,0.5968728136557812,0.5773060621781066,0.6035031592455556,0.6411904327948599,0.6411904327948599,0.8055900784476209,0.8748252796372843,0.5942341489799012
827,0.38836259619111485,0.3715512123139852,0.3776434884086411,0.4516884971562367,0.3620636991010285,0.3567667802520584,0.35534960167947105,0.3572453934435514,0.3596281827674423,0.42511495964835133,0.47142422997774047,0.8991121700289527,0.44394550895907114,0.4495011229997092,0.4636249070664197,0.9633556993324786,0.4634682750514181,0.6018010659487047,0.581955341802459,0.6305691720243435,0.6320926271869494,0.6320926271869494,0.8550266697443325,0.895822365717567,0.6033226568374632
828,0.4174984957218363,0.3988606334824451,0.4142782858881075,0.4963342263138288,0.3855297504246754,0.3825781648837155,0.3832560486749474,0.37763793744292357,0.38212448859126996,0.45082662218741715,0.491367942929241,0.8340967167485358,0.49191077800264066,0.47415017221611094,0.48864516124797935,0.8709286062566157,0.4661818284079545,0.6132288316885749,0.593948679193745,0.5852804995958435,0.6469140600089835,0.6469140600089835,0.7939748309062915,0.8317209409013078,0.5969106320454095
829,0.42868258250397767,0.4005220229267197,0.4170617440844089,0.5102055216188197,0.3952099451928265,0.3836488006900854,0.38660218922546097,0.38190674783237966,0.40054301354949995,0.45614720332417996,0.49822478034502643,0.8401188081452949,0.4741476611716362,0.46027013742863326,0.4977743759587067,0.9339060207107466,0.4823732505383585,0.6061283496431094,0.6069098278192816,0.5955946005249448,0.6380100424130072,0.6380100424130072,0.7872945376427934,0.8376539515504029,0.6057201678946134
830,0.3933315766309713,0.3748489048888833,0.38001551530689803,0.4616731162948492,0.3541521482402551,0.3531947689932943,0.3503391800288223,0.353658503541831,0.3553373285905526,0.4247074384571941,0.48404816837244996,0.870791652319043,0.45017246130945193,0.45588489247589126,0.4880166099746682,1.0006591951465842,0.4717856674415805,0.6071677473086989,0.584500130566197,0.6144622580056085,0.6331995275524167,0.6331995275524167,0.811250060199005,0.867813915696065,0.614735861969416
831,0.42032594093979786,0.41285882892857234,0.4201349769619827,0.5231493183994826,0.4127763672325305,0.4050828844022899,0.4056590240561718,0.40365812611782137,0.41501937874976574,0.4745711840058516,0.4989880647680159,0.8755586882837392,0.48392601618740355,0.4759831745908035,0.49159961157702914,0.9441424893339759,0.47641127387756227,0.6467410646430376,0.6333128004024244,0.6519779964387881,0.67859453016011,0.67859453016011,0.8620886632246576,0.8726483163231878,0.6542908927297995
832,0.4283731111407796,0.3717527852690842,0.4147740889950436,0.48310375583652604,0.37700295049049415,0.3605217765155455,0.35883037397794226,0.3582557805539649,0.38219850186588417,0.45220775871831637,0.4662804153954152,0.821034074335592,0.45329178658661107,0.4491994465014171,0.4516862084762386,0.9001234479903447,0.455810868092129,0.5792127083448733,0.5745416948291804,0.5871934841636621,0.6059337322158725,0.6059337322158725,0.7872154371968233,0.8188188330137731,0.5807609670570535
833,0.39459855006580585,0.37264152337635137,0.3888189995206371,0.47718148007067474,0.3733426448552525,0.34974740320993664,0.3507776839017308,0.3501579894298454,0.3702390829224819,0.43196346608886105,0.48019213217129036,0.8590201983972593,0.44612732582981685,0.4415095594444941,0.471189718887876,0.9608381497532786,0.46308076862335734,0.6073687363231828,0.5883838179619837,0.6227027938351155,0.6410391992309442,0.6410391992309442,0.8287543134546939,0.8562907336485145,0.6004500840991844
834,0.38590694836440137,0.38396677788077477,0.3882817695785504,0.48261460914749166,0.37639094428855513,0.38029962033160875,0.3776352265835052,0.3747947122641187,0.3769114871581886,0.444036652807916,0.5172654306207497,0.9008285332941094,0.4770580887048778,0.4764104511799435,0.5066790647292475,1.0092697943410973,0.5054803017534569,0.6472759206746541,0.6246269550947383,0.6770836574827935,0.6744947888260566,0.6744947888260566,0.9045064142728522,0.8975141262134733,0.654629537547235
835,0.42523013784531755,0.41055449152279905,0.40726488028757646,0.5091688735446608,0.405031025111281,0.39342067294818006,0.39401968209661903,0.39619676987974384,0.4030650092128613,0.46808801014992946,0.4796990273274836,0.8215462975358916,0.480185931827516,0.4724997646819505,0.47568276275606125,0.8360997283609515,0.46218650746009166,0.5968728136557812,0.5968530467855682,0.5602555803250064,0.6394307455474461,0.6394307455474461,0.7709839767362453,0.8193109044330416,0.5831509709236046
836,0.41413616111410073,0.39974435494848926,0.40532932804969685,0.4976060167132784,0.3908621116102339,0.38012486339493506,0.37965264138232424,0.3828069923204639,0.38503433894132355,0.44448449708941945,0.497190086077792,0.8733157441236786,0.47545306103272805,0.462239313803272,0.5010394329886416,0.9410288574505107,0.47319852700205395,0.6107637185087189,0.61322687304042,0.619156380480776,0.6462258852542534,0.6462258852542534,0.8249564664397788,0.8703678554390687,0.6088212620975599
837,0.42252778978468486,0.384923641813892,0.41007769129477645,0.5015188052610834,0.3921373585644675,0.3666977218147573,0.3643365922994013,0.3694279943943821,0.40533561254812334,0.45808075575591856,0.4596499680234691,0.7874860037797826,0.45914699044139856,0.44576945242068067,0.4463974820728078,0.862877004520732,0.44728270641622725,0.5908920108779411,0.5795167531799614,0.564203151021982,0.6227246925246402,0.6227246925246402,0.762532425352915,0.7857502441018518,0.5831509709236046
838,0.43763291610878885,0.4006877717096738,0.42504375594235094,0.5056731274668951,0.3816089324636529,0.38201700875153305,0.38393148060869936,0.38259808651980043,0.38231198904938346,0.4513128635816905,0.4936276655933518,0.8441084534382012,0.4840535836467897,0.4648799750300007,0.4943724014406832,0.8835181409247012,0.4774428091895974,0.5822455686408797,0.5979933849748863,0.5535554716164427,0.625660203685356,0.625660203685356,0.749566842417422,0.8415948730681309,0.5749171433586138
839,0.3941144657754735,0.38206345705422745,0.3869247206958811,0.48120675269144786,0.37533061920200733,0.36399486550061355,0.36078068217584913,0.36449114643493774,0.3705126604000361,0.43206330844358953,0.48835080440987755,0.8454475057863493,0.4678780774281457,0.45412275810785735,0.487647303518624,0.9561091142244555,0.47712239633925085,0.6181227835478197,0.5672353413767189,0.6227027938351155,0.6565709844071635,0.6565709844071635,0.82528698225922,0.8429243030681256,0.6163314783054319
840,0.4115721683191058,0.3945705695601339,0.3964589003545437,0.48636150913789344,0.3948712992763601,0.3802206434432581,0.3794320572016213,0.3788858133151061,0.39710307294057756,0.446215708078079,0.49737418231723735,0.804560112685653,0.48231152359692686,0.4602724189026249,0.49812852399608565,0.8562781634032951,0.4852248315718194,0.5610303716157741,0.5506308141915596,0.5610324305511617,0.6146114462027529,0.6146114462027529,0.7208460266893743,0.8026271686753,0.5689024634435353
841,0.42225095034829313,0.4146163542343251,0.41165856877672946,0.5180229241441784,0.3993564489618922,0.3916194184664605,0.38998804013628846,0.3970783750112803,0.4004941878245356,0.46049095601920753,0.460386742097932,0.816951971800939,0.470044229595415,0.45948062863104244,0.4583086381243361,0.8525816706918247,0.44881791686785755,0.6075644997045669,0.591782114564918,0.5715771164595586,0.6412175779182605,0.6412175779182605,0.7879180299990703,0.8148105379106355,0.5948883444926939
842,0.4171644666501093,0.398171399378893,0.4121276312588126,0.5047310822016662,0.38391750030028293,0.3866419581590685,0.3867192974518188,0.3850647816200603,0.38913153551224167,0.46339161885828717,0.5060860353925862,0.8906721803380432,0.4798897229092438,0.47449969339883463,0.4985830810037379,0.9621518403093025,0.488839743695679,0.6438236320019141,0.6368990108641222,0.6158704778027837,0.6780251860674466,0.6780251860674466,0.8524625776628538,0.8875046750367346,0.6463720834886675
843,0.37900923202290177,0.36807824691861474,0.37595201786607474,0.4584022858079586,0.3620920806086048,0.35441206370728656,0.351425356460598,0.35894093235736607,0.35799614318558515,0.41069535855699757,0.41600710579541084,0.8225744026379557,0.41210256523889993,0.4220433364199057,0.409258926737641,0.9116602921289007,0.40828193370222565,0.5735134758544129,0.542050324509268,0.6053979939604731,0.5949675636268609,0.5949675636268609,0.8146747284239586,0.820310472915913,0.5789009424233585
844,0.3989159138667904,0.3772684445163872,0.39442415603873177,0.4676525675936595,0.374102803341918,0.3623902545483505,0.36456889400904685,0.3646717185374136,0.3700388368284327,0.40711103788687275,0.43512674650570565,0.7967719599498921,0.43522023097792084,0.42023642386616034,0.43531238410318746,0.8427344860014434,0.42167305436534436,0.5238513029282834,0.5122098710181338,0.5557309416916565,0.5704366620051518,0.5704366620051518,0.7236172831304878,0.7949491926375635,0.5315699603826239
845,0.41479970692182855,0.38408304772801277,0.4051944040162367,0.49101318891550827,0.3787283360004562,0.36277869379950684,0.35814016402102,0.358266644992849,0.3743748684153714,0.4622073219630918,0.5192396002564235,0.9256799328994036,0.482300750536513,0.47616341691381037,0.507580018120001,1.0014547411706247,0.49693916560179374,0.6938587192096678,0.6507632125751625,0.6695933030957761,0.7010300894676486,0.7010300894676486,0.9452199041967421,0.9219238875610027,0.6911894769920844
846,0.434248840180599,0.39412910231864756,0.41775739114440785,0.5084343026633781,0.4015052264930962,0.3870710388614466,0.3880661979484631,0.38511847463784077,0.3982012159427721,0.46948811467617135,0.4948196806658433,0.8525823902025992,0.47410443627284515,0.4647277751982037,0.48461596392529943,0.935663990076832,0.4825482620676029,0.5974835620192521,0.6035161216615762,0.6142702755709767,0.6293968414510844,0.6293968414510844,0.8069069642063837,0.8498913684639156,0.59457883142052
847,0.41587468891261037,0.4162133044536884,0.41653366175896056,0.5276148710495371,0.4085572500243688,0.39451669816706064,0.39691499090579524,0.39311943791826154,0.4144920405933183,0.46325620969805414,0.4694757986523654,0.7863174348138022,0.48057463425744495,0.45992578517875815,0.4603825397189147,0.8192093409800226,0.45156653998184804,0.6142496835414446,0.6025425986348386,0.5640429669042971,0.6325831686152418,0.6325831686152418,0.7555712917663888,0.7846812996764018,0.6069423703282043
848,0.4326306537275339,0.40291896185245707,0.4130119746390467,0.5091688735446608,0.4009917408091733,0.3890914357871439,0.3877746389468605,0.3896907029235151,0.4060982716304155,0.4782237193315416,0.48282013920625927,0.8586065720922658,0.47519198707109145,0.47308217791802387,0.4714518395787357,0.9150915159070558,0.46892042737902756,0.6425387585494082,0.6202016292748612,0.5959401917028245,0.6568617108379576,0.6568617108379576,0.8352277769384622,0.8558445365591311,0.6406352672682869
849,0.3780443967914849,0.3782854541511968,0.36993672303884567,0.4747603187870704,0.3811705634961727,0.35682435009437835,0.3534187432857925,0.3608310577740104,0.37819986445123677,0.43041221711802335,0.4721398830699788,0.8553617947422607,0.45198590422061835,0.44485900124436906,0.46331234410530975,0.9426114590941411,0.46262715196155235,0.6315017737095335,0.5831540012444906,0.6336449694370356,0.6602030296667152,0.6602030296667152,0.8265511093988293,0.8526783115127711,0.6304555710917122
850,0.42081955488749034,0.3860057131315974,0.4149758098843179,0.48849166946310946,0.36405694195215543,0.3598334830341097,0.3622465906589073,0.36029906256695626,0.3648008804805217,0.43042153462588595,0.4458791709115276,0.8455932023937625,0.44356197341287196,0.434435272739378,0.4412595447325603,0.9107833829391119,0.44409247995902673,0.5888114945378619,0.5536127296662318,0.5976785035640652,0.6238397117121528,0.6238397117121528,0.7892185744814737,0.8430887285185779,0.5965653307294276
851,0.4127419040245465,0.38113224284738817,0.4106403806109153,0.48849166946310946,0.37793418560980757,0.37729119508244047,0.3750000900461007,0.3755846865323693,0.3804620831976299,0.45469630616775514,0.45575860023255815,0.8148436306446156,0.4552976473386926,0.45156792011125696,0.4373727003789725,0.8571994199164823,0.45207568242256035,0.5771589801485054,0.5599817188911579,0.5829392183543303,0.613294460959345,0.613294460959345,0.7743251294208326,0.812693722856789,0.5872101396967866
852,0.3679235402970515,0.3691711275527875,0.3709760858678149,0.467474848509516,0.36744148913317387,0.3575165980150205,0.35613614406820526,0.3561663008520331,0.3702390829224819,0.437047591502152,0.4855002160923898,0.8707335233456589,0.4428884712675992,0.4518296181034241,0.47005373553500457,0.9968724334855564,0.46652512042304567,0.6208410330679467,0.6031491900561946,0.6405750300680647,0.6510422942698749,0.6510422942698749,0.8451539942531336,0.867816358192518,0.6250273757389765
853,0.4454389986673515,0.4086199744113132,0.42143722050942806,0.5215363948100898,0.42264825929559724,0.39816562968493974,0.39746251437098573,0.4014972745507012,0.40653207789529777,0.48430806863795933,0.47841954495594746,0.8345297198790874,0.4904989628651774,0.4798965945704673,0.4605131735517987,0.8442269578711625,0.4668233638268131,0.6154349377864592,0.6024048684996688,0.6100261208614607,0.6430020900537927,0.6430020900537927,0.8072874246919864,0.8321030755787306,0.5955879804466128
854,0.4108535744746419,0.3782886110889337,0.4022531135459004,0.47422483853491704,0.3673612118309086,0.35404114323059205,0.35496762883860905,0.35653459497995565,0.362558200959992,0.42082628162845986,0.4416918905575095,0.8407158528315528,0.4377802276951592,0.4291005067158633,0.43401944834188644,0.8719889708327296,0.42789588576988824,0.587478214916745,0.5680897589972304,0.5771993235417476,0.6029765261427855,0.6029765261427855,0.7965313408594235,0.838174687569107,0.579010246194594
855,0.39831438079512654,0.402057958813624,0.3902139713234389,0.5030303304269239,0.3982313547312737,0.391340674062884,0.3915452300215171,0.3940336026989827,0.3979189634620334,0.4476088954269493,0.4859224022041093,0.8540433786730915,0.46733443977154876,0.4634075477585494,0.4795690136758781,0.9495850123752104,0.48685130256440856,0.6255334977535605,0.5878138827576438,0.6514470032372311,0.6653508026288399,0.6653508026288399,0.8061975869575454,0.8513990471418418,0.6264270088735454
856,0.38771986809686043,0.38335114443376533,0.37591314848781093,0.4656100496189986,0.37521238179653604,0.36446761266707317,0.36170940481734754,0.3628845635293386,0.3720882205143517,0.4342983233724305,0.4907779805527993,0.8973514466637025,0.45474828624335184,0.45820155408220103,0.49851882957754057,0.9968724334855564,0.4714770305816672,0.6151073307753914,0.616211389610664,0.6363637167147701,0.6415279623923162,0.6415279623923162,0.8766005032031934,0.8939874102116854,0.6142039146261816
857,0.4245241392204585,0.3934769850394999,0.4110880104451679,0.5003416203131296,0.38608518648739887,0.3762091471239448,0.3717173217921864,0.36932062106452623,0.3789957809874474,0.4617702598255998,0.5125822535650668,0.8881935575431797,0.4990457828409787,0.48360441735787424,0.5095769058702498,0.9621518403093025,0.49138173339008284,0.675410665954578,0.6338972543241408,0.63885251510122,0.6698951792202712,0.6698951792202712,0.937181270877474,0.8850211877885256,0.6550294305551517
858,0.4038181075709949,0.41110797638652913,0.4046805833957846,0.5161328296800964,0.39676183289312605,0.3879744734657787,0.38951821291805944,0.3927068475364575,0.39512705081556077,0.43267261017481384,0.4569035802365776,0.8345744513036424,0.4600517797672361,0.435174581252683,0.46331234410530975,0.8858241320751397,0.443903903273235,0.5714730437343697,0.583665530210796,0.5816308969045402,0.6023666252212101,0.6023666252212101,0.773747690584274,0.8321887304949451,0.5683316226856449
859,0.40493185716146174,0.3908984514540885,0.39549604540157157,0.48644680110965327,0.37967376869654745,0.37068254844946824,0.3713806799682796,0.371179242420913,0.3760664287956615,0.44249999450735045,0.47071224497674896,0.8433023985742204,0.45241651711128755,0.4503704386040129,0.4685893042710967,0.9227022992003261,0.46122144252158803,0.5867559672346792,0.5772970493743422,0.5871544109970308,0.6236457136440264,0.6236457136440264,0.8117902721012398,0.8407265573126873,0.5891097346031613
860,0.4141453878630465,0.38500546325800483,0.40066115483801734,0.48215083748997156,0.38174724341529814,0.368660188738206,0.3687169289605232,0.36686876109947064,0.3843347288509862,0.43919122137990974,0.4632477418783535,0.7892063463728555,0.45330643294522205,0.4471471197485189,0.4622051365069018,0.881791686886632,0.45281261609459234,0.556088360417356,0.5454379763283925,0.5654722913709198,0.5962242791757163,0.5962242791757163,0.7432834031569203,0.7874004690203872,0.5559774635318585
861,0.3942655733870224,0.39526075142105915,0.3886119669077874,0.4948158998054116,0.38872345835406896,0.37453776518600973,0.37230294326645946,0.3750584070728631,0.3809813221129126,0.45573626114811644,0.5193341144938247,0.8963026095036025,0.4759620581987072,0.4786282103865861,0.5123504546202036,0.9815954874762103,0.49567882278824404,0.6537809933343975,0.6512059473306818,0.6459259597594501,0.6761238336781684,0.6761238336781684,0.8841967048373902,0.8930362268668882,0.6477012418954897
862,0.40135339232569367,0.4053466701812781,0.3962655536976294,0.5127110087206211,0.3994379364636271,0.3888261884088151,0.38872874197720764,0.38740181856568995,0.4077289556513345,0.4476997705247668,0.48228363347006675,0.8181575076321886,0.47493276502580767,0.45779557996970294,0.47776773579806026,0.9295215898999256,0.4829077452946812,0.6174767737704918,0.5854009433793366,0.6222046391014536,0.6440057171134742,0.6440057171134742,0.7829075882767192,0.8160666822268233,0.6229482950489632
863,0.402304871871232,0.3848283140652993,0.40129685855728675,0.4873663759206034,0.3804787186903424,0.3719530874359624,0.37750317773543146,0.37246373116580644,0.37572649721481816,0.4326687620972123,0.4553878425183628,0.8466226148585497,0.4414860673951635,0.4384046801438828,0.44817584164511676,0.9151213987545829,0.4364467508689537,0.5807737186675971,0.5885354810973779,0.5872014974304909,0.6154221199810006,0.6154221199810006,0.793581062742909,0.8440365845864309,0.5914943138647536
864,0.44079263083844944,0.41827391021085686,0.4333167926978793,0.5299656001241888,0.4115068952266593,0.39944894496011607,0.4002033844101178,0.39765835264570504,0.40817755167114117,0.47469405281667176,0.5096915312991781,0.8340967167485358,0.495832605357546,0.4754367690600042,0.5095948150724594,0.8944481815147555,0.48446093880175556,0.6100906370595641,0.6301186094629206,0.6008420624584426,0.6421598670545917,0.6421598670545917,0.7972549408677121,0.8317209409013078,0.5974485111218827
865,0.41332660857973547,0.3896935467516711,0.40808446133234255,0.4921181432520161,0.3876060010026327,0.37391163097179414,0.37374540334630424,0.37662514512983464,0.38414788040994846,0.4251299586507113,0.42152521781527763,0.7462528195964314,0.4470390893634056,0.4265661478281123,0.4130111355053684,0.7670332403264131,0.4152235565819296,0.5237200929643848,0.5171745028699944,0.5438846303517938,0.5570148207792268,0.5570148207792268,0.6947418692822178,0.7451423612928998,0.5229597310843864
866,0.3949374502337684,0.3722634872192102,0.3947010432648613,0.48215083748997156,0.3692990162122312,0.3609736806508296,0.36027114963094653,0.3593235514112952,0.3738607894388351,0.4292627136236185,0.44321299954872173,0.8078918636938823,0.43884063880899826,0.4358774490354539,0.4345789193474972,0.9100719194269589,0.4367521014846345,0.5752370055316766,0.5664576104017479,0.5907828140715142,0.6040398689446068,0.6040398689446068,0.786629322840215,0.8058940238112944,0.5861919745988569
867,0.41962626238480283,0.417821272241662,0.41210798151495265,0.5065225775461215,0.3913813628837795,0.39369100694507264,0.38919611722248465,0.39432297604829175,0.38669843389936065,0.4553462833601293,0.46139419284873284,0.8140241965301901,0.47288832661635677,0.4649397179348619,0.4718268348188416,0.8715209159057257,0.4532630281840547,0.5973177995155523,0.5511565784121781,0.5953355270876997,0.6514104606104667,0.6514104606104667,0.786871318113825,0.8119591032122396,0.5835445144911211
868,0.4215426158036462,0.4083501997427206,0.40004309602515764,0.5128400707767807,0.4014012186949142,0.3687384746696053,0.3660431040036952,0.37133470618741443,0.3923977101810912,0.4558961413874712,0.5087767090041255,0.8781790239764145,0.500326044813707,0.473782027124917,0.5154434638297646,0.9148585590937428,0.4841563472041991,0.6651482180984488,0.6357569313613234,0.6218463272930473,0.6840031143659687,0.6840031143659687,0.8458088739911956,0.8751073389570125,0.6066210191529833
869,0.40787833167364884,0.3890727024249082,0.3941476170173875,0.49058360006512125,0.3916300674588357,0.3737294535745589,0.36861285010462014,0.3723958332335826,0.3880189965820268,0.453611264136668,0.4883429601482903,0.7976865340986565,0.48258960081023006,0.46675027320911316,0.48477610903325646,0.8702166779804067,0.4711257186584385,0.5874788386625795,0.5652961073093135,0.587982773812054,0.623540549420535,0.623540549420535,0.7709327802893665,0.7956881238277537,0.5840918713943503
870,0.4288862500544483,0.3876878555156424,0.4172967596849819,0.49429566917784484,0.3961153518414543,0.38213755376726216,0.38216854979942977,0.38044336106072035,0.39129185838221686,0.45253319397800384,0.521294306482767,0.8914481374979374,0.49050354306767446,0.4676062291761149,0.5166898702421835,0.9683070466214557,0.4934709762119972,0.6254814484412866,0.624321253204157,0.6433953046914135,0.6566513437318858,0.6566513437318858,0.9036086794748126,0.8883595972871615,0.6288773340120971
871,0.43929578783065343,0.3941378864230422,0.43114550863535595,0.49556137057813227,0.3876060010026327,0.37910872236186827,0.38247321940841855,0.37965920307195444,0.38838003587878944,0.42769102135806925,0.45776919750370687,0.7827503861949271,0.4640430663416348,0.4320835772722384,0.4635077228418554,0.841803638723189,0.43535814830766684,0.5188337739449401,0.5275964747712519,0.5340416457962678,0.5690938661454036,0.5690938661454036,0.6906938543205747,0.7812049660824796,0.5136260629329079
872,0.3867198680490391,0.388005174927232,0.3767380101130737,0.4580355197152058,0.3740562662667218,0.3687851368013597,0.36801857443241404,0.3713107225578008,0.37471193455600527,0.4097642152641203,0.4706877914288394,0.866037530889074,0.44168852783320434,0.44010575619579795,0.4859471336859053,1.0119912513820213,0.4615270011296729,0.5810003578359609,0.5634358698108889,0.6432418201812399,0.6180778385575498,0.6180778385575498,0.8045538434696907,0.86320778018335,0.5874741314744204
873,0.40995357631607837,0.38802884277561533,0.39931128705065533,0.490696307688432,0.38174724341529814,0.3637218481296375,0.36366617734575163,0.36420492591463155,0.38016858911801277,0.4348519257548393,0.4800078187394758,0.8249577758577444,0.45770457972864653,0.44401192928725775,0.483644792299347,0.8986676549524999,0.468166969306911,0.5771348594600278,0.5738887019470411,0.5848024484291766,0.6107740872591956,0.6107740872591956,0.7784063117252977,0.8226332858837782,0.5793264303299961
874,0.40277987332257736,0.37510143411826025,0.40152687999515435,0.48680440376073425,0.3648589996800631,0.3518054630416216,0.3538722886519291,0.3505306995033862,0.36631211076979103,0.4326615982183558,0.4914383880475735,0.8517098619840416,0.4625213698606282,0.44467497107399534,0.4785320201667989,0.9477586026569731,0.4738927138430708,0.6074199785871125,0.6000879638048329,0.5915840435101329,0.6329106804892073,0.6329106804892073,0.7808116104116343,0.8490274310381835,0.6095576974094158
875,0.3881107997631075,0.3772712150904454,0.3833226122879832,0.48681280306703184,0.3801465609370155,0.3586816733590415,0.3598619080521012,0.36130416320823805,0.3770912897191827,0.4369260489633745,0.4578732611829178,0.8345832331409668,0.4394320766508651,0.4412012261060663,0.4438804060872638,0.9094441869026306,0.4489884441297568,0.5975242953237733,0.5889206928242416,0.6004049699513181,0.6332094906240052,0.6332094906240052,0.803952949050599,0.8321452474388926,0.5989219236102117
876,0.4043589890660186,0.38969324960367596,0.3994691167226842,0.48567303802143835,0.3814178110151021,0.37261661305402843,0.3750573196734784,0.3713722202411232,0.3823195739758753,0.4371065993583289,0.4935577852040449,0.8362608428984264,0.46886703972253596,0.45182008918548716,0.4873811096168545,0.9050557604871766,0.4745174148375332,0.5824294014145961,0.5764038830124255,0.5751754064712706,0.619675946195194,0.619675946195194,0.7499602720575139,0.8338229853754868,0.5745520930979412
877,0.45478372204032047,0.3935650322945699,0.4389013031573659,0.5119616435629025,0.3809334970648217,0.37030550290593567,0.37397105977242423,0.3707905248427208,0.3760111790466772,0.4529810201495639,0.48972784912241485,0.8993343441642837,0.47056584739068463,0.44501989406168996,0.48839619682880153,0.9722964730004251,0.46972728405891584,0.6168081031549788,0.6136830865422004,0.6159953669889542,0.6305446619850243,0.6305446619850243,0.8395766063651744,0.8959721106845373,0.6218553517788891
878,0.40732791699210075,0.3809050661881236,0.4015853097774882,0.48365308709816324,0.3766288316161016,0.3737718678025861,0.3751138004047354,0.37031639567479846,0.3755588741570225,0.4395374729173655,0.5014712201075644,0.8525960172413496,0.4664715059664584,0.4581213968881854,0.49917240835258664,0.9383103127711312,0.4859310958352482,0.5842392387815178,0.5884084017653657,0.5958464362663483,0.6275553545135517,0.6275553545135517,0.7968009263371436,0.8499135301734805,0.5918613333293052
879,0.3933315766309713,0.3880322282948248,0.3839676653599709,0.4762183844076487,0.37302217682899935,0.3728332283232262,0.3702041029964919,0.37334227324192737,0.373955160660218,0.44036575733926436,0.4633228445997103,0.8461541141182397,0.45062516961786775,0.46037340680894656,0.46453709430274776,0.9286175580033271,0.45320807089833975,0.600198382683086,0.5892643707833789,0.5956332392301943,0.6339882628257872,0.6339882628257872,0.8117878962249756,0.8435478283482173,0.6054253127445846
880,0.39853541030127776,0.39526075142105915,0.3918450896590627,0.48181860858195935,0.38561983109109305,0.3828122606023918,0.3817535363343897,0.3814819695970998,0.3910190974748019,0.43631672129420784,0.4764660124486705,0.8691477447200952,0.46137600079525876,0.4556453840575613,0.4817035306469499,0.9658673376855489,0.4579843638062533,0.6065867925731195,0.5980066730745468,0.6208826665104825,0.6320107143350395,0.6320107143350395,0.8344158940296011,0.8662786371884882,0.6130893495823547
881,0.4278968589677582,0.38531727474580746,0.43307136814261116,0.49556137057813227,0.3823538214327198,0.37671979925007226,0.3810867399441669,0.3772602759826868,0.38547255326415675,0.4380432460341958,0.46016949595988094,0.805393031800755,0.4558145146574001,0.43436886534147756,0.4486056147628732,0.8444733729262086,0.43770796527318623,0.5492507746159173,0.568436183888407,0.5437369643875545,0.582571328431474,0.582571328431474,0.7197199330469516,0.8033947415267183,0.5452269183057227
882,0.45151749412181413,0.41964592817350505,0.4372548860112734,0.522802022333899,0.3984497832967497,0.4053288790172201,0.40138725203803927,0.4060010476097066,0.398932697898482,0.4717718629612466,0.47811440970656555,0.8813683913019754,0.48413051169396476,0.4711062272469827,0.48175551002308,0.9073592971178173,0.4663073748324923,0.6303005460930031,0.6150461071757747,0.6158704778027837,0.6611505884207852,0.6611505884207852,0.867440172569268,0.8783426129525861,0.6384807706519872
883,0.39890076420325665,0.3785527311840963,0.38799242791234706,0.48660072049335445,0.38181217431876663,0.3508757092757824,0.34935252593654237,0.3513058544267951,0.38237165281424534,0.44745592152835933,0.4968131799875478,0.866037530889074,0.4655363050459663,0.4584159787970844,0.47970602175685967,0.9240603449782641,0.4874939379318004,0.6418633670301855,0.6143765958012642,0.6298215420229237,0.6696626098384547,0.6696626098384547,0.8267567183744687,0.86320778018335,0.6283610698390791
884,0.4277155239028875,0.3830114702834069,0.4095299974773644,0.47815084652196055,0.36114399673001196,0.35306336058258636,0.3549082979829287,0.35133001768708927,0.35673160963387374,0.43438784896592625,0.504208189522076,0.9341586529959127,0.4699675273689927,0.4580213133514948,0.5078297909906263,1.0468057208727892,0.48380712889561955,0.648352373835904,0.6167676120414544,0.6503982393214888,0.6669822183634192,0.6669822183634192,0.8900232199483799,0.9302933933843087,0.6329606567970818
885,0.39890076420325665,0.37499808757331865,0.39833374470526317,0.48455492829744323,0.3820785631300809,0.36181181647400984,0.3638885506188958,0.35775877489167446,0.3802859482641663,0.4391751706319444,0.47312453722396,0.8405628672145523,0.44386983762694054,0.44242385013964197,0.4594540730687403,0.950714692668292,0.454982739976755,0.6028927383595837,0.5943579137878822,0.6227711767226306,0.6228827539668063,0.6228827539668063,0.8326678174794275,0.8379726267321637,0.6111948819954712
886,0.4146116854576146,0.4086199744113132,0.409757396516645,0.5074204049303894,0.3989576349665137,0.39926303069002417,0.40809308409715966,0.3975136523478211,0.39339361977268683,0.45265907402283084,0.4491995715461388,0.7992981650959788,0.45409518026508133,0.4560408414820521,0.43212681564339384,0.8287230582189665,0.4526273455074664,0.5774188111713698,0.550799432796654,0.5801227205495562,0.6209884459955232,0.6209884459955232,0.7435542370215832,0.7974305985469825,0.5697235994864546
887,0.39181555608788277,0.3982348720966812,0.3907481807964293,0.49503189273917536,0.3891748718530809,0.3789278690234024,0.3794693370126188,0.381894972835744,0.3919011480137882,0.4400959669277519,0.45748279868949376,0.8270430694757,0.440670093513704,0.4444893907618003,0.4548552477978985,0.928611391215452,0.45153085099058127,0.5964907139062343,0.5781195548108399,0.618847627187645,0.6291018243096396,0.6291018243096396,0.7904601219292089,0.8247336649888876,0.5944807944814346
888,0.4512783401513163,0.41560372048006755,0.4468951393206287,0.5190186675808378,0.4026569131760892,0.3966626301290802,0.4016096637347615,0.40175111569868177,0.4002445344577255,0.4276888660428887,0.4298525884092683,0.8011654890326526,0.4554692335153459,0.4203455773267319,0.44225955041065557,0.8216215399899306,0.41897881821152244,0.5203801621752582,0.5328976350830985,0.545665958853201,0.5538848091048764,0.5538848091048764,0.710319924099712,0.7992474179393433,0.5269872761830039
889,0.41196926445019305,0.4053466701812781,0.41211595640872034,0.511799053092316,0.3962971011116146,0.39627919748754714,0.40243406817326466,0.394740780880102,0.39079676677469904,0.4482702382209734,0.47862638902795335,0.8674009150923618,0.46795397537397715,0.4596376401593114,0.46879911898761,0.9371935871415223,0.4713082170162968,0.6241141985230796,0.5988016487988184,0.639743921303749,0.6532248041933029,0.6532248041933029,0.8325019297658514,0.8645554531229498,0.6298389606451326
890,0.43525936247138897,0.37861218391646223,0.42271231679831056,0.48871700448224603,0.36147713109837043,0.32841356648205633,0.3302200223126875,0.32562487191370976,0.36218747692261544,0.4473412760533216,0.4920964540753858,0.8899993842591545,0.45998492512629574,0.4484362983230349,0.48815091442086306,0.9631878485798304,0.4707710501217854,0.6271011865460182,0.6225940060681611,0.6064887539161115,0.6415803998169464,0.6415803998169464,0.8476166079101825,0.8867586734927282,0.6329606567970818
891,0.38563015713824905,0.3639742772123544,0.38256516359412646,0.46909515228970666,0.3654213786545641,0.3566173217420013,0.3549382677232267,0.3570997817341437,0.3649115534590339,0.42128136281279177,0.5039469600483616,0.9008745173194432,0.45479722064324274,0.44488424203597027,0.4911439142050295,1.031332645528118,0.4819840970727794,0.6246925969577728,0.6153253547326134,0.643267425264899,0.6432852428704101,0.6432852428704101,0.8767461938342215,0.8975117683067432,0.6308765918600902
892,0.3976942666930155,0.3760538004855128,0.39330977496490743,0.483993505652601,0.3733916181229119,0.355426771262494,0.3563085751646475,0.3558615819689035,0.3725347888250787,0.43463291476335264,0.4916856520906389,0.8328795992461849,0.45135065994643886,0.44414402474073456,0.4834147682870277,0.9211032041676284,0.4705988700336543,0.5905458310675994,0.5887049375128487,0.5929802431302172,0.6201960865229693,0.6201960865229693,0.77635176705159,0.8302985658350617,0.5882943522233366
893,0.42926744580827114,0.4072312072872124,0.42445378496194414,0.5163949680038195,0.3985243085803052,0.3942635640414442,0.4005037396849777,0.3973335372720984,0.3982218517771816,0.4479290348692525,0.4705578488253553,0.8490532305926155,0.4594599491732962,0.45233134773555783,0.46983511430477215,0.9354650903795139,0.45702831009393685,0.5925729052743689,0.6033841725732528,0.6121462297131111,0.6238869279158743,0.6238869279158743,0.7800518859318659,0.8464745344965944,0.5955879804466128
894,0.4463173257054711,0.4075440631347072,0.4350772125051339,0.5128400707767807,0.40576622468495227,0.39823369753338633,0.405446505139847,0.40104247554895145,0.40499554376646274,0.4474309130717198,0.46965453290245357,0.8345297198790874,0.4594401459447575,0.44369505743736315,0.4730864443107831,0.911336570923432,0.45433037773916113,0.5658347030536761,0.5647232363143234,0.5910497857164175,0.6117156776608604,0.6117156776608604,0.7450934110328173,0.8321030755787306,0.5665489201054953
895,0.36785574448342595,0.37217150415104416,0.36867968343101715,0.45159567961006725,0.3620022828694148,0.3571791821068351,0.3523700640590956,0.3576197474545202,0.35949467569565147,0.41422282781656145,0.46155426076014894,0.8837874025500462,0.4264314672147609,0.4388109822662189,0.4634245245864403,1.018208313411311,0.45399424604670924,0.6187660215708074,0.5759894382086903,0.6670641405245381,0.64399741117303,0.64399741117303,0.8961929097240082,0.8806412969336506,0.6278046835461224
896,0.40264725936166673,0.3773100781624843,0.40279160216370796,0.48213285953872875,0.36324465831916886,0.34476811784449396,0.34803850741669684,0.3476889915825641,0.3624813309552027,0.4333516087347528,0.4556591353012515,0.8336863514963904,0.43400871881778735,0.4362819651220676,0.4503300417889103,0.9330958279809617,0.4378458618544819,0.5826000896309969,0.5858471537990386,0.5883866038582695,0.6139141063017767,0.6139141063017767,0.7850472140374166,0.8312391595089188,0.5797474987115522
897,0.40087370181086335,0.3755703530418073,0.39403649927443396,0.47926951644694393,0.3698827276690924,0.3632468119365118,0.3610608396085087,0.3612976036973227,0.3724783337000579,0.44672385081841137,0.4727741500499678,0.8677725270740012,0.44611488160076274,0.4557973355205877,0.46215173266639725,0.9913766729756361,0.46440837797082507,0.6225720250236197,0.600010756248859,0.6381186375236176,0.6477779930689689,0.6477779930689689,0.8473584231895717,0.8648908436696645,0.6312621154927534
898,0.3724169699161412,0.3806898435152815,0.36346514511682687,0.4695379716618823,0.38343003125100744,0.3618102454993068,0.35859003885087987,0.35869633048222715,0.3768343965857895,0.44718050174207447,0.5066552693444193,0.8525960172413496,0.47575164499526795,0.4835679275028764,0.5027320986115502,0.9638954183106822,0.4819960348005853,0.6500435273161609,0.6099987200623538,0.6467346370402354,0.6824381147040678,0.6824381147040678,0.8508191881114915,0.8499135301734805,0.6296595350027315
899,0.42024740685382617,0.38776520991855074,0.40757619663026634,0.48864716452527024,0.38905821934917517,0.3885297796738887,0.3887141518365059,0.38483251834987353,0.3890843566447457,0.4605744756666962,0.5043121726683447,0.8519143967979647,0.48313599842815713,0.4793606288252874,0.49498547814502625,0.9298050911598735,0.4847745720748702,0.5990855193873175,0.6029807129460174,0.6090615329715565,0.6383092606909861,0.6383092606909861,0.8096454193263334,0.8492749590480067,0.6036258714177801
900,0.4171644666501093,0.3910159072688733,0.4006129492807398,0.4957313957184468,0.39333100296211926,0.37531021447145085,0.37057839641843093,0.37373501545569404,0.39359635447697033,0.45769385203590174,0.5002385910279276,0.8647904259296236,0.4908205630711271,0.4721574351392964,0.4952539375409158,0.9329673804002223,0.4881646838969592,0.6323514663111843,0.6067392016521901,0.638424525411083,0.6616669675726664,0.6616669675726664,0.8429414994776033,0.8620081505679166,0.626452874185464
901,0.39614336087441354,0.3809997138143103,0.3856164036479797,0.48897793560088315,0.3820063377135379,0.36253744649028924,0.3601855785609412,0.36137801716756157,0.37963362143469387,0.44915266627506517,0.5391718574764496,0.8854263356588014,0.4944779036455162,0.47386950917234416,0.528841248770166,0.974191759772042,0.5175865020416445,0.6469323598555567,0.6334045021888233,0.6286918747533305,0.6855424622469073,0.6855424622469073,0.8282802712875399,0.8822584353626209,0.6273399785799334
902,0.405377181176786,0.3938311365770654,0.38769950363584404,0.4932748502130714,0.38971563624191163,0.37467731666074805,0.3696420410883154,0.3791527834551639,0.3778043176846569,0.44865125214348806,0.5181793689341909,0.8821853174549216,0.49041435275481393,0.47445794858121515,0.5175971089312564,0.9296121582882663,0.495507284072129,0.6423726037504212,0.6124543218346358,0.6268354090815846,0.6701942397863803,0.6701942397863803,0.8651926376643038,0.8791122596071749,0.6177218265043045
903,0.3834382839397986,0.3627183301010583,0.3814712319038607,0.4542728068897606,0.372565828268147,0.35380236433437307,0.35252491932693014,0.3542500873290841,0.37333318420663425,0.4208733929985817,0.44299034934191533,0.836987208669655,0.4242207029058424,0.42638347065183463,0.4304012466291464,0.9188598844526228,0.4351385647865065,0.5726010758982761,0.5491444862277006,0.6155560034817512,0.6060244917679958,0.6060244917679958,0.8083632980836809,0.8345175115900405,0.5958231027750954
904,0.4000788332597351,0.394552702070865,0.39814662985129273,0.4918443903500999,0.381609405655595,0.37385045431515634,0.37098237729649647,0.3805337142519625,0.37439717097597514,0.43552123580043745,0.4328390423338708,0.8064910895324103,0.44463320536357454,0.434168419091395,0.42969057517327575,0.8243245355274788,0.4233225155997978,0.5685621032408973,0.5393336695914723,0.5777465357276964,0.606000782559885,0.606000782559885,0.7619481449017069,0.8044847640805886,0.5692792830104046
905,0.4125800445734371,0.391564260827006,0.40713662325593875,0.48301022071298966,0.38174177750031396,0.3791522032116045,0.3769519342310956,0.3797220102985029,0.3969666302290643,0.4387093992376547,0.4592530631866384,0.8585432271912123,0.45409518026508133,0.44743908063686905,0.45876445948884015,0.9190731943945342,0.44991888455409734,0.5968728136557812,0.5812971887487508,0.6074353040332997,0.6298141041730807,0.6298141041730807,0.8250226160771342,0.8558483692354879,0.6012159379599569
906,0.4102893257869413,0.38003761117269463,0.4017817466665268,0.4838384187766078,0.3799748932550334,0.37143473415537415,0.3741788490114731,0.3719625922648949,0.38718102045970565,0.4431608564288636,0.4812132078248097,0.8169594512511468,0.4598718272160273,0.453687780612969,0.467110747879596,0.8931989471545714,0.46923869587768086,0.5833300170605049,0.5722044692263659,0.5625389245272262,0.6282391307287335,0.6282391307287335,0.7326004763453865,0.8147848413583719,0.5852300165040417
907,0.38457048129678484,0.3738601636011634,0.3792395002036745,0.46583342852685633,0.3581575644702798,0.3513475749755756,0.350670867433409,0.35177334698664126,0.3590217301197568,0.42469649437186396,0.47422083710529794,0.8941514791128872,0.4393939729316349,0.44543469283221465,0.4709688448606232,1.000244732985997,0.4635650883791108,0.6070375574321151,0.607712074744919,0.6239573192329743,0.6273361363903688,0.6273361363903688,0.8476166079101825,0.8908454744520857,0.6100941664764407
908,0.4014058441957229,0.3919237504004425,0.3942972209246109,0.501085420538253,0.3956464818535191,0.3679952356335212,0.3644520899598399,0.3666903379304114,0.40186649411251596,0.45622792909604154,0.48321568269819337,0.8045695428027946,0.47757122165408405,0.45793264782774223,0.47530526486013897,0.8969381041615003,0.4642177133330147,0.6181861425430901,0.5986568396493398,0.5980972589391255,0.6421896290819463,0.6421896290819463,0.7842694005376375,0.8026259492998422,0.605987582943868
909,0.3801589676351629,0.3651095494821423,0.38250627125858266,0.45897574146067016,0.3472056177432813,0.3428734051784801,0.3431002034927698,0.3432540653961584,0.34795541681260034,0.41225809323291485,0.45048135671552114,0.8558638962393175,0.4248125480868606,0.43103488479531443,0.4454069382251524,0.9710848087816085,0.43854972242297763,0.5964218019292935,0.5686757816276858,0.6109967806855311,0.6299997387055355,0.6299997387055355,0.8070523796018971,0.853149891545678,0.5930507176728151
910,0.39921995087819406,0.37786709197226065,0.3912411075371909,0.46907494742349887,0.36830274407718416,0.36085567149799425,0.3601717520028671,0.36133366933398064,0.36892967088843914,0.4310978121786642,0.4526703830562506,0.8308410289272,0.4382821556671818,0.4391664454114524,0.44838339666775434,0.9289879103698407,0.4458928478445993,0.5748670171341488,0.5422132938547872,0.6013114820491438,0.6155384432044849,0.6155384432044849,0.7797866267741269,0.8284799601838516,0.5796329977029129
911,0.4233379492129565,0.39033841397496927,0.4147601901424949,0.4914650619704642,0.3926941705150252,0.37927386664780355,0.3789828604089821,0.38412746707269774,0.3982218517771816,0.43697627398855643,0.4408486673727368,0.7874860037797826,0.4476761304942841,0.4317748250088366,0.4380887883361061,0.8160370042045167,0.4281429143335358,0.5457094778417093,0.5446747624367204,0.5539259883014752,0.5831169424422064,0.5831169424422064,0.7283478955051084,0.7857502441018518,0.5500259052661174
912,0.3950564611975714,0.39126907908074815,0.3953379717995677,0.47735742342616583,0.37741743237301495,0.3710497425268294,0.3703866794778517,0.37158713075146355,0.3781580351818224,0.41828869137576197,0.4309074694389243,0.8168023839086854,0.44089894237273575,0.4275146865185207,0.4340134662626717,0.8508566155121848,0.4260972049332755,0.5632234805309034,0.5494377157971158,0.5806192566711682,0.5906312287971627,0.5906312287971627,0.7825518067089332,0.8147411657400155,0.5745270735403647
913,0.38629093344524995,0.3976516376350268,0.3851615299480254,0.47748292853333135,0.3842938429501231,0.374466528397606,0.37657669207406086,0.3749931152450635,0.3826889597550643,0.41656682787694077,0.4446096708980118,0.8348410383988127,0.4342707744847045,0.43851984745899336,0.45550888764558756,0.9018282726060521,0.4347956262816662,0.5921511688244517,0.5731722610351442,0.6248814113198183,0.6184525733145244,0.6184525733145244,0.8067597471413528,0.8324705866547912,0.5984974508815833
914,0.43960840597024303,0.4001670719934878,0.4259807659313384,0.5040811002494755,0.39905283011517484,0.38729720208554597,0.38973943476126127,0.3878492559775374,0.39312461703183693,0.44884884545067844,0.5148397651758962,0.8375286504730705,0.48787179584542884,0.4590029564551364,0.5198118542507254,0.9040655046782211,0.48120108738185746,0.5707202193014688,0.5854819510696636,0.5764723124183412,0.6190952109106215,0.6190952109106215,0.750178289660292,0.8349545334351541,0.563475843007583
915,0.4310972950063581,0.41322577995952114,0.42289255931521585,0.5272640656043667,0.40764022602548533,0.39851150073197245,0.400431307402627,0.39914241216761637,0.40750546852532776,0.4637375568191385,0.5080946039547362,0.854793586960408,0.4941827731312542,0.46960156137211545,0.5053041778476147,0.9049823801223857,0.48779311652619795,0.6107637185087189,0.6345056192771522,0.5871562357175276,0.6418910104715183,0.6418910104715183,0.7930883292498938,0.8521008806452084,0.6034271152545688
916,0.4075418211593274,0.3853113835825868,0.3951713060918639,0.4762104247077206,0.38202270507226177,0.3578203991610097,0.35720551138905604,0.3558693664213452,0.37813259569548163,0.4392818388053074,0.4612805625198821,0.8276252970567053,0.4497472017308308,0.4530657572693271,0.4580552083877828,0.8856377277706837,0.44991466747058634,0.5990855193873175,0.5727208112462843,0.6104493633079804,0.6318984613153139,0.6318984613153139,0.802044195425524,0.8252887240145586,0.6001233888877038
917,0.3883257024563675,0.37171968735445443,0.38184327034101034,0.47310290420349754,0.36864709973046195,0.33821075952275886,0.3349649853948964,0.34165020802908924,0.36405362431099275,0.43530150280418906,0.47460649707018965,0.8873431890818096,0.4421004889770627,0.45174130172034027,0.46271809470616954,0.9709488739656725,0.4619636191560205,0.6349672900549951,0.616675089791232,0.6424077620176186,0.6559210840044195,0.6559210840044195,0.8998358110819454,0.8842074420594411,0.6369462948440201
918,0.41171938456972507,0.4005220229267197,0.41459625924195487,0.5091688735446608,0.3867467809623614,0.38679722077555756,0.3929337117043002,0.3850169003904993,0.38219100386415966,0.4499995573493583,0.4825044331357723,0.8778180490689023,0.45940694921450387,0.4574253339405895,0.4758614144854178,0.9592385220500806,0.46597446105015466,0.6266949097388536,0.6188587312828919,0.6286918747533305,0.6573293160717594,0.6573293160717594,0.8502091519944436,0.8748252796372843,0.6276947742504116
919,0.4313450415166938,0.397525452982924,0.4146885844678539,0.5021381772232264,0.3902917376632571,0.3710622192040574,0.37125979734842834,0.3715704876803366,0.3859585371268583,0.4563865867803642,0.4924356725284659,0.842964453356973,0.4778908614770864,0.4647802974237113,0.4876440199177573,0.8862638900611421,0.4733066230777331,0.6181861425430901,0.606204635023197,0.5898844158458619,0.6397976292338862,0.6397976292338862,0.7927038824174459,0.8403855829528527,0.6039757231081813
920,0.4145568550751367,0.3970206897026141,0.4137290387040539,0.5168956525843976,0.40757941109044943,0.39528012482287844,0.39474127467277903,0.38998152978369827,0.4101147606431071,0.4753018347029576,0.5122988141706803,0.8304130206205977,0.48827271238743075,0.474913098950409,0.49273869250730934,0.8974840638355459,0.48497733231849105,0.6283836682600011,0.6322253736449006,0.6033066133842833,0.6475523546302577,0.6475523546302577,0.8287543134546939,0.8280011717448362,0.6218553517788891
921,0.3907613699251077,0.39041043417975085,0.3807640015720913,0.48349782613980535,0.37322903211681774,0.3683982271764059,0.36804084208782173,0.3688943119675761,0.36843346115168274,0.4495080692836537,0.49724549786417593,0.9154169910562308,0.46128389638941286,0.4763535989044743,0.4970911235543211,1.0322671021081247,0.47790556989429556,0.6457166906109165,0.6487215352945718,0.6453440044913493,0.6779538825370668,0.6779538825370668,0.8730171149632016,0.91187371320078,0.6418577468987118
922,0.3859931859051423,0.37264792399446867,0.37961294632722875,0.46461253589381807,0.3771751817314879,0.3458506533338044,0.3447707102651578,0.35425504523064827,0.3687132509632109,0.4022365117091133,0.421374718883136,0.7988116756007136,0.42203835030157494,0.4034079758603017,0.4167497038122884,0.8504343333346434,0.41038353582880055,0.542873535857118,0.5142481042682205,0.5828876764434014,0.5731211257479984,0.5731211257479984,0.763515441856631,0.7968986139490262,0.5479966722326851
923,0.44033887173832703,0.42080563100303947,0.4122525721503022,0.5076113593116315,0.41043622851456685,0.40640216241467386,0.40750149448977835,0.40708188709908577,0.40908787196721846,0.46475395934130415,0.4847867518357888,0.7763780444857262,0.49076375855909127,0.4733303927832459,0.4937034507678604,0.8334681846880986,0.48203336403679753,0.5473275400831645,0.5198813794061331,0.5377567337610346,0.6178253969996648,0.6178253969996648,0.6812806470161783,0.7748288418894689,0.5428407273295136
924,0.37789936161063276,0.379189019488644,0.3791291730057731,0.4540380771047637,0.3679498780300976,0.3728047774211407,0.37362920256725046,0.37526893933842387,0.3654694126157266,0.4079311556490404,0.4574464407866513,0.9066007905483121,0.4307188197917293,0.43777694149016055,0.45880126543052985,1.0007269932854796,0.4450037955555812,0.6028087524291429,0.5837650682069613,0.646998144338255,0.6348924453200127,0.6348924453200127,0.8856465199156938,0.9031967591404424,0.6165130051396169
925,0.41994054398417346,0.40008543830967336,0.4008339689916106,0.5003603788656568,0.39714057694055954,0.3801974390593324,0.3796226382181236,0.38074110886943624,0.3929070319585373,0.4635877081094761,0.5023294016675611,0.8535391981738211,0.49270950912629796,0.48000289616677533,0.5010883561709575,0.9107320799827243,0.4817982359632087,0.6231783610909095,0.6122439118961601,0.6094775066605415,0.671309305361771,0.671309305361771,0.8055900784476209,0.8508437801497277,0.6008635674286569
926,0.3950499408485298,0.3772712150904454,0.3873180151139161,0.48449551859186507,0.3824439215119087,0.3667571310039866,0.3659483554266651,0.3651925637228834,0.38065425676915315,0.4526904761977925,0.5069054894445642,0.9190575454041787,0.4721413095899392,0.4753873768712863,0.49454038137079886,1.0206257055854113,0.4882696297451179,0.6795255716891333,0.6456667712467342,0.6864671280575139,0.7227143571031767,0.7227143571031767,0.9132923130790159,0.9155059467031941,0.6672033909758964
927,0.41958027124816677,0.418978308543485,0.4160962991878172,0.5150022577973599,0.40323266392366164,0.4064573029970542,0.41032877667986517,0.4090712232873388,0.4033072836875347,0.42997372003498724,0.43538630754759156,0.776812987163889,0.45770457972864653,0.43773112810046483,0.4435090472072097,0.8063970563781487,0.42960574847388444,0.5423861283904899,0.5288361559525081,0.5449480311690661,0.586255933604943,0.586255933604943,0.6925965928238274,0.7752860855839814,0.5428407273295136
928,0.37777993666353793,0.3903040967462253,0.37661727608839596,0.4840199076294839,0.3844514369908313,0.37443861465560785,0.3771175848905746,0.3749740863269364,0.3828098921641645,0.44094237276956905,0.48238274351765936,0.8784260949625573,0.45032524592906076,0.4599152720492263,0.47173036806630886,0.9986008223262779,0.4680696513816948,0.6275661591450181,0.6198396320281242,0.6454977249256432,0.6525503980830779,0.6525503980830779,0.8620886632246576,0.8754347598549563,0.6283610698390791
929,0.4196687597108384,0.3951993432275385,0.40748914848225226,0.5037570753106363,0.4002468177640403,0.3815423543994175,0.3789799925562539,0.3800022369410045,0.41007071098637543,0.4686833826574253,0.5094066637156925,0.8517098619840416,0.4795201112330428,0.4694654864107769,0.4989350415669045,0.9419767644599722,0.4935198608847842,0.6324772910320359,0.6141271224635494,0.6231950385781365,0.6606615121529973,0.6606615121529973,0.813331203794745,0.8490274310381835,0.6262080109601696
930,0.43117964693359323,0.4244540055220356,0.41502635383067604,0.5229231660063115,0.4074231207142709,0.3934177478355898,0.3913662303134034,0.3919226430254997,0.399364487115623,0.4766474822154373,0.4913211164715779,0.814419739679542,0.506439714372512,0.4883253489428644,0.49534878093344636,0.863086771051321,0.4801091079271311,0.6387664457325732,0.5925674954602402,0.5955033525446173,0.6878677677484392,0.6878677677484392,0.7874922561965341,0.812332775926215,0.6006798585905153
931,0.40021426137723254,0.37931349547389104,0.3893335773173542,0.47158980879670903,0.3689632299085659,0.3619471793273137,0.36419900738405997,0.3624547292407295,0.36446733664566466,0.41934366376780763,0.49212695518028465,0.846100451931369,0.46476116479354107,0.4502872610207966,0.4937154020883164,0.9308781353992923,0.47353191449581156,0.5769332821116973,0.5637832118139342,0.5806766578800716,0.6207052219766476,0.6207052219766476,0.7566970283261942,0.8435187808372229,0.5696401631275991
932,0.4338671658011815,0.41324297180671266,0.41671136888474913,0.521853657626873,0.40855320081205493,0.3836793572273729,0.381707707680199,0.384240627610159,0.3982128159024624,0.46661532118527915,0.48821324944156863,0.8124437362898915,0.49803115949980914,0.4752860721443633,0.48745953884401644,0.8409730730882157,0.4671744118054156,0.6283994274010488,0.6072383052002478,0.5848024484291766,0.6407648662997576,0.6407648662997576,0.7975900945775475,0.8103544816405004,0.5969032139548662
933,0.4116765105020419,0.3974785964877748,0.3970174041372914,0.5021381772232264,0.4013180361473538,0.3740116263481688,0.36945947244153077,0.37947907175549755,0.38618851587295633,0.45226695678854073,0.47120855200474093,0.8285659772261512,0.46448252202496776,0.4536332897957701,0.4673826337483541,0.8801911149090602,0.46119844771068796,0.6025471884212845,0.5678313747851855,0.6230827411668822,0.6383374051278208,0.6383374051278208,0.8146747284239586,0.8262086972996394,0.5840918713943503
934,0.4340013201286307,0.41238237112039977,0.42423987635322413,0.5120689356256483,0.39969129133388,0.38888696962808106,0.3888580927901587,0.3916508138177126,0.4003782491284566,0.4489366329284711,0.43651831317813444,0.7740239079010255,0.46466636198221284,0.44242385013964197,0.43834118971763936,0.808538985638667,0.42740024031204726,0.5522156521873064,0.541644326549764,0.5523413533991807,0.5910661809167405,0.5910661809167405,0.7222462296830414,0.7725374816990352,0.5504168383335103
935,0.43997701126426336,0.3900666128953013,0.42372043176555824,0.49601469938542064,0.3881761592691833,0.37930764608087647,0.37893446938697795,0.3756532636065372,0.38854337200471895,0.46011768335314135,0.49438947158399205,0.8126153662156744,0.48610998276007517,0.46500461058843523,0.49209556676126126,0.8801338166240359,0.4722083240777471,0.5671635651166868,0.5717371831271166,0.5623919672820058,0.6133183206472994,0.6133183206472994,0.7587167463151102,0.8105619066046723,0.5650025976434457
936,0.4144465820623374,0.3701797060576136,0.4049791526052358,0.47992171939453804,0.3633803690041216,0.3407824554997232,0.34127962714043464,0.3435560532687743,0.35740819671742674,0.4251933080079981,0.4583481581818002,0.8435555950143846,0.4426224575310506,0.42926158570573,0.449908880865351,0.9307023308819371,0.4401385204527358,0.5874878268159871,0.5710480930876604,0.5936085420271464,0.6058503804047692,0.6058503804047692,0.8234571542344629,0.8410788362564482,0.5864369611207555
937,0.42452504876764724,0.41616154280425266,0.42223114762435565,0.5201522655193604,0.39167130933279637,0.3787658954405283,0.37423772570544644,0.38190507756523645,0.4004394482467398,0.44317910065510613,0.42857981024881353,0.772201657575864,0.4586235738912827,0.4347671643076747,0.4347702733393608,0.8228129953729929,0.4272154160557444,0.5755897394694695,0.5508882988924202,0.5704881089371969,0.60501255572182,0.60501255572182,0.7558565043138992,0.7707978288625027,0.5627701834290542
938,0.4377725352198212,0.396787078701512,0.41653366175896056,0.48936097133555284,0.3951992305361808,0.3684586035598077,0.371093526308987,0.37136448144989903,0.38838003587878944,0.44439379068677826,0.4858236928843598,0.8371420314716149,0.47360950556247855,0.45174601943223563,0.48653980518154344,0.8512851606330982,0.4647445436818979,0.5874717146795172,0.5642640986411727,0.5751754064712706,0.6298360222238367,0.6298360222238367,0.7648825532842051,0.8347171895426536,0.586233285634996
939,0.3882873862424328,0.3830114702834069,0.3841840641197951,0.4691338173068226,0.37617803242305475,0.3676980706112885,0.36655924964682757,0.36435276312665277,0.37527832191616406,0.430994137220967,0.48001826275427084,0.8535391981738211,0.46046608656095994,0.45567902545203576,0.48381889057049243,0.9240603449782641,0.4662677801345884,0.600111406626661,0.5772675588180731,0.6101293164232204,0.6437593220320547,0.6437593220320547,0.8449899788984007,0.8508437801497277,0.6143228985417243
940,0.39312346450104113,0.39535314247686815,0.3914134126153604,0.4934136876896458,0.38750050648180917,0.3793555227644333,0.38510868895451744,0.37765516865533927,0.3817135740755007,0.4467363751874233,0.45592382180934476,0.8435555950143846,0.44800412450326527,0.45757597834466557,0.43579235420896145,0.8814423687477867,0.4403742906037757,0.6120855696041171,0.6089542420899272,0.5864893000909468,0.6334054937147114,0.6334054937147114,0.8376390678651715,0.8410788362564482,0.6142700724917092
941,0.40319017275045616,0.3963751571378611,0.40384233159032656,0.5105936226791548,0.3941223376809401,0.37923034600574906,0.3833736954168483,0.3777689417845965,0.3926059641293848,0.45686510292693133,0.48744370242665214,0.8151736748297845,0.47232112846291857,0.4650462814205796,0.46968122382998095,0.8698406221061,0.46492135622213837,0.6191787822506126,0.6174160538331317,0.5857373440175462,0.6473494760689912,0.6473494760689912,0.7818068487399279,0.8130923615519923,0.6075541836605729
942,0.39820890134401504,0.3752308884758339,0.39229065762385584,0.48683244683857635,0.37714708532580055,0.3509308675663789,0.3497576738957996,0.35327183619903496,0.3723440569667286,0.4437384794903167,0.47456311593636896,0.8316971378214552,0.45228158664672735,0.44705418097601535,0.4565017411160213,0.8885497976749643,0.45709724712698147,0.6168081031549788,0.5925601518949216,0.5953712816992078,0.6476366163930471,0.6476366163930471,0.803952949050599,0.8291979427765068,0.6033934460331883
943,0.4082558283318817,0.3875168545123431,0.4067570220751546,0.4948006335719361,0.39477811226981013,0.38408841705858365,0.38563329699967863,0.3767149286447397,0.3994114811944912,0.470303084161098,0.5413407586536217,0.8904068564226388,0.49050354306767446,0.4837922080788679,0.5271319003810907,0.9918148988574793,0.5025089076471605,0.65573556492327,0.6730950167429179,0.6333535554619091,0.6730769265414897,0.6730769265414897,0.8928596861627579,0.887245060763409,0.6632985360199883
944,0.4117719052619754,0.3782854541511968,0.3991353674576327,0.4770038949662238,0.3765340571707271,0.35749744970871794,0.3560559845882015,0.3579788030651032,0.36970016404780764,0.4376680957792958,0.4887236503403886,0.8525960172413496,0.47039547616096217,0.45422827254828774,0.47683367813485333,0.8922426905266955,0.4681184680362288,0.6231783610909095,0.5829287817658162,0.596013088411551,0.6473914071215146,0.6473914071215146,0.8128985756253376,0.8499135301734805,0.6057201678946134
945,0.44573117771558063,0.42891926533386665,0.4422099371849425,0.5348556387163902,0.4119488022461533,0.4125369734273576,0.4219506281862694,0.41541491217130755,0.4116987232222745,0.46029158032259265,0.4614513390466239,0.8103722500976408,0.47827186754350903,0.4541080433383381,0.45959300306506723,0.8091283001907305,0.44311857169036695,0.5759277388479702,0.5985886099115658,0.5305797804963807,0.6134148241993718,0.6134148241993718,0.7262390178278586,0.8083895159731525,0.5743403289755273
946,0.40770541906967883,0.37430617787179776,0.39196899913271616,0.48253224180714893,0.37620728152083605,0.355204211557323,0.35036771523239696,0.3576458296110396,0.37691736722483415,0.4492677921255443,0.4728223101843989,0.8525823902025992,0.45746357858473014,0.44794105356343084,0.4608891350710997,0.9247606123079487,0.4614552097938818,0.6151073307753914,0.5838547452050541,0.6052675030834898,0.6415803998169464,0.6415803998169464,0.8227325633616775,0.8498913684639156,0.6212192120283383
947,0.44742747467399513,0.41647021701370224,0.4227395758724507,0.5161295467498183,0.40454630392307284,0.3932165291275025,0.3936904082481023,0.393838755374451,0.4000660893877326,0.47372651976069113,0.4920158627630252,0.8010498658147545,0.5013473302382578,0.4790247418835442,0.49981200030048784,0.8365179125724383,0.46822766903394863,0.5806859920603561,0.5842220672556301,0.5366474767141881,0.6308912269203893,0.6308912269203893,0.7471045731013355,0.7991292420965157,0.5620586789221661
948,0.3947029602936987,0.39744500472938366,0.3890360319007747,0.4914650619704642,0.39278191431607873,0.37693412280181476,0.3743397438920796,0.37539976176342055,0.4032449361163081,0.44575687118712254,0.49262146746556146,0.8162257257636701,0.46846501065706325,0.4587948922944745,0.49119908713282456,0.9240603449782641,0.4848838164979493,0.6093923085151899,0.5796103846534492,0.6137056181964035,0.6436038135169522,0.6436038135169522,0.781316816233586,0.814119272146994,0.6091524287106863
949,0.40264725936166673,0.4007926991853506,0.3984380007104322,0.4873921508146954,0.3873517373947722,0.3875679290037676,0.389735163848008,0.38816177390319756,0.38314398956033663,0.44167353735731657,0.45071856976552555,0.8349452215882592,0.4443846624915426,0.4490382228487835,0.4527672770906507,0.9245473438297602,0.4440225523203467,0.5770248046297348,0.552631353286112,0.6093285368654126,0.6246063196141457,0.6246063196141457,0.7786771197184058,0.8324261746617082,0.5847996872075872
950,0.4308300023541067,0.394552702070865,0.4146707172835431,0.502386325103386,0.39018959632901556,0.3741917723700739,0.37182364916712257,0.3703150103091075,0.3856531480561003,0.46634911709334725,0.5034445838580529,0.8374517762307451,0.49164864174253015,0.474913098950409,0.49272351584330076,0.8899611329891242,0.48870636323565336,0.6447481270652782,0.5968988655789577,0.5895443691986131,0.6615203913099729,0.6615203913099729,0.8201500209501841,0.8349287383354921,0.6287984030244969
951,0.40593291341024607,0.38206909540339523,0.397851611975556,0.48277886070077897,0.3835588364031948,0.3674052651897913,0.369160439326832,0.3722792246681516,0.37429436334770766,0.4289356208919049,0.42706821197279304,0.8028306845482241,0.4359313161332592,0.4318382038954005,0.40923701599571904,0.8044568663487613,0.41696845763579304,0.5599903125443693,0.5469011442299271,0.5678838059193122,0.5857234746398944,0.5857234746398944,0.7558937254186391,0.8008490297396382,0.5617350035108533
952,0.40171220838980515,0.39456911928671723,0.40290494639146773,0.49286680390535986,0.3882384672378725,0.3800624605628167,0.38156630377194717,0.38063818050635667,0.38891562212645914,0.4342350245977052,0.46517201543138365,0.8212467931862126,0.45383391252116045,0.44052707233314287,0.4613303771997667,0.871755591094834,0.451481668271585,0.586912280243285,0.5684205597876293,0.5808916421018172,0.62241903350408,0.62241903350408,0.7819817453141877,0.8190503396673859,0.5902886417902466
953,0.4142052425893,0.3951352564175359,0.4008417585816902,0.49827308424769673,0.3929384439143369,0.3687110107419339,0.3682256340977907,0.3692010676863031,0.38222985997284603,0.45354497175077224,0.47826993307645016,0.852712544270326,0.47268726188416926,0.46348248987260887,0.4764134300730856,0.9233382352184133,0.4579090367295917,0.6210514066479274,0.6081151131128483,0.6185410153835296,0.6519363713525125,0.6519363713525125,0.8265904314876562,0.8500477922748448,0.603018015784182
954,0.3874871833593001,0.4005278803342319,0.3899914887681421,0.4921294796632147,0.3866351440029133,0.3823089698715138,0.3798923290602201,0.38726401756403517,0.3896896718379341,0.4329908354456501,0.45304266544650934,0.850087177179589,0.44557345455352176,0.44117468220061906,0.45452618203548883,0.9201515601072542,0.44622103989963996,0.6044407256583858,0.575594366483033,0.6271127535600333,0.641367003244438,0.641367003244438,0.8256470349739635,0.8475323879090052,0.6037609719149322
955,0.40074094443569,0.388897503066291,0.39229065762385584,0.48920102726941833,0.37641364272593336,0.36029292315996975,0.36108482212006004,0.3607690233285892,0.3695621550093284,0.44405370135438593,0.483153061871718,0.8491249207377011,0.46533494872075154,0.4653298905178325,0.47326160965229924,0.9160148954415384,0.4661314164877201,0.6418633670301855,0.6062059044244512,0.6033066133842833,0.6654606242303758,0.6654606242303758,0.804639120920552,0.8463761810537792,0.6254934312044143
956,0.38405313026684107,0.37251877308522807,0.3789603291171762,0.4801088342364945,0.37646462462542196,0.35131992134415846,0.3537803662237937,0.3497965537583657,0.37174531870457167,0.43768677948755896,0.5038917372895911,0.8821853174549216,0.4588490248579872,0.45809316408928447,0.4898556743929133,0.986753972625393,0.48513615422448286,0.6334640790904558,0.6250364056901202,0.6473622683881348,0.6665489229664587,0.6665489229664587,0.8470885865034553,0.8791122596071749,0.6207780918223349
957,0.37049205673174307,0.3858143312854597,0.3713147116888786,0.4654346115326985,0.3680297947405125,0.3648099281120522,0.3636874439862778,0.3633770231136603,0.3689585542208704,0.4163832937376078,0.46978073255158653,0.8612938849027119,0.44508973944715446,0.45183684004130953,0.4742046247314918,0.9797683817383696,0.4628697650165573,0.6168081031549788,0.5868665301617518,0.6528175291096702,0.6475773088963239,0.6475773088963239,0.8344158940296011,0.8585175408592252,0.6190372345420098
958,0.42898939216183424,0.41339475347222343,0.41022088076006485,0.518072523005274,0.40291608184481,0.38999909933844606,0.3889658636312405,0.38789175142924487,0.40031480955080634,0.48084979997217164,0.5209410086135753,0.8983971446669545,0.5040022245206687,0.4976747689371429,0.5166090324625655,0.9509158203798177,0.5088573970565544,0.6937617857044911,0.6692904789877475,0.6333492178381791,0.7125963043222028,0.7125963043222028,0.8865477615579765,0.8950870611845041,0.6782533279150212
959,0.4279790762582249,0.3951983445089896,0.4220047227617552,0.5037570753106363,0.39066708157166774,0.3788376206763293,0.3816507047687133,0.38133285943838924,0.3913646084630754,0.43748506093565903,0.4890429332807978,0.8403025073123349,0.47007553120687434,0.44369505743736315,0.4903879571491713,0.9114750674134586,0.46824373928877816,0.5636433871586266,0.5934567169796559,0.5723737780423227,0.5994607844037472,0.5994607844037472,0.744601207954917,0.8378012355080511,0.5602295331164578
960,0.4144155088207567,0.3930085704523394,0.4099988236312555,0.4964113609258718,0.379756869112574,0.365993433854567,0.37114115400711356,0.36648548163948846,0.38014850000699296,0.4553048486949212,0.4975242455273978,0.8897862927199505,0.4618944386184732,0.46315921724969683,0.4831102759082057,0.9564248439870836,0.48326698881640606,0.645030659152344,0.6288413215485267,0.6233011282283303,0.6823039154049156,0.6823039154049156,0.824139854478907,0.8866196875520548,0.6360501353680521
961,0.4359059135083935,0.39705360819348146,0.41701407795520845,0.49719088784997134,0.39075627129598695,0.3971498072296397,0.39613882426763025,0.39283351700529284,0.3884151989971591,0.4775743786007532,0.5032438877944493,0.8712001711320162,0.4978567742908675,0.4939725118164413,0.49619925053622144,0.9087290217000051,0.48320166743613474,0.6109925653590111,0.6290890881962224,0.5930034933585511,0.64560121320944,0.64560121320944,0.8450810180008241,0.8682277548689293,0.6273437552856341
962,0.3924619265370746,0.3659953424197591,0.391362866465905,0.4661170074646376,0.3671603753883267,0.3430648577875938,0.34220868423034023,0.339059433533087,0.3661925348055544,0.4342700222955605,0.4824473497209687,0.8433023985742204,0.44102832015335924,0.44588216714961204,0.4674971018181422,0.9380756956356027,0.4631261664236504,0.6073687363231828,0.5842211553987948,0.6158416425727709,0.6338676430039695,0.6338676430039695,0.8410355525794169,0.8407265573126873,0.6070795565472228
963,0.4010264277021382,0.3808132824206504,0.392223989518597,0.4916166403110372,0.37742783585621725,0.3681798704058165,0.3653982128923606,0.36870032131451974,0.38234887797022166,0.4539000256130749,0.4945988723166841,0.8294326951135801,0.46892546244495953,0.46477410281759357,0.47751298447723917,0.9051748615142681,0.48790473280557983,0.6043551732687786,0.5934805796231934,0.5920538825781331,0.6380100424130072,0.6380100424130072,0.7734046079096123,0.8271407420543017,0.5989483430536016
964,0.4096524628945529,0.3911875433836175,0.4091171515458524,0.4936549333129928,0.37868060365660755,0.37923034600574906,0.3810013448381669,0.3777689417845965,0.3753095885698308,0.44373371636316294,0.46627384947697836,0.8285659772261512,0.45890057172882676,0.4541748736625593,0.45434120018370333,0.8893207970621954,0.4462942904500239,0.6028148188155542,0.5772334513035836,0.5817689481105285,0.6279204777544055,0.6279204777544055,0.800429864955172,0.8262086972996394,0.6024292557556609
965,0.4262247323406529,0.3982348720966812,0.41976259646388636,0.5108412108665962,0.3957701970708487,0.38980696628953665,0.39041939586690794,0.39537297225590196,0.38718304035467627,0.4571594850733871,0.4736577747531129,0.8346691654782051,0.46563791515250136,0.4535931534234455,0.46255670122850695,0.8718025241430766,0.4594447244601852,0.5785502187903333,0.5876093872468913,0.5897957307342154,0.6134862989601785,0.6134862989601785,0.7797866267741269,0.8321774528745627,0.5759937994310994
966,0.41437285733987317,0.392164992141391,0.3986996696863417,0.4833890451788542,0.38174724341529814,0.3797077964836191,0.3795016560047608,0.3823672122789256,0.38016858911801277,0.4412724171667934,0.4714310734128284,0.8348778609090652,0.46696943645244526,0.45942481243225186,0.4686672954725066,0.8855234310216971,0.4629368989270688,0.5822455686408797,0.5537700574245231,0.5810352576078522,0.6318984613153139,0.6318984613153139,0.7660489036461734,0.8325639769378107,0.5862714270036524
967,0.40299386612588517,0.376393805805618,0.393705948746005,0.4688585082188721,0.37035046752831946,0.3673637005629509,0.36659774692537755,0.36787319870417734,0.36616904258282695,0.43276669418503455,0.4912592281934923,0.8971619764883849,0.4577257844273158,0.45736762543052845,0.4913083745237312,0.9698385173905869,0.4713214847633937,0.5990855193873175,0.6086789353550248,0.6182832600152998,0.6397592594966294,0.6397592594966294,0.8515892028324185,0.8938129500386447,0.6066052338341082
968,0.43556910139722055,0.41110797638652913,0.4149758098843179,0.5086253524001779,0.4120843095684716,0.3984202036057064,0.39669147905362845,0.3969255323692338,0.41091485130949584,0.46972676222619764,0.5060860353925862,0.8455932023937625,0.4991805182978422,0.4764264674095141,0.5093536863264682,0.8903274494120803,0.49343555332791883,0.6060882087765633,0.5868915826591165,0.6165851669763874,0.6574177352439552,0.6574177352439552,0.8015048903575089,0.8430887285185779,0.6099535706992668
969,0.42812952357613415,0.406525754320969,0.41951806188389557,0.5173155932042022,0.391972014801135,0.3961850713450944,0.3985331631865959,0.39969665773359353,0.38670221002593,0.44226200811417876,0.45158190366461287,0.8598174336481521,0.4566902060512732,0.4464312786772978,0.45185007895233903,0.9258714906359965,0.4482148096412773,0.5977322539711468,0.5887725962545344,0.6137461152750602,0.6178968017481934,0.6178968017481934,0.8325054165820696,0.8570619084804032,0.6019430369425607
970,0.4338370687436829,0.40818198141683837,0.40536762057202863,0.4983009705734196,0.4067987199875501,0.38180092936209703,0.37999422408410444,0.3875251852567328,0.3929862353641078,0.4623553093855901,0.4956178070734176,0.8465416874806914,0.48603037745106764,0.4756086111130181,0.4966188243910633,0.8734440491742496,0.4805194761224727,0.5979085137984826,0.591319100141277,0.5963091127754782,0.639307647954825,0.639307647954825,0.7847565865059349,0.8438935976583218,0.5829436532222975
971,0.387022568782646,0.38888939351918606,0.37900611065041634,0.48293139128709256,0.3793046259612004,0.36520254044008804,0.3621034630745581,0.36955506544052713,0.3703048894124497,0.42791146721419615,0.44132282064329015,0.8150081971259147,0.44520317450153174,0.4466911811896145,0.4410399255170451,0.8915169433449834,0.4348785016528709,0.5977322539711468,0.5564651663817923,0.618847627187645,0.6328747928944973,0.6328747928944973,0.7907641480816677,0.8129299056659468,0.5832715703892009
972,0.41268603292274214,0.3996363177531321,0.40013534229584746,0.5037915165417588,0.3954991122856158,0.38018173850829273,0.37551877831290176,0.3807398094772345,0.38843758954015717,0.4738640649913665,0.5067545804382751,0.8677725270740012,0.48875118475406365,0.482380455342143,0.49888579767154506,0.9247606123079487,0.49134410235738046,0.6511250270658558,0.6168753914173827,0.6293656350043552,0.6929516981463412,0.6929516981463412,0.8433244883198393,0.8648908436696645,0.6408449477578019
973,0.4265053836783047,0.393540048240195,0.41957955507725575,0.5050207352340587,0.40405747764461225,0.383997082706362,0.38167558064060336,0.37999956319388933,0.399257112557512,0.454783421769261,0.4761495419319686,0.8018515446962614,0.48714269487561784,0.4570939932552426,0.47313718517743514,0.859360389760612,0.45230526092178236,0.5668739200728693,0.5798711019830919,0.5956332392301943,0.5999049086509642,0.5999049086509642,0.8127885066299826,0.7999822227213523,0.5745015013226483
974,0.3828978749896571,0.379189019488644,0.375417528395898,0.4681038777734242,0.3650086608618005,0.35899684716453717,0.354035750573878,0.3557554607760512,0.3642475088458899,0.4381601500183585,0.5217326489529494,0.9119764152784879,0.47753516083627195,0.4793374508598764,0.5197654239417296,1.030721612473278,0.5055822596332463,0.6808329520010816,0.6317411700024602,0.6641869864719038,0.7003061103801302,0.7003061103801302,0.9129201534928271,0.908476290947611,0.6674976082194207
975,0.4206804278930359,0.43153364877444167,0.4213387511809693,0.5334598461088718,0.40672727877913,0.4064573029970542,0.41069143890434023,0.4051436698999593,0.40941763111463414,0.4525097861008126,0.44282216177372363,0.760042342848443,0.47748491877135313,0.45544065084734836,0.4451166706977419,0.7614277248792718,0.4357023133502644,0.5657040048597369,0.5615795809647058,0.5209524249173689,0.6079967014569935,0.6079967014569935,0.6937919370086014,0.758738187299347,0.5590808484010541
976,0.40960245134794515,0.3809997138143103,0.3970215036588079,0.4864232281803439,0.38997644620676725,0.3727162301012944,0.36744336053637544,0.37143760506208834,0.38630085520941226,0.45841601812505517,0.5254989717279664,0.8772458240712394,0.494708652999725,0.47755416706625087,0.5080325807344548,0.9329673804002223,0.49949357634121666,0.6703645342840231,0.6219130888265588,0.6318667860117628,0.6856462906800427,0.6856462906800427,0.882394665109081,0.8741940812734712,0.6550294305551517
977,0.41405357029271483,0.3787723978193838,0.40757619663026634,0.47824257308070073,0.36974461553821525,0.3587210241154626,0.3604070369530529,0.35707210660289207,0.3707259542233707,0.4460084950213156,0.4943914330418866,0.8586065720922658,0.4583116836401006,0.4515215146305358,0.48832989450055625,0.94375807390185,0.47176666504825354,0.58748473668505,0.5934370796588193,0.5786413999809903,0.6288114430257922,0.6288114430257922,0.7938708307184259,0.8558445365591311,0.5940462994668264
978,0.43585839370223006,0.38145573260974114,0.4236862986105217,0.49312152512411256,0.36989888149136746,0.355204211557323,0.3585758573392012,0.3536392683120955,0.36499502643606985,0.4450464057145967,0.5246050489180294,0.9162038006552562,0.48387076242387195,0.46002677305463346,0.5163576679061265,0.9982250718562525,0.4949466201236242,0.6536678526551147,0.650691602425783,0.6084892412625672,0.6662062497092824,0.6662062497092824,0.8581239956147884,0.9126289902919468,0.6369462948440201
979,0.42286004654143755,0.3927314884260653,0.40753356870465207,0.48672699191948643,0.39594223812139373,0.38905702024155914,0.38670971001435084,0.3918326891402963,0.3913545684230367,0.4522870643781785,0.4733435017315157,0.8554299615977888,0.4630976949100162,0.4619776472680298,0.4703101800743202,0.9073324206571436,0.45629208407402266,0.5929428727666547,0.5827091584741473,0.6162911235731858,0.6308912269203893,0.6308912269203893,0.8175686512443722,0.8527659041694345,0.5953015314831396
980,0.4374940818452125,0.4169274223823881,0.43490832101952187,0.5420654994719303,0.4272242783423001,0.41693539152050996,0.418230598343372,0.41121550839207804,0.42805541545180303,0.5002889374197197,0.5286130487006926,0.8396682992479733,0.5063410625804126,0.48847846334885936,0.50950620039704,0.8937840099152397,0.4993041892376816,0.6408812110852686,0.6640291261973715,0.6144622580056085,0.6599747335022772,0.6599747335022772,0.8410355525794169,0.8372090080008421,0.638490028866005
981,0.4073991549951535,0.3860226975647937,0.39722879017702084,0.49053363453182214,0.3867326018758557,0.37970360662322283,0.37738323088996156,0.37804721130300206,0.3915732159439613,0.45785277815824077,0.5112992539943416,0.8830906133310329,0.47643720228190467,0.47172391823989174,0.5016303201296841,0.974191759772042,0.49659782417492176,0.6218824276395126,0.6295663065580474,0.6260268230522061,0.652802531424182,0.652802531424182,0.8470885865034553,0.8800329406551081,0.6273399785799334
982,0.41270552883155476,0.3927314884260653,0.4080249221380457,0.5012045141259833,0.38094690883928334,0.3674052651897913,0.3692502524062805,0.37009917338708737,0.38390064478096153,0.4340613097103405,0.44501923801884824,0.7874860037797826,0.45008413413893833,0.4310963260708043,0.43989336217958025,0.8423079139431592,0.4375492451424199,0.5641733777263626,0.5520370623762878,0.5523413533991807,0.5941862046188261,0.5941862046188261,0.7283478955051084,0.7857502441018518,0.5647562370586684
983,0.4153681522303437,0.39478043953862624,0.4102372906724939,0.5016314640653357,0.38580263166666356,0.37280672891443367,0.3765431730892223,0.3813921469810061,0.3821573651306952,0.42566949968180634,0.4010071956376806,0.7642462121680882,0.4306555644818662,0.4157549797611165,0.3903486136896813,0.8005549958883855,0.39351747504108053,0.5349024515164867,0.5314463098387109,0.549051410489235,0.560948016366165,0.560948016366165,0.7262530629039528,0.7629236198917,0.5345918810985837
984,0.4201934058047941,0.39345571483919994,0.4058195372109695,0.4963156914902172,0.39052581520961244,0.3765524285017236,0.3741979923606081,0.3748351680638177,0.3962443953179464,0.44654758631906927,0.47031000827559427,0.8057136888695472,0.4658364961902771,0.45338464097894043,0.4743744426877704,0.9068713412013956,0.4608141394002517,0.5820715999826875,0.5712753017836929,0.589194221133625,0.6169949620744472,0.6169949620744472,0.7777715498585934,0.803711259023988,0.5840918713943503
985,0.3880417695656436,0.3809069430681894,0.3851626595385854,0.46733430370277323,0.3666671015458204,0.3673374918090703,0.36929775812500637,0.36784441027052656,0.3661871190960777,0.4186127440793931,0.4755229175168852,0.8677725270740012,0.4459759238048151,0.44741779285230227,0.47760655948856506,0.9883095124606298,0.46431327984754883,0.5932881153283313,0.5741861882802533,0.6213485113403491,0.6388466528824558,0.6388466528824558,0.7872154371968233,0.8648908436696645,0.5987691126266027
986,0.44082050604471273,0.41071337920024614,0.4351024222454175,0.5091573298330246,0.38151916467774705,0.3960865931459479,0.4015038038330011,0.39670037680267906,0.3819763511509666,0.4538530105239736,0.4491402884794883,0.8627537169505568,0.4547071421356956,0.45297723933847567,0.4510391636120645,0.8937840099152397,0.43386193635931386,0.5978838415632858,0.5787015634597643,0.5766065511288981,0.6443383845787858,0.6443383845787858,0.7950129207736776,0.8599681372302275,0.5998790021225245
987,0.4280149449414363,0.4114436560664412,0.4172177135958872,0.5239179087222295,0.39698725470925517,0.39072432430574744,0.38963263080778027,0.3974555227166603,0.39128171666920797,0.4574603568994966,0.45378473498649996,0.8332979440891501,0.4587731408941559,0.4467742418362775,0.45143244282542766,0.9066288636905527,0.447246415346089,0.5940012820949025,0.5848206246032639,0.6011884694916242,0.6134332017498588,0.6134332017498588,0.7970876296148652,0.8309324337771717,0.5921179906177713
988,0.4144465820623374,0.39525659262056323,0.39897194129695496,0.5010319202676309,0.4069939814013594,0.3864700773793928,0.3819836925764129,0.3870451348539285,0.39939390443889305,0.46940346561216284,0.48298253781978273,0.8226068984170718,0.4782866327245077,0.4758565743754402,0.4711621569189239,0.8897143539182982,0.4670291035194602,0.6144525441492695,0.5919399308627789,0.6185410153835296,0.6476366163930471,0.6476366163930471,0.823237724288516,0.820368519821752,0.600426105117175
989,0.4275982401469369,0.4253200179557695,0.4137490966469306,0.5292242215696557,0.4183328416747077,0.4135520125489857,0.4160994039701913,0.4142432047613982,0.4177048595807674,0.48207427727524876,0.4796819719887473,0.8064910895324103,0.48472818129845946,0.48106482089533276,0.47053640752630427,0.8362740564683726,0.4683773102518681,0.5999818760430593,0.6068763533413062,0.562157571329918,0.6287763919248154,0.6287763919248154,0.7635905735133104,0.8044847640805886,0.5968215518175142
990,0.4230518334054775,0.3975592433297091,0.4192926765344066,0.5114575318892459,0.38111603770446556,0.3814616905226876,0.379945494683994,0.3792064611318117,0.381745537123212,0.45724934671324424,0.4665914577921517,0.8371935486269493,0.46458813376916086,0.4547233236743042,0.4631231978276394,0.8974840638355459,0.45298806447784123,0.5967375617696393,0.6147439869645979,0.5735817310116464,0.6153957821478866,0.6153957821478866,0.8222741276172689,0.8347007907049211,0.605203755487821
991,0.4075080419261134,0.37655169662505683,0.3998248059855671,0.4751365875194142,0.3675242056487726,0.36085567149799425,0.3626160299528964,0.36133366933398064,0.3703859241709935,0.4448385073932453,0.49068154124865676,0.870791652319043,0.4512404874029835,0.4539749569206915,0.48124208605997193,0.9651879250915478,0.46999454597689877,0.5936793196941937,0.6119965071269189,0.5841582585991868,0.6255394767346489,0.6255394767346489,0.7985472978423451,0.867813915696065,0.5953633357116773
992,0.42891224261964417,0.4014138502790758,0.4218709437051964,0.5139341436244123,0.3948910817966919,0.38914562647540135,0.38999493200384666,0.38738251824599634,0.40198484962346076,0.46290126984831925,0.4867996424521714,0.8769494610854532,0.47232112846291857,0.4604259764917403,0.48095027009474683,0.9564248439870836,0.4747222292977921,0.6328017731060601,0.6077991800864562,0.6371746674661007,0.6659216193927715,0.6659216193927715,0.8502091519944436,0.8739207257541995,0.634473735611663
993,0.41475180126436123,0.3963383418020365,0.4050998813977985,0.4897519543996754,0.39729698804884334,0.3863484406023692,0.38386599613168937,0.3809278380379587,0.392735518231402,0.46490191983581586,0.5246406319995595,0.8590201983972593,0.5080226117161591,0.4880526630229804,0.5295219512455706,0.9162964823619132,0.49086560092942666,0.646775515475904,0.6121873766168525,0.6261248106803491,0.6803221846535709,0.6803221846535709,0.8939445400976964,0.8562907336485145,0.6442972979965621
994,0.43145957550651526,0.4043196236024271,0.4201349769619827,0.4986467693755136,0.3933182870930265,0.37331228217494705,0.37640787303642265,0.3713858380390998,0.39365946335923147,0.43915151298792027,0.448728907241593,0.7890930384504212,0.46262463694427286,0.44306676697809577,0.45182196225849025,0.8423079139431592,0.4364354823417289,0.5580442840203841,0.5515948758051245,0.5672014331102532,0.5999050959456539,0.5999050959456539,0.7465940510400185,0.7874416584295746,0.5530205971413621
995,0.3891067082828319,0.3633716684572175,0.3907481807964293,0.4595137435684978,0.35183753527846895,0.34426817987522,0.34550092332061066,0.34241251796643674,0.35283167066873444,0.41896569888325946,0.44915602270884186,0.8712001711320162,0.4176089347883872,0.43043838488510455,0.43998194971026755,0.9958159527941797,0.4411095931163868,0.6024415376679898,0.5718583855456029,0.6357021070009413,0.6323535709749125,0.6323535709749125,0.8451539942531336,0.8682277548689293,0.6097870032088204
996,0.4167269876258876,0.4011840236188279,0.3987612877706917,0.5056622022534709,0.39266237506697677,0.37572946153278197,0.375191097209993,0.37837626445696054,0.380040922489678,0.4509476609287759,0.5197299665434297,0.8837874025500462,0.49242469013378964,0.4805444275119074,0.5179049963393364,0.9775566573460882,0.5042437040337081,0.6624654679126547,0.6293098960572245,0.6384420976036073,0.6846165790620539,0.6846165790620539,0.8372243649421751,0.8806412969336506,0.6299816431562736
997,0.39063844865783703,0.3930085704523394,0.38716924199453023,0.48536485989939554,0.3950467772126798,0.3822995899574304,0.3820245480294022,0.3808009967382463,0.3953737798799083,0.4380636213126283,0.47222932607683893,0.852712544270326,0.45105756854767065,0.4503704386040129,0.4700250394166712,0.9210165445259997,0.4593849518192047,0.6103510764063789,0.5977011194846273,0.6251761067205053,0.6323513683557784,0.6323513683557784,0.844840075387574,0.8500477922748448,0.6163638323069923
998,0.3755345674590559,0.37440928404675944,0.3713252571578458,0.46281481071581887,0.3699397628511536,0.34707789947033285,0.34557041537556793,0.34949545317044844,0.36783070154146386,0.4106379481802779,0.4502395834080569,0.7856235770560392,0.4356956859177903,0.4340024708375411,0.4478189157193366,0.8736148620898135,0.4402098847815514,0.5617071904192614,0.537686125051002,0.5859813506659441,0.6004296206913603,0.6004296206913603,0.7475938860355728,0.7839491354117325,0.5583098894582108
999,0.4524594093256652,0.4218067869484397,0.44470727627598405,0.5413646409486482,0.4165329134624454,0.4013061745008105,0.4046056212768093,0.39970192962329454,0.41764073111346944,0.4611497839373646,0.4682391400112022,0.8668408137868212,0.48606728726601045,0.4606543467290167,0.47409517636552373,0.9073039089879984,0.45196339495344284,0.6132288316885749,0.6090605407628492,0.6272009294968021,0.6406869063359494,0.6406869063359494,0.8267004261387023,0.8639969550433201,0.6019430369425607
