site,level,source,iml,rtp,T1_kind,storeys,T1,ln_saratio_mean,ln_saratio_sigma,var_within,var_between,ln_rsd595_mean,ln_rsd595_sigma
58,rtp475,rtp,0.10783190049985004,475.0,grid,,0.15,0.05835782414276902,0.25486160246287803,0.06430315401439979,0.0006512823955462915,3.9732386348275712,0.48964166021561956
58,grid_0.1645,grid,0.1645,1517.1489688095392,grid,,0.15,0.03806016463369312,0.2547104165262959,0.06430538519093353,0.0005720110960656193,3.923025877092309,0.48003210192436857
58,rtp2500,rtp,0.19168877363009612,2500.0,grid,,0.15,0.030530462343104043,0.2546692290490223,0.06430558505354873,0.0005508311708746539,3.9025757557323493,0.4773871831661565
58,grid_0.2109,grid,0.2109,3447.8193871576937,grid,,0.15,0.025798048413853178,0.2546458567236913,0.06430559193312059,0.0005389204134221334,3.8893682832958882,0.47591765806405556
58,rtp5000,rtp,0.23635101712546108,5000.0,grid,,0.15,0.020126300972123663,0.2546203131845719,0.06430550613326595,0.0005259977529435134,3.8732382792880977,0.4743247295208733
58,grid_0.2423,grid,0.2423,5523.9959693607625,grid,,0.15,0.01888496878243854,0.254615125739078,0.06430547549378864,0.0005233867613378862,3.869664984302224,0.47400339625737364
58,grid_0.2700,grid,0.27,8396.827240775745,grid,,0.15,0.013483813033181257,0.2545918331025099,0.06430530018972609,0.0005117012927701591,3.85405797885109,0.47261938871029036
58,rtp10000,rtp,0.2828972523356917,10000.0,grid,,0.15,0.011155279336671953,0.2545819084125883,0.06430520397788465,0.0005067441131108568,3.847279981231882,0.47205449418898404
58,grid_0.2850,grid,0.285,10350.301457045032,grid,,0.15,0.010785376284981746,0.25458039286614875,0.0643051873410453,0.0005059890908373344,3.846197761785994,0.47196987063813317
58,grid_0.3100,grid,0.31,14329.14169799472,grid,,0.15,0.006587362570456687,0.2545636497985722,0.06430498478991994,0.0004976670088501747,3.8338954920105754,0.47102887923742587
58,grid_0.3300,grid,0.33,18249.878798165097,grid,,0.15,0.003471256114830703,0.2545515439468156,0.06430481779289758,0.0004916707328100198,3.8247467588256634,0.4703550222248398
58,grid_0.3434,grid,0.3434,21389.695469404214,grid,,0.15,0.0014855427579268275,0.2545443639304277,0.06430470667447874,0.00048812653426726836,3.818880472542945,0.4699579285823414
58,grid_0.3600,grid,0.36,26467.98997652761,grid,,0.15,-0.000861329043772788,0.25453545116711956,0.06430456740989846,0.0004837284909506633,3.811961876365352,0.46948764819585626
58,grid_0.3649,grid,0.3649,28132.966214579945,grid,,0.15,-0.0015301793394252433,0.2545326890286936,0.06430452591456207,0.0004823638696155751,3.81000035131169,0.46934900900515214
58,grid_0.4000,grid,0.4,42579.636046908556,grid,,0.15,-0.006040223696050802,0.2545124313063605,0.06430421945906405,0.0004723582304108058,3.7968469051475493,0.46840504396274013
58,grid_0.4500,grid,0.45,72448.27444526688,grid,,0.15,-0.011758035863245387,0.25448762907259614,0.06430378211088457,0.00046017124010671223,3.78019929754373,0.46737302498543526
58,grid_0.4898,grid,0.4898,106200.86026799273,grid,,0.15,-0.01580457537932294,0.25446904535863196,0.06430341289405278,0.0004510821516806995,3.76846807104144,0.46673832016873323
58,grid_0.5000,grid,0.5,118799.45821484919,grid,,0.15,-0.016773771993353725,0.2544640369062613,0.06430331924832013,0.0004486268303109781,3.7656680548612917,0.466599193247082
58,grid_0.5500,grid,0.55,199504.4587446909,grid,,0.15,-0.021081841360334915,0.2544340694896808,0.06430277653476459,0.0004339191823151083,3.753716444734332,0.46587347784096017
58,grid_0.5971,grid,0.5971,311919.71859265055,grid,,0.15,-0.024699032800619476,0.25441087033126947,0.06430222425563352,0.0004226666870804927,3.7435822869890925,0.4655304264729096
58,grid_0.6049,grid,0.6049,334734.348952621,grid,,0.15,-0.025256930075287277,0.254407014724423,0.06430212826149306,0.00042080087949971344,3.7420748218770976,0.4654671014651118
58,grid_0.6500,grid,0.65,494950.2230107515,grid,,0.15,-0.02821654696386637,0.254381858586937,0.06430132885687566,0.00040880112126876963,3.734350106296496,0.4652374463953923
58,grid_0.7139,grid,0.7139,838232.4367662984,grid,,0.15,-0.03175341022220288,0.254340663558534,0.06429990196810455,0.00038927117129085504,3.7260115963690583,0.465144656229666
58,grid_0.7892,grid,0.7892,1627259.2415256226,grid,,0.15,-0.03515241556549652,0.2542920121816931,0.06429741881797008,0.0003670086414442749,3.718739379977786,0.4655636082047937
58,grid_0.8000,grid,0.8,1780352.4943833908,grid,,0.15,-0.03560445116768127,0.25428635172248637,0.06429702719205553,0.00036452148027651845,3.7177619553364467,0.46569146331705
58,grid_0.8904,grid,0.8904,3614791.9901831076,grid,,0.15,-0.03857018064280569,0.25422825908665553,0.06429288396711433,0.00033912375111732544,3.7131617059605215,0.4671007812127231
58,grid_0.9500,grid,0.95,5549148.238583638,grid,,0.15,-0.040450830200663625,0.25420184382393163,0.0642903396604579,0.00032823774302862614,3.7111080129378644,0.46803376682552156
58,grid_1.0112,grid,1.0112,8386653.841517482,grid,,0.15,-0.04179903518445167,0.2541690409194948,0.0642862517978613,0.00031564956407454606,3.7114841900200144,0.46952877290619466
58,grid_1.1500,grid,1.15,,grid,,0.15,-0.044537237865183675,0.25414232195608616,0.06427778637241985,0.00031053343681111244,3.7134440782378118,0.4743405032279735
58,grid_1.3368,grid,1.3368,,grid,,0.15,-0.04661806371915005,0.25419231662228164,0.06429128787740226,0.00032244595240002666,3.7195412992115857,0.478116616132104
58,rtp475,rtp,0.10783190049985004,475.0,grid,,0.2,0.16579148473086155,0.2700236031714527,0.0724404718196249,0.00047227445006926133,3.9732386348275712,0.48964166021561956
58,grid_0.1645,grid,0.1645,1517.1489688095392,grid,,0.2,0.15050057914566123,0.26996478815006336,0.07244335058333772,0.00043763625757087254,3.923025877092309,0.48003210192436857
58,rtp2500,rtp,0.19168877363009612,2500.0,grid,,0.2,0.14485936591526255,0.2699488449927836,0.07244360404790534,0.00042877486503256276,3.9025757557323493,0.4773871831661565
58,grid_0.2109,grid,0.2109,3447.8193871576937,grid,,0.2,0.1413205894408026,0.269939735085344,0.07244360935605237,0.0004238512218933295,3.8893682832958882,0.47591765806405556
58,rtp5000,rtp,0.23635101712546108,5000.0,grid,,0.2,0.13708531425871706,0.2699297543119809,0.07244349362328445,0.0004185786396419325,3.8732382792880977,0.4743247295208733
58,grid_0.2423,grid,0.2423,5523.9959693607625,grid,,0.2,0.1361592194570182,0.2699277187508309,0.07244345288656628,0.00041752046346138494,3.869664984302224,0.47400339625737364
58,grid_0.2700,grid,0.27,8396.827240775745,grid,,0.2,0.13213241829833455,0.2699184233856018,0.07244322102062771,0.00041273426234128205,3.85405797885109,0.47261938871029036
58,rtp10000,rtp,0.2828972523356917,10000.0,grid,,0.2,0.130398039095067,0.26991439631613223,0.07244309432161015,0.0004106870170919284,3.847279981231882,0.47205449418898404
58,grid_0.2850,grid,0.285,10350.301457045032,grid,,0.2,0.13012264989962255,0.2699137767825655,0.07244307244803994,0.00041037444898865336,3.846197761785994,0.47196987063813317
58,grid_0.3100,grid,0.31,14329.14169799472,grid,,0.2,0.12699868238114428,0.2699069521428779,0.07244280630537624,0.0004069565096815435,3.8338954920105754,0.47102887923742587
58,grid_0.3300,grid,0.33,18249.878798165097,grid,,0.2,0.12468167825866511,0.26990197833988716,0.07244258704762707,0.00040449086415784985,3.8247467588256634,0.4703550222248398
58,grid_0.3434,grid,0.3434,21389.695469404214,grid,,0.2,0.12320620577753093,0.2698990057528497,0.07244244120140031,0.0004030321049764956,3.818880472542945,0.4699579285823414
58,grid_0.3600,grid,0.36,26467.98997652761,grid,,0.2,0.12146338033741498,0.2698952510357424,0.07244225848405912,0.00040118804758730586,3.811961876365352,0.46948764819585626
58,grid_0.3649,grid,0.3649,28132.966214579945,grid,,0.2,0.12096689089044142,0.2698940640760338,0.07244220404950952,0.0004006017739687229,3.81000035131169,0.46934900900515214
58,grid_0.4000,grid,0.4,42579.636046908556,grid,,0.2,0.11762228688839767,0.269885093513476,0.072441802266652,0.00039616143412568756,3.7968469051475493,0.46840504396274013
58,grid_0.4500,grid,0.45,72448.27444526688,grid,,0.2,0.11339289387506364,0.2698738002723075,0.07244122976775565,0.00039063830566167003,3.78019929754373,0.46737302498543526
58,grid_0.4898,grid,0.4898,106200.86026799273,grid,,0.2,0.11040919010760387,0.26986478333828906,0.072440747281172,0.0003862540050496889,3.76846807104144,0.46673832016873323
58,grid_0.5000,grid,0.5,118799.45821484919,grid,,0.2,0.10969649427597078,0.2698622579191489,0.07244062487893488,0.00038501337028635715,3.7656680548612917,0.466599193247082
58,grid_0.5500,grid,0.55,199504.4587446909,grid,,0.2,0.10654197125441724,0.2698467970801922,0.07243991597854155,0.00037737791589689297,3.753716444734332,0.46587347784096017
58,grid_0.5971,grid,0.5971,311919.71859265055,grid,,0.2,0.10391228116488146,0.2698342621935092,0.07243919499545286,0.00037133405806262683,3.7435822869890925,0.4655304264729096
58,grid_0.6049,grid,0.6049,334734.348952621,grid,,0.2,0.10350783031241756,0.2698322132996894,0.07243906963786838,0.00037035369634072675,3.7420748218770976,0.4654671014651118
58,grid_0.6500,grid,0.65,494950.2230107515,grid,,0.2,0.10137774870227402,0.2698183880311911,0.07243802871460311,0.0003639338051473276,3.734350106296496,0.4652374463953923
58,grid_0.7139,grid,0.7139,838232.4367662984,grid,,0.2,0.09887101478791274,0.2697957426622671,0.07243617151543964,0.0003535712432445916,3.7260115963690583,0.465144656229666
58,grid_0.7892,grid,0.7892,1627259.2415256226,grid,,0.2,0.09652442403220944,0.2697672803289669,0.0724329386996552,0.00034144683643221214,3.718739379977786,0.4655636082047937
58,grid_0.8000,grid,0.8,1780352.4943833908,grid,,0.2,0.09621560994898609,0.26976388030536086,0.07243242858267122,0.000340122534733844,3.7177619553364467,0.46569146331705
58,grid_0.8904,grid,0.8904,3614791.9901831076,grid,,0.2,0.09428816382900805,0.26972740087893093,0.0724270283927659,0.000325842392137626,3.7131617059605215,0.4671007812127231
58,grid_0.9500,grid,0.95,5549148.238583638,grid,,0.2,0.09304417516460077,0.2697111816974423,0.0724237019659553,0.000320419566675445,3.7111080129378644,0.46803376682552156
58,grid_1.0112,grid,1.0112,8386653.841517482,grid,,0.2,0.09224695444312161,0.26969204377428213,0.07241837913363462,0.000315419341514675,3.7114841900200144,0.46952877290619466
58,grid_1.1500,grid,1.15,,grid,,0.2,0.090682620403423,0.26968960883866444,0.07240737068575709,0.0003251144297947515,3.7134440782378118,0.4743405032279735
58,grid_1.3368,grid,1.3368,,grid,,0.2,0.08997746763841223,0.2697790439257877,0.07242492900140969,0.0003558035401023951,3.7195412992115857,0.478116616132104
58,rtp475,rtp,0.10783190049985004,475.0,grid,,0.25,0.18817112526741392,0.26994096175791965,0.07252055610290316,0.00034756673188746784,3.9732386348275712,0.48964166021561956
58,grid_0.1645,grid,0.1645,1517.1489688095392,grid,,0.25,0.17881348144459555,0.2699251814723508,0.07252265432750317,0.00033694926537831266,3.923025877092309,0.48003210192436857
58,rtp2500,rtp,0.19168877363009612,2500.0,grid,,0.25,0.17542933036865985,0.26992111035600086,0.0725228158503189,0.00033458996549748377,3.9025757557323493,0.4773871831661565
58,grid_0.2109,grid,0.2109,3447.8193871576937,grid,,0.25,0.17332042725021113,0.2699188207869881,0.07252280180685168,0.0003333680081865076,3.8893682832958882,0.47591765806405556
58,rtp5000,rtp,0.23635101712546108,5000.0,grid,,0.25,0.17080851689053844,0.2699162989461109,0.07252269233291592,0.0003321161038504043,3.8732382792880977,0.4743247295208733
58,grid_0.2423,grid,0.2423,5523.9959693607625,grid,,0.25,0.17026098573867757,0.26991576164218145,0.07252265665176907,0.00033186173110983166,3.869664984302224,0.47400339625737364
58,grid_0.2700,grid,0.27,8396.827240775745,grid,,0.25,0.16788441632774517,0.26991341717999956,0.07252245911388307,0.0003307936599014072,3.85405797885109,0.47261938871029036
58,rtp10000,rtp,0.2828972523356917,10000.0,grid,,0.25,0.16686356697762225,0.26991239692408703,0.07252235453323184,0.00033034748007406203,3.847279981231882,0.47205449418898404
58,grid_0.2850,grid,0.285,10350.301457045032,grid,,0.25,0.16670172103704606,0.26991223427438077,0.07252233668193897,0.00033027752904925267,3.846197761785994,0.47196987063813317
58,grid_0.3100,grid,0.31,14329.14169799472,grid,,0.25,0.1648676953949647,0.2699104678273495,0.07252212013482887,0.0003295405079498173,3.8338954920105754,0.47102887923742587
58,grid_0.3300,grid,0.33,18249.878798165097,grid,,0.25,0.16350982460789182,0.26990914986331077,0.07252194227505061,0.00032900690488454204,3.8247467588256634,0.4703550222248398
58,grid_0.3434,grid,0.3434,21389.695469404214,grid,,0.25,0.162646951305332,0.2699082708614377,0.07252182408380468,0.00032865059560655344,3.818880472542945,0.4699579285823414
58,grid_0.3600,grid,0.36,26467.98997652761,grid,,0.25,0.16162865631170253,0.2699071987617598,0.0725216762352072,0.00032821970821290264,3.811961876365352,0.46948764819585626
58,grid_0.3649,grid,0.3649,28132.966214579945,grid,,0.25,0.16133863687339225,0.26990687187592827,0.07252163218405114,0.0003280873017976159,3.81000035131169,0.46934900900515214
58,grid_0.4000,grid,0.4,42579.636046908556,grid,,0.25,0.1593874510813707,0.26990435415873804,0.07252130778163629,0.0003270526122091978,3.7968469051475493,0.46840504396274013
58,grid_0.4500,grid,0.45,72448.27444526688,grid,,0.25,0.15693253054579534,0.26990095654347557,0.07252085360871079,0.0003256727343722947,3.78019929754373,0.46737302498543526
58,grid_0.4898,grid,0.4898,106200.86026799273,grid,,0.25,0.15521089894842102,0.269897698995979,0.07252047528275,0.0003242926405740629,3.76846807104144,0.46673832016873323
58,grid_0.5000,grid,0.5,118799.45821484919,grid,,0.25,0.15480182289281347,0.2698967763937186,0.07252037911191493,0.0003238907958060186,3.7656680548612917,0.466599193247082
58,grid_0.5500,grid,0.55,199504.4587446909,grid,,0.25,0.1529984437069441,0.269891626309652,0.07251982328192003,0.00032166667014883743,3.753716444734332,0.46587347784096017
58,grid_0.5971,grid,0.5971,311919.71859265055,grid,,0.25,0.15151873889438294,0.2698868105689159,0.07251925982107989,0.0003196306979819964,3.7435822869890925,0.4655304264729096
58,grid_0.6049,grid,0.6049,334734.348952621,grid,,0.25,0.1512914492718277,0.269886098707338,0.07251916148881896,0.00031934478664802715,3.7420748218770976,0.4654671014651118
58,grid_0.6500,grid,0.65,494950.2230107515,grid,,0.25,0.15010766520070531,0.269881439788356,0.07251836157315275,0.0003176299690832718,3.734350106296496,0.4652374463953923
58,grid_0.7139,grid,0.7139,838232.4367662984,grid,,0.25,0.14874536809564534,0.26987548352020496,0.07251693716100828,0.00031583944425614754,3.7260115963690583,0.465144656229666
58,grid_0.7892,grid,0.7892,1627259.2415256226,grid,,0.25,0.14752418642765497,0.2698669044307699,0.07251444983788023,0.00031369626916605275,3.718739379977786,0.4655636082047937
58,grid_0.8000,grid,0.8,1780352.4943833908,grid,,0.25,0.14736711495937171,0.26986589404995526,0.07251405579136616,0.00031354498001552253,3.7177619553364467,0.46569146331705
58,grid_0.8904,grid,0.8904,3614791.9901831076,grid,,0.25,0.14646621262731446,0.26985333579171866,0.07250986048021435,0.00031096235770371877,3.7131617059605215,0.4671007812127231
58,grid_0.9500,grid,0.95,5549148.238583638,grid,,0.25,0.14584129016464395,0.26984843080819776,0.07250721519693948,0.0003109604127072216,3.7111080129378644,0.46803376682552156
58,grid_1.0112,grid,1.0112,8386653.841517482,grid,,0.25,0.14551221521663033,0.26984624095011095,0.07250310948563414,0.00031388426927119253,3.7114841900200144,0.46952877290619466
58,grid_1.1500,grid,1.15,,grid,,0.25,0.1449024365308439,0.26987754933319846,0.07249470551322387,0.0003391861208691012,3.7134440782378118,0.4743405032279735
58,grid_1.3368,grid,1.3368,,grid,,0.25,0.1451458696880044,0.26999837704129487,0.07250814485036772,0.0003909787545654901,3.7195412992115857,0.478116616132104
58,rtp475,rtp,0.10783190049985004,475.0,grid,,0.3,0.2124699779447468,0.25973842870497726,0.06714597295416362,0.00031807839196694443,3.9732386348275712,0.48964166021561956
58,grid_0.1645,grid,0.1645,1517.1489688095392,grid,,0.3,0.20526558602370917,0.25971748541321493,0.06714774148326194,0.00030543074610156484,3.923025877092309,0.48003210192436857
58,rtp2500,rtp,0.19168877363009612,2500.0,grid,,0.3,0.20270926121960103,0.2597117825127985,0.0671478692019638,0.0003023407740113393,3.9025757557323493,0.4773871831661565
58,grid_0.2109,grid,0.2109,3447.8193871576937,grid,,0.3,0.20112620610267093,0.25970859339555985,0.06714785086834756,0.00030070261515266483,3.8893682832958882,0.47591765806405556
58,rtp5000,rtp,0.23635101712546108,5000.0,grid,,0.3,0.1992492433161585,0.2597050490317743,0.06714774947882415,0.0002989630137721633,3.8732382792880977,0.4743247295208733
58,grid_0.2423,grid,0.2423,5523.9959693607625,grid,,0.3,0.1988413583551185,0.2597042921697943,0.0671477172301322,0.0002986021412816828,3.869664984302224,0.47400339625737364
58,grid_0.2700,grid,0.27,8396.827240775745,grid,,0.3,0.19707321205725395,0.25970116534630366,0.06714754036691778,0.0002971549153103839,3.85405797885109,0.47261938871029036
58,rtp10000,rtp,0.2828972523356917,10000.0,grid,,0.3,0.19631539255846486,0.25969986772355425,0.06714744778613738,0.0002965735094941982,3.847279981231882,0.47205449418898404
58,grid_0.2850,grid,0.285,10350.301457045032,grid,,0.3,0.19619541783549754,0.2596996639147513,0.0671474320482181,0.0002964833892166799,3.846197761785994,0.47196987063813317
58,grid_0.3100,grid,0.31,14329.14169799472,grid,,0.3,0.1948368866314075,0.2596974211584782,0.06714724135119603,0.00029550920516799306,3.8338954920105754,0.47102887923742587
58,grid_0.3300,grid,0.33,18249.878798165097,grid,,0.3,0.19383219096096482,0.25969576497700986,0.06714708489656214,0.00029480545043220063,3.8247467588256634,0.4703550222248398
58,grid_0.3434,grid,0.3434,21389.695469404214,grid,,0.3,0.19319494904257015,0.25969465336876846,0.06714698096621434,0.00029433202211048143,3.818880472542945,0.4699579285823414
58,grid_0.3600,grid,0.36,26467.98997652761,grid,,0.3,0.19244304252036107,0.2596933836975681,0.06714685102657456,0.0002938025097177846,3.811961876365352,0.46948764819585626
58,grid_0.3649,grid,0.3649,28132.966214579945,grid,,0.3,0.19222876043413412,0.25969302696022084,0.06714681230957092,0.00029365594219104424,3.81000035131169,0.46934900900515214
58,grid_0.4000,grid,0.4,42579.636046908556,grid,,0.3,0.19078684536240392,0.25969053302806,0.06714652741773418,0.0002926455266637276,3.7968469051475493,0.46840504396274013
58,grid_0.4500,grid,0.45,72448.27444526688,grid,,0.3,0.18897659593697277,0.2596873920255161,0.06714613127885757,0.0002914102981565192,3.78019929754373,0.46737302498543526
58,grid_0.4898,grid,0.4898,106200.86026799273,grid,,0.3,0.1877096732190964,0.25968455352995345,0.0671458027421426,0.0002902645999086628,3.76846807104144,0.46673832016873323
58,grid_0.5000,grid,0.5,118799.45821484919,grid,,0.3,0.18740919126461336,0.2596838414332832,0.06714571916440203,0.0002899783371445516,3.7656680548612917,0.466599193247082
58,grid_0.5500,grid,0.55,199504.4587446909,grid,,0.3,0.1860790983750231,0.2596805201879965,0.06714523648697233,0.00028873607813612034,3.753716444734332,0.46587347784096017
58,grid_0.5971,grid,0.5971,311919.71859265055,grid,,0.3,0.1849967014854237,0.2596772925165519,0.06714474778421449,0.0002875484645123924,3.7435822869890925,0.4655304264729096
58,grid_0.6049,grid,0.6049,334734.348952621,grid,,0.3,0.18482973263603034,0.25967684820924114,0.06714466237853826,0.0002874031173469918,3.7420748218770976,0.4654671014651118
58,grid_0.6500,grid,0.65,494950.2230107515,grid,,0.3,0.18395981835571046,0.2596743179707314,0.06714397304759888,0.00028677836596565504,3.734350106296496,0.4652374463953923
58,grid_0.7139,grid,0.7139,838232.4367662984,grid,,0.3,0.18295535618477948,0.2596728985374062,0.06714274647720199,0.00028726775761606094,3.7260115963690583,0.465144656229666
58,grid_0.7892,grid,0.7892,1627259.2415256226,grid,,0.3,0.1820599661645255,0.25966979588149763,0.06714060198497407,0.0002878009081645899,3.718739379977786,0.4655636082047937
58,grid_0.8000,grid,0.8,1780352.4943833908,grid,,0.3,0.18194620253547691,0.2596694632960317,0.06714026172853635,0.0002879684399127863,3.7177619553364467,0.46569146331705
58,grid_0.8904,grid,0.8904,3614791.9901831076,grid,,0.3,0.1812916911259383,0.25966379589328153,0.06713663115893984,0.00028865573876794837,3.7131617059605215,0.4671007812127231
58,grid_0.9500,grid,0.95,5549148.238583638,grid,,0.3,0.18081735080105393,0.25966180695596053,0.06713432178733648,0.0002899322042980157,3.7111080129378644,0.46803376682552156
58,grid_1.0112,grid,1.0112,8386653.841517482,grid,,0.3,0.18055915460222455,0.25966376990729567,0.06713077850223906,0.0002944949002299385,3.7114841900200144,0.46952877290619466
58,grid_1.1500,grid,1.15,,grid,,0.3,0.18008760934304194,0.2597032510214687,0.06712355481988758,0.00032222377123238694,3.7134440782378118,0.4743405032279735
58,grid_1.3368,grid,1.3368,,grid,,0.3,0.1804054106129098,0.2598386975456405,0.06713511860892257,0.0003810301332922636,3.7195412992115857,0.478116616132104
58,rtp475,rtp,0.10783190049985004,475.0,grid,,0.35,0.26363966130290106,0.2345356846658829,0.05472777744591688,0.0002792099357775829,3.9732386348275712,0.48964166021561956
58,grid_0.1645,grid,0.1645,1517.1489688095392,grid,,0.35,0.2598706112035863,0.23448137967095506,0.0547276762520465,0.0002538411603480728,3.923025877092309,0.48003210192436857
58,rtp2500,rtp,0.19168877363009612,2500.0,grid,,0.35,0.2586176401204089,0.2344665223744971,0.05472759063031455,0.00024695948407600643,3.9025757557323493,0.4773871831661565
58,grid_0.2109,grid,0.2109,3447.8193871576937,grid,,0.35,0.25785915807913934,0.23445832894859156,0.05472753117030301,0.0002431768430629505,3.8893682832958882,0.47591765806405556
58,rtp5000,rtp,0.23635101712546108,5000.0,grid,,0.35,0.2569750496020882,0.23444941024711577,0.0547274521021604,0.0002390738630599909,3.8732382792880977,0.4743247295208733
58,grid_0.2423,grid,0.2423,5523.9959693607625,grid,,0.35,0.25678512722040225,0.23444757708115482,0.054727433708883784,0.0002382326903402482,3.869664984302224,0.47400339625737364
58,grid_0.2700,grid,0.27,8396.827240775745,grid,,0.35,0.25596581070981766,0.23444002025938832,0.054727347430437966,0.00023477566878443712,3.85405797885109,0.47261938871029036
58,rtp10000,rtp,0.2828972523356917,10000.0,grid,,0.35,0.25561759945607654,0.23443699392615508,0.05472731132987379,0.00023339279125828005,3.847279981231882,0.47205449418898404
58,grid_0.2850,grid,0.285,10350.301457045032,grid,,0.35,0.25556277406774885,0.23443653609897194,0.05472730576828876,0.0002331836897958156,3.846197761785994,0.47196987063813317
58,grid_0.3100,grid,0.31,14329.14169799472,grid,,0.35,0.25494374110385176,0.23443149024580778,0.054727240282965856,0.00023088333590441656,3.8338954920105754,0.47102887923742587
58,grid_0.3300,grid,0.33,18249.878798165097,grid,,0.35,0.25448787332632283,0.23442789344284548,0.05472718815103616,0.0002292490730139568,3.8247467588256634,0.4703550222248398
58,grid_0.3434,grid,0.3434,21389.695469404214,grid,,0.35,0.25420086544600323,0.2344256582045762,0.054727153876312384,0.0002282353483363947,3.818880472542945,0.4699579285823414
58,grid_0.3600,grid,0.36,26467.98997652761,grid,,0.35,0.25386235222036824,0.2344231566047757,0.05472711168812848,0.00022710466441870636,3.811961876365352,0.46948764819585626
58,grid_0.3649,grid,0.3649,28132.966214579945,grid,,0.35,0.253765614717153,0.2344224669837622,0.054727099109261344,0.00022679391749173827,3.81000035131169,0.46934900900515214
58,grid_0.4000,grid,0.4,42579.636046908556,grid,,0.35,0.25311377897076826,0.23441800330897827,0.05472700876530267,0.00022479151006547793,3.7968469051475493,0.46840504396274013
58,grid_0.4500,grid,0.45,72448.27444526688,grid,,0.35,0.252301603359655,0.23441322957626917,0.05472690629299021,0.00022265590738647367,3.78019929754373,0.46737302498543526
58,grid_0.4898,grid,0.4898,106200.86026799273,grid,,0.35,0.2517368606515543,0.23440993932602755,0.05472683460143956,0.00022118505339235872,3.76846807104144,0.46673832016873323
58,grid_0.5000,grid,0.5,118799.45821484919,grid,,0.35,0.25160376717291055,0.23440928887995185,0.054726815779896985,0.0002208989333077338,3.7656680548612917,0.466599193247082
58,grid_0.5500,grid,0.55,199504.4587446909,grid,,0.35,0.25100285060901373,0.23440692771369956,0.054726710713236766,0.00021989704693881063,3.753716444734332,0.46587347784096017
58,grid_0.5971,grid,0.5971,311919.71859265055,grid,,0.35,0.25052873838932227,0.23440543865640776,0.05472660998685645,0.0002192996848464912,3.7435822869890925,0.4655304264729096
58,grid_0.6049,grid,0.6049,334734.348952621,grid,,0.35,0.25045420642844096,0.23440525792513794,0.05472659128770955,0.00021923365524090244,3.7420748218770976,0.4654671014651118
58,grid_0.6500,grid,0.65,494950.2230107515,grid,,0.35,0.25006304786186073,0.23440504920272712,0.054726490859865765,0.000219236231867162,3.734350106296496,0.4652374463953923
58,grid_0.7139,grid,0.7139,838232.4367662984,grid,,0.35,0.24960112557827469,0.23440860515296846,0.05472632103357283,0.0002210731361874385,3.7260115963690583,0.465144656229666
58,grid_0.7892,grid,0.7892,1627259.2415256226,grid,,0.35,0.24919161344480859,0.23441298654145373,0.054725999788488265,0.0002234484707955009,3.718739379977786,0.4655636082047937
58,grid_0.8000,grid,0.8,1780352.4943833908,grid,,0.35,0.2491419197179072,0.23441378338380428,0.05472594394591032,0.00022387789439878847,3.7177619553364467,0.46569146331705
58,grid_0.8904,grid,0.8904,3614791.9901831076,grid,,0.35,0.24884054814599219,0.23442011500676593,0.05472527445131303,0.00022751586847234023,3.7131617059605215,0.4671007812127231
58,grid_0.9500,grid,0.95,5549148.238583638,grid,,0.35,0.24858947312850396,0.23442476326900144,0.054724660820650986,0.0002303088130763825,3.7111080129378644,0.46803376682552156
58,grid_1.0112,grid,1.0112,8386653.841517482,grid,,0.35,0.24842488591046402,0.23443491957590323,0.05472409831508107,0.00023563320147914485,3.7114841900200144,0.46952877290619466
58,grid_1.1500,grid,1.15,,grid,,0.35,0.24813984385666268,0.2344916943351588,0.054723222600053176,0.00026313211212036086,3.7134440782378118,0.4743405032279735
58,grid_1.3368,grid,1.3368,,grid,,0.35,0.2486035583245594,0.23464277523619914,0.05472473244941314,0.0003324995211323317,3.7195412992115857,0.478116616132104
58,rtp475,rtp,0.10783190049985004,475.0,grid,,0.4,0.30814534915933794,0.2230655447636896,0.04945909139491919,0.00029914586580241653,3.9732386348275712,0.48964166021561956
58,grid_0.1645,grid,0.1645,1517.1489688095392,grid,,0.4,0.3055963251857628,0.22297368037274046,0.04945798688642979,0.0002592752525352321,3.923025877092309,0.48003210192436857
58,rtp2500,rtp,0.19168877363009612,2500.0,grid,,0.4,0.30481992693183524,0.22294871132030256,0.049457792666226665,0.00024833521315693885,3.9025757557323493,0.4773871831661565
58,grid_0.2109,grid,0.2109,3447.8193871576937,grid,,0.4,0.30436528486641073,0.2229349725756331,0.04945771574148876,0.00024228625580952068,3.8893682832958882,0.47591765806405556
58,rtp5000,rtp,0.23635101712546108,5000.0,grid,,0.4,0.3038489916018061,0.22292011314256863,0.04945765511347034,0.00023572173002525676,3.8732382792880977,0.4743247295208733
58,grid_0.2423,grid,0.2423,5523.9959693607625,grid,,0.4,0.3037400992626085,0.22291709495434142,0.049457645697716664,0.0002343855251662058,3.869664984302224,0.47400339625737364
58,grid_0.2700,grid,0.27,8396.827240775745,grid,,0.4,0.30327327572017515,0.22290451063559794,0.04945761535197192,0.00022880550972347036,3.85405797885109,0.47261938871029036
58,rtp10000,rtp,0.2828972523356917,10000.0,grid,,0.4,0.30307726980443433,0.22289946341125633,0.04945761275530876,0.00022655803371723904,3.847279981231882,0.47205449418898404
58,grid_0.2850,grid,0.285,10350.301457045032,grid,,0.4,0.30304668098317683,0.222898706555605,0.04945761315608885,0.00022622022807286535,3.846197761785994,0.47196987063813317
58,grid_0.3100,grid,0.31,14329.14169799472,grid,,0.4,0.30270257432080416,0.2228903538516676,0.0494576207849129,0.000222489055208705,3.8338954920105754,0.47102887923742587
58,grid_0.3300,grid,0.33,18249.878798165097,grid,,0.4,0.302450329252252,0.2228844301758078,0.049457629351882235,0.0002198398629123105,3.8247467588256634,0.4703550222248398
58,grid_0.3434,grid,0.3434,21389.695469404214,grid,,0.4,0.30229338387763843,0.22288085047688486,0.04945763555371202,0.00021823795558748027,3.818880472542945,0.4699579285823414
58,grid_0.3600,grid,0.36,26467.98997652761,grid,,0.4,0.30210780411815646,0.2228767929127645,0.049457644266473824,0.0002164205526054841,3.811961876365352,0.46948764819585626
58,grid_0.3649,grid,0.3649,28132.966214579945,grid,,0.4,0.30205432056538717,0.22287565360462414,0.049457646847041965,0.00021591012264644827,3.81000035131169,0.46934900900515214
58,grid_0.4000,grid,0.4,42579.636046908556,grid,,0.4,0.30169077186194926,0.22286823429793035,0.049457669033926274,0.00021258082515089594,3.7968469051475493,0.46840504396274013
58,grid_0.4500,grid,0.45,72448.27444526688,grid,,0.4,0.30123774635334777,0.2228604282019326,0.049457734001826535,0.00020903645652221858,3.78019929754373,0.46737302498543526
58,grid_0.4898,grid,0.4898,106200.86026799273,grid,,0.4,0.3009206163086973,0.222855510515192,0.04945780730264274,0.0002067712643441244,3.76846807104144,0.46673832016873323
58,grid_0.5000,grid,0.5,118799.45821484919,grid,,0.4,0.3008454996566859,0.22285456168068118,0.04945782509470195,0.00020633056718658005,3.7656680548612917,0.466599193247082
58,grid_0.5500,grid,0.55,199504.4587446909,grid,,0.4,0.3004835178052572,0.22285075872101862,0.04945793305943166,0.00020452760310199491,3.753716444734332,0.46587347784096017
58,grid_0.5971,grid,0.5971,311919.71859265055,grid,,0.4,0.30020139359722414,0.2228490587224975,0.049458050599597826,0.0002036523739053081,3.7435822869890925,0.4655304264729096
58,grid_0.6049,grid,0.6049,334734.348952621,grid,,0.4,0.30015481208933026,0.22284880721253633,0.049458069530689035,0.00020352134536115452,3.7420748218770976,0.4654671014651118
58,grid_0.6500,grid,0.65,494950.2230107515,grid,,0.4,0.2998966686355716,0.22284869702053914,0.04945829608410548,0.00020324567964656592,3.734350106296496,0.4652374463953923
58,grid_0.7139,grid,0.7139,838232.4367662984,grid,,0.4,0.29955429601931,0.22285318933959106,0.049458712061824055,0.00020483193700356062,3.7260115963690583,0.465144656229666
58,grid_0.7892,grid,0.7892,1627259.2415256226,grid,,0.4,0.2992125589487339,0.2228604755086923,0.04945940359695292,0.00020738794700753127,3.718739379977786,0.4655636082047937
58,grid_0.8000,grid,0.8,1780352.4943833908,grid,,0.4,0.29917088914926665,0.22286186074586922,0.04945950619530052,0.00020790277981068417,3.7177619553364467,0.46569146331705
58,grid_0.8904,grid,0.8904,3614791.9901831076,grid,,0.4,0.2988352815793779,0.22287471083022878,0.04946049303372382,0.0002126436939342835,3.7131617059605215,0.4671007812127231
58,grid_0.9500,grid,0.95,5549148.238583638,grid,,0.4,0.29857002331069826,0.2228832894736881,0.049460846230131264,0.00021611449648058223,3.7111080129378644,0.46803376682552156
58,grid_1.0112,grid,1.0112,8386653.841517482,grid,,0.4,0.2983139400180528,0.22289832195191073,0.04946194213886282,0.0002217197901148299,3.7114841900200144,0.46952877290619466
58,grid_1.1500,grid,1.15,,grid,,0.4,0.29783886417007,0.22296623123181183,0.049464572719621916,0.00024936755009587197,3.7134440782378118,0.4743405032279735
58,grid_1.3368,grid,1.3368,,grid,,0.4,0.29802462870658664,0.22311596932806316,0.04946052128425092,0.00032021448495030136,3.7195412992115857,0.478116616132104
58,rtp475,rtp,0.10783190049985004,475.0,grid,,0.45,0.3392102791869661,0.21230374175353225,0.044758574564501545,0.0003143041980489675,3.9732386348275712,0.48964166021561956
58,grid_0.1645,grid,0.1645,1517.1489688095392,grid,,0.45,0.33733810074830617,0.21217704969518997,0.044756645973294,0.0002624544440611165,3.923025877092309,0.48003210192436857
58,rtp2500,rtp,0.19168877363009612,2500.0,grid,,0.45,0.3368269329669725,0.21214269678967082,0.044756360659174495,0.0002481631420197111,3.9025757557323493,0.4773871831661565
58,grid_0.2109,grid,0.2109,3447.8193871576937,grid,,0.45,0.3365413545507219,0.21212375110768028,0.044756267887228696,0.00024021789676439975,3.8893682832958882,0.47591765806405556
58,rtp5000,rtp,0.23635101712546108,5000.0,grid,,0.45,0.3362296550620895,0.21210323678448073,0.044756220290477794,0.00023156276397570674,3.8732382792880977,0.4743247295208733
58,grid_0.2423,grid,0.2423,5523.9959693607625,grid,,0.45,0.3361658252092779,0.21209907783989346,0.04475621774301162,0.00022980107752156032,3.869664984302224,0.47400339625737364
58,grid_0.2700,grid,0.27,8396.827240775745,grid,,0.45,0.3358945130866827,0.2120815342941961,0.044756230942153405,0.00022234624642687717,3.85405797885109,0.47261938871029036
58,rtp10000,rtp,0.2828972523356917,10000.0,grid,,0.45,0.3357827071893889,0.2120744495012277,0.044756254809050836,0.00021931732219794553,3.847279981231882,0.47205449418898404
58,grid_0.2850,grid,0.285,10350.301457045032,grid,,0.45,0.3357655190377695,0.2120733875920453,0.04475625994044799,0.00021886178431788916,3.846197761785994,0.47196987063813317
58,grid_0.3100,grid,0.31,14329.14169799472,grid,,0.45,0.3355731440788398,0.21206162241140875,0.044756325657674415,0.00021380604208448561,3.8338954920105754,0.47102887923742587
58,grid_0.3300,grid,0.33,18249.878798165097,grid,,0.45,0.33543282290107795,0.2120532363120353,0.04475638252051541,0.0002101925098924734,3.8247467588256634,0.4703550222248398
58,grid_0.3434,grid,0.3434,21389.695469404214,grid,,0.45,0.33534725446123737,0.21204820499960142,0.044756420945367276,0.00020802029818571544,3.818880472542945,0.4699579285823414
58,grid_0.3600,grid,0.36,26467.98997652761,grid,,0.45,0.33524519562935834,0.21204240992354928,0.04475647020897207,0.00020551339721444628,3.811961876365352,0.46948764819585626
58,grid_0.3649,grid,0.3649,28132.966214579945,grid,,0.45,0.3352152015836571,0.21204075440502715,0.04475648486802966,0.00020479666062338253,3.81000035131169,0.46934900900515214
58,grid_0.4000,grid,0.4,42579.636046908556,grid,,0.45,0.33500663453853935,0.2120297832240165,0.04475659680958387,0.00020003216443956195,3.7968469051475493,0.46840504396274013
58,grid_0.4500,grid,0.45,72448.27444526688,grid,,0.45,0.33474282950699813,0.21201797399927003,0.044756796016403054,0.00019482528235208185,3.78019929754373,0.46737302498543526
58,grid_0.4898,grid,0.4898,106200.86026799273,grid,,0.45,0.3345524045568164,0.21201055006764383,0.04475698598303652,0.00019148735694839158,3.76846807104144,0.46673832016873323
58,grid_0.5000,grid,0.5,118799.45821484919,grid,,0.45,0.3345061336771546,0.2120090267110953,0.04475703321977838,0.00019079418720754915,3.7656680548612917,0.466599193247082
58,grid_0.5500,grid,0.55,199504.4587446909,grid,,0.45,0.33425434702653173,0.21200209008560417,0.04475731266978468,0.00018757353087994755,3.753716444734332,0.46587347784096017
58,grid_0.5971,grid,0.5971,311919.71859265055,grid,,0.45,0.33405394784612435,0.21199855277197302,0.044757606094862255,0.00018578028254877255,3.7435822869890925,0.4655304264729096
58,grid_0.6049,grid,0.6049,334734.348952621,grid,,0.45,0.3340184205649598,0.2119979527872087,0.04475765532257608,0.00018547666339149838,3.7420748218770976,0.4654671014651118
58,grid_0.6500,grid,0.65,494950.2230107515,grid,,0.45,0.33380390542215094,0.21199615174297026,0.04475814663962354,0.0001842217142049296,3.734350106296496,0.4652374463953923
58,grid_0.7139,grid,0.7139,838232.4367662984,grid,,0.45,0.3334744190253091,0.21199822493597037,0.04475903726234059,0.00018421011366169526,3.7260115963690583,0.465144656229666
58,grid_0.7892,grid,0.7892,1627259.2415256226,grid,,0.45,0.3330973545292887,0.21200424299876217,0.0447605488606569,0.00018525018882130373,3.718739379977786,0.4655636082047937
58,grid_0.8000,grid,0.8,1780352.4943833908,grid,,0.45,0.33304974737031806,0.21200562047541613,0.044760779620907715,0.00018560349225846262,3.7177619553364467,0.46569146331705
58,grid_0.8904,grid,0.8904,3614791.9901831076,grid,,0.45,0.3325890097509071,0.21201912638811468,0.044763104387039364,0.00018900556733998652,3.7131617059605215,0.4671007812127231
58,grid_0.9500,grid,0.95,5549148.238583638,grid,,0.45,0.33225603052343616,0.21202778201772626,0.044764233342955005,0.0001915470044014378,3.7111080129378644,0.46803376682552156
58,grid_1.0112,grid,1.0112,8386653.841517482,grid,,0.45,0.3318741843694163,0.21204309145602898,0.04476667143777832,0.00019560119645155305,3.7114841900200144,0.46952877290619466
58,grid_1.1500,grid,1.15,,grid,,0.45,0.33113848384759004,0.21210978897123234,0.04477214701911682,0.0002184155583039027,3.7134440782378118,0.4743405032279735
58,grid_1.3368,grid,1.3368,,grid,,0.45,0.3308990599426619,0.21223793077294917,0.044763584909170866,0.000281354349612295,3.7195412992115857,0.478116616132104
58,rtp475,rtp,0.10783190049985004,475.0,grid,,0.5,0.372976826755951,0.19205764029407937,0.03652194746279349,0.0003641897325364907,3.9732386348275712,0.48964166021561956
58,grid_0.1645,grid,0.1645,1517.1489688095392,grid,,0.5,0.37196296277010427,0.19186799077997688,0.036518659049793505,0.0002946668361517857,3.923025877092309,0.48003210192436857
58,rtp2500,rtp,0.19168877363009612,2500.0,grid,,0.5,0.3717878747218096,0.19181675383638647,0.03651821978681593,0.00027544726551295695,3.9025757557323493,0.4773871831661565
58,grid_0.2109,grid,0.2109,3447.8193871576937,grid,,0.5,0.3717166029900673,0.1917884596080238,0.03651809802681083,0.0002647152120077434,3.8893682832958882,0.47591765806405556
58,rtp5000,rtp,0.23635101712546108,5000.0,grid,,0.5,0.37166433753912076,0.19175781536514397,0.036518067952513444,0.00025299180109919495,3.8732382792880977,0.4743247295208733
58,grid_0.2423,grid,0.2423,5523.9959693607625,grid,,0.5,0.37165766126260397,0.19175161263582807,0.036518075788587345,0.0002506051598533121,3.869664984302224,0.47400339625737364
58,grid_0.2700,grid,0.27,8396.827240775745,grid,,0.5,0.3716346850320679,0.19172521497191874,0.03651815633132699,0.0002404017247014667,3.85405797885109,0.47261938871029036
58,rtp10000,rtp,0.2828972523356917,10000.0,grid,,0.5,0.3716299927323305,0.19171449326054085,0.036518221898801856,0.00023622502734410578,3.847279981231882,0.47205449418898404
58,grid_0.2850,grid,0.285,10350.301457045032,grid,,0.5,0.3716298577108004,0.19171288596706496,0.036518234527852765,0.00023559611796808433,3.846197761785994,0.47196987063813317
58,grid_0.3100,grid,0.31,14329.14169799472,grid,,0.5,0.3716307665687245,0.1916950369596348,0.036518392453859905,0.00022859474109584998,3.8338954920105754,0.47102887923742587
58,grid_0.3300,grid,0.33,18249.878798165097,grid,,0.5,0.37163333964101364,0.19168226692756093,0.03651852610707861,0.00022356534741010958,3.8247467588256634,0.4703550222248398
58,grid_0.3434,grid,0.3434,21389.695469404214,grid,,0.5,0.37163897953564357,0.19167463982776373,0.03651861579670849,0.00022055175639446034,3.818880472542945,0.4699579285823414
58,grid_0.3600,grid,0.36,26467.98997652761,grid,,0.5,0.37164392941998636,0.1916657454928093,0.036518729627762626,0.00021702836755171928,3.811961876365352,0.46948764819585626
58,grid_0.3649,grid,0.3649,28132.966214579945,grid,,0.5,0.37164412313107037,0.19166317032758745,0.03651876352000479,0.00021600734001700483,3.81000035131169,0.46934900900515214
58,grid_0.4000,grid,0.4,42579.636046908556,grid,,0.5,0.37163584411832973,0.19164585414009783,0.036519018562019924,0.00020911484706773176,3.7968469051475493,0.46840504396274013
58,grid_0.4500,grid,0.45,72448.27444526688,grid,,0.5,0.3716193563374466,0.19162683240790385,0.0365194332147193,0.00020140968396756276,3.78019929754373,0.46737302498543526
58,grid_0.4898,grid,0.4898,106200.86026799273,grid,,0.5,0.37159729927750934,0.1916147573946357,0.03651981130177347,0.000196403949631635,3.76846807104144,0.46673832016873323
58,grid_0.5000,grid,0.5,118799.45821484919,grid,,0.5,0.37158996894320007,0.1916121519292967,0.03651990598157664,0.00019531078539924973,3.7656680548612917,0.466599193247082
58,grid_0.5500,grid,0.55,199504.4587446909,grid,,0.5,0.3714936603752626,0.19159932980212646,0.036520462019222086,0.00018984116140194351,3.753716444734332,0.46587347784096017
58,grid_0.5971,grid,0.5971,311919.71859265055,grid,,0.5,0.3714142480306131,0.19159216653899439,0.036521039500651546,0.00018651877845421438,3.7435822869890925,0.4655304264729096
58,grid_0.6049,grid,0.6049,334734.348952621,grid,,0.5,0.37139584819953825,0.19159090831799833,0.03652113759394037,0.0001859385561752691,3.7420748218770976,0.4654671014651118
58,grid_0.6500,grid,0.65,494950.2230107515,grid,,0.5,0.3712578356939307,0.19158584574334656,0.03652205915185893,0.00018307713733445308,3.734350106296496,0.4652374463953923
58,grid_0.7139,grid,0.7139,838232.4367662984,grid,,0.5,0.37098210192427183,0.19158352422066363,0.036523721644591826,0.00018052510821778278,3.7260115963690583,0.465144656229666
58,grid_0.7892,grid,0.7892,1627259.2415256226,grid,,0.5,0.3706116889280977,0.19158716140044424,0.03652656553232214,0.0001790748811577314,3.718739379977786,0.4655636082047937
58,grid_0.8000,grid,0.8,1780352.4943833908,grid,,0.5,0.3705639044699114,0.19158854687903806,0.036527004224842875,0.00017916707037848867,3.7177619553364467,0.46569146331705
58,grid_0.8904,grid,0.8904,3614791.9901831076,grid,,0.5,0.37001974447961133,0.1916031209604376,0.0365314954498375,0.00018026051194258708,3.7131617059605215,0.4671007812127231
58,grid_0.9500,grid,0.95,5549148.238583638,grid,,0.5,0.36964350816880964,0.19161238397615546,0.03653386927572075,0.00018143641730489213,3.7111080129378644,0.46803376682552156
58,grid_1.0112,grid,1.0112,8386653.841517482,grid,,0.5,0.3691566398529077,0.19162952020136112,0.03653848623681839,0.00018338677578547125,3.7114841900200144,0.46952877290619466
58,grid_1.1500,grid,1.15,,grid,,0.5,0.3682034734091068,0.1917023808416798,0.03654859612967318,0.00020120669069526032,3.7134440782378118,0.4743405032279735
58,grid_1.3368,grid,1.3368,,grid,,0.5,0.367594452238869,0.19180872821369868,0.03653269159461494,0.0002578966243415859,3.7195412992115857,0.478116616132104
58,rtp475,rtp,0.10783190049985004,475.0,grid,,0.55,0.4034862361939312,0.1818301778938198,0.032653315574215414,0.00040889801868274067,3.9732386348275712,0.48964166021561956
58,grid_0.1645,grid,0.1645,1517.1489688095392,grid,,0.55,0.40294588139558746,0.18159003609694058,0.03264925358227152,0.00032568762741666535,3.923025877092309,0.48003210192436857
58,rtp2500,rtp,0.19168877363009612,2500.0,grid,,0.55,0.40295950187038815,0.18152518111488852,0.0326487282317974,0.0003026631469956742,3.9025757557323493,0.4773871831661565
58,grid_0.2109,grid,0.2109,3447.8193871576937,grid,,0.55,0.40300907824140203,0.1814893166404767,0.03264859114575631,0.00028978090887091246,3.8893682832958882,0.47591765806405556
58,rtp5000,rtp,0.23635101712546108,5000.0,grid,,0.55,0.4031035369059844,0.18145045808701823,0.032648572671080886,0.00027569606890787135,3.8732382792880977,0.4743247295208733
58,grid_0.2423,grid,0.2423,5523.9959693607625,grid,,0.55,0.4031292475427781,0.18144259904222787,0.03264858680336954,0.0002728299438291282,3.869664984302224,0.47400339625737364
58,grid_0.2700,grid,0.27,8396.827240775745,grid,,0.55,0.40324687765328787,0.18140897808448037,0.03264870750325445,0.00026050982640102305,3.85405797885109,0.47261938871029036
58,rtp10000,rtp,0.2828972523356917,10000.0,grid,,0.55,0.4033028198208558,0.18139527308995781,0.03264879760153515,0.00025544749784522924,3.847279981231882,0.47205449418898404
58,grid_0.2850,grid,0.285,10350.301457045032,grid,,0.55,0.40331234391867105,0.18139321805581066,0.032648814622479594,0.00025468493416327953,3.846197761785994,0.47196987063813317
58,grid_0.3100,grid,0.31,14329.14169799472,grid,,0.55,0.403422666224196,0.1813703728654304,0.03264902650084102,0.0002461856525042272,3.8338954920105754,0.47102887923742587
58,grid_0.3300,grid,0.33,18249.878798165097,grid,,0.55,0.40350599927817743,0.18135399697463386,0.032649205030732695,0.00024006718794281068,3.8247467588256634,0.4703550222248398
58,grid_0.3434,grid,0.3434,21389.695469404214,grid,,0.55,0.40356321531382994,0.1813442412215127,0.03264932466646079,0.00023640915774539306,3.818880472542945,0.4699579285823414
58,grid_0.3600,grid,0.36,26467.98997652761,grid,,0.55,0.40362850545897166,0.18133278685751494,0.03264947619067866,0.00023210339883428244,3.811961876365352,0.46948764819585626
58,grid_0.3649,grid,0.3649,28132.966214579945,grid,,0.55,0.4036456572112339,0.18132944543301555,0.0326495213103402,0.00023084647070475972,3.81000035131169,0.46934900900515214
58,grid_0.4000,grid,0.4,42579.636046908556,grid,,0.55,0.4037492024700833,0.18130678368778827,0.032649859807511304,0.0002222900036991382,3.7968469051475493,0.46840504396274013
58,grid_0.4500,grid,0.45,72448.27444526688,grid,,0.55,0.40386934422004095,0.181281587468088,0.03265039952438043,0.0002126144305696076,3.78019929754373,0.46737302498543526
58,grid_0.4898,grid,0.4898,106200.86026799273,grid,,0.55,0.4039388222265942,0.18126543812482857,0.03265088643217101,0.0002062726264150383,3.76846807104144,0.46673832016873323
58,grid_0.5000,grid,0.5,118799.45821484919,grid,,0.55,0.40395233445944617,0.1812618587592492,0.032651008571598306,0.00020485286925969737,3.7656680548612917,0.466599193247082
58,grid_0.5500,grid,0.55,199504.4587446909,grid,,0.55,0.4039350398704792,0.181243543082204,0.03265172457344898,0.00019749733554175197,3.753716444734332,0.46587347784096017
58,grid_0.5971,grid,0.5971,311919.71859265055,grid,,0.55,0.4039144101327599,0.18123281105267666,0.03265246617615585,0.00019286562589934664,3.7435822869890925,0.4655304264729096
58,grid_0.6049,grid,0.6049,334734.348952621,grid,,0.55,0.40390388534438176,0.18123090750668416,0.03265259253066265,0.00019204930503366469,3.7420748218770976,0.4654671014651118
58,grid_0.6500,grid,0.65,494950.2230107515,grid,,0.55,0.40379629840653625,0.18122233725147247,0.03265376152049031,0.00018777399839611797,3.734350106296496,0.4652374463953923
58,grid_0.7139,grid,0.7139,838232.4367662984,grid,,0.55,0.40352725706486675,0.18121476906698727,0.0326558676688226,0.00018292485917892343,3.7260115963690583,0.465144656229666
58,grid_0.7892,grid,0.7892,1627259.2415256226,grid,,0.55,0.4031275644408966,0.18121442408097493,0.03265947789289132,0.00017918960210810964,3.718739379977786,0.4655636082047937
58,grid_0.8000,grid,0.8,1780352.4943833908,grid,,0.55,0.40307498756463395,0.1812155587429237,0.03266003631060587,0.00017904241990415737,3.7177619553364467,0.46569146331705
58,grid_0.8904,grid,0.8904,3614791.9901831076,grid,,0.55,0.4024347130294493,0.18122841135229506,0.03266577678889652,0.00017796029238015265,3.7131617059605215,0.4671007812127231
58,grid_0.9500,grid,0.95,5549148.238583638,grid,,0.55,0.40200566207970984,0.18123701745681584,0.032668873352101495,0.00017798314454067765,3.7111080129378644,0.46803376682552156
58,grid_1.0112,grid,1.0112,8386653.841517482,grid,,0.55,0.4014215522048615,0.18125348298519614,0.03267474432721442,0.0001780807670503648,3.7114841900200144,0.46952877290619466
58,grid_1.1500,grid,1.15,,grid,,0.55,0.4002656066654972,0.18132618122857583,0.032687514575999416,0.00019166942293891154,3.7134440782378118,0.4743405032279735
58,grid_1.3368,grid,1.3368,,grid,,0.55,0.39934863330190207,0.1814093715825153,0.03266739284987816,0.00024196724808495107,3.7195412992115857,0.478116616132104
58,rtp475,rtp,0.10783190049985004,475.0,grid,,0.6,0.4368738187570101,0.16706641724971008,0.027427346422953226,0.000483841349701003,3.9732386348275712,0.48964166021561956
58,grid_0.1645,grid,0.1645,1517.1489688095392,grid,,0.6,0.43703241230775564,0.16674325366860795,0.02742277705896714,0.0003805355850265979,3.923025877092309,0.48003210192436857
58,rtp2500,rtp,0.19168877363009612,2500.0,grid,,0.6,0.43732171657835256,0.16665568536778333,0.027422198481815156,0.00035191898359043794,3.9025757557323493,0.4773871831661565
58,grid_0.2109,grid,0.2109,3447.8193871576937,grid,,0.6,0.4375474556741116,0.16660710173800264,0.02742205384017124,0.0003358725093659254,3.8893682832958882,0.47591765806405556
58,rtp5000,rtp,0.23635101712546108,5000.0,grid,,0.6,0.4378554884008988,0.16655435146470182,0.0274220464741651,0.0003183055176623206,3.8732382792880977,0.4743247295208733
58,grid_0.2423,grid,0.2423,5523.9959693607625,grid,,0.6,0.4379282960796179,0.166543675166226,0.02742206557068238,0.0003147301671910241,3.869664984302224,0.47400339625737364
58,grid_0.2700,grid,0.27,8396.827240775745,grid,,0.6,0.43825064281709963,0.16649774240678047,0.027422216585735133,0.00029928164081949316,3.85405797885109,0.47261938871029036
58,rtp10000,rtp,0.2828972523356917,10000.0,grid,,0.6,0.4383949467656398,0.1664789266602614,0.027422324478196477,0.0002929085437562151,3.847279981231882,0.47205449418898404
58,grid_0.2850,grid,0.285,10350.301457045032,grid,,0.6,0.4384185447891244,0.16647610121486656,0.02742234464562998,0.0002919476300725088,3.846197761785994,0.47196987063813317
58,grid_0.3100,grid,0.31,14329.14169799472,grid,,0.6,0.43868842434832767,0.16644464470080453,0.02742259505472425,0.00028122469485281076,3.8338954920105754,0.47102887923742587
58,grid_0.3300,grid,0.33,18249.878798165097,grid,,0.6,0.43888976644107447,0.16642202932523703,0.027422805533702087,0.0002734863110279706,3.8247467588256634,0.4703550222248398
58,grid_0.3434,grid,0.3434,21389.695469404214,grid,,0.6,0.43902235615214213,0.16640856490303724,0.027422946467224516,0.00026886400586384473,3.818880472542945,0.4699579285823414
58,grid_0.3600,grid,0.36,26467.98997652761,grid,,0.6,0.4391760811075422,0.1663926470458735,0.02742312475818778,0.00026338823274485446,3.811961876365352,0.46948764819585626
58,grid_0.3649,grid,0.3649,28132.966214579945,grid,,0.6,0.43921817660066864,0.16638797147981163,0.02742317785144007,0.0002617792017265419,3.81000035131169,0.46934900900515214
58,grid_0.4000,grid,0.4,42579.636046908556,grid,,0.6,0.4394872185567747,0.16635598508286437,0.027423575482337807,0.00025073829055238805,3.7968469051475493,0.46840504396274013
58,grid_0.4500,grid,0.45,72448.27444526688,grid,,0.6,0.4398118660059607,0.16631989049458906,0.02742420236861183,0.00023810360552026233,3.78019929754373,0.46737302498543526
58,grid_0.4898,grid,0.4898,106200.86026799273,grid,,0.6,0.44002068522606597,0.16629641594255412,0.02742476436392043,0.000229733591418535,3.76846807104144,0.46673832016873323
58,grid_0.5000,grid,0.5,118799.45821484919,grid,,0.6,0.44006643734985523,0.16629107403408014,0.027424905482800844,0.00022781582060707462,3.7656680548612917,0.466599193247082
58,grid_0.5500,grid,0.55,199504.4587446909,grid,,0.6,0.44017768308311506,0.1662628955229957,0.027425731855002404,0.00021761857268817741,3.753716444734332,0.46587347784096017
58,grid_0.5971,grid,0.5971,311919.71859265055,grid,,0.6,0.44025731226517084,0.1662454897084673,0.027426586390198553,0.00021097645820955524,3.7435822869890925,0.4655304264729096
58,grid_0.6049,grid,0.6049,334734.348952621,grid,,0.6,0.44026095399143306,0.16624239930225762,0.02742673225094858,0.00020980307482268423,3.7420748218770976,0.4654671014651118
58,grid_0.6500,grid,0.65,494950.2230107515,grid,,0.6,0.4402165608181419,0.16622714839833702,0.027428069264707353,0.00020339559993540202,3.734350106296496,0.4652374463953923
58,grid_0.7139,grid,0.7139,838232.4367662984,grid,,0.6,0.43999148719995534,0.16620954999145068,0.02743047624726811,0.00019513826109243682,3.7260115963690583,0.465144656229666
58,grid_0.7892,grid,0.7892,1627259.2415256226,grid,,0.6,0.43959688104468386,0.1662002996862304,0.02743460733874311,0.0001879322770496905,3.718739379977786,0.4655636082047937
58,grid_0.8000,grid,0.8,1780352.4943833908,grid,,0.6,0.4395441330271795,0.16620066036915174,0.027435247378781225,0.00018741212836090315,3.7177619553364467,0.46569146331705
58,grid_0.8904,grid,0.8904,3614791.9901831076,grid,,0.6,0.4388344554599952,0.16620687589284286,0.027441843336334672,0.00018288225772419842,3.7131617059605215,0.4671007812127231
58,grid_0.9500,grid,0.95,5549148.238583638,grid,,0.6,0.43836918932120744,0.16621215183041976,0.027445444703928717,0.00018103471216979194,3.7111080129378644,0.46803376682552156
58,grid_1.0112,grid,1.0112,8386653.841517482,grid,,0.6,0.4376972791365742,0.16622440930822305,0.027452169642527235,0.0001783846073404316,3.7114841900200144,0.46952877290619466
58,grid_1.1500,grid,1.15,,grid,,0.6,0.43635911651666665,0.16629232413776723,0.027466737680833863,0.00018639938630637953,3.7134440782378118,0.4743405032279735
58,grid_1.3368,grid,1.3368,,grid,,0.6,0.4351334142633572,0.166355884101771,0.02744376067440939,0.00023051950087246698,3.7195412992115857,0.478116616132104
58,rtp475,rtp,0.10783190049985004,475.0,grid,,0.65,0.45680569877994043,0.16199123933222936,0.02573207456084453,0.0005090870595470809,3.9732386348275712,0.48964166021561956
58,grid_0.1645,grid,0.1645,1517.1489688095392,grid,,0.65,0.456654009593847,0.1616393014457286,0.025727118055236815,0.0004001457166263045,3.923025877092309,0.48003210192436857
58,rtp2500,rtp,0.19168877363009612,2500.0,grid,,0.65,0.45683621826424436,0.16154399211845782,0.025726500066794247,0.000369961322774115,3.9025757557323493,0.4773871831661565
58,grid_0.2109,grid,0.2109,3447.8193871576937,grid,,0.65,0.4569960223258819,0.161491078744779,0.02572635061332349,0.0003530179008289225,3.8893682832958882,0.47591765806405556
58,rtp5000,rtp,0.23635101712546108,5000.0,grid,,0.65,0.457226201366759,0.16143358738602265,0.025726353060097074,0.0003344500762235414,3.8732382792880977,0.4743247295208733
58,grid_0.2423,grid,0.2423,5523.9959693607625,grid,,0.65,0.457282140548705,0.16142194652058348,0.025726376263699672,0.0003306685547944388,3.869664984302224,0.47400339625737364
58,grid_0.2700,grid,0.27,8396.827240775745,grid,,0.65,0.4575308192886974,0.16137176315888738,0.025726551919274053,0.000314294025733991,3.85405797885109,0.47261938871029036
58,rtp10000,rtp,0.2828972523356917,10000.0,grid,,0.65,0.45764334116583394,0.16135116730080482,0.025726674061573834,0.0003075251277584734,3.847279981231882,0.47205449418898404
58,grid_0.2850,grid,0.285,10350.301457045032,grid,,0.65,0.4576619063803775,0.16134807278099156,0.02572669673586904,0.0003065038542711118,3.846197761785994,0.47196987063813317
58,grid_0.3100,grid,0.31,14329.14169799472,grid,,0.65,0.45787450119591766,0.16131358746786156,0.02572697779630625,0.0002950957054451697,3.8338954920105754,0.47102887923742587
58,grid_0.3300,grid,0.33,18249.878798165097,grid,,0.65,0.45803297017157385,0.16128874778777544,0.025727213645778853,0.0002868465171697865,3.8247467588256634,0.4703550222248398
58,grid_0.3434,grid,0.3434,21389.695469404214,grid,,0.65,0.45813828905109355,0.16127394689835695,0.025727371479725033,0.0002819144684490238,3.818880472542945,0.4699579285823414
58,grid_0.3600,grid,0.36,26467.98997652761,grid,,0.65,0.458259332129772,0.16125640224251397,0.025727570990670464,0.00027605627352900175,3.811961876365352,0.46948764819585626
58,grid_0.3649,grid,0.3649,28132.966214579945,grid,,0.65,0.4582919421861553,0.16125123642599762,0.025727630403982002,0.0002743308449309756,3.81000035131169,0.46934900900515214
58,grid_0.4000,grid,0.4,42579.636046908556,grid,,0.65,0.4584951850713124,0.16121577629769185,0.0257280748370796,0.00026245169018782044,3.7968469051475493,0.46840504396274013
58,grid_0.4500,grid,0.45,72448.27444526688,grid,,0.65,0.45873247774110304,0.16117548795214504,0.025728770361840004,0.0002487675547720447,3.78019929754373,0.46737302498543526
58,grid_0.4898,grid,0.4898,106200.86026799273,grid,,0.65,0.4588756067058625,0.1611491053312721,0.025729391193431126,0.00023964295563830285,3.76846807104144,0.46673832016873323
58,grid_0.5000,grid,0.5,118799.45821484919,grid,,0.65,0.45890479368453674,0.16114304488344935,0.02572954719532693,0.00023753371898244113,3.7656680548612917,0.466599193247082
58,grid_0.5500,grid,0.55,199504.4587446909,grid,,0.65,0.45893252544130336,0.16111082146901204,0.02573045999956317,0.000226236794856699,3.753716444734332,0.46587347784096017
58,grid_0.5971,grid,0.5971,311919.71859265055,grid,,0.65,0.4589361344008626,0.16109051940011807,0.02573140284162551,0.00021875259897430333,3.7435822869890925,0.4655304264729096
58,grid_0.6049,grid,0.6049,334734.348952621,grid,,0.65,0.45892720189735003,0.16108691347384083,0.025731563974356587,0.00021742971817209633,3.7420748218770976,0.4654671014651118
58,grid_0.6500,grid,0.65,494950.2230107515,grid,,0.65,0.45880810896779206,0.16106876188474686,0.025733031467308726,0.0002101145877765609,3.734350106296496,0.4652374463953923
58,grid_0.7139,grid,0.7139,838232.4367662984,grid,,0.65,0.4584723913975546,0.16104671126924033,0.025735671844398907,0.00020037136623915486,3.7260115963690583,0.465144656229666
58,grid_0.7892,grid,0.7892,1627259.2415256226,grid,,0.65,0.45794659301784874,0.1610333547292978,0.02574020742735193,0.00019153390801993075,3.718739379977786,0.4655636082047937
58,grid_0.8000,grid,0.8,1780352.4943833908,grid,,0.65,0.4578758038808053,0.1610333069290851,0.025740910946532775,0.00019081499398415636,3.7177619553364467,0.46569146331705
58,grid_0.8904,grid,0.8904,3614791.9901831076,grid,,0.65,0.4570022069006646,0.16103587258955898,0.025748173571019693,0.00018437868966098003,3.7131617059605215,0.4671007812127231
58,grid_0.9500,grid,0.95,5549148.238583638,grid,,0.65,0.4564399165560514,0.16103881567526174,0.02575217205642674,0.00018132809766419067,3.7111080129378644,0.46803376682552156
58,grid_1.0112,grid,1.0112,8386653.841517482,grid,,0.65,0.45565909495348383,0.16104877233325265,0.025759560638217313,0.0001771464318305327,3.7114841900200144,0.46952877290619466
58,grid_1.1500,grid,1.15,,grid,,0.65,0.4540983782124169,0.16111375408039766,0.02577552056464977,0.00018212118922908416,3.7134440782378118,0.4743405032279735
58,grid_1.3368,grid,1.3368,,grid,,0.65,0.45254509097415163,0.1611655352099539,0.025750331649885078,0.0002239980896258098,3.7195412992115857,0.478116616132104
58,rtp475,rtp,0.10783190049985004,475.0,grid,,0.7,0.47921362500730286,0.15610641256406368,0.023820519562405162,0.0005486924812165006,3.9732386348275712,0.48964166021561956
58,grid_0.1645,grid,0.1645,1517.1489688095392,grid,,0.7,0.4788978434306063,0.1557123519633434,0.023815486260333637,0.0004308502936224978,3.923025877092309,0.48003210192436857
58,rtp2500,rtp,0.19168877363009612,2500.0,grid,,0.7,0.4790292813316721,0.15560549473969412,0.02381486536957757,0.00039820462360740105,3.9025757557323493,0.4773871831661565
58,grid_0.2109,grid,0.2109,3447.8193871576937,grid,,0.7,0.47915895012175913,0.15554608521938404,0.023814718763643297,0.00037986586343258244,3.8893682832958882,0.47591765806405556
58,rtp5000,rtp,0.23635101712546108,5000.0,grid,,0.7,0.47935452116316546,0.1554814628523325,0.023814728483950096,0.00035975680675115473,3.8732382792880977,0.4743247295208733
58,grid_0.2423,grid,0.2423,5523.9959693607625,grid,,0.7,0.479403105037186,0.1554683698833951,0.023814753772382135,0.00035566026181801935,3.869664984302224,0.47400339625737364
58,grid_0.2700,grid,0.27,8396.827240775745,grid,,0.7,0.47961956026920666,0.1554117939662934,0.023814940359667577,0.0003378853441540486,3.85405797885109,0.47261938871029036
58,rtp10000,rtp,0.2828972523356917,10000.0,grid,,0.7,0.47971821587928815,0.1553885239436366,0.023815067935744394,0.0003305254376377298,3.847279981231882,0.47205449418898404
58,grid_0.2850,grid,0.285,10350.301457045032,grid,,0.7,0.47973460032475207,0.15538502519910785,0.023815091514257057,0.0003294145418703265,3.846197761785994,0.47196987063813317
58,grid_0.3100,grid,0.31,14329.14169799472,grid,,0.7,0.47992229595161495,0.15534600257541362,0.023815383467126066,0.00031699704903434545,3.8338954920105754,0.47102887923742587
58,grid_0.3300,grid,0.33,18249.878798165097,grid,,0.7,0.4800619367617289,0.1553178467676217,0.023815628194626202,0.00030800532990421514,3.8247467588256634,0.4703550222248398
58,grid_0.3434,grid,0.3434,21389.695469404214,grid,,0.7,0.48015534144385913,0.15530106210223332,0.023815791911259234,0.00030262797882249504,3.818880472542945,0.4699579285823414
58,grid_0.3600,grid,0.36,26467.98997652761,grid,,0.7,0.4802618228412453,0.15528111134677333,0.023815998750032145,0.0002962247910568705,3.811961876365352,0.46948764819585626
58,grid_0.3649,grid,0.3649,28132.966214579945,grid,,0.7,0.48029009535569195,0.1552752219493682,0.023816060346371296,0.00029433420505425856,3.81000035131169,0.46934900900515214
58,grid_0.4000,grid,0.4,42579.636046908556,grid,,0.7,0.48046210375614984,0.1552346514457471,0.02381652074864089,0.0002812762608417063,3.7968469051475493,0.46840504396274013
58,grid_0.4500,grid,0.45,72448.27444526688,grid,,0.7,0.4806556583270347,0.15518826000786748,0.023817237814685113,0.00026615822958436786,3.78019929754373,0.46737302498543526
58,grid_0.4898,grid,0.4898,106200.86026799273,grid,,0.7,0.48076372700629716,0.15515768106325586,0.023817876024368915,0.00025602996855811355,3.76846807104144,0.46673832016873323
58,grid_0.5000,grid,0.5,118799.45821484919,grid,,0.7,0.4807836323477885,0.15515059059622605,0.023818036468632165,0.00025366929372558356,3.7656680548612917,0.466599193247082
58,grid_0.5500,grid,0.55,199504.4587446909,grid,,0.7,0.4807593283030271,0.15511253450159257,0.023818974775504115,0.00024092358400362723,3.753716444734332,0.46587347784096017
58,grid_0.5971,grid,0.5971,311919.71859265055,grid,,0.7,0.4807131182695981,0.1550881155803689,0.023819943220898136,0.00023238037337172668,3.7435822869890925,0.4655304264729096
58,grid_0.6049,grid,0.6049,334734.348952621,grid,,0.7,0.48069557161787946,0.15508377823324757,0.023820108867735248,0.00023086940336386474,3.7420748218770976,0.4654671014651118
58,grid_0.6500,grid,0.65,494950.2230107515,grid,,0.7,0.4805222314340503,0.15506142035580467,0.02382161089358261,0.000222433189176946,3.734350106296496,0.4652374463953923
58,grid_0.7139,grid,0.7139,838232.4367662984,grid,,0.7,0.4800986892526442,0.15503286965043203,0.023824312365402507,0.00021087830664534568,3.7260115963690583,0.465144656229666
58,grid_0.7892,grid,0.7892,1627259.2415256226,grid,,0.7,0.479462147899455,0.1550133033394952,0.023828955642529175,0.00020016856969318209,3.718739379977786,0.4655636082047937
58,grid_0.8000,grid,0.8,1780352.4943833908,grid,,0.7,0.4793760495797327,0.1550126324224783,0.0238296764310699,0.0001992397794764733,3.7177619553364467,0.46569146331705
58,grid_0.8904,grid,0.8904,3614791.9901831076,grid,,0.7,0.4783532206758088,0.15500947728728118,0.023837126037527315,0.0001908120113488232,3.7131617059605215,0.4671007812127231
58,grid_0.9500,grid,0.95,5549148.238583638,grid,,0.7,0.4777032326807367,0.1550090274346768,0.02384125048441405,0.00018654810183033055,3.7111080129378644,0.46803376682552156
58,grid_1.0112,grid,1.0112,8386653.841517482,grid,,0.7,0.47681777044362966,0.15501528573957085,0.02384881813726788,0.00018092067565292358,3.7114841900200144,0.46952877290619466
58,grid_1.1500,grid,1.15,,grid,,0.7,0.4750439674808203,0.1550762311401761,0.02386513300709993,0.00018350445754139466,3.7134440782378118,0.4743405032279735
58,grid_1.3368,grid,1.3368,,grid,,0.7,0.4731570342346703,0.1551190315170562,0.023839372166115945,0.00022254177267352904,3.7195412992115857,0.478116616132104
58,rtp475,rtp,0.10783190049985004,475.0,grid,,0.75,0.5005186770362304,0.1515604956622329,0.02241858361323775,0.0005520002321439677,3.9732386348275712,0.48964166021561956
58,grid_0.1645,grid,0.1645,1517.1489688095392,grid,,0.75,0.4992001465176062,0.1511566189810197,0.02241343776164294,0.00043488570013022754,3.923025877092309,0.48003210192436857
58,rtp2500,rtp,0.19168877363009612,2500.0,grid,,0.75,0.4989663923745719,0.15104719171073244,0.02241280267582913,0.0004024514478696284,3.9025757557323493,0.4773871831661565
58,grid_0.2109,grid,0.2109,3447.8193871576937,grid,,0.75,0.4988675380945783,0.15098633302796255,0.022412652538669937,0.00038422022256087707,3.8893682832958882,0.47591765806405556
58,rtp5000,rtp,0.23635101712546108,5000.0,grid,,0.75,0.49879005057823406,0.15092010905926165,0.022412662124200376,0.0003642171942590533,3.8732382792880977,0.4743247295208733
58,grid_0.2423,grid,0.2423,5523.9959693607625,grid,,0.75,0.4987789925864994,0.15090668931673984,0.022412687893990604,0.00036014098654843507,3.869664984302224,0.47400339625737364
58,grid_0.2700,grid,0.27,8396.827240775745,grid,,0.75,0.4987353282798615,0.15084861527430923,0.022412878260403526,0.0003424264697730328,3.85405797885109,0.47261938871029036
58,rtp10000,rtp,0.2828972523356917,10000.0,grid,,0.75,0.49872164009273656,0.15082469880166094,0.022413008504818324,0.0003350812637934186,3.847279981231882,0.47205449418898404
58,grid_0.2850,grid,0.285,10350.301457045032,grid,,0.75,0.4987201835024619,0.15082110206154634,0.022413032581333307,0.0003339722457260663,3.846197761785994,0.47196987063813317
58,grid_0.3100,grid,0.31,14329.14169799472,grid,,0.75,0.49870506250743923,0.1507809594202663,0.0224133307172172,0.00032156700647878456,3.8338954920105754,0.47102887923742587
58,grid_0.3300,grid,0.33,18249.878798165097,grid,,0.75,0.49869354178693487,0.15075195632627772,0.02241358064547995,0.0003125716907199927,3.8247467588256634,0.4703550222248398
58,grid_0.3434,grid,0.3434,21389.695469404214,grid,,0.75,0.4986905711768417,0.15073465995880886,0.022413747846626194,0.00030718986627154,3.818880472542945,0.4699579285823414
58,grid_0.3600,grid,0.36,26467.98997652761,grid,,0.75,0.4986824975327801,0.1507140613120144,0.02241395909658241,0.0003007691805792245,3.811961876365352,0.46948764819585626
58,grid_0.3649,grid,0.3649,28132.966214579945,grid,,0.75,0.4986778927738504,0.15070796903486625,0.022414022007268383,0.00029886992334582363,3.81000035131169,0.46934900900515214
58,grid_0.4000,grid,0.4,42579.636046908556,grid,,0.75,0.49862562676890476,0.15066588720462729,0.022414492264933406,0.00028571730222407,3.7968469051475493,0.46840504396274013
58,grid_0.4500,grid,0.45,72448.27444526688,grid,,0.75,0.49852893465962494,0.15061753146376675,0.022415224747934615,0.0002704160363041497,3.78019929754373,0.46737302498543526
58,grid_0.4898,grid,0.4898,106200.86026799273,grid,,0.75,0.49842586490261565,0.150585493802621,0.022415876790069997,0.00026011415370921775,3.76846807104144,0.46673832016873323
58,grid_0.5000,grid,0.5,118799.45821484919,grid,,0.75,0.4983939878312364,0.15057801767746276,0.022416040707538866,0.0002576987001354225,3.7656680548612917,0.466599193247082
58,grid_0.5500,grid,0.55,199504.4587446909,grid,,0.75,0.4981260953800034,0.15053760202017205,0.022416999377308292,0.0002445702446754183,3.753716444734332,0.46587347784096017
58,grid_0.5971,grid,0.5971,311919.71859265055,grid,,0.75,0.49786625872086737,0.15051136724232747,0.02241798889226939,0.00023568277688537642,3.7435822869890925,0.4655304264729096
58,grid_0.6049,grid,0.6049,334734.348952621,grid,,0.75,0.497814637798225,0.15050669948902323,0.02241815813614349,0.00023410845493565535,3.7420748218770976,0.4654671014651118
58,grid_0.6500,grid,0.65,494950.2230107515,grid,,0.75,0.4974490268566592,0.15048232426520972,0.022419693192022146,0.00022523672423757635,3.734350106296496,0.4652374463953923
58,grid_0.7139,grid,0.7139,838232.4367662984,grid,,0.75,0.4967657088097588,0.15045028729888205,0.02242245415724231,0.0002128347910738404,3.7260115963690583,0.465144656229666
58,grid_0.7892,grid,0.7892,1627259.2415256226,grid,,0.75,0.4958430962858109,0.15042751760944134,0.022427199564598415,0.00020123848954037293,3.718739379977786,0.4655636082047937
58,grid_0.8000,grid,0.8,1780352.4943833908,grid,,0.75,0.4957179289332266,0.15042651284036865,0.02242793617348991,0.0002001995918236854,3.7177619553364467,0.46569146331705
58,grid_0.8904,grid,0.8904,3614791.9901831076,grid,,0.75,0.49437384707767346,0.1504203202674583,0.022435548814957424,0.00019072393440730528,3.7131617059605215,0.4671007812127231
58,grid_0.9500,grid,0.95,5549148.238583638,grid,,0.75,0.4935317078859271,0.15041821291780702,0.022439762152395636,0.00018587662499108815,3.7111080129378644,0.46803376682552156
58,grid_1.0112,grid,1.0112,8386653.841517482,grid,,0.75,0.49245084592424343,0.15042254900388094,0.022447496108370817,0.00017944714045414756,3.7114841900200144,0.46952877290619466
58,grid_1.1500,grid,1.15,,grid,,0.75,0.49027687467337855,0.15048118922395837,0.0224641713938705,0.00018041691638626123,3.7134440782378118,0.4743405032279735
58,grid_1.3368,grid,1.3368,,grid,,0.75,0.4878934606530592,0.15051409870578916,0.022437841785352332,0.0002166521238637087,3.7195412992115857,0.478116616132104
58,rtp475,rtp,0.10783190049985004,475.0,grid,,0.8,0.5087244483855636,0.15035453275155142,0.022096409608712564,0.0005100759102247832,3.9732386348275712,0.48964166021561956
58,grid_0.1645,grid,0.1645,1517.1489688095392,grid,,0.8,0.5058845337861438,0.14998836034561724,0.02209124555719751,0.00040526268196922066,3.923025877092309,0.48003210192436857
58,rtp2500,rtp,0.19168877363009612,2500.0,grid,,0.8,0.5050867920887585,0.1498894721173454,0.022090607831505692,0.0003762460201107709,3.9025757557323493,0.4773871831661565
58,grid_0.2109,grid,0.2109,3447.8193871576937,grid,,0.8,0.504633357098875,0.14983456785027804,0.022090456849360538,0.0003599408735190379,3.8893682832958882,0.47591765806405556
58,rtp5000,rtp,0.23635101712546108,5000.0,grid,,0.8,0.5041307977076662,0.14977488089189137,0.022090466027565134,0.0003420489186151121,3.8732382792880977,0.4743247295208733
58,grid_0.2423,grid,0.2423,5523.9959693607625,grid,,0.8,0.5040266930122056,0.14976279331947928,0.02209049178302221,0.00033840247983085714,3.869664984302224,0.47400339625737364
58,grid_0.2700,grid,0.27,8396.827240775745,grid,,0.8,0.5035776536675693,0.14971051358258536,0.02209068232413746,0.0003225555530240176,3.85405797885109,0.47261938871029036
58,rtp10000,rtp,0.2828972523356917,10000.0,grid,,0.8,0.5033889700293918,0.14968900873538196,0.02209081280681544,0.0003159865293658193,3.847279981231882,0.47205449418898404
58,grid_0.2850,grid,0.285,10350.301457045032,grid,,0.8,0.50335970609294,0.14968577788477935,0.02209083693331263,0.00031499516765887137,3.846197761785994,0.47196987063813317
58,grid_0.3100,grid,0.31,14329.14169799472,grid,,0.8,0.503028734722611,0.14964971162260268,0.022091135708902275,0.0003039004798258693,3.8338954920105754,0.47102887923742587
58,grid_0.3300,grid,0.33,18249.878798165097,grid,,0.8,0.5027823239945793,0.14962364442766982,0.02209138619255324,0.00029584877926452924,3.8247467588256634,0.4703550222248398
58,grid_0.3434,grid,0.3434,21389.695469404214,grid,,0.8,0.5026295572797581,0.1496080956974536,0.02209155377004407,0.0002910285281743641,3.818880472542945,0.4699579285823414
58,grid_0.3600,grid,0.36,26467.98997652761,grid,,0.8,0.5024440453278227,0.14958958533221714,0.02209176550354457,0.00028527853632009936,3.811961876365352,0.46948764819585626
58,grid_0.3649,grid,0.3649,28132.966214579945,grid,,0.8,0.5023887427244716,0.14958411154448895,0.022091828558673306,0.0002835778678808021,3.81000035131169,0.46934900900515214
58,grid_0.4000,grid,0.4,42579.636046908556,grid,,0.8,0.5019930864945187,0.1495463059524193,0.022092299922625857,0.00027179770138874293,3.7968469051475493,0.46840504396274013
58,grid_0.4500,grid,0.45,72448.27444526688,grid,,0.8,0.5014571867422949,0.14950293984609692,0.02209303429233419,0.00025809473029148045,3.78019929754373,0.46737302498543526
58,grid_0.4898,grid,0.4898,106200.86026799273,grid,,0.8,0.5010396400344875,0.14947426135604452,0.02209368812456384,0.0002488666833712627,3.76846807104144,0.46673832016873323
58,grid_0.5000,grid,0.5,118799.45821484919,grid,,0.8,0.5009316547273578,0.14946758560673423,0.022093852487960478,0.00024670665914594547,3.7656680548612917,0.466599193247082
58,grid_0.5500,grid,0.55,199504.4587446909,grid,,0.8,0.5003177317457057,0.14943151229649818,0.022094813809272806,0.00023496305794568073,3.753716444734332,0.46587347784096017
58,grid_0.5971,grid,0.5971,311919.71859265055,grid,,0.8,0.49976113323428334,0.14940826890306208,0.02209580610912942,0.0002270247074802889,3.7435822869890925,0.4655304264729096
58,grid_0.6049,grid,0.6049,334734.348952621,grid,,0.8,0.4996631162543798,0.1494041126205176,0.022095975822547395,0.00022561304537691007,3.7420748218770976,0.4654671014651118
58,grid_0.6500,grid,0.65,494950.2230107515,grid,,0.8,0.4990446094300909,0.1493827540367595,0.022097515525085723,0.00021769167852125904,3.734350106296496,0.4652374463953923
58,grid_0.7139,grid,0.7139,838232.4367662984,grid,,0.8,0.49804130720603745,0.14935517258974726,0.022100284924977783,0.000206682654335405,3.7260115963690583,0.465144656229666
58,grid_0.7892,grid,0.7892,1627259.2415256226,grid,,0.8,0.4967896319196742,0.14933717208846975,0.022105044700609828,0.0001965462667714024,3.718739379977786,0.4655636082047937
58,grid_0.8000,grid,0.8,1780352.4943833908,grid,,0.8,0.49662003883549405,0.14933667268201048,0.02210578350787406,0.00019565829985987437,3.7177619553364467,0.46569146331705
58,grid_0.8904,grid,0.8904,3614791.9901831076,grid,,0.8,0.4949464769338993,0.14933505170883593,0.022113418408421036,0.00018753926045966818,3.7131617059605215,0.4671007812127231
58,grid_0.9500,grid,0.95,5549148.238583638,grid,,0.8,0.4939041054496193,0.14933501469819735,0.022117642761149293,0.00018330385376152947,3.7111080129378644,0.46803376682552156
58,grid_1.0112,grid,1.0112,8386653.841517482,grid,,0.8,0.4926475438581492,0.14934311946791035,0.022125399977022373,0.00017796735538416764,3.7114841900200144,0.46952877290619466
58,grid_1.1500,grid,1.15,,grid,,0.8,0.49011618652656047,0.14941013863590652,0.022142127210294238,0.0001812623169065719,3.7134440782378118,0.4743405032279735
58,grid_1.3368,grid,1.3368,,grid,,0.8,0.4873144065867565,0.1494437054311354,0.022115715969409224,0.00021770512357874305,3.7195412992115857,0.478116616132104
58,rtp475,rtp,0.10783190049985004,475.0,grid,,0.85,0.5233464272817945,0.14820393057884113,0.021432502049840138,0.0005319029891778237,3.9732386348275712,0.48964166021561956
58,grid_0.1645,grid,0.1645,1517.1489688095392,grid,,0.85,0.5201830905411072,0.14781960326733778,0.021427172566956025,0.00042346254315711596,3.923025877092309,0.48003210192436857
58,rtp2500,rtp,0.19168877363009612,2500.0,grid,,0.85,0.5192726156968768,0.14771594382559805,0.021426516128613304,0.0003934839316739325,3.9025757557323493,0.4773871831661565
58,grid_0.2109,grid,0.2109,3447.8193871576937,grid,,0.85,0.5187496190648306,0.14765842617619382,0.021426361632053255,0.00037664918877722275,3.8893682832958882,0.47591765806405556
58,rtp5000,rtp,0.23635101712546108,5000.0,grid,,0.85,0.5181647854242104,0.14759593775700933,0.021426372957935046,0.0003581878844359232,3.8732382792880977,0.4743247295208733
58,grid_0.2423,grid,0.2423,5523.9959693607625,grid,,0.85,0.5180428311633113,0.14758329089375133,0.021426399980359886,0.00035442777066974074,3.869664984302224,0.47400339625737364
58,grid_0.2700,grid,0.27,8396.827240775745,grid,,0.85,0.5175160260779075,0.1475285657142033,0.021426598731462694,0.0003380789702273068,3.85405797885109,0.47261938871029036
58,rtp10000,rtp,0.2828972523356917,10000.0,grid,,0.85,0.5172938566539373,0.14750605999796995,0.02142673429581886,0.00033130344030585235,3.847279981231882,0.47205449418898404
58,grid_0.2850,grid,0.285,10350.301457045032,grid,,0.85,0.5172592894982789,0.1475026809169972,0.021426759335731866,0.00033028154196962367,3.846197761785994,0.47196987063813317
58,grid_0.3100,grid,0.31,14329.14169799472,grid,,0.85,0.5168680501150731,0.14746496484708566,0.021427069344566854,0.0003188465127853535,3.8338954920105754,0.47102887923742587
58,grid_0.3300,grid,0.33,18249.878798165097,grid,,0.85,0.5165766934633916,0.1474377075071222,0.021427329182545425,0.0003105484124102942,3.8247467588256634,0.4703550222248398
58,grid_0.3434,grid,0.3434,21389.695469404214,grid,,0.85,0.5163953465116087,0.14742146319433935,0.021427503004638658,0.0003055848057212929,3.818880472542945,0.4699579285823414
58,grid_0.3600,grid,0.36,26467.98997652761,grid,,0.85,0.5161757491659359,0.147402111735999,0.021427722602570674,0.00029965994166125665,3.811961876365352,0.46948764819585626
58,grid_0.3649,grid,0.3649,28132.966214579945,grid,,0.85,0.5161106101868589,0.147396382695886,0.021427788000329302,0.0002979056315027817,3.81000035131169,0.46934900900515214
58,grid_0.4000,grid,0.4,42579.636046908556,grid,,0.85,0.5156473390516697,0.14735677313044768,0.02142827679162035,0.00028574179579787806,3.7968469051475493,0.46840504396274013
58,grid_0.4500,grid,0.45,72448.27444526688,grid,,0.85,0.5150230503843093,0.14731136947122064,0.02142903740198439,0.0002716021735020835,3.78019929754373,0.46737302498543526
58,grid_0.4898,grid,0.4898,106200.86026799273,grid,,0.85,0.5145402971118216,0.14728138534398963,0.021429714137050176,0.00026209233179458336,3.76846807104144,0.46673832016873323
58,grid_0.5000,grid,0.5,118799.45821484919,grid,,0.85,0.5144161197243063,0.14727439319119826,0.021429884276925496,0.00025986261291016666,3.7656680548612917,0.466599193247082
58,grid_0.5500,grid,0.55,199504.4587446909,grid,,0.85,0.5137232117213031,0.1472364275878368,0.021430879271562737,0.00024768633726557354,3.753716444734332,0.46587347784096017
58,grid_0.5971,grid,0.5971,311919.71859265055,grid,,0.85,0.513096391461071,0.14721206844904114,0.02143190614935274,0.0002394869476924355,3.7435822869890925,0.4655304264729096
58,grid_0.6049,grid,0.6049,334734.348952621,grid,,0.85,0.5129869418042411,0.14720770193225893,0.021432081812057156,0.00023802569611963698,3.7420748218770976,0.4654671014651118
58,grid_0.6500,grid,0.65,494950.2230107515,grid,,0.85,0.5123024007178224,0.1471853522678061,0.021433673853227482,0.00022985406897069183,3.734350106296496,0.4652374463953923
58,grid_0.7139,grid,0.7139,838232.4367662984,grid,,0.85,0.5112055067907595,0.1471563422744082,0.021436537144185606,0.00021845192739716746,3.7260115963690583,0.465144656229666
58,grid_0.7892,grid,0.7892,1627259.2415256226,grid,,0.85,0.5098475352265459,0.1471379807046834,0.02144145899984897,0.0002081263660028143,3.718739379977786,0.4655636082047937
58,grid_0.8000,grid,0.8,1780352.4943833908,grid,,0.85,0.5096634865158612,0.14713758189230622,0.021442223106950466,0.00020724489816464908,3.7177619553364467,0.46569146331705
58,grid_0.8904,grid,0.8904,3614791.9901831076,grid,,0.85,0.5078642518094914,0.14713707358456574,0.021450121666503667,0.00019919675652624313,3.7131617059605215,0.4671007812127231
58,grid_0.9500,grid,0.95,5549148.238583638,grid,,0.85,0.5067464738785414,0.14713747732518723,0.021454497672060403,0.0001949395615595817,3.7111080129378644,0.46803376682552156
58,grid_1.0112,grid,1.0112,8386653.841517482,grid,,0.85,0.5054103589045866,0.14714786141804836,0.02146251998369328,0.00018997313621188505,3.7114841900200144,0.46952877290619466
58,grid_1.1500,grid,1.15,,grid,,0.85,0.5027184149699844,0.14722408361115547,0.021479810846419877,0.00019511994872462024,3.7134440782378118,0.4743405032279735
58,grid_1.3368,grid,1.3368,,grid,,0.85,0.499675533497726,0.14724966669864764,0.021452506527962975,0.0002299578148998449,3.7195412992115857,0.478116616132104
58,rtp475,rtp,0.10783190049985004,475.0,grid,,0.9,0.5404401906068476,0.1460703119437524,0.020774847014313227,0.0005616890170319078,3.9732386348275712,0.48964166021561956
58,grid_0.1645,grid,0.1645,1517.1489688095392,grid,,0.9,0.5370343678325227,0.145662070476111,0.02076950914343402,0.0004479296319535031,3.923025877092309,0.48003210192436857
58,rtp2500,rtp,0.19168877363009612,2500.0,grid,,0.9,0.5360420711961661,0.14555205038395785,0.02076885272203312,0.0004165466489410852,3.9025757557323493,0.4773871831661565
58,grid_0.2109,grid,0.2109,3447.8193871576937,grid,,0.9,0.535469095647592,0.14549102887713294,0.020768698790707744,0.0003989406930189898,3.8893682832958882,0.47591765806405556
58,rtp5000,rtp,0.23635101712546108,5000.0,grid,,0.9,0.5348255887790412,0.1454247755202855,0.020768711266932742,0.00037965406819268077,3.8732382792880977,0.4743247295208733
58,grid_0.2423,grid,0.2423,5523.9959693607625,grid,,0.9,0.5346909692040976,0.14541137660529252,0.02076873860182425,0.0003757298444219681,3.869664984302224,0.47400339625737364
58,grid_0.2700,grid,0.27,8396.827240775745,grid,,0.9,0.5341089357322757,0.1453533545853046,0.0207689389518637,0.00035865873733759157,3.85405797885109,0.47261938871029036
58,rtp10000,rtp,0.2828972523356917,10000.0,grid,,0.9,0.5338629983156977,0.14532949544580603,0.020769075280847125,0.00035158696568543535,3.847279981231882,0.47205449418898404
58,grid_0.2850,grid,0.285,10350.301457045032,grid,,0.9,0.5338246735496751,0.14532591556527685,0.020769100446045758,0.00035052128884022205,3.846197761785994,0.47196987063813317
58,grid_0.3100,grid,0.31,14329.14169799472,grid,,0.9,0.5333906938038073,0.14528596823353174,0.020769411958671283,0.0003386006068835101,3.8338954920105754,0.47102887923742587
58,grid_0.3300,grid,0.33,18249.878798165097,grid,,0.9,0.5330673697387993,0.1452571056343056,0.020769673018594916,0.0003299537186609025,3.8247467588256634,0.4703550222248398
58,grid_0.3434,grid,0.3434,21389.695469404214,grid,,0.9,0.5328657196557135,0.14523992730711124,0.02076984764976362,0.0003247888344113381,3.818880472542945,0.4699579285823414
58,grid_0.3600,grid,0.36,26467.98997652761,grid,,0.9,0.5326217771835408,0.14521944462408243,0.020770068254057344,0.0003186188428696002,3.811961876365352,0.46948764819585626
58,grid_0.3649,grid,0.3649,28132.966214579945,grid,,0.9,0.5325495611139649,0.14521337135908852,0.020770133951862564,0.000316789269609985,3.81000035131169,0.46934900900515214
58,grid_0.4000,grid,0.4,42579.636046908556,grid,,0.9,0.5320371017338299,0.1451713224959104,0.02077062493308179,0.00030408794212982704,3.7968469051475493,0.46840504396274013
58,grid_0.4500,grid,0.45,72448.27444526688,grid,,0.9,0.5313474208403387,0.14512315304661333,0.02077138840297846,0.0002893411472122964,3.78019929754373,0.46737302498543526
58,grid_0.4898,grid,0.4898,106200.86026799273,grid,,0.9,0.5308153640412139,0.14509138317484496,0.020772067398346583,0.0002794420732430969,3.76846807104144,0.46673832016873323
58,grid_0.5000,grid,0.5,118799.45821484919,grid,,0.9,0.5306787273437582,0.14508395447717246,0.020772238118317486,0.0002771157284167658,3.7656680548612917,0.466599193247082
58,grid_0.5500,grid,0.55,199504.4587446909,grid,,0.9,0.5299224661832863,0.14504333641617398,0.02077323643618784,0.00026433300254757874,3.753716444734332,0.46587347784096017
58,grid_0.5971,grid,0.5971,311919.71859265055,grid,,0.9,0.5292380206657018,0.14501737948509383,0.020774266631771957,0.00025577372095175743,3.7435822869890925,0.4655304264729096
58,grid_0.6049,grid,0.6049,334734.348952621,grid,,0.9,0.5291189995669349,0.14501271481974845,0.020774442884021707,0.00025424457537198686,3.7420748218770976,0.4654671014651118
58,grid_0.6500,grid,0.65,494950.2230107515,grid,,0.9,0.5283775118742496,0.14498884124910655,0.02077603925372248,0.0002457248330361428,3.734350106296496,0.4652374463953923
58,grid_0.7139,grid,0.7139,838232.4367662984,grid,,0.9,0.5271958567811178,0.14495748728104593,0.020778910175567433,0.0002337629432671573,3.7260115963690583,0.465144656229666
58,grid_0.7892,grid,0.7892,1627259.2415256226,grid,,0.9,0.5257376477583273,0.1449380216777636,0.020783845589186282,0.00022318453867758992,3.718739379977786,0.4655636082047937
58,grid_0.8000,grid,0.8,1780352.4943833908,grid,,0.9,0.5255398954245231,0.1449376743536835,0.020784611889289872,0.00022231755776452866,3.7177619553364467,0.46569146331705
58,grid_0.8904,grid,0.8904,3614791.9901831076,grid,,0.9,0.5236154778204419,0.14493782542135822,0.02079253448944181,0.0002144387484303012,3.7131617059605215,0.4671007812127231
58,grid_0.9500,grid,0.95,5549148.238583638,grid,,0.9,0.5224231589783477,0.14493855059156302,0.020796927396939235,0.00021025605064384223,3.7111080129378644,0.46803376682552156
58,grid_1.0112,grid,1.0112,8386653.841517482,grid,,0.9,0.5210041847762588,0.14495114981744753,0.020804972395788806,0.00020586343761130887,3.7114841900200144,0.46952877290619466
58,grid_1.1500,grid,1.15,,grid,,0.9,0.5181451499860326,0.14503743654005388,0.020822307184072922,0.0002135508140372333,3.7134440782378118,0.4743405032279735
58,grid_1.3368,grid,1.3368,,grid,,0.9,0.5148471736172701,0.14505330458142368,0.020794931546320523,0.00024552962367074826,3.7195412992115857,0.478116616132104
58,rtp475,rtp,0.10783190049985004,475.0,grid,,0.95,0.5571699475909578,0.14634627096829664,0.02085491777305738,0.0005623132532687203,3.9732386348275712,0.48964166021561956
58,grid_0.1645,grid,0.1645,1517.1489688095392,grid,,0.95,0.5529273593491388,0.1459448947814734,0.02084951942368985,0.0004503928890854936,3.923025877092309,0.48003210192436857
58,rtp2500,rtp,0.19168877363009612,2500.0,grid,,0.95,0.5516301245225089,0.145836870678338,0.020848856644699962,0.00041953620455031926,3.9025757557323493,0.4773871831661565
58,grid_0.2109,grid,0.2109,3447.8193871576937,grid,,0.95,0.550866338648595,0.14577699990564608,0.02084870180450294,0.0004022318969877925,3.8893682832958882,0.47591765806405556
58,rtp5000,rtp,0.23635101712546108,5000.0,grid,,0.95,0.5499948514994243,0.1457120450805594,0.02084871559112552,0.00038328449043345536,3.8732382792880977,0.4743247295208733
58,grid_0.2423,grid,0.2423,5523.9959693607625,grid,,0.95,0.5498104372457883,0.14569891913177518,0.020848743514405,0.00037943152176256323,3.869664984302224,0.47400339625737364
58,grid_0.2700,grid,0.27,8396.827240775745,grid,,0.95,0.5490113447131872,0.1456420523161801,0.020848947459698577,0.00036265994317036254,3.85405797885109,0.47261938871029036
58,rtp10000,rtp,0.2828972523356917,10000.0,grid,,0.95,0.5486717087932599,0.14561867627147926,0.020849085906537192,0.0003557129725206831,3.847279981231882,0.47205449418898404
58,grid_0.2850,grid,0.285,10350.301457045032,grid,,0.95,0.5486185053777111,0.14561517167796084,0.020849111446301086,0.0003546667765009226,3.846197761785994,0.47196987063813317
58,grid_0.3100,grid,0.31,14329.14169799472,grid,,0.95,0.5480154437583055,0.145576070334581,0.020849427546378734,0.00034296470768013787,3.8338954920105754,0.47102887923742587
58,grid_0.3300,grid,0.33,18249.878798165097,grid,,0.95,0.5475661882086241,0.14554782175023295,0.020849692409334746,0.00033447600690283963,3.8247467588256634,0.4703550222248398
58,grid_0.3434,grid,0.3434,21389.695469404214,grid,,0.95,0.5472842628847557,0.14553102657705383,0.020849869574977718,0.00032941012159343197,3.818880472542945,0.4699579285823414
58,grid_0.3600,grid,0.36,26467.98997652761,grid,,0.95,0.5469449802929727,0.14551098731939835,0.020850093363405302,0.00032335406726080596,3.811961876365352,0.46948764819585626
58,grid_0.3649,grid,0.3649,28132.966214579945,grid,,0.95,0.5468454260070829,0.14550503788317928,0.020850160009575448,0.00032155603980998926,3.81000035131169,0.46934900900515214
58,grid_0.4000,grid,0.4,42579.636046908556,grid,,0.95,0.5461467512810233,0.14546379344617735,0.020850658018954134,0.0003090571847980117,3.7968469051475493,0.46840504396274013
58,grid_0.4500,grid,0.45,72448.27444526688,grid,,0.95,0.5452167049981042,0.1454165650083476,0.020851431887759758,0.00029454549106722183,3.78019929754373,0.46737302498543526
58,grid_0.4898,grid,0.4898,106200.86026799273,grid,,0.95,0.5445103724349526,0.14538544466308337,0.02085211983044675,0.00028480768943572876,3.76846807104144,0.46673832016873323
58,grid_0.5000,grid,0.5,118799.45821484919,grid,,0.95,0.5443311091429763,0.1453781534301777,0.02085229281249454,0.000282514682273749,3.7656680548612917,0.466599193247082
58,grid_0.5500,grid,0.55,199504.4587446909,grid,,0.95,0.5433755759329055,0.14533803648794832,0.020853304277374758,0.0002698405727974418,3.753716444734332,0.46587347784096017
58,grid_0.5971,grid,0.5971,311919.71859265055,grid,,0.95,0.5425172322308017,0.145312513414579,0.020854347918099186,0.00026137863676301,3.7435822869890925,0.4655304264729096
58,grid_0.6049,grid,0.6049,334734.348952621,grid,,0.95,0.5423705740355972,0.14530791010677316,0.020854526493440696,0.00025986224615737186,3.7420748218770976,0.4654671014651118
58,grid_0.6500,grid,0.65,494950.2230107515,grid,,0.95,0.5414742417440724,0.14528441027007308,0.02085614282071594,0.00025141704680697874,3.734350106296496,0.4652374463953923
58,grid_0.7139,grid,0.7139,838232.4367662984,grid,,0.95,0.5400859458999,0.14525330925419286,0.02085904946234448,0.0002394743869497118,3.7260115963690583,0.465144656229666
58,grid_0.7892,grid,0.7892,1627259.2415256226,grid,,0.95,0.5384034747027258,0.14523493764639642,0.02086404673681906,0.00022914037633359197,3.718739379977786,0.4655636082047937
58,grid_0.8000,grid,0.8,1780352.4943833908,grid,,0.95,0.538175226286332,0.14523479848138465,0.020864822735276522,0.00022832395465188782,3.7177619553364467,0.46569146331705
58,grid_0.8904,grid,0.8904,3614791.9901831076,grid,,0.95,0.5360044311186968,0.1452369986457498,0.02087284704371277,0.00022093873191275648,3.7131617059605215,0.4671007812127231
58,grid_0.9500,grid,0.95,5549148.238583638,grid,,0.95,0.5346643057894642,0.14523900925932662,0.02087730014671322,0.00021706966391754623,3.7111080129378644,0.46803376682552156
58,grid_1.0112,grid,1.0112,8386653.841517482,grid,,0.95,0.5330993761923886,0.14525422346940475,0.020885446583308393,0.00021334285239138495,3.7114841900200144,0.46952877290619466
58,grid_1.1500,grid,1.15,,grid,,0.95,0.5299438328171013,0.14534850495278295,0.02090299467123032,0.00022319322077885007,3.7134440782378118,0.4743405032279735
58,grid_1.3368,grid,1.3368,,grid,,0.95,0.5262710635501299,0.14535635476034828,0.020875280239802774,0.0002531896294134528,3.7195412992115857,0.478116616132104
58,rtp475,rtp,0.10783190049985004,475.0,grid,,1.0,0.5755076827852328,0.1468570829695824,0.02099804632780712,0.0005689564905276834,3.9732386348275712,0.48964166021561956
58,grid_0.1645,grid,0.1645,1517.1489688095392,grid,,1.0,0.5705061192044005,0.1464585813126501,0.020992706639360082,0.0004574094007540608,3.923025877092309,0.48003210192436857
58,rtp2500,rtp,0.19168877363009612,2500.0,grid,,1.0,0.5689334277328416,0.14635139488616813,0.02099205159950251,0.00042667918562461216,3.9025757557323493,0.4773871831661565
58,grid_0.2109,grid,0.2109,3447.8193871576937,grid,,1.0,0.5679974729778297,0.14629200637071402,0.020991898858289663,0.00040945226967936676,3.8893682832958882,0.47591765806405556
58,rtp5000,rtp,0.23635101712546108,5000.0,grid,,1.0,0.5669204424698556,0.14622760634413273,0.020991913076451364,0.00039059978068328727,3.8732382792880977,0.4743247295208733
58,grid_0.2423,grid,0.2423,5523.9959693607625,grid,,1.0,0.5666911578263805,0.14621460079374235,0.02099194083483603,0.00038676865043740793,3.869664984302224,0.47400339625737364
58,grid_0.2700,grid,0.27,8396.827240775745,grid,,1.0,0.5656964251722674,0.14615821335257026,0.020992143221222573,0.0003700801091928718,3.85405797885109,0.47261938871029036
58,rtp10000,rtp,0.2828972523356917,10000.0,grid,,1.0,0.5652723292191728,0.14613503534081515,0.02099228045093759,0.00036316810312370107,3.847279981231882,0.47205449418898404
58,grid_0.2850,grid,0.285,10350.301457045032,grid,,1.0,0.5652057162171865,0.14613156263801955,0.020992305757993865,0.0003621278410355644,3.846197761785994,0.47196987063813317
58,grid_0.3100,grid,0.31,14329.14169799472,grid,,1.0,0.564450238874151,0.1460928230115507,0.020992618953684237,0.00035049398180003744,3.8338954920105754,0.47102887923742587
58,grid_0.3300,grid,0.33,18249.878798165097,grid,,1.0,0.5638874057556413,0.14606483734420606,0.02099288136173405,0.00034205534665532333,3.8247467588256634,0.4703550222248398
58,grid_0.3434,grid,0.3434,21389.695469404214,grid,,1.0,0.56353308389822,0.14604821722309796,0.020993056880092,0.0003370248739532067,3.818880472542945,0.4699579285823414
58,grid_0.3600,grid,0.36,26467.98997652761,grid,,1.0,0.5631077480280808,0.14602836890406615,0.02099327857816448,0.00033100594661755744,3.811961876365352,0.46948764819585626
58,grid_0.3649,grid,0.3649,28132.966214579945,grid,,1.0,0.5629834920684847,0.1460224671064344,0.020993344601762755,0.00032921629808696506,3.81000035131169,0.46934900900515214
58,grid_0.4000,grid,0.4,42579.636046908556,grid,,1.0,0.562116273110338,0.14598148610825148,0.020993837925889616,0.00031675636048400513,3.7968469051475493,0.46840504396274013
58,grid_0.4500,grid,0.45,72448.27444526688,grid,,1.0,0.5609680574607183,0.1459345497762469,0.02099460427354135,0.00030228854485453427,3.78019929754373,0.46737302498543526
58,grid_0.4898,grid,0.4898,106200.86026799273,grid,,1.0,0.5601029423844105,0.14590362684189848,0.020995285371271592,0.0002925829543483638,3.76846807104144,0.46673832016873323
58,grid_0.5000,grid,0.5,118799.45821484919,grid,,1.0,0.5598847196825998,0.1458963599699284,0.020995456638804397,0.0002902912136705238,3.7656680548612917,0.466599193247082
58,grid_0.5500,grid,0.55,199504.4587446909,grid,,1.0,0.5587456348868121,0.14585607498215244,0.020996458032964252,0.0002775365762350268,3.753716444734332,0.46587347784096017
58,grid_0.5971,grid,0.5971,311919.71859265055,grid,,1.0,0.5577263007438537,0.14583049911699436,0.020997491216579494,0.0002690432561321954,3.7435822869890925,0.4655304264729096
58,grid_0.6049,grid,0.6049,334734.348952621,grid,,1.0,0.5575539461941712,0.14582587229864594,0.02099766801468902,0.0002675170169719743,3.7420748218770976,0.4654671014651118
58,grid_0.6500,grid,0.65,494950.2230107515,grid,,1.0,0.556512601249108,0.1458021923075288,0.020999267673602436,0.0002590116080791738,3.734350106296496,0.4652374463953923
58,grid_0.7139,grid,0.7139,838232.4367662984,grid,,1.0,0.5549282115623746,0.14577040611077433,0.021002144245758025,0.0002468670519420457,3.7260115963690583,0.465144656229666
58,grid_0.7892,grid,0.7892,1627259.2415256226,grid,,1.0,0.5530301758662214,0.14575209898546293,0.02100709006275818,0.00023658429591000285,3.718739379977786,0.4655636082047937
58,grid_0.8000,grid,0.8,1780352.4943833908,grid,,1.0,0.5527725584899157,0.14575205123807056,0.02100785812074066,0.00023580231936448648,3.7177619553364467,0.46569146331705
58,grid_0.8904,grid,0.8904,3614791.9901831076,grid,,1.0,0.5503601193214237,0.14575516273423506,0.021015801085825105,0.00022876637785823606,3.7131617059605215,0.4671007812127231
58,grid_0.9500,grid,0.95,5549148.238583638,grid,,1.0,0.5488754405243423,0.1457579004942491,0.021020211082456667,0.00022515447403476108,3.7111080129378644,0.46803376682552156
58,grid_1.0112,grid,1.0112,8386653.841517482,grid,,1.0,0.5471645412258473,0.1457748662789732,0.021028273949291004,0.00022203768936152057,3.7114841900200144,0.46952877290619466
58,grid_1.1500,grid,1.15,,grid,,1.0,0.5437125829329993,0.14587579226176417,0.021045639199255835,0.00023410756874153726,3.7134440782378118,0.4743405032279735
58,grid_1.3368,grid,1.3368,,grid,,1.0,0.5396599354601491,0.14587645625054316,0.021018212528954028,0.00026172795926260317,3.7195412992115857,0.478116616132104
58,rtp475,rtp,0.10783190049985004,475.0,grid,,1.05,0.5778371086991341,0.149204534803052,0.021703720761134932,0.0005582724446602239,3.9732386348275712,0.48964166021561956
58,grid_0.1645,grid,0.1645,1517.1489688095392,grid,,1.05,0.5724841906946514,0.1488252332989998,0.021698325817780945,0.0004506242487207768,3.923025877092309,0.48003210192436857
58,rtp2500,rtp,0.19168877363009612,2500.0,grid,,1.05,0.5707802065786698,0.14872348612154748,0.02169766562672931,0.0004210096974168187,3.9025757557323493,0.4773871831661565
58,grid_0.2109,grid,0.2109,3447.8193871576937,grid,,1.05,0.5697613469459822,0.14866718517796748,0.021697512567321248,0.00040441938141883016,3.8893682832958882,0.47591765806405556
58,rtp5000,rtp,0.23635101712546108,5000.0,grid,,1.05,0.5685845952696503,0.14860622694508904,0.021697528698224312,0.0003862819886309987,3.8732382792880977,0.4743247295208733
58,grid_0.2423,grid,0.2423,5523.9959693607625,grid,,1.05,0.568333430926015,0.14859393531886228,0.02169755716476248,0.0003826004487837431,3.869664984302224,0.47400339625737364
58,grid_0.2700,grid,0.27,8396.827240775745,grid,,1.05,0.5672429487478784,0.14854058239214651,0.021697763644414513,0.00036654097298355337,3.85405797885109,0.47261938871029036
58,rtp10000,rtp,0.2828972523356917,10000.0,grid,,1.05,0.5667772976546568,0.14851866126676116,0.021697903164277103,0.00035988958019383954,3.847279981231882,0.47205449418898404
58,grid_0.2850,grid,0.285,10350.301457045032,grid,,1.05,0.5667040694686765,0.14851538085015387,0.021697928869088494,0.0003588894799777531,3.846197761785994,0.47196987063813317
58,grid_0.3100,grid,0.31,14329.14169799472,grid,,1.05,0.5658732264657024,0.14847880583618006,0.02169824691306423,0.0003477088694738284,3.8338954920105754,0.47102887923742587
58,grid_0.3300,grid,0.33,18249.878798165097,grid,,1.05,0.5652539805368308,0.14845239508359404,0.021698513319115192,0.0003396002869403003,3.8247467588256634,0.4703550222248398
58,grid_0.3434,grid,0.3434,21389.695469404214,grid,,1.05,0.5648635458080404,0.14843674433980664,0.021698691496443455,0.00033477557375766187,3.818880472542945,0.4699579285823414
58,grid_0.3600,grid,0.36,26467.98997652761,grid,,1.05,0.5643951460674548,0.14841802040830124,0.021698916525260254,0.0003289922566586667,3.811961876365352,0.46948764819585626
58,grid_0.3649,grid,0.3649,28132.966214579945,grid,,1.05,0.5642584982931309,0.14841243650003771,0.021698983540691,0.000327267767186723,3.81000035131169,0.46934900900515214
58,grid_0.4000,grid,0.4,42579.636046908556,grid,,1.05,0.5633062382630392,0.1483735488433142,0.021699484181017407,0.00031522581534193517,3.7968469051475493,0.46840504396274013
58,grid_0.4500,grid,0.45,72448.27444526688,grid,,1.05,0.5620463075115399,0.14832902464150108,0.021700261134068363,0.0003012384170306692,3.78019929754373,0.46737302498543526
58,grid_0.4898,grid,0.4898,106200.86026799273,grid,,1.05,0.5610984530676102,0.14829971232874808,0.021700951193858124,0.00029185348293131463,3.76846807104144,0.46673832016873323
58,grid_0.5000,grid,0.5,118799.45821484919,grid,,1.05,0.5608596383287521,0.14829278048110137,0.021701124734104602,0.00028962400871151983,3.7656680548612917,0.466599193247082
58,grid_0.5500,grid,0.55,199504.4587446909,grid,,1.05,0.5596217923444018,0.14825389057505214,0.02170213928487343,0.00027707678576610606,3.753716444734332,0.46587347784096017
58,grid_0.5971,grid,0.5971,311919.71859265055,grid,,1.05,0.5585132626368863,0.14822933178182152,0.021703185852195998,0.0002687489482893213,3.7435822869890925,0.4655304264729096
58,grid_0.6049,grid,0.6049,334734.348952621,grid,,1.05,0.5583265833730694,0.14822487652274827,0.02170336497527165,0.00026724904491232104,3.7420748218770976,0.4654671014651118
58,grid_0.6500,grid,0.65,494950.2230107515,grid,,1.05,0.5572028729230332,0.14820212598068352,0.02170498399127245,0.0002588861539219445,3.734350106296496,0.4652374463953923
58,grid_0.7139,grid,0.7139,838232.4367662984,grid,,1.05,0.5555035024210931,0.14817099274827514,0.021707895098278144,0.00024674799373125555,3.7260115963690583,0.465144656229666
58,grid_0.7892,grid,0.7892,1627259.2415256226,grid,,1.05,0.5534744505041217,0.14815425651606778,0.021712900983318167,0.00023678274051064374,3.718739379977786,0.4655636082047937
58,grid_0.8000,grid,0.8,1780352.4943833908,grid,,1.05,0.5531987671617349,0.14815446770651797,0.021713678513921756,0.00023606778747992108,3.7177619553364467,0.46569146331705
58,grid_0.8904,grid,0.8904,3614791.9901831076,grid,,1.05,0.5506318453393454,0.14816018671093506,0.021721721649664617,0.00022971927655451863,3.7131617059605215,0.4671007812127231
58,grid_0.9500,grid,0.95,5549148.238583638,grid,,1.05,0.5490578429993832,0.14816468587011108,0.02172619313076499,0.00022658100822370297,3.7111080129378644,0.46803376682552156
58,grid_1.0112,grid,1.0112,8386653.841517482,grid,,1.05,0.5472532237328458,0.14818520109323738,0.021734354829858152,0.00022449899318505162,3.7114841900200144,0.46952877290619466
58,grid_1.1500,grid,1.15,,grid,,1.05,0.5436111734324387,0.14829355720844617,0.021751924800130124,0.00023905430940457384,3.7134440782378118,0.4743405032279735
58,grid_1.3368,grid,1.3368,,grid,,1.05,0.539268350896505,0.14826947597106177,0.021724171911729984,0.00025966559300327763,3.7195412992115857,0.478116616132104
58,rtp475,rtp,0.10783190049985004,475.0,grid,,1.1,0.5822099614533129,0.15154783926998672,0.022400886806923127,0.0005658607804785998,3.9732386348275712,0.48964166021561956
58,grid_0.1645,grid,0.1645,1517.1489688095392,grid,,1.1,0.5767700049225812,0.1511738488511089,0.022395523574137183,0.00045800900232073616,3.923025877092309,0.48003210192436857
58,rtp2500,rtp,0.19168877363009612,2500.0,grid,,1.1,0.5750346813332781,0.15107363554776287,0.02239486857810665,0.00042837477951163105,3.9025757557323493,0.4773871831661565
58,grid_0.2109,grid,0.2109,3447.8193871576937,grid,,1.1,0.5739961257362505,0.15101820814991887,0.022394717437131534,0.00041178175568068465,3.8893682832958882,0.47591765806405556
58,rtp5000,rtp,0.23635101712546108,5000.0,grid,,1.1,0.5727957432204926,0.15095825092670784,0.022394734895853252,0.0003936586269976394,3.8732382792880977,0.4743247295208733
58,grid_0.2423,grid,0.2423,5523.9959693607625,grid,,1.1,0.5725394007828816,0.15094617426121204,0.022394763534081808,0.00038998399001438644,3.869664984302224,0.47400339625737364
58,grid_0.2700,grid,0.27,8396.827240775745,grid,,1.1,0.5714259498672911,0.1508936762436177,0.022394970408949867,0.0003739311213638574,3.85405797885109,0.47261938871029036
58,rtp10000,rtp,0.2828972523356917,10000.0,grid,,1.1,0.5709501955104626,0.15087210205172383,0.022395109811109582,0.00036728136639618825,3.847279981231882,0.47205449418898404
58,grid_0.2850,grid,0.285,10350.301457045032,grid,,1.1,0.5708753553798418,0.15086887592447246,0.022395135474394336,0.00036628224831952716,3.846197761785994,0.47196987063813317
58,grid_0.3100,grid,0.31,14329.14169799472,grid,,1.1,0.5700259788368224,0.15083292292372039,0.022395452945729154,0.0003551176919838195,3.8338954920105754,0.47102887923742587
58,grid_0.3300,grid,0.33,18249.878798165097,grid,,1.1,0.5693925685153172,0.15080696794942222,0.022395718820613933,0.00034702276148412814,3.8247467588256634,0.4703550222248398
58,grid_0.3434,grid,0.3434,21389.695469404214,grid,,1.1,0.5689929950964216,0.15079161679680256,0.022395896630172742,0.00034221506602100105,3.818880472542945,0.4699579285823414
58,grid_0.3600,grid,0.36,26467.98997652761,grid,,1.1,0.5685134342335756,0.15077321428629914,0.02239612117148438,0.0003364409747378949,3.811961876365352,0.46948764819585626
58,grid_0.3649,grid,0.3649,28132.966214579945,grid,,1.1,0.568373487523363,0.1507677095378676,0.02239618804165562,0.0003347141976391965,3.81000035131169,0.46934900900515214
58,grid_0.4000,grid,0.4,42579.636046908556,grid,,1.1,0.5673975582859327,0.15072924974698504,0.022396687517272227,0.00032261921201676147,3.7968469051475493,0.46840504396274013
58,grid_0.4500,grid,0.45,72448.27444526688,grid,,1.1,0.5661040450199261,0.15068516775516702,0.022397462071120287,0.0003085577102825421,3.78019929754373,0.46737302498543526
58,grid_0.4898,grid,0.4898,106200.86026799273,grid,,1.1,0.5651290092815814,0.1506561125919188,0.02239814961525799,0.0002991146460509242,3.76846807104144,0.46673832016873323
58,grid_0.5000,grid,0.5,118799.45821484919,grid,,1.1,0.5648829665384153,0.15064918991388263,0.022398322538936345,0.00029685588277272856,3.7656680548612917,0.466599193247082
58,grid_0.5500,grid,0.55,199504.4587446909,grid,,1.1,0.5636058941036449,0.150609891130594,0.022399333375678548,0.0002840059306908338,3.753716444734332,0.46587347784096017
58,grid_0.5971,grid,0.5971,311919.71859265055,grid,,1.1,0.5624587799529711,0.15058507036792296,0.022400375952233525,0.00027548746547878533,3.7435822869890925,0.4655304264729096
58,grid_0.6049,grid,0.6049,334734.348952621,grid,,1.1,0.562265581424819,0.15058056478232446,0.022400554421553063,0.00027395206861074994,3.7420748218770976,0.4654671014651118
58,grid_0.6500,grid,0.65,494950.2230107515,grid,,1.1,0.5611011825877605,0.15055742240490155,0.02240216611966603,0.00026537132154191845,3.734350106296496,0.4652374463953923
58,grid_0.7139,grid,0.7139,838232.4367662984,grid,,1.1,0.5593372748121112,0.15052496970061713,0.022405063839820494,0.0002527026635512075,3.7260115963690583,0.465144656229666
58,grid_0.7892,grid,0.7892,1627259.2415256226,grid,,1.1,0.5572267404397541,0.15050773982402313,0.022410047288058104,0.00024253245887773112,3.718739379977786,0.4655636082047937
58,grid_0.8000,grid,0.8,1780352.4943833908,grid,,1.1,0.5569396555509383,0.1505079930853061,0.022410821455094213,0.0002418345274723399,3.7177619553364467,0.46569146331705
58,grid_0.8904,grid,0.8904,3614791.9901831076,grid,,1.1,0.554263382343321,0.15051425876186278,0.02241883165542123,0.0002357104352117556,3.7131617059605215,0.4671007812127231
58,grid_0.9500,grid,0.95,5549148.238583638,grid,,1.1,0.5526274821158134,0.1505194849493572,0.022423289758029395,0.00023282559139037318,3.7111080129378644,0.46803376682552156
58,grid_1.0112,grid,1.0112,8386653.841517482,grid,,1.1,0.5507497956607369,0.15054203056184962,0.022431415642118216,0.00023148732356664814,3.7114841900200144,0.46952877290619466
58,grid_1.1500,grid,1.15,,grid,,1.1,0.5469598970309522,0.15065589336891663,0.02244890167083628,0.0002482965359500988,3.7134440782378118,0.4743405032279735
58,grid_1.3368,grid,1.3368,,grid,,1.1,0.5423727966970727,0.15060980210557948,0.02242127892674804,0.00026203356353377005,3.7195412992115857,0.478116616132104
58,rtp475,rtp,0.10783190049985004,475.0,grid,,1.15,0.5882986231407321,0.1541460052533322,0.023170900201921786,0.0005900907336385264,3.9732386348275712,0.48964166021561956
58,grid_0.1645,grid,0.1645,1517.1489688095392,grid,,1.15,0.5830023986169234,0.1537663561726122,0.023165659207479292,0.0004784330831233419,3.923025877092309,0.48003210192436857
58,rtp2500,rtp,0.19168877363009612,2500.0,grid,,1.15,0.5813229714756334,0.15366456763583422,0.023165020079863066,0.0004477792668448055,3.9025757557323493,0.4773871831661565
58,grid_0.2109,grid,0.2109,3447.8193871576937,grid,,1.15,0.5803198813558846,0.15360824205137844,0.023164873111391964,0.00043061891472290226,3.8893682832958882,0.47591765806405556
58,rtp5000,rtp,0.23635101712546108,5000.0,grid,,1.15,0.57916226645665,0.1535473247211055,0.023164891185180614,0.0004118897438279978,3.8732382792880977,0.4743247295208733
58,grid_0.2423,grid,0.2423,5523.9959693607625,grid,,1.15,0.5789153195651472,0.15353506084326007,0.02316491941191124,0.0004080954962323302,3.869664984302224,0.47400339625737364
58,grid_0.2700,grid,0.27,8396.827240775745,grid,,1.15,0.5778424086736448,0.15348165493351867,0.023165122714477557,0.0003914956866541419,3.85405797885109,0.47261938871029036
58,rtp10000,rtp,0.2828972523356917,10000.0,grid,,1.15,0.5773839961894971,0.15345968825616435,0.023165259442023065,0.00038461647765608564,3.847279981231882,0.47205449418898404
58,grid_0.2850,grid,0.285,10350.301457045032,grid,,1.15,0.5773119099209864,0.15345640396992677,0.023165284598660386,0.00038358332072097046,3.846197761785994,0.47196987063813317
58,grid_0.3100,grid,0.31,14329.14169799472,grid,,1.15,0.5764935919769271,0.15341981445346298,0.023165595761539884,0.00037204370539511977,3.8338954920105754,0.47102887923742587
58,grid_0.3300,grid,0.33,18249.878798165097,grid,,1.15,0.575882884946663,0.1533933995424199,0.023165856316210175,0.00036367870697029403,3.8247467588256634,0.4703550222248398
58,grid_0.3434,grid,0.3434,21389.695469404214,grid,,1.15,0.5754977114674878,0.15337779827957046,0.023166030558277814,0.0003587184468107907,3.818880472542945,0.4699579285823414
58,grid_0.3600,grid,0.36,26467.98997652761,grid,,1.15,0.5750348306700915,0.1533590562219118,0.02316625057694586,0.000352749548329645,3.811961876365352,0.46948764819585626
58,grid_0.3649,grid,0.3649,28132.966214579945,grid,,1.15,0.5748995209338362,0.15335343369926666,0.02316631610013257,0.000350959527222805,3.81000035131169,0.46934900900515214
58,grid_0.4000,grid,0.4,42579.636046908556,grid,,1.15,0.573953492546353,0.15331402198415184,0.023166805452537124,0.00033838388441986833,3.7968469051475493,0.46840504396274013
58,grid_0.4500,grid,0.45,72448.27444526688,grid,,1.15,0.5726946119608125,0.15326873235294503,0.023167563918346637,0.00032374039873206417,3.78019929754373,0.46737302498543526
58,grid_0.4898,grid,0.4898,106200.86026799273,grid,,1.15,0.5717409159885504,0.15323878515608166,0.023168236890298,0.0003138883858137542,3.76846807104144,0.46673832016873323
58,grid_0.5000,grid,0.5,118799.45821484919,grid,,1.15,0.5714993196992998,0.1532315919678611,0.02316840616135314,0.00031151461565193106,3.7656680548612917,0.466599193247082
58,grid_0.5500,grid,0.55,199504.4587446909,grid,,1.15,0.5702350664051623,0.15319032974346836,0.023169395562234376,0.00029788156467819293,3.753716444734332,0.46587347784096017
58,grid_0.5971,grid,0.5971,311919.71859265055,grid,,1.15,0.5690936339057228,0.15316411711546477,0.023170415906820504,0.00028883086493930454,3.7435822869890925,0.4655304264729096
58,grid_0.6049,grid,0.6049,334734.348952621,grid,,1.15,0.5689007462147603,0.15315936627738388,0.023170590593064505,0.0002872008854253316,3.7420748218770976,0.4654671014651118
58,grid_0.6500,grid,0.65,494950.2230107515,grid,,1.15,0.5677321587221904,0.15313464727067352,0.023172167040340915,0.00027805315437268163,3.734350106296496,0.4652374463953923
58,grid_0.7139,grid,0.7139,838232.4367662984,grid,,1.15,0.5659479702199954,0.15309907472763426,0.02317500120554039,0.00026432547691734865,3.7260115963690583,0.465144656229666
58,grid_0.7892,grid,0.7892,1627259.2415256226,grid,,1.15,0.5637995037747581,0.15307938372332638,0.023179875803887688,0.0002534219172257157,3.718739379977786,0.4655636082047937
58,grid_0.8000,grid,0.8,1780352.4943833908,grid,,1.15,0.5635068785760508,0.15307946037257394,0.02318063315511754,0.0002526880328408976,3.7177619553364467,0.46569146331705
58,grid_0.8904,grid,0.8904,3614791.9901831076,grid,,1.15,0.5607611133020834,0.153084165297987,0.02318847080078976,0.00024629086419164503,3.7131617059605215,0.4671007812127231
58,grid_0.9500,grid,0.95,5549148.238583638,grid,,1.15,0.5590875243208429,0.153089040101389,0.02319283667542106,0.00024341752374362757,3.7111080129378644,0.46803376682552156
58,grid_1.0112,grid,1.0112,8386653.841517482,grid,,1.15,0.5571551464913169,0.15311201997464782,0.0232007856644433,0.0002425049962736514,3.7114841900200144,0.46952877290619466
58,grid_1.1500,grid,1.15,,grid,,1.15,0.5532549798421071,0.15322906164106803,0.02321788574972628,0.0002612595816759433,3.7134440782378118,0.4743405032279735
58,grid_1.3368,grid,1.3368,,grid,,1.15,0.5484646601267966,0.15316367365042732,0.023190870786949272,0.00026824013914533706,3.7195412992115857,0.478116616132104
58,rtp475,rtp,0.10783190049985004,475.0,grid,,1.2,0.5957266111304187,0.15722305498438469,0.024090658140251464,0.0006284308783713888,3.9732386348275712,0.48964166021561956
58,grid_0.1645,grid,0.1645,1517.1489688095392,grid,,1.2,0.5907467616305022,0.15683012685939554,0.02408563448848645,0.0005100542022476451,3.923025877092309,0.48003210192436857
58,rtp2500,rtp,0.19168877363009612,2500.0,grid,,1.2,0.5891885328508402,0.15672458166877123,0.024085022347749327,0.0004775721515020148,3.9025757557323493,0.4773871831661565
58,grid_0.2109,grid,0.2109,3447.8193871576937,grid,,1.2,0.5882622084512259,0.1566661071082017,0.024084881847434948,0.00045938726900357496,3.8893682832958882,0.47591765806405556
58,rtp5000,rtp,0.23635101712546108,5000.0,grid,,1.2,0.5871970819308993,0.15660283882209614,0.02408489968626715,0.00043954944087226666,3.8732382792880977,0.4743247295208733
58,grid_0.2423,grid,0.2423,5523.9959693607625,grid,,1.2,0.5869704447308325,0.1565901014912043,0.024084926864714477,0.0004355330203111851,3.869664984302224,0.47400339625737364
58,grid_0.2700,grid,0.27,8396.827240775745,grid,,1.2,0.5859856381709477,0.15653452896697687,0.024085122311922866,0.0004179364469904523,3.85405797885109,0.47261938871029036
58,rtp10000,rtp,0.2828972523356917,10000.0,grid,,1.2,0.5855651241422076,0.15651163908801327,0.024085253629577176,0.00041063954043935036,3.847279981231882,0.47205449418898404
58,grid_0.2850,grid,0.285,10350.301457045032,grid,,1.2,0.5854990619059686,0.1565082156724784,0.024085277783305457,0.0004095437896775578,3.846197761785994,0.47196987063813317
58,grid_0.3100,grid,0.31,14329.14169799472,grid,,1.2,0.5847489505067284,0.1564700825820059,0.024085576521645943,0.0003973102215737989,3.8338954920105754,0.47102887923742587
58,grid_0.3300,grid,0.33,18249.878798165097,grid,,1.2,0.5841885651064798,0.15644254611873165,0.024085826652579634,0.00038844358353185005,3.8247467588256634,0.4703550222248398
58,grid_0.3434,grid,0.3434,21389.695469404214,grid,,1.2,0.5838354261353174,0.1564262963810579,0.02408599391797945,0.0003831922815151212,3.818880472542945,0.4699579285823414
58,grid_0.3600,grid,0.36,26467.98997652761,grid,,1.2,0.5834100842438752,0.15640673461276172,0.024086205116002582,0.00037686151622429165,3.811961876365352,0.46948764819585626
58,grid_0.3649,grid,0.3649,28132.966214579945,grid,,1.2,0.5832853572900968,0.15640085102331272,0.024086268012147014,0.00037495818866944974,3.81000035131169,0.46934900900515214
58,grid_0.4000,grid,0.4,42579.636046908556,grid,,1.2,0.5824093690397555,0.15635947964398017,0.024086737703237313,0.00036154917129893605,3.7968469051475493,0.46840504396274013
58,grid_0.4500,grid,0.45,72448.27444526688,grid,,1.2,0.5812362452086681,0.1563117646680582,0.024087465552721173,0.0003459022209212348,3.78019929754373,0.46737302498543526
58,grid_0.4898,grid,0.4898,106200.86026799273,grid,,1.2,0.5803402632933571,0.15628006486015208,0.02408811118125463,0.0003353474914387089,3.76846807104144,0.46673832016873323
58,grid_0.5000,grid,0.5,118799.45821484919,grid,,1.2,0.5801118674346758,0.15627238975758787,0.024088273582593273,0.00033278621795418406,3.7656680548612917,0.466599193247082
58,grid_0.5500,grid,0.55,199504.4587446909,grid,,1.2,0.578899470944418,0.1562279857098983,0.024089222774572636,0.000317960744399548,3.753716444734332,0.46587347784096017
58,grid_0.5971,grid,0.5971,311919.71859265055,grid,,1.2,0.5777969426571395,0.15619950337962288,0.02409020157372114,0.0003080832823196822,3.7435822869890925,0.4655304264729096
58,grid_0.6049,grid,0.6049,334734.348952621,grid,,1.2,0.5776094926429228,0.1561943568424729,0.02409036916160849,0.0003063079478252684,3.7420748218770976,0.4654671014651118
58,grid_0.6500,grid,0.65,494950.2230107515,grid,,1.2,0.5764641267091333,0.15616712501279933,0.02409188085511858,0.0002962900796447121,3.734350106296496,0.4652374463953923
58,grid_0.7139,grid,0.7139,838232.4367662984,grid,,1.2,0.574692924500838,0.15612699107640393,0.024094598490782805,0.00028103885178870636,3.7260115963690583,0.465144656229666
58,grid_0.7892,grid,0.7892,1627259.2415256226,grid,,1.2,0.5725393086342885,0.15610318752053706,0.024099272951000734,0.000268932203071226,3.718739379977786,0.4655636082047937
58,grid_0.8000,grid,0.8,1780352.4943833908,grid,,1.2,0.5722455574181186,0.15610289485872292,0.02409999926726606,0.00026811451600744496,3.7177619553364467,0.46569146331705
58,grid_0.8904,grid,0.8904,3614791.9901831076,grid,,1.2,0.569460392900435,0.15610415749044404,0.024107516654094597,0.00026099133170676136,3.7131617059605215,0.4671007812127231
58,grid_0.9500,grid,0.95,5549148.238583638,grid,,1.2,0.5677673702514445,0.15610771531751935,0.024111706563131937,0.0002579122185237259,3.7111080129378644,0.46803376682552156
58,grid_1.0112,grid,1.0112,8386653.841517482,grid,,1.2,0.565794210024748,0.15612966630891634,0.02411932956249204,0.00025714313924152243,3.7114841900200144,0.46952877290619466
58,grid_1.1500,grid,1.15,,grid,,1.2,0.5618122117320368,0.15624755560488093,0.024135724996160846,0.00027757363633951204,3.7134440782378118,0.4743405032279735
58,grid_1.3368,grid,1.3368,,grid,,1.2,0.5568500135032626,0.15616553080332185,0.02410982206265468,0.0002778509484285818,3.7195412992115857,0.478116616132104
58,rtp475,rtp,0.10783190049985004,475.0,grid,,1.25,0.6030556187922417,0.16284111015207972,0.02585701295736059,0.00066021419820117,3.9732386348275712,0.48964166021561956
58,grid_0.1645,grid,0.1645,1517.1489688095392,grid,,1.25,0.5982073906295448,0.16244787869856164,0.02585216397865706,0.0005371493150055362,3.923025877092309,0.48003210192436857
58,rtp2500,rtp,0.19168877363009612,2500.0,grid,,1.25,0.5967009632452811,0.16234239635693692,0.025851573142549263,0.0005034805123635411,3.9025757557323493,0.4773871831661565
58,grid_0.2109,grid,0.2109,3447.8193871576937,grid,,1.25,0.5958076265892912,0.16228398422131793,0.025851437544023793,0.0004846539907211733,3.8893682832958882,0.47591765806405556
58,rtp5000,rtp,0.23635101712546108,5000.0,grid,,1.25,0.5947823869801878,0.16222084870611306,0.025851454775735402,0.00046414897919622167,3.8732382792880977,0.4743247295208733
58,grid_0.2423,grid,0.2423,5523.9959693607625,grid,,1.25,0.5945645286196889,0.16220815239205313,0.02585148101184225,0.000460003690601285,3.869664984302224,0.47400339625737364
58,grid_0.2700,grid,0.27,8396.827240775745,grid,,1.25,0.5936175913503914,0.1621526956932579,0.02585166966841931,0.0004418270521709955,3.85405797885109,0.47261938871029036
58,rtp10000,rtp,0.2828972523356917,10000.0,grid,,1.25,0.5932132835682005,0.16212985207614292,0.025851796436694302,0.0004342924975376805,3.847279981231882,0.47205449418898404
58,grid_0.2850,grid,0.285,10350.301457045032,grid,,1.25,0.5931497968269539,0.16212643770546453,0.025851819752872145,0.0004331620501917266,3.846197761785994,0.47196987063813317
58,grid_0.3100,grid,0.31,14329.14169799472,grid,,1.25,0.5924287265565902,0.16208843454081875,0.025852108133725987,0.000420552478167302,3.8338954920105754,0.47102887923742587
58,grid_0.3300,grid,0.33,18249.878798165097,grid,,1.25,0.591889552688822,0.1620610111974848,0.0258523495892663,0.00041142176108499573,3.8247467588256634,0.4703550222248398
58,grid_0.3434,grid,0.3434,21389.695469404214,grid,,1.25,0.5915498773731102,0.16204486223942802,0.025852511050865536,0.00040602632732966715,3.818880472542945,0.4699579285823414
58,grid_0.3600,grid,0.36,26467.98997652761,grid,,1.25,0.5911401035772975,0.16202538994474036,0.0258527149160973,0.0003995120706478672,3.811961876365352,0.46948764819585626
58,grid_0.3649,grid,0.3649,28132.966214579945,grid,,1.25,0.5910196928703619,0.162019517373327,0.025852775628172515,0.00039754838171329743,3.81000035131169,0.46934900900515214
58,grid_0.4000,grid,0.4,42579.636046908556,grid,,1.25,0.5901714162727081,0.16197810581099373,0.025853228988514554,0.00038367777360293065,3.7968469051475493,0.46840504396274013
58,grid_0.4500,grid,0.45,72448.27444526688,grid,,1.25,0.5890301642960858,0.1619303300106155,0.025853931636549164,0.0003675001407976719,3.78019929754373,0.46737302498543526
58,grid_0.4898,grid,0.4898,106200.86026799273,grid,,1.25,0.5881535659928003,0.16189854731801037,0.025854554848328715,0.0003565847753533302,3.76846807104144,0.46673832016873323
58,grid_0.5000,grid,0.5,118799.45821484919,grid,,1.25,0.5879291472717239,0.1618908033951651,0.025854711614167143,0.0003539206097648573,3.7656680548612917,0.466599193247082
58,grid_0.5500,grid,0.55,199504.4587446909,grid,,1.25,0.5867273167019335,0.1618455372913704,0.025855627842014946,0.00033835009911742375,3.753716444734332,0.46587347784096017
58,grid_0.5971,grid,0.5971,311919.71859265055,grid,,1.25,0.5856286447366295,0.16181649692520525,0.02585657261492746,0.0003280060622175007,3.7435822869890925,0.4655304264729096
58,grid_0.6049,grid,0.6049,334734.348952621,grid,,1.25,0.5854412067346806,0.16181125203604735,0.025856734382577448,0.0003261469028957853,3.7420748218770976,0.4654671014651118
58,grid_0.6500,grid,0.65,494950.2230107515,grid,,1.25,0.5842900062931827,0.16178329711951586,0.02585819328649845,0.00031564194036309834,3.734350106296496,0.4652374463953923
58,grid_0.7139,grid,0.7139,838232.4367662984,grid,,1.25,0.5824963406591985,0.16174140609979382,0.025860815969054436,0.0002994664780839873,3.7260115963690583,0.465144656229666
58,grid_0.7892,grid,0.7892,1627259.2415256226,grid,,1.25,0.5803025782941579,0.16171646440866708,0.025865327216914095,0.00028688764392559296,3.718739379977786,0.4655636082047937
58,grid_0.8000,grid,0.8,1780352.4943833908,grid,,1.25,0.5800030085970725,0.16171614643952992,0.02586602819789412,0.00028608382135736354,3.7177619553364467,0.46569146331705
58,grid_0.8904,grid,0.8904,3614791.9901831076,grid,,1.25,0.5771461660001352,0.1617171574319202,0.025873283732619216,0.0002791552752412496,3.7131617059605215,0.4671007812127231
58,grid_0.9500,grid,0.95,5549148.238583638,grid,,1.25,0.5754138664987944,0.16172112092107668,0.025877328694912285,0.00027639225705722303,3.7111080129378644,0.46803376682552156
58,grid_1.0112,grid,1.0112,8386653.841517482,grid,,1.25,0.5733847363896241,0.16174462543113327,0.02588468567443035,0.0002766381814272578,3.7114841900200144,0.46952877290619466
58,grid_1.1500,grid,1.15,,grid,,1.25,0.5692901092117638,0.1618682608435966,0.0259005075714776,0.0003008262970530251,3.7134440782378118,0.4743405032279735
58,grid_1.3368,grid,1.3368,,grid,,1.25,0.5641192030272293,0.1617682881370801,0.02587551033395979,0.0002934687128415825,3.7195412992115857,0.478116616132104
58,rtp475,rtp,0.10783190049985004,475.0,grid,,1.3,0.6110574753775887,0.16880008292429863,0.027794602590437194,0.0006988654048128984,3.9732386348275712,0.48964166021561956
58,grid_0.1645,grid,0.1645,1517.1489688095392,grid,,1.3,0.6063969526274323,0.1684041075435003,0.027790027372719982,0.0005699160648028334,3.923025877092309,0.48003210192436857
58,rtp2500,rtp,0.19168877363009612,2500.0,grid,,1.3,0.6049637049253828,0.16829796381459639,0.02778946936911113,0.0005347352550280626,3.9025757557323493,0.4773871831661565
58,grid_0.2109,grid,0.2109,3447.8193871576937,grid,,1.3,0.6041169087973608,0.16823919446409522,0.02778934102184713,0.000515085532080517,3.8893682832958882,0.47591765806405556
58,rtp5000,rtp,0.23635101712546108,5000.0,grid,,1.3,0.6031478996662741,0.16817572183659363,0.027789356702050738,0.0004937167132085807,3.8732382792880977,0.4743247295208733
58,grid_0.2423,grid,0.2423,5523.9959693607625,grid,,1.3,0.6029424116912003,0.16816296935826167,0.02778938131840309,0.0004894029449845627,3.869664984302224,0.47400339625737364
58,grid_0.2700,grid,0.27,8396.827240775745,grid,,1.3,0.602049003921367,0.1681072036375036,0.027789558655333026,0.00047047325948806895,3.85405797885109,0.47261938871029036
58,rtp10000,rtp,0.2828972523356917,10000.0,grid,,1.3,0.601667676080925,0.16808422695815708,0.027789677996084842,0.00046262935603641475,3.847279981231882,0.47205449418898404
58,grid_0.2850,grid,0.285,10350.301457045032,grid,,1.3,0.6016078429401145,0.16808079419946007,0.02778969995331942,0.00046145342540182543,3.846197761785994,0.47196987063813317
58,grid_0.3100,grid,0.31,14329.14169799472,grid,,1.3,0.6009280644227032,0.16804261392447914,0.027789971552786005,0.00044834854178554817,3.8338954920105754,0.47102887923742587
58,grid_0.3300,grid,0.33,18249.878798165097,grid,,1.3,0.6004192146795763,0.16801508039167637,0.02779019897408292,0.00043886826493855224,3.8247467588256634,0.4703550222248398
58,grid_0.3434,grid,0.3434,21389.695469404214,grid,,1.3,0.6000988257070768,0.16799889740048418,0.027790351052491842,0.00043327847528656926,3.818880472542945,0.4699579285823414
58,grid_0.3600,grid,0.36,26467.98997652761,grid,,1.3,0.5997115084680223,0.1679793538081376,0.02779054307309219,0.0004265202327072837,3.811961876365352,0.46948764819585626
58,grid_0.3649,grid,0.3649,28132.966214579945,grid,,1.3,0.5995973774337755,0.16797344484136012,0.027790600257294226,0.00042447791457922435,3.81000035131169,0.46934900900515214
58,grid_0.4000,grid,0.4,42579.636046908556,grid,,1.3,0.5987900700235732,0.1679316634777933,0.027791027276561988,0.000410016321856832,3.7968469051475493,0.46840504396274013
58,grid_0.4500,grid,0.45,72448.27444526688,grid,,1.3,0.5976975958769418,0.16788343111963827,0.027791689501840543,0.0003931569426617876,3.78019929754373,0.46737302498543526
58,grid_0.4898,grid,0.4898,106200.86026799273,grid,,1.3,0.596852425907868,0.16785128460018595,0.027792276932769047,0.0003817768091635698,3.76846807104144,0.46673832016873323
58,grid_0.5000,grid,0.5,118799.45821484919,grid,,1.3,0.5966348864870418,0.16784340484816773,0.027792424695904847,0.00037898385512108446,3.7656680548612917,0.466599193247082
58,grid_0.5500,grid,0.55,199504.4587446909,grid,,1.3,0.5954565630435996,0.167796912392933,0.027793288313505384,0.0003625154950962495,3.753716444734332,0.46587347784096017
58,grid_0.5971,grid,0.5971,311919.71859265055,grid,,1.3,0.594372801073798,0.1677670401563009,0.027794178854979944,0.000351600907825933,3.7435822869890925,0.4655304264729096
58,grid_0.6049,grid,0.6049,334734.348952621,grid,,1.3,0.5941870798770847,0.16776165042044325,0.02779433133254736,0.0003496400192436466,3.7420748218770976,0.4654671014651118
58,grid_0.6500,grid,0.65,494950.2230107515,grid,,1.3,0.5930391666441974,0.16773266971218237,0.02779570663097671,0.0003385418577993571,3.734350106296496,0.4652374463953923
58,grid_0.7139,grid,0.7139,838232.4367662984,grid,,1.3,0.5912341248596366,0.16768857710671767,0.027798179036487874,0.00032127985558771943,3.7260115963690583,0.465144656229666
58,grid_0.7892,grid,0.7892,1627259.2415256226,grid,,1.3,0.5890111880277556,0.16766192736446117,0.027802431704332387,0.00030809018323346704,3.718739379977786,0.4655636082047937
58,grid_0.8000,grid,0.8,1780352.4943833908,grid,,1.3,0.58870728184325,0.1676615140204689,0.02780309248979182,0.00030729079384406166,3.7177619553364467,0.46569146331705
58,grid_0.8904,grid,0.8904,3614791.9901831076,grid,,1.3,0.5857889162070832,0.16766157128838047,0.02780993171813185,0.0003004707687568331,3.7131617059605215,0.4671007812127231
58,grid_0.9500,grid,0.95,5549148.238583638,grid,,1.3,0.58402344376039,0.16766560752222137,0.027813743941490447,0.000298012004305126,3.7111080129378644,0.46803376682552156
58,grid_1.0112,grid,1.0112,8386653.841517482,grid,,1.3,0.5819429925807681,0.1676900665992572,0.027820679101587822,0.0002992793344754885,3.7114841900200144,0.46952877290619466
58,grid_1.1500,grid,1.15,,grid,,1.3,0.5777452097653926,0.1678185359571608,0.02783559474024292,0.0003274662705619602,3.7134440782378118,0.4743405032279735
58,grid_1.3368,grid,1.3368,,grid,,1.3,0.5723769368321625,0.1677031412579992,0.027812029770444745,0.00031231381735569164,3.7195412992115857,0.478116616132104
58,rtp475,rtp,0.10783190049985004,475.0,grid,,1.35,0.6197233904105438,0.17506221160629734,0.02990215244232301,0.0007446254901650184,3.9732386348275712,0.48964166021561956
58,grid_0.1645,grid,0.1645,1517.1489688095392,grid,,1.35,0.6153142935913942,0.17466094844112834,0.029897944478191118,0.0006085024321633714,3.923025877092309,0.48003210192436857
58,rtp2500,rtp,0.19168877363009612,2500.0,grid,,1.35,0.6139783428301283,0.1745533861842611,0.029897430158170465,0.0005714544702213331,3.9025757557323493,0.4773871831661565
58,grid_0.2109,grid,0.2109,3447.8193871576937,grid,,1.35,0.6131933439504481,0.17449381856119492,0.029897311259223368,0.0005507814568438407,3.8893682832958882,0.47591765806405556
58,rtp5000,rtp,0.23635101712546108,5000.0,grid,,1.35,0.612298936178106,0.17442951214522553,0.02989732446928702,0.0005283302379343602,3.8732382792880977,0.4743247295208733
58,grid_0.2423,grid,0.2423,5523.9959693607625,grid,,1.35,0.6121098517107355,0.174416600261316,0.029897346820158568,0.0005238036265571289,3.869664984302224,0.47400339625737364
58,grid_0.2700,grid,0.27,8396.827240775745,grid,,1.35,0.6112875537134418,0.17436007216504143,0.029897508532899672,0.0005039262324987859,3.85405797885109,0.47261938871029036
58,rtp10000,rtp,0.2828972523356917,10000.0,grid,,1.35,0.6109368055751039,0.1743367698368452,0.029897617717108603,0.0004956916000365408,3.847279981231882,0.47205449418898404
58,grid_0.2850,grid,0.285,10350.301457045032,grid,,1.35,0.6108818351155478,0.17433328909118434,0.02989763782137084,0.0004944578639796138,3.846197761785994,0.47196987063813317
58,grid_0.3100,grid,0.31,14329.14169799472,grid,,1.35,0.6102570851179698,0.1742945993094848,0.029897886553671628,0.00048072079478223007,3.8338954920105754,0.47102887923742587
58,grid_0.3300,grid,0.33,18249.878798165097,grid,,1.35,0.6097887756786985,0.17426671235053304,0.02989809486474627,0.000470792168717149,3.8247467588256634,0.4703550222248398
58,grid_0.3434,grid,0.3434,21389.695469404214,grid,,1.35,0.6094941975929602,0.1742503474969889,0.029898234169697523,0.0004649494331238624,3.818880472542945,0.4699579285823414
58,grid_0.3600,grid,0.36,26467.98997652761,grid,,1.35,0.6091370568797737,0.17423055538524826,0.02989841007257255,0.0004578763572795075,3.811961876365352,0.46948764819585626
58,grid_0.3649,grid,0.3649,28132.966214579945,grid,,1.35,0.6090314068486106,0.17422455763840997,0.029898462456192633,0.00045573402810700214,3.81000035131169,0.46934900900515214
58,grid_0.4000,grid,0.4,42579.636046908556,grid,,1.35,0.6082799391577253,0.17418204057328876,0.02989885365490105,0.0004405296033737627,3.7968469051475493,0.46840504396274013
58,grid_0.4500,grid,0.45,72448.27444526688,grid,,1.35,0.6072552085298945,0.17413290478694776,0.029899461055236536,0.00042280747430367693,3.78019929754373,0.46737302498543526
58,grid_0.4898,grid,0.4898,106200.86026799273,grid,,1.35,0.6064549848182809,0.17410007309550682,0.029900000067270012,0.00041083538459080193,3.76846807104144,0.46673832016873323
58,grid_0.5000,grid,0.5,118799.45821484919,grid,,1.35,0.6062475832241929,0.17409197974638796,0.029900135643134686,0.00040788176888206795,3.7656680548612917,0.466599193247082
58,grid_0.5500,grid,0.55,199504.4587446909,grid,,1.35,0.6051073433329018,0.1740438399098913,0.029900928071520564,0.0003903301390593139,3.753716444734332,0.46587347784096017
58,grid_0.5971,grid,0.5971,311919.71859265055,grid,,1.35,0.6040509375276842,0.17401281029951146,0.029901745276631156,0.00037871287170260226,3.7435822869890925,0.4655304264729096
58,grid_0.6049,grid,0.6049,334734.348952621,grid,,1.35,0.6038688573064845,0.17400722065803725,0.02990188518265075,0.00037662765848411883,3.7420748218770976,0.4654671014651118
58,grid_0.6500,grid,0.65,494950.2230107515,grid,,1.35,0.6027345521508104,0.173976855693488,0.029903147758173813,0.0003647985588189351,3.734350106296496,0.4652374463953923
58,grid_0.7139,grid,0.7139,838232.4367662984,grid,,1.35,0.6009307559312892,0.17393002308771527,0.029905417615768533,0.0003462353155246345,3.7260115963690583,0.465144656229666
58,grid_0.7892,grid,0.7892,1627259.2415256226,grid,,1.35,0.5986911919263261,0.17390097059855067,0.029909321587115227,0.0003322259880027545,3.718739379977786,0.4655636082047937
58,grid_0.8000,grid,0.8,1780352.4943833908,grid,,1.35,0.5983846415862858,0.1739003733804275,0.029909928132785892,0.0003314117290662,3.7177619553364467,0.46569146331705
58,grid_0.8904,grid,0.8904,3614791.9901831076,grid,,1.35,0.5954164899611397,0.17389859958332096,0.029916205045845114,0.00032451789119508634,3.7131617059605215,0.4671007812127231
58,grid_0.9500,grid,0.95,5549148.238583638,grid,,1.35,0.59362493441449,0.17390226845172196,0.029919701446969142,0.0003222975256856331,3.7111080129378644,0.46803376682552156
58,grid_1.0112,grid,1.0112,8386653.841517482,grid,,1.35,0.5914986832658053,0.17392692063786072,0.02992606755102376,0.0003245061715449471,3.7114841900200144,0.46952877290619466
58,grid_1.1500,grid,1.15,,grid,,1.35,0.5872089855824137,0.17405887943455858,0.029939762624353237,0.0003567308856609608,3.7134440782378118,0.4743405032279735
58,grid_1.3368,grid,1.3368,,grid,,1.35,0.5816569237359605,0.173930525655337,0.029918127404298344,0.0003337003504434999,3.7195412992115857,0.478116616132104
58,rtp475,rtp,0.10783190049985004,475.0,grid,,1.4,0.6300837852209717,0.1814147652616257,0.032105675700080806,0.0008056413548499508,3.9732386348275712,0.48964166021561956
58,grid_0.1645,grid,0.1645,1517.1489688095392,grid,,1.4,0.6261588623717609,0.18099947076162098,0.032101916614362076,0.0006588918016248169,3.923025877092309,0.48003210192436857
58,rtp2500,rtp,0.19168877363009612,2500.0,grid,,1.4,0.6250070646396569,0.18088792277472027,0.03210145544576785,0.0006189851599853191,3.9025757557323493,0.4773871831661565
58,grid_0.2109,grid,0.2109,3447.8193871576937,grid,,1.4,0.6243385702143319,0.18082605946952396,0.0321013479089177,0.0005967158743581114,3.8893682832958882,0.47591765806405556
58,rtp5000,rtp,0.23635101712546108,5000.0,grid,,1.4,0.623584434438741,0.18075922784999177,0.032101357840922835,0.0005725406120024035,3.8732382792880977,0.4743247295208733
58,grid_0.2423,grid,0.2423,5523.9959693607625,grid,,1.4,0.623426141521555,0.18074580386763534,0.032101377361163606,0.0005676682545940892,3.869664984302224,0.47400339625737364
58,grid_0.2700,grid,0.27,8396.827240775745,grid,,1.4,0.6227376211876112,0.18068695175962285,0.03210151968508567,0.0005462548510986043,3.85405797885109,0.47261938871029036
58,rtp10000,rtp,0.2828972523356917,10000.0,grid,,1.4,0.6224445060520921,0.18066265576614957,0.03210161632713323,0.0005373788613450281,3.847279981231882,0.47205449418898404
58,grid_0.2850,grid,0.285,10350.301457045032,grid,,1.4,0.6223986984379967,0.1806590239567037,0.03210163414664842,0.0005360487903404154,3.846197761785994,0.47196987063813317
58,grid_0.3100,grid,0.31,14329.14169799472,grid,,1.4,0.6218778112149347,0.18061866242717511,0.03210185469304119,0.0005212465239406439,3.8338954920105754,0.47102887923742587
58,grid_0.3300,grid,0.33,18249.878798165097,grid,,1.4,0.6214863372640894,0.1805895647314471,0.03210203945787219,0.0005105514320213334,3.8247467588256634,0.4703550222248398
58,grid_0.3434,grid,0.3434,21389.695469404214,grid,,1.4,0.6212407225972661,0.18057249414536117,0.032102163026604624,0.0005042626152718666,3.818880472542945,0.4699579285823414
58,grid_0.3600,grid,0.36,26467.98997652761,grid,,1.4,0.6209411535269241,0.1805518185424648,0.032102319077643215,0.0004966401013479227,3.811961876365352,0.46948764819585626
58,grid_0.3649,grid,0.3649,28132.966214579945,grid,,1.4,0.6208518001064504,0.1805455427155194,0.032102365548503584,0.0004943274459378588,3.81000035131169,0.46934900900515214
58,grid_0.4000,grid,0.4,42579.636046908556,grid,,1.4,0.6202089845336196,0.18050095293610205,0.032102712643487546,0.00047788136735338327,3.7968469051475493,0.46840504396274013
58,grid_0.4500,grid,0.45,72448.27444526688,grid,,1.4,0.6193192924971747,0.18044924683749947,0.03210325263488151,0.00045867804933930056,3.78019929754373,0.46737302498543526
58,grid_0.4898,grid,0.4898,106200.86026799273,grid,,1.4,0.6186119440952454,0.18041451881450438,0.03210373218817294,0.00044566641089621717,3.76846807104144,0.46673832016873323
58,grid_0.5000,grid,0.5,118799.45821484919,grid,,1.4,0.6184262277269399,0.18040591076145984,0.032103852794780875,0.0004424398428909404,3.7656680548612917,0.466599193247082
58,grid_0.5500,grid,0.55,199504.4587446909,grid,,1.4,0.6173759072005668,0.18035447608956612,0.032104557804407824,0.0004231792411340529,3.753716444734332,0.46587347784096017
58,grid_0.5971,grid,0.5971,311919.71859265055,grid,,1.4,0.6163909633155478,0.18032099204157848,0.03210528498541189,0.0004103751854471205,3.7435822869890925,0.4655304264729096
58,grid_0.6049,grid,0.6049,334734.348952621,grid,,1.4,0.6162193641968632,0.1803149828869345,0.032105409453339846,0.00040808360017563494,3.7420748218770976,0.4654671014651118
58,grid_0.6500,grid,0.65,494950.2230107515,grid,,1.4,0.61513541403394,0.18028182829514797,0.032106533881724915,0.00039500373171630354,3.734350106296496,0.4652374463953923
58,grid_0.7139,grid,0.7139,838232.4367662984,grid,,1.4,0.6133780298474008,0.18023005121803606,0.03210855555216612,0.0003743158098897803,3.7260115963690583,0.465144656229666
58,grid_0.7892,grid,0.7892,1627259.2415256226,grid,,1.4,0.6111667640464374,0.1801958775222826,0.03211203213844883,0.00035852213757664453,3.718739379977786,0.4655636082047937
58,grid_0.8000,grid,0.8,1780352.4943833908,grid,,1.4,0.6108636026990941,0.18019474747769976,0.032112572180033425,0.00035757483851855953,3.7177619553364467,0.46569146331705
58,grid_0.8904,grid,0.8904,3614791.9901831076,grid,,1.4,0.6078878426285524,0.18018775530938463,0.03211815925815605,0.00034946790527862204,3.7131617059605215,0.4671007812127231
58,grid_0.9500,grid,0.95,5549148.238583638,grid,,1.4,0.6060960334455694,0.18018923829742864,0.03212126723358193,0.000346894364625594,3.7111080129378644,0.46803376682552156
58,grid_1.0112,grid,1.0112,8386653.841517482,grid,,1.4,0.6039444431218352,0.18021118913000145,0.032126935709467085,0.000349136978182063,3.7114841900200144,0.46952877290619466
58,grid_1.1500,grid,1.15,,grid,,1.4,0.5996044917175718,0.18034076523499465,0.03213913581121948,0.00038365579432397823,3.7134440782378118,0.4743405032279735
58,grid_1.3368,grid,1.3368,,grid,,1.4,0.5939176560138696,0.18020362299383644,0.03211986469225352,0.0003534810478512118,3.7195412992115857,0.478116616132104
58,rtp475,rtp,0.10783190049985004,475.0,grid,,1.45,0.6425093089416349,0.18654041558823928,0.033907295392691265,0.0008900312551417544,3.9732386348275712,0.48964166021561956
58,grid_0.1645,grid,0.1645,1517.1489688095392,grid,,1.45,0.6394081484634833,0.1860921935816852,0.03390376236966468,0.0007265421423787166,3.923025877092309,0.48003210192436857
58,rtp2500,rtp,0.19168877363009612,2500.0,grid,,1.45,0.6385672516740524,0.18597108297285328,0.03390332774508932,0.0006819159570065625,3.9025757557323493,0.4773871831661565
58,grid_0.2109,grid,0.2109,3447.8193871576937,grid,,1.45,0.6380950837268576,0.18590364858141,0.03390322575706843,0.0006569407988119558,3.8893682832958882,0.47591765806405556
58,rtp5000,rtp,0.23635101712546108,5000.0,grid,,1.45,0.6375770269954453,0.18583055759320377,0.03390323379260043,0.0006297623428005994,3.8732382792880977,0.4743247295208733
58,grid_0.2423,grid,0.2423,5523.9959693607625,grid,,1.45,0.6374705148935248,0.18581583599545887,0.033903251828595174,0.0006242730780960937,3.869664984302224,0.47400339625737364
58,grid_0.2700,grid,0.27,8396.827240775745,grid,,1.45,0.6370071765941756,0.18575117026113888,0.033903384106772426,0.0006001131466101817,3.85405797885109,0.47261938871029036
58,rtp10000,rtp,0.2828972523356917,10000.0,grid,,1.45,0.6368111447549427,0.1857243759627671,0.033903474314692074,0.0005900695120671928,3.847279981231882,0.47205449418898404
58,grid_0.2850,grid,0.285,10350.301457045032,grid,,1.45,0.636780770287791,0.1857203594667461,0.03390349096510296,0.0005885609553544224,3.846197761785994,0.47196987063813317
58,grid_0.3100,grid,0.31,14329.14169799472,grid,,1.45,0.6364349468126,0.18567567495354206,0.03390369709899459,0.0005717591704588187,3.8338954920105754,0.47102887923742587
58,grid_0.3300,grid,0.33,18249.878798165097,grid,,1.45,0.6361732180468911,0.18564339081246317,0.033903869831209014,0.00055959872113992,3.8247467588256634,0.4703550222248398
58,grid_0.3434,grid,0.3434,21389.695469404214,grid,,1.45,0.6360103170694744,0.18562439151612767,0.03390398535964713,0.0005524293660855162,3.818880472542945,0.4699579285823414
58,grid_0.3600,grid,0.36,26467.98997652761,grid,,1.45,0.6358082472420944,0.18560134511900747,0.033904131269800374,0.0005437280401845435,3.811961876365352,0.46948764819585626
58,grid_0.3649,grid,0.3649,28132.966214579945,grid,,1.45,0.6357465791362987,0.18559434841153202,0.033904174720161766,0.0005410874421393763,3.81000035131169,0.46934900900515214
58,grid_0.4000,grid,0.4,42579.636046908556,grid,,1.45,0.6352893456166053,0.18554455211799115,0.03390449929115099,0.0005222815295149452,3.7968469051475493,0.46840504396274013
58,grid_0.4500,grid,0.45,72448.27444526688,grid,,1.45,0.6346326566395313,0.18548627612891994,0.03390500499053779,0.0005001536416361363,3.78019929754373,0.46737302498543526
58,grid_0.4898,grid,0.4898,106200.86026799273,grid,,1.45,0.6340878939151952,0.18544669897592245,0.03390545433961263,0.0004850238214537672,3.76846807104144,0.46673832016873323
58,grid_0.5000,grid,0.5,118799.45821484919,grid,,1.45,0.6339406502165823,0.18543683741452804,0.03390556734043263,0.0004812533298694799,3.7656680548612917,0.466599193247082
58,grid_0.5500,grid,0.55,199504.4587446909,grid,,1.45,0.633055462391143,0.18537813277062778,0.03390622794267645,0.0004588241668480597,3.753716444734332,0.46587347784096017
58,grid_0.5971,grid,0.5971,311919.71859265055,grid,,1.45,0.6322058938243829,0.18533895824891422,0.033906909408149714,0.0004436200366430554,3.7435822869890925,0.4655304264729096
58,grid_0.6049,grid,0.6049,334734.348952621,grid,,1.45,0.6320546749330199,0.18533198296063394,0.0339070260333931,0.0004409178747276088,3.7420748218770976,0.4654671014651118
58,grid_0.6500,grid,0.65,494950.2230107515,grid,,1.45,0.6310740293080787,0.18529258542616142,0.033908080420425375,0.0004252617934859537,3.734350106296496,0.4652374463953923
58,grid_0.7139,grid,0.7139,838232.4367662984,grid,,1.45,0.6294277140990606,0.18523045601268073,0.03390997628005221,0.0004003455546134349,3.7260115963690583,0.465144656229666
58,grid_0.7892,grid,0.7892,1627259.2415256226,grid,,1.45,0.6273082484681378,0.1851844736931246,0.033913236155873064,0.0003800531411264907,3.718739379977786,0.4655636082047937
58,grid_0.8000,grid,0.8,1780352.4943833908,grid,,1.45,0.6270169649629972,0.18518192499125496,0.03391374246362652,0.00037860287984026186,3.7177619553364467,0.46569146331705
58,grid_0.8904,grid,0.8904,3614791.9901831076,grid,,1.45,0.6240917756904768,0.18516116271145983,0.033918979437991485,0.00036567673866821915,3.7131617059605215,0.4671007812127231
58,grid_0.9500,grid,0.95,5549148.238583638,grid,,1.45,0.6223353475062081,0.18515560128729414,0.03392188978823695,0.0003607068998224827,3.7111080129378644,0.46803376682552156
58,grid_1.0112,grid,1.0112,8386653.841517482,grid,,1.45,0.6201849673355248,0.18516733791704634,0.033927204442859654,0.00035973858842597295,3.7114841900200144,0.46952877290619466
58,grid_1.1500,grid,1.15,,grid,,1.45,0.6158484146397992,0.18527825928271238,0.03393864701466162,0.000389386348170373,3.7134440782378118,0.4743405032279735
58,grid_1.3368,grid,1.3368,,grid,,1.45,0.6101055608230451,0.18514030402453044,0.03392057409889854,0.000356358075397023,3.7195412992115857,0.478116616132104
58,rtp475,rtp,0.10783190049985004,475.0,grid,,1.5,0.6564757267298846,0.19195708514035212,0.03585282583419898,0.0009946967013814145,3.9732386348275712,0.48964166021561956
58,grid_0.1645,grid,0.1645,1517.1489688095392,grid,,1.5,0.6544278324729209,0.1914672075646964,0.03584958500276079,0.000810106569861746,3.923025877092309,0.48003210192436857
58,rtp2500,rtp,0.19168877363009612,2500.0,grid,,1.5,0.653983447633927,0.19133399772203918,0.03584918459438703,0.0007595140899102626,3.9025757557323493,0.4773871831661565
58,grid_0.2109,grid,0.2109,3447.8193871576937,grid,,1.5,0.6537615231807772,0.1912595164259332,0.03584908970746862,0.000731112916013188,3.8893682832958882,0.47591765806405556
58,rtp5000,rtp,0.23635101712546108,5000.0,grid,,1.5,0.6535442624461852,0.1911785030608619,0.03584909519444979,0.000700124838142191,3.8732382792880977,0.4743247295208733
58,grid_0.2423,grid,0.2423,5523.9959693607625,grid,,1.5,0.6535037094947396,0.19116213762082715,0.03584911128893216,0.0006938515708319049,3.869664984302224,0.47400339625737364
58,grid_0.2700,grid,0.27,8396.827240775745,grid,,1.5,0.6533273079094966,0.19109012088884578,0.03584923047399023,0.0006662038273234638,3.85405797885109,0.47261938871029036
58,rtp10000,rtp,0.2828972523356917,10000.0,grid,,1.5,0.6532550181099838,0.19106016959799224,0.03584931231670457,0.0006546760901089965,3.847279981231882,0.47205449418898404
58,grid_0.2850,grid,0.285,10350.301457045032,grid,,1.5,0.6532443141540181,0.19105566676249028,0.03584932744848058,0.0006529403535791567,3.846197761785994,0.47196987063813317
58,grid_0.3100,grid,0.31,14329.14169799472,grid,,1.5,0.6531216756265769,0.1910055138047726,0.03584951486408616,0.0006335914397390119,3.8338954920105754,0.47102887923742587
58,grid_0.3300,grid,0.33,18249.878798165097,grid,,1.5,0.6530254577652852,0.19096919790635286,0.035849671972230227,0.0006195625767655422,3.8247467588256634,0.4703550222248398
58,grid_0.3434,grid,0.3434,21389.695469404214,grid,,1.5,0.6529680846847217,0.19094775365748487,0.03584977706157883,0.000611267565260698,3.818880472542945,0.4699579285823414
58,grid_0.3600,grid,0.36,26467.98997652761,grid,,1.5,0.6528905099542365,0.19092170816643142,0.03584990980736365,0.0006011888418243627,3.811961876365352,0.46948764819585626
58,grid_0.3649,grid,0.3649,28132.966214579945,grid,,1.5,0.6528642293234501,0.19091380239516306,0.03584994933667621,0.0005981306083031601,3.81000035131169,0.46934900900515214
58,grid_0.4000,grid,0.4,42579.636046908556,grid,,1.5,0.6526446282023782,0.19085746356264077,0.035850244676034454,0.0005763267215302958,3.7968469051475493,0.46840504396274013
58,grid_0.4500,grid,0.45,72448.27444526688,grid,,1.5,0.652287274408669,0.19079094807280625,0.035850705895482456,0.0005504799710377983,3.78019929754373,0.46737302498543526
58,grid_0.4898,grid,0.4898,106200.86026799273,grid,,1.5,0.6519523490604743,0.19074530161013187,0.035851116101260384,0.0005326539850797896,3.76846807104144,0.46673832016873323
58,grid_0.5000,grid,0.5,118799.45821484919,grid,,1.5,0.6518549638816026,0.19073387973009986,0.03585121924373023,0.0005281936331659742,3.7656680548612917,0.466599193247082
58,grid_0.5500,grid,0.55,199504.4587446909,grid,,1.5,0.6511860455223883,0.19066621449338123,0.035851822296447754,0.0005017830527883071,3.753716444734332,0.46587347784096017
58,grid_0.5971,grid,0.5971,311919.71859265055,grid,,1.5,0.6505153736017616,0.19062001505723478,0.03585244453238987,0.00048354560803054447,3.7435822869890925,0.4655304264729096
58,grid_0.6049,grid,0.6049,334734.348952621,grid,,1.5,0.6503912867527785,0.19061184842424853,0.03585255099361478,0.0004803257660939142,3.7420748218770976,0.4654671014651118
58,grid_0.6500,grid,0.65,494950.2230107515,grid,,1.5,0.6495502415094973,0.19056477130938235,0.03585351474541445,0.00046141731878274195,3.734350106296496,0.4652374463953923
58,grid_0.7139,grid,0.7139,838232.4367662984,grid,,1.5,0.6480596630105143,0.19049002393311978,0.0358552478243235,0.00043120139371705113,3.7260115963690583,0.465144656229666
58,grid_0.7892,grid,0.7892,1627259.2415256226,grid,,1.5,0.6460764966629422,0.1904294509772325,0.03585822724880151,0.00040514855068868316,3.718739379977786,0.4655636082047937
58,grid_0.8000,grid,0.8,1780352.4943833908,grid,,1.5,0.6458030685804507,0.19042512808150425,0.03585868988854325,0.000403039516314041,3.7177619553364467,0.46569146331705
58,grid_0.8904,grid,0.8904,3614791.9901831076,grid,,1.5,0.6429703590036375,0.19038713800113868,0.0358634734715304,0.00038378884473422303,3.7131617059605215,0.4671007812127231
58,grid_0.9500,grid,0.95,5549148.238583638,grid,,1.5,0.6412749738891789,0.19037268258399617,0.03586612740563763,0.00037563086858932726,3.7111080129378644,0.46803376682552156
58,grid_1.0112,grid,1.0112,8386653.841517482,grid,,1.5,0.6391462574707037,0.19037132787725602,0.03587098409043702,0.0003702583873126941,3.7114841900200144,0.46952877290619466
58,grid_1.1500,grid,1.15,,grid,,1.5,0.6348547580231507,0.19045768067726843,0.03588144683052862,0.0003926812984357264,3.7134440782378118,0.4743405032279735
58,grid_1.3368,grid,1.3368,,grid,,1.5,0.6291044622620725,0.19032156681616935,0.03586492400031124,0.0003573747950503803,3.7195412992115857,0.478116616132104
58,rtp475,rtp,0.10783190049985004,475.0,grid,,1.55,0.6635530953831537,0.1977096393089282,0.03801113863394509,0.0010779628417214027,3.9732386348275712,0.48964166021561956
58,grid_0.1645,grid,0.1645,1517.1489688095392,grid,,1.55,0.6628096629864618,0.1971867602916847,0.03800826571907711,0.0008743527152532127,3.923025877092309,0.48003210192436857
58,rtp2500,rtp,0.19168877363009612,2500.0,grid,,1.55,0.6628521254131977,0.1970440696934661,0.038007908298806736,0.000818457102556791,3.9025757557323493,0.4773871831661565
58,grid_0.2109,grid,0.2109,3447.8193871576937,grid,,1.55,0.6629368820520504,0.19696413707447874,0.03800782228012604,0.000787049013368013,3.8893682832958882,0.47591765806405556
58,rtp5000,rtp,0.23635101712546108,5000.0,grid,,1.55,0.6630877933652496,0.19687706169363867,0.03800782445723248,0.0007527529638883257,3.8732382792880977,0.4743247295208733
58,grid_0.2423,grid,0.2423,5523.9959693607625,grid,,1.55,0.6631279080585347,0.19685944920048418,0.03800783808309508,0.0007458046564229326,3.869664984302224,0.47400339625737364
58,grid_0.2700,grid,0.27,8396.827240775745,grid,,1.55,0.6633028909080237,0.19678193047534331,0.038007940668754354,0.0007151874928484903,3.85405797885109,0.47261938871029036
58,rtp10000,rtp,0.2828972523356917,10000.0,grid,,1.55,0.6633823087163427,0.19674965549241777,0.038008011927974567,0.0007024150084105063,3.847279981231882,0.47205449418898404
58,grid_0.2850,grid,0.285,10350.301457045032,grid,,1.55,0.6633957197982416,0.19674479753512375,0.03800802513977698,0.0007004902173598504,3.846197761785994,0.47196987063813317
58,grid_0.3100,grid,0.31,14329.14169799472,grid,,1.55,0.6635469531261575,0.1966906773112568,0.03800818889364026,0.0006790336475206993,3.8338954920105754,0.47102887923742587
58,grid_0.3300,grid,0.33,18249.878798165097,grid,,1.55,0.6636542988566186,0.19665147858610385,0.038008326254774474,0.0006634777753263821,3.8247467588256634,0.4703550222248398
58,grid_0.3434,grid,0.3434,21389.695469404214,grid,,1.55,0.663726774877868,0.19662830679817841,0.03800841815131878,0.0006542728829997957,3.818880472542945,0.4699579285823414
58,grid_0.3600,grid,0.36,26467.98997652761,grid,,1.55,0.663802853930405,0.19660017215028736,0.0380085342620432,0.0006430934274794242,3.811961876365352,0.46948764819585626
58,grid_0.3649,grid,0.3649,28132.966214579945,grid,,1.55,0.6638204122300796,0.19659164067128487,0.03800856883654454,0.0006397043452830431,3.81000035131169,0.46934900900515214
58,grid_0.4000,grid,0.4,42579.636046908556,grid,,1.55,0.6638970716077348,0.1965308960105947,0.038008827244843085,0.0006155658418841026,3.7968469051475493,0.46840504396274013
58,grid_0.4500,grid,0.45,72448.27444526688,grid,,1.55,0.6639172597312462,0.19645909808483467,0.038009232297600525,0.0005869449227061674,3.78019929754373,0.46737302498543526
58,grid_0.4898,grid,0.4898,106200.86026799273,grid,,1.55,0.6638512727794413,0.1964097572011216,0.038009593108889794,0.0005671996149137493,3.76846807104144,0.46673832016873323
58,grid_0.5000,grid,0.5,118799.45821484919,grid,,1.55,0.6638186783229321,0.19639741714704262,0.038009683809682455,0.0005622616523470181,3.7656680548612917,0.466599193247082
58,grid_0.5500,grid,0.55,199504.4587446909,grid,,1.55,0.6634407448178966,0.1963246085655316,0.03801021424148473,0.0005331376869244786,3.753716444734332,0.46587347784096017
58,grid_0.5971,grid,0.5971,311919.71859265055,grid,,1.55,0.6630176885129283,0.19627461568992785,0.03801076175115296,0.0005129630130759066,3.7435822869890925,0.4655304264729096
58,grid_0.6049,grid,0.6049,334734.348952621,grid,,1.55,0.6629320191834674,0.1962658042151586,0.03801085538620335,0.0005094105180196151,3.7420748218770976,0.4654671014651118
58,grid_0.6500,grid,0.65,494950.2230107515,grid,,1.55,0.6622977838528488,0.19621467708841683,0.03801170489561635,0.0004884946092953424,3.734350106296496,0.4652374463953923
58,grid_0.7139,grid,0.7139,838232.4367662984,grid,,1.55,0.6610620377819216,0.19613353962002894,0.03801323281593264,0.0004551325479488222,3.7260115963690583,0.465144656229666
58,grid_0.7892,grid,0.7892,1627259.2415256226,grid,,1.55,0.659333810906796,0.19606537773560045,0.038015858719153195,0.0004257736274504986,3.718739379977786,0.4655636082047937
58,grid_0.8000,grid,0.8,1780352.4943833908,grid,,1.55,0.6590947017622426,0.19606014124264212,0.03801626630181414,0.0004233126822706379,3.7177619553364467,0.46569146331705
58,grid_0.8904,grid,0.8904,3614791.9901831076,grid,,1.55,0.6565037251822449,0.19601316666341634,0.038020478064198934,0.0004006834412212945,3.7131617059605215,0.4671007812127231
58,grid_0.9500,grid,0.95,5549148.238583638,grid,,1.55,0.6549563318539918,0.19599396384657264,0.038022808135107146,0.0003908257291844741,3.7111080129378644,0.46803376682552156
58,grid_1.0112,grid,1.0112,8386653.841517482,grid,,1.55,0.65294846469488,0.19598558373649763,0.03802708745167961,0.00038326158085610906,3.7114841900200144,0.46952877290619466
58,grid_1.1500,grid,1.15,,grid,,1.55,0.6489050514448333,0.19605891783922919,0.03803631556063375,0.00040278370365587346,3.7134440782378118,0.4743405032279735
58,grid_1.3368,grid,1.3368,,grid,,1.55,0.6434095651808538,0.19592898809323456,0.03802174616299216,0.0003664222122466976,3.7195412992115857,0.478116616132104
58,rtp475,rtp,0.10783190049985004,475.0,grid,,1.6,0.671406704287791,0.20379506579788817,0.040368675345048406,0.0011637534985171616,3.9732386348275712,0.48964166021561956
58,grid_0.1645,grid,0.1645,1517.1489688095392,grid,,1.6,0.6719655001619067,0.20324090081910476,0.040366245101778914,0.0009406186639822622,3.923025877092309,0.48003210192436857
58,rtp2500,rtp,0.19168877363009612,2500.0,grid,,1.6,0.6724936742062404,0.20308919341112258,0.040365939336280444,0.0008792811440999082,3.9025757557323493,0.4773871831661565
58,grid_0.2109,grid,0.2109,3447.8193871576937,grid,,1.6,0.6728843347282772,0.2030040656864033,0.04036586393588201,0.0008447867493275307,3.8893682832958882,0.47591765806405556
58,rtp5000,rtp,0.23635101712546108,5000.0,grid,,1.6,0.6734024316864966,0.20291120514656694,0.040365862059404935,0.000807095114627232,3.8732382792880977,0.4743247295208733
58,grid_0.2423,grid,0.2423,5523.9959693607625,grid,,1.6,0.6735229901837789,0.20289240131083963,0.04036587269817188,0.0007994538115069227,3.869664984302224,0.47400339625737364
58,grid_0.2700,grid,0.27,8396.827240775745,grid,,1.6,0.674048363878523,0.20280962056881424,0.04036595523206412,0.0007657869632022862,3.85405797885109,0.47261938871029036
58,rtp10000,rtp,0.2828972523356917,10000.0,grid,,1.6,0.6742790477154134,0.2027751193874267,0.040366013721700914,0.0007517353208842392,3.847279981231882,0.47205449418898404
58,grid_0.2850,grid,0.285,10350.301457045032,grid,,1.6,0.6743165025186296,0.20276992083975687,0.04036602461792724,0.0007496161794340317,3.846197761785994,0.47196987063813317
58,grid_0.3100,grid,0.31,14329.14169799472,grid,,1.6,0.6747407889744534,0.2027119948722906,0.04036615983692597,0.0007259930281776072,3.8338954920105754,0.47102887923742587
58,grid_0.3300,grid,0.33,18249.878798165097,grid,,1.6,0.6750510784913775,0.20267002901051676,0.040366273386531475,0.0007088672725922285,3.8247467588256634,0.4703550222248398
58,grid_0.3434,grid,0.3434,21389.695469404214,grid,,1.6,0.6752529997035558,0.20264519774981152,0.040366349375535085,0.0006987267955251286,3.818880472542945,0.4699579285823414
58,grid_0.3600,grid,0.36,26467.98997652761,grid,,1.6,0.675482250220408,0.2026150545774955,0.040366445429562775,0.0006864149118787077,3.811961876365352,0.46948764819585626
58,grid_0.3649,grid,0.3649,28132.966214579945,grid,,1.6,0.6755435094464373,0.20260592122839982,0.04036647403010349,0.0006826852867050648,3.81000035131169,0.46934900900515214
58,grid_0.4000,grid,0.4,42579.636046908556,grid,,1.6,0.6759154838293152,0.20254093421541097,0.04036668791655882,0.0006561421162926129,3.7968469051475493,0.46840504396274013
58,grid_0.4500,grid,0.45,72448.27444526688,grid,,1.6,0.6763119489061868,0.2024640342828479,0.04036702527670033,0.0006246599013858822,3.78019929754373,0.46737302498543526
58,grid_0.4898,grid,0.4898,106200.86026799273,grid,,1.6,0.6765139492232888,0.20241111029146472,0.04036732658206569,0.0006029309873578081,3.76846807104144,0.46673832016873323
58,grid_0.5000,grid,0.5,118799.45821484919,grid,,1.6,0.6765459064256164,0.20239787737409987,0.040367402293120365,0.0005974984724207988,3.7656680548612917,0.466599193247082
58,grid_0.5500,grid,0.55,199504.4587446909,grid,,1.6,0.6764578487028678,0.20232006534634908,0.04036784523803417,0.0005655636037167899,3.753716444734332,0.46587347784096017
58,grid_0.5971,grid,0.5971,311919.71859265055,grid,,1.6,0.676281359005386,0.20226635549369965,0.04036830273542641,0.0005433758292772706,3.7435822869890925,0.4655304264729096
58,grid_0.6049,grid,0.6049,334734.348952621,grid,,1.6,0.6762339434660946,0.20225691358589368,0.04036838091843471,0.0005394781748569444,3.7420748218770976,0.4654671014651118
58,grid_0.6500,grid,0.65,494950.2230107515,grid,,1.6,0.6758055788542522,0.20220179796230023,0.04036909289595208,0.0005164742032348069,3.734350106296496,0.4652374463953923
58,grid_0.7139,grid,0.7139,838232.4367662984,grid,,1.6,0.674823383662639,0.2021143445604521,0.04037037384931939,0.00047983442778176677,3.7260115963690583,0.465144656229666
58,grid_0.7892,grid,0.7892,1627259.2415256226,grid,,1.6,0.6733486014401736,0.20203857897625563,0.04037257414509388,0.00044701324965079614,3.718739379977786,0.4655636082047937
58,grid_0.8000,grid,0.8,1780352.4943833908,grid,,1.6,0.6731435969303252,0.20203241553067736,0.04037291543529714,0.000444181489863138,3.7177619553364467,0.46569146331705
58,grid_0.8904,grid,0.8904,3614791.9901831076,grid,,1.6,0.6707925673462682,0.20197630689291232,0.04037643855154851,0.0004179899945513932,3.7131617059605215,0.4671007812127231
58,grid_0.9500,grid,0.95,5549148.238583638,grid,,1.6,0.6693922388203314,0.20195228237950344,0.04037837824015763,0.00040634611813306076,3.7111080129378644,0.46803376682552156
58,grid_1.0112,grid,1.0112,8386653.841517482,grid,,1.6,0.6675042247050977,0.20193668572992113,0.04038196239980492,0.0003964626437800156,3.7114841900200144,0.46952877290619466
58,grid_1.1500,grid,1.15,,grid,,1.6,0.6637067871588329,0.20199633551527807,0.04038970449292072,0.00041281506868007245,3.7134440782378118,0.4743405032279735
58,grid_1.3368,grid,1.3368,,grid,,1.6,0.6584626551177591,0.20187288940621645,0.04037748646215571,0.00037517701505879186,3.7195412992115857,0.478116616132104
58,rtp475,rtp,0.10783190049985004,475.0,grid,,1.65,0.680528399293294,0.2097087310283024,0.04271161024713395,0.0012661416223669342,3.9732386348275712,0.48964166021561956
58,grid_0.1645,grid,0.1645,1517.1489688095392,grid,,1.65,0.6825579466579692,0.20911230827964714,0.04270961564217319,0.0010183418318689963,3.923025877092309,0.48003210192436857
58,rtp2500,rtp,0.19168877363009612,2500.0,grid,,1.65,0.683634270282041,0.20894808623056818,0.042709359102638095,0.0009499436367788605,3.9025757557323493,0.4773871831661565
58,grid_0.2109,grid,0.2109,3447.8193871576937,grid,,1.65,0.684370043448733,0.20885560752099336,0.042709292917308836,0.0009113718756543765,3.8893682832958882,0.47591765806405556
58,rtp5000,rtp,0.23635101712546108,5000.0,grid,,1.65,0.6853022869965243,0.20875439414987015,0.04270928532677761,0.0008691117501017365,3.8732382792880977,0.4743247295208733
58,grid_0.2423,grid,0.2423,5523.9959693607625,grid,,1.65,0.6855135636737635,0.20873384023725347,0.042709292615086075,0.0008605234451051769,3.869664984302224,0.47400339625737364
58,grid_0.2700,grid,0.27,8396.827240775745,grid,,1.65,0.686434008549187,0.20864327426221613,0.042709353460131556,0.0008226624347267841,3.85405797885109,0.47261938871029036
58,rtp10000,rtp,0.2828972523356917,10000.0,grid,,1.65,0.6868352068931022,0.20860542048965294,0.042709398541966356,0.0008068229156985574,3.847279981231882,0.47205449418898404
58,grid_0.2850,grid,0.285,10350.301457045032,grid,,1.65,0.6868997624655124,0.20859970220669485,0.04270940702868776,0.0008044287320340127,3.846197761785994,0.47196987063813317
58,grid_0.3100,grid,0.31,14329.14169799472,grid,,1.65,0.6876317867416681,0.20853590220757648,0.04270951261825649,0.0007777098912714053,3.8338954920105754,0.47102887923742587
58,grid_0.3300,grid,0.33,18249.878798165097,grid,,1.65,0.6881707557586634,0.20848958454218516,0.04270960149553806,0.0007583053670349171,3.8247467588256634,0.4703550222248398
58,grid_0.3434,grid,0.3434,21389.695469404214,grid,,1.65,0.6885185254989389,0.20846208123013021,0.0427096610139936,0.0007467782968038073,3.818880472542945,0.4699579285823414
58,grid_0.3600,grid,0.36,26467.98997652761,grid,,1.65,0.6889203300517011,0.20842868540376533,0.04270973632460943,0.0007327805745323546,3.811961876365352,0.46948764819585626
58,grid_0.3649,grid,0.3649,28132.966214579945,grid,,1.65,0.6890308130284796,0.20841858078864808,0.042709758746099266,0.000728546071854963,3.81000035131169,0.46934900900515214
58,grid_0.4000,grid,0.4,42579.636046908556,grid,,1.65,0.6897353312268172,0.20834671109238412,0.042709926662153695,0.000698425360859678,3.7968469051475493,0.46840504396274013
58,grid_0.4500,grid,0.45,72448.27444526688,grid,,1.65,0.690555301484806,0.20826114821763528,0.042710194857395224,0.0006625109995326284,3.78019929754373,0.46737302498543526
58,grid_0.4898,grid,0.4898,106200.86026799273,grid,,1.65,0.6910587147474422,0.20820186314393813,0.04271043579217477,0.0006375800244323715,3.76846807104144,0.46673832016873323
58,grid_0.5000,grid,0.5,118799.45821484919,grid,,1.65,0.6911632503015169,0.20818703706397065,0.04271049627711082,0.0006313461243642737,3.7656680548612917,0.466599193247082
58,grid_0.5500,grid,0.55,199504.4587446909,grid,,1.65,0.6914007142622448,0.20810055301267322,0.04271085046003307,0.0005949897041473418,3.753716444734332,0.46587347784096017
58,grid_0.5971,grid,0.5971,311919.71859265055,grid,,1.65,0.6915008367299231,0.2080398732853875,0.04271121680708741,0.0005693720695126858,3.7435822869890925,0.4655304264729096
58,grid_0.6049,grid,0.6049,334734.348952621,grid,,1.65,0.6914963030259141,0.2080292578450965,0.042711279307896324,0.0005648928116853136,3.7420748218770976,0.4654671014651118
58,grid_0.6500,grid,0.65,494950.2230107515,grid,,1.65,0.6912980309889617,0.20796653503635779,0.042711853289581034,0.0005382264054475949,3.734350106296496,0.4652374463953923
58,grid_0.7139,grid,0.7139,838232.4367662984,grid,,1.65,0.6905980232792434,0.20786702617554553,0.04271288668415904,0.0004958138869058937,3.7260115963690583,0.465144656229666
58,grid_0.7892,grid,0.7892,1627259.2415256226,grid,,1.65,0.6894029282161401,0.20777568087254875,0.04271465964249934,0.00045607391955188037,3.718739379977786,0.4655636082047937
58,grid_0.8000,grid,0.8,1780352.4943833908,grid,,1.65,0.6892354432026693,0.20776743187977872,0.04271493423038257,0.00045237151953592125,3.7177619553364467,0.46569146331705
58,grid_0.8904,grid,0.8904,3614791.9901831076,grid,,1.65,0.6871451824235183,0.20769096120475913,0.042717762258324014,0.0004177731078327529,3.7131617059605215,0.4671007812127231
58,grid_0.9500,grid,0.95,5549148.238583638,grid,,1.65,0.6859048684010556,0.20765561745719763,0.042719302254650815,0.0004015532068791794,3.7111080129378644,0.46803376682552156
58,grid_1.0112,grid,1.0112,8386653.841517482,grid,,1.65,0.6841425137656674,0.20762192842610927,0.042722187483066026,0.00038467768031041905,3.7114841900200144,0.46952877290619466
58,grid_1.1500,grid,1.15,,grid,,1.65,0.6806013602710815,0.20764134711450102,0.04272844339672483,0.0003864856347998713,3.7134440782378118,0.4743405032279735
58,grid_1.3368,grid,1.3368,,grid,,1.65,0.6756576670970139,0.20753735661109252,0.04271858018817917,0.00035317420094060914,3.7195412992115857,0.478116616132104
58,rtp475,rtp,0.10783190049985004,475.0,grid,,1.7,0.6903082266639229,0.21574893479650387,0.04517398176130625,0.0013736211045198288,3.9732386348275712,0.48964166021561956
58,grid_0.1645,grid,0.1645,1517.1489688095392,grid,,1.7,0.693815467507636,0.21511139686155348,0.04517247198389908,0.0011004410758296834,3.923025877092309,0.48003210192436857
58,rtp2500,rtp,0.19168877363009612,2500.0,grid,,1.7,0.6954422408900488,0.21493509317698545,0.04517227047668142,0.0010248238023179979,3.9025757557323493,0.4773871831661565
58,grid_0.2109,grid,0.2109,3447.8193871576937,grid,,1.7,0.6965245177566858,0.21483554506679078,0.045172214737291085,0.000982096686854006,3.8893682832958882,0.47591765806405556
58,rtp5000,rtp,0.23635101712546108,5000.0,grid,,1.7,0.6978725281220854,0.21472632847408568,0.04517220105410889,0.0009351950858520475,3.8732382792880977,0.4743247295208733
58,grid_0.2423,grid,0.2423,5523.9959693607625,grid,,1.7,0.6981748707771196,0.2147041026152634,0.04517220467717254,0.0009256470026530184,3.869664984302224,0.47400339625737364
58,grid_0.2700,grid,0.27,8396.827240775745,grid,,1.7,0.6994918875041152,0.21460610383247522,0.045172241687292496,0.0008835381148626364,3.85405797885109,0.47261938871029036
58,rtp10000,rtp,0.2828972523356917,10000.0,grid,,1.7,0.7000642378443771,0.21456505530389763,0.04517227197676223,0.0008658909808024196,3.847279981231882,0.47205449418898404
58,grid_0.2850,grid,0.285,10350.301457045032,grid,,1.7,0.7001559945099733,0.21455884254484847,0.04517227780203343,0.0008632191121516475,3.846197761785994,0.47196987063813317
58,grid_0.3100,grid,0.31,14329.14169799472,grid,,1.7,0.7011968893234096,0.21448946222192983,0.04517235065470819,0.0008333787495444778,3.8338954920105754,0.47102887923742587
58,grid_0.3300,grid,0.33,18249.878798165097,grid,,1.7,0.7019653717651867,0.21443901919153036,0.0451724122645639,0.0008116806872616178,3.8247467588256634,0.4703550222248398
58,grid_0.3434,grid,0.3434,21389.695469404214,grid,,1.7,0.7024595144425704,0.21440899003670386,0.045172453578433844,0.0007987614301255275,3.818880472542945,0.4699579285823414
58,grid_0.3600,grid,0.36,26467.98997652761,grid,,1.7,0.7030344917017738,0.21437251897121978,0.04517250595862484,0.0007830709314411433,3.811961876365352,0.46948764819585626
58,grid_0.3649,grid,0.3649,28132.966214579945,grid,,1.7,0.7031943752972268,0.2143614948570791,0.04517252154969855,0.0007783289276629968,3.81000035131169,0.46934900900515214
58,grid_0.4000,grid,0.4,42579.636046908556,grid,,1.7,0.7042326290148776,0.21428310602079148,0.04517263863887357,0.0007446108870441948,3.7968469051475493,0.46840504396274013
58,grid_0.4500,grid,0.45,72448.27444526688,grid,,1.7,0.7054775862471309,0.21418936812728093,0.04517283024789417,0.0007042551708696942,3.78019929754373,0.46737302498543526
58,grid_0.4898,grid,0.4898,106200.86026799273,grid,,1.7,0.7062834401158385,0.21412409502657875,0.04517300427394978,0.0006761237970015488,3.76846807104144,0.46673832016873323
58,grid_0.5000,grid,0.5,118799.45821484919,grid,,1.7,0.7064607958375364,0.21410776710935112,0.045173047886377396,0.0006690880501747376,3.7656680548612917,0.466599193247082
58,grid_0.5500,grid,0.55,199504.4587446909,grid,,1.7,0.7070248756242823,0.21401307282633186,0.0451733036954824,0.0006282916450864318,3.753716444734332,0.46587347784096017
58,grid_0.5971,grid,0.5971,311919.71859265055,grid,,1.7,0.7074024704697092,0.21394584094677777,0.04517356899767794,0.0005992538607459963,3.7435822869890925,0.4655304264729096
58,grid_0.6049,grid,0.6049,334734.348952621,grid,,1.7,0.7074409545230489,0.21393412229869965,0.0451736141188611,0.0005941945648538782,3.7420748218770976,0.4654671014651118
58,grid_0.6500,grid,0.65,494950.2230107515,grid,,1.7,0.7074734936574957,0.21386426590161267,0.045174034947522985,0.0005638892821127062,3.734350106296496,0.4652374463953923
58,grid_0.7139,grid,0.7139,838232.4367662984,grid,,1.7,0.7070565361366261,0.21375344639002597,0.04517479355848941,0.0005157422851242988,3.7260115963690583,0.465144656229666
58,grid_0.7892,grid,0.7892,1627259.2415256226,grid,,1.7,0.7061419225002831,0.21364761964668613,0.045176092284992315,0.0004692130957027474,3.718739379977786,0.4655636082047937
58,grid_0.8000,grid,0.8,1780352.4943833908,grid,,1.7,0.7060120560010427,0.21363745192421998,0.04517629287070302,0.00046466799397038017,3.7177619553364467,0.46569146331705
58,grid_0.8904,grid,0.8904,3614791.9901831076,grid,,1.7,0.7041832092699581,0.21354226359183884,0.045178350049021626,0.00042194829090475006,3.7131617059605215,0.4671007812127231
58,grid_0.9500,grid,0.95,5549148.238583638,grid,,1.7,0.7031034394457835,0.21349663302899538,0.04517944758246475,0.0004013647322527736,3.7111080129378644,0.46803376682552156
58,grid_1.0112,grid,1.0112,8386653.841517482,grid,,1.7,0.701467163980241,0.21344648179191977,0.04518155731704261,0.00037784327230572234,3.7114841900200144,0.46952877290619466
58,grid_1.1500,grid,1.15,,grid,,1.7,0.6981831213077431,0.2134293315362087,0.04518616313769639,0.00036591642229649723,3.7134440782378118,0.4743405032279735
58,grid_1.3368,grid,1.3368,,grid,,1.7,0.693539025909572,0.2133407407042023,0.04517891400732428,0.0003353576368934075,3.7195412992115857,0.478116616132104
58,rtp475,rtp,0.10783190049985004,475.0,grid,,1.75,0.7008554718658142,0.22181696868007245,0.04771590392528354,0.0014868636691326986,3.9732386348275712,0.48964166021561956
58,grid_0.1645,grid,0.1645,1517.1489688095392,grid,,1.75,0.705872174445536,0.22113870776641814,0.047714916725827644,0.001187411346773637,3.923025877092309,0.48003210192436857
58,rtp2500,rtp,0.19168877363009612,2500.0,grid,,1.75,0.7080607627157584,0.22095053246061214,0.047714774731812765,0.00110436306281525,3.9025757557323493,0.4773871831661565
58,grid_0.2109,grid,0.2109,3447.8193871576937,grid,,1.75,0.7094966066734151,0.22084406420490774,0.047714730402007466,0.0010573702925339434,3.8893682832958882,0.47591765806405556
58,rtp5000,rtp,0.23635101712546108,5000.0,grid,,1.75,0.7112687815730188,0.22072704181050096,0.04771471036223527,0.0010057166241793647,3.8732382792880977,0.4743247295208733
58,grid_0.2423,grid,0.2423,5523.9959693607625,grid,,1.75,0.7116640183890148,0.22070318986254786,0.047714710084812095,0.0009951879306917544,3.869664984302224,0.47400339625737364
58,grid_0.2700,grid,0.27,8396.827240775745,grid,,1.75,0.7133855518276488,0.22059796666548204,0.047714721643224434,0.0009487412537206863,3.85405797885109,0.47261938871029036
58,rtp10000,rtp,0.2828972523356917,10000.0,grid,,1.75,0.7141324694960828,0.22055381855030257,0.04771473609066156,0.0009292507864582245,3.847279981231882,0.47205449418898404
58,grid_0.2850,grid,0.285,10350.301457045032,grid,,1.75,0.7142519685725865,0.22054712676709928,0.047714739063135246,0.000926296062087717,3.846197761785994,0.47196987063813317
58,grid_0.3100,grid,0.31,14329.14169799472,grid,,1.75,0.7156078735786787,0.22047234838039187,0.0477147768178597,0.0008932795825051798,3.8338954920105754,0.47102887923742587
58,grid_0.3300,grid,0.33,18249.878798165097,grid,,1.75,0.7166104247703385,0.2204179229889741,0.04771480918771779,0.0008692515870555306,3.8247467588256634,0.4703550222248398
58,grid_0.3434,grid,0.3434,21389.695469404214,grid,,1.75,0.7172538354099698,0.22038546216943095,0.04771483097876223,0.0008549209568714522,3.818880472542945,0.4699579285823414
58,grid_0.3600,grid,0.36,26467.98997652761,grid,,1.75,0.7180054124552765,0.22034602974603917,0.047714858765592685,0.0008375140592496999,3.811961876365352,0.46948764819585626
58,grid_0.3649,grid,0.3649,28132.966214579945,grid,,1.75,0.7182156764568399,0.22033411895850671,0.047714867030983606,0.000832256946237786,3.81000035131169,0.46934900900515214
58,grid_0.4000,grid,0.4,42579.636046908556,grid,,1.75,0.7195942984858059,0.22024943974798558,0.04771492959951091,0.0007948861097906157,3.7968469051475493,0.46840504396274013
58,grid_0.4500,grid,0.45,72448.27444526688,grid,,1.75,0.7212726802937578,0.22014784069522814,0.04771503896561053,0.0007500327971610155,3.78019929754373,0.46737302498543526
58,grid_0.4898,grid,0.4898,106200.86026799273,grid,,1.75,0.7223869815461408,0.22007682178362653,0.047715141093023175,0.0007186663933589355,3.76846807104144,0.46673832016873323
58,grid_0.5000,grid,0.5,118799.45821484919,grid,,1.75,0.7226386043681193,0.22005905023747535,0.04771516657668812,0.0007108190147315785,3.7656680548612917,0.466599193247082
58,grid_0.5500,grid,0.55,199504.4587446909,grid,,1.75,0.7235358958337835,0.21995642979291022,0.04771531667633267,0.0006655143309107769,3.753716444734332,0.46587347784096017
58,grid_0.5971,grid,0.5971,311919.71859265055,grid,,1.75,0.7241965296840776,0.21988291500078855,0.0477154733797447,0.000633022929499294,3.7435822869890925,0.4655304264729096
58,grid_0.6049,grid,0.6049,334734.348952621,grid,,1.75,0.7242789057036534,0.21987013870176444,0.047715499825925115,0.0006273780668080153,3.7420748218770976,0.4654671014651118
58,grid_0.6500,grid,0.65,494950.2230107515,grid,,1.75,0.7245470022344664,0.21979346256207646,0.04771575591124967,0.0005934102737772395,3.734350106296496,0.4652374463953923
58,grid_0.7139,grid,0.7139,838232.4367662984,grid,,1.75,0.7244190795375757,0.21967182499948815,0.04771621891701456,0.0005394917815911837,3.7260115963690583,0.465144656229666
58,grid_0.7892,grid,0.7892,1627259.2415256226,grid,,1.75,0.7237910016345864,0.2195522870728494,0.04771700755725905,0.00048619920165982045,3.718739379977786,0.4655636082047937
58,grid_0.8000,grid,0.8,1780352.4943833908,grid,,1.75,0.7236995593323156,0.21954032252834096,0.04771712856154921,0.00048082465429877264,3.7177619553364467,0.46569146331705
58,grid_0.8904,grid,0.8904,3614791.9901831076,grid,,1.75,0.7221380422122711,0.21942762306277977,0.04771835701832228,0.00043012474465908834,3.7131617059605215,0.4671007812127231
58,grid_0.9500,grid,0.95,5549148.238583638,grid,,1.75,0.7212225824165583,0.21937248706491808,0.04771897950064243,0.000405308580405217,3.7111080129378644,0.46803376682552156
58,grid_1.0112,grid,1.0112,8386653.841517482,grid,,1.75,0.7197156410575729,0.21930711910514197,0.04772025521739413,0.00037535727280280096,3.7114841900200144,0.46952877290619466
58,grid_1.1500,grid,1.15,,grid,,1.75,0.7166952983819644,0.2192562046489549,0.04772308553464344,0.0003501977424209546,3.7134440782378118,0.4743405032279735
58,grid_1.3368,grid,1.3368,,grid,,1.75,0.7123572976218898,0.2191793118835999,0.04771864879162327,0.0003209219661450824,3.7195412992115857,0.478116616132104
58,rtp475,rtp,0.10783190049985004,475.0,grid,,1.8,0.7120908173374474,0.22788174938648773,0.05032394640132133,0.0016061453021246619,3.9732386348275712,0.48964166021561956
58,grid_0.1645,grid,0.1645,1517.1489688095392,grid,,1.8,0.7186473778985754,0.22716298893964218,0.050323515906441525,0.00127950763755047,3.923025877092309,0.48003210192436857
58,rtp2500,rtp,0.19168877363009612,2500.0,grid,,1.8,0.7214086832266635,0.2269631038311339,0.05032343748609976,0.0011888130145623066,3.9025757557323493,0.4773871831661565
58,grid_0.2109,grid,0.2109,3447.8193871576937,grid,,1.8,0.7232048756543805,0.2268498370106947,0.05032340544451282,0.0011374431072659341,3.8893682832958882,0.47591765806405556
58,rtp5000,rtp,0.23635101712546108,5000.0,grid,,1.8,0.7254092824682611,0.22672517509518317,0.05032337882005608,0.0010809262018853794,3.8732382792880977,0.4743247295208733
58,grid_0.2423,grid,0.2423,5523.9959693607625,grid,,1.8,0.725899170433714,0.22669973642916597,0.050323374431991356,0.001069396065061956,3.869664984302224,0.47400339625737364
58,grid_0.2700,grid,0.27,8396.827240775745,grid,,1.8,0.7280328573355894,0.22658746857380951,0.05032335908905856,0.00101852182562856,3.85405797885109,0.47261938871029036
58,rtp10000,rtp,0.2828972523356917,10000.0,grid,,1.8,0.7289576261882341,0.22654030395027838,0.05032335675066454,0.0009971525632199718,3.847279981231882,0.47205449418898404
58,grid_0.2850,grid,0.285,10350.301457045032,grid,,1.8,0.7291053882539704,0.2265331467452579,0.0503233566981581,0.000993909876150445,3.846197761785994,0.47196987063813317
58,grid_0.3100,grid,0.31,14329.14169799472,grid,,1.8,0.7307822084555387,0.226453131573096,0.050323357229940115,0.0009576635693218094,3.8338954920105754,0.47102887923742587
58,grid_0.3300,grid,0.33,18249.878798165097,grid,,1.8,0.7320232102652556,0.2263948512071976,0.050323358584119744,0.0009312700690093934,3.8247467588256634,0.4703550222248398
58,grid_0.3434,grid,0.3434,21389.695469404214,grid,,1.8,0.7328186743613879,0.22636004328741754,0.05032335966560731,0.0009155095314742345,3.818880472542945,0.4699579285823414
58,grid_0.3600,grid,0.36,26467.98997652761,grid,,1.8,0.7337501486499168,0.2263177517609321,0.05032336136190408,0.0008963634002188137,3.811961876365352,0.46948764819585626
58,grid_0.3649,grid,0.3649,28132.966214579945,grid,,1.8,0.7340117357018723,0.2263049836749861,0.05032336185571722,0.0008905837804185079,3.81000035131169,0.46934900900515214
58,grid_0.4000,grid,0.4,42579.636046908556,grid,,1.8,0.7357371071674016,0.22621421859881913,0.050323366577610364,0.0008495061186639674,3.7968469051475493,0.46840504396274013
58,grid_0.4500,grid,0.45,72448.27444526688,grid,,1.8,0.73785703315167,0.22610504290443995,0.050323388602453445,0.0008001018243651847,3.78019929754373,0.46737302498543526
58,grid_0.4898,grid,0.4898,106200.86026799273,grid,,1.8,0.7392855635695432,0.22602849972548394,0.05032341433141325,0.0007654683567398513,3.76846807104144,0.46673832016873323
58,grid_0.5000,grid,0.5,118799.45821484919,grid,,1.8,0.7396128464823902,0.2260093377446696,0.05032342055355173,0.0007568001942324099,3.7656680548612917,0.466599193247082
58,grid_0.5500,grid,0.55,199504.4587446909,grid,,1.8,0.740849695861383,0.22589904846161496,0.05032345832859246,0.0007069217672706074,3.753716444734332,0.46587347784096017
58,grid_0.5971,grid,0.5971,311919.71859265055,grid,,1.8,0.7417987293911532,0.22581949965885895,0.050323499620273875,0.0006709468059035162,3.7435822869890925,0.4655304264729096
58,grid_0.6049,grid,0.6049,334734.348952621,grid,,1.8,0.7419258387608674,0.22580570769657213,0.05032350622332866,0.0006647114050211123,3.7420748218770976,0.4654671014651118
58,grid_0.6500,grid,0.65,494950.2230107515,grid,,1.8,0.7424340600542193,0.22572250492054352,0.05032358710490244,0.0006270621227023598,3.734350106296496,0.4652374463953923
58,grid_0.7139,grid,0.7139,838232.4367662984,grid,,1.8,0.7426009276628665,0.2255905115286674,0.05032373571235939,0.0005673431794064321,3.7260115963690583,0.465144656229666
58,grid_0.7892,grid,0.7892,1627259.2415256226,grid,,1.8,0.7422652094055366,0.22545799644868492,0.05032398190875851,0.0005073262538967116,3.718739379977786,0.4655636082047937
58,grid_0.8000,grid,0.8,1780352.4943833908,grid,,1.8,0.7422129670205678,0.22544435230861856,0.05032401829728128,0.0005011376905712517,3.7177619553364467,0.46569146331705
58,grid_0.8904,grid,0.8904,3614791.9901831076,grid,,1.8,0.740924469799861,0.22531530168283231,0.050324365824546254,0.00044261934787948043,3.7131617059605215,0.4671007812127231
58,grid_0.9500,grid,0.95,5549148.238583638,grid,,1.8,0.7401769318539871,0.22525140839293853,0.05032448388783169,0.0004137130951706869,3.7111080129378644,0.46803376682552156
58,grid_1.0112,grid,1.0112,8386653.841517482,grid,,1.8,0.7388024423140052,0.22517203174781292,0.05032487277562336,0.0003775711058147113,3.7114841900200144,0.46952877290619466
58,grid_1.1500,grid,1.15,,grid,,1.8,0.7360521137628453,0.2250901072440058,0.05032581437801372,0.00033974200110431507,3.7134440782378118,0.4743405032279735
58,grid_1.3368,grid,1.3368,,grid,,1.8,0.7320264918243795,0.22502130274538304,0.05032436902463117,0.0003102176645981558,3.7195412992115857,0.478116616132104
58,rtp475,rtp,0.10783190049985004,475.0,grid,,1.85,0.7230023748475719,0.23362764875381117,0.052875300253558924,0.0017065780086752413,3.9732386348275712,0.48964166021561956
58,grid_0.1645,grid,0.1645,1517.1489688095392,grid,,1.85,0.7308693911290336,0.23287912314642287,0.05287532189565723,0.0013573641017895488,3.923025877092309,0.48003210192436857
58,rtp2500,rtp,0.19168877363009612,2500.0,grid,,1.85,0.7341164879155238,0.23267071729224867,0.05287529506727976,0.001260367618009739,3.9025757557323493,0.4773871831661565
58,grid_0.2109,grid,0.2109,3447.8193871576937,grid,,1.85,0.7362180234210007,0.23255250069223976,0.052875272974276806,0.001205392603937372,3.8893682832958882,0.47591765806405556
58,rtp5000,rtp,0.23635101712546108,5000.0,grid,,1.85,0.738788417515979,0.23242226890540468,0.052875240955040745,0.0011448701280954987,3.8732382792880977,0.4743247295208733
58,grid_0.2423,grid,0.2423,5523.9959693607625,grid,,1.85,0.739358412337364,0.2323956707019551,0.05287523321712237,0.0011325145438891848,3.869664984302224,0.47400339625737364
58,grid_0.2700,grid,0.27,8396.827240775745,grid,,1.85,0.7418408484223586,0.2322782478234629,0.0528751959700143,0.0010779884419237495,3.85405797885109,0.47261938871029036
58,rtp10000,rtp,0.2828972523356917,10000.0,grid,,1.85,0.7429160557598447,0.2322288643886947,0.052875179978219375,0.001055065477043371,3.847279981231882,0.47205449418898404
58,grid_0.2850,grid,0.285,10350.301457045032,grid,,1.85,0.7430877194452864,0.23222136340259963,0.052875177465620905,0.0010515841549413318,3.846197761785994,0.47196987063813317
58,grid_0.3100,grid,0.31,14329.14169799472,grid,,1.85,0.745035902078475,0.23213747395163198,0.052875147727892056,0.0010126590847525652,3.8338954920105754,0.47102887923742587
58,grid_0.3300,grid,0.33,18249.878798165097,grid,,1.85,0.7464785015499391,0.232076331201981,0.05287512386116109,0.0009842996430105,3.8247467588256634,0.4703550222248398
58,grid_0.3434,grid,0.3434,21389.695469404214,grid,,1.85,0.7474024860174161,0.23203977112324176,0.05287510810208007,0.0009673472808463535,3.818880472542945,0.4699579285823414
58,grid_0.3600,grid,0.36,26467.98997652761,grid,,1.85,0.7484860139658456,0.23199533855443902,0.052875088581598756,0.0009467485293900291,3.811961876365352,0.46948764819585626
58,grid_0.3649,grid,0.3649,28132.966214579945,grid,,1.85,0.7487909851379749,0.2319819277745608,0.052875082755509895,0.0009405320584916499,3.81000035131169,0.46934900900515214
58,grid_0.4000,grid,0.4,42579.636046908556,grid,,1.85,0.7508094864626618,0.23188658297104167,0.05287504043294096,0.0008963469290448334,3.7968469051475493,0.46840504396274013
58,grid_0.4500,grid,0.45,72448.27444526688,grid,,1.85,0.753302619013853,0.23177162124143755,0.05287499147360208,0.0008430929392823083,3.78019929754373,0.46737302498543526
58,grid_0.4898,grid,0.4898,106200.86026799273,grid,,1.85,0.7549967101823949,0.23169078413013539,0.052874955106913736,0.0008056643439232625,3.76846807104144,0.46673832016873323
58,grid_0.5000,grid,0.5,118799.45821484919,grid,,1.85,0.755387936563364,0.2316705334488868,0.05287494567393969,0.0007962903945520905,3.7656680548612917,0.466599193247082
58,grid_0.5500,grid,0.55,199504.4587446909,grid,,1.85,0.7569119944935552,0.23155426499013698,0.05287489215208922,0.0007424854830333505,3.753716444734332,0.46587347784096017
58,grid_0.5971,grid,0.5971,311919.71859265055,grid,,1.85,0.7581048345859104,0.23146989818839211,0.05287483963343391,0.0007034741339106976,3.7435822869890925,0.4655304264729096
58,grid_0.6049,grid,0.6049,334734.348952621,grid,,1.85,0.7582697865438068,0.23145530047673502,0.05287483010807289,0.0006967260107028084,3.7420748218770976,0.4654671014651118
58,grid_0.6500,grid,0.65,494950.2230107515,grid,,1.85,0.758981129066981,0.23136686950245813,0.052874768548526435,0.0006558597548410594,3.734350106296496,0.4652374463953923
58,grid_0.7139,grid,0.7139,838232.4367662984,grid,,1.85,0.7593975902983334,0.23122655862257255,0.052874661542795506,0.000591059869642474,3.7260115963690583,0.465144656229666
58,grid_0.7892,grid,0.7892,1627259.2415256226,grid,,1.85,0.759309101929551,0.23108339602240585,0.052874466733925096,0.000525069183322957,3.718739379977786,0.4655636082047937
58,grid_0.8000,grid,0.8,1780352.4943833908,grid,,1.85,0.7592899551087284,0.2310683444220066,0.05287443433321757,0.000518145460709496,3.7177619553364467,0.46569146331705
58,grid_0.8904,grid,0.8904,3614791.9901831076,grid,,1.85,0.7582320563565652,0.2309256193798783,0.05287406574697049,0.000452575939009936,3.7131617059605215,0.4671007812127231
58,grid_0.9500,grid,0.95,5549148.238583638,grid,,1.85,0.7576266843231385,0.23085444036806907,0.052873773891135366,0.0004199987465189903,3.7111080129378644,0.46803376682552156
58,grid_1.0112,grid,1.0112,8386653.841517482,grid,,1.85,0.7563637695970341,0.2307630910060677,0.05287344180784984,0.00037816236282484095,3.7114841900200144,0.46952877290619466
58,grid_1.1500,grid,1.15,,grid,,1.85,0.7538402037107542,0.23065319166183823,0.05287284775296767,0.0003280470708250105,3.7134440782378118,0.4743405032279735
58,grid_1.3368,grid,1.3368,,grid,,1.85,0.7500894978370759,0.23058872790096374,0.052873834553474726,0.0002973268815099628,3.7195412992115857,0.478116616132104
58,rtp475,rtp,0.10783190049985004,475.0,grid,,1.9,0.7344465246670934,0.23919912562658172,0.05540430715702339,0.0018119145434978279,3.9732386348275712,0.48964166021561956
58,grid_0.1645,grid,0.1645,1517.1489688095392,grid,,1.9,0.7436481419565237,0.23842054016441377,0.0554047902752234,0.0014395636970674364,3.923025877092309,0.48003210192436857
58,rtp2500,rtp,0.19168877363009612,2500.0,grid,,1.9,0.7473897114930068,0.23820366383433436,0.055404816174129304,0.0013361692899712674,3.9025757557323493,0.4773871831661565
58,grid_0.2109,grid,0.2109,3447.8193871576937,grid,,1.9,0.7498019943410643,0.23808056559560525,0.05540480428877443,0.0012775514255488618,3.8893682832958882,0.47591765806405556
58,rtp5000,rtp,0.23635101712546108,5000.0,grid,,1.9,0.7527448085613417,0.23794488067741665,0.05540476683859945,0.0012129994019905999,3.8732382792880977,0.4743247295208733
58,grid_0.2423,grid,0.2423,5523.9959693607625,grid,,1.9,0.7533963117722076,0.23791715367021496,0.05540475569958523,0.0011998163109514515,3.869664984302224,0.47400339625737364
58,grid_0.2700,grid,0.27,8396.827240775745,grid,,1.9,0.7562335900214064,0.2377947218106455,0.05540469618157087,0.0011416335394314192,3.85405797885109,0.47261938871029036
58,rtp10000,rtp,0.2828972523356917,10000.0,grid,,1.9,0.7574618567109735,0.23774319190129545,0.05540466629074307,0.0011171590046731295,3.847279981231882,0.47205449418898404
58,grid_0.2850,grid,0.285,10350.301457045032,grid,,1.9,0.757657837568537,0.23773535945257912,0.05540466127291135,0.0011134398611356566,3.846197761785994,0.47196987063813317
58,grid_0.3100,grid,0.31,14329.14169799472,grid,,1.9,0.7598820968518104,0.23764774511409198,0.05540460070749358,0.0010718500503188455,3.8338954920105754,0.47102887923742587
58,grid_0.3300,grid,0.33,18249.878798165097,grid,,1.9,0.7615297928385604,0.23758386186741134,0.055404551152621606,0.0010415402672115937,3.8247467588256634,0.4703550222248398
58,grid_0.3434,grid,0.3434,21389.695469404214,grid,,1.9,0.7625845223149289,0.23754563320874658,0.055404518240560904,0.0010234096159834616,3.818880472542945,0.4699579285823414
58,grid_0.3600,grid,0.36,26467.98997652761,grid,,1.9,0.7638227375696615,0.2374991617435848,0.0554044771088874,0.0010013747200180445,3.811961876365352,0.46948764819585626
58,grid_0.3649,grid,0.3649,28132.966214579945,grid,,1.9,0.7641718457129357,0.23748513755780995,0.055404464845440544,0.000994725715411371,3.81000035131169,0.46934900900515214
58,grid_0.4000,grid,0.4,42579.636046908556,grid,,1.9,0.766488573385304,0.23738541899552731,0.055404374601450916,0.0009474625502311484,3.7968469051475493,0.46840504396274013
58,grid_0.4500,grid,0.45,72448.27444526688,grid,,1.9,0.7693613989264546,0.2372649718807219,0.05540425330007475,0.0008904135814850056,3.78019929754373,0.46737302498543526
58,grid_0.4898,grid,0.4898,106200.86026799273,grid,,1.9,0.7713256708943569,0.23718008549717412,0.05540415363398918,0.0008502393224576466,3.76846807104144,0.46673832016873323
58,grid_0.5000,grid,0.5,118799.45821484919,grid,,1.9,0.7717819538611139,0.23715880558794655,0.05540412824308541,0.0008401708248160222,3.7656680548612917,0.466599193247082
58,grid_0.5500,grid,0.55,199504.4587446909,grid,,1.9,0.7735982898720146,0.2370368410961462,0.05540398165474644,0.0007824823820932192,3.753716444734332,0.46587347784096017
58,grid_0.5971,grid,0.5971,311919.71859265055,grid,,1.9,0.7750392210751813,0.23694794621121695,0.05540383350127126,0.0007404957124425016,3.7435822869890925,0.4655304264729096
58,grid_0.6049,grid,0.6049,334734.348952621,grid,,1.9,0.7752426878816613,0.23693259082178936,0.05540380753506717,0.0007332450584582872,3.7420748218770976,0.4654671014651118
58,grid_0.6500,grid,0.65,494950.2230107515,grid,,1.9,0.776160803832094,0.23683927905829352,0.055403600718712386,0.0006892433861398484,3.734350106296496,0.4652374463953923
58,grid_0.7139,grid,0.7139,838232.4367662984,grid,,1.9,0.7768314620778198,0.23669120280275982,0.05540323303841756,0.0006194924457996187,3.7260115963690583,0.465144656229666
58,grid_0.7892,grid,0.7892,1627259.2415256226,grid,,1.9,0.7769948750528638,0.23653832069545785,0.055402588517652486,0.0005477886397747822,3.718739379977786,0.4655636082047937
58,grid_0.8000,grid,0.8,1780352.4943833908,grid,,1.9,0.777009447177109,0.23652201311753318,0.05540248597467529,0.0005401767144952441,3.7177619553364467,0.46569146331705
58,grid_0.8904,grid,0.8904,3614791.9901831076,grid,,1.9,0.7761867290747343,0.2363671115034309,0.05540138726797476,0.0004680241325005774,3.7131617059605215,0.4671007812127231
58,grid_0.9500,grid,0.95,5549148.238583638,grid,,1.9,0.7757264258097771,0.23628959388342552,0.05540067767766485,0.00043209449992931415,3.7111080129378644,0.46803376682552156
58,grid_1.0112,grid,1.0112,8386653.841517482,grid,,1.9,0.774577618244941,0.23618784033371684,0.055399610423750585,0.00038508549775473355,3.7114841900200144,0.46952877290619466
58,grid_1.1500,grid,1.15,,grid,,1.9,0.7722859632308832,0.2360537216317216,0.05539745018301925,0.00032390931316705895,3.7134440782378118,0.4743405032279735
58,grid_1.3368,grid,1.3368,,grid,,1.9,0.7688149591218474,0.2359894456330885,0.05540091737155198,0.0002901010786604541,3.7195412992115857,0.478116616132104
58,rtp475,rtp,0.10783190049985004,475.0,grid,,1.95,0.7463610712264046,0.2446089584094295,0.057911227734807655,0.0019223147993383538,3.9732386348275712,0.48964166021561956
58,grid_0.1645,grid,0.1645,1517.1489688095392,grid,,1.95,0.7569193536303399,0.24379998196843833,0.057912179112284926,0.0015262520955259262,3.923025877092309,0.48003210192436857
58,rtp2500,rtp,0.19168877363009612,2500.0,grid,,1.95,0.7611633441980881,0.2435746682228191,0.057912258572579395,0.001416360427276997,3.9025757557323493,0.4773871831661565
58,grid_0.2109,grid,0.2109,3447.8193871576937,grid,,1.95,0.7638913254142747,0.243446744633264,0.057912257090331,0.0013540603822026487,3.8893682832958882,0.47591765806405556
58,rtp5000,rtp,0.23635101712546108,5000.0,grid,,1.95,0.7672124557457983,0.2433057079437094,0.057912214193182945,0.0012854533248066735,3.8732382792880977,0.4743247295208733
58,grid_0.2423,grid,0.2423,5523.9959693607625,grid,,1.95,0.767946752295478,0.24327687933180725,0.05791219961829319,0.0012714403991295198,3.869664984302224,0.47400339625737364
58,grid_0.2700,grid,0.27,8396.827240775745,grid,,1.95,0.7711444594592398,0.2431495683383392,0.0579121175746413,0.0012095950084793916,3.85405797885109,0.47261938871029036
58,rtp10000,rtp,0.2828972523356917,10000.0,grid,,1.95,0.7725281890932433,0.24309595688056448,0.057912073611328475,0.0011835706403487967,3.847279981231882,0.47205449418898404
58,grid_0.2850,grid,0.285,10350.301457045032,grid,,1.95,0.772748868276135,0.2430878040876498,0.05791206605624772,0.0011796144399078834,3.846197761785994,0.47196987063813317
58,grid_0.3100,grid,0.31,14329.14169799472,grid,,1.95,0.7752535284412168,0.242996600122077,0.057911974266849346,0.0011353734040392416,3.8338954920105754,0.47102887923742587
58,grid_0.3300,grid,0.33,18249.878798165097,grid,,1.95,0.7771095306048496,0.24293008714805892,0.05791189869178731,0.0011031285499761845,3.8247467588256634,0.4703550222248398
58,grid_0.3434,grid,0.3434,21389.695469404214,grid,,1.95,0.7782970461929902,0.24289026617010537,0.05791184840465646,0.0010838329955281667,3.818880472542945,0.4699579285823414
58,grid_0.3600,grid,0.36,26467.98997652761,grid,,1.95,0.7796923650633202,0.24284184901276026,0.057911785381274845,0.001060378250661409,3.811961876365352,0.46948764819585626
58,grid_0.3649,grid,0.3649,28132.966214579945,grid,,1.95,0.7800863008312009,0.2428272381040179,0.05791176659693704,0.0010533009682883732,3.81000035131169,0.46934900900515214
58,grid_0.4000,grid,0.4,42579.636046908556,grid,,1.95,0.7827059298641511,0.2427233333694149,0.057911627807419375,0.0010029887545407457,3.7968469051475493,0.46840504396274013
58,grid_0.4500,grid,0.45,72448.27444526688,grid,,1.95,0.785964398666052,0.24259767675687272,0.057911433192592766,0.0009421995752393331,3.78019929754373,0.46737302498543526
58,grid_0.4898,grid,0.4898,106200.86026799273,grid,,1.95,0.7882030895573865,0.24250896644776318,0.057911269363493424,0.000899329444068897,3.76846807104144,0.46673832016873323
58,grid_0.5000,grid,0.5,118799.45821484919,grid,,1.95,0.7887254501640173,0.242486712087585,0.05791122779750994,0.0008885777415373886,3.7656680548612917,0.466599193247082
58,grid_0.5500,grid,0.55,199504.4587446909,grid,,1.95,0.7908387110653492,0.24235931178036021,0.05791098687314856,0.0008270491335012897,3.753716444734332,0.46587347784096017
58,grid_0.5971,grid,0.5971,311919.71859265055,grid,,1.95,0.7925316617611814,0.24226615725498168,0.05791074177499288,0.0007821491761026422,3.7435822869890925,0.4655304264729096
58,grid_0.6049,grid,0.6049,334734.348952621,grid,,1.95,0.7927742594327528,0.2422500886645109,0.05791069914383622,0.000774406314127174,3.7420748218770976,0.4654671014651118
58,grid_0.6500,grid,0.65,494950.2230107515,grid,,1.95,0.7939024941563168,0.2421522192128035,0.057910345042205755,0.0007273522274798827,3.734350106296496,0.4652374463953923
58,grid_0.7139,grid,0.7139,838232.4367662984,grid,,1.95,0.7948315612091571,0.24199689275798716,0.05790971303975839,0.0006527830647623523,3.7260115963690583,0.465144656229666
58,grid_0.7892,grid,0.7892,1627259.2415256226,grid,,1.95,0.7952511477043831,0.2418351581319562,0.057908612536386524,0.0005756311723217333,3.718739379977786,0.4655636082047937
58,grid_0.8000,grid,0.8,1780352.4943833908,grid,,1.95,0.7953000091822988,0.2418177362963773,0.05790843887741554,0.0005673787100887173,3.7177619553364467,0.46569146331705
58,grid_0.8904,grid,0.8904,3614791.9901831076,grid,,1.95,0.7947166569237609,0.24165205888753202,0.057906599982059014,0.0004891175825242344,3.7131617059605215,0.4671007812127231
58,grid_0.9500,grid,0.95,5549148.238583638,grid,,1.95,0.794404070241248,0.2415690864288173,0.05790546707063333,0.0004501564474200803,3.7111080129378644,0.46803376682552156
58,grid_1.0112,grid,1.0112,8386653.841517482,grid,,1.95,0.7933716755758521,0.24145839905105593,0.05790365442448724,0.0003985040478117208,3.7114841900200144,0.46952877290619466
58,grid_1.1500,grid,1.15,,grid,,1.95,0.7913166209029052,0.24130358797857535,0.05789990597859159,0.00032751559274246667,3.7134440782378118,0.4743405032279735
58,grid_1.3368,grid,1.3368,,grid,,1.95,0.788129640217476,0.24123557631996478,0.05790588832720824,0.0002887149552173174,3.7195412992115857,0.478116616132104
58,rtp475,rtp,0.10783190049985004,475.0,grid,,2.0,0.7586910945103144,0.24987150812861986,0.060397851341599834,0.0020379192328711104,3.9732386348275712,0.48964166021561956
58,grid_0.1645,grid,0.1645,1517.1489688095392,grid,,2.0,0.7706262440472781,0.24903178712217083,0.060399275454853046,0.0016175555424091659,3.923025877092309,0.48003210192436857
58,rtp2500,rtp,0.19168877363009612,2500.0,grid,,2.0,0.7753799474046668,0.24879805612595732,0.06039940903773033,0.001501063694324678,3.9025757557323493,0.4773871831661565
58,grid_0.2109,grid,0.2109,3447.8193871576937,grid,,2.0,0.7784281719298689,0.24866535419598473,0.0603994180958163,0.0014350402815982433,3.8893682832958882,0.47591765806405556
58,rtp5000,rtp,0.23635101712546108,5000.0,grid,,2.0,0.7821330332336744,0.24851905471923713,0.060399369752658194,0.001362350805884982,3.8732382792880977,0.4743247295208733
58,grid_0.2423,grid,0.2423,5523.9959693607625,grid,,2.0,0.7829513035728035,0.24848914881059572,0.060399351721691384,0.0013475053549230065,3.869664984302224,0.47400339625737364
58,grid_0.2700,grid,0.27,8396.827240775745,grid,,2.0,0.7865145726205418,0.24835707521871145,0.06039924699741811,0.0012819898137745867,3.85405797885109,0.47261938871029036
58,rtp10000,rtp,0.2828972523356917,10000.0,grid,,2.0,0.7880559740059081,0.24830144098298373,0.06039918885274552,0.001254416741480635,3.847279981231882,0.47205449418898404
58,grid_0.2850,grid,0.285,10350.301457045032,grid,,2.0,0.7883017018263325,0.2482929779602931,0.06039917874015766,0.001250224164232927,3.846197761785994,0.47196987063813317
58,grid_0.3100,grid,0.31,14329.14169799472,grid,,2.0,0.7910907374461053,0.24819830775405957,0.06039905547554631,0.0012033444964325568,3.8338954920105754,0.47102887923742587
58,grid_0.3300,grid,0.33,18249.878798165097,grid,,2.0,0.7931579961494265,0.2481292664268803,0.060398953669411434,0.0011691791881303093,3.8247467588256634,0.4703550222248398
58,grid_0.3434,grid,0.3434,21389.695469404214,grid,,2.0,0.7944801743734016,0.24808792316285835,0.060398885866082885,0.0011487317531774233,3.818880472542945,0.4699579285823414
58,grid_0.3600,grid,0.36,26467.98997652761,grid,,2.0,0.7960348182812826,0.2480376459077816,0.06039880077258746,0.0011238730148865894,3.811961876365352,0.46948764819585626
58,grid_0.3649,grid,0.3649,28132.966214579945,grid,,2.0,0.7964742165576331,0.24802247274798903,0.060398775414238,0.0011163715737889657,3.81000035131169,0.46934900900515214
58,grid_0.4000,grid,0.4,42579.636046908556,grid,,2.0,0.799401044066254,0.24791455383703834,0.06039858768180373,0.001063038322414056,3.7968469051475493,0.46840504396274013
58,grid_0.4500,grid,0.45,72448.27444526688,grid,,2.0,0.8030506256694169,0.24778394239247803,0.060398319129197665,0.000998562978361206,3.78019929754373,0.46737302498543526
58,grid_0.4898,grid,0.4898,106200.86026799273,grid,,2.0,0.8055676311649832,0.2476916168317795,0.06039809057920033,0.0009530464695407526,3.76846807104144,0.46673832016873323
58,grid_0.5000,grid,0.5,118799.45821484919,grid,,2.0,0.8061570079211305,0.24766843874805275,0.0603980326979801,0.0009416228539178562,3.7656680548612917,0.466599193247082
58,grid_0.5500,grid,0.55,199504.4587446909,grid,,2.0,0.8085714616697867,0.247535843219638,0.06039769661754913,0.0008762970609080822,3.753716444734332,0.46587347784096017
58,grid_0.5971,grid,0.5971,311919.71859265055,grid,,2.0,0.8105200409835613,0.24743867879559686,0.06039735372751679,0.0008285460365937691,3.7435822869890925,0.4655304264729096
58,grid_0.6049,grid,0.6049,334734.348952621,grid,,2.0,0.8108023351380396,0.24742193835757878,0.06039729428668091,0.0008203212939406068,3.7420748218770976,0.4654671014651118
58,grid_0.6500,grid,0.65,494950.2230107515,grid,,2.0,0.8121437590781959,0.24731981294167843,0.060396791579713754,0.000770298293793048,3.734350106296496,0.4652374463953923
58,grid_0.7139,grid,0.7139,838232.4367662984,grid,,2.0,0.8133350961250904,0.24715771883661877,0.06039589287989575,0.0006910451006253426,3.7260115963690583,0.465144656229666
58,grid_0.7892,grid,0.7892,1627259.2415256226,grid,,2.0,0.8140147709204081,0.246987943936348,0.06039433231509218,0.0006087121348123947,3.718739379977786,0.4655636082047937
58,grid_0.8000,grid,0.8,1780352.4943833908,grid,,2.0,0.8140984447309823,0.24696954073166813,0.06039408690764619,0.0005998671415649026,3.7177619553364467,0.46569146331705
58,grid_0.8904,grid,0.8904,3614791.9901831076,grid,,2.0,0.8137582884050292,0.24679440039892434,0.06039150129769728,0.0005159747705673068,3.7131617059605215,0.4671007812127231
58,grid_0.9500,grid,0.95,5549148.238583638,grid,,2.0,0.8135958381412544,0.24670679962189268,0.0603899414799354,0.00047430349974131314,3.7111080129378644,0.46803376682552156
58,grid_1.0112,grid,1.0112,8386653.841517482,grid,,2.0,0.8126819597319669,0.24658855918626973,0.06038737679890722,0.00041854072265323783,3.7114841900200144,0.46952877290619466
58,grid_1.1500,grid,1.15,,grid,,2.0,0.8108677850931038,0.24641637295339902,0.06038202578841817,0.00033900307109047123,3.7134440782378118,0.4743405032279735
58,grid_1.3368,grid,1.3368,,grid,,2.0,0.8079687365704986,0.24634091813419615,0.06039054595250182,0.000293301994696904,3.7195412992115857,0.478116616132104
58,rtp475,rtp,0.10783190049985004,475.0,structure,3.0,0.4640439359769089,0.3490111242414629,0.20780611250631395,0.04285863564411932,0.000324744750867495,3.9732386348275712,0.48964166021561956
58,grid_0.1645,grid,0.1645,1517.1489688095392,structure,3.0,0.4640439359769089,0.3473072741193087,0.20766580261719517,0.04285631046344852,0.00026877511319534086,3.923025877092309,0.48003210192436857
58,rtp2500,rtp,0.19168877363009612,2500.0,structure,3.0,0.4640439359769089,0.3468633690493722,0.20762782354506398,0.042855979689488136,0.0002533334205720855,3.9025757557323493,0.4773871831661565
58,grid_0.2109,grid,0.2109,3447.8193871576937,structure,3.0,0.4640439359769089,0.3466208948554018,0.20760687759616805,0.0428558780305521,0.00024473759467820433,3.8893682832958882,0.47591765806405556
58,rtp5000,rtp,0.23635101712546108,5000.0,structure,3.0,0.4640439359769089,0.34636155141716934,0.2075842020461931,0.042855834937307165,0.00023536600184755063,3.8732382792880977,0.4743247295208733
58,grid_0.2423,grid,0.2423,5523.9959693607625,structure,3.0,0.4640439359769089,0.34630928071271494,0.2075796081573607,0.04285583527347522,0.0002334584492881958,3.869664984302224,0.47400339625737364
58,grid_0.2700,grid,0.27,8396.827240775745,structure,3.0,0.4640439359769089,0.3460881431748885,0.20756018251028618,0.04285586742365796,0.00022536194004535437,3.85405797885109,0.47261938871029036
58,rtp10000,rtp,0.2828972523356917,10000.0,structure,3.0,0.4640439359769089,0.3459979701348375,0.20755232686712363,0.04285590315703382,0.00022206523092350994,3.847279981231882,0.47205449418898404
58,grid_0.2850,grid,0.285,10350.301457045032,structure,3.0,0.4640439359769089,0.34598422821187824,0.20755114964732535,0.042855910429025826,0.00022156929090061395,3.846197761785994,0.47196987063813317
58,grid_0.3100,grid,0.31,14329.14169799472,structure,3.0,0.4640439359769089,0.34583088210661084,0.20753809845021667,0.042856002493918834,0.00021605981441299993,3.8338954920105754,0.47102887923742587
58,grid_0.3300,grid,0.33,18249.878798165097,structure,3.0,0.4640439359769089,0.34571935216458893,0.20752878694609658,0.04285608131664222,0.00021211609467612635,3.8247467588256634,0.4703550222248398
58,grid_0.3434,grid,0.3434,21389.695469404214,structure,3.0,0.4640439359769089,0.34565216588628783,0.20752320930225016,0.042856134405639165,0.00020974799346636097,3.818880472542945,0.4699579285823414
58,grid_0.3600,grid,0.36,26467.98997652761,structure,3.0,0.4640439359769089,0.3455715987747885,0.20751676242427422,0.04285620214581496,0.00020700454123770418,3.811961876365352,0.46948764819585626
58,grid_0.3649,grid,0.3649,28132.966214579945,structure,3.0,0.4640439359769089,0.34554763946814526,0.2075149135291239,0.04285622230849379,0.0002062170285059839,3.81000035131169,0.46934900900515214
58,grid_0.4000,grid,0.4,42579.636046908556,structure,3.0,0.4640439359769089,0.3453788018706244,0.20750261147099083,0.04285637522249258,0.00020095854478839603,3.7968469051475493,0.46840504396274013
58,grid_0.4500,grid,0.45,72448.27444526688,structure,3.0,0.4640439359769089,0.3451633861310126,0.20748930301283744,0.042856636373493004,0.0001951744912600667,3.78019929754373,0.46737302498543526
58,grid_0.4898,grid,0.4898,106200.86026799273,structure,3.0,0.4640439359769089,0.3450052210307277,0.2074809281710916,0.04285688056155698,0.00019145499318068415,3.76846807104144,0.46673832016873323
58,grid_0.5000,grid,0.5,118799.45821484919,structure,3.0,0.4640439359769089,0.34496626414464693,0.2074791857382877,0.042856941467078906,0.00019067104754397213,3.7656680548612917,0.466599193247082
58,grid_0.5500,grid,0.55,199504.4587446909,structure,3.0,0.4640439359769089,0.3447418309909883,0.2074710604200383,0.04285730063836466,0.00018694027345052266,3.753716444734332,0.46587347784096017
58,grid_0.5971,grid,0.5971,311919.71859265055,structure,3.0,0.4640439359769089,0.3445615122963754,0.2074668219635982,0.04285767599102592,0.00018480622464943364,3.7435822869890925,0.4655304264729096
58,grid_0.6049,grid,0.6049,334734.348952621,structure,3.0,0.4640439359769089,0.3445286351496997,0.20746609239504668,0.04285773930213651,0.00018444019153353308,3.7420748218770976,0.4654671014651118
58,grid_0.6500,grid,0.65,494950.2230107515,structure,3.0,0.4640439359769089,0.3443239345892862,0.20746368479284685,0.04285835510017807,0.00018282540764764932,3.734350106296496,0.4652374463953923
58,grid_0.7139,grid,0.7139,838232.4367662984,structure,3.0,0.4640439359769089,0.3439950764019212,0.2074649674112521,0.042859469123460024,0.00018224357949186976,3.7260115963690583,0.465144656229666
58,grid_0.7892,grid,0.7892,1627259.2415256226,structure,3.0,0.4640439359769089,0.3436052647224872,0.207470725774913,0.04286136610918314,0.00018273594438600327,3.718739379977786,0.4655636082047937
58,grid_0.8000,grid,0.8,1780352.4943833908,structure,3.0,0.4640439359769089,0.34355563666036265,0.2074721419560306,0.042861656974387936,0.00018303271343536598,3.7177619553364467,0.46569146331705
58,grid_0.8904,grid,0.8904,3614791.9901831076,structure,3.0,0.4640439359769089,0.3430573586116848,0.20748627236995326,0.042864607314406396,0.00018594590757203822,3.7131617059605215,0.4671007812127231
58,grid_0.9500,grid,0.95,5549148.238583638,structure,3.0,0.4640439359769089,0.3427035756443685,0.20749526415856487,0.04286609400677304,0.00018819064145957076,3.7111080129378644,0.46803376682552156
58,grid_1.0112,grid,1.0112,8386653.841517482,structure,3.0,0.4640439359769089,0.3422849314975847,0.2075112763441844,0.04286916209200359,0.00019176771798887216,3.7114841900200144,0.46952877290619466
58,grid_1.1500,grid,1.15,,structure,3.0,0.4640439359769089,0.34147317532273874,0.2075797730985884,0.042875980040441075,0.00021338215922037107,3.7134440782378118,0.4743405032279735
58,grid_1.3368,grid,1.3368,,structure,3.0,0.4640439359769089,0.34111577602548654,0.20770173978450152,0.04286529208010893,0.0002747206293998439,3.7195412992115857,0.478116616132104
58,rtp475,rtp,0.10783190049985004,475.0,structure,5.0,0.7273203767638413,0.4923200380082155,0.15389215707416307,0.023129465981608387,0.0005533300273304897,3.9732386348275712,0.48964166021561956
58,grid_0.1645,grid,0.1645,1517.1489688095392,structure,5.0,0.7273203767638413,0.49144270009328944,0.1534914987577083,0.023124325832511186,0.00043531435837637633,3.923025877092309,0.48003210192436857
58,rtp2500,rtp,0.19168877363009612,2500.0,structure,5.0,0.7273203767638413,0.49137028560965224,0.15338290968958693,0.023123691676771557,0.0004026253080724185,3.9025757557323493,0.4773871831661565
58,grid_0.2109,grid,0.2109,3447.8193871576937,structure,5.0,0.7273203767638413,0.4913725245513905,0.1533225298303074,0.023123541886249332,0.0003842562673161687,3.8893682832958882,0.47591765806405556
58,rtp5000,rtp,0.23635101712546108,5000.0,structure,5.0,0.7273203767638413,0.4914159464850306,0.15325684097628262,0.023123551712974724,0.0003641075930548576,3.8732382792880977,0.4743247295208733
58,grid_0.2423,grid,0.2423,5523.9959693607625,structure,5.0,0.7273203767638413,0.4914313142844481,0.1532435310251565,0.02312357751432816,0.0003600022867299435,3.869664984302224,0.47400339625737364
58,grid_0.2700,grid,0.27,8396.827240775745,structure,5.0,0.7273203767638413,0.4915029303709189,0.15318597462179898,0.023123767952982592,0.0003421748678478498,3.85405797885109,0.47261938871029036
58,rtp10000,rtp,0.2828972523356917,10000.0,structure,5.0,0.7273203767638413,0.49153905217044236,0.153162286483205,0.02312389818125135,0.00033478781951201686,3.847279981231882,0.47205449418898404
58,grid_0.2850,grid,0.285,10350.301457045032,structure,5.0,0.7273203767638413,0.4915455080006836,0.15315872454966903,0.023123922251298445,0.0003336726543829438,3.846197761785994,0.47196987063813317
58,grid_0.3100,grid,0.31,14329.14169799472,structure,5.0,0.7273203767638413,0.49162034738623983,0.15311898308576524,0.02312422029558385,0.00032120268563501364,3.8338954920105754,0.47102887923742587
58,grid_0.3300,grid,0.33,18249.878798165097,structure,5.0,0.7273203767638413,0.4916758877914072,0.1530902884260486,0.02312447013585859,0.0003121662745121656,3.8247467588256634,0.4703550222248398
58,grid_0.3434,grid,0.3434,21389.695469404214,structure,5.0,0.7273203767638413,0.4917156885320797,0.1530731790995523,0.023124637275103655,0.0003067608845399583,3.818880472542945,0.4699579285823414
58,grid_0.3600,grid,0.36,26467.98997652761,structure,5.0,0.7273203767638413,0.4917584536160609,0.15305282244244436,0.023124848441664157,0.0003003180159342478,3.811961876365352,0.46948764819585626
58,grid_0.3649,grid,0.3649,28132.966214579945,structure,5.0,0.7273203767638413,0.49176843701270356,0.15304680734369344,0.02312491132723151,0.00029841391086610214,3.81000035131169,0.46934900900515214
58,grid_0.4000,grid,0.4,42579.636046908556,structure,5.0,0.7273203767638413,0.4918156721196143,0.15300531344337398,0.023125381379215954,0.0002852445626891631,3.7968469051475493,0.46840504396274013
58,grid_0.4500,grid,0.45,72448.27444526688,structure,5.0,0.7273203767638413,0.4918477804047,0.15295774701969098,0.023126113463299423,0.0002699589100403632,3.78019929754373,0.46737302498543526
58,grid_0.4898,grid,0.4898,106200.86026799273,structure,5.0,0.7273203767638413,0.49183841771899783,0.15292631142406543,0.02312676507864552,0.00025969164712472126,3.76846807104144,0.46673832016873323
58,grid_0.5000,grid,0.5,118799.45821484919,structure,5.0,0.7273203767638413,0.491829525538766,0.15291899871171874,0.023126928891613757,0.0002572912753808776,3.7656680548612917,0.466599193247082
58,grid_0.5500,grid,0.55,199504.4587446909,structure,5.0,0.7273203767638413,0.49166963302158195,0.1528796041955036,0.023127886922137565,0.0002442864568362735,3.753716444734332,0.46587347784096017
58,grid_0.5971,grid,0.5971,311919.71859265055,structure,5.0,0.7273203767638413,0.49150459998386664,0.15285417764773962,0.02312887574526635,0.00023552387910039108,3.7435822869890925,0.4655304264729096
58,grid_0.6049,grid,0.6049,334734.348952621,structure,5.0,0.7273203767638413,0.49146808724141416,0.15284965672962442,0.023129044875509253,0.00023397268685476647,3.7420748218770976,0.4654671014651118
58,grid_0.6500,grid,0.65,494950.2230107515,structure,5.0,0.7273203767638413,0.4911876773812069,0.15282620268732716,0.023130578638993825,0.00022526958883417603,3.734350106296496,0.4652374463953923
58,grid_0.7139,grid,0.7139,838232.4367662984,structure,5.0,0.7273203767638413,0.49061933321835227,0.1527958047802057,0.02313333722903712,0.00021322072939361503,3.7260115963690583,0.465144656229666
58,grid_0.7892,grid,0.7892,1627259.2415256226,structure,5.0,0.7273203767638413,0.48982328556547117,0.15277460609278604,0.023138078644019133,0.00020200162278680156,3.718739379977786,0.4655636082047937
58,grid_0.8000,grid,0.8,1780352.4943833908,structure,5.0,0.7273203767638413,0.4897154180403674,0.1527737745492658,0.023138814654886937,0.00020101153514295866,3.7177619553364467,0.46569146331705
58,grid_0.8904,grid,0.8904,3614791.9901831076,structure,5.0,0.7273203767638413,0.48851333758686577,0.15276918318768767,0.023146421431586038,0.00019200190024723507,3.7131617059605215,0.4671007812127231
58,grid_0.9500,grid,0.95,5549148.238583638,structure,5.0,0.7273203767638413,0.48775590168865607,0.15276795480566577,0.023150632408306348,0.0001874156071995925,3.7111080129378644,0.46803376682552156
58,grid_1.0112,grid,1.0112,8386653.841517482,structure,5.0,0.7273203767638413,0.48676099923433436,0.15277337339305883,0.02315835996889379,0.0001813436490011866,3.7114841900200144,0.46952877290619466
58,grid_1.1500,grid,1.15,,structure,5.0,0.7273203767638413,0.48476320369519965,0.15283370567663626,0.023175020244746113,0.00018312134610656838,3.7134440782378118,0.4743405032279735
58,grid_1.3368,grid,1.3368,,structure,5.0,0.7273203767638413,0.48260124198839066,0.1528715820992375,0.023148714044823025,0.00022100656870088775,3.7195412992115857,0.478116616132104
