site,level,source,iml,rtp,T1_kind,storeys,T1,ln_saratio_mean,ln_saratio_sigma,var_within,var_between,ln_rsd595_mean,ln_rsd595_sigma
59,grid_0.1645,grid,0.1645,425.84907288316776,grid,,0.15,0.07189872967493605,0.2544369487917837,0.06429511249140031,0.000443048419072431,3.8573455465154343,0.4866450247561168
59,rtp475,rtp,0.17067565915538488,475.0,grid,,0.15,0.07004096473710845,0.2544206317901282,0.06429606307944483,0.000433794801043148,3.8535991190582006,0.4856180869635871
59,grid_0.2109,grid,0.2109,847.6432893988975,grid,,0.15,0.05920080912477147,0.25433759424259994,0.06430040752320845,0.0003872043219049488,3.8303164835814774,0.480280053969283
59,grid_0.2423,grid,0.2423,1260.137007450062,grid,,0.15,0.05195266784175434,0.25429219431035677,0.0643024477680826,0.0003620723190936436,3.813608816266459,0.4772643894467155
59,grid_0.2700,grid,0.27,1801.1659414940887,grid,,0.15,0.046238081587008165,0.2542611206726716,0.06430371216269026,0.0003450053230325905,3.7999354349301675,0.47514274221992103
59,grid_0.2850,grid,0.285,2152.991147741227,grid,,0.15,0.04336297184207365,0.254247300221189,0.0643042567928998,0.000337432876863609,3.7928932154897486,0.4741712258996563
59,rtp2500,rtp,0.29742159172259214,2500.0,grid,,0.15,0.041089512972021236,0.2542365706910032,0.06430465002288184,0.00033158385383963754,3.7872809740683326,0.47342121160421574
59,grid_0.3100,grid,0.31,2841.510060349744,grid,,0.15,0.03887835987533666,0.25422629129604507,0.06430500677216432,0.0003260004139772328,3.781789621887976,0.47270450770061745
59,grid_0.3300,grid,0.33,3492.6305829757653,grid,,0.15,0.035526179306244805,0.25421221231997465,0.06430550179366613,0.0003183470989497339,3.773354030455587,0.47169402085619044
59,grid_0.3434,grid,0.3434,4000.082804923493,grid,,0.15,0.03338771870717131,0.25420357167865676,0.06430578871989245,0.00031366713429352064,3.767942278167596,0.47106534446793336
59,grid_0.3600,grid,0.36,4804.517680672621,grid,,0.15,0.030847306418227027,0.2541935889515651,0.06430611014728513,0.0003082705167921074,3.7614825407072146,0.47033434789223383
59,rtp5000,rtp,0.36291735812991166,5000.0,grid,,0.15,0.030413079579901026,0.25419185350091533,0.06430616283224264,0.0003073355539881511,3.7603789271332393,0.47020837417010164
59,grid_0.3649,grid,0.3649,5063.3729309639475,grid,,0.15,0.030120009739370335,0.2541906746342054,0.06430619791899428,0.00030670115199820313,3.7596343613502907,0.4701230729995891
59,grid_0.4000,grid,0.4,7232.03988920467,grid,,0.15,0.025160338619759498,0.25417279627814277,0.06430676009661208,0.00029705027123819194,3.7468995080753644,0.4687840753975922
59,rtp10000,rtp,0.4338916577457687,10000.0,grid,,0.15,0.020768528005283792,0.25415697631092893,0.06430721001326486,0.0002885585942492184,3.735630361995863,0.46760362603446026
59,grid_0.4500,grid,0.45,11423.864341855095,grid,,0.15,0.018796757349827335,0.2541503369411343,0.06430740174145845,0.0002849920258336393,3.730547215870642,0.46710160715504245
59,grid_0.4898,grid,0.4898,15874.041969292708,grid,,0.15,0.01420456211620536,0.2541364997398555,0.06430782743203699,0.0002775330679886119,3.7187145154316132,0.465971888288474
59,grid_0.5000,grid,0.5,17435.464913185435,grid,,0.15,0.013089099747003475,0.2541332170083891,0.06430792965346602,0.00027576233356697025,3.7158585178276287,0.46569792130283977
59,grid_0.5500,grid,0.55,26906.25246402092,grid,,0.15,0.00793123308478354,0.2541186870771122,0.06430838615564029,0.0002679209661549774,3.702697008551605,0.4644671385052814
59,grid_0.5971,grid,0.5971,39110.07705897521,grid,,0.15,0.0035053339146921022,0.2541061819267725,0.06430877836385897,0.0002611733295430369,3.691643691941696,0.46338880099759
59,grid_0.6049,grid,0.6049,41490.25504775224,grid,,0.15,0.0028116692366767786,0.2541039739284914,0.06430883871663053,0.00025999084962090394,3.6899622024959244,0.46320312491579485
59,grid_0.6500,grid,0.65,57557.79677428673,grid,,0.15,-0.001054046357825051,0.25409452579964165,0.06430913838868124,0.0002548896526635149,3.6804462051503632,0.4623389536885777
59,grid_0.7139,grid,0.7139,89489.43463897685,grid,,0.15,-0.0060496070170931344,0.2540835403403514,0.06430950172897257,0.0002489437429144285,3.668761461656598,0.46117982702489974
59,grid_0.7892,grid,0.7892,156367.59463751243,grid,,0.15,-0.01135268152195366,0.2540742236981396,0.06430982044322703,0.00024389070458526535,3.656857818586206,0.4601445995742237
59,grid_0.8000,grid,0.8,168655.02697053453,grid,,0.15,-0.012058317432720025,0.2540727346935714,0.06430985593689108,0.00024309857777885552,3.655385551056935,0.4600053767196299
59,grid_0.8904,grid,0.8904,306032.2792865212,grid,,0.15,-0.017508367911663814,0.2540603920071871,0.0643100371190049,0.00023664566784065898,3.6451122268614315,0.45892676582822284
59,grid_0.9500,grid,0.95,438905.7428349337,grid,,0.15,-0.020694398401927497,0.2540535882597817,0.064310060903914,0.00023316480375667955,3.6404085408736258,0.4583085370126442
59,grid_1.0112,grid,1.0112,621256.122035808,grid,,0.15,-0.023575333329612817,0.2540426923560307,0.06430977632523767,0.00022791321426318992,3.6380081355572016,0.45763970171242385
59,grid_1.1500,grid,1.15,2000457.7651723595,grid,,0.15,-0.028958149222765933,0.2540136590770997,0.06430867679119036,0.00021426220654667365,3.6395556264013886,0.45621302056028423
59,grid_1.3368,grid,1.3368,7861249.507689291,grid,,0.15,-0.03430085731444934,0.2539829965199949,0.06430719046565775,0.00020017205561798676,3.655917801044104,0.45476734377491007
59,grid_1.8039,grid,1.8039,,grid,,0.15,-0.04314724029139304,0.2539261661554084,0.06432064646458772,0.0001578513937963602,3.742921556833806,0.45342656445474516
59,grid_0.1645,grid,0.1645,425.84907288316776,grid,,0.2,0.1824509051219859,0.2697105012971763,0.07242991672412179,0.00031383778585233196,3.8573455465154343,0.4866450247561168
59,rtp475,rtp,0.17067565915538488,475.0,grid,,0.2,0.18103791460421076,0.26970352856697266,0.07243115201963059,0.00030884130184526126,3.8535991190582006,0.4856180869635871
59,grid_0.2109,grid,0.2109,847.6432893988975,grid,,0.2,0.17280805074449643,0.26966786193948133,0.07243679628547321,0.0002839594775379574,3.8303164835814774,0.480280053969283
59,grid_0.2423,grid,0.2423,1260.137007450062,grid,,0.2,0.16731748599646123,0.26964827099098515,0.0724394456921337,0.000270744356294067,3.813608816266459,0.4772643894467155
59,grid_0.2700,grid,0.27,1801.1659414940887,grid,,0.2,0.16299415824214633,0.26963485752878646,0.07244108686516845,0.00026186952940052133,3.7999354349301675,0.47514274221992103
59,grid_0.2850,grid,0.285,2152.991147741227,grid,,0.2,0.16082082287624722,0.26962891226749464,0.07244179364194168,0.00025795668861064436,3.7928932154897486,0.4741712258996563
59,rtp2500,rtp,0.29742159172259214,2500.0,grid,,0.2,0.15910286475869617,0.26962429065472177,0.07244230384441157,0.0002549542666503285,3.7872809740683326,0.47342121160421574
59,grid_0.3100,grid,0.31,2841.510060349744,grid,,0.2,0.15743244434618547,0.26961985887222034,0.07244276662015689,0.00025210167811912446,3.781789621887976,0.47270450770061745
59,grid_0.3300,grid,0.33,3492.6305829757653,grid,,0.2,0.15490128078440285,0.2696138202840446,0.0724434086192371,0.00024820346892001285,3.773354030455587,0.47169402085619044
59,grid_0.3434,grid,0.3434,4000.082804923493,grid,,0.2,0.15328699402711438,0.269610132640121,0.07244378067138417,0.00024584295083947966,3.767942278167596,0.47106534446793336
59,grid_0.3600,grid,0.36,4804.517680672621,grid,,0.2,0.1513697443558457,0.26960587885380044,0.0724441973775197,0.0002431325350104388,3.7614825407072146,0.47033434789223383
59,rtp5000,rtp,0.36291735812991166,5000.0,grid,,0.2,0.15104205879472518,0.2696051379598188,0.07244426566773461,0.0002426647465983145,3.7603789271332393,0.47020837417010164
59,grid_0.3649,grid,0.3649,5063.3729309639475,grid,,0.2,0.15082089964315665,0.2696046341896472,0.07244431114777009,0.00024234762876341326,3.7596343613502907,0.4701230729995891
59,grid_0.4000,grid,0.4,7232.03988920467,grid,,0.2,0.1470796907950314,0.2695970581116206,0.07244503966488855,0.00023753407755198325,3.7468995080753644,0.4687840753975922
59,rtp10000,rtp,0.4338916577457687,10000.0,grid,,0.2,0.1437678937555108,0.26959037557262205,0.07244562271232598,0.0002333478890614478,3.735630361995863,0.46760362603446026
59,grid_0.4500,grid,0.45,11423.864341855095,grid,,0.2,0.14228159944863283,0.26958758342952954,0.07244587118062196,0.00023159395875160804,3.730547215870642,0.46710160715504245
59,grid_0.4898,grid,0.4898,15874.041969292708,grid,,0.2,0.13882038266394403,0.2695819386767748,0.07244642280287299,0.00022799885785539098,3.7187145154316132,0.465971888288474
59,grid_0.5000,grid,0.5,17435.464913185435,grid,,0.2,0.1379797479928576,0.26958060735008144,0.0724465552418995,0.00022714861733926645,3.7158585178276287,0.46569792130283977
59,grid_0.5500,grid,0.55,26906.25246402092,grid,,0.2,0.13409341874008557,0.26957475372103784,0.07244714668566972,0.00022340115808848135,3.702697008551605,0.4644671385052814
59,grid_0.5971,grid,0.5971,39110.07705897521,grid,,0.2,0.13075894100615654,0.2695697773759941,0.07244765485367535,0.00022021002086765676,3.691643691941696,0.46338880099759
59,grid_0.6049,grid,0.6049,41490.25504775224,grid,,0.2,0.13023625237491715,0.26956889069465423,0.07244773302519306,0.00021965380515338168,3.6899622024959244,0.46320312491579485
59,grid_0.6500,grid,0.65,57557.79677428673,grid,,0.2,0.12732496203171673,0.2695652940887772,0.07244812149676748,0.0002173262804014732,3.6804462051503632,0.4623389536885777
59,grid_0.7139,grid,0.7139,89489.43463897685,grid,,0.2,0.12356173457889301,0.26956147508325773,0.07244859240830812,0.000214796440753659,3.668761461656598,0.46117982702489974
59,grid_0.7892,grid,0.7892,156367.59463751243,grid,,0.2,0.11956947841552956,0.2695584490782627,0.07244900470720934,0.00021275276226900147,3.656857818586206,0.4601445995742237
59,grid_0.8000,grid,0.8,168655.02697053453,grid,,0.2,0.11903867986009727,0.26955792385312255,0.07244905048813526,0.0002124238238705653,3.655385551056935,0.4600053767196299
59,grid_0.8904,grid,0.8904,306032.2792865212,grid,,0.2,0.1149412601390361,0.2695535856049466,0.07244928204214993,0.0002098534703333342,3.6451122268614315,0.45892676582822284
59,grid_0.9500,grid,0.95,438905.7428349337,grid,,0.2,0.1125473892938513,0.2695513083073266,0.07244930902838134,0.00020859878181009837,3.6404085408736258,0.4583085370126442
59,grid_1.0112,grid,1.0112,621256.122035808,grid,,0.2,0.11038762135114107,0.26954668361497125,0.07244893661681656,0.00020647803101285847,3.6380081355572016,0.45763970171242385
59,grid_1.1500,grid,1.15,2000457.7651723595,grid,,0.2,0.10637726148301804,0.2695330456913799,0.07244750207936437,0.00020056064030712396,3.6395556264013886,0.45621302056028423
59,grid_1.3368,grid,1.3368,7861249.507689291,grid,,0.2,0.10243829077422029,0.269518226821551,0.07244555850780891,0.00019451608122409564,3.655917801044104,0.45476734377491007
59,grid_1.8039,grid,1.8039,,grid,,0.2,0.09597178331501091,0.2694926284608263,0.07246309122607973,0.00016318556864520876,3.742921556833806,0.45342656445474516
59,grid_0.1645,grid,0.1645,425.84907288316776,grid,,0.25,0.20773420715470023,0.26965854075935275,0.07251096866011449,0.0002047599443490214,3.8573455465154343,0.4866450247561168
59,rtp475,rtp,0.17067565915538488,475.0,grid,,0.25,0.20682406559834476,0.269657328838115,0.07251195156670731,0.0002031234293999526,3.8535991190582006,0.4856180869635871
59,grid_0.2109,grid,0.2109,847.6432893988975,grid,,0.25,0.2015767420899637,0.2696506221174008,0.07251642378054604,0.0001950342277552558,3.8303164835814774,0.480280053969283
59,grid_0.2423,grid,0.2423,1260.137007450062,grid,,0.25,0.19811912475003676,0.26964654655427245,0.07251850567574321,0.00019075439290221902,3.813608816266459,0.4772643894467155
59,grid_0.2700,grid,0.27,1801.1659414940887,grid,,0.25,0.19541574309628668,0.2696435746906828,0.0725197851642895,0.00018787220768033686,3.7999354349301675,0.47514274221992103
59,grid_0.2850,grid,0.285,2152.991147741227,grid,,0.25,0.19406292855488083,0.2696421907286992,0.07252033384326265,0.00018657717770956261,3.7928932154897486,0.4741712258996563
59,rtp2500,rtp,0.29742159172259214,2500.0,grid,,0.25,0.1929954157246472,0.2696411188171213,0.07252072841557086,0.00018560454137805937,3.7872809740683326,0.47342121160421574
59,grid_0.3100,grid,0.31,2841.510060349744,grid,,0.25,0.19195886003171417,0.26964009538600836,0.07252108495489706,0.00018469608487862998,3.781789621887976,0.47270450770061745
59,grid_0.3300,grid,0.33,3492.6305829757653,grid,,0.25,0.1903923975124898,0.269638629989182,0.07252157733347042,0.00018341344897256084,3.773354030455587,0.47169402085619044
59,grid_0.3434,grid,0.3434,4000.082804923493,grid,,0.25,0.18939471245842301,0.26963773567220733,0.07252186136286538,0.00018264713556975787,3.767942278167596,0.47106534446793336
59,grid_0.3600,grid,0.36,4804.517680672621,grid,,0.25,0.18821118723966251,0.26963669915276334,0.07252217820998663,0.00018177132001118146,3.7614825407072146,0.47033434789223383
59,rtp5000,rtp,0.36291735812991166,5000.0,grid,,0.25,0.1880089415070204,0.2696365227294776,0.07252222996490595,0.00018162442473811796,3.7603789271332393,0.47020837417010164
59,grid_0.3649,grid,0.3649,5063.3729309639475,grid,,0.25,0.18787244300072567,0.2696364037508711,0.07252226442399942,0.0001815258037033557,3.7596343613502907,0.4701230729995891
59,grid_0.4000,grid,0.4,7232.03988920467,grid,,0.25,0.1855685625726865,0.2696344923225768,0.07252281346051845,0.0001799459895352809,3.7468995080753644,0.4687840753975922
59,rtp10000,rtp,0.4338916577457687,10000.0,grid,,0.25,0.18353070412575595,0.26963292742722517,0.07252325159330707,0.0001786639596682224,3.735630361995863,0.46760362603446026
59,grid_0.4500,grid,0.45,11423.864341855095,grid,,0.25,0.1826175248421114,0.26963226943873275,0.07252343787714127,0.00017812284554009905,3.730547215870642,0.46710160715504245
59,grid_0.4898,grid,0.4898,15874.041969292708,grid,,0.25,0.1804918260085278,0.2696309152696315,0.07252384968204603,0.00017698078709316167,3.7187145154316132,0.465971888288474
59,grid_0.5000,grid,0.5,17435.464913185435,grid,,0.25,0.1799753953204389,0.2696306027372737,0.07252394815050535,0.00017671378196015136,3.7158585178276287,0.46569792130283977
59,grid_0.5500,grid,0.55,26906.25246402092,grid,,0.25,0.17758851667529618,0.2696292148837627,0.07252438717857215,0.0001755263402620985,3.702697008551605,0.4644671385052814
59,grid_0.5971,grid,0.5971,39110.07705897521,grid,,0.25,0.17553678593196895,0.2696281734652208,0.07252476339511528,0.00017458853107588795,3.691643691941696,0.46338880099759
59,grid_0.6049,grid,0.6049,41490.25504775224,grid,,0.25,0.1752140617424355,0.2696280260769935,0.07252482090206946,0.00017445154410641525,3.6899622024959244,0.46320312491579485
59,grid_0.6500,grid,0.65,57557.79677428673,grid,,0.25,0.1734222942351506,0.26962734491941304,0.0725251088604776,0.00017379626781452093,3.6804462051503632,0.4623389536885777
59,grid_0.7139,grid,0.7139,89489.43463897685,grid,,0.25,0.1710941648439888,0.26962680773290304,0.0725254559994429,0.00017315944879295678,3.668761461656598,0.46117982702489974
59,grid_0.7892,grid,0.7892,156367.59463751243,grid,,0.25,0.16862074927083034,0.2696262939310414,0.07252575283889522,0.00017258554009312935,3.656857818586206,0.4601445995742237
59,grid_0.8000,grid,0.8,168655.02697053453,grid,,0.25,0.16829036174378104,0.2696262563420959,0.0725257843897475,0.00017253371930611716,3.655385551056935,0.4600053767196299
59,grid_0.8904,grid,0.8904,306032.2792865212,grid,,0.25,0.16572355456230706,0.26962637071243617,0.07252592407164597,0.0001724557119140921,3.6451122268614315,0.45892676582822284
59,grid_0.9500,grid,0.95,438905.7428349337,grid,,0.25,0.16420364511698252,0.26962651221573325,0.0725259041091024,0.00017255198051856213,3.6404085408736258,0.4583085370126442
59,grid_1.0112,grid,1.0112,621256.122035808,grid,,0.25,0.162803485639583,0.26962653075856513,0.07252557718799242,0.0001728889009070464,3.6380081355572016,0.45763970171242385
59,grid_1.1500,grid,1.15,2000457.7651723595,grid,,0.25,0.16011980051594316,0.26962565905022123,0.07252434755573865,0.00017364846252749047,3.6395556264013886,0.45621302056028423
59,grid_1.3368,grid,1.3368,7861249.507689291,grid,,0.25,0.15726046571054328,0.26962330641988397,0.07252253351735397,0.00017419384743666555,3.655917801044104,0.45476734377491007
59,grid_1.8039,grid,1.8039,,grid,,0.25,0.1516230512678361,0.26961643400986907,0.07253669423757313,0.000156327250624963,3.742921556833806,0.45342656445474516
59,grid_0.1645,grid,0.1645,425.84907288316776,grid,,0.3,0.23169248145087373,0.2594806280157633,0.06713721161946275,0.00019298469599219464,3.8573455465154343,0.4866450247561168
59,rtp475,rtp,0.17067565915538488,475.0,grid,,0.3,0.2309677781374716,0.2594789572443183,0.06713806998393336,0.00019125926866539467,3.8535991190582006,0.4856180869635871
59,grid_0.2109,grid,0.2109,847.6432893988975,grid,,0.3,0.22682687614666627,0.25946973779655036,0.06714196943579848,0.0001825753964121088,3.8303164835814774,0.480280053969283
59,grid_0.2423,grid,0.2423,1260.137007450062,grid,,0.3,0.22412860978738236,0.2594641248457048,0.06714377904820072,0.0001778530337467818,3.813608816266459,0.4772643894467155
59,grid_0.2700,grid,0.27,1801.1659414940887,grid,,0.3,0.2220325740320497,0.2594600022446405,0.06714488785683687,0.0001746049079519793,3.7999354349301675,0.47514274221992103
59,grid_0.2850,grid,0.285,2152.991147741227,grid,,0.3,0.2209881787625829,0.2594580416071252,0.06714536258046964,0.00017311277413508547,3.7928932154897486,0.4741712258996563
59,rtp2500,rtp,0.29742159172259214,2500.0,grid,,0.3,0.22016528987956224,0.25945655001446394,0.06714570346967555,0.0001719978757324589,3.7872809740683326,0.47342121160421574
59,grid_0.3100,grid,0.31,2841.510060349744,grid,,0.3,0.21936722646557347,0.25945514303980466,0.0671460110469644,0.000170960202841082,3.781789621887976,0.47270450770061745
59,grid_0.3300,grid,0.33,3492.6305829757653,grid,,0.3,0.21816431838357453,0.2594530847062622,0.0671464350555596,0.00016946810803528112,3.773354030455587,0.47169402085619044
59,grid_0.3434,grid,0.3434,4000.082804923493,grid,,0.3,0.21739911719093644,0.2594518182340213,0.06714667920052318,0.0001685667844164504,3.767942278167596,0.47106534446793336
59,grid_0.3600,grid,0.36,4804.517680672621,grid,,0.3,0.2164923580764307,0.25945035373885267,0.06714695112271644,0.0001675349324993386,3.7614825407072146,0.47033434789223383
59,rtp5000,rtp,0.36291735812991166,5000.0,grid,,0.3,0.21633741396177328,0.2594501090277389,0.06714699548133556,0.0001673635931700515,3.7603789271332393,0.47020837417010164
59,grid_0.3649,grid,0.3649,5063.3729309639475,grid,,0.3,0.21623283584819109,0.2594499447555318,0.0671470250128218,0.00016724882082669312,3.7596343613502907,0.4701230729995891
59,grid_0.4000,grid,0.4,7232.03988920467,grid,,0.3,0.2144716751006106,0.25944724105699574,0.0671474945288918,0.00016537636319505916,3.7468995080753644,0.4687840753975922
59,rtp10000,rtp,0.4338916577457687,10000.0,grid,,0.3,0.21291452085086912,0.2594450710776882,0.0671478687981597,0.00016387610834697058,3.735630361995863,0.46760362603446026
59,grid_0.4500,grid,0.45,11423.864341855095,grid,,0.3,0.2122176766412304,0.25944416032798556,0.06714802778261658,0.00016324454567689245,3.730547215870642,0.46710160715504245
59,grid_0.4898,grid,0.4898,15874.041969292708,grid,,0.3,0.21059622691736837,0.2594421103098586,0.0671483786293394,0.00016182997269343496,3.7187145154316132,0.465971888288474
59,grid_0.5000,grid,0.5,17435.464913185435,grid,,0.3,0.21020207848102052,0.2594416344845229,0.06714846238256833,0.00016149932143245255,3.7158585178276287,0.46569792130283977
59,grid_0.5500,grid,0.55,26906.25246402092,grid,,0.3,0.208380408635425,0.2594395312045348,0.06714883555369924,0.00016003479792953829,3.702697008551605,0.4644671385052814
59,grid_0.5971,grid,0.5971,39110.07705897521,grid,,0.3,0.20681057485625717,0.25943794569455686,0.06714915498637888,0.00015889267983295458,3.691643691941696,0.46338880099759
59,grid_0.6049,grid,0.6049,41490.25504775224,grid,,0.3,0.20656262107381654,0.2594377288275404,0.06714920368561482,0.00015873145357757357,3.6899622024959244,0.46320312491579485
59,grid_0.6500,grid,0.65,57557.79677428673,grid,,0.3,0.20519035182922193,0.25943655531746257,0.06714944830208523,0.00015787793290557295,3.6804462051503632,0.4623389536885777
59,grid_0.7139,grid,0.7139,89489.43463897685,grid,,0.3,0.20339624245480242,0.25943518109826924,0.06714974251793843,0.00015687067355333456,3.668761461656598,0.46117982702489974
59,grid_0.7892,grid,0.7892,156367.59463751243,grid,,0.3,0.20148394986871376,0.2594338407415263,0.06714999162215408,0.00015592609974555277,3.656857818586206,0.4601445995742237
59,grid_0.8000,grid,0.8,168655.02697053453,grid,,0.3,0.2012266272435241,0.25943374756301424,0.06715001759402453,0.00015585178056527066,3.655385551056935,0.4600053767196299
59,grid_0.8904,grid,0.8904,306032.2792865212,grid,,0.3,0.19920914183133917,0.2594336365406747,0.06715012513209638,0.00015568663662251375,3.6451122268614315,0.45892676582822284
59,grid_0.9500,grid,0.95,438905.7428349337,grid,,0.3,0.197993170740399,0.25943362390277364,0.06715009426173621,0.0001557109495895978,3.6404085408736258,0.4583085370126442
59,grid_1.0112,grid,1.0112,621256.122035808,grid,,0.3,0.1968414863474417,0.259434030912503,0.06714979880701666,0.00015621758849291428,3.6380081355572016,0.45763970171242385
59,grid_1.1500,grid,1.15,2000457.7651723595,grid,,0.3,0.19454215661634966,0.25943478830585015,0.06714869621281055,0.00015771317049072253,3.6395556264013886,0.45621302056028423
59,grid_1.3368,grid,1.3368,7861249.507689291,grid,,0.3,0.19189128882189757,0.2594336321921058,0.06714702479802775,0.00015878471436108627,3.655917801044104,0.45476734377491007
59,grid_1.8039,grid,1.8039,,grid,,0.3,0.1861007918389638,0.25943497907256874,0.06715945999780484,0.00014704836857934445,3.742921556833806,0.45342656445474516
59,grid_0.1645,grid,0.1645,425.84907288316776,grid,,0.35,0.2810130951184145,0.23436250060080818,0.05472198282258481,0.00020379886527900626,3.8573455465154343,0.4866450247561168
59,rtp475,rtp,0.17067565915538488,475.0,grid,,0.35,0.28059412303149095,0.2343569333801586,0.05472220846654717,0.00020096375680492273,3.8535991190582006,0.4856180869635871
59,grid_0.2109,grid,0.2109,847.6432893988975,grid,,0.35,0.27826292013298337,0.23432803362792698,0.05472317829938612,0.00018644904454476197,3.8303164835814774,0.480280053969283
59,grid_0.2423,grid,0.2423,1260.137007450062,grid,,0.35,0.27679541170264926,0.2343117400410679,0.05472357721939911,0.00017841430167386818,3.813608816266459,0.4772643894467155
59,grid_0.2700,grid,0.27,1801.1659414940887,grid,,0.35,0.27567892996073806,0.23430030851298664,0.05472379142850931,0.0001728431407714004,3.7999354349301675,0.47514274221992103
59,grid_0.2850,grid,0.285,2152.991147741227,grid,,0.35,0.2751304098546805,0.23429504311871166,0.054723876098790765,0.00017029113120818617,3.7928932154897486,0.4741712258996563
59,rtp2500,rtp,0.29742159172259214,2500.0,grid,,0.35,0.2747004061214616,0.2342910511372792,0.05472393234456712,0.00016836429844405143,3.7872809740683326,0.47342121160421574
59,grid_0.3100,grid,0.31,2841.510060349744,grid,,0.35,0.2742850632996153,0.23428729197643716,0.05472397896783058,0.00016655621382173635,3.781789621887976,0.47270450770061745
59,grid_0.3300,grid,0.33,3492.6305829757653,grid,,0.35,0.2736645255363835,0.2342819457817468,0.05472403638640933,0.00016399373287201424,3.773354030455587,0.47169402085619044
59,grid_0.3434,grid,0.3434,4000.082804923493,grid,,0.35,0.2732714163688204,0.23427865568311165,0.054724065413054135,0.00016242309563184454,3.767942278167596,0.47106534446793336
59,grid_0.3600,grid,0.36,4804.517680672621,grid,,0.35,0.2728073069790443,0.23427486787850077,0.05472409380246223,0.00016061991702676082,3.7614825407072146,0.47033434789223383
59,rtp5000,rtp,0.36291735812991166,5000.0,grid,,0.35,0.27272801407054587,0.23427422898563466,0.05472409790270535,0.00016031646410823164,3.7603789271332393,0.47020837417010164
59,grid_0.3649,grid,0.3649,5063.3729309639475,grid,,0.35,0.27267448819621964,0.23427379864195969,0.054724100605742544,0.00016011212439093203,3.7596343613502907,0.4701230729995891
59,grid_0.4000,grid,0.4,7232.03988920467,grid,,0.35,0.27178006943004507,0.23426695331304026,0.054724134371296196,0.00015687104327799517,3.7468995080753644,0.4687840753975922
59,rtp10000,rtp,0.4338916577457687,10000.0,grid,,0.35,0.27099041859296896,0.23426125588319888,0.0547241573007156,0.00015417870725797922,3.735630361995863,0.46760362603446026
59,grid_0.4500,grid,0.45,11423.864341855095,grid,,0.35,0.27063868894761184,0.2342588806471215,0.054724165701757116,0.00015305746028519696,3.730547215870642,0.46710160715504245
59,grid_0.4898,grid,0.4898,15874.041969292708,grid,,0.35,0.26982140978002195,0.2342534764452111,0.05472417867846878,0.00015051254819829774,3.7187145154316132,0.465971888288474
59,grid_0.5000,grid,0.5,17435.464913185435,grid,,0.35,0.26962235527337736,0.2342522026856123,0.05472418049378449,0.00014991396927670209,3.7158585178276287,0.46569792130283977
59,grid_0.5500,grid,0.55,26906.25246402092,grid,,0.35,0.2687024026426546,0.23424658898432016,0.05472418632022046,0.00014727813056855665,3.702697008551605,0.4644671385052814
59,grid_0.5971,grid,0.5971,39110.07705897521,grid,,0.35,0.26790266443399174,0.23424201991746516,0.054724188146387846,0.00014513574862629053,3.691643691941696,0.46338880099759
59,grid_0.6049,grid,0.6049,41490.25504775224,grid,,0.35,0.26777453244866783,0.23424130339605756,0.05472418723890178,0.00014480097778210577,3.6899622024959244,0.46320312491579485
59,grid_0.6500,grid,0.65,57557.79677428673,grid,,0.35,0.26707288307204974,0.23423772106977878,0.05472418989040913,0.00014312008155435707,3.6804462051503632,0.4623389536885777
59,grid_0.7139,grid,0.7139,89489.43463897685,grid,,0.35,0.26613575934658623,0.23423295043988127,0.05472418686978141,0.0001408882019904717,3.668761461656598,0.46117982702489974
59,grid_0.7892,grid,0.7892,156367.59463751243,grid,,0.35,0.2651256009704188,0.2342286530619959,0.054724161066829834,0.00013890084840700867,3.656857818586206,0.4601445995742237
59,grid_0.8000,grid,0.8,168655.02697053453,grid,,0.35,0.26498637147799997,0.23422821290319212,0.054724153609279555,0.0001387021105435371,3.655385551056935,0.4600053767196299
59,grid_0.8904,grid,0.8904,306032.2792865212,grid,,0.35,0.26386264956368566,0.2342255957041185,0.0547240509312013,0.0001375787517478716,3.6451122268614315,0.45892676582822284
59,grid_0.9500,grid,0.95,438905.7428349337,grid,,0.35,0.26314827763519183,0.2342242296277723,0.05472392090248119,0.0001370688422422245,3.6404085408736258,0.4583085370126442
59,grid_1.0112,grid,1.0112,621256.122035808,grid,,0.35,0.262417409796764,0.23422359373766233,0.05472375339237791,0.00013693847100758327,3.6380081355572016,0.45763970171242385
59,grid_1.1500,grid,1.15,2000457.7651723595,grid,,0.35,0.2608058401856678,0.23422305846194702,0.05472320562196242,0.00013723549330622864,3.6395556264013886,0.45621302056028423
59,grid_1.3368,grid,1.3368,7861249.507689291,grid,,0.35,0.25862878554484187,0.2342212006707255,0.054721986432847716,0.00013758441078853823,3.655917801044104,0.45476734377491007
59,grid_1.8039,grid,1.8039,,grid,,0.35,0.2530339536920335,0.234216556287831,0.054725887439899104,0.00013150779943160718,3.742921556833806,0.45342656445474516
59,grid_0.1645,grid,0.1645,425.84907288316776,grid,,0.4,0.3233565060364619,0.22296165863191875,0.0494553050391031,0.0002565961807931699,3.8573455465154343,0.4866450247561168
59,rtp475,rtp,0.17067565915538488,475.0,grid,,0.4,0.3230495279252554,0.2229505267702077,0.04945517283618433,0.00025176455092877636,3.8535991190582006,0.4856180869635871
59,grid_0.2109,grid,0.2109,847.6432893988975,grid,,0.4,0.3213914149056035,0.22289392671354355,0.04945449094104121,0.00022721162474131917,3.8303164835814774,0.480280053969283
59,grid_0.2423,grid,0.2423,1260.137007450062,grid,,0.4,0.320389853522565,0.22286293063292337,0.049454099198136856,0.00021378665215836257,3.813608816266459,0.4772643894467155
59,grid_0.2700,grid,0.27,1801.1659414940887,grid,,0.4,0.3196478232066781,0.2228416093368334,0.049453814665392275,0.00020456818643758978,3.7999354349301675,0.47514274221992103
59,grid_0.2850,grid,0.285,2152.991147741227,grid,,0.4,0.3192901015661911,0.22283193035729879,0.049453682481193466,0.0002003867055665881,3.7928932154897486,0.4741712258996563
59,rtp2500,rtp,0.29742159172259214,2500.0,grid,,0.4,0.31901151256228344,0.22282460222490996,0.04945358085499009,0.00019722250169926236,3.7872809740683326,0.47342121160421574
59,grid_0.3100,grid,0.31,2841.510060349744,grid,,0.4,0.3187438597376403,0.222817704335494,0.049453483083114924,0.0001942462822246971,3.781789621887976,0.47270450770061745
59,grid_0.3300,grid,0.33,3492.6305829757653,grid,,0.4,0.3183489597351238,0.22280802114192788,0.04945333820205514,0.00019007608312664181,3.773354030455587,0.47169402085619044
59,grid_0.3434,grid,0.3434,4000.082804923493,grid,,0.4,0.31810021450363124,0.22280208804395923,0.049453248826738544,0.0001875216100096222,3.767942278167596,0.47106534446793336
59,grid_0.3600,grid,0.36,4804.517680672621,grid,,0.4,0.317808054913837,0.2227952727526259,0.04945314347818645,0.00018459008273051525,3.7614825407072146,0.47033434789223383
59,rtp5000,rtp,0.36291735812991166,5000.0,grid,,0.4,0.31775813201499686,0.22279411873857494,0.04945312551069044,0.000184093833807783,3.7603789271332393,0.47020837417010164
59,grid_0.3649,grid,0.3649,5063.3729309639475,grid,,0.4,0.3177244213940872,0.22279334022138766,0.04945311350917878,0.00018375893782421326,3.7596343613502907,0.4701230729995891
59,grid_0.4000,grid,0.4,7232.03988920467,grid,,0.4,0.3171676095099171,0.22278113841147631,0.04945290912706274,0.00017852650485063182,3.7468995080753644,0.4687840753975922
59,rtp10000,rtp,0.4338916577457687,10000.0,grid,,0.4,0.31667656572388037,0.22277084558678112,0.04945274032498668,0.00017410931846280342,3.735630361995863,0.46760362603446026
59,grid_0.4500,grid,0.45,11423.864341855095,grid,,0.4,0.31645925967386856,0.2227665553828749,0.049452666636199245,0.00017227156095223073,3.730547215870642,0.46710160715504245
59,grid_0.4898,grid,0.4898,15874.041969292708,grid,,0.4,0.3159553544717159,0.2227569136557295,0.04945249580031616,0.0001681467811099624,3.7187145154316132,0.465971888288474
59,grid_0.5000,grid,0.5,17435.464913185435,grid,,0.4,0.31583215362519784,0.22275463088966532,0.04945245312812417,0.0001671724546668668,3.7158585178276287,0.46569792130283977
59,grid_0.5500,grid,0.55,26906.25246402092,grid,,0.4,0.3152623564847677,0.22274457254879185,0.0494522596503595,0.0001628849495844964,3.702697008551605,0.4644671385052814
59,grid_0.5971,grid,0.5971,39110.07705897521,grid,,0.4,0.31475940859122126,0.2227361834285899,0.049452089344896664,0.00015931806343777444,3.691643691941696,0.46338880099759
59,grid_0.6049,grid,0.6049,41490.25504775224,grid,,0.4,0.31467696700672804,0.22273481138289683,0.04945206163419461,0.00015873456758001836,3.6899622024959244,0.46320312491579485
59,grid_0.6500,grid,0.65,57557.79677428673,grid,,0.4,0.3142323522992274,0.2227281794873773,0.04945193299915977,0.00015590893860158161,3.6804462051503632,0.4623389536885777
59,grid_0.7139,grid,0.7139,89489.43463897685,grid,,0.4,0.3136183639706733,0.2227192633090483,0.0494517691209557,0.00015210112796948394,3.668761461656598,0.46117982702489974
59,grid_0.7892,grid,0.7892,156367.59463751243,grid,,0.4,0.3129429630553536,0.22271128768693185,0.04945159623411798,0.00014872142905333896,3.656857818586206,0.4601445995742237
59,grid_0.8000,grid,0.8,168655.02697053453,grid,,0.4,0.3128462563422658,0.22271035709831657,0.04945157120114034,0.00014833195771934982,3.655385551056935,0.4600053767196299
59,grid_0.8904,grid,0.8904,306032.2792865212,grid,,0.4,0.3120324858220576,0.22270388058957172,0.04945136209876447,0.00014565633088975405,3.6451122268614315,0.45892676582822284
59,grid_0.9500,grid,0.95,438905.7428349337,grid,,0.4,0.3114784700275865,0.22270028684395057,0.049451187696077224,0.00014423006430064333,3.6404085408736258,0.4583085370126442
59,grid_1.0112,grid,1.0112,621256.122035808,grid,,0.4,0.3108601355722094,0.2226972535858738,0.04945110104700345,0.00014296570768754235,3.6380081355572016,0.45763970171242385
59,grid_1.1500,grid,1.15,2000457.7651723595,grid,,0.4,0.3093602796240953,0.2226917182863574,0.049450890795657794,0.00014071059767256644,3.6395556264013886,0.45621302056028423
59,grid_1.3368,grid,1.3368,7861249.507689291,grid,,0.4,0.3070950897088285,0.22268512782316477,0.04944999735731549,0.00013866879630373974,3.655917801044104,0.45476734377491007
59,grid_1.8039,grid,1.8039,,grid,,0.4,0.3008599973921516,0.22266257798043035,0.049449002278980546,0.00012962135391067497,3.742921556833806,0.45342656445474516
59,grid_0.1645,grid,0.1645,425.84907288316776,grid,,0.45,0.3514244646691397,0.21226844733688097,0.04475632824089342,0.0003015654939167861,3.8573455465154343,0.4866450247561168
59,rtp475,rtp,0.17067565915538488,475.0,grid,,0.45,0.3511857146764101,0.2122510816622648,0.04475590718754495,0.00029461447925645257,3.8535991190582006,0.4856180869635871
59,grid_0.2109,grid,0.2109,847.6432893988975,grid,,0.45,0.34993693931496667,0.21216393123235838,0.04475389083641288,0.0002596428795560157,3.8303164835814774,0.480280053969283
59,grid_0.2423,grid,0.2423,1260.137007450062,grid,,0.45,0.34921824556696734,0.2121170108880453,0.04475285920886799,0.00024076709921114214,3.813608816266459,0.4772643894467155
59,grid_0.2700,grid,0.27,1801.1659414940887,grid,,0.45,0.3487033295479478,0.2120850772609117,0.044752170413436015,0.00022790958333086808,3.7999354349301675,0.47514274221992103
59,grid_0.2850,grid,0.285,2152.991147741227,grid,,0.45,0.3484613182771066,0.2120706847496134,0.04475186232015738,0.00022211301001252848,3.7928932154897486,0.4741712258996563
59,rtp2500,rtp,0.29742159172259214,2500.0,grid,,0.45,0.34827449175211356,0.21205980351773374,0.044751632542414516,0.00021772772556531705,3.7872809740683326,0.47342121160421574
59,grid_0.3100,grid,0.31,2841.510060349744,grid,,0.45,0.3480962946149715,0.21204956487076432,0.04475141747840871,0.00021360048347177085,3.781789621887976,0.47270450770061745
59,grid_0.3300,grid,0.33,3492.6305829757653,grid,,0.45,0.3478380630097396,0.21203526399865175,0.04475110814038154,0.00020784503859640202,3.773354030455587,0.47169402085619044
59,grid_0.3434,grid,0.3434,4000.082804923493,grid,,0.45,0.3476767258527856,0.21202653139405492,0.04475092244089309,0.0002043275741010625,3.767942278167596,0.47106534446793336
59,grid_0.3600,grid,0.36,4804.517680672621,grid,,0.45,0.34748863480038034,0.21201650952620701,0.04475070821946631,0.00020029209220991107,3.7614825407072146,0.47033434789223383
59,rtp5000,rtp,0.36291735812991166,5000.0,grid,,0.45,0.3474564759653962,0.21201481044816145,0.04475067227737883,0.00019960757199100065,3.7603789271332393,0.47020837417010164
59,grid_0.3649,grid,0.3649,5063.3729309639475,grid,,0.45,0.347434748616154,0.21201366361462562,0.044750648298509936,0.0001991452607856964,3.7596343613502907,0.4701230729995891
59,grid_0.4000,grid,0.4,7232.03988920467,grid,,0.45,0.3470821219593504,0.21199577425031058,0.0447502497731235,0.0001919585268651408,3.7468995080753644,0.4687840753975922
59,rtp10000,rtp,0.4338916577457687,10000.0,grid,,0.45,0.34677138983904854,0.21198061780109137,0.044749924626424846,0.0001858576969075293,3.735630361995863,0.46760362603446026
59,grid_0.4500,grid,0.45,11423.864341855095,grid,,0.45,0.34663518534232585,0.21197428635190044,0.044749783983986546,0.0001833140904109326,3.730547215870642,0.46710160715504245
59,grid_0.4898,grid,0.4898,15874.041969292708,grid,,0.45,0.34632033839571935,0.21196017912200146,0.0447494631472094,0.00017765438622154017,3.7187145154316132,0.465971888288474
59,grid_0.5000,grid,0.5,17435.464913185435,grid,,0.45,0.34624282977173493,0.21195683146196878,0.044749384149862174,0.0001763142535352591,3.7158585178276287,0.46569792130283977
59,grid_0.5500,grid,0.55,26906.25246402092,grid,,0.45,0.34588367567952294,0.211942062712542,0.04474902790663447,0.00017041004021262074,3.702697008551605,0.4644671385052814
59,grid_0.5971,grid,0.5971,39110.07705897521,grid,,0.45,0.34555855560969034,0.21192960977812575,0.044748716993721356,0.00016544250698730112,3.691643691941696,0.46338880099759
59,grid_0.6049,grid,0.6049,41490.25504775224,grid,,0.45,0.3455033696073802,0.21192753896332403,0.04474866736859954,0.00016461440245169046,3.6899622024959244,0.46320312491579485
59,grid_0.6500,grid,0.65,57557.79677428673,grid,,0.45,0.34521220368557426,0.21191764192739723,0.04474843155101485,0.00016065540905370324,3.6804462051503632,0.4623389536885777
59,grid_0.7139,grid,0.7139,89489.43463897685,grid,,0.45,0.3447898559948408,0.21190436459768566,0.04474813625139057,0.00015532348415832342,3.668761461656598,0.46117982702489974
59,grid_0.7892,grid,0.7892,156367.59463751243,grid,,0.45,0.3443107805468545,0.2118923430981471,0.0447478427436457,0.00015052231997719767,3.656857818586206,0.4601445995742237
59,grid_0.8000,grid,0.8,168655.02697053453,grid,,0.45,0.34423853418566286,0.2118908333370084,0.04474780321567064,0.00014992203658123482,3.655385551056935,0.4600053767196299
59,grid_0.8904,grid,0.8904,306032.2792865212,grid,,0.45,0.34359890391923026,0.21187955549505244,0.04474750521290439,0.0001454408238766164,3.6451122268614315,0.45892676582822284
59,grid_0.9500,grid,0.95,438905.7428349337,grid,,0.45,0.34313019979101445,0.21187300138151094,0.044747292133139605,0.00014287658127012937,3.6404085408736258,0.4583085370126442
59,grid_1.0112,grid,1.0112,621256.122035808,grid,,0.45,0.3425636915129802,0.21186653379722553,0.04474726870566461,0.00014015943758630134,3.6380081355572016,0.45763970171242385
59,grid_1.1500,grid,1.15,2000457.7651723595,grid,,0.45,0.3410823666945179,0.2118530870877212,0.04474732540551251,0.00013440510308507236,3.6395556264013886,0.45621302056028423
59,grid_1.3368,grid,1.3368,7861249.507689291,grid,,0.45,0.33868414636575433,0.21183796516000938,0.04474667949159809,0.0001286439915352544,3.655917801044104,0.45476734377491007
59,grid_1.8039,grid,1.8039,,grid,,0.45,0.3318902394175272,0.2117995005143504,0.04474175332505266,0.00011727509307565831,3.742921556833806,0.45342656445474516
59,grid_0.1645,grid,0.1645,425.84907288316776,grid,,0.5,0.3825734034803368,0.19208282690330786,0.03652197481013442,0.0003738375810317107,3.8573455465154343,0.4866450247561168
59,rtp475,rtp,0.17067565915538488,475.0,grid,,0.5,0.38241649345478296,0.19205576360425075,0.036521088749072735,0.0003643275845391092,3.8535991190582006,0.4856180869635871
59,grid_0.2109,grid,0.2109,847.6432893988975,grid,,0.5,0.3816602301151233,0.19192046252550857,0.03651692085966023,0.0003165430763449051,3.8303164835814774,0.480280053969283
59,grid_0.2423,grid,0.2423,1260.137007450062,grid,,0.5,0.38128291242790324,0.1918479567745131,0.03651485459572773,0.0002907839228277198,3.813608816266459,0.4772643894467155
59,grid_0.2700,grid,0.27,1801.1659414940887,grid,,0.5,0.3810424833246329,0.19179873432823832,0.036513510464149496,0.00027324402576464624,3.7999354349301675,0.47514274221992103
59,grid_0.2850,grid,0.285,2152.991147741227,grid,,0.5,0.38094039562097176,0.19177660318022968,0.03651291682413782,0.00026534870320946147,3.7928932154897486,0.4741712258996563
59,rtp2500,rtp,0.29742159172259214,2500.0,grid,,0.5,0.38086460148580653,0.19175984392146697,0.03651247878127533,0.00025935895951004206,3.7872809740683326,0.47342121160421574
59,grid_0.3100,grid,0.31,2841.510060349744,grid,,0.5,0.38079469279775546,0.1917440526923299,0.03651207288531756,0.0002537088575614299,3.781789621887976,0.47270450770061745
59,grid_0.3300,grid,0.33,3492.6305829757653,grid,,0.5,0.38070193262020285,0.1917220319275573,0.03651149562985657,0.00024584189657472777,3.773354030455587,0.47169402085619044
59,grid_0.3434,grid,0.3434,4000.082804923493,grid,,0.5,0.38064646767389426,0.19170858243075914,0.03651115281012715,0.00024102776748402555,3.767942278167596,0.47106534446793336
59,grid_0.3600,grid,0.36,4804.517680672621,grid,,0.5,0.38058446587501943,0.1916931341536575,0.036510760805533254,0.0002354968761188736,3.7614825407072146,0.47033434789223383
59,rtp5000,rtp,0.36291735812991166,5000.0,grid,,0.5,0.38057383877500783,0.19169050868562498,0.03651069548609559,0.00023455563405808122,3.7603789271332393,0.47020837417010164
59,grid_0.3649,grid,0.3649,5063.3729309639475,grid,,0.5,0.38056663768649657,0.19168873555860613,0.0365106519306256,0.0002339194094316266,3.7596343613502907,0.4701230729995891
59,grid_0.4000,grid,0.4,7232.03988920467,grid,,0.5,0.3804615280776986,0.19166112186482578,0.03650993564532798,0.00022404998915562246,3.7468995080753644,0.4687840753975922
59,rtp10000,rtp,0.4338916577457687,10000.0,grid,,0.5,0.3803695922695923,0.19163757530530895,0.036509354405711035,0.00021560586318691843,3.735630361995863,0.46760362603446026
59,grid_0.4500,grid,0.45,11423.864341855095,grid,,0.5,0.3803318455564848,0.19162770703718715,0.03650910403532975,0.00021207406900028425,3.730547215870642,0.46710160715504245
59,grid_0.4898,grid,0.4898,15874.041969292708,grid,,0.5,0.3802465483822381,0.1916058072255979,0.036508537122253396,0.00020424824031958777,3.7187145154316132,0.465971888288474
59,grid_0.5000,grid,0.5,17435.464913185435,grid,,0.5,0.3802245634690479,0.19160059391337853,0.03650839847559757,0.00020238911236181156,3.7158585178276287,0.46569792130283977
59,grid_0.5500,grid,0.55,26906.25246402092,grid,,0.5,0.38012155857080704,0.19157752877458228,0.03650777486224508,0.00019417466913082548,3.702697008551605,0.4644671385052814
59,grid_0.5971,grid,0.5971,39110.07705897521,grid,,0.5,0.38001313892706706,0.1915578958183895,0.0365072328527033,0.0001871945976656686,3.691643691941696,0.46338880099759
59,grid_0.6049,grid,0.6049,41490.25504775224,grid,,0.5,0.3799912456897393,0.19155459509470832,0.0365071471569875,0.00018601574491014516,3.6899622024959244,0.46320312491579485
59,grid_0.6500,grid,0.65,57557.79677428673,grid,,0.5,0.37988745869416063,0.19153892893669622,0.03650673526791249,0.0001804260303042704,3.6804462051503632,0.4623389536885777
59,grid_0.7139,grid,0.7139,89489.43463897685,grid,,0.5,0.3796999958109999,0.19151798404630366,0.03650622380710665,0.00017291440605357589,3.668761461656598,0.46117982702489974
59,grid_0.7892,grid,0.7892,156367.59463751243,grid,,0.5,0.3794629828851465,0.191498843034516,0.036505730822444675,0.00016607606111351814,3.656857818586206,0.4601445995742237
59,grid_0.8000,grid,0.8,168655.02697053453,grid,,0.5,0.37942120720380035,0.191496326374736,0.03650566712256081,0.00016517589245859665,3.655385551056935,0.4600053767196299
59,grid_0.8904,grid,0.8904,306032.2792865212,grid,,0.5,0.37900133015559273,0.1914768275861381,0.03650521819835872,0.00015815730409293738,3.6451122268614315,0.45892676582822284
59,grid_0.9500,grid,0.95,438905.7428349337,grid,,0.5,0.37864363057985995,0.19146524011611632,0.03650493554198261,0.00015400263073947484,3.6404085408736258,0.4583085370126442
59,grid_1.0112,grid,1.0112,621256.122035808,grid,,0.5,0.37815073979574204,0.19145302693283192,0.03650500858180933,0.0001492529399343412,3.6380081355572016,0.45763970171242385
59,grid_1.1500,grid,1.15,2000457.7651723595,grid,,0.5,0.3767247034556557,0.19142637808863036,0.03650548014958728,0.0001385780785439772,3.6395556264013886,0.45621302056028423
59,grid_1.3368,grid,1.3368,7861249.507689291,grid,,0.5,0.37421974211838743,0.19139661693319693,0.0365051885469476,0.0001274764265253303,3.655917801044104,0.45476734377491007
59,grid_1.8039,grid,1.8039,,grid,,0.5,0.36686367661436436,0.19132802362534174,0.03649397578839799,0.00011243683598133325,3.742921556833806,0.45342656445474516
59,grid_0.1645,grid,0.1645,425.84907288316776,grid,,0.55,0.41106164946142365,0.18187981841133685,0.032654748916129635,0.0004255194292112352,3.8573455465154343,0.4866450247561168
59,rtp475,rtp,0.17067565915538488,475.0,grid,,0.55,0.41095038969914455,0.18184651880651748,0.03265359351111645,0.0004145628909326682,3.8535991190582006,0.4856180869635871
59,grid_0.2109,grid,0.2109,847.6432893988975,grid,,0.55,0.41047269588452084,0.18167973717258498,0.032648180828625945,0.00035934607047360956,3.8303164835814774,0.480280053969283
59,grid_0.2423,grid,0.2423,1260.137007450062,grid,,0.55,0.4102913756261632,0.18159008573813243,0.03264551725755064,0.00032944198083165177,3.813608816266459,0.4772643894467155
59,grid_0.2700,grid,0.27,1801.1659414940887,grid,,0.55,0.41020975427425105,0.18152906478718103,0.03264379552257819,0.00030900583993037634,3.7999354349301675,0.47514274221992103
59,grid_0.2850,grid,0.285,2152.991147741227,grid,,0.55,0.41018900510852974,0.18150161237411822,0.03264303752253505,0.0002997977718696143,3.7928932154897486,0.4741712258996563
59,rtp2500,rtp,0.29742159172259214,2500.0,grid,,0.55,0.4101778493639066,0.1814807527427353,0.032642479707827944,0.00029278390824188927,3.7872809740683326,0.47342121160421574
59,grid_0.3100,grid,0.31,2841.510060349744,grid,,0.55,0.41017105210257654,0.1814610466263308,0.03264196415862689,0.0002861472840965107,3.781789621887976,0.47270450770061745
59,grid_0.3300,grid,0.33,3492.6305829757653,grid,,0.55,0.4101749915408715,0.18143356657546747,0.032641233106724475,0.0002769059735701074,3.773354030455587,0.47169402085619044
59,grid_0.3434,grid,0.3434,4000.082804923493,grid,,0.55,0.4101814748159367,0.18141673606864717,0.03264080017822732,0.0002712319475738634,3.767942278167596,0.47106534446793336
59,grid_0.3600,grid,0.36,4804.517680672621,grid,,0.55,0.41019332149171633,0.18139736442779344,0.032640306297929,0.00026469752342070385,3.7614825407072146,0.47033434789223383
59,rtp5000,rtp,0.36291735812991166,5000.0,grid,,0.55,0.41019530391135905,0.18139406156799143,0.03264022415537776,0.00026358141675450475,3.7603789271332393,0.47020837417010164
59,grid_0.3649,grid,0.3649,5063.3729309639475,grid,,0.55,0.4101966088217862,0.18139182935717438,0.032640169389678286,0.00026282636786398306,3.7596343613502907,0.4701230729995891
59,grid_0.4000,grid,0.4,7232.03988920467,grid,,0.55,0.4102367644039945,0.1813570756216534,0.03263927133199182,0.00025111754604628667,3.7468995080753644,0.4687840753975922
59,rtp10000,rtp,0.4338916577457687,10000.0,grid,,0.55,0.41027321562303876,0.18132720684338574,0.03263854369142298,0.00024101225020101147,3.735630361995863,0.46760362603446026
59,grid_0.4500,grid,0.45,11423.864341855095,grid,,0.55,0.4102932857043734,0.18131465006434588,0.03263823061812629,0.0002367717098299138,3.730547215870642,0.46710160715504245
59,grid_0.4898,grid,0.4898,15874.041969292708,grid,,0.55,0.4103428960389334,0.1812867770408613,0.032637523192452986,0.00022737233740996454,3.7187145154316132,0.465971888288474
59,grid_0.5000,grid,0.5,17435.464913185435,grid,,0.55,0.4103535117686018,0.18128011862131344,0.03263735051013843,0.00022513089721903912,3.7158585178276287,0.46569792130283977
59,grid_0.5500,grid,0.55,26906.25246402092,grid,,0.55,0.4104008286313728,0.18125054965604298,0.03263657437668598,0.0002151873739317245,3.702697008551605,0.4644671385052814
59,grid_0.5971,grid,0.5971,39110.07705897521,grid,,0.55,0.4104191030474081,0.1812251671001977,0.032635900592519446,0.00020666059797513903,3.691643691941696,0.46338880099759
59,grid_0.6049,grid,0.6049,41490.25504775224,grid,,0.55,0.4104165643726187,0.18122086562415843,0.0326357943514861,0.00020520778608318357,3.6899622024959244,0.46320312491579485
59,grid_0.6500,grid,0.65,57557.79677428673,grid,,0.55,0.410421976567658,0.18120051707857218,0.03263528202565569,0.00019834536388624313,3.6804462051503632,0.4623389536885777
59,grid_0.7139,grid,0.7139,89489.43463897685,grid,,0.55,0.4103702155170515,0.18117330517188454,0.03263464737603026,0.0001891191308745488,3.668761461656598,0.46117982702489974
59,grid_0.7892,grid,0.7892,156367.59463751243,grid,,0.55,0.4102716877999004,0.181148265323172,0.032634041172677715,0.0001806528569165966,3.656857818586206,0.4601445995742237
59,grid_0.8000,grid,0.8,168655.02697053453,grid,,0.55,0.4102470071513051,0.1811448905678369,0.032633963838735805,0.00017950754009779524,3.655385551056935,0.4600053767196299
59,grid_0.8904,grid,0.8904,306032.2792865212,grid,,0.55,0.4099472890338245,0.18111825447582725,0.03263343091426573,0.00017039119010478498,3.6451122268614315,0.45892676582822284
59,grid_0.9500,grid,0.95,438905.7428349337,grid,,0.55,0.4096467044211969,0.18110220552166104,0.0326331111550879,0.00016489768972205443,3.6404085408736258,0.4583085370126442
59,grid_1.0112,grid,1.0112,621256.122035808,grid,,0.55,0.4091850063567518,0.1810845994013532,0.03263324238556294,0.00015838975478563166,3.6380081355572016,0.45763970171242385
59,grid_1.1500,grid,1.15,2000457.7651723595,grid,,0.55,0.40775512177764606,0.18104501809716364,0.03263396073444346,0.00014333784335884836,3.6395556264013886,0.45621302056028423
59,grid_1.3368,grid,1.3368,7861249.507689291,grid,,0.55,0.4051282712700214,0.1810001886934786,0.032633893629878494,0.00012717467719636222,3.655917801044104,0.45476734377491007
59,grid_1.8039,grid,1.8039,,grid,,0.55,0.3973002003100882,0.1809074510804398,0.03261902155615086,0.00010848430027085576,3.742921556833806,0.45342656445474516
59,grid_0.1645,grid,0.1645,425.84907288316776,grid,,0.6,0.4423647741881797,0.16713806350644467,0.02742996638687615,0.0005051658858081787,3.8573455465154343,0.4866450247561168
59,rtp475,rtp,0.17067565915538488,475.0,grid,,0.6,0.442318793805268,0.16709481538131438,0.02742862280946822,0.0004920545178473124,3.8535991190582006,0.4856180869635871
59,grid_0.2109,grid,0.2109,847.6432893988975,grid,,0.6,0.44223699661381377,0.16687754801538024,0.027422343712438617,0.0004257723191869178,3.8303164835814774,0.480280053969283
59,grid_0.2423,grid,0.2423,1260.137007450062,grid,,0.6,0.4423323550555661,0.16676020660238555,0.027419267344657272,0.00038969916141304295,3.813608816266459,0.4772643894467155
59,grid_0.2700,grid,0.27,1801.1659414940887,grid,,0.6,0.44247413784343526,0.1666800490744075,0.027417286334123204,0.00036495242532369465,3.7999354349301675,0.47514274221992103
59,grid_0.2850,grid,0.285,2152.991147741227,grid,,0.6,0.4425675497106787,0.16664394334667748,0.02741641585941835,0.0003537879947123068,3.7928932154897486,0.4741712258996563
59,rtp2500,rtp,0.29742159172259214,2500.0,grid,,0.6,0.4426470738903546,0.16661640692806906,0.027415776324788085,0.0003452507328318144,3.7872809740683326,0.47342121160421574
59,grid_0.3100,grid,0.31,2841.510060349744,grid,,0.6,0.4427287818272505,0.16659032013498148,0.02741518617570458,0.00033714858697103667,3.781789621887976,0.47270450770061745
59,grid_0.3300,grid,0.33,3492.6305829757653,grid,,0.6,0.4428681380345063,0.16655393165904528,0.02741435084634074,0.00032586130474518415,3.773354030455587,0.47169402085619044
59,grid_0.3434,grid,0.3434,4000.082804923493,grid,,0.6,0.44296133600355336,0.16653157732452234,0.027413857027468267,0.0003189092187250997,3.767942278167596,0.47106534446793336
59,grid_0.3600,grid,0.36,4804.517680672621,grid,,0.6,0.4430765175582808,0.16650579252722147,0.027413294501981225,0.00031088444313689956,3.7614825407072146,0.47033434789223383
59,rtp5000,rtp,0.36291735812991166,5000.0,grid,,0.6,0.4430961495596648,0.16650138219814906,0.027413201049879755,0.0003095092240143482,3.7603789271332393,0.47020837417010164
59,grid_0.3649,grid,0.3649,5063.3729309639475,grid,,0.6,0.4431093618917166,0.16649839929118204,0.027413138749286824,0.00030857821723906387,3.7596343613502907,0.4701230729995891
59,grid_0.4000,grid,0.4,7232.03988920467,grid,,0.6,0.4433526112054158,0.16645196433131354,0.0274121189613074,0.0002941374684454767,3.7468995080753644,0.4687840753975922
59,rtp10000,rtp,0.4338916577457687,10000.0,grid,,0.6,0.443568686132952,0.16641175469255878,0.027411293469790078,0.0002815786300662815,3.735630361995863,0.46760362603446026
59,grid_0.4500,grid,0.45,11423.864341855095,grid,,0.6,0.44366963220401484,0.1663948012697813,0.027410938551225762,0.00027629133838424913,3.730547215870642,0.46710160715504245
59,grid_0.4898,grid,0.4898,15874.041969292708,grid,,0.6,0.443907895286762,0.16635717029916564,0.027410137614740367,0.0002645704952052297,3.7187145154316132,0.465971888288474
59,grid_0.5000,grid,0.5,17435.464913185435,grid,,0.6,0.4439641435533443,0.1663481548624808,0.027409942340820007,0.0002617662853318936,3.7158585178276287,0.46569792130283977
59,grid_0.5500,grid,0.55,26906.25246402092,grid,,0.6,0.4442220158804348,0.16630798451247195,0.027409065073667346,0.000249280638933258,3.702697008551605,0.4644671385052814
59,grid_0.5971,grid,0.5971,39110.07705897521,grid,,0.6,0.4444183286226666,0.1662732656945808,0.02740830405633232,0.00023849482840834768,3.691643691941696,0.46338880099759
59,grid_0.6049,grid,0.6049,41490.25504775224,grid,,0.6,0.4444431123609241,0.16626734197688925,0.027408184267446845,0.00023664474061299567,3.6899622024959244,0.46320312491579485
59,grid_0.6500,grid,0.65,57557.79677428673,grid,,0.6,0.4446024342385719,0.1662393909886561,0.027407605402027378,0.00022792971425189545,3.6804462051503632,0.4623389536885777
59,grid_0.7139,grid,0.7139,89489.43463897685,grid,,0.6,0.44474329420910613,0.16620202768496092,0.027406889418649917,0.00021622458794259836,3.668761461656598,0.46117982702489974
59,grid_0.7892,grid,0.7892,156367.59463751243,grid,,0.6,0.4448430474618473,0.16616741355961198,0.02740620947857594,0.00020539985051518106,3.656857818586206,0.4601445995742237
59,grid_0.8000,grid,0.8,168655.02697053453,grid,,0.6,0.44484325061620567,0.1661626473376633,0.02740612345718574,0.00020390191307492755,3.655385551056935,0.4600053767196299
59,grid_0.8904,grid,0.8904,306032.2792865212,grid,,0.6,0.4447222801129892,0.16612443293868903,0.027405539508095537,0.00019178771110545112,3.6451122268614315,0.45892676582822284
59,grid_0.9500,grid,0.95,438905.7428349337,grid,,0.6,0.4445112196397263,0.16610114052787392,0.027405200952695864,0.00018438793196465242,3.6404085408736258,0.4583085370126442
59,grid_1.0112,grid,1.0112,621256.122035808,grid,,0.6,0.44410744667644236,0.16607462557008038,0.02740537809625165,0.0001754031619907448,3.6380081355572016,0.45763970171242385
59,grid_1.1500,grid,1.15,2000457.7651723595,grid,,0.6,0.4427156026121985,0.16601355240067792,0.02740628399981066,0.00015421558088196674,3.6395556264013886,0.45621302056028423
59,grid_1.3368,grid,1.3368,7861249.507689291,grid,,0.6,0.43999031742332007,0.16594401612597887,0.02740641965365395,0.0001309968343651824,3.655917801044104,0.45476734377491007
59,grid_1.8039,grid,1.8039,,grid,,0.6,0.43166529485412547,0.16582231973335956,0.02738895475373005,0.00010808696802247497,3.742921556833806,0.45342656445474516
59,grid_0.1645,grid,0.1645,425.84907288316776,grid,,0.65,0.4609922198253558,0.16209453202951318,0.02573567693395205,0.0005389603799148268,3.8573455465154343,0.4866450247561168
59,rtp475,rtp,0.17067565915538488,475.0,grid,,0.65,0.46092198093006886,0.1620455999091506,0.025734186456888995,0.0005245899930275133,3.8535991190582006,0.4856180869635871
59,grid_0.2109,grid,0.2109,847.6432893988975,grid,,0.65,0.46070443389324445,0.16180090900584537,0.025727231870159167,0.0004523022849586833,3.8303164835814774,0.480280053969283
59,grid_0.2423,grid,0.2423,1260.137007450062,grid,,0.65,0.46071379713725946,0.16166952791568046,0.0257238344740553,0.00041320178242368333,3.813608816266459,0.4772643894467155
59,grid_0.2700,grid,0.27,1801.1659414940887,grid,,0.65,0.46078992846674893,0.16158008019195771,0.025721652282302675,0.00038647003253680645,3.7999354349301675,0.47514274221992103
59,grid_0.2850,grid,0.285,2152.991147741227,grid,,0.65,0.4608510775294163,0.16153985624690947,0.025720694643800994,0.00037443051247118553,3.7928932154897486,0.4741712258996563
59,rtp2500,rtp,0.29742159172259214,2500.0,grid,,0.65,0.4609052251916753,0.1615092110396041,0.025719991845192598,0.00036523340544278304,3.7872809740683326,0.47342121160421574
59,grid_0.3100,grid,0.31,2841.510060349744,grid,,0.65,0.4609623551642142,0.16148019878827935,0.025719344002726626,0.00035651059797559004,3.781789621887976,0.47270450770061745
59,grid_0.3300,grid,0.33,3492.6305829757653,grid,,0.65,0.4610650141349493,0.16143975314739023,0.025718428122122137,0.0003443657741681594,3.773354030455587,0.47169402085619044
59,grid_0.3434,grid,0.3434,4000.082804923493,grid,,0.65,0.4611349230927224,0.16141493126735343,0.025717887318568736,0.00033689271747569527,3.767942278167596,0.47106534446793336
59,grid_0.3600,grid,0.36,4804.517680672621,grid,,0.65,0.4612225547377322,0.16138631123191644,0.025717271877006287,0.0003282695760387089,3.7614825407072146,0.47033434789223383
59,rtp5000,rtp,0.36291735812991166,5000.0,grid,,0.65,0.4612374637991382,0.16138141758123836,0.025717169713857357,0.00032679222667267305,3.7603789271332393,0.47020837417010164
59,grid_0.3649,grid,0.3649,5063.3729309639475,grid,,0.65,0.46124748526770115,0.1613781079496008,0.025717101609742693,0.0003257921156503141,3.7596343613502907,0.4701230729995891
59,grid_0.4000,grid,0.4,7232.03988920467,grid,,0.65,0.4614374739466761,0.1613265880319184,0.025715988180872035,0.0003102798251482797,3.7468995080753644,0.4687840753975922
59,rtp10000,rtp,0.4338916577457687,10000.0,grid,,0.65,0.46160609296745975,0.1612819829587819,0.02571508747834269,0.00029679054877412847,3.735630361995863,0.46760362603446026
59,grid_0.4500,grid,0.45,11423.864341855095,grid,,0.65,0.46168580278910637,0.16126316236359955,0.02571470040964009,0.00029110712586857823,3.730547215870642,0.46710160715504245
59,grid_0.4898,grid,0.4898,15874.041969292708,grid,,0.65,0.461874705442363,0.16122142332269737,0.025713827688876145,0.0002785196493202413,3.7187145154316132,0.465971888288474
59,grid_0.5000,grid,0.5,17435.464913185435,grid,,0.65,0.46191883279939183,0.16121141916720638,0.0257136150880394,0.0002755065818653146,3.7158585178276287,0.46569792130283977
59,grid_0.5500,grid,0.55,26906.25246402092,grid,,0.65,0.4621202966125962,0.16116681063082905,0.025712660277038054,0.0002620805718754615,3.702697008551605,0.4644671385052814
59,grid_0.5971,grid,0.5971,39110.07705897521,grid,,0.65,0.4622665728763144,0.16112820570709677,0.025711832399892446,0.00025046627449604175,3.691643691941696,0.46338880099759
59,grid_0.6049,grid,0.6049,41490.25504775224,grid,,0.65,0.46228317801372687,0.1611216129255249,0.025711702242157308,0.0002484719095653676,3.6899622024959244,0.46320312491579485
59,grid_0.6500,grid,0.65,57557.79677428673,grid,,0.65,0.462397779996427,0.1610904631660243,0.025711072334902902,0.00023906498814132982,3.6804462051503632,0.4623389536885777
59,grid_0.7139,grid,0.7139,89489.43463897685,grid,,0.65,0.46247726253289406,0.16104880133097807,0.025710294034025704,0.00022642237611913973,3.668761461656598,0.46117982702489974
59,grid_0.7892,grid,0.7892,156367.59463751243,grid,,0.65,0.4625079474186466,0.16100993341035374,0.02570955793125572,0.0002146407255508298,3.656857818586206,0.4601445995742237
59,grid_0.8000,grid,0.8,168655.02697053453,grid,,0.65,0.4624980414051495,0.16100453623390917,0.025709465354052368,0.0002129953338438073,3.655385551056935,0.4600053767196299
59,grid_0.8904,grid,0.8904,306032.2792865212,grid,,0.65,0.46229092935586213,0.16096094929078764,0.025708843752210664,0.00019958344438084086,3.6451122268614315,0.45892676582822284
59,grid_0.9500,grid,0.95,438905.7428349337,grid,,0.65,0.4620205463484463,0.16093412882047342,0.025708492590551354,0.00019130122865337884,3.6404085408736258,0.4583085370126442
59,grid_1.0112,grid,1.0112,621256.122035808,grid,,0.65,0.4615496531638011,0.16090338512259514,0.025708707036787293,0.00018119230712287937,3.6380081355572016,0.45763970171242385
59,grid_1.1500,grid,1.15,2000457.7651723595,grid,,0.65,0.4599905986519139,0.16083201349464052,0.02570976325589463,0.00015717330884559844,3.6395556264013886,0.45621302056028423
59,grid_1.3368,grid,1.3368,7861249.507689291,grid,,0.65,0.45701987926568244,0.16075018479131137,0.02571006830183375,0.0001305536086070036,3.655917801044104,0.45476734377491007
59,grid_1.8039,grid,1.8039,,grid,,0.65,0.4481070477881217,0.16061517159340893,0.025690565312943926,0.00010666803303627237,3.742921556833806,0.45342656445474516
59,grid_0.1645,grid,0.1645,425.84907288316776,grid,,0.7,0.48200732530505996,0.15623968943190975,0.02382471679075436,0.000586123763025248,3.8573455465154343,0.4866450247561168
59,rtp475,rtp,0.17067565915538488,475.0,grid,,0.7,0.48192556339965015,0.15618374786536376,0.023823179959874978,0.0005701831373965405,3.8535991190582006,0.4856180869635871
59,grid_0.2109,grid,0.2109,847.6432893988975,grid,,0.7,0.48164861592407077,0.1559047932713009,0.02381601678758635,0.0004902877773807213,3.8303164835814774,0.480280053969283
59,grid_0.2423,grid,0.2423,1260.137007450062,grid,,0.7,0.4816246342674122,0.1557555358889421,0.023812524422501712,0.00044726253754981404,3.813608816266459,0.4772643894467155
59,grid_0.2700,grid,0.27,1801.1659414940887,grid,,0.7,0.48167732009450304,0.15565410705989755,0.023810285107868128,0.00041791593674592176,3.7999354349301675,0.47514274221992103
59,grid_0.2850,grid,0.285,2152.991147741227,grid,,0.7,0.48172766374771325,0.1556085445050514,0.023809303276644923,0.0004047158463356404,3.7928932154897486,0.4741712258996563
59,rtp2500,rtp,0.29742159172259214,2500.0,grid,,0.7,0.4817734648585416,0.1555738376906232,0.023808583268747973,0.00039463570504039147,3.7872809740683326,0.47342121160421574
59,grid_0.3100,grid,0.31,2841.510060349744,grid,,0.7,0.4818226265344101,0.15554098258797067,0.023807920044430195,0.0003850772200011954,3.781789621887976,0.47270450770061745
59,grid_0.3300,grid,0.33,3492.6305829757653,grid,,0.7,0.4819139178267597,0.15549520200979883,0.023806983199908326,0.00037177464815982275,3.773354030455587,0.47169402085619044
59,grid_0.3434,grid,0.3434,4000.082804923493,grid,,0.7,0.48197674487799225,0.15546711190460205,0.02380643046510006,0.00036359241885799976,3.767942278167596,0.47106534446793336
59,grid_0.3600,grid,0.36,4804.517680672621,grid,,0.7,0.48205612458027736,0.15543472379039475,0.02380580187263089,0.0003541514871654161,3.7614825407072146,0.47033434789223383
59,rtp5000,rtp,0.36291735812991166,5000.0,grid,,0.7,0.4820696096521209,0.1554291843286644,0.023805697582766083,0.00035253375830784917,3.7603789271332393,0.47020837417010164
59,grid_0.3649,grid,0.3649,5063.3729309639475,grid,,0.7,0.48207866667595295,0.15542543758281005,0.02380562806361456,0.00035143858419342533,3.7596343613502907,0.4701230729995891
59,grid_0.4000,grid,0.4,7232.03988920467,grid,,0.7,0.48225324947497683,0.15536712786043072,0.02380449245754723,0.0003344519620522013,3.7468995080753644,0.4687840753975922
59,rtp10000,rtp,0.4338916577457687,10000.0,grid,,0.7,0.48240795816402265,0.15531659854494037,0.023803574252299238,0.0003196715312709375,3.735630361995863,0.46760362603446026
59,grid_0.4500,grid,0.45,11423.864341855095,grid,,0.7,0.4824815284186926,0.15529526346771047,0.023803179796457262,0.00031343905904834823,3.730547215870642,0.46710160715504245
59,grid_0.4898,grid,0.4898,15874.041969292708,grid,,0.7,0.48265626430018993,0.15524798567509018,0.02380229096641568,0.0002996460897573272,3.7187145154316132,0.465971888288474
59,grid_0.5000,grid,0.5,17435.464913185435,grid,,0.7,0.4826968046299254,0.15523664731811676,0.023802074565190772,0.00029634210537859973,3.7158585178276287,0.46569792130283977
59,grid_0.5500,grid,0.55,26906.25246402092,grid,,0.7,0.4828813031975363,0.15518604767414085,0.02380110289852485,0.0002816064941958685,3.702697008551605,0.4644671385052814
59,grid_0.5971,grid,0.5971,39110.07705897521,grid,,0.7,0.4830111647322605,0.1551421849956788,0.023800260699198796,0.0002688368660346274,3.691643691941696,0.46338880099759
59,grid_0.6049,grid,0.6049,41490.25504775224,grid,,0.7,0.48302480899522576,0.15513468025993768,0.02380012840002638,0.00026664061932671346,3.6899622024959244,0.46320312491579485
59,grid_0.6500,grid,0.65,57557.79677428673,grid,,0.7,0.48312395969625843,0.15509921960893466,0.02379948746926449,0.00025628045403605637,3.6804462051503632,0.4623389536885777
59,grid_0.7139,grid,0.7139,89489.43463897685,grid,,0.7,0.4831793239877594,0.1550517673778841,0.0237986961273694,0.00024235443963607772,3.668761461656598,0.46117982702489974
59,grid_0.7892,grid,0.7892,156367.59463751243,grid,,0.7,0.48318004798188313,0.15500724397431284,0.023797949825753787,0.00022929585875836045,3.656857818586206,0.4601445995742237
59,grid_0.8000,grid,0.8,168655.02697053453,grid,,0.7,0.4831651209087355,0.15500100553409996,0.02379785635683131,0.00022745535975077225,3.655385551056935,0.4600053767196299
59,grid_0.8904,grid,0.8904,306032.2792865212,grid,,0.7,0.48291009589849665,0.15495024271895094,0.023797233663360985,0.00021234405530082268,3.6451122268614315,0.45892676582822284
59,grid_0.9500,grid,0.95,438905.7428349337,grid,,0.7,0.4826014969066994,0.15491871729353146,0.02379688856263925,0.00020292040523386956,3.6404085408736258,0.4583085370126442
59,grid_1.0112,grid,1.0112,621256.122035808,grid,,0.7,0.48208081387414475,0.15488218708937987,0.023797122149931012,0.00019136972765865234,3.6380081355572016,0.45763970171242385
59,grid_1.1500,grid,1.15,2000457.7651723595,grid,,0.7,0.4803814389695248,0.15479662530641594,0.023798246910375426,0.00016374829587950668,3.6395556264013886,0.45621302056028423
59,grid_1.3368,grid,1.3368,7861249.507689291,grid,,0.7,0.477179987837791,0.15469794165011555,0.023798669291958126,0.00013278385882442567,3.655917801044104,0.45476734377491007
59,grid_1.8039,grid,1.8039,,grid,,0.7,0.4676621997645804,0.15454899024162239,0.023778471768894402,0.00010691861581069162,3.742921556833806,0.45342656445474516
59,grid_0.1645,grid,0.1645,425.84907288316776,grid,,0.75,0.5015320857609785,0.1517139670974873,0.02242285637385616,0.0005942714386013015,3.8573455465154343,0.4866450247561168
59,rtp475,rtp,0.17067565915538488,475.0,grid,,0.75,0.5013659008250158,0.15165525506729435,0.022421285858242587,0.0005780305312835243,3.8535991190582006,0.4856180869635871
59,grid_0.2109,grid,0.2109,847.6432893988975,grid,,0.75,0.5006024185683203,0.1513634302181949,0.022413965393673015,0.0004969226137453431,3.8303164835814774,0.480280053969283
59,grid_0.2423,grid,0.2423,1260.137007450062,grid,,0.75,0.5002579819903734,0.15120793574255137,0.022410396092243132,0.0004534437392804125,3.813608816266459,0.4772643894467155
59,grid_0.2700,grid,0.27,1801.1659414940887,grid,,0.75,0.5000601420248275,0.15110253054665468,0.02240810731324564,0.0004238674243570717,3.7999354349301675,0.47514274221992103
59,grid_0.2850,grid,0.285,2152.991147741227,grid,,0.75,0.4999851944458159,0.15105524615175384,0.022407103756894715,0.0004105836330722257,3.7928932154897486,0.4741712258996563
59,rtp2500,rtp,0.29742159172259214,2500.0,grid,,0.75,0.49993203950646825,0.15101925647090286,0.022406367797946972,0.0004004480270773658,3.7872809740683326,0.47342121160421574
59,grid_0.3100,grid,0.31,2841.510060349744,grid,,0.75,0.4998850459937274,0.15098520043642571,0.022405689864349754,0.0003908408864778945,3.781789621887976,0.47270450770061745
59,grid_0.3300,grid,0.33,3492.6305829757653,grid,,0.75,0.49983111011566694,0.15093778298706517,0.022404732217084465,0.00037748211596591585,3.773354030455587,0.47169402085619044
59,grid_0.3434,grid,0.3434,4000.082804923493,grid,,0.75,0.4998014037992029,0.15090871221222943,0.02240416719627738,0.00036927222527610715,3.767942278167596,0.47106534446793336
59,grid_0.3600,grid,0.36,4804.517680672621,grid,,0.75,0.49977095892993756,0.1508752009169039,0.022403524618178457,0.0003598016335376597,3.7614825407072146,0.47033434789223383
59,rtp5000,rtp,0.36291735812991166,5000.0,grid,,0.75,0.4997656554644023,0.1508694701610353,0.022403418006133685,0.00035817902053783546,3.7603789271332393,0.47020837417010164
59,grid_0.3649,grid,0.3649,5063.3729309639475,grid,,0.75,0.49976202779236306,0.15086559399138866,0.02240334693906277,0.00035708051131175256,3.7596343613502907,0.4701230729995891
59,grid_0.4000,grid,0.4,7232.03988920467,grid,,0.75,0.4997226669222997,0.15080529210842553,0.0224021860184728,0.00034005010943474745,3.7468995080753644,0.4687840753975922
59,rtp10000,rtp,0.4338916577457687,10000.0,grid,,0.75,0.49968754435041174,0.15075303225386166,0.02240124731487451,0.0003252294188593463,3.735630361995863,0.46760362603446026
59,grid_0.4500,grid,0.45,11423.864341855095,grid,,0.75,0.49967592009093337,0.15073095800932462,0.022400844049916057,0.0003189776524927246,3.730547215870642,0.46710160715504245
59,grid_0.4898,grid,0.4898,15874.041969292708,grid,,0.75,0.499652372771213,0.15068206784015914,0.022399935357256977,0.00030515021132934694,3.7187145154316132,0.465971888288474
59,grid_0.5000,grid,0.5,17435.464913185435,grid,,0.75,0.4996446033493462,0.15067033554944356,0.022399714116234627,0.00030183589834728575,3.7158585178276287,0.46569792130283977
59,grid_0.5500,grid,0.55,26906.25246402092,grid,,0.75,0.49960526149326917,0.15061793915247224,0.02239872071449558,0.00028704288004224865,3.702697008551605,0.4644671385052814
59,grid_0.5971,grid,0.5971,39110.07705897521,grid,,0.75,0.4995412467165946,0.15057242427189477,0.022397859673299266,0.00027419527781621933,3.691643691941696,0.46338880099759
59,grid_0.6049,grid,0.6049,41490.25504775224,grid,,0.75,0.49952414291755487,0.15056462288154968,0.022397724410436692,0.0002719812530265764,3.6899622024959244,0.46320312491579485
59,grid_0.6500,grid,0.65,57557.79677428673,grid,,0.75,0.4994526741190851,0.1505277397456722,0.02239706915908055,0.0002615312738602771,3.6804462051503632,0.4623389536885777
59,grid_0.7139,grid,0.7139,89489.43463897685,grid,,0.75,0.49928364744790266,0.15047825936666834,0.022396260118299847,0.0002474464237224583,3.668761461656598,0.46117982702489974
59,grid_0.7892,grid,0.7892,156367.59463751243,grid,,0.75,0.4990413179065275,0.1504315273710654,0.02239549702578687,0.0002341474014047329,3.656857818586206,0.4601445995742237
59,grid_0.8000,grid,0.8,168655.02697053453,grid,,0.75,0.4989929589923984,0.15042492750963413,0.02239540143715177,0.00023225737912691002,3.655385551056935,0.4600053767196299
59,grid_0.8904,grid,0.8904,306032.2792865212,grid,,0.75,0.4984702572055996,0.15037084019565117,0.022394764391720286,0.00021662518942577869,3.6451122268614315,0.45892676582822284
59,grid_0.9500,grid,0.95,438905.7428349337,grid,,0.75,0.4979948244181673,0.15033687709321422,0.022394411056701605,0.00020676555743859293,3.6404085408736258,0.4583085370126442
59,grid_1.0112,grid,1.0112,621256.122035808,grid,,0.75,0.49730730578012566,0.1502971952357983,0.02239464931335674,0.00019459758239093183,3.6380081355572016,0.45763970171242385
59,grid_1.1500,grid,1.15,2000457.7651723595,grid,,0.75,0.4952471099717433,0.15020351953408997,0.022395797598532725,0.0001652996818950203,3.6395556264013886,0.45621302056028423
59,grid_1.3368,grid,1.3368,7861249.507689291,grid,,0.75,0.4915998116244218,0.1500951701100969,0.022396226130500435,0.0001323339598784945,3.655917801044104,0.45476734377491007
59,grid_1.8039,grid,1.8039,,grid,,0.75,0.4811823165230299,0.14993373711390265,0.02237559067931595,0.00010453484562492066,3.742921556833806,0.45342656445474516
59,grid_0.1645,grid,0.1645,425.84907288316776,grid,,0.8,0.5088710964916463,0.15049629507765006,0.02210067534324277,0.0005484594888563454,3.8573455465154343,0.4866450247561168
59,rtp475,rtp,0.17067565915538488,475.0,grid,,0.8,0.5085719510607446,0.15044237049747788,0.02209910026860034,0.0005338065723000662,3.8535991190582006,0.4856180869635871
59,grid_0.2109,grid,0.2109,847.6432893988975,grid,,0.8,0.5070339373738552,0.15017503204666188,0.022091758256613976,0.00046078199360194416,3.8303164835814774,0.480280053969283
59,grid_0.2423,grid,0.2423,1260.137007450062,grid,,0.8,0.5061725895187396,0.1500329898281565,0.022088178182443782,0.0004217198543319256,3.813608816266459,0.4772643894467155
59,grid_0.2700,grid,0.27,1801.1659414940887,grid,,0.8,0.5055675960349092,0.14993681236595346,0.02208588234675697,0.00039516535570616185,3.7999354349301675,0.47514274221992103
59,grid_0.2850,grid,0.285,2152.991147741227,grid,,0.8,0.5052879535919265,0.14989368479673537,0.022084875663035696,0.00038324107890735926,3.7928932154897486,0.4741712258996563
59,rtp2500,rtp,0.29742159172259214,2500.0,grid,,0.8,0.505072934837471,0.1498608707699374,0.022084137390063985,0.0003741431978598886,3.7872809740683326,0.47342121160421574
59,grid_0.3100,grid,0.31,2841.510060349744,grid,,0.8,0.5048685059135402,0.14982982082631413,0.022083457306551455,0.00036551790229394365,3.781789621887976,0.47270450770061745
59,grid_0.3300,grid,0.33,3492.6305829757653,grid,,0.8,0.5045760006137662,0.14978657472660079,0.0220824965932786,0.00035352137504895964,3.773354030455587,0.47169402085619044
59,grid_0.3434,grid,0.3434,4000.082804923493,grid,,0.8,0.504394120145392,0.14976005560036124,0.02208192974797656,0.0003461445054467327,3.767942278167596,0.47106534446793336
59,grid_0.3600,grid,0.36,4804.517680672621,grid,,0.8,0.5041828928088872,0.14972947339613657,0.022081285078980044,0.00033763012450432894,3.7614825407072146,0.47033434789223383
59,rtp5000,rtp,0.36291735812991166,5000.0,grid,,0.8,0.5041466800705825,0.14972424307217527,0.022081178117881586,0.0003361708456542378,3.7603789271332393,0.47020837417010164
59,grid_0.3649,grid,0.3649,5063.3729309639475,grid,,0.8,0.5041221894589549,0.14972070556668587,0.02208110681810373,0.0003351828572825122,3.7596343613502907,0.4701230729995891
59,grid_0.4000,grid,0.4,7232.03988920467,grid,,0.8,0.5037298959321721,0.1496656090067418,0.022079942060656717,0.0003198524587021967,3.7468995080753644,0.4687840753975922
59,rtp10000,rtp,0.4338916577457687,10000.0,grid,,0.8,0.503382016579313,0.1496178332221106,0.022079000241348,0.0003064957767313081,3.735630361995863,0.46760362603446026
59,grid_0.4500,grid,0.45,11423.864341855095,grid,,0.8,0.5032299265803428,0.14959763191542755,0.022078595634734997,0.00030085583996875,3.730547215870642,0.46710160715504245
59,grid_0.4898,grid,0.4898,15874.041969292708,grid,,0.8,0.5028792906659508,0.1495527879975638,0.022077683902082392,0.0002883524957618677,3.7187145154316132,0.465971888288474
59,grid_0.5000,grid,0.5,17435.464913185435,grid,,0.8,0.5027920008632722,0.1495420096138389,0.022077461916408317,0.0002853507229371721,3.7158585178276287,0.46569792130283977
59,grid_0.5500,grid,0.55,26906.25246402092,grid,,0.8,0.5023846942586422,0.14949378449770948,0.022076465165433722,0.00027192643801388083,3.702697008551605,0.4644671385052814
59,grid_0.5971,grid,0.5971,39110.07705897521,grid,,0.8,0.502004166921747,0.14945177116973038,0.02207560121522869,0.00026023069054076364,3.691643691941696,0.46338880099759
59,grid_0.6049,grid,0.6049,41490.25504775224,grid,,0.8,0.5019373236312691,0.14944456600301637,0.022075465491090036,0.00025821281673987784,3.6899622024959244,0.46320312491579485
59,grid_0.6500,grid,0.65,57557.79677428673,grid,,0.8,0.5015887615369788,0.14941040419110346,0.022074808041037043,0.0002486608395118606,3.6804462051503632,0.4623389536885777
59,grid_0.7139,grid,0.7139,89489.43463897685,grid,,0.8,0.5010602277297604,0.14936435493731992,0.02207399626491852,0.00023571426092316994,3.668761461656598,0.46117982702489974
59,grid_0.7892,grid,0.7892,156367.59463751243,grid,,0.8,0.5004338212600055,0.1493205063248748,0.022073230491496596,0.00022338311762037932,3.656857818586206,0.4601445995742237
59,grid_0.8000,grid,0.8,168655.02697053453,grid,,0.8,0.5003338496925276,0.14931429890780235,0.02207313454957974,0.00022162530874880737,3.655385551056935,0.4600053767196299
59,grid_0.8904,grid,0.8904,306032.2792865212,grid,,0.8,0.4994083140761296,0.14926322232477912,0.02207249491616708,0.00020701462260935832,3.6451122268614315,0.45892676582822284
59,grid_0.9500,grid,0.95,438905.7428349337,grid,,0.8,0.49869290429318336,0.1492307413213196,0.022072139851022448,0.00019767430428815902,3.6404085408736258,0.4583085370126442
59,grid_1.0112,grid,1.0112,621256.122035808,grid,,0.8,0.49778168258247574,0.14919302393942394,0.022072378300522645,0.00018618009166687655,3.6380081355572016,0.45763970171242385
59,grid_1.1500,grid,1.15,2000457.7651723595,grid,,0.8,0.49528235347271343,0.14910369007432975,0.02207352859725542,0.00015838179652635787,3.6395556264013886,0.45621302056028423
59,grid_1.3368,grid,1.3368,7861249.507689291,grid,,0.8,0.4911655447200333,0.1489987082888801,0.02207395466913088,0.0001266604026239071,3.655917801044104,0.45476734377491007
59,grid_1.8039,grid,1.8039,,grid,,0.8,0.47992551959786617,0.1488402935073372,0.02205326443152792,0.00010016853982236507,3.742921556833806,0.45342656445474516
59,grid_0.1645,grid,0.1645,425.84907288316776,grid,,0.85,0.5227776690530429,0.14836506126398352,0.021437047618437864,0.000575143785427723,3.8573455465154343,0.4866450247561168
59,rtp475,rtp,0.17067565915538488,475.0,grid,,0.85,0.5224509439280896,0.14830728245246494,0.021435415878087397,0.0005596341503478208,3.8535991190582006,0.4856180869635871
59,grid_0.2109,grid,0.2109,847.6432893988975,grid,,0.85,0.5207576726228805,0.14802156740763356,0.021427811736128274,0.00048257268168433454,3.8303164835814774,0.480280053969283
59,grid_0.2423,grid,0.2423,1260.137007450062,grid,,0.85,0.519797100406442,0.1478702722522084,0.02142410565668712,0.00044151175925510877,3.813608816266459,0.4772643894467155
59,grid_0.2700,grid,0.27,1801.1659414940887,grid,,0.85,0.5191159126201541,0.1477680372371822,0.021421730035412808,0.0004136627935164561,3.7999354349301675,0.47514274221992103
59,grid_0.2850,grid,0.285,2152.991147741227,grid,,0.85,0.5187986360993032,0.14772224778560736,0.02142068859512184,0.0004011738957105382,3.7928932154897486,0.4741712258996563
59,rtp2500,rtp,0.29742159172259214,2500.0,grid,,0.85,0.5185540062084294,0.14768743407480714,0.021419924976303,0.0003916532072975043,3.7872809740683326,0.47342121160421574
59,grid_0.3100,grid,0.31,2841.510060349744,grid,,0.85,0.5183208893761426,0.1476545049612853,0.021419221671865652,0.0003826311634965718,3.781789621887976,0.47270450770061745
59,grid_0.3300,grid,0.33,3492.6305829757653,grid,,0.85,0.5179853857997615,0.14760867059992377,0.021418228363039072,0.00037009127323772706,3.773354030455587,0.47169402085619044
59,grid_0.3434,grid,0.3434,4000.082804923493,grid,,0.85,0.5177762002351578,0.14758058451168668,0.021417642405073017,0.00036238651973807823,3.767942278167596,0.47106534446793336
59,grid_0.3600,grid,0.36,4804.517680672621,grid,,0.85,0.517532652002257,0.14754820426902862,0.021416976112773916,0.000353496470241077,3.7614825407072146,0.47033434789223383
59,rtp5000,rtp,0.36291735812991166,5000.0,grid,,0.85,0.5174909067520148,0.14754266751017947,0.02141686557896189,0.00035197315705748355,3.7603789271332393,0.47020837417010164
59,grid_0.3649,grid,0.3649,5063.3729309639475,grid,,0.85,0.5174626802190503,0.1475389229737199,0.021416791898397982,0.0003509418938472675,3.7596343613502907,0.4701230729995891
59,grid_0.4000,grid,0.4,7232.03988920467,grid,,0.85,0.5170077838009026,0.1474806173792877,0.021415588503255027,0.00033494399932082475,3.7468995080753644,0.4687840753975922
59,rtp10000,rtp,0.4338916577457687,10000.0,grid,,0.85,0.5166043213801099,0.14743008184318956,0.021414615553083747,0.0003210134792058228,3.735630361995863,0.46760362603446026
59,grid_0.4500,grid,0.45,11423.864341855095,grid,,0.85,0.5164273554068995,0.14740871501679972,0.021414197609216784,0.000315131653687295,3.730547215870642,0.46710160715504245
59,grid_0.4898,grid,0.4898,15874.041969292708,grid,,0.85,0.5160188699624549,0.14736130871559205,0.0214132559704589,0.00030209933591313076,3.7187145154316132,0.465971888288474
59,grid_0.5000,grid,0.5,17435.464913185435,grid,,0.85,0.5159174317397933,0.14734991148783572,0.021413026736409234,0.00029896967906378746,3.7158585178276287,0.46569792130283977
59,grid_0.5500,grid,0.55,26906.25246402092,grid,,0.85,0.5154444657383664,0.14729891048287844,0.02141199749716929,0.00028497153227374783,3.702697008551605,0.4644671385052814
59,grid_0.5971,grid,0.5971,39110.07705897521,grid,,0.85,0.5150063678729896,0.14725444238986973,0.021411105468576854,0.00027276533497461175,3.691643691941696,0.46338880099759
59,grid_0.6049,grid,0.6049,41490.25504775224,grid,,0.85,0.5149302451549426,0.1472468087984115,0.02141096536265468,0.00027065733866127317,3.6899622024959244,0.46320312491579485
59,grid_0.6500,grid,0.65,57557.79677428673,grid,,0.85,0.5145306999173866,0.1472106482396408,0.021410286519077948,0.0002606884360573103,3.6804462051503632,0.4623389536885777
59,grid_0.7139,grid,0.7139,89489.43463897685,grid,,0.85,0.5139335306644025,0.14716187197667788,0.021409448482673354,0.0002471680810067767,3.668761461656598,0.46117982702489974
59,grid_0.7892,grid,0.7892,156367.59463751243,grid,,0.85,0.5132314323320528,0.14711531093489108,0.021408658491381082,0.00023425622008860225,3.656857818586206,0.4601445995742237
59,grid_0.8000,grid,0.8,168655.02697053453,grid,,0.85,0.5131207142424764,0.14710869421979608,0.021408559617763313,0.00023240829729015422,3.655385551056935,0.4600053767196299
59,grid_0.8904,grid,0.8904,306032.2792865212,grid,,0.85,0.5121061985522892,0.14705406638283375,0.021407901717620196,0.0002169967221066771,3.6451122268614315,0.45892676582822284
59,grid_0.9500,grid,0.95,438905.7428349337,grid,,0.85,0.511332021201001,0.14701911223772943,0.021407538287416455,0.00020708107575362344,3.6404085408736258,0.4583085370126442
59,grid_1.0112,grid,1.0112,621256.122035808,grid,,0.85,0.5103577965043331,0.14697857560173352,0.02140778857173831,0.00019491311417618729,3.6380081355572016,0.45763970171242385
59,grid_1.1500,grid,1.15,2000457.7651723595,grid,,0.85,0.5077097939778946,0.14688236663237955,0.02140898964904415,0.0001654399784846161,3.6395556264013886,0.45621302056028423
59,grid_1.3368,grid,1.3368,7861249.507689291,grid,,0.85,0.5033841387577292,0.14676832629132103,0.02140945960849353,0.0001314819938621481,3.655917801044104,0.45476734377491007
59,grid_1.8039,grid,1.8039,,grid,,0.85,0.49164056657476035,0.14659707930775406,0.021388002923510414,0.00010270073805351831,3.742921556833806,0.45342656445474516
59,grid_0.1645,grid,0.1645,425.84907288316776,grid,,0.9,0.5389974440173779,0.1462529207560386,0.020779488572751734,0.0006104282569203701,3.8573455465154343,0.4866450247561168
59,rtp475,rtp,0.17067565915538488,475.0,grid,,0.9,0.538650765612294,0.14619054842477222,0.02077785044110015,0.0005938260076355228,3.8535991190582006,0.4856180869635871
59,grid_0.2109,grid,0.2109,847.6432893988975,grid,,0.9,0.5368475324351315,0.1458827782308284,0.02077021776588998,0.0005115672184550779,3.8303164835814774,0.480280053969283
59,grid_0.2423,grid,0.2423,1260.137007450062,grid,,0.9,0.5358186617050151,0.14572027407710947,0.020766498907409524,0.00046789936969837687,3.813608816266459,0.4772643894467155
59,grid_0.2700,grid,0.27,1801.1659414940887,grid,,0.9,0.5350859447596895,0.14561066116486168,0.02076411572769923,0.0004383489171689292,3.7999354349301675,0.47514274221992103
59,grid_0.2850,grid,0.285,2152.991147741227,grid,,0.9,0.534743539773752,0.14556162680250126,0.020763071116917355,0.00042511608047329785,3.7928932154897486,0.4741712258996563
59,rtp2500,rtp,0.29742159172259214,2500.0,grid,,0.9,0.5344792087733367,0.14552436459750773,0.020762305262853574,0.0004150354286547864,3.7872809740683326,0.47342121160421574
59,grid_0.3100,grid,0.31,2841.510060349744,grid,,0.9,0.5342270585951763,0.14548912821657284,0.02076159997878584,0.00040548645043253506,3.781789621887976,0.47270450770061745
59,grid_0.3300,grid,0.33,3492.6305829757653,grid,,0.9,0.5338632618524326,0.14544012147377583,0.02076060400283655,0.00039222493147011983,3.773354030455587,0.47169402085619044
59,grid_0.3434,grid,0.3434,4000.082804923493,grid,,0.9,0.5336361690066304,0.1454101089084175,0.02076001654578414,0.0003840832269736971,3.767942278167596,0.47106534446793336
59,grid_0.3600,grid,0.36,4804.517680672621,grid,,0.9,0.533371480909315,0.14537551564825482,0.020759348619320186,0.00037469193067579676,3.7614825407072146,0.47033434789223383
59,rtp5000,rtp,0.36291735812991166,5000.0,grid,,0.9,0.5333261133416595,0.14536960039150632,0.02075923782369379,0.00037308289429244246,3.7603789271332393,0.47020837417010164
59,grid_0.3649,grid,0.3649,5063.3729309639475,grid,,0.9,0.5332954398195746,0.1453655998945022,0.020759163969082096,0.00037199366360640695,3.7596343613502907,0.4701230729995891
59,grid_0.4000,grid,0.4,7232.03988920467,grid,,0.9,0.5327998412397811,0.145303345008444,0.020757957889615278,0.0003551041810276323,3.7468995080753644,0.4687840753975922
59,rtp10000,rtp,0.4338916577457687,10000.0,grid,,0.9,0.5323601720053743,0.14524939209121832,0.020756982841949212,0.00034040306091925876,3.735630361995863,0.46760362603446026
59,grid_0.4500,grid,0.45,11423.864341855095,grid,,0.9,0.5321670414317389,0.14522658473633182,0.020756564020102754,0.0003341968940762108,3.730547215870642,0.46710160715504245
59,grid_0.4898,grid,0.4898,15874.041969292708,grid,,0.9,0.531721006721138,0.14517602157186488,0.02075562049529913,0.00032045674413544445,3.7187145154316132,0.465971888288474
59,grid_0.5000,grid,0.5,17435.464913185435,grid,,0.9,0.5316103389803404,0.14516386189582842,0.020755390822698748,0.0003171559778124,3.7158585178276287,0.46569792130283977
59,grid_0.5500,grid,0.55,26906.25246402092,grid,,0.9,0.5310944269130572,0.14510944546871085,0.02075435965061478,0.00030239151362199124,3.702697008551605,0.4644671385052814
59,grid_0.5971,grid,0.5971,39110.07705897521,grid,,0.9,0.5306180876173203,0.14506194936759154,0.020753465997574164,0.00028950315675152494,3.691643691941696,0.46338880099759
59,grid_0.6049,grid,0.6049,41490.25504775224,grid,,0.9,0.530535680228655,0.14505378291652718,0.0207533256547279,0.00028727428366709384,3.6899622024959244,0.46320312491579485
59,grid_0.6500,grid,0.65,57557.79677428673,grid,,0.9,0.5301019326460864,0.1450151669732957,0.020752645558608084,0.0002767530936847451,3.6804462051503632,0.4623389536885777
59,grid_0.7139,grid,0.7139,89489.43463897685,grid,,0.9,0.5294574288878905,0.14496304776657454,0.020751806072508115,0.0002624791452660591,3.668761461656598,0.46117982702489974
59,grid_0.7892,grid,0.7892,156367.59463751243,grid,,0.9,0.5287018615670507,0.1449132032390677,0.020751015059688675,0.00024882141331866725,3.656857818586206,0.4601445995742237
59,grid_0.8000,grid,0.8,168655.02697053453,grid,,0.9,0.5285832640507652,0.1449060858815941,0.020750916122085857,0.0002468576034380665,3.655385551056935,0.4600053767196299
59,grid_0.8904,grid,0.8904,306032.2792865212,grid,,0.9,0.5275010973249198,0.14484709319037442,0.020750258593535752,0.00023042181216526014,3.6451122268614315,0.45892676582822284
59,grid_0.9500,grid,0.95,438905.7428349337,grid,,0.9,0.5266797020974893,0.14480911333030805,0.02074989647795576,0.00021978282555423778,3.6404085408736258,0.4583085370126442
59,grid_1.0112,grid,1.0112,621256.122035808,grid,,0.9,0.5256515282449676,0.1447650218481572,0.020750149762306245,0.00020676178839118542,3.6380081355572016,0.45763970171242385
59,grid_1.1500,grid,1.15,2000457.7651723595,grid,,0.9,0.5228675044191814,0.1446600884955037,0.02075136137121889,0.0001751798323080811,3.6395556264013886,0.45621302056028423
59,grid_1.3368,grid,1.3368,7861249.507689291,grid,,0.9,0.5183371003251079,0.14453480472791425,0.020751850901604623,0.00013845887613167518,3.655917801044104,0.45476734377491007
59,grid_1.8039,grid,1.8039,,grid,,0.9,0.5060751700717313,0.14434807555346021,0.020730296599714162,0.00010607031627329899,3.742921556833806,0.45342656445474516
59,grid_0.1645,grid,0.1645,425.84907288316776,grid,,0.95,0.554549113468742,0.14651757437770127,0.020859701311829303,0.0006076982896959238,3.8573455465154343,0.4866450247561168
59,rtp475,rtp,0.17067565915538488,475.0,grid,,0.95,0.5541304755863692,0.14645695276293727,0.02085804081841127,0.0005915981941939652,3.8535991190582006,0.4856180869635871
59,grid_0.2109,grid,0.2109,847.6432893988975,grid,,0.95,0.5519132038266407,0.1461577068410599,0.020850305220031215,0.0005117700490059884,3.8303164835814774,0.480280053969283
59,grid_0.2423,grid,0.2423,1260.137007450062,grid,,0.95,0.5506120770335087,0.14599956490401708,0.020846537354245288,0.00046933559791700885,3.813608816266459,0.4772643894467155
59,grid_0.2700,grid,0.27,1801.1659414940887,grid,,0.95,0.5496666872540059,0.14589279233801247,0.020844123406313295,0.00044058344986913633,3.7999354349301675,0.47514274221992103
59,grid_0.2850,grid,0.285,2152.991147741227,grid,,0.95,0.5492179495124614,0.1458450176020928,0.02084306545595309,0.00042770370340167174,3.7928932154897486,0.4741712258996563
59,rtp2500,rtp,0.29742159172259214,2500.0,grid,,0.95,0.5488696727883092,0.14580867535044656,0.020842289912410095,0.0004178798950418283,3.7872809740683326,0.47342121160421574
59,grid_0.3100,grid,0.31,2841.510060349744,grid,,0.95,0.548535976139487,0.1457742804647778,0.02084157578474095,0.00040856506028275064,3.781789621887976,0.47270450770061745
59,grid_0.3300,grid,0.33,3492.6305829757653,grid,,0.95,0.5480490178147098,0.1457264350397143,0.020840567449343306,0.0003956264200407622,3.773354030455587,0.47169402085619044
59,grid_0.3434,grid,0.3434,4000.082804923493,grid,,0.95,0.5477434772397917,0.14569710206771228,0.02083997277616672,0.0003876727747626485,3.767942278167596,0.47106534446793336
59,grid_0.3600,grid,0.36,4804.517680672621,grid,,0.95,0.547385697054753,0.14566326563142074,0.020839296715703438,0.0003784902387063971,3.7614825407072146,0.47033434789223383
59,rtp5000,rtp,0.36291735812991166,5000.0,grid,,0.95,0.5473244086746994,0.14565747392920708,0.020839184580124813,0.00037691513131282717,3.7603789271332393,0.47020837417010164
59,grid_0.3649,grid,0.3649,5063.3729309639475,grid,,0.95,0.5472829875269298,0.14565355638449937,0.020839109832757614,0.00037584865469492135,3.7596343613502907,0.4701230729995891
59,grid_0.4000,grid,0.4,7232.03988920467,grid,,0.95,0.5466060869914731,0.1455925721369887,0.02083788933240247,0.0003593077290617863,3.7468995080753644,0.4687840753975922
59,rtp10000,rtp,0.4338916577457687,10000.0,grid,,0.95,0.546005669727244,0.14553960514758646,0.020836902705684605,0.0003448739608307716,3.735630361995863,0.46760362603446026
59,grid_0.4500,grid,0.45,11423.864341855095,grid,,0.95,0.5457404113327752,0.1455171957146507,0.020836478932979952,0.0003387753156759987,3.730547215870642,0.46710160715504245
59,grid_0.4898,grid,0.4898,15874.041969292708,grid,,0.95,0.5451265148507191,0.14546745169246017,0.020835524345767655,0.0003252551561305772,3.7187145154316132,0.465971888288474
59,grid_0.5000,grid,0.5,17435.464913185435,grid,,0.95,0.5449749684115484,0.14545547006507872,0.020835292000999893,0.00032200177085311976,3.7158585178276287,0.46569792130283977
59,grid_0.5500,grid,0.55,26906.25246402092,grid,,0.95,0.5442697241710649,0.14540176852539538,0.020834248866935686,0.00030742542337697243,3.702697008551605,0.4644671385052814
59,grid_0.5971,grid,0.5971,39110.07705897521,grid,,0.95,0.5436296032246092,0.14535474440645452,0.020833344895972817,0.0002946568254929005,3.691643691941696,0.46338880099759
59,grid_0.6049,grid,0.6049,41490.25504775224,grid,,0.95,0.5435212612059585,0.1453466409289495,0.02083320295115448,0.000292443078174498,3.6899622024959244,0.46320312491579485
59,grid_0.6500,grid,0.65,57557.79677428673,grid,,0.95,0.5429435492875835,0.1453083398417173,0.020832514981732327,0.00028199864582367784,3.6804462051503632,0.4623389536885777
59,grid_0.7139,grid,0.7139,89489.43463897685,grid,,0.95,0.5421101127403631,0.1452564979455267,0.020831665873740222,0.0002677843216585818,3.668761461656598,0.46117982702489974
59,grid_0.7892,grid,0.7892,156367.59463751243,grid,,0.95,0.5411504531763242,0.14520670552578055,0.020830866151073487,0.00025412117857726013,3.656857818586206,0.4601445995742237
59,grid_0.8000,grid,0.8,168655.02697053453,grid,,0.95,0.5410039074573467,0.14519956026805025,0.02083076618957661,0.0002521461124585511,3.655385551056935,0.4600053767196299
59,grid_0.8904,grid,0.8904,306032.2792865212,grid,,0.95,0.5396989890856548,0.1451400706242627,0.02083010268116276,0.00023553741965320896,3.6451122268614315,0.45892676582822284
59,grid_0.9500,grid,0.95,438905.7428349337,grid,,0.95,0.5387397818050995,0.1451014486504087,0.02082973840916802,0.00022469199127916895,3.6404085408736258,0.4583085370126442
59,grid_1.0112,grid,1.0112,621256.122035808,grid,,0.95,0.537575530464434,0.14505656696136085,0.02082999719185772,0.00021141042675804078,3.6380081355572016,0.45763970171242385
59,grid_1.1500,grid,1.15,2000457.7651723595,grid,,0.95,0.5345017316829024,0.1449494127521849,0.02083123117445622,0.00017910108274704628,3.6395556264013886,0.45621302056028423
59,grid_1.3368,grid,1.3368,7861249.507689291,grid,,0.95,0.5296188821892719,0.14482086431182678,0.020831745047184515,0.00014133769284002673,3.655917801044104,0.45476734377491007
59,grid_1.8039,grid,1.8039,,grid,,0.95,0.5166308647340409,0.1446248070289514,0.02080988231121935,0.0001064524969420777,3.742921556833806,0.45342656445474516
59,grid_0.1645,grid,0.1645,425.84907288316776,grid,,1.0,0.5716076776019374,0.14701906480798263,0.021002823700673277,0.0006117817163405204,3.8573455465154343,0.4866450247561168
59,rtp475,rtp,0.17067565915538488,475.0,grid,,1.0,0.5711242833740927,0.14695966483819733,0.021001179365382545,0.0005959637239727478,3.8535991190582006,0.4856180869635871
59,grid_0.2109,grid,0.2109,847.6432893988975,grid,,1.0,0.5685355006704441,0.14666629213213145,0.02099351970913778,0.0005174815386499443,3.8303164835814774,0.480280053969283
59,grid_0.2423,grid,0.2423,1260.137007450062,grid,,1.0,0.5669909604392916,0.14651109738016396,0.020989789429585896,0.00047571222595399476,3.813608816266459,0.4772643894467155
59,grid_0.2700,grid,0.27,1801.1659414940887,grid,,1.0,0.5658558205297716,0.14640621446787247,0.020987399892800414,0.00044737974201225494,3.7999354349301675,0.47514274221992103
59,grid_0.2850,grid,0.285,2152.991147741227,grid,,1.0,0.5653123462129097,0.14635927996683498,0.020986352720529417,0.0004346861118809664,3.7928932154897486,0.4741712258996563
59,rtp2500,rtp,0.29742159172259214,2500.0,grid,,1.0,0.5648893069396287,0.14632353832361183,0.020985585125381324,0.00042499274216017957,3.7872809740683326,0.47342121160421574
59,grid_0.3100,grid,0.31,2841.510060349744,grid,,1.0,0.56448300579702,0.14628968336063686,0.020984878357945127,0.0004157930998102688,3.781789621887976,0.47270450770061745
59,grid_0.3300,grid,0.33,3492.6305829757653,grid,,1.0,0.5638864879543332,0.14624258955711855,0.020983880481850136,0.0004030145185217049,3.773354030455587,0.47169402085619044
59,grid_0.3434,grid,0.3434,4000.082804923493,grid,,1.0,0.5635111874410862,0.146213687730568,0.020983292015027796,0.00039515046474425386,3.767942278167596,0.47106534446793336
59,grid_0.3600,grid,0.36,4804.517680672621,grid,,1.0,0.5630706470681368,0.1461803248296341,0.020982623046724092,0.0003860643205732539,3.7614825407072146,0.47033434789223383
59,rtp5000,rtp,0.36291735812991166,5000.0,grid,,1.0,0.5629952031637131,0.14617460810751767,0.020982512092299562,0.000384503963086813,3.7603789271332393,0.47020837417010164
59,grid_0.3649,grid,0.3649,5063.3729309639475,grid,,1.0,0.562944225613449,0.14617074057995208,0.020982438132471797,0.00038344726921984984,3.7596343613502907,0.4701230729995891
59,grid_0.4000,grid,0.4,7232.03988920467,grid,,1.0,0.5621062419334273,0.14611053552793948,0.020981230572571986,0.0003670580196892814,3.7468995080753644,0.4687840753975922
59,rtp10000,rtp,0.4338916577457687,10000.0,grid,,1.0,0.5613629682856556,0.14605813286502817,0.020980254455630915,0.0003527237203873046,3.735630361995863,0.46760362603446026
59,grid_0.4500,grid,0.45,11423.864341855095,grid,,1.0,0.5610336235672759,0.14603594868696843,0.0209798352091643,0.00034666309973857556,3.730547215870642,0.46710160715504245
59,grid_0.4898,grid,0.4898,15874.041969292708,grid,,1.0,0.560270599084473,0.1459866636784186,0.020978890864419945,0.0003332151075357559,3.7187145154316132,0.465971888288474
59,grid_0.5000,grid,0.5,17435.464913185435,grid,,1.0,0.560082716138448,0.1459747757861753,0.02097866102335083,0.0003299741424733216,3.7158585178276287,0.46569792130283977
59,grid_0.5500,grid,0.55,26906.25246402092,grid,,1.0,0.5592091219724454,0.14592142555755175,0.020977629147933056,0.00031543328881505905,3.702697008551605,0.4644671385052814
59,grid_0.5971,grid,0.5971,39110.07705897521,grid,,1.0,0.5584231150532186,0.14587456394254047,0.020976734958256707,0.0003026534471696207,3.691643691941696,0.46338880099759
59,grid_0.6049,grid,0.6049,41490.25504775224,grid,,1.0,0.5582916195124416,0.1458664674198268,0.0209765945589108,0.0003004317586285943,3.6899622024959244,0.46320312491579485
59,grid_0.6500,grid,0.65,57557.79677428673,grid,,1.0,0.5575855088021866,0.14582824283112394,0.02097591402115698,0.000289962386056275,3.6804462051503632,0.4623389536885777
59,grid_0.7139,grid,0.7139,89489.43463897685,grid,,1.0,0.5565829928804075,0.14577636770444263,0.020975074135542646,0.00027567524555821565,3.668761461656598,0.46117982702489974
59,grid_0.7892,grid,0.7892,156367.59463751243,grid,,1.0,0.5554400682531795,0.1457263592139759,0.02097428328702179,0.0002618884827389478,3.656857818586206,0.4601445995742237
59,grid_0.8000,grid,0.8,168655.02697053453,grid,,1.0,0.5552682871589752,0.14571914230306487,0.02097418446919015,0.0002598839643507267,3.655385551056935,0.4600053767196299
59,grid_0.8904,grid,0.8904,306032.2792865212,grid,,1.0,0.5537610345226406,0.14565876047389179,0.02097352898792888,0.00024294551486170324,3.6451122268614315,0.45892676582822284
59,grid_0.9500,grid,0.95,438905.7428349337,grid,,1.0,0.5526753411390293,0.14561924272653984,0.020973169720741612,0.00023179413150931083,3.6404085408736258,0.4583085370126442
59,grid_1.0112,grid,1.0112,621256.122035808,grid,,1.0,0.5513843373570939,0.14557317743523104,0.020973427045206067,0.00021812294338319216,3.6380081355572016,0.45763970171242385
59,grid_1.1500,grid,1.15,2000457.7651723595,grid,,1.0,0.5480353520781738,0.14546283097123822,0.020974652028980967,0.0001847831651860532,3.6395556264013886,0.45621302056028423
59,grid_1.3368,grid,1.3368,7861249.507689291,grid,,1.0,0.5428086944843221,0.14533023396135575,0.020975170008962634,0.00014570689429976857,3.655917801044104,0.45476734377491007
59,grid_1.8039,grid,1.8039,,grid,,1.0,0.5290932947508784,0.1451244506887992,0.020953512669930164,0.0001075935177955456,3.742921556833806,0.45342656445474516
59,grid_0.1645,grid,0.1645,425.84907288316776,grid,,1.05,0.5723290567713378,0.1493462378709716,0.02170868107774983,0.0005956176884630016,3.8573455465154343,0.4866450247561168
59,rtp475,rtp,0.17067565915538488,475.0,grid,,1.05,0.5718193675806035,0.1492907300101952,0.021707014110288032,0.0005807079566889639,3.8535991190582006,0.4856180869635871
59,grid_0.2109,grid,0.2109,847.6432893988975,grid,,1.05,0.5690783130713278,0.14901608389050952,0.021699250934571358,0.0005065423234920097,3.8303164835814774,0.480280053969283
59,grid_0.2423,grid,0.2423,1260.137007450062,grid,,1.05,0.5674327192639336,0.148870413717637,0.021695471948900664,0.00046692813155974067,3.813608816266459,0.4772643894467155
59,grid_0.2700,grid,0.27,1801.1659414940887,grid,,1.05,0.5662181651136908,0.1487717819822204,0.021693052164512238,0.0004399909496530796,3.7999354349301675,0.47514274221992103
59,grid_0.2850,grid,0.285,2152.991147741227,grid,,1.05,0.5656348205286884,0.1487276308115721,0.02169199196003112,0.00042791620679216713,3.7928932154897486,0.4741712258996563
59,rtp2500,rtp,0.29742159172259214,2500.0,grid,,1.05,0.5651802505870634,0.1486939542607912,0.021691214947606056,0.0004186770861042133,3.7872809740683326,0.47342121160421574
59,grid_0.3100,grid,0.31,2841.510060349744,grid,,1.05,0.56474327213067,0.1486620158298473,0.021690499628024863,0.0004098953225689095,3.781789621887976,0.47270450770061745
59,grid_0.3300,grid,0.33,3492.6305829757653,grid,,1.05,0.5641002909416741,0.1486175839790253,0.021689489869794697,0.0003976963979679393,3.773354030455587,0.47169402085619044
59,grid_0.3434,grid,0.3434,4000.082804923493,grid,,1.05,0.5636953613774925,0.14859028202372418,0.021688894505320393,0.00039017740656949185,3.767942278167596,0.47106534446793336
59,grid_0.3600,grid,0.36,4804.517680672621,grid,,1.05,0.5632196064888142,0.14855873558609572,0.02168821780093147,0.0003814801180080374,3.7614825407072146,0.47033434789223383
59,rtp5000,rtp,0.36291735812991166,5000.0,grid,,1.05,0.5631381375270368,0.1485533223731981,0.021688105577298805,0.00037998401081651423,3.7603789271332393,0.47020837417010164
59,grid_0.3649,grid,0.3649,5063.3729309639475,grid,,1.05,0.5630830925700698,0.1485496594649782,0.021688030772051274,0.00037897055510971445,3.7596343613502907,0.4701230729995891
59,grid_0.4000,grid,0.4,7232.03988920467,grid,,1.05,0.5621763065684066,0.148492636611756,0.021686809644037734,0.0003632534838732826,3.7468995080753644,0.4687840753975922
59,rtp10000,rtp,0.4338916577457687,10000.0,grid,,1.05,0.5613719153159797,0.14844287597596442,0.02168582268625255,0.0003494647417630059,3.735630361995863,0.46760362603446026
59,grid_0.4500,grid,0.45,11423.864341855095,grid,,1.05,0.5610150686482174,0.14842179436448166,0.02168539881746946,0.0003436302249030243,3.730547215870642,0.46710160715504245
59,grid_0.4898,grid,0.4898,15874.041969292708,grid,,1.05,0.5601880115686595,0.1483749347986089,0.021684444195320476,0.0003306770811709603,3.7187145154316132,0.465971888288474
59,grid_0.5000,grid,0.5,17435.464913185435,grid,,1.05,0.5599845155529957,0.148363611336376,0.021684211883660372,0.0003275492851108619,3.7158585178276287,0.46569792130283977
59,grid_0.5500,grid,0.55,26906.25246402092,grid,,1.05,0.5590384795610941,0.1483127241026442,0.02168316896835735,0.00031349516238970976,3.702697008551605,0.4644671385052814
59,grid_0.5971,grid,0.5971,39110.07705897521,grid,,1.05,0.5581896932095124,0.1482678597177459,0.0216822652826321,0.0003010929426490727,3.691643691941696,0.46338880099759
59,grid_0.6049,grid,0.6049,41490.25504775224,grid,,1.05,0.5580482623973615,0.14826008370121205,0.021682123419860724,0.0002989289992296751,3.6899622024959244,0.46320312491579485
59,grid_0.6500,grid,0.65,57557.79677428673,grid,,1.05,0.557286769222698,0.14822347978591738,0.021681435618925354,0.00028876434092089953,3.6804462051503632,0.4623389536885777
59,grid_0.7139,grid,0.7139,89489.43463897685,grid,,1.05,0.5562115886531297,0.14817372945827118,0.02168058691343914,0.0002748671881337983,3.668761461656598,0.46117982702489974
59,grid_0.7892,grid,0.7892,156367.59463751243,grid,,1.05,0.5549894304175907,0.14812564173457307,0.021679788302280786,0.00026141743699831244,3.656857818586206,0.4601445995742237
59,grid_0.8000,grid,0.8,168655.02697053453,grid,,1.05,0.5548066970564012,0.14811865209843908,0.021679688613745685,0.0002594464857127443,3.655385551056935,0.4600053767196299
59,grid_0.8904,grid,0.8904,306032.2792865212,grid,,1.05,0.5532114865187867,0.14805988661830938,0.021679028614067335,0.0002427014113592918,3.6451122268614315,0.45892676582822284
59,grid_0.9500,grid,0.95,438905.7428349337,grid,,1.05,0.5520707166416887,0.14802114415694786,0.0216786685947318,0.00023159052280014025,3.6404085408736258,0.4583085370126442
59,grid_1.0112,grid,1.0112,621256.122035808,grid,,1.05,0.5507245994658031,0.1479760165828375,0.021678932515546204,0.00021796896817799505,3.6380081355572016,0.45763970171242385
59,grid_1.1500,grid,1.15,2000457.7651723595,grid,,1.05,0.5472549619078169,0.14786779095877073,0.0216801830383305,0.00018470056469621632,3.6395556264013886,0.45621302056028423
59,grid_1.3368,grid,1.3368,7861249.507689291,grid,,1.05,0.5418787206640729,0.14773756898798884,0.02168073433648744,0.00014565495399332384,3.655917801044104,0.45476734377491007
59,grid_1.8039,grid,1.8039,,grid,,1.05,0.527853899257023,0.14752264626977693,0.021658757243613675,0.00010417391882405758,3.742921556833806,0.45342656445474516
59,grid_0.1645,grid,0.1645,425.84907288316776,grid,,1.1,0.5751852195418838,0.1516704644459277,0.022405929972655014,0.0005979998125884012,3.8573455465154343,0.4866450247561168
59,rtp475,rtp,0.17067565915538488,475.0,grid,,1.1,0.5746721157436361,0.15161705725170546,0.022404268178949204,0.0005834638707177264,3.8535991190582006,0.4856180869635871
59,grid_0.2109,grid,0.2109,847.6432893988975,grid,,1.1,0.5719137558094077,0.15135209991755377,0.022396530718434577,0.000510927431018604,3.8303164835814774,0.480280053969283
59,grid_0.2423,grid,0.2423,1260.137007450062,grid,,1.1,0.5702585383054705,0.1512110575558676,0.022392765699188865,0.0004720182279750462,3.813608816266459,0.4772643894467155
59,grid_0.2700,grid,0.27,1801.1659414940887,grid,,1.1,0.5690371881773771,0.15111533400581767,0.022390355662967053,0.00044548850872278,3.7999354349301675,0.47514274221992103
59,grid_0.2850,grid,0.285,2152.991147741227,grid,,1.1,0.5684506832977755,0.15107246510083402,0.022389299922374217,0.0004335897892684959,3.7928932154897486,0.4741712258996563
59,rtp2500,rtp,0.29742159172259214,2500.0,grid,,1.1,0.5679936607401844,0.15103970597243452,0.022388526296776026,0.0004244664834634482,3.7872809740683326,0.47342121160421574
59,grid_0.3100,grid,0.31,2841.510060349744,grid,,1.1,0.5675543250865592,0.15100859509597664,0.02238781419567243,0.00041578159718819174,3.781789621887976,0.47270450770061745
59,grid_0.3300,grid,0.33,3492.6305829757653,grid,,1.1,0.566907936968998,0.15096531619484568,0.0223868091435129,0.00040371755029683376,3.773354030455587,0.47169402085619044
59,grid_0.3434,grid,0.3434,4000.082804923493,grid,,1.1,0.5665008815545063,0.15093868823538512,0.022386216646307938,0.0003962709599108494,3.767942278167596,0.47106534446793336
59,grid_0.3600,grid,0.36,4804.517680672621,grid,,1.1,0.5660226244271911,0.1509078915332938,0.022385543289724984,0.0003876484372993816,3.7614825407072146,0.47033434789223383
59,rtp5000,rtp,0.36291735812991166,5000.0,grid,,1.1,0.5659407224210642,0.15090259887961993,0.022385431633010492,0.000386162715612981,3.7603789271332393,0.47020837417010164
59,grid_0.3649,grid,0.3649,5063.3729309639475,grid,,1.1,0.5658853841099984,0.15089901668329098,0.022385357206162818,0.0003851560298213097,3.7596343613502907,0.4701230729995891
59,grid_0.4000,grid,0.4,7232.03988920467,grid,,1.1,0.5649738197288647,0.1508432680315046,0.022384142453567183,0.00036954905685715467,3.7468995080753644,0.4687840753975922
59,rtp10000,rtp,0.4338916577457687,10000.0,grid,,1.1,0.5641650392387045,0.15079449013495289,0.02238316076629168,0.0003558174887687282,3.735630361995863,0.46760362603446026
59,grid_0.4500,grid,0.45,11423.864341855095,grid,,1.1,0.5638061994492624,0.15077381437472848,0.022382739190563397,0.0003500039105416852,3.730547215870642,0.46710160715504245
59,grid_0.4898,grid,0.4898,15874.041969292708,grid,,1.1,0.5629745412000943,0.15072785852116988,0.022381789846916945,0.0003370974874608579,3.7187145154316132,0.465971888288474
59,grid_0.5000,grid,0.5,17435.464913185435,grid,,1.1,0.5627698620409074,0.15071673673646388,0.022381558845931966,0.00033397588655659227,3.7158585178276287,0.46569792130283977
59,grid_0.5500,grid,0.55,26906.25246402092,grid,,1.1,0.5618181205127235,0.15066670512061894,0.02238052185882747,0.0003199341730760752,3.702697008551605,0.4644671385052814
59,grid_0.5971,grid,0.5971,39110.07705897521,grid,,1.1,0.56096369276856,0.15062245297051677,0.022379623370315745,0.0003074999685397928,3.691643691941696,0.46338880099759
59,grid_0.6049,grid,0.6049,41490.25504775224,grid,,1.1,0.5608212454737476,0.15061475780329633,0.022379482346795786,0.0003053229213498265,3.6899622024959244,0.46320312491579485
59,grid_0.6500,grid,0.65,57557.79677428673,grid,,1.1,0.5600542461994322,0.15057866703394723,0.02237879847176922,0.0002951364939511314,3.6804462051503632,0.4623389536885777
59,grid_0.7139,grid,0.7139,89489.43463897685,grid,,1.1,0.5589704604135753,0.15052958319640133,0.022377954732849484,0.0002812006844328252,3.668761461656598,0.46117982702489974
59,grid_0.7892,grid,0.7892,156367.59463751243,grid,,1.1,0.5577369277940063,0.15048209158461132,0.022377161253438537,0.0002676986342408094,3.656857818586206,0.4601445995742237
59,grid_0.8000,grid,0.8,168655.02697053453,grid,,1.1,0.5575522175252041,0.15047513981278304,0.022377062289516737,0.00026570541215986676,3.655385551056935,0.4600053767196299
59,grid_0.8904,grid,0.8904,306032.2792865212,grid,,1.1,0.5559378010340081,0.150416436399933,0.022376408151494564,0.00024869618776052205,3.6451122268614315,0.45892676582822284
59,grid_0.9500,grid,0.95,438905.7428349337,grid,,1.1,0.5547814569417981,0.1503775390458625,0.022376052794345153,0.00023735145514475198,3.6404085408736258,0.4583085370126442
59,grid_1.0112,grid,1.0112,621256.122035808,grid,,1.1,0.5534149047659223,0.15033214597141112,0.022376318472021556,0.00022343564034810193,3.6380081355572016,0.45763970171242385
59,grid_1.1500,grid,1.15,2000457.7651723595,grid,,1.1,0.5498863812215992,0.15022318842778867,0.02237757243348087,0.00018943390793002557,3.6395556264013886,0.45621302056028423
59,grid_1.3368,grid,1.3368,7861249.507689291,grid,,1.1,0.5444141112258165,0.15009249166313587,0.022378144183030555,0.00014961187061796055,3.655917801044104,0.45476734377491007
59,grid_1.8039,grid,1.8039,,grid,,1.1,0.530139843323803,0.14986598955145938,0.02235621746994242,0.0001035973542957147,3.742921556833806,0.45342656445474516
59,grid_0.1645,grid,0.1645,425.84907288316776,grid,,1.15,0.5798420343455706,0.15424914455207006,0.023175913604449202,0.0006168849905962004,3.8573455465154343,0.4866450247561168
59,rtp475,rtp,0.17067565915538488,475.0,grid,,1.15,0.579345481847501,0.1541964344179384,0.02317428629006753,0.0006022540971380441,3.8535991190582006,0.4856180869635871
59,grid_0.2109,grid,0.2109,847.6432893988975,grid,,1.15,0.5766875615795494,0.15393407394006506,0.023166710634752896,0.0005289884850325222,3.8303164835814774,0.480280053969283
59,grid_0.2423,grid,0.2423,1260.137007450062,grid,,1.15,0.5751024609003121,0.15379380906377704,0.023163025475476495,0.0004895102308690169,3.813608816266459,0.4772643894467155
59,grid_0.2700,grid,0.27,1801.1659414940887,grid,,1.15,0.5739376387905275,0.15369836194730055,0.0231606671803666,0.00046251928491680694,3.7999354349301675,0.47514274221992103
59,grid_0.2850,grid,0.285,2152.991147741227,grid,,1.15,0.5733799818166452,0.15365559304295545,0.023159634260106136,0.0004504070132761995,3.7928932154897486,0.4741712258996563
59,rtp2500,rtp,0.29742159172259214,2500.0,grid,,1.15,0.5729458596867035,0.15362284650669666,0.02315887744673826,0.0004411015220818215,3.7872809740683326,0.47342121160421574
59,grid_0.3100,grid,0.31,2841.510060349744,grid,,1.15,0.5725288584988741,0.15359170401416133,0.023158180898527413,0.00043223064344632967,3.781789621887976,0.47270450770061745
59,grid_0.3300,grid,0.33,3492.6305829757653,grid,,1.15,0.5719166010316655,0.15354838776789762,0.023157197923165198,0.00041990946295544784,3.773354030455587,0.47169402085619044
59,grid_0.3434,grid,0.3434,4000.082804923493,grid,,1.15,0.5715313970959589,0.15352170320634834,0.023156618511823397,0.0004122948435547058,3.767942278167596,0.47106534446793336
59,grid_0.3600,grid,0.36,4804.517680672621,grid,,1.15,0.5710791557874633,0.15349081423235786,0.023155960095286865,0.00040346995842532873,3.7614825407072146,0.47033434789223383
59,rtp5000,rtp,0.36291735812991166,5000.0,grid,,1.15,0.5710016958024675,0.15348549763424219,0.02315585092495793,0.00040194705907303785,3.7603789271332393,0.47020837417010164
59,grid_0.3649,grid,0.3649,5063.3729309639475,grid,,1.15,0.57094935433181,0.15348189825523745,0.02315577815583241,0.0004009149361986486,3.7596343613502907,0.4701230729995891
59,grid_0.4000,grid,0.4,7232.03988920467,grid,,1.15,0.570088824292048,0.15342591753387413,0.0231545906117747,0.00038492155933644856,3.7468995080753644,0.4687840753975922
59,rtp10000,rtp,0.4338916577457687,10000.0,grid,,1.15,0.5693251080881652,0.15337681077953735,0.023153631017969464,0.0003708150669325394,3.735630361995863,0.46760362603446026
59,grid_0.4500,grid,0.45,11423.864341855095,grid,,1.15,0.5689865124134086,0.15335599001404226,0.02315321895388371,0.0003648407193033165,3.730547215870642,0.46710160715504245
59,grid_0.4898,grid,0.4898,15874.041969292708,grid,,1.15,0.5682020616456056,0.1533097373247499,0.023152291117943105,0.0003515844406407065,3.7187145154316132,0.465971888288474
59,grid_0.5000,grid,0.5,17435.464913185435,grid,,1.15,0.5680087789040197,0.15329853118379289,0.023152065370609144,0.0003483742924991762,3.7158585178276287,0.46569792130283977
59,grid_0.5500,grid,0.55,26906.25246402092,grid,,1.15,0.5671095116497606,0.15324808804058812,0.023151052001963615,0.000333924486132231,3.702697008551605,0.4644671385052814
59,grid_0.5971,grid,0.5971,39110.07705897521,grid,,1.15,0.5662992604547359,0.15320335706082502,0.02315017402437018,0.00032109459033646814,3.691643691941696,0.46338880099759
59,grid_0.6049,grid,0.6049,41490.25504775224,grid,,1.15,0.566163574073297,0.1531955537219007,0.023150036238285373,0.00031884144187438457,3.6899622024959244,0.46320312491579485
59,grid_0.6500,grid,0.65,57557.79677428673,grid,,1.15,0.5654345590248963,0.1531591035344171,0.02314936795206553,0.0003083430434007717,3.6804462051503632,0.4623389536885777
59,grid_0.7139,grid,0.7139,89489.43463897685,grid,,1.15,0.5643980388014699,0.15310954126325532,0.023148543540753526,0.0002939880850909571,3.668761461656598,0.46117982702489974
59,grid_0.7892,grid,0.7892,156367.59463751243,grid,,1.15,0.5632123312430477,0.15306160577558076,0.023147768592514252,0.00028008657008504745,3.656857818586206,0.4601445995742237
59,grid_0.8000,grid,0.8,168655.02697053453,grid,,1.15,0.5630334774209896,0.15305454216317924,0.023147672004943266,0.00027802087183714796,3.655385551056935,0.4600053767196299
59,grid_0.8904,grid,0.8904,306032.2792865212,grid,,1.15,0.5614598893818699,0.1529946674159461,0.023147034399451667,0.00026033385826429445,3.6451122268614315,0.45892676582822284
59,grid_0.9500,grid,0.95,438905.7428349337,grid,,1.15,0.5603224987926002,0.15295487738864336,0.023146689161477507,0.00024850535549741926,3.6404085408736258,0.4583085370126442
59,grid_1.0112,grid,1.0112,621256.122035808,grid,,1.15,0.558965875619083,0.1529082397771413,0.023146951311280434,0.00023397848046330383,3.6380081355572016,0.45763970171242385
59,grid_1.1500,grid,1.15,2000457.7651723595,grid,,1.15,0.5554327149054343,0.1527962026808522,0.023148184885143017,0.00019849466854504616,3.6395556264013886,0.45621302056028423
59,grid_1.3368,grid,1.3368,7861249.507689291,grid,,1.15,0.5499118018540027,0.15266269408895422,0.02314876189266316,0.00015713627383445727,3.655917801044104,0.45476734377491007
59,grid_1.8039,grid,1.8039,,grid,,1.15,0.5354422199988572,0.15242331658898994,0.023127276849200656,0.00010559059078679711,3.742921556833806,0.45342656445474516
59,grid_0.1645,grid,0.1645,425.84907288316776,grid,,1.2,0.5859089767771567,0.15730527962238375,0.02409551493762489,0.000649436059451447,3.8573455465154343,0.4866450247561168
59,rtp475,rtp,0.17067565915538488,475.0,grid,,1.2,0.5854438847978627,0.15725227842806205,0.024093953251392505,0.0006343258194242418,3.8535991190582006,0.4856180869635871
59,grid_0.2109,grid,0.2109,847.6432893988975,grid,,1.2,0.582974348707038,0.15698753087587614,0.02408668393491371,0.0005584009155904512,3.8303164835814774,0.480280053969283
59,grid_0.2423,grid,0.2423,1260.137007450062,grid,,1.2,0.5815189413565943,0.1568453450835243,0.024083148512697855,0.000517313761671967,3.813608816266459,0.4772643894467155
59,grid_0.2700,grid,0.27,1801.1659414940887,grid,,1.2,0.5804579670156091,0.15674833441974154,0.024080886431224188,0.0004891539121389399,3.7999354349301675,0.47514274221992103
59,grid_0.2850,grid,0.285,2152.991147741227,grid,,1.2,0.5799530794515354,0.15670484017835584,0.024079895757978614,0.0004765111773454289,3.7928932154897486,0.4741712258996563
59,rtp2500,rtp,0.29742159172259214,2500.0,grid,,1.2,0.5795608062394653,0.15667147513234023,0.024079169956514532,0.00046678116362897093,3.7872809740683326,0.47342121160421574
59,grid_0.3100,grid,0.31,2841.510060349744,grid,,1.2,0.579184594347014,0.1566397021717944,0.02407850199949106,0.00045749429697738986,3.781789621887976,0.47270450770061745
59,grid_0.3300,grid,0.33,3492.6305829757653,grid,,1.2,0.5786345257237306,0.1565955206102995,0.024077559450715675,0.0004445976244950578,3.773354030455587,0.47169402085619044
59,grid_0.3434,grid,0.3434,4000.082804923493,grid,,1.2,0.5782890961158763,0.15656827210720287,0.024077003912680712,0.00043661991795440613,3.767942278167596,0.47106534446793336
59,grid_0.3600,grid,0.36,4804.517680672621,grid,,1.2,0.5778841883344465,0.15653670681810924,0.024076372667038246,0.0004273679144204401,3.7614825407072146,0.47033434789223383
59,rtp5000,rtp,0.36291735812991166,5000.0,grid,,1.2,0.5778148145606391,0.15653126609420678,0.024076268007419493,0.00042576925763587736,3.7603789271332393,0.47020837417010164
59,grid_0.3649,grid,0.3649,5063.3729309639475,grid,,1.2,0.5777679293989226,0.1565275816513687,0.024076198245178163,0.0004246855724477361,3.7596343613502907,0.4701230729995891
59,grid_0.4000,grid,0.4,7232.03988920467,grid,,1.2,0.5770001574920883,0.1564703275236957,0.024075059864940306,0.00040790353043229644,3.7468995080753644,0.4687840753975922
59,rtp10000,rtp,0.4338916577457687,10000.0,grid,,1.2,0.5763184758492901,0.15641998639233326,0.024074140086085404,0.0003930720568923185,3.735630361995863,0.46760362603446026
59,grid_0.4500,grid,0.45,11423.864341855095,grid,,1.2,0.5760167490956996,0.1563986410195028,0.02407374513545463,0.00038678977729267316,3.730547215870642,0.46710160715504245
59,grid_0.4898,grid,0.4898,15874.041969292708,grid,,1.2,0.5753182388919222,0.15635126868238453,0.02407285588899085,0.00037286332960034807,3.7187145154316132,0.465971888288474
59,grid_0.5000,grid,0.5,17435.464913185435,grid,,1.2,0.5751457572018579,0.15633978273377175,0.024072639543423258,0.00036948812181969437,3.7158585178276287,0.46569792130283977
59,grid_0.5500,grid,0.55,26906.25246402092,grid,,1.2,0.5743424605011852,0.15628806460064007,0.024071668400268215,0.00035429073634563046,3.702697008551605,0.4644671385052814
59,grid_0.5971,grid,0.5971,39110.07705897521,grid,,1.2,0.5736136286044337,0.1562421145821363,0.024070827035809164,0.0003407713332882478,3.691643691941696,0.46338880099759
59,grid_0.6049,grid,0.6049,41490.25504775224,grid,,1.2,0.5734905167034455,0.15623407471737458,0.02407069500706354,0.0003383910957306391,3.6899622024959244,0.46320312491579485
59,grid_0.6500,grid,0.65,57557.79677428673,grid,,1.2,0.5728319981219335,0.15619667496297704,0.02407005457429033,0.0003273466951995707,3.6804462051503632,0.4623389536885777
59,grid_0.7139,grid,0.7139,89489.43463897685,grid,,1.2,0.57188450447143,0.15614586530899952,0.02406926458316344,0.0003122666699327814,3.668761461656598,0.46117982702489974
59,grid_0.7892,grid,0.7892,156367.59463751243,grid,,1.2,0.5707908707636019,0.15609679339879,0.02406852221523833,0.0002976866941462042,3.656857818586206,0.4601445995742237
59,grid_0.8000,grid,0.8,168655.02697053453,grid,,1.2,0.5706237278095787,0.1560895178568037,0.024068429729666753,0.0002955078551026835,3.655385551056935,0.4600053767196299
59,grid_0.8904,grid,0.8904,306032.2792865212,grid,,1.2,0.5691358289810529,0.15602764659555235,0.024067819727240973,0.00027680677490560246,3.6451122268614315,0.45892676582822284
59,grid_0.9500,grid,0.95,438905.7428349337,grid,,1.2,0.5680431844250604,0.15598647678035404,0.024067490157405894,0.0002642907809420336,3.6404085408736258,0.4583085370126442
59,grid_1.0112,grid,1.0112,621256.122035808,grid,,1.2,0.5667191576900045,0.15593792006284513,0.024067742976606597,0.0002488919369196818,3.6380081355572016,0.45763970171242385
59,grid_1.1500,grid,1.15,2000457.7651723595,grid,,1.2,0.5632218215948178,0.15582116694180329,0.024068930298782595,0.00021130576832273373,3.6395556264013886,0.45621302056028423
59,grid_1.3368,grid,1.3368,7861249.507689291,grid,,1.2,0.557687511305177,0.155683262495184,0.0240694947603698,0.00016778346077456208,3.655917801044104,0.45476734377491007
59,grid_1.8039,grid,1.8039,,grid,,1.2,0.5430623139837641,0.15543069540471896,0.024048868454046513,0.00010983261994801374,3.742921556833806,0.45342656445474516
59,grid_0.1645,grid,0.1645,425.84907288316776,grid,,1.25,0.5918442717500576,0.1629144262767695,0.025861716237717113,0.000679394051371851,3.8573455465154343,0.4866450247561168
59,rtp475,rtp,0.17067565915538488,475.0,grid,,1.25,0.5913951638057549,0.16286128784393936,0.025860208602416886,0.0006635904757695821,3.8535991190582006,0.4856180869635871
59,grid_0.2109,grid,0.2109,847.6432893988975,grid,,1.25,0.5890218207290777,0.16259615094305363,0.025853191220766635,0.0005843170807296461,3.8303164835814774,0.480280053969283
59,grid_0.2423,grid,0.2423,1260.137007450062,grid,,1.25,0.5876330906872248,0.1624540034637854,0.025849778609954365,0.0005415246314572353,3.813608816266459,0.4772643894467155
59,grid_0.2700,grid,0.27,1801.1659414940887,grid,,1.25,0.5866257223002563,0.16235714870141205,0.025847595250271676,0.000512248484180744,3.7999354349301675,0.47514274221992103
59,grid_0.2850,grid,0.285,2152.991147741227,grid,,1.25,0.5861481731489238,0.1623137906497435,0.02584663910584557,0.0004991275292431929,3.7928932154897486,0.4741712258996563
59,rtp2500,rtp,0.29742159172259214,2500.0,grid,,1.25,0.5857775777860479,0.16228053011480115,0.025845938624612066,0.0004890318297288143,3.7872809740683326,0.47342121160421574
59,grid_0.3100,grid,0.31,2841.510060349744,grid,,1.25,0.5854224928717764,0.16224885611188536,0.025845293987648385,0.0004793973219668901,3.781789621887976,0.47270450770061745
59,grid_0.3300,grid,0.33,3492.6305829757653,grid,,1.25,0.5849047128828563,0.16220487194594607,0.025844384373497852,0.00046603610950290975,3.773354030455587,0.47169402085619044
59,grid_0.3434,grid,0.3434,4000.082804923493,grid,,1.25,0.5845799376872723,0.16217775955630886,0.025843848261916637,0.00045777743278729854,3.767942278167596,0.47106534446793336
59,grid_0.3600,grid,0.36,4804.517680672621,grid,,1.25,0.5841996112955246,0.16214636016366946,0.025843239104686423,0.0004482030096399914,3.7614825407072146,0.47033434789223383
59,rtp5000,rtp,0.36291735812991166,5000.0,grid,,1.25,0.5841344310630457,0.16214094552104774,0.025843138109196306,0.0004465481052630671,3.7603789271332393,0.47020837417010164
59,grid_0.3649,grid,0.3649,5063.3729309639475,grid,,1.25,0.5840903745340361,0.16213727841999204,0.025843070789340467,0.00044542626410154496,3.7596343613502907,0.4701230729995891
59,grid_0.4000,grid,0.4,7232.03988920467,grid,,1.25,0.5833707969689933,0.16208038212300407,0.025841972294616142,0.000428077974522878,3.7468995080753644,0.4687840753975922
59,rtp10000,rtp,0.4338916577457687,10000.0,grid,,1.25,0.5827315982107146,0.1620303436770693,0.025841084808834836,0.0004127474632743544,3.735630361995863,0.46760362603446026
59,grid_0.4500,grid,0.45,11423.864341855095,grid,,1.25,0.5824489525220464,0.16200914353033272,0.025840703732628006,0.0004062588548039425,3.730547215870642,0.46710160715504245
59,grid_0.4898,grid,0.4898,15874.041969292708,grid,,1.25,0.5817949083990912,0.1619621835947873,0.025839845744552857,0.0003919031702387388,3.7187145154316132,0.465971888288474
59,grid_0.5000,grid,0.5,17435.464913185435,grid,,1.25,0.5816331458500074,0.1619507950677195,0.02583963700853191,0.00038842301453456685,3.7158585178276287,0.46569792130283977
59,grid_0.5500,grid,0.55,26906.25246402092,grid,,1.25,0.5808791513173424,0.16189953240834026,0.025838700030865074,0.000372758563174147,3.702697008551605,0.4644671385052814
59,grid_0.5971,grid,0.5971,39110.07705897521,grid,,1.25,0.5801916648218168,0.16185392135920598,0.02583788827578904,0.00035880358356299435,3.691643691941696,0.46338880099759
59,grid_0.6049,grid,0.6049,41490.25504775224,grid,,1.25,0.5800748495178127,0.16184591730894515,0.025837760897664038,0.00035634005190987583,3.6899622024959244,0.46320312491579485
59,grid_0.6500,grid,0.65,57557.79677428673,grid,,1.25,0.5794517929272973,0.16180886583111445,0.025837142995039745,0.0003449660665118537,3.6804462051503632,0.4623389536885777
59,grid_0.7139,grid,0.7139,89489.43463897685,grid,,1.25,0.5785480970686295,0.16175855220858307,0.02583638081717831,0.00032944839543858073,3.668761461656598,0.46117982702489974
59,grid_0.7892,grid,0.7892,156367.59463751243,grid,,1.25,0.5774984551474263,0.1617100175231393,0.02583566467379769,0.00031446509353633134,3.656857818586206,0.4601445995742237
59,grid_0.8000,grid,0.8,168655.02697053453,grid,,1.25,0.5773366201271183,0.16170277497880844,0.025835575471198066,0.0003122119646490895,3.655385551056935,0.4600053767196299
59,grid_0.8904,grid,0.8904,306032.2792865212,grid,,1.25,0.5758849638044377,0.16164095961076752,0.025834987327107685,0.0002928124967820911,3.6451122268614315,0.45892676582822284
59,grid_0.9500,grid,0.95,438905.7428349337,grid,,1.25,0.5748081840630967,0.1615996922296119,0.0258346698433121,0.00027979068539318863,3.6404085408736258,0.4583085370126442
59,grid_1.0112,grid,1.0112,621256.122035808,grid,,1.25,0.5734907345520052,0.16155089522783636,0.02583491436361566,0.00026377738529970163,3.6380081355572016,0.45763970171242385
59,grid_1.1500,grid,1.15,2000457.7651723595,grid,,1.25,0.5699807686553992,0.16143354259540815,0.025836061811184627,0.0002247268637188271,3.6395556264013886,0.45621302056028423
59,grid_1.3368,grid,1.3368,7861249.507689291,grid,,1.25,0.5643860198842768,0.16129561549735377,0.025836610585291065,0.000179664993379125,3.655917801044104,0.45476734377491007
59,grid_1.8039,grid,1.8039,,grid,,1.25,0.5495346520103793,0.16103113459631252,0.025816696075748605,0.00011433023362711348,3.742921556833806,0.45342656445474516
59,grid_0.1645,grid,0.1645,425.84907288316776,grid,,1.3,0.5984935439310799,0.16886195585729818,0.02779901379131924,0.0007153463446328834,3.8573455465154343,0.4866450247561168
59,rtp475,rtp,0.17067565915538488,475.0,grid,,1.3,0.5980651591539523,0.1688084842868365,0.02779759291487495,0.0006987114523441806,3.8535991190582006,0.4856180869635871
59,grid_0.2109,grid,0.2109,847.6432893988975,grid,,1.3,0.5958161116552294,0.1685419083044142,0.027790979144190327,0.0006153957107032371,3.8303164835814774,0.480280053969283
59,grid_0.2423,grid,0.2423,1260.137007450062,grid,,1.3,0.594513213585733,0.16839918860826728,0.027787762592781217,0.0005705241311415588,3.813608816266459,0.4772643894467155
59,grid_0.2700,grid,0.27,1801.1659414940887,grid,,1.3,0.5935747163395161,0.16830205649025373,0.02778570452685097,0.0005398776919975923,3.7999354349301675,0.47514274221992103
59,grid_0.2850,grid,0.285,2152.991147741227,grid,,1.3,0.5931322387772842,0.16825863678531067,0.02778480324365266,0.0005261656091984368,3.7928932154897486,0.4741712258996563
59,rtp2500,rtp,0.29742159172259214,2500.0,grid,,1.3,0.5927894515135494,0.16822532641523433,0.027784142937616264,0.0005156175098958715,3.7872809740683326,0.47342121160421574
59,grid_0.3100,grid,0.31,2841.510060349744,grid,,1.3,0.5924614677911144,0.16819360305749226,0.027783535254866352,0.0005055528545949151,3.781789621887976,0.47270450770061745
59,grid_0.3300,grid,0.33,3492.6305829757653,grid,,1.3,0.5919850706126147,0.1681496108822777,0.027782677754156673,0.0004916138857047336,3.773354030455587,0.47169402085619044
59,grid_0.3434,grid,0.3434,4000.082804923493,grid,,1.3,0.5916867624341137,0.16812250619172808,0.027782172338237484,0.0004830047499501666,3.767942278167596,0.47106534446793336
59,grid_0.3600,grid,0.36,4804.517680672621,grid,,1.3,0.5913379346986133,0.168091123757577,0.027781598041260066,0.0004730278448250025,3.7614825407072146,0.47033434789223383
59,rtp5000,rtp,0.36291735812991166,5000.0,grid,,1.3,0.5912781305714745,0.1680857093495023,0.02778150282307595,0.0004713028644494077,3.7603789271332393,0.47020837417010164
59,grid_0.3649,grid,0.3649,5063.3729309639475,grid,,1.3,0.5912377007779522,0.1680820420093479,0.027781439353946447,0.00047013349208574473,3.7596343613502907,0.4701230729995891
59,grid_0.4000,grid,0.4,7232.03988920467,grid,,1.3,0.5905798710219111,0.1680252359388879,0.027780403651272073,0.00045207626104687426,3.7468995080753644,0.4687840753975922
59,rtp10000,rtp,0.4338916577457687,10000.0,grid,,1.3,0.5899951676699507,0.16797526140165042,0.027779566939924324,0.00043612150302846375,3.735630361995863,0.46760362603446026
59,grid_0.4500,grid,0.45,11423.864341855095,grid,,1.3,0.5897370082041806,0.1679541067238597,0.027779207663852723,0.00042937430155692846,3.730547215870642,0.46710160715504245
59,grid_0.4898,grid,0.4898,15874.041969292708,grid,,1.3,0.5891400265001057,0.16790734123130874,0.02777839873641259,0.00041447650295456384,3.7187145154316132,0.465971888288474
59,grid_0.5000,grid,0.5,17435.464913185435,grid,,1.3,0.5889920411815148,0.1678959984387183,0.02777820193142536,0.0004108643603087381,3.7158585178276287,0.46569792130283977
59,grid_0.5500,grid,0.55,26906.25246402092,grid,,1.3,0.5883014937411473,0.16784496261646953,0.027777318500985138,0.0003946129747389171,3.702697008551605,0.4644671385052814
59,grid_0.5971,grid,0.5971,39110.07705897521,grid,,1.3,0.587667453623518,0.1677994946285238,0.027776553123596764,0.00038011727399123174,3.691643691941696,0.46338880099759
59,grid_0.6049,grid,0.6049,41490.25504775224,grid,,1.3,0.5875588208565969,0.16779149201784194,0.027776433018848534,0.00037755177472498236,3.6899622024959244,0.46320312491579485
59,grid_0.6500,grid,0.65,57557.79677428673,grid,,1.3,0.5869817868275141,0.16775463226346884,0.027775850418699767,0.000365766227151898,3.6804462051503632,0.4623389536885777
59,grid_0.7139,grid,0.7139,89489.43463897685,grid,,1.3,0.5861354213585395,0.1677046080868015,0.027775131763905128,0.0003497038096425542,3.668761461656598,0.46117982702489974
59,grid_0.7892,grid,0.7892,156367.59463751243,grid,,1.3,0.5851440958831765,0.16765643392596657,0.027774456443984227,0.00033422339278776914,3.656857818586206,0.4601445995742237
59,grid_0.8000,grid,0.8,168655.02697053453,grid,,1.3,0.5849894588831088,0.16764920009973505,0.027774372312792145,0.0003318819812888618,3.655385551056935,0.4600053767196299
59,grid_0.8904,grid,0.8904,306032.2792865212,grid,,1.3,0.5835884768494746,0.16758724791293986,0.02777381744130149,0.00031166822173167574,3.6451122268614315,0.45892676582822284
59,grid_0.9500,grid,0.95,438905.7428349337,grid,,1.3,0.5825358011893694,0.16754578107293572,0.02777351767724851,0.0002980710780915996,3.6404085408736258,0.4583085370126442
59,grid_1.0112,grid,1.0112,621256.122035808,grid,,1.3,0.581232071217674,0.16749657511652133,0.027773747663205204,0.0002813550125592701,3.6380081355572016,0.45763970171242385
59,grid_1.1500,grid,1.15,2000457.7651723595,grid,,1.3,0.577721949638336,0.16737821004447234,0.027774827659039557,0.00024063753865194437,3.6395556264013886,0.45621302056028423
59,grid_1.3368,grid,1.3368,7861249.507689291,grid,,1.3,0.5720769991535211,0.1672399534625318,0.027775340740250766,0.00019386129389903362,3.655917801044104,0.45476734377491007
59,grid_1.8039,grid,1.8039,,grid,,1.3,0.5570083698833246,0.16696380933620875,0.027756576713390806,0.00012033691466706298,3.742921556833806,0.45342656445474516
59,grid_0.1645,grid,0.1645,425.84907288316776,grid,,1.35,0.6058464864957291,0.17511028977046852,0.029906138399843407,0.0007574751836540439,3.8573455465154343,0.4866450247561168
59,rtp475,rtp,0.17067565915538488,475.0,grid,,1.35,0.6054442720842922,0.17505626570055952,0.029904835244042922,0.0007398609169819714,3.8535991190582006,0.4856180869635871
59,grid_0.2109,grid,0.2109,847.6432893988975,grid,,1.35,0.6033516758167504,0.1747870842653864,0.02989876863014739,0.0006517561958478968,3.8303164835814774,0.480280053969283
59,grid_0.2423,grid,0.2423,1260.137007450062,grid,,1.35,0.6021564119005665,0.1746431182997836,0.029895817430121967,0.0006044013393502468,3.813608816266459,0.4772643894467155
59,grid_0.2700,grid,0.27,1801.1659414940887,grid,,1.35,0.601304110862666,0.17454523115936488,0.029893928697904797,0.000572109022571321,3.7999354349301675,0.47514274221992103
59,grid_0.2850,grid,0.285,2152.991147741227,grid,,1.35,0.6009054653651821,0.17450153115575298,0.029893101498954213,0.0005576828767480113,3.7928932154897486,0.4741712258996563
59,rtp2500,rtp,0.29742159172259214,2500.0,grid,,1.35,0.6005974265032357,0.17446800057267983,0.029892495410136007,0.0005465878136926006,3.7872809740683326,0.47342121160421574
59,grid_0.3100,grid,0.31,2841.510060349744,grid,,1.35,0.6003033043166879,0.17443606429022895,0.029891937567494056,0.0005360029575708358,3.781789621887976,0.47270450770061745
59,grid_0.3300,grid,0.33,3492.6305829757653,grid,,1.35,0.5998785697403737,0.17439183641979655,0.029891150303009296,0.000521362306859785,3.773354030455587,0.47169402085619044
59,grid_0.3434,grid,0.3434,4000.082804923493,grid,,1.35,0.5996132957007196,0.17436459719870828,0.02989068622943337,0.0005123265268344168,3.767942278167596,0.47106534446793336
59,grid_0.3600,grid,0.36,4804.517680672621,grid,,1.35,0.5993037785022987,0.1743330666899432,0.029890158857105692,0.0005018592844144854,3.7614825407072146,0.47033434789223383
59,rtp5000,rtp,0.36291735812991166,5000.0,grid,,1.35,0.5992506859881495,0.17432762393134962,0.02989007141210259,0.0005000490534474711,3.7603789271332393,0.47020837417010164
59,grid_0.3649,grid,0.3649,5063.3729309639475,grid,,1.35,0.599214784270467,0.1743239369215907,0.02989001312384995,0.0004988218599927818,3.7596343613502907,0.4701230729995891
59,grid_0.4000,grid,0.4,7232.03988920467,grid,,1.35,0.5986339953121211,0.1742669231467707,0.02988906184369726,0.0004798986593452237,3.7468995080753644,0.4687840753975922
59,rtp10000,rtp,0.4338916577457687,10000.0,grid,,1.35,0.5981173402878502,0.17421674719506328,0.029888293356176193,0.00046318164705239084,3.735630361995863,0.46760362603446026
59,grid_0.4500,grid,0.45,11423.864341855095,grid,,1.35,0.5978897624557663,0.17419552644209313,0.029887963362711843,0.0004561180697261191,3.730547215870642,0.46710160715504245
59,grid_0.4898,grid,0.4898,15874.041969292708,grid,,1.35,0.5973640455522458,0.17414871127410975,0.029887220299988623,0.00044055333844461586,3.7187145154316132,0.465971888288474
59,grid_0.5000,grid,0.5,17435.464913185435,grid,,1.35,0.5972332864482617,0.17413735627492738,0.029887039504644976,0.0004367793457760172,3.7158585178276287,0.46569792130283977
59,grid_0.5500,grid,0.55,26906.25246402092,grid,,1.35,0.5966221398708911,0.17408629014340246,0.029886227912839954,0.00041980850305295414,3.702697008551605,0.4644671385052814
59,grid_0.5971,grid,0.5971,39110.07705897521,grid,,1.35,0.5960552103833269,0.17404074531807925,0.029885524736666533,0.00040465629420599614,3.691643691941696,0.46338880099759
59,grid_0.6049,grid,0.6049,41490.25504775224,grid,,1.35,0.5959568935921401,0.17403270596374115,0.029885414379770162,0.0004019683652918271,3.6899622024959244,0.46320312491579485
59,grid_0.6500,grid,0.65,57557.79677428673,grid,,1.35,0.5954378134550214,0.17399586061221212,0.0298848791351353,0.00038968037504905073,3.6804462051503632,0.4623389536885777
59,grid_0.7139,grid,0.7139,89489.43463897685,grid,,1.35,0.5946641086668836,0.17394589373216265,0.029884218825785812,0.000372955120495011,3.668761461656598,0.46117982702489974
59,grid_0.7892,grid,0.7892,156367.59463751243,grid,,1.35,0.5937473559997698,0.17389787593381142,0.02988359809412963,0.0003568731601616415,3.656857818586206,0.4601445995742237
59,grid_0.8000,grid,0.8,168655.02697053453,grid,,1.35,0.5936020701575773,0.17389062247025597,0.029883520718814005,0.00035442786427908324,3.655385551056935,0.4600053767196299
59,grid_0.8904,grid,0.8904,306032.2792865212,grid,,1.35,0.5922682797088987,0.17382830665052326,0.029883009848039564,0.0003332703449487884,3.6451122268614315,0.45892676582822284
59,grid_0.9500,grid,0.95,438905.7428349337,grid,,1.35,0.5912492272957078,0.17378651816837057,0.029882733065705533,0.00031902083137985704,3.6404085408736258,0.4583085370126442
59,grid_1.0112,grid,1.0112,621256.122035808,grid,,1.35,0.5899676053366636,0.17373670525428286,0.029882942562507616,0.0003015001901059411,3.6380081355572016,0.45763970171242385
59,grid_1.1500,grid,1.15,2000457.7651723595,grid,,1.35,0.5864724036720127,0.17361683726344393,0.029883928850063413,0.0002588773312977577,3.6395556264013886,0.45621302056028423
59,grid_1.3368,grid,1.3368,7861249.507689291,grid,,1.35,0.5807906155025284,0.17347785577380226,0.029884386834327696,0.00021017960954844428,3.655917801044104,0.45476734377491007
59,grid_1.8039,grid,1.8039,,grid,,1.35,0.5655203855780507,0.1731905550392733,0.02986718887719217,0.00012777947761938302,3.742921556833806,0.45342656445474516
59,grid_0.1645,grid,0.1645,425.84907288316776,grid,,1.4,0.6149510767536972,0.18144500319426082,0.032109119217448225,0.0008131699667170977,3.8573455465154343,0.4866450247561168
59,rtp475,rtp,0.17067565915538488,475.0,grid,,1.4,0.614595497560602,0.18138951181077212,0.03210796084418437,0.0007941941507658701,3.8535991190582006,0.4856180869635871
59,grid_0.2109,grid,0.2109,847.6432893988975,grid,,1.4,0.6127791479315745,0.18111297191505968,0.032102566836602224,0.0006993417593029738,3.8303164835814774,0.480280053969283
59,grid_0.2423,grid,0.2423,1260.137007450062,grid,,1.4,0.6117719370565369,0.1809650754056129,0.03209994153102475,0.0006484169855344168,3.813608816266459,0.4772643894467155
59,grid_0.2700,grid,0.27,1801.1659414940887,grid,,1.4,0.6110693839049326,0.1808645481389914,0.0320982606046241,0.0006137241688974338,3.7999354349301675,0.47514274221992103
59,grid_0.2850,grid,0.285,2152.991147741227,grid,,1.4,0.6107465911440431,0.18081970597912825,0.032097524280486074,0.0005982417898923176,3.7928932154897486,0.4741712258996563
59,rtp2500,rtp,0.29742159172259214,2500.0,grid,,1.4,0.6104986372835942,0.18078528610023734,0.03209698467292883,0.0005863349974158383,3.7872809740683326,0.47342121160421574
59,grid_0.3100,grid,0.31,2841.510060349744,grid,,1.4,0.6102630322270642,0.18075249598040072,0.032096487923769644,0.0005749768793751331,3.781789621887976,0.47270450770061745
59,grid_0.3300,grid,0.33,3492.6305829757653,grid,,1.4,0.609927372901797,0.18070713435219024,0.03209578672080938,0.0005592816849711579,3.773354030455587,0.47169402085619044
59,grid_0.3434,grid,0.3434,4000.082804923493,grid,,1.4,0.6097190101723197,0.180679201630745,0.03209537328568986,0.0005496006162335476,3.767942278167596,0.47106534446793336
59,grid_0.3600,grid,0.36,4804.517680672621,grid,,1.4,0.6094771822640433,0.18064687419340603,0.03209490337118807,0.0005383897846601982,3.7614825407072146,0.47033434789223383
59,rtp5000,rtp,0.36291735812991166,5000.0,grid,,1.4,0.6094356528173142,0.18064129101783546,0.03209482544181694,0.0005364505787733842,3.7603789271332393,0.47020837417010164
59,grid_0.3649,grid,0.3649,5063.3729309639475,grid,,1.4,0.6094075535502675,0.1806375082849037,0.032094773495692945,0.0005351359036857017,3.7596343613502907,0.4701230729995891
59,grid_0.4000,grid,0.4,7232.03988920467,grid,,1.4,0.6089592633608989,0.18057910634440255,0.03209392552016704,0.0005148881279760098,3.7468995080753644,0.4687840753975922
59,rtp10000,rtp,0.4338916577457687,10000.0,grid,,1.4,0.6085597903666714,0.1805276825566175,0.03209324048667682,0.0004970036825860391,3.735630361995863,0.46760362603446026
59,grid_0.4500,grid,0.45,11423.864341855095,grid,,1.4,0.608384869960397,0.18050595126087923,0.032092946306317545,0.0004894521342773683,3.730547215870642,0.46710160715504245
59,grid_0.4898,grid,0.4898,15874.041969292708,grid,,1.4,0.6079818357218865,0.18045811132071904,0.03209228377331882,0.0004728461681222096,3.7187145154316132,0.465971888288474
59,grid_0.5000,grid,0.5,17435.464913185435,grid,,1.4,0.6078807950235512,0.18044651139885012,0.03209212254678917,0.0004688209292261769,3.7158585178276287,0.46569792130283977
59,grid_0.5500,grid,0.55,26906.25246402092,grid,,1.4,0.6074068334010895,0.18039437513981602,0.0320913987550367,0.00045073182704796766,3.702697008551605,0.4644671385052814
59,grid_0.5971,grid,0.5971,39110.07705897521,grid,,1.4,0.6069566049098422,0.1803478591825639,0.03209077158733662,0.0004345787243972832,3.691643691941696,0.46338880099759
59,grid_0.6049,grid,0.6049,41490.25504775224,grid,,1.4,0.6068763722897002,0.180339629329759,0.03209067313723964,0.00043170876955522797,3.6899622024959244,0.46320312491579485
59,grid_0.6500,grid,0.65,57557.79677428673,grid,,1.4,0.6064585822226011,0.18030206978557775,0.03209019576550104,0.0004186406034623058,3.6804462051503632,0.4623389536885777
59,grid_0.7139,grid,0.7139,89489.43463897685,grid,,1.4,0.6058134890795314,0.18025121400661337,0.032089606734287304,0.0004008934165706246,3.668761461656598,0.46117982702489974
59,grid_0.7892,grid,0.7892,156367.59463751243,grid,,1.4,0.6050308004329079,0.18020247623922084,0.03208905259663446,0.00038387984611248926,3.656857818586206,0.4601445995742237
59,grid_0.8000,grid,0.8,168655.02697053453,grid,,1.4,0.604902794891983,0.1801950766235948,0.032088983445604506,0.0003812821937786981,3.655385551056935,0.4600053767196299
59,grid_0.8904,grid,0.8904,306032.2792865212,grid,,1.4,0.6036974967466732,0.18013135622417037,0.032088525917519053,0.00035877957763991164,3.6451122268614315,0.45892676582822284
59,grid_0.9500,grid,0.95,438905.7428349337,grid,,1.4,0.6027479445283449,0.18008864102651942,0.032088276684248074,0.00034364194253050373,3.6404085408736258,0.4583085370126442
59,grid_1.0112,grid,1.0112,621256.122035808,grid,,1.4,0.6015208909516276,0.18003733638245153,0.03208846046456318,0.0003249820271248316,3.6380081355572016,0.45763970171242385
59,grid_1.1500,grid,1.15,2000457.7651723595,grid,,1.4,0.5981014736000154,0.1799137620958922,0.03208933002990933,0.00027963176158796177,3.6395556264013886,0.45621302056028423
59,grid_1.3368,grid,1.3368,7861249.507689291,grid,,1.4,0.5924426256878825,0.17977192989251253,0.03208971575373864,0.0002282310235398044,3.655917801044104,0.45476734377491007
59,grid_1.8039,grid,1.8039,,grid,,1.4,0.5770628045012985,0.17947546685690494,0.03207444721611051,0.0001369959873934734,3.742921556833806,0.45342656445474516
59,grid_0.1645,grid,0.1645,425.84907288316776,grid,,1.45,0.626202489735305,0.18654489049673104,0.033910451532981625,0.000888544637455746,3.8573455465154343,0.4866450247561168
59,rtp475,rtp,0.17067565915538488,475.0,grid,,1.45,0.6259233099282056,0.186485968634906,0.03390936679789146,0.0008676496998076821,3.8535991190582006,0.4856180869635871
59,grid_0.2109,grid,0.2109,847.6432893988975,grid,,1.45,0.6245577914120912,0.18619164109514408,0.03390431473095804,0.000763012482744907,3.8303164835814774,0.480280053969283
59,grid_0.2423,grid,0.2423,1260.137007450062,grid,,1.45,0.6238560664425779,0.186033742830426,0.03390185495807205,0.0007066985134250303,3.813608816266459,0.4772643894467155
59,grid_0.2700,grid,0.27,1801.1659414940887,grid,,1.45,0.623396149097653,0.18592622225108033,0.033900279496585056,0.000668280623973061,3.7999354349301675,0.47514274221992103
59,grid_0.2850,grid,0.285,2152.991147741227,grid,,1.45,0.6231960320941331,0.1858782135880297,0.03389958927855937,0.0006511210081178165,3.7928932154897486,0.4741712258996563
59,rtp2500,rtp,0.29742159172259214,2500.0,grid,,1.45,0.6230452203703338,0.1858413244139736,0.03389908338931573,0.0006379144706240569,3.7872809740683326,0.47342121160421574
59,grid_0.3100,grid,0.31,2841.510060349744,grid,,1.45,0.6229041990845542,0.1858061613798277,0.033898617614934894,0.0006253119917716821,3.781789621887976,0.47270450770061745
59,grid_0.3300,grid,0.33,3492.6305829757653,grid,,1.45,0.6227123585680009,0.18575750420823633,0.03389796002765209,0.0006078903420208559,3.773354030455587,0.47169402085619044
59,grid_0.3434,grid,0.3434,4000.082804923493,grid,,1.45,0.6225958502688583,0.18572752383380647,0.03389757224527985,0.0005971408641572973,3.767942278167596,0.47106534446793336
59,grid_0.3600,grid,0.36,4804.517680672621,grid,,1.45,0.6224632483451252,0.18569281884391714,0.033897131428005566,0.00058469154219426,3.7614825407072146,0.47033434789223383
59,rtp5000,rtp,0.36291735812991166,5000.0,grid,,1.45,0.622440383187774,0.1856868224005588,0.03389705831610158,0.000582537697115082,3.7603789271332393,0.47020837417010164
59,grid_0.3649,grid,0.3649,5063.3729309639475,grid,,1.45,0.6224248790830148,0.18568275891853336,0.03389700958071671,0.0005810773788814672,3.7596343613502907,0.4701230729995891
59,grid_0.4000,grid,0.4,7232.03988920467,grid,,1.45,0.6221902834598663,0.1856200446936616,0.03389621388041759,0.0005585871116593477,3.7468995080753644,0.4687840753975922
59,rtp10000,rtp,0.4338916577457687,10000.0,grid,,1.45,0.6219799358039555,0.18556477052909687,0.03389557108034385,0.0005387129811725289,3.735630361995863,0.46760362603446026
59,grid_0.4500,grid,0.45,11423.864341855095,grid,,1.45,0.6218900018672474,0.18554140802951488,0.033895295021537056,0.000530319072037877,3.730547215870642,0.46710160715504245
59,grid_0.4898,grid,0.4898,15874.041969292708,grid,,1.45,0.6216849616626883,0.1854900461490876,0.033894673224078846,0.0005118839963118016,3.7187145154316132,0.465971888288474
59,grid_0.5000,grid,0.5,17435.464913185435,grid,,1.45,0.6216319385136639,0.18547760116624037,0.03389452189346402,0.0005074186409189108,3.7158585178276287,0.46569792130283977
59,grid_0.5500,grid,0.55,26906.25246402092,grid,,1.45,0.6213798150554487,0.18542168798359365,0.033893842497009816,0.00048735987767534183,3.702697008551605,0.4644671385052814
59,grid_0.5971,grid,0.5971,39110.07705897521,grid,,1.45,0.6211189417133348,0.18537186337723677,0.0338932537552581,0.00046947397669083735,3.691643691941696,0.46338880099759
59,grid_0.6049,grid,0.6049,41490.25504775224,grid,,1.45,0.6210681715779146,0.18536304785754532,0.03389316132207393,0.00046629818896470887,3.6899622024959244,0.46320312491579485
59,grid_0.6500,grid,0.65,57557.79677428673,grid,,1.45,0.6208151422236724,0.18532282704721612,0.03389271321023888,0.000451837014533496,3.6804462051503632,0.4623389536885777
59,grid_0.7139,grid,0.7139,89489.43463897685,grid,,1.45,0.620380567329766,0.1852685313765744,0.03389216020298531,0.0004322685154474204,3.668761461656598,0.46117982702489974
59,grid_0.7892,grid,0.7892,156367.59463751243,grid,,1.45,0.6198189754593987,0.18521658281371348,0.033891639673441165,0.0004135428757480186,3.656857818586206,0.4601445995742237
59,grid_0.8000,grid,0.8,168655.02697053453,grid,,1.45,0.6197198383878,0.185208677786937,0.03389157466392696,0.0004106796636584864,3.655385551056935,0.4600053767196299
59,grid_0.8904,grid,0.8904,306032.2792865212,grid,,1.45,0.6187324934981735,0.18514057242369597,0.03389114388310148,0.00038588767427233384,3.6451122268614315,0.45892676582822284
59,grid_0.9500,grid,0.95,438905.7428349337,grid,,1.45,0.6179046631350762,0.18509510398931883,0.033890908300230047,0.00036928922058671043,3.6404085408736258,0.4583085370126442
59,grid_1.0112,grid,1.0112,621256.122035808,grid,,1.45,0.6167790712641471,0.18503978677650468,0.033891078723614985,0.0003486439666793295,3.6380081355572016,0.45763970171242385
59,grid_1.1500,grid,1.15,2000457.7651723595,grid,,1.45,0.6135225151925231,0.1849061003416191,0.033891888113642694,0.00029837782990221884,3.6395556264013886,0.45621302056028423
59,grid_1.3368,grid,1.3368,7861249.507689291,grid,,1.45,0.6079708200284151,0.18475413204060026,0.03389223469176775,0.00024185461430781263,3.655917801044104,0.45476734377491007
59,grid_1.8039,grid,1.8039,,grid,,1.45,0.5926207619037231,0.18445603476838174,0.03387794976641345,0.00014607899606100538,3.742921556833806,0.45342656445474516
59,grid_0.1645,grid,0.1645,425.84907288316776,grid,,1.5,0.639052285921088,0.19193025095776745,0.03585559951144123,0.0009816217212703648,3.8573455465154343,0.4866450247561168
59,rtp475,rtp,0.17067565915538488,475.0,grid,,1.5,0.6388696912302063,0.19186693530254031,0.035854610348419635,0.0009583105139695514,3.8535991190582006,0.4856180869635871
59,grid_0.2109,grid,0.2109,847.6432893988975,grid,,1.5,0.638073125439588,0.1915498419896918,0.035850001899288844,0.0008413400669870508,3.8303164835814774,0.480280053969283
59,grid_0.2423,grid,0.2423,1260.137007450062,grid,,1.5,0.6377561510749346,0.19137914785085142,0.03584775672838408,0.0007782215037339668,3.813608816266459,0.4772643894467155
59,grid_0.2700,grid,0.27,1801.1659414940887,grid,,1.5,0.6376014960904974,0.1912626780860639,0.03584631791207524,0.0007350941165780722,3.7999354349301675,0.47514274221992103
59,grid_0.2850,grid,0.285,2152.991147741227,grid,,1.5,0.6375556052708772,0.19121061000969194,0.035845687408376604,0.000715809971901904,3.7928932154897486,0.4741712258996563
59,rtp2500,rtp,0.29742159172259214,2500.0,grid,,1.5,0.6375268991063264,0.1911705589296564,0.035845225176962134,0.0007009574245150918,3.7872809740683326,0.47342121160421574
59,grid_0.3100,grid,0.31,2841.510060349744,grid,,1.5,0.637504753230366,0.19113235964460476,0.03584479949765345,0.0006867794056610865,3.781789621887976,0.47270450770061745
59,grid_0.3300,grid,0.33,3492.6305829757653,grid,,1.5,0.6374935889438994,0.19107947746051437,0.0358441983514185,0.0006671683551647267,3.773354030455587,0.47169402085619044
59,grid_0.3434,grid,0.3434,4000.082804923493,grid,,1.5,0.6374924570617435,0.19104687176093385,0.03584384375547981,0.0006550634541588884,3.767942278167596,0.47106534446793336
59,grid_0.3600,grid,0.36,4804.517680672621,grid,,1.5,0.6374970368932232,0.1910091185854514,0.035843440571513334,0.0006410428112776922,3.7614825407072146,0.47033434789223383
59,rtp5000,rtp,0.36291735812991166,5000.0,grid,,1.5,0.637497615176204,0.19100259306692394,0.035843373689141256,0.000638616869147679,3.7603789271332393,0.47020837417010164
59,grid_0.3649,grid,0.3649,5063.3729309639475,grid,,1.5,0.6374979318199742,0.19099817025686552,0.03584332910555687,0.0006369719359137216,3.7596343613502907,0.4701230729995891
59,grid_0.4000,grid,0.4,7232.03988920467,grid,,1.5,0.6375316585744784,0.19092992230702807,0.035842600981910826,0.0006116342502569538,3.7468995080753644,0.4687840753975922
59,rtp10000,rtp,0.4338916577457687,10000.0,grid,,1.5,0.6375588344731773,0.19086971517365592,0.03584201275769492,0.0005892354127776112,3.735630361995863,0.46760362603446026
59,grid_0.4500,grid,0.45,11423.864341855095,grid,,1.5,0.6375756316725508,0.19084426072888197,0.035841760112615396,0.000579771740538082,3.730547215870642,0.46710160715504245
59,grid_0.4898,grid,0.4898,15874.041969292708,grid,,1.5,0.6376192311931593,0.19078836847750244,0.03584119093456034,0.0005590106117469018,3.7187145154316132,0.465971888288474
59,grid_0.5000,grid,0.5,17435.464913185435,grid,,1.5,0.6376265304508477,0.1907748376359575,0.0358410523840094,0.0005539862910165505,3.7158585178276287,0.46569792130283977
59,grid_0.5500,grid,0.55,26906.25246402092,grid,,1.5,0.6376531631204697,0.19071407033113452,0.03584043031689714,0.0005314263053717849,3.702697008551605,0.4644671385052814
59,grid_0.5971,grid,0.5971,39110.07705897521,grid,,1.5,0.6376304965473103,0.19066001051226017,0.035839891189213775,0.000511348419321378,3.691643691941696,0.46338880099759
59,grid_0.6049,grid,0.6049,41490.25504775224,grid,,1.5,0.6376168425173147,0.19065045039609138,0.03583980652232947,0.0005077877139030296,3.6899622024959244,0.46320312491579485
59,grid_0.6500,grid,0.65,57557.79677428673,grid,,1.5,0.6375712678189774,0.19060681645002753,0.03583939619220896,0.0004915622850055201,3.6804462051503632,0.4623389536885777
59,grid_0.7139,grid,0.7139,89489.43463897685,grid,,1.5,0.637402345665566,0.19054811615351763,0.03583888968752578,0.0004696948821286684,3.668761461656598,0.46117982702489974
59,grid_0.7892,grid,0.7892,156367.59463751243,grid,,1.5,0.6371204856814567,0.1904920661376706,0.03583841249409593,0.00044881476730274095,3.656857818586206,0.4601445995742237
59,grid_0.8000,grid,0.8,168655.02697053453,grid,,1.5,0.6370580350375762,0.19048352693370985,0.035838352815948125,0.0004456212171572438,3.655385551056935,0.4600053767196299
59,grid_0.8904,grid,0.8904,306032.2792865212,grid,,1.5,0.6363491117171768,0.19040998432212491,0.035837956353270646,0.00041800577628120505,3.6451122268614315,0.45892676582822284
59,grid_0.9500,grid,0.95,438905.7428349337,grid,,1.5,0.6356784230680552,0.1903611615898726,0.03583773812246641,0.0003996337193791777,3.6404085408736258,0.4583085370126442
59,grid_1.0112,grid,1.0112,621256.122035808,grid,,1.5,0.6346863901532483,0.19030096105075403,0.03583789095046012,0.0003765648263804877,3.6380081355572016,0.45763970171242385
59,grid_1.1500,grid,1.15,2000457.7651723595,grid,,1.5,0.6316530225262398,0.19015499052427196,0.035838621501428775,0.00032029891985718706,3.6395556264013886,0.45621302056028423
59,grid_1.3368,grid,1.3368,7861249.507689291,grid,,1.5,0.6262680061040149,0.18999074153009823,0.03583891497857323,0.0002575668885833604,3.655917801044104,0.45476734377491007
59,grid_1.8039,grid,1.8039,,grid,,1.5,0.6110397459765213,0.1896924496938522,0.03582590811367776,0.00015731735717688933,3.742921556833806,0.45342656445474516
59,grid_0.1645,grid,0.1645,425.84907288316776,grid,,1.55,0.646421107906943,0.19766502422619725,0.038013419834914,0.0010580419674291464,3.8573455465154343,0.4866450247561168
59,rtp475,rtp,0.17067565915538488,475.0,grid,,1.55,0.6463530933861699,0.1975985388558501,0.03801255141204612,0.0010326311459207815,3.8535991190582006,0.4856180869635871
59,grid_0.2109,grid,0.2109,847.6432893988975,grid,,1.55,0.6462273884389058,0.1972647261812636,0.03800850323650235,0.0009048689588665448,3.8303164835814774,0.480280053969283
59,grid_0.2423,grid,0.2423,1260.137007450062,grid,,1.55,0.6463608610373005,0.1970844481470406,0.038006528952831325,0.0008357507485922122,3.813608816266459,0.4772643894467155
59,grid_0.2700,grid,0.27,1801.1659414940887,grid,,1.55,0.6465622105674466,0.19696120944796755,0.038005262539895925,0.0007884554873102134,3.7999354349301675,0.47514274221992103
59,grid_0.2850,grid,0.285,2152.991147741227,grid,,1.55,0.6466957025587742,0.19690605510262565,0.0380047073551915,0.0007672871808867554,3.7928932154897486,0.4741712258996563
59,rtp2500,rtp,0.29742159172259214,2500.0,grid,,1.55,0.6468089423385807,0.1968635985519982,0.03800430017831044,0.0007509762565318656,3.7872809740683326,0.47342121160421574
59,grid_0.3100,grid,0.31,2841.510060349744,grid,,1.55,0.6469249294212948,0.1968230896500929,0.03800392505051977,0.0007354035688887373,3.781789621887976,0.47270450770061745
59,grid_0.3300,grid,0.33,3492.6305829757653,grid,,1.55,0.6471233645527857,0.19676698553917607,0.03800339504811967,0.0007138515500546561,3.773354030455587,0.47169402085619044
59,grid_0.3434,grid,0.3434,4000.082804923493,grid,,1.55,0.6472560095462766,0.1967323749146591,0.03800308227419412,0.0007005450653678746,3.767942278167596,0.47106534446793336
59,grid_0.3600,grid,0.36,4804.517680672621,grid,,1.55,0.6474195852712045,0.1966922955694002,0.03800272650726631,0.0006851326290939763,3.7614825407072146,0.47033434789223383
59,rtp5000,rtp,0.36291735812991166,5000.0,grid,,1.55,0.647447345252753,0.19668536699713676,0.03800266747276819,0.0006824661180301894,3.7603789271332393,0.47020837417010164
59,grid_0.3649,grid,0.3649,5063.3729309639475,grid,,1.55,0.6474660079853402,0.19668067064857475,0.038002628119511044,0.0006806580872620871,3.7596343613502907,0.4701230729995891
59,grid_0.4000,grid,0.4,7232.03988920467,grid,,1.55,0.6478104324956768,0.19660820654792624,0.03800198510714253,0.0006528017748494985,3.7468995080753644,0.4687840753975922
59,rtp10000,rtp,0.4338916577457687,10000.0,grid,,1.55,0.6481128947091185,0.19654426790880386,0.03800146560203045,0.0006281836457772139,3.735630361995863,0.46760362603446026
59,grid_0.4500,grid,0.45,11423.864341855095,grid,,1.55,0.6482533738218009,0.19651724078102864,0.038001242434724615,0.0006177834894641743,3.730547215870642,0.46710160715504245
59,grid_0.4898,grid,0.4898,15874.041969292708,grid,,1.55,0.6485850328599442,0.1964579338100231,0.038000739492055305,0.0005949802648481106,3.7187145154316132,0.465971888288474
59,grid_0.5000,grid,0.5,17435.464913185435,grid,,1.55,0.6486623134688512,0.19644359020188232,0.038000617025840726,0.0005894671055643452,3.7158585178276287,0.46569792130283977
59,grid_0.5500,grid,0.55,26906.25246402092,grid,,1.55,0.6490126487320205,0.19637922324653484,0.03800006710570078,0.0005647322172115943,3.702697008551605,0.4644671385052814
59,grid_0.5971,grid,0.5971,39110.07705897521,grid,,1.55,0.6492677730387112,0.19632208475986962,0.037999590408858565,0.0005427705556028672,3.691643691941696,0.46338880099759
59,grid_0.6049,grid,0.6049,41490.25504775224,grid,,1.55,0.6492976389217935,0.19631199099072133,0.03799951551209717,0.0005388822946438832,3.6899622024959244,0.46320312491579485
59,grid_0.6500,grid,0.65,57557.79677428673,grid,,1.55,0.6494948695835034,0.19626594026821076,0.0379991527261098,0.0005211665832550727,3.6804462051503632,0.4623389536885777
59,grid_0.7139,grid,0.7139,89489.43463897685,grid,,1.55,0.6496394938450539,0.1962042055338776,0.037998704726888745,0.0004973855422913398,3.668761461656598,0.46117982702489974
59,grid_0.7892,grid,0.7892,156367.59463751243,grid,,1.55,0.6496910876778071,0.19614554463105854,0.03799828200864544,0.0004747926699691374,3.656857818586206,0.4601445995742237
59,grid_0.8000,grid,0.8,168655.02697053453,grid,,1.55,0.6496730973240303,0.19613662993997658,0.037998229023535876,0.0004713485806754347,3.655385551056935,0.4600053767196299
59,grid_0.8904,grid,0.8904,306032.2792865212,grid,,1.55,0.6493080791169425,0.196060059226358,0.03799787553350705,0.0004416712903359543,3.6451122268614315,0.45892676582822284
59,grid_0.9500,grid,0.95,438905.7428349337,grid,,1.55,0.6488387824282256,0.19600959091589182,0.037997678871898824,0.000422080859116436,3.6404085408736258,0.4583085370126442
59,grid_1.0112,grid,1.0112,621256.122035808,grid,,1.55,0.6480296165787611,0.19594702665593014,0.037997809218170024,0.0003974280371297767,3.6380081355572016,0.45763970171242385
59,grid_1.1500,grid,1.15,2000457.7651723595,grid,,1.55,0.6453402695351934,0.19579531151096988,0.03799843944682152,0.00033736456285621275,3.6395556264013886,0.45621302056028423
59,grid_1.3368,grid,1.3368,7861249.507689291,grid,,1.55,0.6402933761152169,0.195625357197856,0.03799866360327521,0.00027061677551354357,3.655917801044104,0.45476734377491007
59,grid_1.8039,grid,1.8039,,grid,,1.55,0.6255658203435744,0.1953312147910267,0.03798727281200913,0.00016701065972907214,3.742921556833806,0.45342656445474516
59,grid_0.1645,grid,0.1645,425.84907288316776,grid,,1.6,0.6545232487621467,0.2037324382779585,0.04037035588161389,0.0011365505250682806,3.8573455465154343,0.4866450247561168
59,rtp475,rtp,0.17067565915538488,475.0,grid,,1.6,0.6545698566791859,0.20366292977232983,0.04036963302286604,0.001108955940582912,3.8535991190582006,0.4856180869635871
59,grid_0.2109,grid,0.2109,847.6432893988975,grid,,1.6,0.6551149792473466,0.20331318907086063,0.0403662601858132,0.0009699926643503276,3.8303164835814774,0.480280053969283
59,grid_0.2423,grid,0.2423,1260.137007450062,grid,,1.6,0.6556986551549313,0.20312379419095142,0.04036461231098192,0.0008946634555460631,3.813608816266459,0.4772643894467155
59,grid_0.2700,grid,0.27,1801.1659414940887,grid,,1.6,0.6562557198505948,0.20299412311812584,0.0403635535768386,0.0008430604436582279,3.7999354349301675,0.47514274221992103
59,grid_0.2850,grid,0.285,2152.991147741227,grid,,1.6,0.6565684183137802,0.20293603747025835,0.04036308910547583,0.0008199461986542755,3.7928932154897486,0.4741712258996563
59,rtp2500,rtp,0.29742159172259214,2500.0,grid,,1.6,0.6568234549880633,0.20289129677764786,0.04036274822653816,0.0008021300815774235,3.7872809740683326,0.47342121160421574
59,grid_0.3100,grid,0.31,2841.510060349744,grid,,1.6,0.6570774228944603,0.2028485952142291,0.04036243396636508,0.0007851186140210853,3.781789621887976,0.47270450770061745
59,grid_0.3300,grid,0.33,3492.6305829757653,grid,,1.6,0.6574852059710663,0.2027894344614393,0.04036198961374232,0.0007615651154480596,3.773354030455587,0.47169402085619044
59,grid_0.3434,grid,0.3434,4000.082804923493,grid,,1.6,0.6577514602722317,0.20275292270204007,0.04036172718208517,0.0007470204821342641,3.767942278167596,0.47106534446793336
59,grid_0.3600,grid,0.36,4804.517680672621,grid,,1.6,0.6580738258124519,0.20271063850361262,0.04036142848555046,0.0007301744769918628,3.7614825407072146,0.47033434789223383
59,rtp5000,rtp,0.36291735812991166,5000.0,grid,,1.6,0.6581287320209561,0.20270332794594983,0.04036137889574001,0.0007272602646232751,3.7603789271332393,0.47020837417010164
59,grid_0.3649,grid,0.3649,5063.3729309639475,grid,,1.6,0.658165716896625,0.20269837233402516,0.04036134583699158,0.00072528430987151,3.7596343613502907,0.4701230729995891
59,grid_0.4000,grid,0.4,7232.03988920467,grid,,1.6,0.658820408706799,0.20262191621046302,0.04036080523795318,0.0006948356908467179,3.7468995080753644,0.4687840753975922
59,rtp10000,rtp,0.4338916577457687,10000.0,grid,,1.6,0.6593977667825461,0.20255444514772808,0.04036036840742727,0.0006679348416767095,3.735630361995863,0.46760362603446026
59,grid_0.4500,grid,0.45,11423.864341855095,grid,,1.6,0.6596617457500398,0.20252593006238684,0.040360180701489175,0.0006565716461456317,3.730547215870642,0.46710160715504245
59,grid_0.4898,grid,0.4898,15874.041969292708,grid,,1.6,0.6602810345046008,0.20246339934381996,0.04035975742988571,0.0006316706439694064,3.7187145154316132,0.465971888288474
59,grid_0.5000,grid,0.5,17435.464913185435,grid,,1.6,0.6604281925499533,0.20244828947918586,0.040359654308603686,0.0006256556044445527,3.7158585178276287,0.46569792130283977
59,grid_0.5500,grid,0.55,26906.25246402092,grid,,1.6,0.661101745765165,0.20238053266122066,0.04035919115733797,0.0005986888429014292,3.702697008551605,0.4644671385052814
59,grid_0.5971,grid,0.5971,39110.07705897521,grid,,1.6,0.6616342608157295,0.2023205018627796,0.04035878953899148,0.0005747959350155263,3.691643691941696,0.46338880099759
59,grid_0.6049,grid,0.6049,41490.25504775224,grid,,1.6,0.6617075888723174,0.20230990689049672,0.04035872638980645,0.0005705720362350064,3.6899622024959244,0.46320312491579485
59,grid_0.6500,grid,0.65,57557.79677428673,grid,,1.6,0.6621472763842559,0.20226159040163805,0.04035842078145958,0.000551330170340425,3.6804462051503632,0.4623389536885777
59,grid_0.7139,grid,0.7139,89489.43463897685,grid,,1.6,0.6626050490047135,0.20219702647020574,0.04035804313246605,0.0005255943809270303,3.668761461656598,0.46117982702489974
59,grid_0.7892,grid,0.7892,156367.59463751243,grid,,1.6,0.6629896879657323,0.20213594850151445,0.04035768588313997,0.000501255793466937,3.656857818586206,0.4601445995742237
59,grid_0.8000,grid,0.8,168655.02697053453,grid,,1.6,0.663016110344888,0.20212668622213023,0.04035764093523444,0.0004975563479050482,3.655385551056935,0.4600053767196299
59,grid_0.8904,grid,0.8904,306032.2792865212,grid,,1.6,0.6629947025283423,0.20204731970519688,0.040357338964466784,0.0004657804355872597,3.6451122268614315,0.45892676582822284
59,grid_0.9500,grid,0.95,438905.7428349337,grid,,1.6,0.6627267134309972,0.20199535673123978,0.040357168041447,0.000444956099533822,3.6404085408736258,0.4583085370126442
59,grid_1.0112,grid,1.0112,621256.122035808,grid,,1.6,0.662100462916099,0.20193059406816172,0.04035727109409897,0.00041869372662173276,3.6380081355572016,0.45763970171242385
59,grid_1.1500,grid,1.15,2000457.7651723595,grid,,1.6,0.6597555786380106,0.20177350913691505,0.04035777983291601,0.0003547691565087274,3.6395556264013886,0.45621302056028423
59,grid_1.3368,grid,1.3368,7861249.507689291,grid,,1.6,0.6550481696845942,0.2015982849184997,0.04035791873456359,0.0002839497475169983,3.655917801044104,0.45476734377491007
59,grid_1.8039,grid,1.8039,,grid,,1.6,0.6408272886480849,0.20130918355651609,0.0403484773384335,0.0001769100457575945,3.742921556833806,0.45342656445474516
59,grid_0.1645,grid,0.1645,425.84907288316776,grid,,1.65,0.6638993305083496,0.2096285749547343,0.04271255414182923,0.0012315852957234252,3.8573455465154343,0.4866450247561168
59,rtp475,rtp,0.17067565915538488,475.0,grid,,1.65,0.6640759281380565,0.2095545394711781,0.04271198061344059,0.001201124399536957,3.8535991190582006,0.4856180869635871
59,grid_0.2109,grid,0.2109,847.6432893988975,grid,,1.65,0.6653812676118174,0.20918120163010648,0.042709298608078435,0.0010474765073368308,3.8303164835814774,0.480280053969283
59,grid_0.2423,grid,0.2423,1260.137007450062,grid,,1.65,0.6664747233731619,0.20897841430408468,0.04270798284802686,0.0009639947970228047,3.813608816266459,0.4772643894467155
59,grid_0.2700,grid,0.27,1801.1659414940887,grid,,1.65,0.6674344006511487,0.2088393022792295,0.04270713442089946,0.0009067197555759354,3.7999354349301675,0.47514274221992103
59,grid_0.2850,grid,0.285,2152.991147741227,grid,,1.65,0.6679498824761139,0.20877688190182322,0.04270676157366892,0.0008810248429789169,3.7928932154897486,0.4741712258996563
59,rtp2500,rtp,0.29742159172259214,2500.0,grid,,1.65,0.6683653473302451,0.2087287714597376,0.042706487513604015,0.0008612125214873534,3.7872809740683326,0.47342121160421574
59,grid_0.3100,grid,0.31,2841.510060349744,grid,,1.65,0.6687754115875875,0.20868283961871623,0.04270623447224794,0.0008422930790829009,3.781789621887976,0.47270450770061745
59,grid_0.3300,grid,0.33,3492.6305829757653,grid,,1.65,0.6694200075581184,0.20861913489047165,0.042705876056126246,0.0008160673863225609,3.773354030455587,0.47169402085619044
59,grid_0.3434,grid,0.3434,4000.082804923493,grid,,1.65,0.6698373778305706,0.20857979024923182,0.04270566401531778,0.0007998648850957579,3.767942278167596,0.47106534446793336
59,grid_0.3600,grid,0.36,4804.517680672621,grid,,1.65,0.6703393300811402,0.2085342143718843,0.04270542233028089,0.0007810962334180993,3.7614825407072146,0.47033434789223383
59,rtp5000,rtp,0.36291735812991166,5000.0,grid,,1.65,0.670424936024149,0.20852633546558616,0.042705382160369815,0.0007778504223363569,3.7603789271332393,0.47020837417010164
59,grid_0.3649,grid,0.3649,5063.3729309639475,grid,,1.65,0.670482640830791,0.2085209940615685,0.04270535537884583,0.0007756495855788526,3.7596343613502907,0.4701230729995891
59,grid_0.4000,grid,0.4,7232.03988920467,grid,,1.65,0.6714882060057908,0.20843852543825175,0.04270491665505837,0.0007417022318143562,3.7468995080753644,0.4687840753975922
59,rtp10000,rtp,0.4338916577457687,10000.0,grid,,1.65,0.6723763893227563,0.20836571716213145,0.042704561923065994,0.0007117101654233737,3.735630361995863,0.46760362603446026
59,grid_0.4500,grid,0.45,11423.864341855095,grid,,1.65,0.6727800050328172,0.20833492548592306,0.042704409391689124,0.0006990317855359862,3.730547215870642,0.46710160715504245
59,grid_0.4898,grid,0.4898,15874.041969292708,grid,,1.65,0.6737245012617711,0.20826740172831304,0.04270406499414841,0.0006712456285141166,3.7187145154316132,0.465971888288474
59,grid_0.5000,grid,0.5,17435.464913185435,grid,,1.65,0.6739506668368797,0.2082511022104885,0.04270398099019015,0.0006645405816931849,3.7158585178276287,0.46569792130283977
59,grid_0.5500,grid,0.55,26906.25246402092,grid,,1.65,0.6749896531962813,0.20817802317569173,0.04270360352635956,0.0006344858069792791,3.702697008551605,0.4644671385052814
59,grid_0.5971,grid,0.5971,39110.07705897521,grid,,1.65,0.6758357825080739,0.2081134455734291,0.042703275965511704,0.000607930262932932,3.691643691941696,0.46338880099759
59,grid_0.6049,grid,0.6049,41490.25504775224,grid,,1.65,0.675958242120151,0.20810207587458343,0.0427032243738879,0.0006032496094229844,3.6899622024959244,0.46320312491579485
59,grid_0.6500,grid,0.65,57557.79677428673,grid,,1.65,0.6766719721754048,0.20805004271457542,0.042702975190546354,0.0005818450829903066,3.6804462051503632,0.4623389536885777
59,grid_0.7139,grid,0.7139,89489.43463897685,grid,,1.65,0.6774835947638029,0.2079807250595971,0.04270266680503673,0.0005533151912789913,3.668761461656598,0.46117982702489974
59,grid_0.7892,grid,0.7892,156367.59463751243,grid,,1.65,0.6782444212340517,0.20791524068870176,0.0427023734424538,0.0005263738681869912,3.656857818586206,0.4601445995742237
59,grid_0.8000,grid,0.8,168655.02697053453,grid,,1.65,0.6783209842264327,0.2079053475459533,0.04270233623025584,0.0005222973079477833,3.655385551056935,0.4600053767196299
59,grid_0.8904,grid,0.8904,306032.2792865212,grid,,1.65,0.6786872349550689,0.20782084722772418,0.042702082483896564,0.0004874220585525113,3.6451122268614315,0.45892676582822284
59,grid_0.9500,grid,0.95,438905.7428349337,grid,,1.65,0.6786461263197994,0.20776601141307846,0.04270193368051457,0.0004647818179848717,3.6404085408736258,0.4583085370126442
59,grid_1.0112,grid,1.0112,621256.122035808,grid,,1.65,0.6782252024810911,0.20769691508965948,0.04270200558739394,0.00043600295036727577,3.6380081355572016,0.45763970171242385
59,grid_1.1500,grid,1.15,2000457.7651723595,grid,,1.65,0.676265238113572,0.20752885843310573,0.04270238061006121,0.00036584647248683044,3.6395556264013886,0.45621302056028423
59,grid_1.3368,grid,1.3368,7861249.507689291,grid,,1.65,0.6719354709319212,0.20734256415544272,0.04270240423408799,0.00028853467646589026,3.655917801044104,0.45476734377491007
59,grid_1.8039,grid,1.8039,,grid,,1.65,0.6582987591592492,0.20707370670774053,0.042694982736632,0.00018453727305134393,3.742921556833806,0.45342656445474516
59,grid_0.1645,grid,0.1645,425.84907288316776,grid,,1.7,0.6739017308799328,0.21565070025849511,0.04517412750306632,0.0013310970189129856,3.8573455465154343,0.4866450247561168
59,rtp475,rtp,0.17067565915538488,475.0,grid,,1.7,0.6742091196148265,0.2155721972754313,0.04517371923746102,0.0012976530006964526,3.8535991190582006,0.4856180869635871
59,grid_0.2109,grid,0.2109,847.6432893988975,grid,,1.7,0.6762791057184971,0.21517563155765596,0.04517180204511407,0.0011287503711220337,3.8303164835814774,0.480280053969283
59,grid_0.2423,grid,0.2423,1260.137007450062,grid,,1.7,0.6778851083349774,0.21495971318542922,0.045170854215442126,0.0010368240773198645,3.813608816266459,0.4772643894467155
59,grid_0.2700,grid,0.27,1801.1659414940887,grid,,1.7,0.6792494942987227,0.21481137217174132,0.045170238916961876,0.0009736866973444891,3.7999354349301675,0.47514274221992103
59,grid_0.2850,grid,0.285,2152.991147741227,grid,,1.7,0.6799687866593296,0.21474472453566837,0.045169967669103354,0.0009453290467967279,3.7928932154897486,0.4741712258996563
59,rtp2500,rtp,0.29742159172259214,2500.0,grid,,1.7,0.6805454839731214,0.21469333103952337,0.045169767723041335,0.0009234586698050329,3.7872809740683326,0.47342121160421574
59,grid_0.3100,grid,0.31,2841.510060349744,grid,,1.7,0.6811124208271593,0.21464425430505954,0.04516958260239894,0.000902573303776133,3.781789621887976,0.47270450770061745
59,grid_0.3300,grid,0.33,3492.6305829757653,grid,,1.7,0.681994987601905,0.21457613356810223,0.045169319560425795,0.00087359753661026,3.773354030455587,0.47169402085619044
59,grid_0.3434,grid,0.3434,4000.082804923493,grid,,1.7,0.6825642066054032,0.21453403972332294,0.04516916346179835,0.0008556907382099577,3.767942278167596,0.47106534446793336
59,grid_0.3600,grid,0.36,4804.517680672621,grid,,1.7,0.6832466100540527,0.21448527205995535,0.04516898508544597,0.0008349468451870901,3.7614825407072146,0.47033434789223383
59,rtp5000,rtp,0.36291735812991166,5000.0,grid,,1.7,0.6833630633909112,0.21447684214705978,0.04516895537808719,0.0008313604392876095,3.7603789271332393,0.47020837417010164
59,grid_0.3649,grid,0.3649,5063.3729309639475,grid,,1.7,0.6834415878092117,0.21447112676068958,0.045168935568706346,0.0008289286452934364,3.7596343613502907,0.4701230729995891
59,grid_0.4000,grid,0.4,7232.03988920467,grid,,1.7,0.6847996897032371,0.2143828398926377,0.04516861003566575,0.0007913920047665779,3.7468995080753644,0.4687840753975922
59,rtp10000,rtp,0.4338916577457687,10000.0,grid,,1.7,0.6860001658053664,0.21430487200817522,0.04516834653872876,0.000758231627711603,3.735630361995863,0.46760362603446026
59,grid_0.4500,grid,0.45,11423.864341855095,grid,,1.7,0.6865440715070783,0.21427188263407435,0.04516823310201828,0.0007442065855322588,3.730547215870642,0.46710160715504245
59,grid_0.4898,grid,0.4898,15874.041969292708,grid,,1.7,0.6878152914032247,0.21419954944311945,0.04516797639109782,0.0007134705905375571,3.7187145154316132,0.465971888288474
59,grid_0.5000,grid,0.5,17435.464913185435,grid,,1.7,0.6881208337198107,0.21418210452001485,0.045167913645393465,0.0007060602512291014,3.7158585178276287,0.46569792130283977
59,grid_0.5500,grid,0.55,26906.25246402092,grid,,1.7,0.6895269590475677,0.2141039076922579,0.04516763147393814,0.0006728518151567497,3.702697008551605,0.4644671385052814
59,grid_0.5971,grid,0.5971,39110.07705897521,grid,,1.7,0.6906881861462705,0.21403495844678785,0.04516738628447984,0.0006435771528383594,3.691643691941696,0.46338880099759
59,grid_0.6049,grid,0.6049,41490.25504775224,grid,,1.7,0.6908600153984684,0.21402284290659232,0.04516734755231131,0.0006384297335085831,3.6899622024959244,0.46320312491579485
59,grid_0.6500,grid,0.65,57557.79677428673,grid,,1.7,0.6918490906658948,0.21396725433435865,0.045167161125075336,0.0006148248023087888,3.6804462051503632,0.4623389536885777
59,grid_0.7139,grid,0.7139,89489.43463897685,grid,,1.7,0.693016306018451,0.21389340725726666,0.04516692979815949,0.000583459869963443,3.668761461656598,0.46117982702489974
59,grid_0.7892,grid,0.7892,156367.59463751243,grid,,1.7,0.6941552023398044,0.21382376397850678,0.04516670759515318,0.0005538944467829987,3.656857818586206,0.4601445995742237
59,grid_0.8000,grid,0.8,168655.02697053453,grid,,1.7,0.6942821665951775,0.21381327570851832,0.045166679015031436,0.0005494378541754386,3.655385551056935,0.4600053767196299
59,grid_0.8904,grid,0.8904,306032.2792865212,grid,,1.7,0.6950381892648937,0.21372395276490752,0.04516647928326193,0.0005114487021944947,3.6451122268614315,0.45892676582822284
59,grid_0.9500,grid,0.95,438905.7428349337,grid,,1.7,0.6952253120833192,0.21366645367977033,0.04516635555734303,0.00048699787074640843,3.6404085408736258,0.4583085370126442
59,grid_1.0112,grid,1.0112,621256.122035808,grid,,1.7,0.6950111142696737,0.2135933436201665,0.045166393437347026,0.0004557230014954894,3.6380081355572016,0.45763970171242385
59,grid_1.1500,grid,1.15,2000457.7651723595,grid,,1.7,0.6934391892042617,0.21341516550503156,0.045166621758777295,0.0003794111087627172,3.6395556264013886,0.45621302056028423
59,grid_1.3368,grid,1.3368,7861249.507689291,grid,,1.7,0.6894912697137037,0.21321877356675006,0.045166521724305166,0.00029572367700386737,3.655917801044104,0.45476734377491007
59,grid_1.8039,grid,1.8039,,grid,,1.7,0.676448853213191,0.2129662568335486,0.04516133277207076,0.00019329377762222766,3.742921556833806,0.45342656445474516
59,grid_0.1645,grid,0.1645,425.84907288316776,grid,,1.75,0.684646954750609,0.22169971707291483,0.047715206490060044,0.0014355580601504436,3.8573455465154343,0.4866450247561168
59,rtp475,rtp,0.17067565915538488,475.0,grid,,1.75,0.6850881606684828,0.22161671444296266,0.047714975621408,0.0013989924990856495,3.8535991190582006,0.4856180869635871
59,grid_0.2109,grid,0.2109,847.6432893988975,grid,,1.75,0.6879400753402093,0.22119681939259314,0.04771387961583852,0.001214153293560949,3.8303164835814774,0.480280053969283
59,grid_0.2423,grid,0.2423,1260.137007450062,grid,,1.75,0.6900698844168945,0.22096776757105455,0.04771332703460948,0.0011134272707261084,3.813608816266459,0.4772643894467155
59,grid_0.2700,grid,0.27,1801.1659414940887,grid,,1.75,0.6918477274354021,0.22081022414662346,0.04771296228680012,0.0010441928008819712,3.7999354349301675,0.47514274221992103
59,grid_0.2850,grid,0.285,2152.991147741227,grid,,1.75,0.692775189917406,0.22073937119387543,0.04771280025684912,0.0010130697382184084,3.7928932154897486,0.4741712258996563
59,rtp2500,rtp,0.29742159172259214,2500.0,grid,,1.75,0.69351655579159,0.22068471512872934,0.04771267999855318,0.0009890634928952369,3.7872809740683326,0.47342121160421574
59,grid_0.3100,grid,0.31,2841.510060349744,grid,,1.75,0.6942436988041607,0.22063251561219466,0.0477125679210323,0.0009661390243330126,3.781789621887976,0.47270450770061745
59,grid_0.3300,grid,0.33,3492.6305829757653,grid,,1.75,0.6953692615427298,0.22056001699623012,0.04771240746971361,0.0009343136276637187,3.773354030455587,0.47169402085619044
59,grid_0.3434,grid,0.3434,4000.082804923493,grid,,1.75,0.6960935262802732,0.22051520172696346,0.0477123115598997,0.0009146426327836799,3.767942278167596,0.47106534446793336
59,grid_0.3600,grid,0.36,4804.517680672621,grid,,1.75,0.6969601704814463,0.22046327721886028,0.04771220131113011,0.0008918552909499278,3.7614825407072146,0.47033434789223383
59,rtp5000,rtp,0.36291735812991166,5000.0,grid,,1.75,0.6971081189678975,0.22045430248303471,0.047712182864435175,0.0008879166188461851,3.7603789271332393,0.47020837417010164
59,grid_0.3649,grid,0.3649,5063.3729309639475,grid,,1.75,0.6972079002334189,0.22044821736128153,0.047712170559143056,0.0008852459786237721,3.7596343613502907,0.4701230729995891
59,grid_0.4000,grid,0.4,7232.03988920467,grid,,1.75,0.6989259030152061,0.2203541870787783,0.04771196688247823,0.000844000880670992,3.7468995080753644,0.4687840753975922
59,rtp10000,rtp,0.4338916577457687,10000.0,grid,,1.75,0.7004451897618997,0.22027113192734185,0.047711801619383785,0.000807569941168651,3.735630361995863,0.46760362603446026
59,grid_0.4500,grid,0.45,11423.864341855095,grid,,1.75,0.7011323047582909,0.2202359784756888,0.04771173028081081,0.0007921559343332385,3.730547215870642,0.46710160715504245
59,grid_0.4898,grid,0.4898,15874.041969292708,grid,,1.75,0.7027370394761907,0.22015891950711058,0.04771156801071689,0.0007583818278215082,3.7187145154316132,0.465971888288474
59,grid_0.5000,grid,0.5,17435.464913185435,grid,,1.75,0.7031236108425468,0.22014034959051734,0.04771152816464562,0.0007502453531895714,3.7158585178276287,0.46569792130283977
59,grid_0.5500,grid,0.55,26906.25246402092,grid,,1.75,0.704904518500292,0.22005713222825216,0.04771134865025614,0.0007137927942663103,3.702697008551605,0.4644671385052814
59,grid_0.5971,grid,0.5971,39110.07705897521,grid,,1.75,0.7063874449023448,0.2199838953312289,0.04771119220823373,0.0006817219968673349,3.691643691941696,0.46338880099759
59,grid_0.6049,grid,0.6049,41490.25504775224,grid,,1.75,0.7066096887483428,0.2199710475991328,0.04771116733441052,0.0006760944474494268,3.6899622024959244,0.46320312491579485
59,grid_0.6500,grid,0.65,57557.79677428673,grid,,1.75,0.7078798951428772,0.21991198923494082,0.04771104851835933,0.000650234490909396,3.6804462051503632,0.4623389536885777
59,grid_0.7139,grid,0.7139,89489.43463897685,grid,,1.75,0.7094102893582698,0.21983374025947647,0.04771090023019715,0.0006159731262738166,3.668761461656598,0.46117982702489974
59,grid_0.7892,grid,0.7892,156367.59463751243,grid,,1.75,0.7109353962691822,0.21976009184455494,0.04771075477464599,0.0005837431928812364,3.656857818586206,0.4601445995742237
59,grid_0.8000,grid,0.8,168655.02697053453,grid,,1.75,0.7111138684057425,0.2197490307880365,0.04771073551687705,0.000578901015404365,3.655385551056935,0.4600053767196299
59,grid_0.8904,grid,0.8904,306032.2792865212,grid,,1.75,0.7122684245752013,0.21965508694103053,0.04771059427850595,0.0005377629405657336,3.6451122268614315,0.45892676582822284
59,grid_0.9500,grid,0.95,438905.7428349337,grid,,1.75,0.712689143062957,0.2195950705586457,0.04771049794666353,0.0005114970669930496,3.6404085408736258,0.4583085370126442
59,grid_1.0112,grid,1.0112,621256.122035808,grid,,1.75,0.7126868834496535,0.21951817535655962,0.04771049965276107,0.00047772965911219156,3.6380081355572016,0.45763970171242385
59,grid_1.1500,grid,1.15,2000457.7651723595,grid,,1.75,0.7115138175075972,0.2193304941329974,0.047710571520402735,0.00039529413622207965,3.6395556264013886,0.45621302056028423
59,grid_1.3368,grid,1.3368,7861249.507689291,grid,,1.75,0.7079606653414459,0.21912472828878696,0.04771034186349346,0.0003053046841412499,3.655917801044104,0.45476734377491007
59,grid_1.8039,grid,1.8039,,grid,,1.75,0.6955397939261064,0.21888509790038663,0.04770754710447515,0.0002031389783866966,3.742921556833806,0.45342656445474516
59,grid_0.1645,grid,0.1645,425.84907288316776,grid,,1.8,0.696059072865301,0.22774452417886926,0.05032236588089694,0.0015452024125626185,3.8573455465154343,0.4866450247561168
59,rtp475,rtp,0.17067565915538488,475.0,grid,,1.8,0.6966369758916768,0.22765697316262626,0.05032232334382204,0.0015053740857466913,3.8535991190582006,0.4856180869635871
59,grid_0.2109,grid,0.2109,847.6432893988975,grid,,1.8,0.7002872889221887,0.22721355860553555,0.05032209933636155,0.001303901877829583,3.8303164835814774,0.480280053969283
59,grid_0.2423,grid,0.2423,1260.137007450062,grid,,1.8,0.7029516531901107,0.22697131878424465,0.05032196663566988,0.0011940129149893286,3.813608816266459,0.4772643894467155
59,grid_0.2700,grid,0.27,1801.1659414940887,grid,,1.8,0.705151312935037,0.22680456178735164,0.050321868152981564,0.0011184410945710432,3.7999354349301675,0.47514274221992103
59,grid_0.2850,grid,0.285,2152.991147741227,grid,,1.8,0.7062911141098699,0.22672950790460591,0.05032182221396239,0.0010844475407023602,3.7928932154897486,0.4741712258996563
59,rtp2500,rtp,0.29742159172259214,2500.0,grid,,1.8,0.7072004348751922,0.22667159601403103,0.05032178667254011,0.0010582257670079809,3.7872809740683326,0.47342121160421574
59,grid_0.3100,grid,0.31,2841.510060349744,grid,,1.8,0.7080909729007482,0.22661628254416064,0.050321752260678934,0.0010331872534559139,3.781789621887976,0.47270450770061745
59,grid_0.3300,grid,0.33,3492.6305829757653,grid,,1.8,0.7094643404873437,0.22653942520647904,0.05032170091341057,0.0009984102594713384,3.773354030455587,0.47169402085619044
59,grid_0.3434,grid,0.3434,4000.082804923493,grid,,1.8,0.7103467109633602,0.22649190432892152,0.05032166902593308,0.0009769137006082618,3.767942278167596,0.47106534446793336
59,grid_0.3600,grid,0.36,4804.517680672621,grid,,1.8,0.7114012236762308,0.22643684385671584,0.050321631255477596,0.0009520130003131122,3.7614825407072146,0.47033434789223383
59,rtp5000,rtp,0.36291735812991166,5000.0,grid,,1.8,0.7115812874220604,0.22642732804280413,0.050321624790100404,0.0009477100945032291,3.7603789271332393,0.47020837417010164
59,grid_0.3649,grid,0.3649,5063.3729309639475,grid,,1.8,0.7117027441077499,0.22642087577817274,0.050321620469221305,0.0009447925189334239,3.7596343613502907,0.4701230729995891
59,grid_0.4000,grid,0.4,7232.03988920467,grid,,1.8,0.7137876999395534,0.22632115055597757,0.05032154647500509,0.0008997167139763729,3.7468995080753644,0.4687840753975922
59,rtp10000,rtp,0.4338916577457687,10000.0,grid,,1.8,0.7156320395535887,0.22623305696716198,0.050321485767041194,0.0008599102976659667,3.735630361995863,0.46760362603446026
59,grid_0.4500,grid,0.45,11423.864341855095,grid,,1.8,0.7164651602410622,0.22619576289075577,0.05032145923952961,0.0008430639102013915,3.730547215870642,0.46710160715504245
59,grid_0.4898,grid,0.4898,15874.041969292708,grid,,1.8,0.7184099155236796,0.22611403872025532,0.05032139751188875,0.0008061609944963744,3.7187145154316132,0.465971888288474
59,grid_0.5000,grid,0.5,17435.464913185435,grid,,1.8,0.7188790986962464,0.22609435859489505,0.050321382048422916,0.00079727694001408,3.7158585178276287,0.46569792130283977
59,grid_0.5500,grid,0.55,26906.25246402092,grid,,1.8,0.721042110404401,0.22600619220851437,0.05032131184535126,0.0007574870712406812,3.702697008551605,0.4644671385052814
59,grid_0.5971,grid,0.5971,39110.07705897521,grid,,1.8,0.7228530576961831,0.22592872884987472,0.05032124991218536,0.0007225406075348495,3.691643691941696,0.46338880099759
59,grid_0.6049,grid,0.6049,41490.25504775224,grid,,1.8,0.7231267162110404,0.22591515865801437,0.05032123979946866,0.0007164191120071495,3.6899622024959244,0.46320312491579485
59,grid_0.6500,grid,0.65,57557.79677428673,grid,,1.8,0.7246835936162986,0.22585269685435325,0.05032119298152296,0.0006882476948614213,3.6804462051503632,0.4623389536885777
59,grid_0.7139,grid,0.7139,89489.43463897685,grid,,1.8,0.7265844242002761,0.22577014712576554,0.05032113313647584,0.0006510261967139774,3.668761461656598,0.46117982702489974
59,grid_0.7892,grid,0.7892,156367.59463751243,grid,,1.8,0.7285035265084245,0.22569262039036989,0.050321069481276605,0.0006160894173949938,3.656857818586206,0.4601445995742237
59,grid_0.8000,grid,0.8,168655.02697053453,grid,,1.8,0.7287345637272521,0.22568100496951013,0.050321060170618374,0.0006108558334296799,3.655385551056935,0.4600053767196299
59,grid_0.8904,grid,0.8904,306032.2792865212,grid,,1.8,0.7302960138976442,0.2255826085480894,0.050320981486538026,0.0005665317928225111,3.6451122268614315,0.45892676582822284
59,grid_0.9500,grid,0.95,438905.7428349337,grid,,1.8,0.7309554356306402,0.2255201984771229,0.050320914659473685,0.000538445261687226,3.6404085408736258,0.4583085370126442
59,grid_1.0112,grid,1.0112,621256.122035808,grid,,1.8,0.7311700612237253,0.22543971994457399,0.05032087827396729,0.0005021890547206587,3.6380081355572016,0.45763970171242385
59,grid_1.1500,grid,1.15,2000457.7651723595,grid,,1.8,0.7304060809064076,0.22524308848379687,0.05032078494868184,0.0004136639610377024,3.6395556264013886,0.45621302056028423
59,grid_1.3368,grid,1.3368,7861249.507689291,grid,,1.8,0.727259818498222,0.225028594535473,0.05032042044459953,0.0003174479140107822,3.655917801044104,0.45476734377491007
59,grid_1.8039,grid,1.8039,,grid,,1.8,0.7154858015957086,0.22479840793964012,0.050320165429530904,0.0002141587826659519,3.742921556833806,0.45342656445474516
59,grid_0.1645,grid,0.1645,425.84907288316776,grid,,1.85,0.7070513494972002,0.23348356739136222,0.05287300336621547,0.0016415728755813097,3.8573455465154343,0.4866450247561168
59,rtp475,rtp,0.17067565915538488,475.0,grid,,1.85,0.707746850714452,0.23339157767313304,0.05287311386264138,0.0015985146661127159,3.8535991190582006,0.4856180869635871
59,grid_0.2109,grid,0.2109,847.6432893988975,grid,,1.85,0.712081702585096,0.23292613767019796,0.052873598467455894,0.001380987142500123,3.8303164835814774,0.480280053969283
59,grid_0.2423,grid,0.2423,1260.137007450062,grid,,1.85,0.7152026636762102,0.23267218729175593,0.05287380701243818,0.0012625397266917693,3.813608816266459,0.4772643894467155
59,grid_0.2700,grid,0.27,1801.1659414940887,grid,,1.85,0.7177619061900069,0.23249751018315354,0.05287392494615746,0.0011811672952081187,3.7999354349301675,0.47514274221992103
59,grid_0.2850,grid,0.285,2152.991147741227,grid,,1.85,0.7190825063244158,0.23241889771386903,0.05287397337359726,0.0011445706409326517,3.7928932154897486,0.4741712258996563
59,rtp2500,rtp,0.29742159172259214,2500.0,grid,,1.85,0.7201347623800055,0.23235827025828815,0.05287400669901177,0.0011163590584118976,3.7872809740683326,0.47342121160421574
59,grid_0.3100,grid,0.31,2841.510060349744,grid,,1.85,0.7211643047581664,0.23230038861325378,0.052874035424201,0.001089435125667726,3.781789621887976,0.47270450770061745
59,grid_0.3300,grid,0.33,3492.6305829757653,grid,,1.85,0.7227483545967041,0.23221995869822315,0.05287407277463915,0.0010520364431653162,3.773354030455587,0.47169402085619044
59,grid_0.3434,grid,0.3434,4000.082804923493,grid,,1.85,0.7237650897254216,0.23217024928139735,0.052874092936683104,0.0010289317147030852,3.767942278167596,0.47106534446793336
59,grid_0.3600,grid,0.36,4804.517680672621,grid,,1.85,0.7249792160649567,0.23211267305459288,0.05287411409201355,0.001002178900534778,3.7614825407072146,0.47033434789223383
59,rtp5000,rtp,0.36291735812991166,5000.0,grid,,1.85,0.7251865624131775,0.23210272710244478,0.052874117367808816,0.000997558560583145,3.7603789271332393,0.47020837417010164
59,grid_0.3649,grid,0.3649,5063.3729309639475,grid,,1.85,0.7253264325475168,0.23209598341498558,0.052874119538490374,0.0009944259788788878,3.7596343613502907,0.4701230729995891
59,grid_0.4000,grid,0.4,7232.03988920467,grid,,1.85,0.7277229781793008,0.2319917520667397,0.05287415098305772,0.0009460220439378997,3.7468995080753644,0.4687840753975922
59,rtp10000,rtp,0.4338916577457687,10000.0,grid,,1.85,0.729843259171334,0.23189973543843562,0.05287417529977337,0.0009033119966430636,3.735630361995863,0.46760362603446026
59,grid_0.4500,grid,0.45,11423.864341855095,grid,,1.85,0.7308002923374399,0.23186078050650372,0.05287418521430328,0.0008852363227818127,3.730547215870642,0.46710160715504245
59,grid_0.4898,grid,0.4898,15874.041969292708,grid,,1.85,0.7330335691904265,0.2317754697985276,0.052874205254156544,0.0008456631461716269,3.7187145154316132,0.465971888288474
59,grid_0.5000,grid,0.5,17435.464913185435,grid,,1.85,0.7335728561773776,0.23175494255392357,0.05287420962078735,0.0008361437773850566,3.7158585178276287,0.46569792130283977
59,grid_0.5500,grid,0.55,26906.25246402092,grid,,1.85,0.7360600998194515,0.2316630207380928,0.05287422832035173,0.0007935268571462872,3.702697008551605,0.4644671385052814
59,grid_0.5971,grid,0.5971,39110.07705897521,grid,,1.85,0.7381494901614906,0.23158239125832902,0.052874243252299065,0.0007561606886267169,3.691643691941696,0.46338880099759
59,grid_0.6049,grid,0.6049,41490.25504775224,grid,,1.85,0.7384668195733983,0.23156828601264362,0.05287424514552074,0.0007496259413127815,3.6899622024959244,0.46320312491579485
59,grid_0.6500,grid,0.65,57557.79677428673,grid,,1.85,0.7402670596693823,0.23150327643733098,0.05287425688339606,0.0007195101178232299,3.6804462051503632,0.4623389536885777
59,grid_0.7139,grid,0.7139,89489.43463897685,grid,,1.85,0.742482647381494,0.23141754236091966,0.05287426897172539,0.0006798099406426505,3.668761461656598,0.46117982702489974
59,grid_0.7892,grid,0.7892,156367.59463751243,grid,,1.85,0.7447367003121521,0.23133714812751222,0.05287427185881787,0.0006426042449526603,3.656857818586206,0.4601445995742237
59,grid_0.8000,grid,0.8,168655.02697053453,grid,,1.85,0.7450124806287582,0.23132512707561126,0.0528742706419985,0.0006370437745492064,3.655385551056935,0.4600053767196299
59,grid_0.8904,grid,0.8904,306032.2792865212,grid,,1.85,0.7469207882783359,0.23122352351464778,0.05287424288585822,0.0005900749406706485,3.6451122268614315,0.45892676582822284
59,grid_0.9500,grid,0.95,438905.7428349337,grid,,1.85,0.7477842974534737,0.23115947972474418,0.05287420012003708,0.0005605049465773337,3.6404085408736258,0.4583085370126442
59,grid_1.0112,grid,1.0112,621256.122035808,grid,,1.85,0.7481851117411553,0.23107645334119697,0.052874132833687304,0.0005221944550590774,3.6380081355572016,0.45763970171242385
59,grid_1.1500,grid,1.15,2000457.7651723595,grid,,1.85,0.7477747610967602,0.23087342403273103,0.05287390540911159,0.0004286325154856385,3.6395556264013886,0.45621302056028423
59,grid_1.3368,grid,1.3368,7861249.507689291,grid,,1.85,0.7449860904206305,0.23065301983549166,0.05287343178838242,0.0003273837708492877,3.655917801044104,0.45476734377491007
59,grid_1.8039,grid,1.8039,,grid,,1.85,0.7338064487698798,0.230430858871478,0.05287524050589801,0.00022314021434899356,3.742921556833806,0.45342656445474516
59,grid_0.1645,grid,0.1645,425.84907288316776,grid,,1.9,0.7185600708383885,0.2390482347800688,0.055401284729842105,0.001742773821624799,3.8573455465154343,0.4866450247561168
59,rtp475,rtp,0.17067565915538488,475.0,grid,,1.9,0.7193754341728275,0.23895162761231925,0.05540155116961893,0.0016963291689575666,3.8535991190582006,0.4856180869635871
59,grid_0.2109,grid,0.2109,847.6432893988975,grid,,1.9,0.7244078107944334,0.23846335171068897,0.055402757929596376,0.0014620121794993723,3.8303164835814774,0.480280053969283
59,grid_0.2423,grid,0.2423,1260.137007450062,grid,,1.9,0.7279938724589268,0.238197330684501,0.05540331430515192,0.001334654040069605,3.813608816266459,0.4772643894467155
59,grid_0.2700,grid,0.27,1801.1659414940887,grid,,1.9,0.7309193232764307,0.23801453005939516,0.05540365286758168,0.0012472636518130464,3.7999354349301675,0.47514274221992103
59,grid_0.2850,grid,0.285,2152.991147741227,grid,,1.9,0.7324240295880047,0.23793228181292161,0.05540379750604557,0.0012079732226579765,3.7928932154897486,0.4741712258996563
59,rtp2500,rtp,0.29742159172259214,2500.0,grid,,1.9,0.7336218295029022,0.23786888663815905,0.055403901049560306,0.0011777061809170597,3.7872809740683326,0.47342121160421574
59,grid_0.3100,grid,0.31,2841.510060349744,grid,,1.9,0.7347929082912613,0.23780839195662384,0.05540399415525556,0.0011488371297396771,3.781789621887976,0.47270450770061745
59,grid_0.3300,grid,0.33,3492.6305829757653,grid,,1.9,0.7365914608045079,0.23772433735985346,0.055404121957846865,0.001108738615334559,3.773354030455587,0.47169402085619044
59,grid_0.3434,grid,0.3434,4000.082804923493,grid,,1.9,0.7377449926260977,0.2376724148203495,0.055404195203384916,0.0010839815631513705,3.767942278167596,0.47106534446793336
59,grid_0.3600,grid,0.36,4804.517680672621,grid,,1.9,0.7391216165985416,0.2376122990821116,0.05540427645928017,0.0010553282158066724,3.7614825407072146,0.47033434789223383
59,rtp5000,rtp,0.36291735812991166,5000.0,grid,,1.9,0.7393567385888457,0.23760191940913775,0.05540428967101089,0.0010503824358955027,3.7603789271332393,0.47020837417010164
59,grid_0.3649,grid,0.3649,5063.3729309639475,grid,,1.9,0.7395153549819571,0.23759488198917267,0.05540429846307482,0.0010470294843740735,3.7596343613502907,0.4701230729995891
59,grid_0.4000,grid,0.4,7232.03988920467,grid,,1.9,0.7422290995452067,0.2374861208272746,0.05540443746462956,0.0009952201209573186,3.7468995080753644,0.4687840753975922
59,rtp10000,rtp,0.4338916577457687,10000.0,grid,,1.9,0.7446302883756535,0.23739017558000833,0.05540454851740718,0.0009495469445000015,3.735630361995863,0.46760362603446026
59,grid_0.4500,grid,0.45,11423.864341855095,grid,,1.9,0.7457134593976814,0.23734956205910432,0.05540459560882382,0.0009302190008247946,3.730547215870642,0.46710160715504245
59,grid_0.4898,grid,0.4898,15874.041969292708,grid,,1.9,0.7482404359715833,0.23726068291625282,0.055404699070598744,0.0008879325872879207,3.7187145154316132,0.465971888288474
59,grid_0.5000,grid,0.5,17435.464913185435,grid,,1.9,0.7488510865267203,0.23723931353381664,0.05540472366980499,0.0008777682161915656,3.7158585178276287,0.46569792130283977
59,grid_0.5500,grid,0.55,26906.25246402092,grid,,1.9,0.7516683901484871,0.23714366844236406,0.05540483307863772,0.0008322864036641731,3.702697008551605,0.4644671385052814
59,grid_0.5971,grid,0.5971,39110.07705897521,grid,,1.9,0.754041254512288,0.23705990115474312,0.055404926440865546,0.0007924702946310314,3.691643691941696,0.46338880099759
59,grid_0.6049,grid,0.6049,41490.25504775224,grid,,1.9,0.7544030504523027,0.23704526469888812,0.055404940585607645,0.0007855169305582832,3.6899622024959244,0.46320312491579485
59,grid_0.6500,grid,0.65,57557.79677428673,grid,,1.9,0.7564510622953148,0.23697775148575148,0.055405012070783695,0.0007534426284588891,3.6804462051503632,0.4623389536885777
59,grid_0.7139,grid,0.7139,89489.43463897685,grid,,1.9,0.7589871805162809,0.23688890382111427,0.0554050975620815,0.0007112551914876253,3.668761461656598,0.46117982702489974
59,grid_0.7892,grid,0.7892,156367.59463751243,grid,,1.9,0.7615823754588157,0.23680574427943427,0.05540516837181489,0.0006717921519219239,3.656857818586206,0.4601445995742237
59,grid_0.8000,grid,0.8,168655.02697053453,grid,,1.9,0.7619037391406207,0.23679333199270652,0.05540517542068833,0.000665906655519799,3.655385551056935,0.4600053767196299
59,grid_0.8904,grid,0.8904,306032.2792865212,grid,,1.9,0.7641655444969496,0.2366886521627119,0.055405199724458204,0.0006163183381430182,3.6451122268614315,0.45892676582822284
59,grid_0.9500,grid,0.95,438905.7428349337,grid,,1.9,0.7652371918212483,0.23662306742134684,0.05540518162952702,0.0005852944063602372,3.6404085408736258,0.4583085370126442
59,grid_1.0112,grid,1.0112,621256.122035808,grid,,1.9,0.7658281140109056,0.23653767384157026,0.05540508296812209,0.0005449881782589872,3.6380081355572016,0.45763970171242385
59,grid_1.1500,grid,1.15,2000457.7651723595,grid,,1.9,0.7657794768175997,0.23632876513178236,0.05540471922367236,0.0004465660050407827,3.6395556264013886,0.45621302056028423
59,grid_1.3368,grid,1.3368,7861249.507689291,grid,,1.9,0.7633579276820438,0.23610304135402987,0.05540413541159879,0.00034051072502394586,3.655917801044104,0.45476734377491007
59,grid_1.8039,grid,1.8039,,grid,,1.9,0.7527922584652565,0.2358845186670547,0.05540804632769612,0.00023345981909195235,3.742921556833806,0.45342656445474516
59,grid_0.1645,grid,0.1645,425.84907288316776,grid,,1.95,0.7305251793804342,0.2444512344061341,0.057907473913334825,0.0018489320893478878,3.8573455465154343,0.4866450247561168
59,rtp475,rtp,0.17067565915538488,475.0,grid,,1.95,0.7314624664131525,0.24434983682318262,0.05790789837478151,0.0017989443807344685,3.8535991190582006,0.4856180869635871
59,grid_0.2109,grid,0.2109,847.6432893988975,grid,,1.95,0.737204206389811,0.2438379363963254,0.05790983697379256,0.0015471022522258737,3.8303164835814774,0.480280053969283
59,grid_0.2423,grid,0.2423,1260.137007450062,grid,,1.95,0.7412631317424401,0.2435594902028561,0.057910745898472525,0.0014104793694026396,3.813608816266459,0.4772643894467155
59,grid_0.2700,grid,0.27,1801.1659414940887,grid,,1.95,0.7445608440943746,0.24336836309124993,0.05791130811368017,0.0013168520400342887,3.7999354349301675,0.47514274221992103
59,grid_0.2850,grid,0.285,2152.991147741227,grid,,1.95,0.7462526796612229,0.24328240100980272,0.05791155028866224,0.0012747763524322275,3.7928932154897486,0.4741712258996563
59,rtp2500,rtp,0.29742159172259214,2500.0,grid,,1.95,0.7475984083351769,0.24321618473064663,0.057911725022086025,0.0012423874928459977,3.7872809740683326,0.47342121160421574
59,grid_0.3100,grid,0.31,2841.510060349744,grid,,1.95,0.7489133388159744,0.24315303059256352,0.0579118834032715,0.0012115128830766375,3.781789621887976,0.47270450770061745
59,grid_0.3300,grid,0.33,3492.6305829757653,grid,,1.95,0.7509298883924478,0.24306529622329406,0.05791210292194852,0.0011686353061691745,3.773354030455587,0.47169402085619044
59,grid_0.3434,grid,0.3434,4000.082804923493,grid,,1.95,0.7522224417431818,0.24301113354124748,0.05791222999654426,0.001142181028457756,3.767942278167596,0.47106534446793336
59,grid_0.3600,grid,0.36,4804.517680672621,grid,,1.95,0.7537642019720007,0.24294845132771037,0.05791237220073481,0.001111577801798047,3.7614825407072146,0.47033434789223383
59,rtp5000,rtp,0.36291735812991166,5000.0,grid,,1.95,0.7540275506997837,0.24293763375517177,0.057912395489027525,0.001106298405534445,3.7603789271332393,0.47020837417010164
59,grid_0.3649,grid,0.3649,5063.3729309639475,grid,,1.95,0.754205217848174,0.24293029988046366,0.05791241099621451,0.0011027196037974862,3.7596343613502907,0.4701230729995891
59,grid_0.4000,grid,0.4,7232.03988920467,grid,,1.95,0.7572412945426514,0.2428169777822817,0.05791265908569062,0.0010474256136304705,3.7468995080753644,0.4687840753975922
59,rtp10000,rtp,0.4338916577457687,10000.0,grid,,1.95,0.7599279365337448,0.24271709061747465,0.05791285811203958,0.0009987279657718284,3.735630361995863,0.46760362603446026
59,grid_0.4500,grid,0.45,11423.864341855095,grid,,1.95,0.7611392823680253,0.2426748171235266,0.05791294291192187,0.0009781239540151976,3.730547215870642,0.46710160715504245
59,grid_0.4898,grid,0.4898,15874.041969292708,grid,,1.95,0.7639646986702776,0.2425823785498214,0.0579131309932538,0.0009330793896350498,3.7187145154316132,0.465971888288474
59,grid_0.5000,grid,0.5,17435.464913185435,grid,,1.95,0.7646478658789753,0.24256016974920674,0.05791317611657514,0.0009222598321888542,3.7158585178276287,0.46569792130283977
59,grid_0.5500,grid,0.55,26906.25246402092,grid,,1.95,0.7678005640448262,0.24246082250750223,0.057913377543662645,0.0008738729073518581,3.702697008551605,0.4644671385052814
59,grid_0.5971,grid,0.5971,39110.07705897521,grid,,1.95,0.7704615061035648,0.2423739359473205,0.057913550470675645,0.0008315743559201838,3.691643691941696,0.46338880099759
59,grid_0.6049,grid,0.6049,41490.25504775224,grid,,1.95,0.7708684963008018,0.24235877051917554,0.057913577045111915,0.0008241966024544745,3.6899622024959244,0.46320312491579485
59,grid_0.6500,grid,0.65,57557.79677428673,grid,,1.95,0.7731683140267542,0.24228878848379867,0.05791370914110447,0.0007901478838424625,3.6804462051503632,0.4623389536885777
59,grid_0.7139,grid,0.7139,89489.43463897685,grid,,1.95,0.7760302417720649,0.24219688498411515,0.05791386910132321,0.0007454619946855034,3.668761461656598,0.46117982702489974
59,grid_0.7892,grid,0.7892,156367.59463751243,grid,,1.95,0.7789722377528691,0.24211104769450992,0.057914008837995835,0.0007037505777374164,3.656857818586206,0.4601445995742237
59,grid_0.8000,grid,0.8,168655.02697053453,grid,,1.95,0.7793399521705879,0.2420982565494828,0.05791402427817186,0.0006975415461273338,3.655385551056935,0.4600053767196299
59,grid_0.8904,grid,0.8904,306032.2792865212,grid,,1.95,0.7819613134597417,0.24199061444455353,0.05791410147639436,0.0006453560028581995,3.6451122268614315,0.45892676582822284
59,grid_0.9500,grid,0.95,438905.7428349337,grid,,1.95,0.7832447878927576,0.24192357088304253,0.05791410851195638,0.0006129056368461283,3.6404085408736258,0.4583085370126442
59,grid_1.0112,grid,1.0112,621256.122035808,grid,,1.95,0.7840293779828288,0.2418359750145332,0.05791397815472479,0.0005706606565051286,3.6380081355572016,0.45763970171242385
59,grid_1.1500,grid,1.15,2000457.7651723595,grid,,1.95,0.7843497708830754,0.24162166384709263,0.0579134765564209,0.00046755188381653046,3.6395556264013886,0.45621302056028423
59,grid_1.3368,grid,1.3368,7861249.507689291,grid,,1.95,0.7823039151076888,0.24139116501484115,0.05791278194418289,0.0003569126030393832,3.655917801044104,0.45476734377491007
59,grid_1.8039,grid,1.8039,,grid,,1.95,0.7723696727059498,0.24117211665911387,0.05791882241431882,0.00024516743951841224,3.742921556833806,0.45342656445474516
59,grid_0.1645,grid,0.1645,425.84907288316776,grid,,2.0,0.7428936347995921,0.24970686438613826,0.060393363185587,0.0019601549359702375,3.8573455465154343,0.4866450247561168
59,rtp475,rtp,0.17067565915538488,475.0,grid,,2.0,0.7439547263888245,0.24960051024227817,0.06039394700031223,0.0019064677128933782,3.8535991190582006,0.4856180869635871
59,grid_0.2109,grid,0.2109,847.6432893988975,grid,,2.0,0.7504166430452862,0.2490642242983203,0.06039662365586668,0.0016363641694573383,3.8303164835814774,0.480280053969283
59,grid_0.2423,grid,0.2423,1260.137007450062,grid,,2.0,0.7549555328762994,0.24877300765713056,0.06039788817086938,0.0014901211679053672,3.813608816266459,0.4772643894467155
59,grid_0.2700,grid,0.27,1801.1659414940887,grid,,2.0,0.7586310479927778,0.24857335433467118,0.06039867599449164,0.0013900364906983542,3.7999354349301675,0.47514274221992103
59,grid_0.2850,grid,0.285,2152.991147741227,grid,,2.0,0.7605127816251769,0.2484836008541764,0.06039901656464388,0.0013450833288137787,3.7928932154897486,0.4741712258996563
59,rtp2500,rtp,0.29742159172259214,2500.0,grid,,2.0,0.7620086237831605,0.24841450994971076,0.06039926311843925,0.0013105056351156996,3.7872809740683326,0.47342121160421574
59,grid_0.3100,grid,0.31,2841.510060349744,grid,,2.0,0.7634695272187423,0.2483486494543507,0.06039948735655865,0.0012775643292413097,3.781789621887976,0.47270450770061745
59,grid_0.3300,grid,0.33,3492.6305829757653,grid,,2.0,0.7657072763907402,0.2482571788205813,0.060399799413799415,0.0012318274221546632,3.773354030455587,0.47169402085619044
59,grid_0.3434,grid,0.3434,4000.082804923493,grid,,2.0,0.7671408906085555,0.24820074757411167,0.060399980803390346,0.0012036302929575582,3.767942278167596,0.47106534446793336
59,grid_0.3600,grid,0.36,4804.517680672621,grid,,2.0,0.7688502060246761,0.2481354699504525,0.0604001845091367,0.0011710269383952143,3.7614825407072146,0.47033434789223383
59,rtp5000,rtp,0.36291735812991166,5000.0,grid,,2.0,0.7691421950321254,0.24812420992037554,0.060400217965866004,0.001165405582744583,3.7603789271332393,0.47020837417010164
59,grid_0.3649,grid,0.3649,5063.3729309639475,grid,,2.0,0.7693391920828265,0.24811657660380207,0.060400240249424496,0.0011615953361658882,3.7596343613502907,0.4701230729995891
59,grid_0.4000,grid,0.4,7232.03988920467,grid,,2.0,0.7727023079447549,0.24799865742251864,0.060400598428755156,0.0011027356546166045,3.7468995080753644,0.4687840753975922
59,rtp10000,rtp,0.4338916577457687,10000.0,grid,,2.0,0.7756785713070686,0.2478948095520432,0.06040088623929847,0.0010509503635453,3.735630361995863,0.46760362603446026
59,grid_0.4500,grid,0.45,11423.864341855095,grid,,2.0,0.777019960174031,0.24785087203766387,0.06040100909609625,0.0010290456737341858,3.730547215870642,0.46710160715504245
59,grid_0.4898,grid,0.4898,15874.041969292708,grid,,2.0,0.7801481638304413,0.24775487622991987,0.060401282583003375,0.0009811961126995339,3.7187145154316132,0.465971888288474
59,grid_0.5000,grid,0.5,17435.464913185435,grid,,2.0,0.780904905253974,0.24773182903044239,0.06040134842199437,0.0009697106927739618,3.7158585178276287,0.46569792130283977
59,grid_0.5500,grid,0.55,26906.25246402092,grid,,2.0,0.7843978906039196,0.24762879235984767,0.060401642727782125,0.0009183760778144201,3.702697008551605,0.4644671385052814
59,grid_0.5971,grid,0.5971,39110.07705897521,grid,,2.0,0.7873511314340947,0.24753879760885092,0.06040189596587474,0.0008735603557609162,3.691643691941696,0.46338880099759
59,grid_0.6049,grid,0.6049,41490.25504775224,grid,,2.0,0.7878039828339829,0.24752310423283055,0.06040193508739964,0.0008657520416570641,3.6899622024959244,0.46320312491579485
59,grid_0.6500,grid,0.65,57557.79677428673,grid,,2.0,0.7903593049005638,0.2474506808964438,0.060402128362102445,0.0008297111140112001,3.6804462051503632,0.4623389536885777
59,grid_0.7139,grid,0.7139,89489.43463897685,grid,,2.0,0.7935518787193738,0.24735576905773843,0.06040236349327688,0.0007825129928683561,3.668761461656598,0.46117982702489974
59,grid_0.7892,grid,0.7892,156367.59463751243,grid,,2.0,0.7968458583884585,0.2472673298010438,0.060402572821847876,0.0007385595650902799,3.656857818586206,0.4601445995742237
59,grid_0.8000,grid,0.8,168655.02697053453,grid,,2.0,0.7972606257112023,0.2472541705535043,0.06040259673715115,0.0007320281189502342,3.655385551056935,0.4600053767196299
59,grid_0.8904,grid,0.8904,306032.2792865212,grid,,2.0,0.800247080857102,0.24714366656927864,0.0604027273949177,0.0006772645303890767,3.6451122268614315,0.45892676582822284
59,grid_0.9500,grid,0.95,438905.7428349337,grid,,2.0,0.8017457482542071,0.24707523769738735,0.060402759883632744,0.0006434131995877168,3.6404085408736258,0.4583085370126442
59,grid_1.0112,grid,1.0112,621256.122035808,grid,,2.0,0.8027272458016131,0.24698559122786476,0.06040259764593858,0.0005992846282393272,3.6380081355572016,0.45763970171242385
59,grid_1.1500,grid,1.15,2000457.7651723595,grid,,2.0,0.8034233021921567,0.2467663192058394,0.06040195727156724,0.0004916590228309925,3.6395556264013886,0.45621302056028423
59,grid_1.3368,grid,1.3368,7861249.507689291,grid,,2.0,0.8017608605348968,0.2465315501903107,0.0604011516542363,0.00037665358500138524,3.655917801044104,0.45476734377491007
59,grid_1.8039,grid,1.8039,,grid,,2.0,0.7924736022710513,0.24630802512873515,0.06040933906864723,0.0002583041741703873,3.742921556833806,0.45342656445474516
59,grid_0.1645,grid,0.1645,425.84907288316776,structure,3.0,0.3330375317620467,0.26265283999613337,0.24484721909753074,0.05976304756773003,0.00018711313206419555,3.8573455465154343,0.4866450247561168
59,rtp475,rtp,0.17067565915538488,475.0,structure,3.0,0.3330375317620467,0.26212105166887334,0.24484377223998963,0.059763503882832955,0.00018496892187495895,3.8535991190582006,0.4856180869635871
59,grid_0.2109,grid,0.2109,847.6432893988975,structure,3.0,0.3330375317620467,0.25912148096194887,0.24482560668815817,0.05976554091145011,0.00017403677877461665,3.8303164835814774,0.480280053969283
59,grid_0.2423,grid,0.2423,1260.137007450062,structure,3.0,0.3330375317620467,0.2571989621117514,0.2448151612608961,0.05976645293756673,0.0001680102456318444,3.813608816266459,0.4772643894467155
59,grid_0.2700,grid,0.27,1801.1659414940887,structure,3.0,0.3330375317620467,0.25572013807425736,0.24480774359783344,0.059766992093030505,0.00016383923243205867,3.7999354349301675,0.47514274221992103
59,grid_0.2850,grid,0.285,2152.991147741227,structure,3.0,0.3330375317620467,0.2549881272279755,0.24480429373288287,0.05976721834306551,0.00016192388699008686,3.7928932154897486,0.4741712258996563
59,rtp2500,rtp,0.29742159172259214,2500.0,structure,3.0,0.3330375317620467,0.2544127217357699,0.24480168193408633,0.05976737784402134,0.00016048563373623204,3.7872809740683326,0.47342121160421574
59,grid_0.3100,grid,0.31,2841.510060349744,structure,3.0,0.3330375317620467,0.2538557232777306,0.24479922605981602,0.05976751907257705,0.00015914200690786418,3.781789621887976,0.47270450770061745
59,grid_0.3300,grid,0.33,3492.6305829757653,structure,3.0,0.3330375317620467,0.25301959280594005,0.24479570265825254,0.05976770930094207,0.00015722673900551987,3.773354030455587,0.47169402085619044
59,grid_0.3434,grid,0.3434,4000.082804923493,structure,3.0,0.3330375317620467,0.25248872036179704,0.2447935352537877,0.05976781620814426,0.00015605869390314386,3.767942278167596,0.47106534446793336
59,grid_0.3600,grid,0.36,4804.517680672621,structure,3.0,0.3330375317620467,0.2518607095357498,0.2447910398108077,0.05976793271403556,0.00015472045762086883,3.7614825407072146,0.47033434789223383
59,rtp5000,rtp,0.36291735812991166,5000.0,structure,3.0,0.3330375317620467,0.25175340421350556,0.24479062106227822,0.05976795137402669,0.00015449678602920403,3.7603789271332393,0.47020837417010164
59,grid_0.3649,grid,0.3649,5063.3729309639475,structure,3.0,0.3330375317620467,0.2516809743808065,0.24479033942916803,0.059767963779437584,0.00015434649840971593,3.7596343613502907,0.4701230729995891
59,grid_0.4000,grid,0.4,7232.03988920467,structure,3.0,0.3330375317620467,0.2504655666727237,0.244785812269551,0.05976815501602963,0.0001519388724342402,3.7468995080753644,0.4687840753975922
59,rtp10000,rtp,0.4338916577457687,10000.0,structure,3.0,0.3330375317620467,0.24939164929613516,0.24478210464598082,0.059768304863052166,0.00014997389186374027,3.735630361995863,0.46760362603446026
59,grid_0.4500,grid,0.45,11423.864341855095,structure,3.0,0.3330375317620467,0.24891208044670882,0.24478056118910502,0.05976836764428623,0.00014915549176695853,3.730547215870642,0.46710160715504245
59,grid_0.4898,grid,0.4898,15874.041969292708,structure,3.0,0.3330375317620467,0.24779690839495502,0.24477703954934468,0.05976850256868849,0.00014729652185295483,3.7187145154316132,0.465971888288474
59,grid_0.5000,grid,0.5,17435.464913185435,structure,3.0,0.3330375317620467,0.24752558357004928,0.2447762150552109,0.059768533942684964,0.00014686151406990283,3.7158585178276287,0.46569792130283977
59,grid_0.5500,grid,0.55,26906.25246402092,structure,3.0,0.3330375317620467,0.24627158188708986,0.24477258860498674,0.05976867226029601,0.0001449478720900732,3.702697008551605,0.4644671385052814
59,grid_0.5971,grid,0.5971,39110.07705897521,structure,3.0,0.3330375317620467,0.24518656457583898,0.24476971841620293,0.059768788601507514,0.00014342645203976184,3.691643691941696,0.46338880099759
59,grid_0.6049,grid,0.6049,41490.25504775224,structure,3.0,0.3330375317620467,0.24501405043471833,0.24476928791339023,0.05976880556640676,0.0001431987392213549,3.6899622024959244,0.46320312491579485
59,grid_0.6500,grid,0.65,57557.79677428673,structure,3.0,0.3330375317620467,0.2440639379498435,0.24476706844569987,0.05976889547390154,0.0001420223216003838,3.6804462051503632,0.4623389536885777
59,grid_0.7139,grid,0.7139,89489.43463897685,structure,3.0,0.3330375317620467,0.24280935202153953,0.2447641662458566,0.05976899956911097,0.00014049750891834828,3.668761461656598,0.46117982702489974
59,grid_0.7892,grid,0.7892,156367.59463751243,structure,3.0,0.3330375317620467,0.24146493067419533,0.24476151903638582,0.059769072572852265,0.00013912862814679378,3.656857818586206,0.4601445995742237
59,grid_0.8000,grid,0.8,168655.02697053453,structure,3.0,0.3330375317620467,0.2412819380513026,0.24476128357299343,0.059769077081164454,0.00013900885513484784,3.655385551056935,0.4600053767196299
59,grid_0.8904,grid,0.8904,306032.2792865212,structure,3.0,0.3330375317620467,0.23982697099230962,0.24476018879134423,0.05976904901286114,0.00013850100431332668,3.6451122268614315,0.45892676582822284
59,grid_0.9500,grid,0.95,438905.7428349337,structure,3.0,0.3330375317620467,0.23892669681053808,0.2447596689055683,0.05976895324617283,0.00013834227659059034,3.6404085408736258,0.4583085370126442
59,grid_1.0112,grid,1.0112,621256.122035808,structure,3.0,0.3330375317620467,0.23803975636602143,0.24475979013791938,0.05976873769898091,0.0001386171693774224,3.6380081355572016,0.45763970171242385
59,grid_1.1500,grid,1.15,2000457.7651723595,structure,3.0,0.3330375317620467,0.23617275799669327,0.24476057001245347,0.059767983654776306,0.00013975297804482562,3.6395556264013886,0.45621302056028423
59,grid_1.3368,grid,1.3368,7861249.507689291,structure,3.0,0.3330375317620467,0.2338198803518216,0.244759984913127,0.05976658748762418,0.00014086272704998126,3.655917801044104,0.45476734377491007
59,grid_1.8039,grid,1.8039,,structure,3.0,0.3330375317620467,0.2281598395930838,0.24476034636975968,0.05977360953894326,0.00013401761610146862,3.742921556833806,0.45342656445474516
59,grid_0.1645,grid,0.1645,425.84907288316776,structure,5.0,0.5601013176868567,0.41824526934722733,0.17956360335942234,0.0318020222057053,0.0004410654457146501,3.8573455465154343,0.4866450247561168
59,rtp475,rtp,0.17067565915538488,475.0,structure,5.0,0.5601013176868567,0.418143705956451,0.179528566942251,0.03180081653423661,0.00042968981410168583,3.8535991190582006,0.4856180869635871
59,grid_0.2109,grid,0.2109,847.6432893988975,structure,5.0,0.5601013176868567,0.4177258447300965,0.17935299900329094,0.031795171664442665,0.0003723265870318182,3.8303164835814774,0.480280053969283
59,grid_0.2423,grid,0.2423,1260.137007450062,structure,5.0,0.5601013176868567,0.41758713152606863,0.17925854841461486,0.03179239679152118,0.0003412303881936418,3.813608816266459,0.4772643894467155
59,grid_0.2700,grid,0.27,1801.1659414940887,structure,5.0,0.5601013176868567,0.41754024790744,0.17919421922474169,0.031790604758258206,0.00031996344530657583,3.7999354349301675,0.47514274221992103
59,grid_0.2850,grid,0.285,2152.991147741227,structure,5.0,0.5601013176868567,0.4175373594102765,0.1791652724087372,0.031789816173758506,0.00031037866353850196,3.7928932154897486,0.4741712258996563
59,rtp2500,rtp,0.29742159172259214,2500.0,structure,5.0,0.5601013176868567,0.41754041601164005,0.1791432616146047,0.0317892360808691,0.0003030721010496007,3.7872809740683326,0.47342121160421574
59,grid_0.3100,grid,0.31,2841.510060349744,structure,5.0,0.5601013176868567,0.4175475096191891,0.17912245666902185,0.0317887001438276,0.00029615433931801105,3.781789621887976,0.47270450770061745
59,grid_0.3300,grid,0.33,3492.6305829757653,structure,5.0,0.5601013176868567,0.41757277836821244,0.17909344274233568,0.03178794051004561,0.00028652072325666134,3.773354030455587,0.47169402085619044
59,grid_0.3434,grid,0.3434,4000.082804923493,structure,5.0,0.5601013176868567,0.4175929395679251,0.179075662238409,0.03178749084340438,0.0002806019627203671,3.767942278167596,0.47106534446793336
59,grid_0.3600,grid,0.36,4804.517680672621,structure,5.0,0.5601013176868567,0.4176211056142656,0.17905518839440582,0.03178697804669792,0.0002737824442582415,3.7614825407072146,0.47033434789223383
59,rtp5000,rtp,0.36291735812991166,5000.0,structure,5.0,0.5601013176868567,0.41762587467781775,0.17905169539634974,0.03178689278140418,0.00027261684290302846,3.7603789271332393,0.47020837417010164
59,grid_0.3649,grid,0.3649,5063.3729309639475,structure,5.0,0.5601013176868567,0.41762905934382827,0.17904933433862316,0.03178683593489082,0.00027182819221324706,3.7596343613502907,0.4701230729995891
59,grid_0.4000,grid,0.4,7232.03988920467,structure,5.0,0.5601013176868567,0.41770137208983876,0.17901257494948314,0.03178590415415904,0.00025959783588527796,3.7468995080753644,0.4687840753975922
59,rtp10000,rtp,0.4338916577457687,10000.0,structure,5.0,0.5601013176868567,0.41776625472688683,0.1789809340931712,0.03178514935992583,0.0002490254089382582,3.735630361995863,0.46760362603446026
59,grid_0.4500,grid,0.45,11423.864341855095,structure,5.0,0.5601013176868567,0.4177991414376774,0.17896762416864695,0.03178482465930437,0.0002445858412656876,3.730547215870642,0.46710160715504245
59,grid_0.4898,grid,0.4898,15874.041969292708,structure,5.0,0.5601013176868567,0.4178786651581469,0.17893807782251903,0.031784091187730575,0.00023474450708729777,3.7187145154316132,0.465971888288474
59,grid_0.5000,grid,0.5,17435.464913185435,structure,5.0,0.5601013176868567,0.4178965062218901,0.17893101521134658,0.03178391219870428,0.00023239600585886477,3.7158585178276287,0.46569792130283977
59,grid_0.5500,grid,0.55,26906.25246402092,structure,5.0,0.5601013176868567,0.417977139537569,0.17889962878413623,0.03178310780772147,0.00022196937138027617,3.702697008551605,0.4644671385052814
59,grid_0.5971,grid,0.5971,39110.07705897521,structure,5.0,0.5601013176868567,0.41802343807920006,0.17887264599778127,0.031782409615217284,0.00021301387103028757,3.691643691941696,0.46338880099759
59,grid_0.6049,grid,0.6049,41490.25504775224,structure,5.0,0.5601013176868567,0.4180251662892007,0.17886806688435922,0.03178229957062981,0.00021148578031779386,3.6899622024959244,0.46320312491579485
59,grid_0.6500,grid,0.65,57557.79677428673,structure,5.0,0.5601013176868567,0.41805471654598536,0.17884641534382456,0.03178176863945136,0.00020427164188444036,3.6804462051503632,0.4623389536885777
59,grid_0.7139,grid,0.7139,89489.43463897685,structure,5.0,0.5601013176868567,0.41803279568573054,0.1788174604391053,0.031781111180464595,0.0001945729774263938,3.668761461656598,0.46117982702489974
59,grid_0.7892,grid,0.7892,156367.59463751243,structure,5.0,0.5601013176868567,0.41796462776878646,0.1787907773559172,0.03178048405185183,0.00018565801568132256,3.656857818586206,0.4601445995742237
59,grid_0.8000,grid,0.8,168655.02697053453,structure,5.0,0.5601013176868567,0.41794366670887834,0.17878716497858674,0.03178040420528157,0.00018444615579882306,3.655385551056935,0.4600053767196299
59,grid_0.8904,grid,0.8904,306032.2792865212,structure,5.0,0.5601013176868567,0.41766979892865086,0.1787585578822693,0.031779855894118296,0.00017476612203032316,3.6451122268614315,0.45892676582822284
59,grid_0.9500,grid,0.95,438905.7428349337,structure,5.0,0.5601013176868567,0.41738111867643685,0.17874127649292307,0.0317795294798302,0.0001689144424893707,3.6404085408736258,0.4583085370126442
59,grid_1.0112,grid,1.0112,621256.122035808,structure,5.0,0.5601013176868567,0.4169252407218416,0.17872217429724177,0.03177967176966718,0.0001619438158664832,3.6380081355572016,0.45763970171242385
59,grid_1.1500,grid,1.15,2000457.7651723595,structure,5.0,0.5601013176868567,0.4154912062727648,0.17867900027579336,0.03178043675214714,0.00014574838740982754,3.6395556264013886,0.45621302056028423
59,grid_1.3368,grid,1.3368,7861249.507689291,structure,5.0,0.5601013176868567,0.41283101125442445,0.17863000624000502,0.03178041330437367,0.00012826582493055683,3.655917801044104,0.45476734377491007
59,grid_1.8039,grid,1.8039,,structure,5.0,0.5601013176868567,0.4048762697360593,0.17853172757648952,0.031764856972426626,0.0001087207790192446,3.742921556833806,0.45342656445474516
