site,level,source,iml,rtp,T1_kind,storeys,T1,ln_saratio_mean,ln_saratio_sigma,var_within,var_between,ln_rsd595_mean,ln_rsd595_sigma
36,rtp475,rtp,0.06151882720206882,475.0,grid,,0.15,0.16492956673825446,0.22322656440085709,0.04880906834526028,0.0010210307089497106,2.1890638033614676,0.4901627496050902
36,grid_0.1645,grid,0.1645,1687.8941003886077,grid,,0.15,0.10691150515585075,0.220118360748188,0.04792581980570038,0.0005262729327690525,2.06687594202561,0.46919338195393323
36,rtp2500,rtp,0.20442171645403368,2500.0,grid,,0.15,0.09200190173009191,0.21967788129454158,0.047757327249923376,0.0005010442801353255,2.0492562085970056,0.46843814570682846
36,grid_0.2109,grid,0.2109,2645.6779770032454,grid,,0.15,0.08982212190061678,0.21961734665437213,0.04773356067981915,0.0004982182716875162,2.0468898006755056,0.46837147648629845
36,grid_0.2423,grid,0.2423,3439.7131855306598,grid,,0.15,0.08002296252904306,0.21935432666089638,0.04762898520273945,0.00048733542211578263,2.0367927443713416,0.4681669434299473
36,grid_0.2700,grid,0.27,4420.657408419983,grid,,0.15,0.07227656465968532,0.21915541559197851,0.04754879278759442,0.00048030339569839903,2.0293553812308014,0.4680891633921515
36,rtp5000,rtp,0.2847423800220127,5000.0,grid,,0.15,0.06844261472408787,0.21905939330042262,0.04750983164485102,0.00047718614829822276,2.0258280502705404,0.46807088022793336
36,grid_0.2850,grid,0.285,5010.87259475943,grid,,0.15,0.06837723706677336,0.21905777042168428,0.047509171974736794,0.00047713480738254856,2.025768715250727,0.4680706687001525
36,grid_0.3100,grid,0.31,6089.1295684619845,grid,,0.15,0.06227689685718668,0.2189083244918226,0.04744829166180212,0.0004725628700149899,2.0203436642938586,0.468063800545941
36,grid_0.3300,grid,0.33,7038.676802190931,grid,,0.15,0.057714866138399566,0.2187988389844908,0.0474035531653666,0.00046937877559452817,2.0164223422482777,0.46807274054685843
36,grid_0.3434,grid,0.3434,7753.926759972636,grid,,0.15,0.05479980658256156,0.2187297828700393,0.047375293231550535,0.0004674246828240071,2.0139727615434615,0.4680834794351354
36,grid_0.3600,grid,0.36,8903.354638349423,grid,,0.15,0.05133235260778054,0.2186485959600528,0.047342042808643015,0.0004651657066594029,2.0111112661446864,0.4681004893268823
36,grid_0.3649,grid,0.3649,9262.867544949975,grid,,0.15,0.050337399136186074,0.2186254982674026,0.047332579572381815,0.0004645289202882476,2.010300277115775,0.4681061719049737
36,rtp10000,rtp,0.37458940912102445,10000.0,grid,,0.15,0.04840640107603083,0.21858086542485466,0.04731429129830273,0.00046330343157569356,2.0087385376287665,0.4681180091757235
36,grid_0.4000,grid,0.4,12120.902809563271,grid,,0.15,0.04355751720779395,0.2184700095584635,0.047268867901113565,0.00046027717536156754,2.004885100370761,0.4681518326965795
36,grid_0.4500,grid,0.45,17112.494251084474,grid,,0.15,0.03481460740791662,0.2182743714548002,0.047188773862971746,0.0004549273710163439,1.9981599655285087,0.46822384104236325
36,grid_0.4898,grid,0.4898,21932.76192879974,grid,,0.15,0.028495222174131817,0.21813639885761224,0.04713242265571099,0.0004510658508563031,1.9934537095861347,0.4682813257127103
36,grid_0.5000,grid,0.5,23631.581721038136,grid,,0.15,0.02695510135063219,0.21810317330234905,0.04711887601182811,0.0004501181927263926,1.9923247472117938,0.4682956537824194
36,grid_0.5500,grid,0.55,33366.9097310575,grid,,0.15,0.019818777450107853,0.21795099454313702,0.047056964723054824,0.00044567129928771356,1.9871767481745326,0.46836237918797907
36,grid_0.5971,grid,0.5971,44923.92053746283,grid,,0.15,0.013649443940117785,0.2178216232834101,0.04700453771929704,0.0004417218505227829,1.982828070892233,0.4684191480138074
36,grid_0.6049,grid,0.6049,47084.64857092065,grid,,0.15,0.012673707149629877,0.21780131699876304,0.046996328336281035,0.0004410853501146269,1.98214817795412,0.4684279208085375
36,grid_0.6500,grid,0.65,61082.56738369445,grid,,0.15,0.00726144786424048,0.21768942692682147,0.04695120157717806,0.0004374850185498832,1.9784153762003716,0.46847511423218013
36,grid_0.7139,grid,0.7139,86713.10306373138,grid,,0.15,0.0001902352471406506,0.21754563588433393,0.046893505484835736,0.0004325982074834594,1.9736234008477458,0.46853293905544824
36,grid_0.7892,grid,0.7892,134629.0419446699,grid,,0.15,-0.007387353386787848,0.21739289668537196,0.04683260378100136,0.0004270677482554486,1.968598767124217,0.468587696910155
36,grid_0.8000,grid,0.8,142900.9213337607,grid,,0.15,-0.008415735808262024,0.21737219337986238,0.04682438069045641,0.0004262897643158779,1.9679261807236084,0.468594443678703
36,grid_0.8904,grid,0.8904,228565.63496793807,grid,,0.15,-0.016529333717947344,0.21720847285958014,0.04675962493409532,0.00041989574789563707,1.9627086071951894,0.4686412416987925
36,grid_0.9500,grid,0.95,303707.3568420157,grid,,0.15,-0.021453449763840532,0.21710800663667207,0.04672018091985038,0.00041570562589885455,1.9596324159461667,0.46866211943985125
36,grid_1.0112,grid,1.0112,399395.33375388547,grid,,0.15,-0.026210484424046825,0.2170092413231125,0.046681625929646975,0.00041138488998589985,1.9567401266526627,0.4686754022895646
36,grid_1.1500,grid,1.15,796649.174458646,grid,,0.15,-0.036056201480489984,0.21679878489400473,0.04660011636880975,0.0004015967627071838,1.9510436312476798,0.4686852076480237
36,grid_1.3368,grid,1.3368,1787258.3730422247,grid,,0.15,-0.047742131149429254,0.21650954846223625,0.046489249904207997,0.00038713467111343514,1.9453172636287088,0.46863908927398634
36,grid_1.8039,grid,1.8039,,grid,,0.15,-0.0736150020606444,0.21538400733413468,0.04609098888820758,0.00029928172710299173,1.9463248847218984,0.46739181216290443
36,rtp475,rtp,0.06151882720206882,475.0,grid,,0.2,0.2948466029472549,0.23142771421519445,0.05226833066333337,0.0012904562435363531,2.1890638033614676,0.4901627496050902
36,grid_0.1645,grid,0.1645,1687.8941003886077,grid,,0.2,0.2390154385811115,0.22748217379464794,0.051098328561158465,0.0006498108331799493,2.06687594202561,0.46919338195393323
36,rtp2500,rtp,0.20442171645403368,2500.0,grid,,0.2,0.2244598162089415,0.22694923714663737,0.050877045740969976,0.0006289105004706752,2.0492562085970056,0.46843814570682846
36,grid_0.2109,grid,0.2109,2645.6779770032454,grid,,0.2,0.22232584670854147,0.22687678930047986,0.05084587890770948,0.0006271986155848494,2.0468898006755056,0.46837147648629845
36,grid_0.2423,grid,0.2423,3439.7131855306598,grid,,0.2,0.21271431265546217,0.2265639801250043,0.05070886146591316,0.0006223756241701892,2.0367927443713416,0.4681669434299473
36,grid_0.2700,grid,0.27,4420.657408419983,grid,,0.2,0.20509598163740178,0.22632930003097876,0.050603913435238915,0.0006210386172738822,2.0293553812308014,0.4680891633921515
36,rtp5000,rtp,0.2847423800220127,5000.0,grid,,0.2,0.20131889623088384,0.2262165048587188,0.05055295899701413,0.0006209480734806136,2.0258280502705404,0.46807088022793336
36,grid_0.2850,grid,0.285,5010.87259475943,grid,,0.2,0.2012544546079957,0.2262146009614199,0.050552096457454065,0.0006209492306803732,2.025768715250727,0.4680706687001525
36,grid_0.3100,grid,0.31,6089.1295684619845,grid,,0.2,0.1952365302232523,0.22603964802140084,0.050472520342414236,0.0006214021352245469,2.0203436642938586,0.468063800545941
36,grid_0.3300,grid,0.33,7038.676802190931,grid,,0.2,0.19072959377744117,0.22591185230065394,0.05041407374217982,0.0006220912677326607,2.0164223422482777,0.46807274054685843
36,grid_0.3434,grid,0.3434,7753.926759972636,grid,,0.2,0.18784678173439312,0.22583137330868044,0.05037716687968967,0.0006226422907949156,2.0139727615434615,0.4680834794351354
36,grid_0.3600,grid,0.36,8903.354638349423,grid,,0.2,0.18441495510569053,0.22573685758466458,0.050333754741405265,0.0006233741307938717,2.0111112661446864,0.4681004893268823
36,grid_0.3649,grid,0.3649,9262.867544949975,grid,,0.2,0.18342970079572019,0.22570998828750932,0.05032140192264223,0.0006235968901053615,2.010300277115775,0.4681061719049737
36,rtp10000,rtp,0.37458940912102445,10000.0,grid,,0.2,0.18151678485762426,0.2256580856107759,0.05029753190680598,0.0006240396947142929,2.0087385376287665,0.4681180091757235
36,grid_0.4000,grid,0.4,12120.902809563271,grid,,0.2,0.17670924154542425,0.22552926220714975,0.05023825987751538,0.0006251882341859263,2.004885100370761,0.4681518326965795
36,grid_0.4500,grid,0.45,17112.494251084474,grid,,0.2,0.1680267570232746,0.2253021157253339,0.05013379557779455,0.000627247772517197,1.9981599655285087,0.46822384104236325
36,grid_0.4898,grid,0.4898,21932.76192879974,grid,,0.2,0.1617407776162648,0.22514204469254429,0.05006033595096266,0.0006286043373769402,1.9934537095861347,0.4682813257127103
36,grid_0.5000,grid,0.5,23631.581721038136,grid,,0.2,0.16020750953418392,0.2251034880720497,0.050042680711771786,0.0006288996304316327,1.9923247472117938,0.4682956537824194
36,grid_0.5500,grid,0.55,33366.9097310575,grid,,0.2,0.15309629605392122,0.22492674742276053,0.049962009805022384,0.0006300319011599241,1.9871767481745326,0.46836237918797907
36,grid_0.5971,grid,0.5971,44923.92053746283,grid,,0.2,0.146940032276134,0.2247762324908766,0.04989371841812332,0.0006306362746692946,1.982828070892233,0.4684191480138074
36,grid_0.6049,grid,0.6049,47084.64857092065,grid,,0.2,0.14596562059951343,0.224752577201689,0.04988302646620285,0.0006306944925983313,1.98214817795412,0.4684279208085375
36,grid_0.6500,grid,0.65,61082.56738369445,grid,,0.2,0.14055703560616933,0.2246220593717443,0.04982425989663797,0.0006308096597654501,1.9784153762003716,0.46847511423218013
36,grid_0.7139,grid,0.7139,86713.10306373138,grid,,0.2,0.13348285702801463,0.22445401265662981,0.049749150338917136,0.0006304534587454093,1.9736234008477458,0.46853293905544824
36,grid_0.7892,grid,0.7892,134629.0419446699,grid,,0.2,0.12589019505497706,0.22427473219806232,0.0496698861879539,0.0006292693145586725,1.968598767124217,0.468587696910155
36,grid_0.8000,grid,0.8,142900.9213337607,grid,,0.2,0.12485873250610037,0.22425034691038653,0.049659184722002175,0.0006290333674265364,1.9679261807236084,0.468594443678703
36,grid_0.8904,grid,0.8904,228565.63496793807,grid,,0.2,0.1167121723161878,0.22405665639462857,0.049574926729457444,0.0006264585452832056,1.9627086071951894,0.4686412416987925
36,grid_0.9500,grid,0.95,303707.3568420157,grid,,0.2,0.11175951294710725,0.22393684803653513,0.04952360985712154,0.0006241020514166917,1.9596324159461667,0.46866211943985125
36,grid_1.0112,grid,1.0112,399395.33375388547,grid,,0.2,0.10696743487349285,0.22381816456266598,0.049473448964848565,0.0006211218233520624,1.9567401266526627,0.4686754022895646
36,grid_1.1500,grid,1.15,796649.174458646,grid,,0.2,0.09702568630711098,0.22356346240040725,0.049367442629590044,0.0006131790908682593,1.9510436312476798,0.4686852076480237
36,grid_1.3368,grid,1.3368,1787258.3730422247,grid,,0.2,0.08514077724143113,0.22320566537334013,0.04922326945521047,0.0005974995995450252,1.9453172636287088,0.46863908927398634
36,grid_1.8039,grid,1.8039,,grid,,0.2,0.05811402135677131,0.22172374034979558,0.04870586191203033,0.0004555551226732434,1.9463248847218984,0.46739181216290443
36,rtp475,rtp,0.06151882720206882,475.0,grid,,0.25,0.36358325285528215,0.23995510785429677,0.056357309537597745,0.0012211442477694512,2.1890638033614676,0.4901627496050902
36,grid_0.1645,grid,0.1645,1687.8941003886077,grid,,0.25,0.3146010393819271,0.23593181416388062,0.055149747753370046,0.000514073181289848,2.06687594202561,0.46919338195393323
36,rtp2500,rtp,0.20442171645403368,2500.0,grid,,0.25,0.3016643418138477,0.23539046619174844,0.05492092427764179,0.0004877472963268764,2.0492562085970056,0.46843814570682846
36,grid_0.2109,grid,0.2109,2645.6779770032454,grid,,0.25,0.2997648179544815,0.23531689297945374,0.05488868336112245,0.00048535676038123643,2.0468898006755056,0.46837147648629845
36,grid_0.2423,grid,0.2423,3439.7131855306598,grid,,0.25,0.2912008003525495,0.23499936319822035,0.05474691163685445,0.0004777890667146262,2.0367927443713416,0.4681669434299473
36,grid_0.2700,grid,0.27,4420.657408419983,grid,,0.25,0.2844035967053659,0.23476141860991145,0.054638288920388065,0.00047463474735001676,2.0293553812308014,0.4680891633921515
36,rtp5000,rtp,0.2847423800220127,5000.0,grid,,0.25,0.28103072692810643,0.23464717627207593,0.05458554087122006,0.0004737564612386086,2.0258280502705404,0.46807088022793336
36,grid_0.2850,grid,0.285,5010.87259475943,grid,,0.25,0.2809731664118376,0.23464524889661656,0.054584647917297675,0.000473744912457455,2.025768715250727,0.4680706687001525
36,grid_0.3100,grid,0.31,6089.1295684619845,grid,,0.25,0.27559563819665783,0.2344682921760533,0.05450225852754112,0.0004731215084139845,2.0203436642938586,0.468063800545941
36,grid_0.3300,grid,0.33,7038.676802190931,grid,,0.25,0.2715654120107126,0.2343392355401658,0.05444173711006424,0.0004731402034850729,2.0164223422482777,0.46807274054685843
36,grid_0.3434,grid,0.3434,7753.926759972636,grid,,0.25,0.26898621609658807,0.23425805778158176,0.05440351664934738,0.0004733209862515242,2.0139727615434615,0.4680834794351354
36,grid_0.3600,grid,0.36,8903.354638349423,grid,,0.25,0.26591461124815685,0.23416283378134575,0.05435855600607441,0.00047367671843574766,2.0111112661446864,0.4681004893268823
36,grid_0.3649,grid,0.3649,9262.867544949975,grid,,0.25,0.2650325267038268,0.23413578618673253,0.054345761855035424,0.00047380451824391434,2.010300277115775,0.4681061719049737
36,rtp10000,rtp,0.37458940912102445,10000.0,grid,,0.25,0.2633196060703435,0.2340835674971534,0.05432103829828009,0.0004740782739142829,2.0087385376287665,0.4681180091757235
36,grid_0.4000,grid,0.4,12120.902809563271,grid,,0.25,0.2590128611367931,0.23395413511674534,0.05425964251713417,0.0004748948210901577,2.004885100370761,0.4681518326965795
36,grid_0.4500,grid,0.45,17112.494251084474,grid,,0.25,0.25122850173290323,0.23372660815681445,0.054151421378522295,0.0004767059819667935,1.9981599655285087,0.46822384104236325
36,grid_0.4898,grid,0.4898,21932.76192879974,grid,,0.25,0.24558806374580155,0.23356689294422373,0.054075309445779214,0.0004781840338392504,1.9934537095861347,0.4682813257127103
36,grid_0.5000,grid,0.5,23631.581721038136,grid,,0.25,0.24421165536904124,0.23352850205894893,0.05405701552591633,0.0004785457479801816,1.9923247472117938,0.4682956537824194
36,grid_0.5500,grid,0.55,33366.9097310575,grid,,0.25,0.23782515428641995,0.2333529418065433,0.05397342135213682,0.00048017409763117386,1.9871767481745326,0.46836237918797907
36,grid_0.5971,grid,0.5971,44923.92053746283,grid,,0.25,0.23229272752506636,0.23320400598838234,0.053902649180917854,0.00048145922811161646,1.982828070892233,0.4684191480138074
36,grid_0.6049,grid,0.6049,47084.64857092065,grid,,0.25,0.2314167783806795,0.23318064738146732,0.05389156836605142,0.0004816459471887885,1.98214817795412,0.4684279208085375
36,grid_0.6500,grid,0.65,61082.56738369445,grid,,0.25,0.22655322878921105,0.23305202183356546,0.05383066249401629,0.0004825823866963855,1.9784153762003716,0.46847511423218013
36,grid_0.7139,grid,0.7139,86713.10306373138,grid,,0.25,0.2201888000167619,0.23288707656456303,0.05375281125245504,0.0004835791783336027,1.9736234008477458,0.46853293905544824
36,grid_0.7892,grid,0.7892,134629.0419446699,grid,,0.25,0.21335453847514133,0.23271194099643022,0.05367064837055857,0.00048419911176745406,1.968598767124217,0.468587696910155
36,grid_0.8000,grid,0.8,142900.9213337607,grid,,0.25,0.21242588985561908,0.2326881880284766,0.05365955526601681,0.0004842375819588754,1.9679261807236084,0.468594443678703
36,grid_0.8904,grid,0.8904,228565.63496793807,grid,,0.25,0.20509071871315046,0.23250016858608838,0.05357220942777254,0.0004841189647869712,1.9627086071951894,0.4686412416987925
36,grid_0.9500,grid,0.95,303707.3568420157,grid,,0.25,0.2006308682224549,0.23238447531897016,0.053519010077648733,0.00048353429162432265,1.9596324159461667,0.46866211943985125
36,grid_1.0112,grid,1.0112,399395.33375388547,grid,,0.25,0.19631579695860785,0.23227032985357626,0.0534670093104283,0.000482496819860824,1.9567401266526627,0.4686754022895646
36,grid_1.1500,grid,1.15,796649.174458646,grid,,0.25,0.18736813541838704,0.23202691811880025,0.05335710317791815,0.0004793875537902892,1.9510436312476798,0.4686852076480237
36,grid_1.3368,grid,1.3368,1787258.3730422247,grid,,0.25,0.17669752404640487,0.23168841833065426,0.053207622249916965,0.0004719009386432854,1.9453172636287088,0.46863908927398634
36,grid_1.8039,grid,1.8039,,grid,,0.25,0.15275354772208544,0.23033931957614884,0.05267102057108525,0.00038518157171797685,1.9463248847218984,0.46739181216290443
36,rtp475,rtp,0.06151882720206882,475.0,grid,,0.3,0.38549240671210816,0.23389824893168015,0.05299429290709883,0.001714097946207388,2.1890638033614676,0.4901627496050902
36,grid_0.1645,grid,0.1645,1687.8941003886077,grid,,0.3,0.33681622544416434,0.22946457134512702,0.051849083074678184,0.0008049064279247037,2.06687594202561,0.46919338195393323
36,rtp2500,rtp,0.20442171645403368,2500.0,grid,,0.3,0.32356992870948775,0.22892789476658842,0.05163203532342243,0.0007759456788397623,2.0492562085970056,0.46843814570682846
36,grid_0.2109,grid,0.2109,2645.6779770032454,grid,,0.3,0.3216163633499128,0.2288564547398195,0.051601450834250266,0.0007738260418287818,2.0468898006755056,0.46837147648629845
36,grid_0.2423,grid,0.2423,3439.7131855306598,grid,,0.3,0.312784785196079,0.22855178600933965,0.05146695440575109,0.0007689644823078989,2.0367927443713416,0.4681669434299473
36,grid_0.2700,grid,0.27,4420.657408419983,grid,,0.3,0.30575002223569014,0.2283269171004861,0.05136389697678527,0.0007692840958269803,2.0293553812308014,0.4680891633921515
36,rtp5000,rtp,0.2847423800220127,5000.0,grid,,0.3,0.30225179076280545,0.22821982885153339,0.0513138487279811,0.0007704415530420949,2.0258280502705404,0.46807088022793336
36,grid_0.2850,grid,0.285,5010.87259475943,grid,,0.3,0.3021920509681334,0.2282180268361254,0.05131300146420563,0.0007704663087688274,2.025768715250727,0.4680706687001525
36,grid_0.3100,grid,0.31,6089.1295684619845,grid,,0.3,0.2966052968650928,0.22805319091341536,0.05123482575226387,0.0007734321335268052,2.0203436642938586,0.468063800545941
36,grid_0.3300,grid,0.33,7038.676802190931,grid,,0.3,0.29241124963474413,0.22793362099461031,0.05117739712429592,0.0007763384554187458,2.0164223422482777,0.46807274054685843
36,grid_0.3434,grid,0.3434,7753.926759972636,grid,,0.3,0.28972423390468655,0.22785863384821547,0.051141128752706246,0.0007784282664688863,2.0139727615434615,0.4680834794351354
36,grid_0.3600,grid,0.36,8903.354638349423,grid,,0.3,0.28652140998590037,0.22777086834688365,0.05109846349490995,0.000781104972583449,2.0111112661446864,0.4681004893268823
36,grid_0.3649,grid,0.3649,9262.867544949975,grid,,0.3,0.2856011034755634,0.22774597587873133,0.051086322305870305,0.000781907223085368,2.010300277115775,0.4681061719049737
36,rtp10000,rtp,0.37458940912102445,10000.0,grid,,0.3,0.28381326662096923,0.22769795001655713,0.0510628603068314,0.0007834961349111463,2.0087385376287665,0.4681180091757235
36,grid_0.4000,grid,0.4,12120.902809563271,grid,,0.3,0.27931433300860625,0.22757906958337235,0.0510045959515636,0.0007876369608698364,2.004885100370761,0.4681518326965795
36,grid_0.4500,grid,0.45,17112.494251084474,grid,,0.3,0.27116971726849465,0.227370451822153,0.050901890240042345,0.0007954321217676641,1.9981599655285087,0.46822384104236325
36,grid_0.4898,grid,0.4898,21932.76192879974,grid,,0.3,0.2652590208649702,0.22722414963954277,0.05082965424582409,0.0008011599335892294,1.9934537095861347,0.4682813257127103
36,grid_0.5000,grid,0.5,23631.581721038136,grid,,0.3,0.2638155670332912,0.22718896890994947,0.050812291519640077,0.0008025360747259125,1.9923247472117938,0.4682956537824194
36,grid_0.5500,grid,0.55,33366.9097310575,grid,,0.3,0.25711260968829824,0.22702790221773192,0.05073295090841071,0.0008087174769733363,1.9871767481745326,0.46836237918797907
36,grid_0.5971,grid,0.5971,44923.92053746283,grid,,0.3,0.2512992839169039,0.2268908995069036,0.05066577794727809,0.0008137023317737468,1.982828070892233,0.4684191480138074
36,grid_0.6049,grid,0.6049,47084.64857092065,grid,,0.3,0.2503783059203847,0.22686936863272003,0.05065526050702721,0.0008144499167817981,1.98214817795412,0.4684279208085375
36,grid_0.6500,grid,0.65,61082.56738369445,grid,,0.3,0.2452620813831013,0.22675054486913826,0.050597450569095655,0.0008183590293554255,1.9784153762003716,0.46847511423218013
36,grid_0.7139,grid,0.7139,86713.10306373138,grid,,0.3,0.23856102831144815,0.22659759614280248,0.050523554135893635,0.0008229164418029761,1.9736234008477458,0.46853293905544824
36,grid_0.7892,grid,0.7892,134629.0419446699,grid,,0.3,0.23135688723435252,0.22643404460488073,0.05044556328657045,0.0008268132695546659,1.968598767124217,0.468587696910155
36,grid_0.8000,grid,0.8,142900.9213337607,grid,,0.3,0.2303772549874748,0.22641174614026524,0.050435033368872714,0.0008272454214112018,1.9679261807236084,0.468594443678703
36,grid_0.8904,grid,0.8904,228565.63496793807,grid,,0.3,0.2226325415989331,0.22623419586556612,0.0503521205725118,0.0008297908064275258,1.9627086071951894,0.4686412416987925
36,grid_0.9500,grid,0.95,303707.3568420157,grid,,0.3,0.2179170571861736,0.22612370444471705,0.05030162061692804,0.0008303090948737074,1.9596324159461667,0.46866211943985125
36,grid_1.0112,grid,1.0112,399395.33375388547,grid,,0.3,0.2133488016462501,0.2260135460371765,0.050252258488718726,0.0008298645035801772,1.9567401266526627,0.4686754022895646
36,grid_1.1500,grid,1.15,796649.174458646,grid,,0.3,0.20385511643378285,0.2257758908836591,0.050147925409403576,0.0008268274949063681,1.9510436312476798,0.4686852076480237
36,grid_1.3368,grid,1.3368,1787258.3730422247,grid,,0.3,0.19245759598677684,0.22543617516198275,0.05000602301488962,0.0008154460567745409,1.9453172636287088,0.46863908927398634
36,grid_1.8039,grid,1.8039,,grid,,0.3,0.16608184193905084,0.22395074434319825,0.04949657773783239,0.0006573581540401524,1.9463248847218984,0.46739181216290443
36,rtp475,rtp,0.06151882720206882,475.0,grid,,0.35,0.39265880160008826,0.22857174749425632,0.050662185791479686,0.0015828579610983884,2.1890638033614676,0.4901627496050902
36,grid_0.1645,grid,0.1645,1687.8941003886077,grid,,0.35,0.34538263766009114,0.22415497404796067,0.04955020449311621,0.0006952478973257098,2.06687594202561,0.46919338195393323
36,rtp2500,rtp,0.20442171645403368,2500.0,grid,,0.35,0.3325282212824966,0.2236210949952698,0.04933944711127133,0.0006669470156121515,2.0492562085970056,0.46843814570682846
36,grid_0.2109,grid,0.2109,2645.6779770032454,grid,,0.35,0.3306316479815078,0.2235501300077981,0.0493097481633728,0.0006649124631306347,2.0468898006755056,0.46837147648629845
36,grid_0.2423,grid,0.2423,3439.7131855306598,grid,,0.35,0.3220542103174947,0.22324782807928334,0.04917914327135494,0.0006604494707623115,2.0367927443713416,0.4681669434299473
36,grid_0.2700,grid,0.27,4420.657408419983,grid,,0.35,0.3152173504610061,0.22302519930377018,0.04907906489508789,0.0006611746293985199,2.0293553812308014,0.4680891633921515
36,rtp5000,rtp,0.2847423800220127,5000.0,grid,,0.35,0.3118158340665351,0.22291933968181277,0.04903046249218031,0.0006625695119951147,2.0258280502705404,0.46807088022793336
36,grid_0.2850,grid,0.285,5010.87259475943,grid,,0.35,0.3117577368002568,0.2229175597098969,0.04902963970066374,0.0006625987263517152,2.025768715250727,0.4680706687001525
36,grid_0.3100,grid,0.31,6089.1295684619845,grid,,0.35,0.30632318952890436,0.22275494879804425,0.04895372137877465,0.0006660458352446691,2.0203436642938586,0.468063800545941
36,grid_0.3300,grid,0.33,7038.676802190931,grid,,0.35,0.3022414311815281,0.22263722444919493,0.04889795025013768,0.000669383460303527,2.0164223422482777,0.46807274054685843
36,grid_0.3434,grid,0.3434,7753.926759972636,grid,,0.35,0.2996254027346725,0.22256348617137084,0.04886272830400293,0.0006717770727510536,2.0139727615434615,0.4680834794351354
36,grid_0.3600,grid,0.36,8903.354638349423,grid,,0.35,0.2965062861441601,0.22247730156792714,0.048821293730160024,0.0006748559827863682,2.0111112661446864,0.4681004893268823
36,grid_0.3649,grid,0.3649,9262.867544949975,grid,,0.35,0.29560984646992366,0.22245287988314327,0.048809502683047616,0.0006757810852565521,2.010300277115775,0.4681061719049737
36,rtp10000,rtp,0.37458940912102445,10000.0,grid,,0.35,0.2938681207277937,0.2224057860741121,0.04878671723236777,0.0006776164468759449,2.0087385376287665,0.4681180091757235
36,grid_0.4000,grid,0.4,12120.902809563271,grid,,0.35,0.2894837427203892,0.22228935815999784,0.04873013252745546,0.0006824262237283413,2.004885100370761,0.4681518326965795
36,grid_0.4500,grid,0.45,17112.494251084474,grid,,0.35,0.28154119414380846,0.22208560923507045,0.04863038623140211,0.0006916315979103027,1.9981599655285087,0.46822384104236325
36,grid_0.4898,grid,0.4898,21932.76192879974,grid,,0.35,0.27577303683695154,0.22194325343267898,0.048560230694399624,0.0006985770498827426,1.9934537095861347,0.4682813257127103
36,grid_0.5000,grid,0.5,23631.581721038136,grid,,0.35,0.27436385057174895,0.2219090772984246,0.04854336789410585,0.0007002706933323388,1.9923247472117938,0.4682956537824194
36,grid_0.5500,grid,0.55,33366.9097310575,grid,,0.35,0.26781732897795807,0.22175288584633976,0.04846631124182581,0.0007080311393539845,1.9871767481745326,0.46836237918797907
36,grid_0.5971,grid,0.5971,44923.92053746283,grid,,0.35,0.2621361411054732,0.22162037693909328,0.04840107134270918,0.0007145201319166128,1.982828070892233,0.4684191480138074
36,grid_0.6049,grid,0.6049,47084.64857092065,grid,,0.35,0.2612358017479786,0.2215995772665158,0.04839085651579986,0.000715516128898655,1.98214817795412,0.4684279208085375
36,grid_0.6500,grid,0.65,61082.56738369445,grid,,0.35,0.2562326953679162,0.2214849068598889,0.0483347096965721,0.0007208542701615528,1.9784153762003716,0.46847511423218013
36,grid_0.7139,grid,0.7139,86713.10306373138,grid,,0.35,0.24967642895988873,0.2213376927232201,0.04826293835011053,0.0007274358699280725,1.9736234008477458,0.46853293905544824
36,grid_0.7892,grid,0.7892,134629.0419446699,grid,,0.35,0.2426237844858296,0.22118057559643284,0.04818718973645454,0.000733657284714806,1.968598767124217,0.468587696910155
36,grid_0.8000,grid,0.8,142900.9213337607,grid,,0.35,0.24166444836139797,0.22115916940784547,0.04817696252252909,0.0007344156906389995,1.9679261807236084,0.468594443678703
36,grid_0.8904,grid,0.8904,228565.63496793807,grid,,0.35,0.23407848718271573,0.2209889208978023,0.04809643275109319,0.0007396704084819405,1.9627086071951894,0.4686412416987925
36,grid_0.9500,grid,0.95,303707.3568420157,grid,,0.35,0.22945823744888658,0.22088303424806685,0.04804738402688736,0.0007419307917453169,1.9596324159461667,0.46866211943985125
36,grid_1.0112,grid,1.0112,399395.33375388547,grid,,0.35,0.22498150285302607,0.2207774306217081,0.04799944045180261,0.0007432334201205315,1.9567401266526627,0.4686754022895646
36,grid_1.1500,grid,1.15,796649.174458646,grid,,0.35,0.21567885169408807,0.2205500184355373,0.04789810439816173,0.0007442062337541105,1.9510436312476798,0.4686852076480237
36,grid_1.3368,grid,1.3368,1787258.3730422247,grid,,0.35,0.20452220736419327,0.2202243949726847,0.04776027782006038,0.0007385063210246512,1.9453172636287088,0.46863908927398634
36,grid_1.8039,grid,1.8039,,grid,,0.35,0.1789430130022067,0.21880054297013898,0.04726544905235888,0.0006082285516687547,1.9463248847218984,0.46739181216290443
36,rtp475,rtp,0.06151882720206882,475.0,grid,,0.4,0.39706061499504797,0.2303298121755192,0.051140288200726094,0.0019115341760838622,2.1890638033614676,0.4901627496050902
36,grid_0.1645,grid,0.1645,1687.8941003886077,grid,,0.4,0.34947026575696527,0.22600528542584458,0.050122898125249955,0.0009554909151675284,2.06687594202561,0.46919338195393323
36,rtp2500,rtp,0.20442171645403368,2500.0,grid,,0.4,0.3365717909763629,0.22553224649247186,0.04992945913962528,0.0009353350683158068,2.0492562085970056,0.46843814570682846
36,grid_0.2109,grid,0.2109,2645.6779770032454,grid,,0.4,0.3346688436237561,0.22547064808585981,0.04990218439542877,0.0009348287528288673,2.0468898006755056,0.46837147648629845
36,grid_0.2423,grid,0.2423,3439.7131855306598,grid,,0.4,0.3260629904685076,0.22521122304548363,0.04978219689614007,0.0009378980895025091,2.0367927443713416,0.4681669434299473
36,grid_0.2700,grid,0.27,4420.657408419983,grid,,0.4,0.3192042382041882,0.22502278307211143,0.04969020991402764,0.0009450429874908878,2.0293553812308014,0.4680891633921515
36,rtp5000,rtp,0.2847423800220127,5000.0,grid,,0.4,0.3157921348484902,0.22493375888378953,0.049645524428717,0.0009496714568737602,2.0258280502705404,0.46807088022793336
36,grid_0.2850,grid,0.285,5010.87259475943,grid,,0.4,0.3157338596276888,0.22493226496446442,0.0496447678762063,0.0009497559458377242,2.025768715250727,0.4680706687001525
36,grid_0.3100,grid,0.31,6089.1295684619845,grid,,0.4,0.3102830806848767,0.22479613091072806,0.04957495160258881,0.0009583488698443748,2.0203436642938586,0.468063800545941
36,grid_0.3300,grid,0.33,7038.676802190931,grid,,0.4,0.3061896504538071,0.2246978497459874,0.049523651797238256,0.0009654718832320663,2.0164223422482777,0.46807274054685843
36,grid_0.3434,grid,0.3434,7753.926759972636,grid,,0.4,0.30356639202637575,0.22463633305095404,0.0494912491504588,0.0009702329761203526,2.0139727615434615,0.4680834794351354
36,grid_0.3600,grid,0.36,8903.354638349423,grid,,0.4,0.30043895396678705,0.22456445348389317,0.04945312666765454,0.0009760671008650773,2.0111112661446864,0.4681004893268823
36,grid_0.3649,grid,0.3649,9262.867544949975,grid,,0.4,0.2995402081127551,0.22454408790620356,0.04944227720452829,0.0009777702091005869,2.010300277115775,0.4681061719049737
36,rtp10000,rtp,0.37458940912102445,10000.0,grid,,0.4,0.2977940548982116,0.22450479770128393,0.049421310338972006,0.00098109385192241,2.0087385376287665,0.4681180091757235
36,grid_0.4000,grid,0.4,12120.902809563271,grid,,0.4,0.2933990519737426,0.22440753333233865,0.04936923616024839,0.0009895048560562975,2.004885100370761,0.4681518326965795
36,grid_0.4500,grid,0.45,17112.494251084474,grid,,0.4,0.285439160240556,0.22423658607025065,0.04927742260986652,0.0010046239225744158,1.9981599655285087,0.46822384104236325
36,grid_0.4898,grid,0.4898,21932.76192879974,grid,,0.4,0.27966015642930697,0.22411639004457082,0.04921283254357622,0.00101532374303398,1.9934537095861347,0.4682813257127103
36,grid_0.5000,grid,0.5,23631.581721038136,grid,,0.4,0.27824856588887237,0.22408740499557375,0.04919730586067504,0.0010178592169752532,1.9923247472117938,0.4682956537824194
36,grid_0.5500,grid,0.55,33366.9097310575,grid,,0.4,0.2716916541177374,0.2239541367385702,0.04912634815273898,0.0010291072095792164,1.9871767481745326,0.46836237918797907
36,grid_0.5971,grid,0.5971,44923.92053746283,grid,,0.4,0.26600236461599575,0.22383988433530505,0.049066263826614595,0.0010380299926281422,1.982828070892233,0.4684191480138074
36,grid_0.6049,grid,0.6049,47084.64857092065,grid,,0.4,0.2651007749992346,0.22382183558125174,0.049056855616051026,0.0010393584669098621,1.98214817795412,0.4684279208085375
36,grid_0.6500,grid,0.65,61082.56738369445,grid,,0.4,0.2600910668789172,0.223721693811585,0.04900513983366433,0.0010462564482602577,1.9784153762003716,0.46847511423218013
36,grid_0.7139,grid,0.7139,86713.10306373138,grid,,0.4,0.2535270972657501,0.2235917107083903,0.04893902279902115,0.0010542302984833524,1.9736234008477458,0.46853293905544824
36,grid_0.7892,grid,0.7892,134629.0419446699,grid,,0.4,0.2464647270859974,0.22345064006856946,0.04886923472849404,0.0010609538185593417,1.968598767124217,0.468587696910155
36,grid_0.8000,grid,0.8,142900.9213337607,grid,,0.4,0.2455037920131491,0.22343120554490437,0.048859811908406214,0.0010616917028430928,1.9679261807236084,0.468594443678703
36,grid_0.8904,grid,0.8904,228565.63496793807,grid,,0.4,0.23790080844332048,0.22327477102557036,0.048785610359677586,0.0010660130168432883,1.9627086071951894,0.4686412416987925
36,grid_0.9500,grid,0.95,303707.3568420157,grid,,0.4,0.2332653748573357,0.2231755083402494,0.04874041357106163,0.0010668939518670983,1.9596324159461667,0.46866211943985125
36,grid_1.0112,grid,1.0112,399395.33375388547,grid,,0.4,0.22876855924986408,0.22307479149721127,0.048696235394355816,0.001066127207168463,1.9567401266526627,0.4686754022895646
36,grid_1.1500,grid,1.15,796649.174458646,grid,,0.4,0.21939981008619205,0.22285310242756035,0.048602842923788775,0.0010606623377999239,1.9510436312476798,0.4686852076480237
36,grid_1.3368,grid,1.3368,1787258.3730422247,grid,,0.4,0.20805557519630846,0.22252139651276936,0.0484758153427882,0.0010399565632049287,1.9453172636287088,0.46863908927398634
36,grid_1.8039,grid,1.8039,,grid,,0.4,0.18088841865289187,0.22091512933130197,0.048019565490740275,0.000783928876725605,1.9463248847218984,0.46739181216290443
36,rtp475,rtp,0.06151882720206882,475.0,grid,,0.45,0.40136724434348814,0.23116807050612764,0.051064403817155934,0.00237427300437007,2.1890638033614676,0.4901627496050902
36,grid_0.1645,grid,0.1645,1687.8941003886077,grid,,0.45,0.35683082870358773,0.22668536023229408,0.050104996063660236,0.0012812564799846993,2.06687594202561,0.46919338195393323
36,rtp2500,rtp,0.20442171645403368,2500.0,grid,,0.45,0.34457205823195153,0.22624026415753085,0.049922504037278305,0.001262153088791032,2.0492562085970056,0.46843814570682846
36,grid_0.2109,grid,0.2109,2645.6779770032454,grid,,0.45,0.34275865092833335,0.22618379270081643,0.0498967693046915,0.0012623387758343985,2.0468898006755056,0.46837147648629845
36,grid_0.2423,grid,0.2423,3439.7131855306598,grid,,0.45,0.334543885908235,0.22594962146328787,0.049783546380615565,0.0012696850587875091,2.0367927443713416,0.4681669434299473
36,grid_0.2700,grid,0.27,4420.657408419983,grid,,0.45,0.32798225819439125,0.22578297910587836,0.04969673465477804,0.0012812189991474598,2.0293553812308014,0.4680891633921515
36,rtp5000,rtp,0.2847423800220127,5000.0,grid,,0.45,0.3247135993109595,0.22570508766347439,0.04965455997688121,0.0012882266202954434,2.0258280502705404,0.46807088022793336
36,grid_0.2850,grid,0.285,5010.87259475943,grid,,0.45,0.3246577517595604,0.2257037853268268,0.04965384591707585,0.0012883527937824768,2.025768715250727,0.4680706687001525
36,grid_0.3100,grid,0.31,6089.1295684619845,grid,,0.45,0.31943091436301835,0.22558571482913992,0.04958794858855132,0.0013009661464227218,2.0203436642938586,0.468063800545941
36,grid_0.3300,grid,0.33,7038.676802190931,grid,,0.45,0.3155016606921081,0.22550103055658766,0.049539525438863544,0.0013111893432195404,2.0164223422482777,0.46807274054685843
36,grid_0.3434,grid,0.3434,7753.926759972636,grid,,0.45,0.3129818940448225,0.2254481704134802,0.04950893855294106,0.0013179389898445443,2.0139727615434615,0.4680834794351354
36,grid_0.3600,grid,0.36,8903.354638349423,grid,,0.45,0.3099762775266971,0.22538654507498365,0.04947295122610623,0.0013261434747314088,2.0111112661446864,0.4681004893268823
36,grid_0.3649,grid,0.3649,9262.867544949975,grid,,0.45,0.3091122536810019,0.2253691095550018,0.04946270916350002,0.0013285263781143836,2.010300277115775,0.4681061719049737
36,rtp10000,rtp,0.37458940912102445,10000.0,grid,,0.45,0.3074331560400585,0.22533547524199357,0.049442915848415175,0.0013331605541199165,2.0087385376287665,0.4681180091757235
36,grid_0.4000,grid,0.4,12120.902809563271,grid,,0.45,0.303204800219704,0.2252522096788082,0.049393754764929805,0.0013448032002559701,2.004885100370761,0.4681518326965795
36,grid_0.4500,grid,0.45,17112.494251084474,grid,,0.45,0.2955396609400095,0.22510557079874446,0.04930707245008458,0.001365445554543973,1.9981599655285087,0.46822384104236325
36,grid_0.4898,grid,0.4898,21932.76192879974,grid,,0.45,0.2899698744752217,0.22500209156741938,0.04924608857667374,0.0013798526330396355,1.9934537095861347,0.4682813257127103
36,grid_0.5000,grid,0.5,23631.581721038136,grid,,0.45,0.2886088235074199,0.22497704152295306,0.04923142831744949,0.0013832408949710495,1.9923247472117938,0.4682956537824194
36,grid_0.5500,grid,0.55,33366.9097310575,grid,,0.45,0.2822837155276665,0.22486120007183152,0.0491644284392743,0.0013981308584699453,1.9871767481745326,0.46836237918797907
36,grid_0.5971,grid,0.5971,44923.92053746283,grid,,0.45,0.276791797801432,0.22476084453014736,0.049107693248180574,0.0014097439857244931,1.982828070892233,0.4684191480138074
36,grid_0.6049,grid,0.6049,47084.64857092065,grid,,0.45,0.2759211571766558,0.2247448840070096,0.04909880928237308,0.00141145360495111,1.98214817795412,0.4684279208085375
36,grid_0.6500,grid,0.65,61082.56738369445,grid,,0.45,0.27108189023016266,0.22465572330109596,0.04904997446090915,0.0014202195510294446,1.9784153762003716,0.46847511423218013
36,grid_0.7139,grid,0.7139,86713.10306373138,grid,,0.45,0.2647381210937234,0.2245387510158361,0.048987537844955235,0.001430112862796401,1.9736234008477458,0.46853293905544824
36,grid_0.7892,grid,0.7892,134629.0419446699,grid,,0.45,0.25790678068398204,0.2244094929034221,0.04892163250594887,0.001437987999222179,1.968598767124217,0.468587696910155
36,grid_0.8000,grid,0.8,142900.9213337607,grid,,0.45,0.2569766989422562,0.22439146779165517,0.04891273382794081,0.0014387969897526054,1.9679261807236084,0.468594443678703
36,grid_0.8904,grid,0.8904,228565.63496793807,grid,,0.45,0.24961175779138448,0.22424455104396576,0.04884265811361058,0.0014429605592991834,1.9627086071951894,0.4686412416987925
36,grid_0.9500,grid,0.95,303707.3568420157,grid,,0.45,0.24511511651005868,0.2241493259143355,0.04879997370729021,0.001442946600560789,1.9596324159461667,0.46866211943985125
36,grid_1.0112,grid,1.0112,399395.33375388547,grid,,0.45,0.24074681097139763,0.22405092809669022,0.048758251360156615,0.0014405670208316387,1.9567401266526627,0.4686754022895646
36,grid_1.1500,grid,1.15,796649.174458646,grid,,0.45,0.231622562185016,0.2238299266725337,0.04867004617766133,0.0014297898965704853,1.9510436312476798,0.4686852076480237
36,grid_1.3368,grid,1.3368,1787258.3730422247,grid,,0.45,0.22048004364719767,0.22348493711296075,0.048550072664648794,0.0013954444517352282,1.9453172636287088,0.46863908927398634
36,grid_1.8039,grid,1.8039,,grid,,0.45,0.1927894689598626,0.22167050867195975,0.04811910419959303,0.0010187102152923525,1.9463248847218984,0.46739181216290443
36,rtp475,rtp,0.06151882720206882,475.0,grid,,0.5,0.41706527262156096,0.23081495975117886,0.050247503116123346,0.0030280425288149726,2.1890638033614676,0.4901627496050902
36,grid_0.1645,grid,0.1645,1687.8941003886077,grid,,0.5,0.37861807295056776,0.22576260525726036,0.04933425678061256,0.0016344971519330065,2.06687594202561,0.46919338195393323
36,rtp2500,rtp,0.20442171645403368,2500.0,grid,,0.5,0.3674044358383697,0.22532237063554617,0.04916070874653751,0.0016094619622849249,2.0492562085970056,0.46843814570682846
36,grid_0.2109,grid,0.2109,2645.6779770032454,grid,,0.5,0.36573393043200025,0.22526854635458068,0.049136237783229654,0.0016096801934762095,2.0468898006755056,0.46837147648629845
36,grid_0.2423,grid,0.2423,3439.7131855306598,grid,,0.5,0.35813473919478106,0.22505061388414113,0.04902858047617008,0.0016191983334586935,2.0367927443713416,0.4681669434299473
36,grid_0.2700,grid,0.27,4420.657408419983,grid,,0.5,0.35203191664971056,0.22490067109159823,0.04894604146621852,0.0016342703912327339,2.0293553812308014,0.4680891633921515
36,rtp5000,rtp,0.2847423800220127,5000.0,grid,,0.5,0.34898221910624644,0.22483194027328818,0.048905943843990926,0.0016434575230604986,2.0258280502705404,0.46807088022793336
36,grid_0.2850,grid,0.285,5010.87259475943,grid,,0.5,0.3489300621531552,0.22483079873626452,0.04890526495970462,0.0016436231006820706,2.025768715250727,0.4680706687001525
36,grid_0.3100,grid,0.31,6089.1295684619845,grid,,0.5,0.34404157205218644,0.22472830245122932,0.04884261498736177,0.0016601949352494372,2.0203436642938586,0.468063800545941
36,grid_0.3300,grid,0.33,7038.676802190931,grid,,0.5,0.3403579009149747,0.22465582265063835,0.048796579238752545,0.0016736594120825288,2.0164223422482777,0.46807274054685843
36,grid_0.3434,grid,0.3434,7753.926759972636,grid,,0.5,0.33799192253353455,0.22461092467207147,0.04876750075521845,0.0016825667268245137,2.0139727615434615,0.4680834794351354
36,grid_0.3600,grid,0.36,8903.354638349423,grid,,0.5,0.3351662942210322,0.22455890358202213,0.04873328864108131,0.0016934125368786024,2.0111112661446864,0.4681004893268823
36,grid_0.3649,grid,0.3649,9262.867544949975,grid,,0.5,0.33435334985119086,0.22454424585430213,0.048723551886311216,0.0016965664599660618,2.010300277115775,0.4681061719049737
36,rtp10000,rtp,0.37458940912102445,10000.0,grid,,0.5,0.3327726760962778,0.22451601408601726,0.048704735179456615,0.0017027054016160864,2.0087385376287665,0.4681180091757235
36,grid_0.4000,grid,0.4,12120.902809563271,grid,,0.5,0.3287875234787811,0.22444634364469698,0.048658000143130035,0.0017181610323433738,2.004885100370761,0.4681518326965795
36,grid_0.4500,grid,0.45,17112.494251084474,grid,,0.5,0.32154778957037583,0.2243240603108475,0.04857559707947856,0.0017456869548661824,1.9981599655285087,0.46822384104236325
36,grid_0.4898,grid,0.4898,21932.76192879974,grid,,0.5,0.31627623232087204,0.22423787085815727,0.04851762520582217,0.0017649975211774527,1.9934537095861347,0.4682813257127103
36,grid_0.5000,grid,0.5,23631.581721038136,grid,,0.5,0.31498676970860806,0.22421695996816393,0.04850368912244666,0.0017695560149185718,1.9923247472117938,0.4682956537824194
36,grid_0.5500,grid,0.55,33366.9097310575,grid,,0.5,0.308988158913552,0.2241198011944747,0.048439999430904296,0.001789685856546569,1.9871767481745326,0.46836237918797907
36,grid_0.5971,grid,0.5971,44923.92053746283,grid,,0.5,0.3037720101716923,0.22403481955501517,0.04838606794754252,0.0018055324255056848,1.982828070892233,0.4684191480138074
36,grid_0.6049,grid,0.6049,47084.64857092065,grid,,0.5,0.30294446634936817,0.224021211862216,0.048377623043505756,0.001807880320710109,1.98214817795412,0.4684279208085375
36,grid_0.6500,grid,0.65,61082.56738369445,grid,,0.5,0.2983417357167905,0.2239446572015426,0.048331201894667206,0.0018200075944492244,1.9784153762003716,0.46847511423218013
36,grid_0.7139,grid,0.7139,86713.10306373138,grid,,0.5,0.29230146576528765,0.22384313516482857,0.04827185185054328,0.001833897309876431,1.9736234008477458,0.46853293905544824
36,grid_0.7892,grid,0.7892,134629.0419446699,grid,,0.5,0.285787838762584,0.2237287518029224,0.04820920501481976,0.0018453493684738864,1.968598767124217,0.468587696910155
36,grid_0.8000,grid,0.8,142900.9213337607,grid,,0.5,0.2849002369278408,0.22371258901310115,0.04820074633038001,0.0018465761525646995,1.9679261807236084,0.468594443678703
36,grid_0.8904,grid,0.8904,228565.63496793807,grid,,0.5,0.277864494421852,0.22357908243030802,0.04813413585799747,0.0018534702423810001,1.9627086071951894,0.4686412416987925
36,grid_0.9500,grid,0.95,303707.3568420157,grid,,0.5,0.2735617531804743,0.22349052682016132,0.04809356234905287,0.0018544532293003763,1.9596324159461667,0.46866211943985125
36,grid_1.0112,grid,1.0112,399395.33375388547,grid,,0.5,0.26937558238562165,0.22339721103308227,0.04805390330500664,0.00185241059235286,1.9567401266526627,0.4686754022895646
36,grid_1.1500,grid,1.15,796649.174458646,grid,,0.5,0.2606100536408486,0.2231833759390045,0.047970061123154495,0.0018407581723765137,1.9510436312476798,0.4686852076480237
36,grid_1.3368,grid,1.3368,1787258.3730422247,grid,,0.5,0.24982754271259558,0.22283572016507777,0.04785602233475534,0.0017997358467335065,1.9453172636287088,0.46863908927398634
36,grid_1.8039,grid,1.8039,,grid,,0.5,0.22217169426113081,0.22085461315254537,0.04744638482204956,0.0013303753287109074,1.9463248847218984,0.46739181216290443
36,rtp475,rtp,0.06151882720206882,475.0,grid,,0.55,0.43032062029315515,0.23084175594971323,0.05068744383714884,0.002600472452798125,2.1890638033614676,0.4901627496050902
36,grid_0.1645,grid,0.1645,1687.8941003886077,grid,,0.55,0.3978635471547935,0.22612737684233908,0.049821317480819055,0.0013122730767781698,2.06687594202561,0.46919338195393323
36,rtp2500,rtp,0.20442171645403368,2500.0,grid,,0.55,0.3881299103466272,0.22570217440995774,0.04965673144103329,0.0012847400923496899,2.0492562085970056,0.46843814570682846
36,grid_0.2109,grid,0.2109,2645.6779770032454,grid,,0.55,0.3866749086486621,0.22564967798226584,0.049633522416949016,0.0012842547565512508,2.0468898006755056,0.46837147648629845
36,grid_0.2423,grid,0.2423,3439.7131855306598,grid,,0.55,0.380042106754164,0.2254358665978988,0.049531411001964586,0.0012899189467810435,2.0367927443713416,0.4681669434299473
36,grid_0.2700,grid,0.27,4420.657408419983,grid,,0.55,0.3747006135464202,0.22528769513017313,0.04945311763624894,0.0013014279408168905,2.0293553812308014,0.4680891633921515
36,rtp5000,rtp,0.2847423800220127,5000.0,grid,,0.55,0.3720269232368223,0.22521954708655034,0.049415080521657787,0.0013087638682130753,2.0258280502705404,0.46807088022793336
36,grid_0.2850,grid,0.285,5010.87259475943,grid,,0.55,0.37198117330952324,0.2252184143410696,0.04941443651372054,0.0013088976445851663,2.025768715250727,0.4680706687001525
36,grid_0.3100,grid,0.31,6089.1295684619845,grid,,0.55,0.36768985694340783,0.22511662347755787,0.049355003659301566,0.0013224905066349935,2.0203436642938586,0.468063800545941
36,grid_0.3300,grid,0.33,7038.676802190931,grid,,0.55,0.3644519451472472,0.22504460985683433,0.04931133003335447,0.0013337463922603043,2.0164223422482777,0.46807274054685843
36,grid_0.3434,grid,0.3434,7753.926759972636,grid,,0.55,0.3623704355333987,0.22500002559467203,0.049283742762736005,0.0013412687548670643,2.0139727615434615,0.4680834794351354
36,grid_0.3600,grid,0.36,8903.354638349423,grid,,0.55,0.35988281884363876,0.22494842660247216,0.04925128442867345,0.0013505102022543514,2.0111112661446864,0.4681004893268823
36,grid_0.3649,grid,0.3649,9262.867544949975,grid,,0.55,0.35916677992757134,0.2249338994104498,0.04924204662945029,0.0013532124745400664,2.010300277115775,0.4681061719049737
36,rtp10000,rtp,0.37458940912102445,10000.0,grid,,0.55,0.35777410136823806,0.22490594388944993,0.0492241939945894,0.0013584896022149906,2.0087385376287665,0.4681180091757235
36,grid_0.4000,grid,0.4,12120.902809563271,grid,,0.55,0.3542604765580973,0.22483711483797203,0.049179852336361116,0.0013718758723023083,2.004885100370761,0.4681518326965795
36,grid_0.4500,grid,0.45,17112.494251084474,grid,,0.55,0.34786909116399584,0.22471707359654836,0.04910166599193569,0.0013960971738608413,1.9981599655285087,0.46822384104236325
36,grid_0.4898,grid,0.4898,21932.76192879974,grid,,0.55,0.343209257166664,0.22463321929658128,0.04904665837352758,0.0014134248380184011,1.9934537095861347,0.4682813257127103
36,grid_0.5000,grid,0.5,23631.581721038136,grid,,0.55,0.34206868774636634,0.22461298308600536,0.0490334345535008,0.0014175576172933274,1.9923247472117938,0.4682956537824194
36,grid_0.5500,grid,0.55,33366.9097310575,grid,,0.55,0.33675929065018445,0.22451959645860042,0.04897299882742094,0.001436050366511843,1.9871767481745326,0.46836237918797907
36,grid_0.5971,grid,0.5971,44923.92053746283,grid,,0.55,0.33213813614136733,0.2244388108638902,0.0489218212667169,0.0014509585552801713,1.982828070892233,0.4684191480138074
36,grid_0.6049,grid,0.6049,47084.64857092065,grid,,0.55,0.33140465112593953,0.2244259540375183,0.04891380746490128,0.001453201380749003,1.98214817795412,0.4684279208085375
36,grid_0.6500,grid,0.65,61082.56738369445,grid,,0.55,0.3273233361318771,0.2243540310228612,0.04886975553190003,0.0014649757043069256,1.9784153762003716,0.46847511423218013
36,grid_0.7139,grid,0.7139,86713.10306373138,grid,,0.55,0.32196356679554755,0.22425963943259744,0.04881343258731969,0.0014789532911189257,1.9736234008477458,0.46853293905544824
36,grid_0.7892,grid,0.7892,134629.0419446699,grid,,0.55,0.3161795000607241,0.22415466259866978,0.048753979564699304,0.0014913332000241891,1.968598767124217,0.468587696910155
36,grid_0.8000,grid,0.8,142900.9213337607,grid,,0.55,0.3153910128037691,0.22413994142614263,0.04874595203934885,0.0014927613031657933,1.9679261807236084,0.468594443678703
36,grid_0.8904,grid,0.8904,228565.63496793807,grid,,0.55,0.3091390989959261,0.22401938473411956,0.04868273572661885,0.0015019490100346283,1.9627086071951894,0.4686412416987925
36,grid_0.9500,grid,0.95,303707.3568420157,grid,,0.55,0.3053140836775078,0.22394032751852855,0.04864422916133382,0.0015050411277720138,1.9596324159461667,0.46866211943985125
36,grid_1.0112,grid,1.0112,399395.33375388547,grid,,0.55,0.30159175611184236,0.22385770154504703,0.04860659052271027,0.0015056800183210761,1.9567401266526627,0.4686754022895646
36,grid_1.1500,grid,1.15,796649.174458646,grid,,0.55,0.29379705727821137,0.22367061239612127,0.048527016586423076,0.0015015262632328413,1.9510436312476798,0.4686852076480237
36,grid_1.3368,grid,1.3368,1787258.3730422247,grid,,0.55,0.28421552665290406,0.2233716942787737,0.04841878231311586,0.0014761314918540908,1.9453172636287088,0.46863908927398634
36,grid_1.8039,grid,1.8039,,grid,,0.55,0.25972081012025666,0.22171104018092,0.048029956344656774,0.0011258289934487492,1.9463248847218984,0.46739181216290443
36,rtp475,rtp,0.06151882720206882,475.0,grid,,0.6,0.4485026355322594,0.22517662551326678,0.0484911156878184,0.0022133969897235872,2.1890638033614676,0.4901627496050902
36,grid_0.1645,grid,0.1645,1687.8941003886077,grid,,0.6,0.42370823835190013,0.22078168266024767,0.04770543462699963,0.0010391167712906768,2.06687594202561,0.46919338195393323
36,rtp2500,rtp,0.20442171645403368,2500.0,grid,,0.6,0.4159553926490074,0.22037630498229857,0.0475561618001755,0.0010095539974755707,2.0492562085970056,0.46843814570682846
36,grid_0.2109,grid,0.2109,2645.6779770032454,grid,,0.6,0.4147903420360089,0.22032597833609757,0.047535111120522645,0.0010084256092358912,2.0468898006755056,0.46837147648629845
36,grid_0.2423,grid,0.2423,3439.7131855306598,grid,,0.6,0.40946190984504094,0.2201203067616502,0.047442491761522265,0.0010104576873207205,2.0367927443713416,0.4681669434299473
36,grid_0.2700,grid,0.27,4420.657408419983,grid,,0.6,0.40515243090164815,0.21997723527875693,0.04737147213804162,0.001018511902843966,2.0293553812308014,0.4680891633921515
36,rtp5000,rtp,0.2847423800220127,5000.0,grid,,0.6,0.40298975101594364,0.21991131225413432,0.047336967385265494,0.0010240178720698767,2.0258280502705404,0.46807088022793336
36,grid_0.2850,grid,0.285,5010.87259475943,grid,,0.6,0.4029527161714638,0.21991021636185062,0.047336383177458904,0.001024120082857044,2.025768715250727,0.4680706687001525
36,grid_0.3100,grid,0.31,6089.1295684619845,grid,,0.6,0.399474779705631,0.21981174012775792,0.047282468084581676,0.0010347330134113097,2.0203436642938586,0.468063800545941
36,grid_0.3300,grid,0.33,7038.676802190931,grid,,0.6,0.39684533328986915,0.21974209054872948,0.04724284783472386,0.0010437385240021635,2.0164223422482777,0.46807274054685843
36,grid_0.3434,grid,0.3434,7753.926759972636,grid,,0.6,0.3951526883214218,0.21969899094255393,0.04721782036149395,0.001049826259682446,2.0139727615434615,0.4680834794351354
36,grid_0.3600,grid,0.36,8903.354638349423,grid,,0.6,0.39312769357873784,0.21964917296594424,0.04718837332264367,0.0010573858619796206,2.0111112661446864,0.4681004893268823
36,grid_0.3649,grid,0.3649,9262.867544949975,grid,,0.6,0.39254440490954645,0.21963515862331628,0.04717999243011937,0.001059610473369943,2.010300277115775,0.4681061719049737
36,rtp10000,rtp,0.37458940912102445,10000.0,grid,,0.6,0.39140938748134285,0.21960820640834358,0.047163795689558786,0.0010639686323308528,2.0087385376287665,0.4681180091757235
36,grid_0.4000,grid,0.4,12120.902809563271,grid,,0.6,0.3885428236859824,0.2195419574760666,0.047123566079778495,0.001075105012644545,2.004885100370761,0.4681518326965795
36,grid_0.4500,grid,0.45,17112.494251084474,grid,,0.6,0.38331834630148903,0.21942694970010002,0.04705262802683599,0.001095558227854232,1.9981599655285087,0.46822384104236325
36,grid_0.4898,grid,0.4898,21932.76192879974,grid,,0.6,0.3795020966817979,0.21934717513883423,0.04700271830826536,0.001110464933121058,1.9934537095861347,0.4682813257127103
36,grid_0.5000,grid,0.5,23631.581721038136,grid,,0.6,0.37856712367574497,0.21932799699451727,0.0469907197811655,0.0011140504844614763,1.9923247472117938,0.4682956537824194
36,grid_0.5500,grid,0.55,33366.9097310575,grid,,0.6,0.37421055336251774,0.21923992701184564,0.046935883068282086,0.0011302625278773182,1.9871767481745326,0.46836237918797907
36,grid_0.5971,grid,0.5971,44923.92053746283,grid,,0.6,0.37041337500280225,0.2191643455300025,0.046889445726862544,0.0011435646247317799,1.982828070892233,0.4684191480138074
36,grid_0.6049,grid,0.6049,47084.64857092065,grid,,0.6,0.36981024458411343,0.21915236883725941,0.04688217409624677,0.0011455866707354156,1.98214817795412,0.4684279208085375
36,grid_0.6500,grid,0.65,61082.56738369445,grid,,0.6,0.3664520861046051,0.2190856300968119,0.04684220149226643,0.001156311822650663,1.9784153762003716,0.46847511423218013
36,grid_0.7139,grid,0.7139,86713.10306373138,grid,,0.6,0.36203745318569247,0.21899875708672742,0.046791092743300955,0.0011693628622304886,1.9736234008477458,0.46853293905544824
36,grid_0.7892,grid,0.7892,134629.0419446699,grid,,0.6,0.3572673300301314,0.2189030419223006,0.04673714262275787,0.001181399140078615,1.968598767124217,0.468587696910155
36,grid_0.8000,grid,0.8,142900.9213337607,grid,,0.6,0.3566165849991536,0.21888969173316547,0.0467298580599065,0.001182839087133708,1.9679261807236084,0.468594443678703
36,grid_0.8904,grid,0.8904,228565.63496793807,grid,,0.6,0.3514532495028108,0.21878111412001341,0.0466724916959908,0.0011926841996035276,1.9627086071951894,0.4686412416987925
36,grid_0.9500,grid,0.95,303707.3568420157,grid,,0.6,0.3482906927654868,0.21871052954411052,0.04663754810714428,0.0011967476263209653,1.9596324159461667,0.46866211943985125
36,grid_1.0112,grid,1.0112,399395.33375388547,grid,,0.6,0.34521020890393994,0.21863720104610054,0.04660339217043104,0.0011988335108419484,1.9567401266526627,0.4686754022895646
36,grid_1.1500,grid,1.15,796649.174458646,grid,,0.6,0.33875231802179734,0.2184728734403569,0.04653117895780528,0.0011992174714809262,1.9510436312476798,0.4686852076480237
36,grid_1.3368,grid,1.3368,1787258.3730422247,grid,,0.6,0.3307920874445066,0.21821382246348697,0.04643295582113008,0.0011843164929961347,1.9453172636287088,0.46863908927398634
36,grid_1.8039,grid,1.8039,,grid,,0.6,0.3102256857149128,0.21680961491592862,0.046080065548096544,0.0009263435718967206,1.9463248847218984,0.46739181216290443
36,rtp475,rtp,0.06151882720206882,475.0,grid,,0.65,0.4478293799029748,0.22756579085820952,0.049170547304891454,0.0026156418640309043,2.1890638033614676,0.4901627496050902
36,grid_0.1645,grid,0.1645,1687.8941003886077,grid,,0.65,0.43143512604291706,0.2230766699023988,0.04846022982014614,0.0013029708345976554,2.06687594202561,0.46919338195393323
36,rtp2500,rtp,0.20442171645403368,2500.0,grid,,0.65,0.42582386178520015,0.22268777080249672,0.04832507814066823,0.0012647651243170854,2.0492562085970056,0.46843814570682846
36,grid_0.2109,grid,0.2109,2645.6779770032454,grid,,0.65,0.42497123153458516,0.22264056299650786,0.04830601152790211,0.0012628087634998786,2.0468898006755056,0.46837147648629845
36,grid_0.2423,grid,0.2423,3439.7131855306598,grid,,0.65,0.421045911393157,0.2224503567955036,0.048222100856712594,0.0012620603817342646,2.0367927443713416,0.4681669434299473
36,grid_0.2700,grid,0.27,4420.657408419983,grid,,0.65,0.41784490258255486,0.2223206415590714,0.04815773730790646,0.0012687303553306495,2.0293553812308014,0.4680891633921515
36,rtp5000,rtp,0.2847423800220127,5000.0,grid,,0.65,0.4162308625670399,0.2222615050274852,0.04812645997807792,0.0012737166390049126,2.0258280502705404,0.46807088022793336
36,grid_0.2850,grid,0.285,5010.87259475943,grid,,0.65,0.41620318485867114,0.22226052567968432,0.04812593038042604,0.0012738108949835736,2.025768715250727,0.4680706687001525
36,grid_0.3100,grid,0.31,6089.1295684619845,grid,,0.65,0.41359870140173466,0.2221729830083291,0.04807705033911424,0.0012837840397050548,2.0203436642938586,0.468063800545941
36,grid_0.3300,grid,0.33,7038.676802190931,grid,,0.65,0.41162294272304023,0.22211147849168048,0.04804112437357881,0.0012923845041814264,2.0164223422482777,0.46807274054685843
36,grid_0.3434,grid,0.3434,7753.926759972636,grid,,0.65,0.41034826929297713,0.222073518380616,0.04801842811481718,0.0012982194511286238,2.0139727615434615,0.4680834794351354
36,grid_0.3600,grid,0.36,8903.354638349423,grid,,0.65,0.40882081236210027,0.22202974491801838,0.04799172170061813,0.0013054859277421837,2.0111112661446864,0.4681004893268823
36,grid_0.3649,grid,0.3649,9262.867544949975,grid,,0.65,0.40838038169522983,0.22201745015903462,0.0479841203179366,0.0013076278571828304,2.010300277115775,0.4681061719049737
36,rtp10000,rtp,0.37458940912102445,10000.0,grid,,0.65,0.4075227134842671,0.22199380344567163,0.047969429523049216,0.0013118192452262756,2.0087385376287665,0.4681180091757235
36,grid_0.4000,grid,0.4,12120.902809563271,grid,,0.65,0.40535329053009594,0.22193565832541504,0.047932937319057595,0.0013224991172777756,2.004885100370761,0.4681518326965795
36,grid_0.4500,grid,0.45,17112.494251084474,grid,,0.65,0.40138863543073316,0.22183440544314573,0.04786857988066734,0.0013419235576466182,1.9981599655285087,0.46822384104236325
36,grid_0.4898,grid,0.4898,21932.76192879974,grid,,0.65,0.3984856952324292,0.22176380900094667,0.047823292949329174,0.0013558940332791813,1.9934537095861347,0.4682813257127103
36,grid_0.5000,grid,0.5,23631.581721038136,grid,,0.65,0.3977736806443468,0.22174675711433905,0.04781240487069856,0.001359219420027119,1.9923247472117938,0.4682956537824194
36,grid_0.5500,grid,0.55,33366.9097310575,grid,,0.65,0.39445191420512415,0.22166791857184015,0.04776263975112087,0.0013740263728510838,1.9871767481745326,0.46836237918797907
36,grid_0.5971,grid,0.5971,44923.92053746283,grid,,0.65,0.3915515867274977,0.2215994466902141,0.04772049287265465,0.001385821900754397,1.982828070892233,0.4684191480138074
36,grid_0.6049,grid,0.6049,47084.64857092065,grid,,0.65,0.3910904737983303,0.2215885163531365,0.047713892750132575,0.001387577829451675,1.98214817795412,0.4684279208085375
36,grid_0.6500,grid,0.65,61082.56738369445,grid,,0.65,0.3885210223494307,0.22152715175613444,0.04767761002323749,0.0013966689419479261,1.9784153762003716,0.46847511423218013
36,grid_0.7139,grid,0.7139,86713.10306373138,grid,,0.65,0.3851394713578832,0.22144638647951398,0.04763121373495425,0.0014072883498800204,1.9736234008477458,0.46853293905544824
36,grid_0.7892,grid,0.7892,134629.0419446699,grid,,0.65,0.3814778482887886,0.22135582174418816,0.047582234134045935,0.0014161656859988658,1.968598767124217,0.468587696910155
36,grid_0.8000,grid,0.8,142900.9213337607,grid,,0.65,0.3809775347809112,0.22134305149708133,0.04757562050532227,0.0014171259407173287,1.9679261807236084,0.468594443678703
36,grid_0.8904,grid,0.8904,228565.63496793807,grid,,0.65,0.37699941204117526,0.22123813305821186,0.04752353469045812,0.0014227768286249332,1.9627086071951894,0.4686412416987925
36,grid_0.9500,grid,0.95,303707.3568420157,grid,,0.65,0.3745536830711461,0.22116884235942025,0.04749180629348184,0.0014238505371242383,1.9596324159461667,0.46866211943985125
36,grid_1.0112,grid,1.0112,399395.33375388547,grid,,0.65,0.3721624088032299,0.22109595706861787,0.047460793204493625,0.0014226290275944908,1.9567401266526627,0.4686754022895646
36,grid_1.1500,grid,1.15,796649.174458646,grid,,0.65,0.3671149555620425,0.22093029681359744,0.04739521635708039,0.001414979693063867,1.9510436312476798,0.4686852076480237
36,grid_1.3368,grid,1.3368,1787258.3730422247,grid,,0.65,0.36074981688124125,0.22066242518185888,0.04730601721504919,0.0013858886720902741,1.9453172636287088,0.46863908927398634
36,grid_1.8039,grid,1.8039,,grid,,0.65,0.3427069488895574,0.21915851024453256,0.046985441745067476,0.0010450108675354036,1.9463248847218984,0.46739181216290443
36,rtp475,rtp,0.06151882720206882,475.0,grid,,0.7,0.4517960643452607,0.22623981179947275,0.04803669800333934,0.003147754439721512,2.1890638033614676,0.4901627496050902
36,grid_0.1645,grid,0.1645,1687.8941003886077,grid,,0.7,0.445140994569651,0.22148128979667553,0.047416142758875825,0.0016378189711231395,2.06687594202561,0.46919338195393323
36,rtp2500,rtp,0.20442171645403368,2500.0,grid,,0.7,0.4420597703081088,0.22108851773569105,0.04729802117586937,0.0015821114986956097,2.0492562085970056,0.46843814570682846
36,grid_0.2109,grid,0.2109,2645.6779770032454,grid,,0.7,0.4415772024954257,0.22104186499652964,0.047281352966315665,0.0015781531148283678,2.0468898006755056,0.46837147648629845
36,grid_0.2423,grid,0.2423,3439.7131855306598,grid,,0.7,0.4393164132236982,0.2208566184352605,0.04720798466098868,0.001569661245669568,2.0367927443713416,0.4681669434299473
36,grid_0.2700,grid,0.27,4420.657408419983,grid,,0.7,0.43743294223816115,0.22073299226579893,0.047151694079419514,0.0015713597951937386,2.0293553812308014,0.4680891633921515
36,rtp5000,rtp,0.2847423800220127,5000.0,grid,,0.7,0.43647172199292733,0.22067732298454512,0.04712433558627982,0.0015741452933454303,2.0258280502705404,0.46807088022793336
36,grid_0.2850,grid,0.285,5010.87259475943,grid,,0.7,0.43645518189520155,0.22067640527183935,0.04712387232259795,0.0015742035211031291,2.025768715250727,0.4680706687001525
36,grid_0.3100,grid,0.31,6089.1295684619845,grid,,0.7,0.4348908468716592,0.22059490121462652,0.047081111677279235,0.0015809987646115964,2.0203436642938586,0.468063800545941
36,grid_0.3300,grid,0.33,7038.676802190931,grid,,0.7,0.4336941148500206,0.22053813468698422,0.04704967955759416,0.0015873892936202338,2.0164223422482777,0.46807274054685843
36,grid_0.3434,grid,0.3434,7753.926759972636,grid,,0.7,0.43291778593113434,0.22050323262864313,0.0470298206465234,0.0015918549531581117,2.0139727615434615,0.4680834794351354
36,grid_0.3600,grid,0.36,8903.354638349423,grid,,0.7,0.43198375067330386,0.2204631319951145,0.04700645144843723,0.001597541120658047,2.0111112661446864,0.4681004893268823
36,grid_0.3649,grid,0.3649,9262.867544949975,grid,,0.7,0.43171374680609664,0.22045189721837577,0.04699979959059919,0.0015992393965821305,2.010300277115775,0.4681061719049737
36,rtp10000,rtp,0.37458940912102445,10000.0,grid,,0.7,0.4311869982648352,0.22043029537670517,0.0469869435334167,0.0016025715864447787,2.0087385376287665,0.4681180091757235
36,grid_0.4000,grid,0.4,12120.902809563271,grid,,0.7,0.4298496139806884,0.22037720926790189,0.04695500671030207,0.0016111076544065572,2.004885100370761,0.4681518326965795
36,grid_0.4500,grid,0.45,17112.494251084474,grid,,0.7,0.42738930487196414,0.22028462093133103,0.0468986765432283,0.0016266376756318979,1.9981599655285087,0.46822384104236325
36,grid_0.4898,grid,0.4898,21932.76192879974,grid,,0.7,0.4255773966636349,0.22021983643078696,0.04685903354775346,0.001637742809849102,1.9934537095861347,0.4682813257127103
36,grid_0.5000,grid,0.5,23631.581721038136,grid,,0.7,0.425131770522061,0.2202041243607798,0.046849501776124236,0.0016403546093735344,1.9923247472117938,0.4682956537824194
36,grid_0.5500,grid,0.55,33366.9097310575,grid,,0.7,0.42304658758227925,0.22013101268728918,0.04680593344845568,0.0016517292982757836,1.9871767481745326,0.46836237918797907
36,grid_0.5971,grid,0.5971,44923.92053746283,grid,,0.7,0.4212182271678998,0.2200667829712614,0.046769031772191764,0.0016603571951284979,1.982828070892233,0.4684191480138074
36,grid_0.6049,grid,0.6049,47084.64857092065,grid,,0.7,0.42092688015460383,0.22005645586708847,0.046763252799756586,0.0016615909690272657,1.98214817795412,0.4684279208085375
36,grid_0.6500,grid,0.65,61082.56738369445,grid,,0.7,0.4193003095263684,0.21999805389171534,0.046731483138905974,0.0016676605772361075,1.9784153762003716,0.46847511423218013
36,grid_0.7139,grid,0.7139,86713.10306373138,grid,,0.7,0.41715391622330555,0.2199204182901693,0.04669085407281997,0.0016741363081030636,1.9736234008477458,0.46853293905544824
36,grid_0.7892,grid,0.7892,134629.0419446699,grid,,0.7,0.4148179880537493,0.21983189097322417,0.04664796001799259,0.0016781002708709247,1.968598767124217,0.468587696910155
36,grid_0.8000,grid,0.8,142900.9213337607,grid,,0.7,0.4144976255382148,0.2198192798889488,0.0466421679636218,0.0016783478472742197,1.9679261807236084,0.468594443678703
36,grid_0.8904,grid,0.8904,228565.63496793807,grid,,0.7,0.4119379371244421,0.2197147431491021,0.04659655028281864,0.0016780180742572703,1.9627086071951894,0.4686412416987925
36,grid_0.9500,grid,0.95,303707.3568420157,grid,,0.7,0.4103508016170681,0.21964477156643603,0.046568761029207484,0.0016750646472643849,1.9596324159461667,0.46866211943985125
36,grid_1.0112,grid,1.0112,399395.33375388547,grid,,0.7,0.4087857925359633,0.21957039644842044,0.04654159836573034,0.0016695606307861877,1.9567401266526627,0.4686754022895646
36,grid_1.1500,grid,1.15,796649.174458646,grid,,0.7,0.4054326639579626,0.21939934957144014,0.046484157311699886,0.0016519172806711002,1.9510436312476798,0.4686852076480237
36,grid_1.3368,grid,1.3368,1787258.3730422247,grid,,0.7,0.4009983929226451,0.21911670197524577,0.04640602278555998,0.0016061062989486952,1.9453172636287088,0.46863908927398634
36,grid_1.8039,grid,1.8039,,grid,,0.7,0.386205105360705,0.21749874245980122,0.0461251374298884,0.0011805655417065353,1.9463248847218984,0.46739181216290443
36,rtp475,rtp,0.06151882720206882,475.0,grid,,0.75,0.4645451324933786,0.22376532943637478,0.0471618680804205,0.0029090545773488297,2.1890638033614676,0.4901627496050902
36,grid_0.1645,grid,0.1645,1687.8941003886077,grid,,0.75,0.45971417623057287,0.21910454388875134,0.046524191514300844,0.0014826096383969145,2.06687594202561,0.46919338195393323
36,rtp2500,rtp,0.20442171645403368,2500.0,grid,,0.75,0.4570979460456005,0.21871240363049999,0.04640288706600967,0.0014322284358210813,2.0492562085970056,0.46843814570682846
36,grid_0.2109,grid,0.2109,2645.6779770032454,grid,,0.75,0.45668306909042405,0.2186656187705013,0.0463857726584143,0.0014288801738719104,2.0468898006755056,0.46837147648629845
36,grid_0.2423,grid,0.2423,3439.7131855306598,grid,,0.75,0.45472540900212766,0.218479351436742,0.04631044875191514,0.0014227782523042742,2.0367927443713416,0.4681669434299473
36,grid_0.2700,grid,0.27,4420.657408419983,grid,,0.75,0.453080010626479,0.2183546344264447,0.04625266652429957,0.0014260798512067407,2.0293553812308014,0.4680891633921515
36,rtp5000,rtp,0.2847423800220127,5000.0,grid,,0.75,0.45223603678833346,0.21829837468742744,0.04622458566032116,0.0014295947308513024,2.0258280502705404,0.46807088022793336
36,grid_0.2850,grid,0.285,5010.87259475943,grid,,0.75,0.45222149262530525,0.2182974470463499,0.046224110178420645,0.0014296652085332984,2.025768715250727,0.4680706687001525
36,grid_0.3100,grid,0.31,6089.1295684619845,grid,,0.75,0.45084285743438635,0.21821502893660052,0.046180223687112526,0.0014375751666888814,2.0203436642938586,0.468063800545941
36,grid_0.3300,grid,0.33,7038.676802190931,grid,,0.75,0.44978426896233886,0.2181576023837648,0.046147966338663936,0.0014447731391688812,2.0164223422482777,0.46807274054685843
36,grid_0.3434,grid,0.3434,7753.926759972636,grid,,0.75,0.44909586561870474,0.2181222941536827,0.04612758702358662,0.0014497481832790593,2.0139727615434615,0.4680834794351354
36,grid_0.3600,grid,0.36,8903.354638349423,grid,,0.75,0.4482660670217416,0.21808175223510656,0.04610360634703803,0.0014560443108963816,2.0111112661446864,0.4681004893268823
36,grid_0.3649,grid,0.3649,9262.867544949975,grid,,0.75,0.44802590060469083,0.21807039973615952,0.046096780638526735,0.0014579186025616697,2.010300277115775,0.4681061719049737
36,rtp10000,rtp,0.37458940912102445,10000.0,grid,,0.75,0.44755696425788444,0.21804857630756574,0.04608358879106563,0.001461592838690684,2.0087385376287665,0.4681180091757235
36,grid_0.4000,grid,0.4,12120.902809563271,grid,,0.75,0.44636418528554095,0.21799498933767814,0.04605081905492762,0.0014709963214067923,2.004885100370761,0.4681518326965795
36,grid_0.4500,grid,0.45,17112.494251084474,grid,,0.75,0.44416251050107036,0.21790173718732456,0.045993023721789414,0.0014881433474644434,1.9981599655285087,0.46822384104236325
36,grid_0.4898,grid,0.4898,21932.76192879974,grid,,0.75,0.44253582334599056,0.21783671571210403,0.04595235248307196,0.001500482229164074,1.9934537095861347,0.4682813257127103
36,grid_0.5000,grid,0.5,23631.581721038136,grid,,0.75,0.4421351150177214,0.21782097866228142,0.045942573843486746,0.0015034049019073126,1.9923247472117938,0.4682956537824194
36,grid_0.5500,grid,0.55,33366.9097310575,grid,,0.75,0.4402569254461062,0.21774791510483496,0.045897878529354036,0.0015162760031483813,1.9871767481745326,0.46836237918797907
36,grid_0.5971,grid,0.5971,44923.92053746283,grid,,0.75,0.43860599755059126,0.2176839473061395,0.04586002406567636,0.001526276849105751,1.982828070892233,0.4684191480138074
36,grid_0.6049,grid,0.6049,47084.64857092065,grid,,0.75,0.43834258530870646,0.21767367826539363,0.04585409601933464,0.0015277341902514563,1.98214817795412,0.4684279208085375
36,grid_0.6500,grid,0.65,61082.56738369445,grid,,0.75,0.43687031969307266,0.2176156823480811,0.045821507419669616,0.001535077784151323,1.9784153762003716,0.46847511423218013
36,grid_0.7139,grid,0.7139,86713.10306373138,grid,,0.75,0.4349239678453145,0.2175388308737449,0.04577983323995741,0.0015433096979583782,1.9736234008477458,0.46853293905544824
36,grid_0.7892,grid,0.7892,134629.0419446699,grid,,0.75,0.4328005663932351,0.2174513753349925,0.045735837409183744,0.001549263225896047,1.968598767124217,0.468587696910155
36,grid_0.8000,grid,0.8,142900.9213337607,grid,,0.75,0.43250891414609005,0.21743892506964846,0.045729896663984325,0.001549789471459867,1.9679261807236084,0.468594443678703
36,grid_0.8904,grid,0.8904,228565.63496793807,grid,,0.75,0.43017490838772415,0.21733588192885117,0.045683109168651335,0.0015517764051402039,1.9627086071951894,0.4686412416987925
36,grid_0.9500,grid,0.95,303707.3568420157,grid,,0.75,0.42872417019459264,0.2172669669834311,0.045654607841203676,0.0015503271009756625,1.9596324159461667,0.46866211943985125
36,grid_1.0112,grid,1.0112,399395.33375388547,grid,,0.75,0.4272906849724534,0.2171936752657595,0.045626749108193226,0.0015463434672549625,1.9567401266526627,0.4686754022895646
36,grid_1.1500,grid,1.15,796649.174458646,grid,,0.75,0.4242099436241693,0.2170250904178922,0.04556783945167506,0.001532050419219222,1.9510436312476798,0.4686852076480237
36,grid_1.3368,grid,1.3368,1787258.3730422247,grid,,0.75,0.42010448433175934,0.2167455035592277,0.045487708331155625,0.001490904981987562,1.9453172636287088,0.46863908927398634
36,grid_1.8039,grid,1.8039,,grid,,0.75,0.4061758164560871,0.2151555672449466,0.04519968862392567,0.001092229492569069,1.9463248847218984,0.46739181216290443
36,rtp475,rtp,0.06151882720206882,475.0,grid,,0.8,0.46874977893189634,0.22223657308161837,0.046907983608105656,0.002481110806955844,2.1890638033614676,0.4901627496050902
36,grid_0.1645,grid,0.1645,1687.8941003886077,grid,,0.8,0.46724914286226243,0.2179013768349581,0.04626409327085112,0.001216916755719305,2.06687594202561,0.46919338195393323
36,rtp2500,rtp,0.20442171645403368,2500.0,grid,,0.8,0.4657440642030618,0.21751225802967625,0.046141712251148964,0.0011698701420194968,2.0492562085970056,0.46843814570682846
36,grid_0.2109,grid,0.2109,2645.6779770032454,grid,,0.8,0.46549634802722434,0.21746490673358188,0.04612444871345934,0.0011665369471861309,2.0468898006755056,0.46837147648629845
36,grid_0.2423,grid,0.2423,3439.7131855306598,grid,,0.8,0.46430245621721383,0.21727378564150102,0.04604847579770174,0.0011594221292871854,2.0367927443713416,0.4681669434299473
36,grid_0.2700,grid,0.27,4420.657408419983,grid,,0.8,0.46327333102823487,0.21714325628095754,0.04599020321020112,0.0011609905380964847,2.0293553812308014,0.4680891633921515
36,rtp5000,rtp,0.2847423800220127,5000.0,grid,,0.8,0.4627378840387129,0.21708363549741524,0.04596188616904667,0.0011634186317279749,2.0258280502705404,0.46807088022793336
36,grid_0.2850,grid,0.285,5010.87259475943,grid,,0.8,0.4627286200528232,0.21708264879678718,0.045961406699988265,0.0011634697086409795,2.025768715250727,0.4680706687001525
36,grid_0.3100,grid,0.31,6089.1295684619845,grid,,0.8,0.46184529667853175,0.21699449510943725,0.04591715384841677,0.0011694570593828169,2.0203436642938586,0.468063800545941
36,grid_0.3300,grid,0.33,7038.676802190931,grid,,0.8,0.46116024085958557,0.21693252143161612,0.04588462913300924,0.0011750897216693534,2.0164223422482777,0.46807274054685843
36,grid_0.3434,grid,0.3434,7753.926759972636,grid,,0.8,0.4607117831196483,0.21689421560698824,0.04586408166542304,0.0011790190983476667,2.0139727615434615,0.4680834794351354
36,grid_0.3600,grid,0.36,8903.354638349423,grid,,0.8,0.46016860476749666,0.21685008108183032,0.045839903877813816,0.0011840537873825663,2.0111112661446864,0.4681004893268823
36,grid_0.3649,grid,0.3649,9262.867544949975,grid,,0.8,0.46001091454556187,0.21683769347851006,0.045833022222364406,0.0011855630907158798,2.010300277115775,0.4681061719049737
36,rtp10000,rtp,0.37458940912102445,10000.0,grid,,0.8,0.45970231840815645,0.21681385240916776,0.04581972241000859,0.0011885241864957874,2.0087385376287665,0.4681180091757235
36,grid_0.4000,grid,0.4,12120.902809563271,grid,,0.8,0.4589136904748924,0.2167551882969534,0.04578668543395616,0.0011961262196915623,2.004885100370761,0.4681518326965795
36,grid_0.4500,grid,0.45,17112.494251084474,grid,,0.8,0.45744568726376955,0.2166529175424855,0.045728421851058056,0.0012100648286129667,1.9981599655285087,0.46822384104236325
36,grid_0.4898,grid,0.4898,21932.76192879974,grid,,0.8,0.45635278274779206,0.21658168074668296,0.04568742344578746,0.0012202009892706422,1.9934537095861347,0.4682813257127103
36,grid_0.5000,grid,0.5,23631.581721038136,grid,,0.8,0.45608255673992104,0.21656447518750013,0.04567756641543161,0.0012226054978057566,1.9923247472117938,0.4682956537824194
36,grid_0.5500,grid,0.55,33366.9097310575,grid,,0.8,0.45481071562674114,0.21648488964430695,0.04563251391033226,0.0012331935339754962,1.9871767481745326,0.46836237918797907
36,grid_0.5971,grid,0.5971,44923.92053746283,grid,,0.8,0.45368605563734093,0.21641570287359613,0.04559435828296244,0.0012413981673101981,1.982828070892233,0.4684191480138074
36,grid_0.6049,grid,0.6049,47084.64857092065,grid,,0.8,0.45350602926926087,0.21640464536331683,0.04558838317594504,0.001242587358877889,1.98214817795412,0.4684279208085375
36,grid_0.6500,grid,0.65,61082.56738369445,grid,,0.8,0.45249701652383645,0.21634247191285802,0.04555553630434671,0.0012485288490190483,1.9784153762003716,0.46847511423218013
36,grid_0.7139,grid,0.7139,86713.10306373138,grid,,0.8,0.4511576214557,0.21626076835843677,0.04551353348250184,0.001255186448479606,1.9736234008477458,0.46853293905544824
36,grid_0.7892,grid,0.7892,134629.0419446699,grid,,0.8,0.44968645410616165,0.21616882992445222,0.04546919189077493,0.0012597711401318157,1.968598767124217,0.468587696910155
36,grid_0.8000,grid,0.8,142900.9213337607,grid,,0.8,0.44948345497979736,0.21615583104888186,0.04546320451974605,0.001260138776686709,1.9679261807236084,0.468594443678703
36,grid_0.8904,grid,0.8904,228565.63496793807,grid,,0.8,0.44785028065980576,0.21604914114414359,0.04541605075191482,0.0012611806372072598,1.9627086071951894,0.4686412416987925
36,grid_0.9500,grid,0.95,303707.3568420157,grid,,0.8,0.4468261667241658,0.21597865333138672,0.04538732671245205,0.0012594519823872774,1.9596324159461667,0.46866211943985125
36,grid_1.0112,grid,1.0112,399395.33375388547,grid,,0.8,0.4458059040281618,0.2159043573726449,0.0453592502493388,0.001255441283155967,1.9567401266526627,0.4686754022895646
36,grid_1.1500,grid,1.15,796649.174458646,grid,,0.8,0.443584872280747,0.21573524163227628,0.045299882702886825,0.001241811779249813,1.9510436312476798,0.4686852076480237
36,grid_1.3368,grid,1.3368,1787258.3730422247,grid,,0.8,0.440514065075839,0.21545897389828808,0.04521912955659304,0.0012034398767101495,1.9453172636287088,0.46863908927398634
36,grid_1.8039,grid,1.8039,,grid,,0.8,0.4290971404539259,0.21396535302574668,0.04492890617176498,0.0008522661236674278,1.9463248847218984,0.46739181216290443
36,rtp475,rtp,0.06151882720206882,475.0,grid,,0.85,0.48155072997341825,0.22350214300160312,0.04714844583978217,0.002804762086526885,2.1890638033614676,0.4901627496050902
36,grid_0.1645,grid,0.1645,1687.8941003886077,grid,,0.85,0.48370752953400964,0.21901667239600206,0.04651079593788131,0.001457506849536383,2.06687594202561,0.46919338195393323
36,rtp2500,rtp,0.20442171645403368,2500.0,grid,,0.85,0.4832519228412287,0.21861261989557532,0.04638964207088477,0.0014018355067225152,2.0492562085970056,0.46843814570682846
36,grid_0.2109,grid,0.2109,2645.6779770032454,grid,,0.85,0.48315917807228376,0.21856366290641213,0.04637255213714226,0.0013975226059254886,2.0468898006755056,0.46837147648629845
36,grid_0.2423,grid,0.2423,3439.7131855306598,grid,,0.85,0.48266594812057406,0.21836666796071666,0.046297344164168,0.0013866575120978775,2.0367927443713416,0.4681669434299473
36,grid_0.2700,grid,0.27,4420.657408419983,grid,,0.85,0.48219495458260436,0.21823275823715074,0.04623965918698489,0.0013858775808097967,2.0293553812308014,0.4680891633921515
36,rtp5000,rtp,0.2847423800220127,5000.0,grid,,0.85,0.4819369868560098,0.21817173734792147,0.0462116278660871,0.0013872791113233307,2.0258280502705404,0.46807088022793336
36,grid_0.2850,grid,0.285,5010.87259475943,grid,,0.85,0.4819324621349537,0.21817072861391457,0.046211153236407856,0.0013873135875185072,2.025768715250727,0.4680706687001525
36,grid_0.3100,grid,0.31,6089.1295684619845,grid,,0.85,0.4814924251213203,0.21808072791875788,0.04616734722797137,0.0013918566616039352,2.0203436642938586,0.468063800545941
36,grid_0.3300,grid,0.33,7038.676802190931,grid,,0.85,0.48114014597581,0.21801754043567287,0.046135151086417206,0.0013964968512030496,2.0164223422482777,0.46807274054685843
36,grid_0.3434,grid,0.3434,7753.926759972636,grid,,0.85,0.4809048632809355,0.2179784879281089,0.04611481123111842,0.0013998099683062981,2.0139727615434615,0.4680834794351354
36,grid_0.3600,grid,0.36,8903.354638349423,grid,,0.85,0.48061581454457974,0.21793351444829306,0.046090877807652635,0.0014041389121317305,2.0111112661446864,0.4681004893268823
36,grid_0.3649,grid,0.3649,9262.867544949975,grid,,0.85,0.48053117019428493,0.21792089798330833,0.04608406571237499,0.0014054520654764868,2.010300277115775,0.4681061719049737
36,rtp10000,rtp,0.37458940912102445,10000.0,grid,,0.85,0.48036445752728163,0.2178966052515776,0.04607090034093775,0.0014080302392240895,2.0087385376287665,0.4681180091757235
36,grid_0.4000,grid,0.4,12120.902809563271,grid,,0.85,0.4799329039781102,0.21783678611605503,0.04603819734659342,0.0014146680387784882,2.004885100370761,0.4681518326965795
36,grid_0.4500,grid,0.45,17112.494251084474,grid,,0.85,0.4791114856505656,0.21773222666578385,0.04598052292674479,0.001426799602095491,1.9981599655285087,0.46822384104236325
36,grid_0.4898,grid,0.4898,21932.76192879974,grid,,0.85,0.478488183694266,0.21765914280786502,0.045939939285879514,0.001435563161975073,1.9934537095861347,0.4682813257127103
36,grid_0.5000,grid,0.5,23631.581721038136,grid,,0.85,0.4783326898290863,0.21764144951542932,0.045930181977853465,0.001437618569323701,1.9923247472117938,0.4682956537824194
36,grid_0.5500,grid,0.55,33366.9097310575,grid,,0.85,0.4775935638076743,0.21755929198460555,0.04588558532433398,0.0014464602045088648,1.9871767481745326,0.46836237918797907
36,grid_0.5971,grid,0.5971,44923.92053746283,grid,,0.85,0.47693074987270784,0.21748739796326277,0.04584781582202701,0.001452952450803624,1.982828070892233,0.4684191480138074
36,grid_0.6049,grid,0.6049,47084.64857092065,grid,,0.85,0.4768238465421037,0.21747586049873066,0.04584190118249747,0.0014538487171658898,1.98214817795412,0.4684279208085375
36,grid_0.6500,grid,0.65,61082.56738369445,grid,,0.85,0.47622091316660314,0.21741073796838897,0.045809386722088584,0.0014580422618709066,1.9784153762003716,0.46847511423218013
36,grid_0.7139,grid,0.7139,86713.10306373138,grid,,0.85,0.47541336723483846,0.21732469041161442,0.04576780898508599,0.0014622120774180625,1.9736234008477458,0.46853293905544824
36,grid_0.7892,grid,0.7892,134629.0419446699,grid,,0.85,0.4745119912656339,0.2172269240649894,0.04572391615864229,0.0014636203800943715,1.968598767124217,0.468587696910155
36,grid_0.8000,grid,0.8,142900.9213337607,grid,,0.85,0.47438620445537094,0.21721301770157075,0.04571798938423252,0.0014635056747903663,1.9679261807236084,0.468594443678703
36,grid_0.8904,grid,0.8904,228565.63496793807,grid,,0.85,0.47336008502507293,0.21709825413153236,0.04567131285607508,0.0014603390908843328,1.9627086071951894,0.4686412416987925
36,grid_0.9500,grid,0.95,303707.3568420157,grid,,0.85,0.4727018519938742,0.21702185832027793,0.04564287953432007,0.001455607454466712,1.9596324159461667,0.46866211943985125
36,grid_1.0112,grid,1.0112,399395.33375388547,grid,,0.85,0.4720320545283906,0.2169408328756516,0.0456150872344872,0.0014482377342941999,1.9567401266526627,0.4686754022895646
36,grid_1.1500,grid,1.15,796649.174458646,grid,,0.85,0.4705229844404874,0.2167546983952111,0.045556320573026124,0.0014262787033728075,1.9510436312476798,0.4686852076480237
36,grid_1.3368,grid,1.3368,1787258.3730422247,grid,,0.85,0.4682344881250077,0.21644541521654787,0.045476384771500004,0.0013722329967638114,1.9453172636287088,0.46863908927398634
36,grid_1.8039,grid,1.8039,,grid,,0.85,0.4578762050035459,0.21477430651488313,0.045189099191380824,0.0009389035475681484,1.9463248847218984,0.46739181216290443
36,rtp475,rtp,0.06151882720206882,475.0,grid,,0.9,0.49443066235561234,0.22326941127128372,0.046598728199843044,0.0032505018095825844,2.1890638033614676,0.4901627496050902
36,grid_0.1645,grid,0.1645,1687.8941003886077,grid,,0.9,0.5008952066063788,0.21850801036738204,0.04597675844490785,0.0017689921498040828,2.06687594202561,0.46919338195393323
36,rtp2500,rtp,0.20442171645403368,2500.0,grid,,0.9,0.5016557816448103,0.21807828010633434,0.04585862346224492,0.0016995127918918995,2.0492562085970056,0.46843814570682846
36,grid_0.2109,grid,0.2109,2645.6779770032454,grid,,0.9,0.501742292363872,0.21802647191786112,0.045841959863227616,0.0016935825937222648,2.0468898006755056,0.46837147648629845
36,grid_0.2423,grid,0.2423,3439.7131855306598,grid,,0.9,0.5020586002989829,0.2178187743465605,0.04576862902598034,0.0016763894318574946,2.0367927443713416,0.4681669434299473
36,grid_0.2700,grid,0.27,4420.657408419983,grid,,0.9,0.5022314966836743,0.21767842324004047,0.045712384719578246,0.0016715112246919461,2.0293553812308014,0.4680891633921515
36,rtp5000,rtp,0.2847423800220127,5000.0,grid,,0.9,0.5022933548701836,0.21761467801151751,0.045685053658673216,0.001671094427383224,2.0258280502705404,0.46807088022793336
36,grid_0.2850,grid,0.285,5010.87259475943,grid,,0.9,0.502294291095464,0.21761362584710406,0.04568459088740529,0.001671099266918108,2.025768715250727,0.4680706687001525
36,grid_0.3100,grid,0.31,6089.1295684619845,grid,,0.9,0.5023648237054511,0.2175199364118297,0.04564187954524781,0.0016730431913586363,2.0203436642938586,0.468063800545941
36,grid_0.3300,grid,0.33,7038.676802190931,grid,,0.9,0.5023955563379575,0.21745432026044295,0.0456104881136377,0.0016758932862935838,2.0164223422482777,0.46807274054685843
36,grid_0.3434,grid,0.3434,7753.926759972636,grid,,0.9,0.5024055105537368,0.21741380115434025,0.045590656672394286,0.001678104259984714,2.0139727615434615,0.4680834794351354
36,grid_0.3600,grid,0.36,8903.354638349423,grid,,0.9,0.5024087007499078,0.2173671950820607,0.04556732156068936,0.0016811759371532786,2.0111112661446864,0.4681004893268823
36,grid_0.3649,grid,0.3649,9262.867544949975,grid,,0.9,0.5024080326168157,0.21735413470851972,0.04556067976933111,0.0016821401055582275,2.010300277115775,0.4681061719049737
36,rtp10000,rtp,0.37458940912102445,10000.0,grid,,0.9,0.5024044086715065,0.21732898238158646,0.04554784354175523,0.0016840430412606855,2.0087385376287665,0.4681180091757235
36,grid_0.4000,grid,0.4,12120.902809563271,grid,,0.9,0.5023831373658355,0.21726704517009945,0.04551595818000387,0.0016890107369421647,2.004885100370761,0.4681518326965795
36,grid_0.4500,grid,0.45,17112.494251084474,grid,,0.9,0.5023041245050208,0.21715864785435607,0.04545972589519893,0.0016981524427333028,1.9981599655285087,0.46822384104236325
36,grid_0.4898,grid,0.4898,21932.76192879974,grid,,0.9,0.5022196338254409,0.2170827398467786,0.04542015723404772,0.0017047587053364288,1.9934537095861347,0.4682813257127103
36,grid_0.5000,grid,0.5,23631.581721038136,grid,,0.9,0.5021957327937419,0.2170643331282922,0.04541064395684559,0.0017062807595846219,1.9923247472117938,0.4682956537824194
36,grid_0.5500,grid,0.55,33366.9097310575,grid,,0.9,0.5020674152438175,0.2169785881012678,0.0453671627345926,0.0017125449598270337,1.9871767481745326,0.46836237918797907
36,grid_0.5971,grid,0.5971,44923.92053746283,grid,,0.9,0.5019339215542824,0.21690312716468985,0.04533033797108864,0.0017166286027329725,1.982828070892233,0.4684191480138074
36,grid_0.6049,grid,0.6049,47084.64857092065,grid,,0.9,0.5019108094235762,0.21689097183526387,0.04532457127773663,0.0017171223859085982,1.98214817795412,0.4684279208085375
36,grid_0.6500,grid,0.65,61082.56738369445,grid,,0.9,0.5017731114290462,0.21682212068787712,0.04529287012696447,0.0017189618926238825,1.9784153762003716,0.46847511423218013
36,grid_0.7139,grid,0.7139,86713.10306373138,grid,,0.9,0.5015747086355018,0.21673072809505475,0.045252332433556135,0.001719876067056425,1.9736234008477458,0.46853293905544824
36,grid_0.7892,grid,0.7892,134629.0419446699,grid,,0.9,0.5013258697519773,0.21662594079600728,0.045209537581202955,0.0017172606445522987,1.968598767124217,0.468587696910155
36,grid_0.8000,grid,0.8,142900.9213337607,grid,,0.9,0.5012885135875859,0.21661095003675698,0.045203759065428936,0.0017165446103974968,1.9679261807236084,0.468594443678703
36,grid_0.8904,grid,0.8904,228565.63496793807,grid,,0.9,0.500957838937204,0.21648661907814137,0.04515825016911851,0.001708206070765772,1.9627086071951894,0.4686412416987925
36,grid_0.9500,grid,0.95,303707.3568420157,grid,,0.9,0.5007189604411457,0.2164032805074583,0.04513052812504124,0.0016998516893484417,1.9596324159461667,0.46866211943985125
36,grid_1.0112,grid,1.0112,399395.33375388547,grid,,0.9,0.500451101177864,0.21631437646674628,0.04510343106674238,0.0016884783994548513,1.9567401266526627,0.4686754022895646
36,grid_1.1500,grid,1.15,796649.174458646,grid,,0.9,0.4997598843639085,0.21610844688318553,0.045046134531122176,0.0016567262831404528,1.9510436312476798,0.4686852076480237
36,grid_1.3368,grid,1.3368,1787258.3730422247,grid,,0.9,0.49837624901722716,0.21576074854615823,0.04496819844230082,0.0015845021708977003,1.9453172636287088,0.46863908927398634
36,grid_1.8039,grid,1.8039,,grid,,0.9,0.48930646358765034,0.21388771205362556,0.04468810027314082,0.0010598530943938256,1.9463248847218984,0.46739181216290443
36,rtp475,rtp,0.06151882720206882,475.0,grid,,0.95,0.5057764498199142,0.22398089939989374,0.04703920980372949,0.0031282334922558275,2.1890638033614676,0.4901627496050902
36,grid_0.1645,grid,0.1645,1687.8941003886077,grid,,0.95,0.5164705548768236,0.2192959015822901,0.046426925800037225,0.0016637666507522408,2.06687594202561,0.46919338195393323
36,rtp2500,rtp,0.20442171645403368,2500.0,grid,,0.95,0.5185739660229816,0.21884952308869532,0.04631065144457306,0.001584462311576329,2.0492562085970056,0.46843814570682846
36,grid_0.2109,grid,0.2109,2645.6779770032454,grid,,0.95,0.5188615762056573,0.2187948757205547,0.04629424995113317,0.0015769476904398116,2.0468898006755056,0.46837147648629845
36,grid_0.2423,grid,0.2423,3439.7131855306598,grid,,0.95,0.5200947729877637,0.2185735634687268,0.04622207105509673,0.0015523315923208214,2.0367927443713416,0.4681669434299473
36,grid_0.2700,grid,0.27,4420.657408419983,grid,,0.95,0.521005886165033,0.21842184862939992,0.04616670861626156,0.0015413953424229243,2.0293553812308014,0.4680891633921515
36,rtp5000,rtp,0.2847423800220127,5000.0,grid,,0.95,0.5214370163263956,0.21835236497059005,0.04613980549833015,0.0015379497899196126,2.0258280502705404,0.46807088022793336
36,grid_0.2850,grid,0.285,5010.87259475943,grid,,0.95,0.5214442709133543,0.21835121499436322,0.04613934997053769,0.0015379031189769465,2.025768715250727,0.4680706687001525
36,grid_0.3100,grid,0.31,6089.1295684619845,grid,,0.95,0.5221073732488561,0.21824841342672216,0.04609730678976629,0.0015350631735151499,2.0203436642938586,0.468063800545941
36,grid_0.3300,grid,0.33,7038.676802190931,grid,,0.95,0.5225849166624479,0.2181760183318202,0.04606640590154896,0.0015343690735777904,2.0164223422482777,0.46807274054685843
36,grid_0.3434,grid,0.3434,7753.926759972636,grid,,0.95,0.522881910566909,0.21813119666940167,0.04604688410691013,0.0015343348535150625,2.0139727615434615,0.4680834794351354
36,grid_0.3600,grid,0.36,8903.354638349423,grid,,0.95,0.5232280178704123,0.21807954645988448,0.04602391315174448,0.0015347754324044338,2.0111112661446864,0.4681004893268823
36,grid_0.3649,grid,0.3649,9262.867544949975,grid,,0.95,0.5233260388644144,0.21806505529117154,0.04601737495688987,0.0015349933822518258,2.010300277115775,0.4681061719049737
36,rtp10000,rtp,0.37458940912102445,10000.0,grid,,0.95,0.5235142995464294,0.21803714210201783,0.04600473888781916,0.0015354564481963595,2.0087385376287665,0.4681180091757235
36,grid_0.4000,grid,0.4,12120.902809563271,grid,,0.95,0.5239768618327257,0.2179684002082139,0.04597335037989254,0.0015368731094355659,2.004885100370761,0.4681518326965795
36,grid_0.4500,grid,0.45,17112.494251084474,grid,,0.95,0.5247769711928336,0.21784830125403493,0.04591799333495253,0.0015398890243162322,1.9981599655285087,0.46822384104236325
36,grid_0.4898,grid,0.4898,21932.76192879974,grid,,0.95,0.5253328728474161,0.21776450497536745,0.04587903989051764,0.0015423397366491898,1.9934537095861347,0.4682813257127103
36,grid_0.5000,grid,0.5,23631.581721038136,grid,,0.95,0.5254656333144038,0.2177442565878285,0.045869674421415846,0.0015428868555702469,1.9923247472117938,0.4682956537824194
36,grid_0.5500,grid,0.55,33366.9097310575,grid,,0.95,0.5260659728221145,0.21765041322433115,0.045826868414211006,0.001544833962511094,1.9871767481745326,0.46836237918797907
36,grid_0.5971,grid,0.5971,44923.92053746283,grid,,0.95,0.5265658265311185,0.21756856124074206,0.04579061503913859,0.001545463801227942,1.982828070892233,0.4684191480138074
36,grid_0.6049,grid,0.6049,47084.64857092065,grid,,0.95,0.5266431502991404,0.2175554477430679,0.04578493778452529,0.0015454350581614595,1.98214817795412,0.4684279208085375
36,grid_0.6500,grid,0.65,61082.56738369445,grid,,0.95,0.5270638605035437,0.2174815595183081,0.04575372813359893,0.001544500596916465,1.9784153762003716,0.46847511423218013
36,grid_0.7139,grid,0.7139,86713.10306373138,grid,,0.95,0.5275981493330614,0.21738434722792388,0.045713818305477764,0.0015421361142328172,1.9736234008477458,0.46853293905544824
36,grid_0.7892,grid,0.7892,134629.0419446699,grid,,0.95,0.5281379258674175,0.21727428349309355,0.04567168581500839,0.0015364284524287952,1.968598767124217,0.468587696910155
36,grid_0.8000,grid,0.8,142900.9213337607,grid,,0.95,0.528207848403799,0.2172586599946005,0.04566599671267075,0.0015353286299786828,1.9679261807236084,0.468594443678703
36,grid_0.8904,grid,0.8904,228565.63496793807,grid,,0.95,0.5287256408654071,0.21713020004734307,0.0456211916287244,0.001524332143874818,1.9627086071951894,0.4686412416987925
36,grid_0.9500,grid,0.95,303707.3568420157,grid,,0.95,0.5290034379974368,0.2170452192452168,0.04559389815791144,0.0015147290392927837,1.9596324159461667,0.46866211943985125
36,grid_1.0112,grid,1.0112,399395.33375388547,grid,,0.95,0.529235941306683,0.21695546991181958,0.045567220026819524,0.001502455897838928,1.9567401266526627,0.4686754022895646
36,grid_1.1500,grid,1.15,796649.174458646,grid,,0.95,0.5295840526256952,0.21674984214016368,0.045510808325040286,0.0014696857427455856,1.9510436312476798,0.4686852076480237
36,grid_1.3368,grid,1.3368,1787258.3730422247,grid,,0.95,0.5294408992322374,0.21640854773582704,0.04543407548517983,0.0013985840479499023,1.9453172636287088,0.46863908927398634
36,grid_1.8039,grid,1.8039,,grid,,0.95,0.5231875194210183,0.21465985254203093,0.045158289229583,0.0009205630637834639,1.9463248847218984,0.46739181216290443
36,rtp475,rtp,0.06151882720206882,475.0,grid,,1.0,0.5168404405152678,0.2237290782067375,0.04693174826916623,0.0031229521660702253,2.1890638033614676,0.4901627496050902
36,grid_0.1645,grid,0.1645,1687.8941003886077,grid,,1.0,0.5321724161303937,0.21898284831129822,0.04633469568868572,0.001618792165843319,2.06687594202561,0.46919338195393323
36,rtp2500,rtp,0.20442171645403368,2500.0,grid,,1.0,0.5357158155907192,0.21851215958557463,0.04622133885704823,0.0015262250297033986,2.0492562085970056,0.46843814570682846
36,grid_0.2109,grid,0.2109,2645.6779770032454,grid,,1.0,0.536218493190914,0.21845393133625807,0.04620534868929018,0.001516771426976371,2.0468898006755056,0.46837147648629845
36,grid_0.2423,grid,0.2423,3439.7131855306598,grid,,1.0,0.5384306859720747,0.21821653782417727,0.04613497880035247,0.0014834785796181138,2.0367927443713416,0.4681669434299473
36,grid_0.2700,grid,0.27,4420.657408419983,grid,,1.0,0.5401283956803622,0.21805232321247467,0.04608100260935745,0.0014658130490000643,2.0293553812308014,0.4680891633921515
36,rtp5000,rtp,0.2847423800220127,5000.0,grid,,1.0,0.5409525271790143,0.21797673655512098,0.04605477265366963,0.0014590850255509769,2.0258280502705404,0.46807088022793336
36,grid_0.2850,grid,0.285,5010.87259475943,grid,,1.0,0.540966503707415,0.2179754836963356,0.046054328522072356,0.0014589829705791146,2.025768715250727,0.4680706687001525
36,grid_0.3100,grid,0.31,6089.1295684619845,grid,,1.0,0.5422596872885834,0.2178632433959715,0.04601333686835315,0.001451055954659164,2.0203436642938586,0.468063800545941
36,grid_0.3300,grid,0.33,7038.676802190931,grid,,1.0,0.5432119037135471,0.2177839762742885,0.04598320839602352,0.0014466519258163335,2.0164223422482777,0.46807274054685843
36,grid_0.3434,grid,0.3434,7753.926759972636,grid,,1.0,0.5438136585263436,0.2177348432708806,0.04596417436648191,0.001444287607713035,2.0139727615434615,0.4680834794351354
36,grid_0.3600,grid,0.36,8903.354638349423,grid,,1.0,0.5445236908396562,0.2176781908988455,0.045941777198270875,0.0014420175947233438,2.0111112661446864,0.4681004893268823
36,grid_0.3649,grid,0.3649,9262.867544949975,grid,,1.0,0.5447264161866728,0.21766229094799713,0.04593540227587078,0.0014414706248597753,2.010300277115775,0.4681061719049737
36,rtp10000,rtp,0.37458940912102445,10000.0,grid,,1.0,0.5451182169994986,0.2176316672672383,0.0459230817077811,0.0014404608897368165,2.0087385376287665,0.4681180091757235
36,grid_0.4000,grid,0.4,12120.902809563271,grid,,1.0,0.5460937843263101,0.21755629135909327,0.045892476625363804,0.0014382632845588716,2.004885100370761,0.4681518326965795
36,grid_0.4500,grid,0.45,17112.494251084474,grid,,1.0,0.5478253063258123,0.21742491873532194,0.04583850039774853,0.0014350948893128157,1.9981599655285087,0.46822384104236325
36,grid_0.4898,grid,0.4898,21932.76192879974,grid,,1.0,0.549059206611826,0.21733361971217693,0.04580051806373486,0.0014333841934622837,1.9934537095861347,0.4682813257127103
36,grid_0.5000,grid,0.5,23631.581721038136,grid,,1.0,0.5493577715585539,0.21731162730967896,0.04579138598555416,0.0014329573784266358,1.9923247472117938,0.4682956537824194
36,grid_0.5500,grid,0.55,33366.9097310575,grid,,1.0,0.5507290178006454,0.21721013309561832,0.045749646423727586,0.0014305954956886358,1.9871767481745326,0.46836237918797907
36,grid_0.5971,grid,0.5971,44923.92053746283,grid,,1.0,0.5518986004488994,0.21712224939078198,0.04571429585786561,0.0014277753226473178,1.982828070892233,0.4684191480138074
36,grid_0.6049,grid,0.6049,47084.64857092065,grid,,1.0,0.5520821015530729,0.21710822943022545,0.04570875994840774,0.0014272233379196697,1.98214817795412,0.4684279208085375
36,grid_0.6500,grid,0.65,61082.56738369445,grid,,1.0,0.5530930075414754,0.21702955724271666,0.045678327169588334,0.0014235015473813006,1.9784153762003716,0.46847511423218013
36,grid_0.7139,grid,0.7139,86713.10306373138,grid,,1.0,0.5544014243378282,0.21692680754592225,0.04563941022952837,0.001417829602537224,1.9736234008477458,0.46853293905544824
36,grid_0.7892,grid,0.7892,134629.0419446699,grid,,1.0,0.5557739776822997,0.21681160940179453,0.04559832552436461,0.0014089484470317104,1.968598767124217,0.468587696910155
36,grid_0.8000,grid,0.8,142900.9213337607,grid,,1.0,0.555957145904248,0.21679535554310014,0.045592777882504903,0.0014074483025542928,1.9679261807236084,0.468594443678703
36,grid_0.8904,grid,0.8904,228565.63496793807,grid,,1.0,0.5573701992010529,0.21666266930651018,0.045549086569049255,0.0013936257019729337,1.9627086071951894,0.4686412416987925
36,grid_0.9500,grid,0.95,303707.3568420157,grid,,1.0,0.5581927453575862,0.2165758293840562,0.04552247142632155,0.0013826184470702718,1.9596324159461667,0.46866211943985125
36,grid_1.0112,grid,1.0112,399395.33375388547,grid,,1.0,0.5589524000556089,0.21648486433140443,0.045496456344131325,0.0013692401404552523,1.9567401266526627,0.4686754022895646
36,grid_1.1500,grid,1.15,796649.174458646,grid,,1.0,0.5603940407213105,0.21627837851779388,0.04544144583044346,0.001334891183842668,1.9510436312476798,0.4686852076480237
36,grid_1.3368,grid,1.3368,1787258.3730422247,grid,,1.0,0.5615502884163189,0.21594045061811085,0.04536661864825422,0.001263659564898545,1.9453172636287088,0.46863908927398634
36,grid_1.8039,grid,1.8039,,grid,,1.0,0.5581797247138375,0.21429042380600113,0.045097670777106386,0.000822714957849191,1.9463248847218984,0.46739181216290443
36,rtp475,rtp,0.06151882720206882,475.0,grid,,1.05,0.5208290208976821,0.22625648080315003,0.04800674868094611,0.0031852464244800927,2.1890638033614676,0.4901627496050902
36,grid_0.1645,grid,0.1645,1687.8941003886077,grid,,1.05,0.5402555777700577,0.22147621849197957,0.047428461135530446,0.0016232542219766222,2.06687594202561,0.46919338195393323
36,rtp2500,rtp,0.20442171645403368,2500.0,grid,,1.05,0.5451189397295102,0.22098499877885044,0.04731868741571043,0.0015156822695781003,2.0492562085970056,0.46843814570682846
36,grid_0.2109,grid,0.2109,2645.6779770032454,grid,,1.05,0.5458195604960276,0.2209236798002116,0.04730320138215089,0.0015040709143155362,2.0468898006755056,0.46837147648629845
36,grid_0.2423,grid,0.2423,3439.7131855306598,grid,,1.05,0.5489351386323548,0.22067227904437559,0.04723504545715069,0.001461209281488074,2.0367927443713416,0.4681669434299473
36,grid_0.2700,grid,0.27,4420.657408419983,grid,,1.05,0.551361265225287,0.2204970510114197,0.04718276243403308,0.001436187070699535,2.0293553812308014,0.4680891633921515
36,rtp5000,rtp,0.2847423800220127,5000.0,grid,,1.05,0.552550144656425,0.22041607412733513,0.04715735362103853,0.0014258921126683588,2.0258280502705404,0.46807088022793336
36,grid_0.2850,grid,0.285,5010.87259475943,grid,,1.05,0.5525703642366456,0.22041473004942888,0.04715692338556997,0.0014257298371926352,2.025768715250727,0.4680706687001525
36,grid_0.3100,grid,0.31,6089.1295684619845,grid,,1.05,0.5544493856540029,0.22029408840875064,0.047117213172949576,0.0014122722148928735,2.0203436642938586,0.468063800545941
36,grid_0.3300,grid,0.33,7038.676802190931,grid,,1.05,0.5558437827885216,0.2202086920328224,0.047088025044125986,0.0014038430026804272,2.0164223422482777,0.46807274054685843
36,grid_0.3434,grid,0.3434,7753.926759972636,grid,,1.05,0.556729812425253,0.2201557207726453,0.04706958440663527,0.0013989569822877024,2.0139727615434615,0.4680834794351354
36,grid_0.3600,grid,0.36,8903.354638349423,grid,,1.05,0.5577796669344796,0.22009460290997657,0.047047884913206425,0.0013937493168938442,2.0111112661446864,0.4681004893268823
36,grid_0.3649,grid,0.3649,9262.867544949975,grid,,1.05,0.5580802330562605,0.22007744301586932,0.047041708429941154,0.0013923724944620575,2.010300277115775,0.4681061719049737
36,rtp10000,rtp,0.37458940912102445,10000.0,grid,,1.05,0.5586623267668506,0.22004439941645806,0.047029771226384874,0.0013897664881648564,2.0087385376287665,0.4681180091757235
36,grid_0.4000,grid,0.4,12120.902809563271,grid,,1.05,0.5601180481588455,0.2199631165855367,0.04700011753929689,0.001383655118725513,2.004885100370761,0.4681518326965795
36,grid_0.4500,grid,0.45,17112.494251084474,grid,,1.05,0.5627232436408175,0.21982177024306723,0.04694781651776375,0.001373794155032082,1.9981599655285087,0.46822384104236325
36,grid_0.4898,grid,0.4898,21932.76192879974,grid,,1.05,0.5645945678494624,0.21972386036038313,0.04691101115075303,0.0013675636609161157,1.9934537095861347,0.4682813257127103
36,grid_0.5000,grid,0.5,23631.581721038136,grid,,1.05,0.5650491974178595,0.21970034007520328,0.0469021617769742,0.001366077652185771,1.9923247472117938,0.4682956537824194
36,grid_0.5500,grid,0.55,33366.9097310575,grid,,1.05,0.5671469962724616,0.21959221021973277,0.04686171339505424,0.0013590253941330732,1.9871767481745326,0.46836237918797907
36,grid_0.5971,grid,0.5971,44923.92053746283,grid,,1.05,0.5689489929995025,0.2194992045957549,0.04682745513850316,0.0013524456796659146,1.982828070892233,0.4684191480138074
36,grid_0.6049,grid,0.6049,47084.64857092065,grid,,1.05,0.5692328588591434,0.21948442844519414,0.046822090181851336,0.0013513241480622162,1.98214817795412,0.4684279208085375
36,grid_0.6500,grid,0.65,61082.56738369445,grid,,1.05,0.5708021605472005,0.21940184824238526,0.04679259674600635,0.001344574266168297,1.9784153762003716,0.46847511423218013
36,grid_0.7139,grid,0.7139,86713.10306373138,grid,,1.05,0.572844173857599,0.2192947071556453,0.04675487936497867,0.0013352892215015566,1.9736234008477458,0.46853293905544824
36,grid_0.7892,grid,0.7892,134629.0419446699,grid,,1.05,0.5750074728689734,0.21917579230978776,0.04671505983271786,0.001322968101905353,1.968598767124217,0.468587696910155
36,grid_0.8000,grid,0.8,142900.9213337607,grid,,1.05,0.5752982972307947,0.21915912290533487,0.04670968296351929,0.0013210381891163858,1.9679261807236084,0.468594443678703
36,grid_0.8904,grid,0.8904,228565.63496793807,grid,,1.05,0.5775634128972098,0.21902400066960287,0.046667335645178255,0.0013041772241399463,1.9627086071951894,0.4686412416987925
36,grid_0.9500,grid,0.95,303707.3568420157,grid,,1.05,0.5789052825209645,0.21893656825124125,0.046641538802100764,0.0012916821155296576,1.9596324159461667,0.46866211943985125
36,grid_1.0112,grid,1.0112,399395.33375388547,grid,,1.05,0.5801681397093196,0.2188458414219473,0.046616323611485905,0.0012771786961942033,1.9567401266526627,0.4686754022895646
36,grid_1.1500,grid,1.15,796649.174458646,grid,,1.05,0.5826554586703353,0.2186420561422817,0.04656300196092063,0.0012413467532040312,1.9510436312476798,0.4686852076480237
36,grid_1.3368,grid,1.3368,1787258.3730422247,grid,,1.05,0.5850589642236704,0.21831456049885664,0.046490471193096995,0.001170776132711937,1.9453172636287088,0.46863908927398634
36,grid_1.8039,grid,1.8039,,grid,,1.05,0.5844614451909395,0.21679446982343364,0.04622974472238775,0.0007700974236359293,1.9463248847218984,0.46739181216290443
36,rtp475,rtp,0.06151882720206882,475.0,grid,,1.1,0.5252038374342105,0.22799405740845222,0.0486324451862488,0.0033488450273198023,2.1890638033614676,0.4901627496050902
36,grid_0.1645,grid,0.1645,1687.8941003886077,grid,,1.1,0.5488958797682651,0.22306471669554245,0.048078531560111826,0.0016793362743507956,2.06687594202561,0.46919338195393323
36,rtp2500,rtp,0.20442171645403368,2500.0,grid,,1.1,0.5551248371119241,0.22254728153260164,0.04797344598040653,0.001553846537144521,2.0492562085970056,0.46843814570682846
36,grid_0.2109,grid,0.2109,2645.6779770032454,grid,,1.1,0.55603000335305,0.22248236926363193,0.047958620787303674,0.0015397838458554025,2.0468898006755056,0.46837147648629845
36,grid_0.2423,grid,0.2423,3439.7131855306598,grid,,1.1,0.5600783790854886,0.22221546627133476,0.04789337053013449,0.0014863429200522305,2.0367927443713416,0.4681669434299473
36,grid_0.2700,grid,0.27,4420.657408419983,grid,,1.1,0.5632558585575682,0.222028768629099,0.04784331331652784,0.0014534607824261414,2.0293553812308014,0.4680891633921515
36,rtp5000,rtp,0.2847423800220127,5000.0,grid,,1.1,0.5648207277814719,0.22194235510106655,0.04781898504648863,0.0014394239413192955,2.0258280502705404,0.46807088022793336
36,grid_0.2850,grid,0.285,5010.87259475943,grid,,1.1,0.564847381597676,0.22194092006746505,0.04781857310272156,0.0014391988976713566,2.025768715250727,0.4680706687001525
36,grid_0.3100,grid,0.31,6089.1295684619845,grid,,1.1,0.5673300026733048,0.2218120368686927,0.047780550481409466,0.00142002921842882,2.0203436642938586,0.468063800545941
36,grid_0.3300,grid,0.33,7038.676802190931,grid,,1.1,0.569179752524328,0.22172077242617044,0.04775260171616256,0.0014074992090951088,2.0164223422482777,0.46807274054685843
36,grid_0.3434,grid,0.3434,7753.926759972636,grid,,1.1,0.5703584213128476,0.22166417854232662,0.04773494357093088,0.0014000644779135762,2.0139727615434615,0.4680834794351354
36,grid_0.3600,grid,0.36,8903.354638349423,grid,,1.1,0.5717580015759153,0.22159890254206105,0.04771416446745892,0.0013919091403869488,2.0111112661446864,0.4681004893268823
36,grid_0.3649,grid,0.3649,9262.867544949975,grid,,1.1,0.5721592422903211,0.2215805807915748,0.047708249854314703,0.0013897039296169034,2.010300277115775,0.4681061719049737
36,rtp10000,rtp,0.37458940912102445,10000.0,grid,,1.1,0.5729371146509717,0.22154531528719842,0.0476968186456742,0.0013855080800299624,2.0087385376287665,0.4681180091757235
36,grid_0.4000,grid,0.4,12120.902809563271,grid,,1.1,0.5748866950783745,0.22145866824511923,0.04766842120772121,0.0013755205331805742,2.004885100370761,0.4681518326965795
36,grid_0.4500,grid,0.45,17112.494251084474,grid,,1.1,0.5783900318492697,0.22130845470560667,0.04761833381676691,0.0013590983074166507,1.9981599655285087,0.46822384104236325
36,grid_0.4898,grid,0.4898,21932.76192879974,grid,,1.1,0.5809163004943854,0.22120481828081598,0.04758308491444313,0.001348486716205688,1.9934537095861347,0.4682813257127103
36,grid_0.5000,grid,0.5,23631.581721038136,grid,,1.1,0.5815312438576774,0.22117999116200884,0.04757460955125038,0.0013459789391759291,1.9923247472117938,0.4682956537824194
36,grid_0.5500,grid,0.55,33366.9097310575,grid,,1.1,0.5843751594346812,0.22106625245046213,0.047535869958865516,0.0013344180136259376,1.9871767481745326,0.46836237918797907
36,grid_0.5971,grid,0.5971,44923.92053746283,grid,,1.1,0.5868263159386065,0.22096899569288078,0.04750305803516846,0.001324239022351903,1.982828070892233,0.4684191480138074
36,grid_0.6049,grid,0.6049,47084.64857092065,grid,,1.1,0.5872131788837206,0.22095359676338575,0.04749791949548218,0.0013225724271946904,1.98214817795412,0.4684279208085375
36,grid_0.6500,grid,0.65,61082.56738369445,grid,,1.1,0.5893554022373365,0.22086782053443296,0.04746967041085055,0.0013129237367799362,1.9784153762003716,0.46847511423218013
36,grid_0.7139,grid,0.7139,86713.10306373138,grid,,1.1,0.5921498441789952,0.2207571801269606,0.047433543013324087,0.0013001895642832384,1.9736234008477458,0.46853293905544824
36,grid_0.7892,grid,0.7892,134629.0419446699,grid,,1.1,0.5951237408875723,0.22063535398489384,0.04739540110579202,0.0012845583222473866,1.968598767124217,0.468587696910155
36,grid_0.8000,grid,0.8,142900.9213337607,grid,,1.1,0.5955248817268299,0.22061836192293663,0.04739025071696902,0.00128221090059083,1.9679261807236084,0.468594443678703
36,grid_0.8904,grid,0.8904,228565.63496793807,grid,,1.1,0.5986627041038622,0.2204814241950796,0.047349686349433526,0.0012623720656571025,1.9627086071951894,0.4686412416987925
36,grid_0.9500,grid,0.95,303707.3568420157,grid,,1.1,0.6005360623970798,0.22039362358360137,0.04732497529762451,0.0012483740186856607,1.9596324159461667,0.46866211943985125
36,grid_1.0112,grid,1.0112,399395.33375388547,grid,,1.1,0.6023135173948645,0.22030319083322614,0.047300821449889015,0.0012326744414118407,1.9567401266526627,0.4686754022895646
36,grid_1.1500,grid,1.15,796649.174458646,grid,,1.1,0.6058687881751241,0.22010181381859162,0.04724974211126723,0.0011950663349667434,1.9510436312476798,0.4686852076480237
36,grid_1.3368,grid,1.3368,1787258.3730422247,grid,,1.1,0.6095405240489815,0.21978268096041853,0.04718026077116881,0.0011241660789803043,1.9453172636287088,0.46863908927398634
36,grid_1.8039,grid,1.8039,,grid,,1.1,0.6117082522669272,0.21837143167766496,0.04693046977126639,0.0007556124016867005,1.9463248847218984,0.46739181216290443
36,rtp475,rtp,0.06151882720206882,475.0,grid,,1.15,0.529891009491326,0.22908140677746178,0.04886580351536095,0.0036124874157799636,2.1890638033614676,0.4901627496050902
36,grid_0.1645,grid,0.1645,1687.8941003886077,grid,,1.15,0.557989536171461,0.22388736496507697,0.04834051749057317,0.0017850347004323974,2.06687594202561,0.46919338195393323
36,rtp2500,rtp,0.20442171645403368,2500.0,grid,,1.15,0.5656209293325053,0.22333700712020502,0.048240962969957855,0.0016384557794526522,2.0492562085970056,0.46843814570682846
36,grid_0.2109,grid,0.2109,2645.6779770032454,grid,,1.15,0.5667359535156538,0.2232678346094082,0.0482269182805619,0.001621607690612148,2.0468898006755056,0.46837147648629845
36,grid_0.2423,grid,0.2423,3439.7131855306598,grid,,1.15,0.5717407414021319,0.22298316518093136,0.04816510222604531,0.0015563897280612138,2.0367927443713416,0.4681669434299473
36,grid_0.2700,grid,0.27,4420.657408419983,grid,,1.15,0.5756879327453653,0.2227839103990556,0.04811767816293087,0.0015149925697635624,2.0293553812308014,0.4680891633921515
36,rtp5000,rtp,0.2847423800220127,5000.0,grid,,1.15,0.5776377728402624,0.22269169830628344,0.048094628912151376,0.00149696358238538,2.0258280502705404,0.46807088022793336
36,grid_0.2850,grid,0.285,5010.87259475943,grid,,1.15,0.5776710135366526,0.22269016718371423,0.04809423862384075,0.001496671936469851,2.025768715250727,0.4680706687001525
36,grid_0.3100,grid,0.31,6089.1295684619845,grid,,1.15,0.5807714023396601,0.22255269771376732,0.04805821447994037,0.0014714887797351306,2.0203436642938586,0.468063800545941
36,grid_0.3300,grid,0.33,7038.676802190931,grid,,1.15,0.5830869947472742,0.2224554510003911,0.04803173405022833,0.0014546936295590784,2.0164223422482777,0.46807274054685843
36,grid_0.3434,grid,0.3434,7753.926759972636,grid,,1.15,0.5845649562821457,0.22239521256114717,0.048015003234337,0.0014446273357808237,2.0139727615434615,0.4680834794351354
36,grid_0.3600,grid,0.36,8903.354638349423,grid,,1.15,0.5863221332323898,0.2223258054739595,0.0479953151392356,0.001433448640409285,2.0111112661446864,0.4681004893268823
36,grid_0.3649,grid,0.3649,9262.867544949975,grid,,1.15,0.5868262993932882,0.22230634006514238,0.047989710996915354,0.00143039783624338,2.010300277115775,0.4681061719049737
36,rtp10000,rtp,0.37458940912102445,10000.0,grid,,1.15,0.5878043057803527,0.22226889667159316,0.04797887974985605,0.001424582677751307,2.0087385376287665,0.4681180091757235
36,grid_0.4000,grid,0.4,12120.902809563271,grid,,1.15,0.5902586160782037,0.22217704801083113,0.04795197220225489,0.0014106684605522668,2.004885100370761,0.4681518326965795
36,grid_0.4500,grid,0.45,17112.494251084474,grid,,1.15,0.5946794672955868,0.2220184163038063,0.04790451123430918,0.0013876659437410677,1.9981599655285087,0.46822384104236325
36,grid_0.4898,grid,0.4898,21932.76192879974,grid,,1.15,0.5978745276240482,0.2219094864636966,0.047871109852487874,0.0013727103300936738,1.9934537095861347,0.4682813257127103
36,grid_0.5000,grid,0.5,23631.581721038136,grid,,1.15,0.5986531399897714,0.22188346736050232,0.04786307853967852,0.001369194548240582,1.9923247472117938,0.4682956537824194
36,grid_0.5500,grid,0.55,33366.9097310575,grid,,1.15,0.6022586041760042,0.22176467606860442,0.04782636813070177,0.001353203421111282,1.9871767481745326,0.46836237918797907
36,grid_0.5971,grid,0.5971,44923.92053746283,grid,,1.15,0.6053721081291272,0.22166366317947872,0.04779527421224036,0.0013395053619050246,1.982828070892233,0.4684191480138074
36,grid_0.6049,grid,0.6049,47084.64857092065,grid,,1.15,0.6058640393359281,0.221647718353149,0.047790404656588,0.0013373063945688601,1.98214817795412,0.4684279208085375
36,grid_0.6500,grid,0.65,61082.56738369445,grid,,1.15,0.6085906048081225,0.22155916043580454,0.04776363402796154,0.001324827545057028,1.9784153762003716,0.46847511423218013
36,grid_0.7139,grid,0.7139,86713.10306373138,grid,,1.15,0.6121522619727511,0.2214455587803822,0.04772939635417724,0.0013087391493784573,1.9736234008477458,0.46853293905544824
36,grid_0.7892,grid,0.7892,134629.0419446699,grid,,1.15,0.6159523116293744,0.22132130425638502,0.047693248777452256,0.0012898709402950903,1.968598767124217,0.468587696910155
36,grid_0.8000,grid,0.8,142900.9213337607,grid,,1.15,0.6164658504563675,0.22130404393585146,0.047688367647700895,0.0012871122146603797,1.9679261807236084,0.468594443678703
36,grid_0.8904,grid,0.8904,228565.63496793807,grid,,1.15,0.6204925027089518,0.22116565095212903,0.04764992335409842,0.0012643218069805506,1.9627086071951894,0.4686412416987925
36,grid_0.9500,grid,0.95,303707.3568420157,grid,,1.15,0.6229068206268896,0.22107759662868112,0.0476265035490371,0.001248800182076737,1.9596324159461667,0.46866211943985125
36,grid_1.0112,grid,1.0112,399395.33375388547,grid,,1.15,0.6252077163713826,0.22098745315000598,0.04760361185836809,0.0012318425913580011,1.9567401266526627,0.4686754022895646
36,grid_1.1500,grid,1.15,796649.174458646,grid,,1.15,0.6298481176616438,0.22078818516920512,0.047555200037795925,0.0011922226725152862,1.9510436312476798,0.4686852076480237
36,grid_1.3368,grid,1.3368,1787258.3730422247,grid,,1.15,0.6348038212637781,0.2204757541582584,0.04748934669143256,0.0011202114802202345,1.9453172636287088,0.46863908927398634
36,grid_1.8039,grid,1.8039,,grid,,1.15,0.6397255042965129,0.2191581478967158,0.047252577949729785,0.0007777158397889727,1.9463248847218984,0.46739181216290443
36,rtp475,rtp,0.06151882720206882,475.0,grid,,1.2,0.5348852200057417,0.22960300725029725,0.04875386977070323,0.003963671167676819,2.1890638033614676,0.4901627496050902
36,grid_0.1645,grid,0.1645,1687.8941003886077,grid,,1.2,0.5675226746886666,0.2240351771649952,0.048260068556941836,0.0019316920504089397,2.06687594202561,0.46919338195393323
36,rtp2500,rtp,0.20442171645403368,2500.0,grid,,1.2,0.5765877481628939,0.22344493169539745,0.04816661511992354,0.0017610223804372938,2.0492562085970056,0.46843814570682846
36,grid_0.2109,grid,0.2109,2645.6779770032454,grid,,1.2,0.5779171001284166,0.22337076238848877,0.048153431980266094,0.0017410655097486183,2.0468898006755056,0.46837147648629845
36,grid_0.2423,grid,0.2423,3439.7131855306598,grid,,1.2,0.5838980905323325,0.22306567950106435,0.048095408441420774,0.001662888929850781,2.0367927443713416,0.4681669434299473
36,grid_0.2700,grid,0.27,4420.657408419983,grid,,1.2,0.5886303056952059,0.2228524143921836,0.04805089403541797,0.0016123045650075496,2.0293553812308014,0.4680891633921515
36,rtp5000,rtp,0.2847423800220127,5000.0,grid,,1.2,0.5909725891742874,0.22275384806543547,0.048029258635137045,0.0015900181928220625,2.0258280502705404,0.46807088022793336
36,grid_0.2850,grid,0.285,5010.87259475943,grid,,1.2,0.5910125436421483,0.22275221233208414,0.04802889228794364,0.0015896558108942638,2.025768715250727,0.4680706687001525
36,grid_0.3100,grid,0.31,6089.1295684619845,grid,,1.2,0.5947424631558499,0.2226054858311372,0.04799507794527729,0.0015581243768393316,2.0203436642938586,0.468063800545941
36,grid_0.3300,grid,0.33,7038.676802190931,grid,,1.2,0.5975325922507799,0.22250189184955035,0.04797022158717979,0.0015368702894492103,2.0164223422482777,0.46807274054685843
36,grid_0.3434,grid,0.3434,7753.926759972636,grid,,1.2,0.5993153559222528,0.22243782609756452,0.04795451665036197,0.001524069828648389,2.0139727615434615,0.4680834794351354
36,grid_0.3600,grid,0.36,8903.354638349423,grid,,1.2,0.6014366412313288,0.22236412225997448,0.04793603569167573,0.0015097671767731469,2.0111112661446864,0.4681004893268823
36,grid_0.3649,grid,0.3649,9262.867544949975,grid,,1.2,0.602045593638416,0.22234347585993972,0.047930775107172016,0.001505846150307577,2.010300277115775,0.4681061719049737
36,rtp10000,rtp,0.37458940912102445,10000.0,grid,,1.2,0.60322733393881,0.22230379140768716,0.047920607801702486,0.0014983678725299932,2.0087385376287665,0.4681180091757235
36,grid_0.4000,grid,0.4,12120.902809563271,grid,,1.2,0.6061953531207571,0.22220663773039678,0.04789534927462968,0.0014804405768181206,2.004885100370761,0.4681518326965795
36,grid_0.4500,grid,0.45,17112.494251084474,grid,,1.2,0.611549701546239,0.22203957418231196,0.04785079603070189,0.0014507764723605265,1.9981599655285087,0.46822384104236325
36,grid_0.4898,grid,0.4898,21932.76192879974,grid,,1.2,0.6154249615394272,0.22192546397345894,0.047819440625226195,0.001431470934608825,1.9934537095861347,0.4682813257127103
36,grid_0.5000,grid,0.5,23631.581721038136,grid,,1.2,0.6163700053875653,0.22189829261672372,0.04781190113325105,0.0014269511329660922,1.9923247472117938,0.4682956537824194
36,grid_0.5500,grid,0.55,33366.9097310575,grid,,1.2,0.6207497216030429,0.22177467619116342,0.047777438486251995,0.0014065685134433958,1.9871767481745326,0.46836237918797907
36,grid_0.5971,grid,0.5971,44923.92053746283,grid,,1.2,0.6245364286090589,0.22167014701620444,0.047748247980677096,0.0013894060975085942,1.982828070892233,0.4684191480138074
36,grid_0.6049,grid,0.6049,47084.64857092065,grid,,1.2,0.6251351335913341,0.22165369580175504,0.04774367646495699,0.0013866843976199639,1.98214817795412,0.4684279208085375
36,grid_0.6500,grid,0.65,61082.56738369445,grid,,1.2,0.6284554473752416,0.2215625798825934,0.04771854411267449,0.001371432691556096,1.9784153762003716,0.46847511423218013
36,grid_0.7139,grid,0.7139,86713.10306373138,grid,,1.2,0.6327964981813352,0.22144633728707772,0.04768640087558957,0.0013520794222726118,1.9736234008477458,0.46853293905544824
36,grid_0.7892,grid,0.7892,134629.0419446699,grid,,1.2,0.6374355439469528,0.22131996742538435,0.047652463990870635,0.0013300639903025546,1.968598767124217,0.468587696910155
36,grid_0.8000,grid,0.8,142900.9213337607,grid,,1.2,0.6380632036340654,0.22130247637087025,0.04764788134811193,0.0013269046997676504,1.9679261807236084,0.468594443678703
36,grid_0.8904,grid,0.8904,228565.63496793807,grid,,1.2,0.6429920809908994,0.22116290279174652,0.04761178751108269,0.0013012420601888341,1.9627086071951894,0.4686412416987925
36,grid_0.9500,grid,0.95,303707.3568420157,grid,,1.2,0.6459552839469807,0.22107471218517566,0.04758979937752947,0.0012842289902287862,1.9596324159461667,0.46866211943985125
36,grid_1.0112,grid,1.0112,399395.33375388547,grid,,1.2,0.6487870821738528,0.2209849098920521,0.04756830709441588,0.0012660233055825088,1.9567401266526627,0.4686754022895646
36,grid_1.1500,grid,1.15,796649.174458646,grid,,1.2,0.6545273553300178,0.22078770774111697,0.04752285353678949,0.0012243583527873914,1.9510436312476798,0.4686852076480237
36,grid_1.3368,grid,1.3368,1787258.3730422247,grid,,1.2,0.6607816912317909,0.22048117372878653,0.04746102383440227,0.001150924134421083,1.9453172636287088,0.46863908927398634
36,grid_1.8039,grid,1.8039,,grid,,1.2,0.6684615957037163,0.21924937593927293,0.04723870603566257,0.0008315828140980641,1.9463248847218984,0.46739181216290443
36,rtp475,rtp,0.06151882720206882,475.0,grid,,1.25,0.5351939544740602,0.2325947922824043,0.04966813973443302,0.004432197662461779,2.1890638033614676,0.4901627496050902
36,grid_0.1645,grid,0.1645,1687.8941003886077,grid,,1.25,0.574130680967688,0.2265433603686535,0.049194496310304626,0.0021273978168169783,2.06687594202561,0.46919338195393323
36,rtp2500,rtp,0.20442171645403368,2500.0,grid,,1.25,0.5848581399738427,0.22591152957236127,0.04910500530656348,0.0019310138871603821,2.0492562085970056,0.46843814570682846
36,grid_0.2109,grid,0.2109,2645.6779770032454,grid,,1.25,0.5864312620573512,0.2258324359115716,0.04909238227703407,0.0019079068327200188,2.0468898006755056,0.46837147648629845
36,grid_0.2423,grid,0.2423,3439.7131855306598,grid,,1.25,0.5935102364995423,0.22550795977015617,0.049036825261992815,0.0018170146577055624,2.0367927443713416,0.4681669434299473
36,grid_0.2700,grid,0.27,4420.657408419983,grid,,1.25,0.599112931197236,0.2252820793090711,0.048994204023107855,0.0017578112347107488,2.0293553812308014,0.4680891633921515
36,rtp5000,rtp,0.2847423800220127,5000.0,grid,,1.25,0.6018868608546781,0.22517797688171717,0.04897348866429272,0.001731632608250433,2.0258280502705404,0.46807088022793336
36,grid_0.2850,grid,0.285,5010.87259475943,grid,,1.25,0.601934181029032,0.2251762510415091,0.04897313789788507,0.0017312061352236507,2.025768715250727,0.4680706687001525
36,grid_0.3100,grid,0.31,6089.1295684619845,grid,,1.25,0.6063521775749519,0.22502168844289924,0.04894076185944707,0.0016939984102461447,2.0203436642938586,0.468063800545941
36,grid_0.3300,grid,0.33,7038.676802190931,grid,,1.25,0.6096578454155039,0.22491286671200927,0.048916962672375545,0.001668834940238506,2.0164223422482777,0.46807274054685843
36,grid_0.3434,grid,0.3434,7753.926759972636,grid,,1.25,0.6117704592310819,0.22484569953482794,0.04890192552169723,0.0016536630776088912,2.0139727615434615,0.4680834794351354
36,grid_0.3600,grid,0.36,8903.354638349423,grid,,1.25,0.6142845641219317,0.2247685648619942,0.04888423039220504,0.0016366773579154503,2.0111112661446864,0.4681004893268823
36,grid_0.3649,grid,0.3649,9262.867544949975,grid,,1.25,0.6150063311527136,0.22474698525090403,0.04887919345957679,0.0016320139197932848,2.010300277115775,0.4681061719049737
36,rtp10000,rtp,0.37458940912102445,10000.0,grid,,1.25,0.6164071340187495,0.2247055388211301,0.04886945836918564,0.0016231208077087667,2.0087385376287665,0.4681180091757235
36,grid_0.4000,grid,0.4,12120.902809563271,grid,,1.25,0.6199259351186337,0.22460426016375645,0.048845273303828506,0.0016018003798798919,2.004885100370761,0.4681518326965795
36,grid_0.4500,grid,0.45,17112.494251084474,grid,,1.25,0.6262759744081488,0.22443076351137908,0.048802612924614894,0.0015665546856856727,1.9981599655285087,0.46822384104236325
36,grid_0.4898,grid,0.4898,21932.76192879974,grid,,1.25,0.6308731254211418,0.22431278118248663,0.048772589526858506,0.0015436342749636234,1.9934537095861347,0.4682813257127103
36,grid_0.5000,grid,0.5,23631.581721038136,grid,,1.25,0.63199438212523,0.22428475301269862,0.04876537021418136,0.0015382802197858592,1.9923247472117938,0.4682956537824194
36,grid_0.5500,grid,0.55,33366.9097310575,grid,,1.25,0.637191942988689,0.22415755193832737,0.048732370894103615,0.0015142371968803192,1.9871767481745326,0.46836237918797907
36,grid_0.5971,grid,0.5971,44923.92053746283,grid,,1.25,0.6416874328180722,0.22405039229237758,0.04870441953262192,0.0014941587537463663,1.982828070892233,0.4684191480138074
36,grid_0.6049,grid,0.6049,47084.64857092065,grid,,1.25,0.64239837893134,0.22403355820431356,0.048700042038786195,0.0014909931628993567,1.98214817795412,0.4684279208085375
36,grid_0.6500,grid,0.65,61082.56738369445,grid,,1.25,0.6463419847251564,0.22394047236491532,0.048675976168787397,0.0014733589942340086,1.9784153762003716,0.46847511423218013
36,grid_0.7139,grid,0.7139,86713.10306373138,grid,,1.25,0.6514992924989333,0.22382213768707615,0.04864519627424186,0.0014511530445706078,1.9736234008477458,0.46853293905544824
36,grid_0.7892,grid,0.7892,134629.0419446699,grid,,1.25,0.6570147722733474,0.22369392183147804,0.04861269834136537,0.0014262723229820362,1.968598767124217,0.468587696910155
36,grid_0.8000,grid,0.8,142900.9213337607,grid,,1.25,0.6577614708927774,0.22367620808109942,0.048608309982069824,0.0014227360794694666,1.9679261807236084,0.468594443678703
36,grid_0.8904,grid,0.8904,228565.63496793807,grid,,1.25,0.6636298976805824,0.22353525667031396,0.0485737459918183,0.0013942649828448395,1.9627086071951894,0.4686412416987925
36,grid_0.9500,grid,0.95,303707.3568420157,grid,,1.25,0.6671631910514402,0.22344652138749688,0.04855268967110683,0.0013756582490662694,1.9596324159461667,0.46866211943985125
36,grid_1.0112,grid,1.0112,399395.33375388547,grid,,1.25,0.6705451604956613,0.22335640615841007,0.04853210820403848,0.0013559759679621641,1.9567401266526627,0.4686754022895646
36,grid_1.1500,grid,1.15,796649.174458646,grid,,1.25,0.6774209253305421,0.2231592876703612,0.048488579916585964,0.0013114877569570527,1.9510436312476798,0.4686852076480237
36,grid_1.3368,grid,1.3368,1787258.3730422247,grid,,1.25,0.6850019897185979,0.22285421480633574,0.0484293687991895,0.0012346322577589386,1.9453172636287088,0.46863908927398634
36,grid_1.8039,grid,1.8039,,grid,,1.25,0.6953038934588542,0.22165857909018988,0.04821645390075975,0.0009160717835222099,1.9463248847218984,0.46739181216290443
36,rtp475,rtp,0.06151882720206882,475.0,grid,,1.3,0.5360289801845323,0.23484001529073187,0.05023349761169804,0.004916335170053132,2.1890638033614676,0.4901627496050902
36,grid_0.1645,grid,0.1645,1687.8941003886077,grid,,1.3,0.5813095708981003,0.22826787731127754,0.04978176194977859,0.0023244618624178592,2.06687594202561,0.46919338195393323
36,rtp2500,rtp,0.20442171645403368,2500.0,grid,,1.3,0.5937092698963741,0.227591415800591,0.049696574543044644,0.0021012780030728595,2.0492562085970056,0.46843814570682846
36,grid_0.2109,grid,0.2109,2645.6779770032454,grid,,1.3,0.5955275974445577,0.2275070360250524,0.04968456005900473,0.002074891381899757,2.0468898006755056,0.46837147648629845
36,grid_0.2423,grid,0.2423,3439.7131855306598,grid,,1.3,0.6037110061203647,0.22716174246763185,0.04963168359924568,0.0019707736416850197,2.0367927443713416,0.4681669434299473
36,grid_0.2700,grid,0.27,4420.657408419983,grid,,1.3,0.610189279197769,0.22692232199668227,0.04959112060439691,0.0019026196159690478,2.0293553812308014,0.4680891633921515
36,rtp5000,rtp,0.2847423800220127,5000.0,grid,,1.3,0.6133973799433908,0.22681228003850817,0.049571405773846486,0.0018724046024201635,2.0258280502705404,0.46807088022793336
36,grid_0.2850,grid,0.285,5010.87259475943,grid,,1.3,0.6134521088678989,0.22681045753184675,0.04957107195247388,0.0018719116933317848,2.025768715250727,0.4680706687001525
36,grid_0.3100,grid,0.31,6089.1295684619845,grid,,1.3,0.6185621967451521,0.22664748915877808,0.049540260333374365,0.0018288240086040686,2.0203436642938586,0.468063800545941
36,grid_0.3300,grid,0.33,7038.676802190931,grid,,1.3,0.6223864047506849,0.2265330630170834,0.0495176112514518,0.001799617388450081,2.0164223422482777,0.46807274054685843
36,grid_0.3434,grid,0.3434,7753.926759972636,grid,,1.3,0.624830786665444,0.22646257351115823,0.04950330069853524,0.001781996502761507,2.0139727615434615,0.4680834794351354
36,grid_0.3600,grid,0.36,8903.354638349423,grid,,1.3,0.6277399914769554,0.22638176573250118,0.04948646069523583,0.001762243160929211,2.0111112661446864,0.4681004893268823
36,grid_0.3649,grid,0.3649,9262.867544949975,grid,,1.3,0.6285752269060942,0.22635918740539304,0.04948166715905255,0.001756814563777298,2.010300277115775,0.4681061719049737
36,rtp10000,rtp,0.37458940912102445,10000.0,grid,,1.3,0.6301963613037397,0.22631585616655833,0.049472402464696405,0.0017464642877059178,2.0087385376287665,0.4681180091757235
36,grid_0.4000,grid,0.4,12120.902809563271,grid,,1.3,0.6342691288757967,0.22621016945746894,0.04944938583161937,0.0017216549343574417,2.004885100370761,0.4681518326965795
36,grid_0.4500,grid,0.45,17112.494251084474,grid,,1.3,0.6416205918949208,0.22602981539795977,0.04940878620968751,0.0016806912391482687,1.9981599655285087,0.46822384104236325
36,grid_0.4898,grid,0.4898,21932.76192879974,grid,,1.3,0.6469437642595928,0.22590771886271416,0.049380213258793285,0.0016540841829618125,1.9934537095861347,0.4682813257127103
36,grid_0.5000,grid,0.5,23631.581721038136,grid,,1.3,0.6482422386372193,0.2258787824978119,0.04937334263823846,0.0016478817444553484,1.9923247472117938,0.4682956537824194
36,grid_0.5500,grid,0.55,33366.9097310575,grid,,1.3,0.6542622958095899,0.22574779420857063,0.04934193711076168,0.00162012947927348,1.9871767481745326,0.46836237918797907
36,grid_0.5971,grid,0.5971,44923.92053746283,grid,,1.3,0.6594705849827638,0.22563787314599204,0.04931533556652432,0.0015971142313224718,1.982828070892233,0.4684191480138074
36,grid_0.6049,grid,0.6049,47084.64857092065,grid,,1.3,0.6602944075726532,0.22562063879414263,0.04931116943979819,0.0015935032100787838,1.98214817795412,0.4684279208085375
36,grid_0.6500,grid,0.65,61082.56738369445,grid,,1.3,0.6648648285756419,0.22552550269729507,0.04928826546383387,0.0015734869030337717,1.9784153762003716,0.46847511423218013
36,grid_0.7139,grid,0.7139,86713.10306373138,grid,,1.3,0.6708429871876196,0.2254050109441571,0.049258971144062136,0.0015484478146734482,1.9736234008477458,0.46853293905544824
36,grid_0.7892,grid,0.7892,134629.0419446699,grid,,1.3,0.6772398487440159,0.22527492171157376,0.04922804136473857,0.0015207489874171087,1.968598767124217,0.468587696910155
36,grid_0.8000,grid,0.8,142900.9213337607,grid,,1.3,0.6781062619086045,0.2252569847258057,0.04922386474332969,0.0015168444244321733,1.9679261807236084,0.468594443678703
36,grid_0.8904,grid,0.8904,228565.63496793807,grid,,1.3,0.6849196255728957,0.22511468459935696,0.049190968191868245,0.001485653030399714,1.9627086071951894,0.4686412416987925
36,grid_0.9500,grid,0.95,303707.3568420157,grid,,1.3,0.6890263469817777,0.22502544778538017,0.049170927555168095,0.0014655245958427598,1.9596324159461667,0.46866211943985125
36,grid_1.0112,grid,1.0112,399395.33375388547,grid,,1.3,0.6929617865751544,0.22493507959558345,0.049151338878936426,0.001444451153735038,1.9567401266526627,0.4686754022895646
36,grid_1.1500,grid,1.15,796649.174458646,grid,,1.3,0.7009801776864973,0.22473821821743015,0.049109909543660415,0.0013973571838848398,1.9510436312476798,0.4686852076480237
36,grid_1.3368,grid,1.3368,1787258.3730422247,grid,,1.3,0.7098978380617859,0.22443495048175896,0.04905355337038427,0.0013174936273653293,1.9453172636287088,0.46863908927398634
36,grid_1.8039,grid,1.8039,,grid,,1.3,0.7228596583599491,0.22327805916585872,0.04885089524712825,0.0010021964577444642,1.9463248847218984,0.46739181216290443
36,rtp475,rtp,0.06151882720206882,475.0,grid,,1.35,0.5371777439681227,0.23641611397992524,0.05047627445622622,0.005416304493142787,2.1890638033614676,0.4901627496050902
36,grid_0.1645,grid,0.1645,1687.8941003886077,grid,,1.35,0.5888354776082317,0.22928358946167524,0.05004763884596461,0.002523325550465416,2.06687594202561,0.46919338195393323
36,rtp2500,rtp,0.20442171645403368,2500.0,grid,,1.35,0.6029140509281997,0.22855920681394895,0.049966986206874967,0.0022723248125465223,2.0492562085970056,0.46843814570682846
36,grid_0.2109,grid,0.2109,2645.6779770032454,grid,,1.35,0.6049785382917396,0.2284691500845635,0.04995561311319268,0.0022425394271701204,2.0468898006755056,0.46837147648629845
36,grid_0.2423,grid,0.2423,3439.7131855306598,grid,,1.35,0.6142706388859606,0.22810149948481762,0.049905562451298,0.002124731615924247,2.0367927443713416,0.4681669434299473
36,grid_0.2700,grid,0.27,4420.657408419983,grid,,1.35,0.6216278236806166,0.22784753749259776,0.049867169836973875,0.002047330504466871,2.0293553812308014,0.4680891633921515
36,rtp5000,rtp,0.2847423800220127,5000.0,grid,,1.35,0.6252717367756633,0.22773111792122402,0.04984851024899253,0.0020129518206579156,2.0258280502705404,0.46807088022793336
36,grid_0.2850,grid,0.285,5010.87259475943,grid,,1.35,0.625333902375427,0.22772919161865784,0.04984819430023119,0.0020123904150561867,2.025768715250727,0.4680706687001525
36,grid_0.3100,grid,0.31,6089.1295684619845,grid,,1.35,0.6311386781490799,0.22755719735868446,0.04981903287368576,0.001963245196053509,2.0203436642938586,0.468063800545941
36,grid_0.3300,grid,0.33,7038.676802190931,grid,,1.35,0.6354833584261648,0.2274367550324576,0.049797597139023306,0.0019298804006708248,2.0164223422482777,0.46807274054685843
36,grid_0.3434,grid,0.3434,7753.926759972636,grid,,1.35,0.6382607391803451,0.2273627006400526,0.049784053222308056,0.0019097444200301128,2.0139727615434615,0.4680834794351354
36,grid_0.3600,grid,0.36,8903.354638349423,grid,,1.35,0.64156650323583,0.2272779526423783,0.04976811553517745,0.0018871522221337034,2.0111112661446864,0.4681004893268823
36,grid_0.3649,grid,0.3649,9262.867544949975,grid,,1.35,0.6425156246056178,0.2272543031444676,0.04976357884459093,0.0018809394530866497,2.010300277115775,0.4681061719049737
36,rtp10000,rtp,0.37458940912102445,10000.0,grid,,1.35,0.6443579000938454,0.2272089508777828,0.04975481055726285,0.0018690968017198717,2.0087385376287665,0.4681180091757235
36,grid_0.4000,grid,0.4,12120.902809563271,grid,,1.35,0.6489866602073262,0.22709854008052613,0.04973302707839243,0.0018407198283139081,2.004885100370761,0.4681518326965795
36,grid_0.4500,grid,0.45,17112.494251084474,grid,,1.35,0.6573431748835022,0.22691084659525623,0.04969460269797368,0.001793929604602229,1.9981599655285087,0.46822384104236325
36,grid_0.4898,grid,0.4898,21932.76192879974,grid,,1.35,0.6633949667822142,0.22678435339660624,0.04966756100018646,0.001763581945330328,1.9934537095861347,0.4682813257127103
36,grid_0.5000,grid,0.5,23631.581721038136,grid,,1.35,0.664871288977085,0.2267544476448419,0.049661058531811034,0.0017565209949063076,1.9923247472117938,0.4682956537824194
36,grid_0.5500,grid,0.55,33366.9097310575,grid,,1.35,0.6717167513922843,0.22661942376653013,0.049631335863382274,0.0017250273648918846,1.9871767481745326,0.46836237918797907
36,grid_0.5971,grid,0.5971,44923.92053746283,grid,,1.35,0.6776403414456685,0.22650656984289944,0.049606159721078,0.0016990664609182748,1.982828070892233,0.4684191480138074
36,grid_0.6049,grid,0.6049,47084.64857092065,grid,,1.35,0.6785774355126453,0.22648891129658666,0.04960221681005491,0.00169501013025819,1.98214817795412,0.4684279208085375
36,grid_0.6500,grid,0.65,61082.56738369445,grid,,1.35,0.6837768582931094,0.22639160743366768,0.04958053991542911,0.0016726200009707926,1.9784153762003716,0.46847511423218013
36,grid_0.7139,grid,0.7139,86713.10306373138,grid,,1.35,0.6905787086413463,0.22626884423300858,0.049552814723749596,0.0016447751467918992,1.9736234008477458,0.46853293905544824
36,grid_0.7892,grid,0.7892,134629.0419446699,grid,,1.35,0.6978600077656809,0.226136797424147,0.04952354144562311,0.0016143097036265819,1.968598767124217,0.468587696910155
36,grid_0.8000,grid,0.8,142900.9213337607,grid,,1.35,0.6988465529515697,0.22611862852985026,0.0495195884989475,0.0016100456692729193,1.9679261807236084,0.468594443678703
36,grid_0.8904,grid,0.8904,228565.63496793807,grid,,1.35,0.7066081900173126,0.22597494154287293,0.04948845350746248,0.0015762206978423565,1.9627086071951894,0.4686412416987925
36,grid_0.9500,grid,0.95,303707.3568420157,grid,,1.35,0.7112904168088593,0.2258852014347864,0.04946948593803026,0.0015546382892037691,1.9596324159461667,0.46866211943985125
36,grid_1.0112,grid,1.0112,399395.33375388547,grid,,1.35,0.715781392698917,0.22579459276238056,0.0494509461373991,0.0015322519833301795,1.9567401266526627,0.4686754022895646
36,grid_1.1500,grid,1.15,796649.174458646,grid,,1.35,0.7249469365294812,0.22559805343637787,0.049411734646458996,0.0014827470678238086,1.9510436312476798,0.4686852076480237
36,grid_1.3368,grid,1.3368,1787258.3730422247,grid,,1.35,0.7352077281900349,0.22529675569301102,0.04935839523521308,0.0014002328905832195,1.9453172636287088,0.46863908927398634
36,grid_1.8039,grid,1.8039,,grid,,1.35,0.7508573101300138,0.22418024073937284,0.04916657928490826,0.0010902010530549067,1.9463248847218984,0.46739181216290443
36,rtp475,rtp,0.06151882720206882,475.0,grid,,1.4,0.5375359170632102,0.23732639432184904,0.050384465066866814,0.005939352374942974,2.1890638033614676,0.4901627496050902
36,grid_0.1645,grid,0.1645,1687.8941003886077,grid,,1.4,0.5957235519208318,0.2295746844587933,0.049979789862197976,0.002724745882156543,2.06687594202561,0.46919338195393323
36,rtp2500,rtp,0.20442171645403368,2500.0,grid,,1.4,0.6115147674268215,0.2287976757471492,0.04990383458085247,0.0024445418464451585,2.0492562085970056,0.46843814570682846
36,grid_0.2109,grid,0.2109,2645.6779770032454,grid,,1.4,0.6138302665328705,0.22870139235506326,0.049893125955747304,0.002411200909397282,2.0468898006755056,0.46837147648629845
36,grid_0.2423,grid,0.2423,3439.7131855306598,grid,,1.4,0.6242526475500095,0.2283092383910741,0.04984600314059618,0.0022791051941161156,2.0367927443713416,0.4681669434299473
36,grid_0.2700,grid,0.27,4420.657408419983,grid,,1.4,0.6325055816740124,0.22803935633633413,0.049809859703011446,0.0021920883352781195,2.0293553812308014,0.4680891633921515
36,rtp5000,rtp,0.2847423800220127,5000.0,grid,,1.4,0.6365935747521934,0.22791595897499933,0.04979229381764379,0.0021533905378497975,2.0258280502705404,0.46807088022793336
36,grid_0.2850,grid,0.285,5010.87259475943,grid,,1.4,0.6366633176544552,0.22791391914000356,0.04979199639350682,0.002152758144249256,2.025768715250727,0.4680706687001525
36,grid_0.3100,grid,0.31,6089.1295684619845,grid,,1.4,0.6431758543774264,0.22773205607062447,0.049764545453735626,0.0020973439084184253,2.0203436642938586,0.468063800545941
36,grid_0.3300,grid,0.33,7038.676802190931,grid,,1.4,0.6480507232355792,0.22760503948372907,0.04974436753473908,0.0020596864636507894,2.0164223422482777,0.46807274054685843
36,grid_0.3434,grid,0.3434,7753.926759972636,grid,,1.4,0.6511672859843951,0.22752709080747413,0.04973161841585741,0.002036958635455166,2.0139727615434615,0.4680834794351354
36,grid_0.3600,grid,0.36,8903.354638349423,grid,,1.4,0.6548769403905943,0.22743804025566194,0.0497166162401343,0.002011445915201804,2.0111112661446864,0.4681004893268823
36,grid_0.3649,grid,0.3649,9262.867544949975,grid,,1.4,0.6559420464727881,0.22741322132009426,0.049712345857593265,0.002004427373588913,2.010300277115775,0.4681061719049737
36,rtp10000,rtp,0.37458940912102445,10000.0,grid,,1.4,0.6580095308666154,0.22736566291138346,0.04970409228005985,0.0019910523910730005,2.0087385376287665,0.4681180091757235
36,grid_0.4000,grid,0.4,12120.902809563271,grid,,1.4,0.6632044656748308,0.22725009637359303,0.049683587510767666,0.0019590187910396573,2.004885100370761,0.4681518326965795
36,grid_0.4500,grid,0.45,17112.494251084474,grid,,1.4,0.6725842843683688,0.22705439660591753,0.049647418986456,0.0019062800316212991,1.9981599655285087,0.46822384104236325
36,grid_0.4898,grid,0.4898,21932.76192879974,grid,,1.4,0.6793778125805686,0.22692311065286996,0.04962196545726614,0.00187213269110853,1.9934537095861347,0.4682813257127103
36,grid_0.5000,grid,0.5,23631.581721038136,grid,,1.4,0.6810351700745022,0.2268921482998085,0.04961584485223227,0.0018642021078700277,1.9923247472117938,0.4682956537824194
36,grid_0.5500,grid,0.55,33366.9097310575,grid,,1.4,0.6887207690081042,0.2267527272066219,0.049587867808580814,0.0018289314870598705,1.9871767481745326,0.46836237918797907
36,grid_0.5971,grid,0.5971,44923.92053746283,grid,,1.4,0.6953723495200786,0.2266366789651521,0.049564170349581514,0.001800013902771902,1.982828070892233,0.4684191480138074
36,grid_0.6049,grid,0.6049,47084.64857092065,grid,,1.4,0.6964247189994002,0.22661855846236018,0.04956045900832809,0.0017955120312300732,1.98214817795412,0.4684279208085375
36,grid_0.6500,grid,0.65,61082.56738369445,grid,,1.4,0.7022642417523721,0.2265188930439304,0.04954005516392288,0.0017707537419247021,1.9784153762003716,0.46847511423218013
36,grid_0.7139,grid,0.7139,86713.10306373138,grid,,1.4,0.7099042493072207,0.22639365427053718,0.049513958048220716,0.0017401286457467968,1.9736234008477458,0.46853293905544824
36,grid_0.7892,grid,0.7892,134629.0419446699,grid,,1.4,0.7180854681348745,0.22625947021642223,0.04948640362165931,0.0017069442409567426,1.968598767124217,0.468587696910155
36,grid_0.8000,grid,0.8,142900.9213337607,grid,,1.4,0.7191942464724425,0.2262410475326741,0.04948268277505684,0.0017023288136248649,1.9679261807236084,0.468594443678703
36,grid_0.8904,grid,0.8904,228565.63496793807,grid,,1.4,0.7279207561619466,0.2260958382862444,0.04945337579254406,0.0016659522978155206,1.9627086071951894,0.4686412416987925
36,grid_0.9500,grid,0.95,303707.3568420157,grid,,1.4,0.7331885846570249,0.22600553264161802,0.04943552180945572,0.001642978975165743,1.9596324159461667,0.46866211943985125
36,grid_1.0112,grid,1.0112,399395.33375388547,grid,,1.4,0.7382448805598516,0.22591463390686534,0.04941807048593362,0.001619351327339369,1.9567401266526627,0.4686754022895646
36,grid_1.1500,grid,1.15,796649.174458646,grid,,1.4,0.748577997960976,0.22571836639129933,0.049381160831573116,0.0015676200947837282,1.9510436312476798,0.4686852076480237
36,grid_1.3368,grid,1.3368,1787258.3730422247,grid,,1.4,0.7602069537820936,0.22541905238302617,0.04933095251363289,0.001482796663628605,1.9453172636287088,0.46863908927398634
36,grid_1.8039,grid,1.8039,,grid,,1.4,0.7786068006054797,0.2243437704075796,0.04915039288128979,0.001179734439399005,1.9463248847218984,0.46739181216290443
36,rtp475,rtp,0.06151882720206882,475.0,grid,,1.45,0.5338203988777842,0.2400034614768187,0.05101745745684963,0.0065842040640051724,2.1890638033614676,0.4901627496050902
36,grid_0.1645,grid,0.1645,1687.8941003886077,grid,,1.45,0.5964018793042788,0.23166760620277438,0.05062223164786585,0.0030476481158578927,2.06687594202561,0.46919338195393323
36,rtp2500,rtp,0.20442171645403368,2500.0,grid,,1.45,0.6133652631501738,0.23083672534780864,0.05054818672974715,0.0027374070395524974,2.0492562085970056,0.46843814570682846
36,grid_0.2109,grid,0.2109,2645.6779770032454,grid,,1.45,0.6158525671471069,0.23073400450063505,0.050537749019732424,0.0027004318131666483,2.0468898006755056,0.46837147648629845
36,grid_0.2423,grid,0.2423,3439.7131855306598,grid,,1.45,0.6270483708161981,0.2303163452033193,0.05049182124676781,0.0025537976210467384,2.0367927443713416,0.4681669434299473
36,grid_0.2700,grid,0.27,4420.657408419983,grid,,1.45,0.6359139628806989,0.23002969471509496,0.05045659706212015,0.002457063388599634,2.0293553812308014,0.4680891633921515
36,rtp5000,rtp,0.2847423800220127,5000.0,grid,,1.45,0.6403055702476198,0.22989887426202912,0.05043947842422788,0.002414013962720396,2.0258280502705404,0.46807088022793336
36,grid_0.2850,grid,0.285,5010.87259475943,grid,,1.45,0.6403804933215107,0.22989671320402771,0.05043918857743828,0.0024133101645766875,2.025768715250727,0.4680706687001525
36,grid_0.3100,grid,0.31,6089.1295684619845,grid,,1.45,0.647376825293514,0.22970425027872007,0.05041243755967337,0.0023516050364355,2.0203436642938586,0.468063800545941
36,grid_0.3300,grid,0.33,7038.676802190931,grid,,1.45,0.6526139973064824,0.2295700765279896,0.05039277454742077,0.0023096454896462393,2.0164223422482777,0.46807274054685843
36,grid_0.3434,grid,0.3434,7753.926759972636,grid,,1.45,0.6559622822499317,0.2294878364210541,0.050380350842268704,0.00228431622294778,2.0139727615434615,0.4680834794351354
36,grid_0.3600,grid,0.36,8903.354638349423,grid,,1.45,0.6599478254748979,0.2293939881662163,0.0503657317904385,0.0022558700163636813,2.0111112661446864,0.4681004893268823
36,grid_0.3649,grid,0.3649,9262.867544949975,grid,,1.45,0.6610921554125887,0.22936785465894896,0.05036157048068656,0.002248042270162176,2.010300277115775,0.4681061719049737
36,rtp10000,rtp,0.37458940912102445,10000.0,grid,,1.45,0.6633134514315224,0.22931779881337613,0.05035352772284851,0.0022331251297635357,2.0087385376287665,0.4681180091757235
36,grid_0.4000,grid,0.4,12120.902809563271,grid,,1.45,0.6688950069759729,0.22919629794605956,0.050333546739937104,0.002197396252241801,2.004885100370761,0.4681518326965795
36,grid_0.4500,grid,0.45,17112.494251084474,grid,,1.45,0.678973399542161,0.22899099032836986,0.05029830248247215,0.002138571169095438,1.9981599655285087,0.46822384104236325
36,grid_0.4898,grid,0.4898,21932.76192879974,grid,,1.45,0.6862732042406737,0.2288536038864789,0.050273499915058445,0.0021004720967709445,1.9934537095861347,0.4682813257127103
36,grid_0.5000,grid,0.5,23631.581721038136,grid,,1.45,0.6880541196981445,0.22882124289145347,0.050267535833352674,0.0020916253650368755,1.9923247472117938,0.4682956537824194
36,grid_0.5500,grid,0.55,33366.9097310575,grid,,1.45,0.696312980279156,0.22867567800304608,0.05024027439555132,0.0020522913146014954,1.9871767481745326,0.46836237918797907
36,grid_0.5971,grid,0.5971,44923.92053746283,grid,,1.45,0.7034610987805,0.2285546908438202,0.05021718319330573,0.0020200635134084988,1.982828070892233,0.4684191480138074
36,grid_0.6049,grid,0.6049,47084.64857092065,grid,,1.45,0.7045920674156612,0.22853580908816615,0.05021356679669699,0.0020150492388857355,1.98214817795412,0.4684279208085375
36,grid_0.6500,grid,0.65,61082.56738369445,grid,,1.45,0.710867932718192,0.2284320001999069,0.0501936849154149,0.001987493799915363,1.9784153762003716,0.46847511423218013
36,grid_0.7139,grid,0.7139,86713.10306373138,grid,,1.45,0.7190791409966293,0.228301738444384,0.0501682553518628,0.0019534284248651224,1.9736234008477458,0.46853293905544824
36,grid_0.7892,grid,0.7892,134629.0419446699,grid,,1.45,0.7278728553913211,0.2281621992378118,0.05014140571621556,0.0019165834448193753,1.968598767124217,0.468587696910155
36,grid_0.8000,grid,0.8,142900.9213337607,grid,,1.45,0.7290647289908674,0.2281430369901611,0.05013778003997231,0.0019114652871217164,1.9679261807236084,0.468594443678703
36,grid_0.8904,grid,0.8904,228565.63496793807,grid,,1.45,0.7384459935022405,0.22799204069672954,0.05010922262888215,0.0018711479921770247,1.9627086071951894,0.4686412416987925
36,grid_0.9500,grid,0.95,303707.3568420157,grid,,1.45,0.7441099200719183,0.22789812908914447,0.05009182527615903,0.0018457319661733251,1.9596324159461667,0.46866211943985125
36,grid_1.0112,grid,1.0112,399395.33375388547,grid,,1.45,0.7495472525588914,0.2278035535509128,0.050074820286515484,0.0018196387239081124,1.9567401266526627,0.4686754022895646
36,grid_1.1500,grid,1.15,796649.174458646,grid,,1.45,0.760661986727853,0.22759929188088204,0.050038854545998,0.0017625831186809382,1.9510436312476798,0.4686852076480237
36,grid_1.3368,grid,1.3368,1787258.3730422247,grid,,1.45,0.7731833868714953,0.2272865947804706,0.04998993020537546,0.0016692659615263894,1.9453172636287088,0.46863908927398634
36,grid_1.8039,grid,1.8039,,grid,,1.45,0.7931245689771992,0.2261706558070293,0.049813986986827485,0.0013391785613542373,1.9463248847218984,0.46739181216290443
36,rtp475,rtp,0.06151882720206882,475.0,grid,,1.5,0.5293686078459301,0.24227586843091753,0.05144545427176387,0.007252142152191388,2.1890638033614676,0.4901627496050902
36,grid_0.1645,grid,0.1645,1687.8941003886077,grid,,1.5,0.5965205473482708,0.2333160347176823,0.05106034201817094,0.003376030038211797,2.06687594202561,0.46919338195393323
36,rtp2500,rtp,0.20442171645403368,2500.0,grid,,1.5,0.6146954306104028,0.23242781041323526,0.05098832993222301,0.0030343571212678166,2.0492562085970056,0.46843814570682846
36,grid_0.2109,grid,0.2109,2645.6779770032454,grid,,1.5,0.6173602001249838,0.23231823727230444,0.05097818042302303,0.0029935829462877095,2.0468898006755056,0.46837147648629845
36,grid_0.2423,grid,0.2423,3439.7131855306598,grid,,1.5,0.6293546424213423,0.2318734254930485,0.050933523858443984,0.0028317615914363325,2.0367927443713416,0.4681669434299473
36,grid_0.2700,grid,0.27,4420.657408419983,grid,,1.5,0.6388525914324477,0.23156891872545662,0.05089927746164852,0.0027248866580286135,2.0293553812308014,0.4680891633921515
36,rtp5000,rtp,0.2847423800220127,5000.0,grid,,1.5,0.6435574961432488,0.23143019190334585,0.05088263456205862,0.002677299162360869,2.0258280502705404,0.46807088022793336
36,grid_0.2850,grid,0.285,5010.87259475943,grid,,1.5,0.6436377641432083,0.23142790172328992,0.0508823527751895,0.002676520920855241,2.025768715250727,0.4680706687001525
36,grid_0.3100,grid,0.31,6089.1295684619845,grid,,1.5,0.651133214948474,0.23122414708225308,0.05085634624473151,0.0026082599491839,2.0203436642938586,0.468063800545941
36,grid_0.3300,grid,0.33,7038.676802190931,grid,,1.5,0.6567440893154286,0.2310823481075953,0.05083723093585204,0.002561820671067805,2.0164223422482777,0.46807274054685843
36,grid_0.3434,grid,0.3434,7753.926759972636,grid,,1.5,0.6603313551856251,0.2309955358882346,0.05082515338539254,0.0025337842149001366,2.0139727615434615,0.4680834794351354
36,grid_0.3600,grid,0.36,8903.354638349423,grid,,1.5,0.664601397789846,0.23089657658455082,0.05081094187785571,0.002502287200609632,2.0111112661446864,0.4681004893268823
36,grid_0.3649,grid,0.3649,9262.867544949975,grid,,1.5,0.6658274174010447,0.23086904259598356,0.050806896596076234,0.00249361823310984,2.010300277115775,0.4681061719049737
36,rtp10000,rtp,0.37458940912102445,10000.0,grid,,1.5,0.6682073054581078,0.2308163264113873,0.05079907810483972,0.002477098433208369,2.0087385376287665,0.4681180091757235
36,grid_0.4000,grid,0.4,12120.902809563271,grid,,1.5,0.6741874537976044,0.23068850518525535,0.050779654341036144,0.0024375320835714476,2.004885100370761,0.4681518326965795
36,grid_0.4500,grid,0.45,17112.494251084474,grid,,1.5,0.684985902518854,0.2304729722786818,0.050745393397210244,0.0023723975537597863,1.9981599655285087,0.46822384104236325
36,grid_0.4898,grid,0.4898,21932.76192879974,grid,,1.5,0.6928074365240986,0.23032910170351056,0.050721283393508565,0.002330211698037543,1.9934537095861347,0.4682813257127103
36,grid_0.5000,grid,0.5,23631.581721038136,grid,,1.5,0.6947156669631558,0.23029525541276408,0.050715485846844044,0.0023204188187861963,1.9923247472117938,0.4682956537824194
36,grid_0.5500,grid,0.55,33366.9097310575,grid,,1.5,0.7035651629949008,0.23014317707749699,0.05068898580433861,0.00227689615098553,1.9871767481745326,0.46836237918797907
36,grid_0.5971,grid,0.5971,44923.92053746283,grid,,1.5,0.7112247989561319,0.23001697058698808,0.05066653967840031,0.002241267079615028,1.982828070892233,0.4684191480138074
36,grid_0.6049,grid,0.6049,47084.64857092065,grid,,1.5,0.7124367335476177,0.22999728605345338,0.05066302430913366,0.002235727282820399,1.98214817795412,0.4684279208085375
36,grid_0.6500,grid,0.65,61082.56738369445,grid,,1.5,0.7191620551248937,0.2298891157697763,0.05064369784483611,0.0022053077045735003,1.9784153762003716,0.46847511423218013
36,grid_0.7139,grid,0.7139,86713.10306373138,grid,,1.5,0.7279615684552062,0.22975358755079237,0.050618978670627625,0.0021677323218319833,1.9736234008477458,0.46853293905544824
36,grid_0.7892,grid,0.7892,134629.0419446699,grid,,1.5,0.7373861076173183,0.22960846720560776,0.05059287909057721,0.0021271691219314492,1.968598767124217,0.468587696910155
36,grid_0.8000,grid,0.8,142900.9213337607,grid,,1.5,0.7386635662148537,0.22958853716746458,0.050589354698911085,0.002121541699785179,1.9679261807236084,0.468594443678703
36,grid_0.8904,grid,0.8904,228565.63496793807,grid,,1.5,0.7487192759585573,0.22943156636190745,0.050561595045407054,0.002077248597871284,1.9627086071951894,0.4686412416987925
36,grid_0.9500,grid,0.95,303707.3568420157,grid,,1.5,0.7547912991349504,0.22933395753181093,0.050544683690452834,0.002049380386749622,1.9596324159461667,0.46866211943985125
36,grid_1.0112,grid,1.0112,399395.33375388547,grid,,1.5,0.7606213164314911,0.2292356321177584,0.05052815373854757,0.0020208212938807035,1.9567401266526627,0.4686754022895646
36,grid_1.1500,grid,1.15,796649.174458646,grid,,1.5,0.7725420515334237,0.22902329307845234,0.050493192695896964,0.0019584760766017117,1.9510436312476798,0.4686852076480237
36,grid_1.3368,grid,1.3368,1787258.3730422247,grid,,1.5,0.7859860775281924,0.2286972469352699,0.05044563504193125,0.0018567957138405644,1.9453172636287088,0.46863908927398634
36,grid_1.8039,grid,1.8039,,grid,,1.5,0.807546644700889,0.2275424797744561,0.05027460663125995,0.0015009734706488143,1.9463248847218984,0.46739181216290443
36,rtp475,rtp,0.06151882720206882,475.0,grid,,1.55,0.5251186009586756,0.24418376357973667,0.05168581046594176,0.007939899930022976,2.1890638033614676,0.4901627496050902
36,grid_0.1645,grid,0.1645,1687.8941003886077,grid,,1.55,0.5968756163171227,0.2345715399560165,0.05131135961783436,0.003712447739502689,2.06687594202561,0.46919338195393323
36,rtp2500,rtp,0.20442171645403368,2500.0,grid,,1.55,0.6162648301043404,0.23362305505983155,0.05124147990508753,0.0033382519504015495,2.0492562085970056,0.46843814570682846
36,grid_0.2109,grid,0.2109,2645.6779770032454,grid,,1.55,0.619107398158377,0.2335062702097101,0.05123163263117773,0.0032935455960724225,2.0468898006755056,0.46837147648629845
36,grid_0.2423,grid,0.2423,3439.7131855306598,grid,,1.55,0.6319017774513064,0.23303285519204994,0.05118830909100523,0.0031160025079536857,2.0367927443713416,0.4681669434299473
36,grid_0.2700,grid,0.27,4420.657408419983,grid,,1.55,0.6420329123779076,0.23270950987199351,0.051155087967706174,0.0029986280171572788,2.0293553812308014,0.4680891633921515
36,rtp5000,rtp,0.2847423800220127,5000.0,grid,,1.55,0.6470514706555748,0.23256243454424816,0.05113894391651903,0.0029463420446286803,2.0258280502705404,0.46807088022793336
36,grid_0.2850,grid,0.285,5010.87259475943,grid,,1.55,0.6471370893531627,0.23256000796294024,0.05113867058096787,0.002945486722754964,2.025768715250727,0.4680706687001525
36,grid_0.3100,grid,0.31,6089.1295684619845,grid,,1.55,0.6551321557520743,0.23234431691403157,0.05111344467871471,0.002870436923533226,2.0203436642938586,0.468063800545941
36,grid_0.3300,grid,0.33,7038.676802190931,grid,,1.55,0.6611170553104353,0.2321944498714051,0.05109490366785049,0.00281935888323398,2.0164223422482777,0.46807274054685843
36,grid_0.3434,grid,0.3434,7753.926759972636,grid,,1.55,0.6649434888649282,0.23210279781476176,0.0510831890910602,0.0027885196623799735,2.0139727615434615,0.4680834794351354
36,grid_0.3600,grid,0.36,8903.354638349423,grid,,1.55,0.669498233850607,0.23199842497860715,0.05106940492916122,0.002753864263393191,2.0111112661446864,0.4681004893268823
36,grid_0.3649,grid,0.3649,9262.867544949975,grid,,1.55,0.6708059974526909,0.2319694069484792,0.05106548131502599,0.0027443244450031656,2.010300277115775,0.4681061719049737
36,rtp10000,rtp,0.37458940912102445,10000.0,grid,,1.55,0.6733445788760085,0.23191387140092656,0.05105789799406709,0.002726145754098408,2.0087385376287665,0.4681180091757235
36,grid_0.4000,grid,0.4,12120.902809563271,grid,,1.55,0.6797235497170423,0.23177934957434784,0.05103905855994013,0.002682608329167613,2.004885100370761,0.4681518326965795
36,grid_0.4500,grid,0.45,17112.494251084474,grid,,1.55,0.6912423862950495,0.23155296875395545,0.05100582881109869,0.002610948527671575,1.9981599655285087,0.46822384104236325
36,grid_0.4898,grid,0.4898,21932.76192879974,grid,,1.55,0.6995858269653824,0.23140221151026463,0.05098244510367986,0.002564538388161397,1.9934537095861347,0.4682813257127103
36,grid_0.5000,grid,0.5,23631.581721038136,grid,,1.55,0.7016214083574537,0.23136678727668117,0.0509768222104822,0.002553768044250837,1.9923247472117938,0.4682956537824194
36,grid_0.5500,grid,0.55,33366.9097310575,grid,,1.55,0.7110616768038123,0.23120778964346358,0.05095112069353391,0.002505921298282199,1.9871767481745326,0.46836237918797907
36,grid_0.5971,grid,0.5971,44923.92053746283,grid,,1.55,0.7192329132694452,0.23107604114108898,0.05092935112299616,0.002466785666442095,1.982828070892233,0.4684191480138074
36,grid_0.6049,grid,0.6049,47084.64857092065,grid,,1.55,0.7205258246893073,0.2310555047472653,0.05092594171377659,0.002460704560236948,1.98214817795412,0.4684279208085375
36,grid_0.6500,grid,0.65,61082.56738369445,grid,,1.55,0.7277006507110323,0.23094270973347025,0.050907197796389234,0.0024273373826486644,1.9784153762003716,0.46847511423218013
36,grid_0.7139,grid,0.7139,86713.10306373138,grid,,1.55,0.7370885001207181,0.23080159894158234,0.050883223754167324,0.0023861543198236967,1.9736234008477458,0.46853293905544824
36,grid_0.7892,grid,0.7892,134629.0419446699,grid,,1.55,0.7471438867707619,0.23065057838557154,0.05085791094342269,0.002341778366175995,1.968598767124217,0.468587696910155
36,grid_0.8000,grid,0.8,142900.9213337607,grid,,1.55,0.7485069342496788,0.2306298383765755,0.05085449279562929,0.0023356295539760374,1.9679261807236084,0.468594443678703
36,grid_0.8904,grid,0.8904,228565.63496793807,grid,,1.55,0.7592371405229876,0.2304665760723353,0.050827569985741734,0.002287272700763787,1.9627086071951894,0.4686412416987925
36,grid_0.9500,grid,0.95,303707.3568420157,grid,,1.55,0.7657173205754896,0.23036508684260706,0.05081116845058949,0.002256904785412406,1.9596324159461667,0.46866211943985125
36,grid_1.0112,grid,1.0112,399395.33375388547,grid,,1.55,0.7719401180197116,0.23026283790377974,0.05079513682011646,0.002225837699385891,1.9567401266526627,0.4686754022895646
36,grid_1.1500,grid,1.15,796649.174458646,grid,,1.55,0.7846672054553473,0.23004207342266647,0.0507612297863731,0.0021581257582263813,1.9510436312476798,0.4686852076480237
36,grid_1.3368,grid,1.3368,1787258.3730422247,grid,,1.55,0.7990350606794838,0.2297022134044124,0.05071510591870488,0.002048000924181337,1.9453172636287088,0.46863908927398634
36,grid_1.8039,grid,1.8039,,grid,,1.55,0.8222258871116717,0.2285078743633623,0.050549234455325734,0.0016666141907364374,1.9463248847218984,0.46739181216290443
36,rtp475,rtp,0.06151882720206882,475.0,grid,,1.6,0.5217406965108907,0.24571164889283093,0.05173048112793844,0.008643733273695386,2.1890638033614676,0.4901627496050902
36,grid_0.1645,grid,0.1645,1687.8941003886077,grid,,1.6,0.5980299469373459,0.2354272516216779,0.051367308509734574,0.004058682296402272,2.06687594202561,0.46919338195393323
36,rtp2500,rtp,0.20442171645403368,2500.0,grid,,1.6,0.6186089809537061,0.23441595060324816,0.051299672156494995,0.0036511657407294895,2.0492562085970056,0.46843814570682846
36,grid_0.2109,grid,0.2109,2645.6779770032454,grid,,1.6,0.6216256948115038,0.23429162837420983,0.05129014274243614,0.003602424383802705,2.0468898006755056,0.46837147648629845
36,grid_0.2423,grid,0.2423,3439.7131855306598,grid,,1.6,0.63520342908977,0.23378827240118885,0.051248220987594025,0.0034087353247384544,2.0367927443713416,0.4681669434299473
36,grid_0.2700,grid,0.27,4420.657408419983,grid,,1.6,0.6459544852816869,0.23344515976100555,0.05121607789929904,0.003280564716542367,2.0293553812308014,0.4680891633921515
36,rtp5000,rtp,0.2847423800220127,5000.0,grid,,1.6,0.6512800910797769,0.23328931244164386,0.051200458358393985,0.003223444941100939,2.0258280502705404,0.46807088022793336
36,grid_0.2850,grid,0.285,5010.87259475943,grid,,1.6,0.6513709475891275,0.23328674244000605,0.051200193908680795,0.00322251028958892,2.025768715250727,0.4680706687001525
36,grid_0.3100,grid,0.31,6089.1295684619845,grid,,1.6,0.6598550630087149,0.23305848700240056,0.0511757887444884,0.0031404696193597093,2.0203436642938586,0.468063800545941
36,grid_0.3300,grid,0.33,7038.676802190931,grid,,1.6,0.6662060490129382,0.23290011457313978,0.051157851532684276,0.003084611835497353,2.0164223422482777,0.46807274054685843
36,grid_0.3434,grid,0.3434,7753.926759972636,grid,,1.6,0.6702665635273183,0.2328033563644498,0.05114651858126443,0.00305088415328858,2.0139727615434615,0.4680834794351354
36,grid_0.3600,grid,0.36,8903.354638349423,grid,,1.6,0.6750999457230722,0.23269326603807855,0.051133183718340594,0.0030129723411274068,2.0111112661446864,0.4681004893268823
36,grid_0.3649,grid,0.3649,9262.867544949975,grid,,1.6,0.6764877099917592,0.23266267946749808,0.05112938802333398,0.003002534393661771,2.010300277115775,0.4681061719049737
36,rtp10000,rtp,0.37458940912102445,10000.0,grid,,1.6,0.6791815983996652,0.23260416324821354,0.051122051958091656,0.0029826448023099195,2.0087385376287665,0.4681180091757235
36,grid_0.4000,grid,0.4,12120.902809563271,grid,,1.6,0.6859508704538166,0.2324625522319516,0.051103826896046305,0.002935011294146528,2.004885100370761,0.4681518326965795
36,grid_0.4500,grid,0.45,17112.494251084474,grid,,1.6,0.6981746691411451,0.2322246751967543,0.05107168137998855,0.002856618390249477,1.9981599655285087,0.46822384104236325
36,grid_0.4898,grid,0.4898,21932.76192879974,grid,,1.6,0.7070288168350911,0.23206659960478665,0.051049061316888,0.0028058453352403645,1.9934537095861347,0.4682813257127103
36,grid_0.5000,grid,0.5,23631.581721038136,grid,,1.6,0.7091890141323505,0.23202949673553241,0.05104362206395963,0.0027940652913848174,1.9923247472117938,0.4682956537824194
36,grid_0.5500,grid,0.55,33366.9097310575,grid,,1.6,0.7192073577362414,0.23186313060486086,0.051018760166594845,0.002741751167291917,1.9871767481745326,0.46836237918797907
36,grid_0.5971,grid,0.5971,44923.92053746283,grid,,1.6,0.7278791884188153,0.23172547193616214,0.050997701981686794,0.002698992362350272,1.982828070892233,0.4684191480138074
36,grid_0.6049,grid,0.6049,47084.64857092065,grid,,1.6,0.7292513339023138,0.23170402675355944,0.050994403989675884,0.0026923520241383114,1.98214817795412,0.4684279208085375
36,grid_0.6500,grid,0.65,61082.56738369445,grid,,1.6,0.7368659880077871,0.2315862975783631,0.05097627263081082,0.0026559405952433224,1.9784153762003716,0.46847511423218013
36,grid_0.7139,grid,0.7139,86713.10306373138,grid,,1.6,0.7468294989141567,0.23143921806997997,0.050953082142941364,0.0026110295179023746,1.9736234008477458,0.46853293905544824
36,grid_0.7892,grid,0.7892,134629.0419446699,grid,,1.6,0.7575021355258573,0.23128189120538944,0.050928596696017917,0.0025627165035236876,1.968598767124217,0.468587696910155
36,grid_0.8000,grid,0.8,142900.9213337607,grid,,1.6,0.7589489265648187,0.23126028617120997,0.05092529027521207,0.0025560296847778607,1.9679261807236084,0.468594443678703
36,grid_0.8904,grid,0.8904,228565.63496793807,grid,,1.6,0.7703390747733142,0.23109029846560925,0.05089924751733344,0.002503478527590919,1.9627086071951894,0.4686412416987925
36,grid_0.9500,grid,0.95,303707.3568420157,grid,,1.6,0.7772185968411337,0.23098466413710847,0.050883382133869726,0.002470532932663083,1.9596324159461667,0.46866211943985125
36,grid_1.0112,grid,1.0112,399395.33375388547,grid,,1.6,0.7838256845798456,0.23087822971877056,0.05086787456191226,0.002436882396161133,1.9567401266526627,0.4686754022895646
36,grid_1.1500,grid,1.15,796649.174458646,grid,,1.6,0.7973416308865156,0.23064846301326192,0.05083507602776746,0.002363637462612589,1.9510436312476798,0.4686852076480237
36,grid_1.3368,grid,1.3368,1787258.3730422247,grid,,1.6,0.812613059028156,0.23029389818878007,0.05079046008897209,0.0022448194540121147,1.9453172636287088,0.46863908927398634
36,grid_1.8039,grid,1.8039,,grid,,1.6,0.8373959300918647,0.22905715557539452,0.0506300129215111,0.0018371675987793878,1.9463248847218984,0.46739181216290443
36,rtp475,rtp,0.06151882720206882,475.0,grid,,1.65,0.5148919671470146,0.24549825515829887,0.05169016392022489,0.008579229365544339,2.1890638033614676,0.4901627496050902
36,grid_0.1645,grid,0.1645,1687.8941003886077,grid,,1.65,0.5916074034259712,0.23521967805766492,0.05131064796177016,0.0040176489837813745,2.06687594202561,0.46919338195393323
36,rtp2500,rtp,0.20442171645403368,2500.0,grid,,1.65,0.6121047301589791,0.23421655897692073,0.05123984402391665,0.0036175524750727273,2.0492562085970056,0.46843814570682846
36,grid_0.2109,grid,0.2109,2645.6779770032454,grid,,1.65,0.6151055360379846,0.23409351131767214,0.05122986694961474,0.003569905091422354,2.0468898006755056,0.46837147648629845
36,grid_0.2423,grid,0.2423,3439.7131855306598,grid,,1.65,0.6286006903529324,0.23359586795155862,0.051185973437966534,0.0033810560860754735,2.0367927443713416,0.4681669434299473
36,grid_0.2700,grid,0.27,4420.657408419983,grid,,1.65,0.6392747250899108,0.23325713495330588,0.05115231635056947,0.0032565746560552777,2.0293553812308014,0.4680891633921515
36,rtp5000,rtp,0.2847423800220127,5000.0,grid,,1.65,0.6445586921891672,0.2331033353712683,0.051135960734876675,0.0032012042263332985,2.0258280502705404,0.46807088022793336
36,grid_0.2850,grid,0.285,5010.87259475943,grid,,1.65,0.6446488196568538,0.23310079994919516,0.05113568381909047,0.003200299117864236,2.025768715250727,0.4680706687001525
36,grid_0.3100,grid,0.31,6089.1295684619845,grid,,1.65,0.6530622205242345,0.23287569706773525,0.051110127740995194,0.003120962543788408,2.0203436642938586,0.468063800545941
36,grid_0.3300,grid,0.33,7038.676802190931,grid,,1.65,0.6593569597967751,0.23271951389874498,0.051091344316883384,0.003067027832384772,2.0164223422482777,0.46807274054685843
36,grid_0.3434,grid,0.3434,7753.926759972636,grid,,1.65,0.6633800914347626,0.23262404907053547,0.05107947667886872,0.0030344715271021783,2.0139727615434615,0.4680834794351354
36,grid_0.3600,grid,0.36,8903.354638349423,grid,,1.65,0.668167632283592,0.23251541969416792,0.05106551252194385,0.0029979078736112053,2.0111112661446864,0.4681004893268823
36,grid_0.3649,grid,0.3649,9262.867544949975,grid,,1.65,0.6695419741235713,0.23248523519382985,0.05106153769354324,0.0029878468895871424,2.010300277115775,0.4681061719049737
36,rtp10000,rtp,0.37458940912102445,10000.0,grid,,1.65,0.6722094751539471,0.23242746781799495,0.05105385540969232,0.0029686723865927633,2.0087385376287665,0.4681180091757235
36,grid_0.4000,grid,0.4,12120.902809563271,grid,,1.65,0.6789105817153981,0.23228755657955333,0.05103477024144502,0.0029227387002541683,2.004885100370761,0.4681518326965795
36,grid_0.4500,grid,0.45,17112.494251084474,grid,,1.65,0.6910050097637646,0.23205208512040637,0.05100110746462426,0.0028470627441040675,1.9981599655285087,0.46822384104236325
36,grid_0.4898,grid,0.4898,21932.76192879974,grid,,1.65,0.6997609278127102,0.23189528100349516,0.050977419361934936,0.00279800198975505,1.9934537095861347,0.4682813257127103
36,grid_0.5000,grid,0.5,23631.581721038136,grid,,1.65,0.701896613765828,0.2318584151100321,0.05097172330662273,0.002786601350713236,1.9923247472117938,0.4682956537824194
36,grid_0.5500,grid,0.55,33366.9097310575,grid,,1.65,0.7117986398738715,0.23169276617979065,0.0509456875236277,0.0027358503764154385,1.9871767481745326,0.46836237918797907
36,grid_0.5971,grid,0.5971,44923.92053746283,grid,,1.65,0.7203664549513061,0.23155520115073885,0.05092363500251708,0.0026941761774420536,1.982828070892233,0.4684191480138074
36,grid_0.6049,grid,0.6049,47084.64857092065,grid,,1.65,0.7217218714812536,0.23153372249316248,0.05092018129200948,0.00268768335953129,1.98214817795412,0.4684279208085375
36,grid_0.6500,grid,0.65,61082.56738369445,grid,,1.65,0.7292423582556978,0.2314155328785563,0.050901193873677385,0.0026519549837887846,1.9784153762003716,0.46847511423218013
36,grid_0.7139,grid,0.7139,86713.10306373138,grid,,1.65,0.7390797296042536,0.2312673749276692,0.050876908587628146,0.002607690118306971,1.9736234008477458,0.46853293905544824
36,grid_0.7892,grid,0.7892,134629.0419446699,grid,,1.65,0.7496132821010981,0.23110801663709432,0.050851267300018065,0.0025596480539133992,1.968598767124217,0.468587696910155
36,grid_0.8000,grid,0.8,142900.9213337607,grid,,1.65,0.7510408874569687,0.23108605434749285,0.05084780480371932,0.0025529597101731083,1.9679261807236084,0.468594443678703
36,grid_0.8904,grid,0.8904,228565.63496793807,grid,,1.65,0.7622771039980245,0.23091267792970607,0.05082053280109779,0.0025001320275703787,1.9627086071951894,0.4686412416987925
36,grid_0.9500,grid,0.95,303707.3568420157,grid,,1.65,0.7690608228916983,0.2308042829304294,0.05080391858690638,0.0024666984321233265,1.9596324159461667,0.46866211943985125
36,grid_1.0112,grid,1.0112,399395.33375388547,grid,,1.65,0.7755734694601725,0.23069449538047482,0.05078767906999867,0.0024322711288532473,1.9567401266526627,0.4686754022895646
36,grid_1.1500,grid,1.15,796649.174458646,grid,,1.65,0.7888882174963306,0.23045624782454552,0.05075333266173052,0.0023567494996378224,1.9510436312476798,0.4686852076480237
36,grid_1.3368,grid,1.3368,1787258.3730422247,grid,,1.65,0.8039040294918671,0.23008521288320705,0.050706611203732196,0.002232593983778508,1.9453172636287088,0.46863908927398634
36,grid_1.8039,grid,1.8039,,grid,,1.65,0.8279552916870162,0.22873791873264954,0.05053859465977761,0.0017824408063665809,1.9463248847218984,0.46739181216290443
36,rtp475,rtp,0.06151882720206882,475.0,grid,,1.7,0.5087225878397341,0.24505962222213468,0.051516483345634835,0.008537735098020527,2.1890638033614676,0.4901627496050902
36,grid_0.1645,grid,0.1645,1687.8941003886077,grid,,1.7,0.5859084422034273,0.23476423793350268,0.051122859364478905,0.003991388048019351,2.06687594202561,0.46919338195393323
36,rtp2500,rtp,0.20442171645403368,2500.0,grid,,1.7,0.6063388917930592,0.2337675230655576,0.051049322028773,0.0035979328114330023,2.0492562085970056,0.46843814570682846
36,grid_0.2109,grid,0.2109,2645.6779770032454,grid,,1.7,0.6093260551261646,0.2336455617458497,0.05103895873076118,0.003551289792772472,2.0468898006755056,0.46837147648629845
36,grid_0.2423,grid,0.2423,3439.7131855306598,grid,,1.7,0.6227491077968509,0.23315297353101003,0.050993364296126664,0.0033669447702251998,2.0367927443713416,0.4681669434299473
36,grid_0.2700,grid,0.27,4420.657408419983,grid,,1.7,0.6333547315337273,0.23281829084215366,0.05095840141149723,0.003245955139164425,2.0293553812308014,0.4680891633921515
36,rtp5000,rtp,0.2847423800220127,5000.0,grid,,1.7,0.6386014249371449,0.23266643014764748,0.05094141102007823,0.0031922566975718936,2.0258280502705404,0.46807088022793336
36,grid_0.2850,grid,0.285,5010.87259475943,grid,,1.7,0.6386908983623207,0.2326639277349751,0.05094112335418571,0.0031913799148799993,2.025768715250727,0.4680706687001525
36,grid_0.3100,grid,0.31,6089.1295684619845,grid,,1.7,0.6470406641051505,0.2324418696278363,0.05091457484053838,0.0031146479155456652,2.0203436642938586,0.468063800545941
36,grid_0.3300,grid,0.33,7038.676802190931,grid,,1.7,0.6532845556665783,0.23228784258975801,0.0508950617940316,0.003062580020972594,2.0164223422482777,0.46807274054685843
36,grid_0.3434,grid,0.3434,7753.926759972636,grid,,1.7,0.6572738007591507,0.23219366970372418,0.0508827331672735,0.0030311670832086635,2.0139727615434615,0.4680834794351354
36,grid_0.3600,grid,0.36,8903.354638349423,grid,,1.7,0.6620197037981838,0.2320865175045494,0.05086822648043972,0.0029959251269497944,2.0111112661446864,0.4681004893268823
36,grid_0.3649,grid,0.3649,9262.867544949975,grid,,1.7,0.6633818382998999,0.232056743372189,0.05086409722279997,0.0029862349217060213,2.010300277115775,0.4681061719049737
36,rtp10000,rtp,0.37458940912102445,10000.0,grid,,1.7,0.6660253214366165,0.23199974503931972,0.05085611647353969,0.0029677652247696584,2.0087385376287665,0.4681180091757235
36,grid_0.4000,grid,0.4,12120.902809563271,grid,,1.7,0.6726642774255964,0.23186160783959436,0.050836289870131085,0.0029235153198307606,2.004885100370761,0.4681518326965795
36,grid_0.4500,grid,0.45,17112.494251084474,grid,,1.7,0.6846404045580878,0.23162875021224003,0.05080131929070224,0.0028505586341820432,1.9981599655285087,0.46822384104236325
36,grid_0.4898,grid,0.4898,21932.76192879974,grid,,1.7,0.6933062618453575,0.23147341737598273,0.05077671067537596,0.0028032322763399398,1.9934537095861347,0.4682813257127103
36,grid_0.5000,grid,0.5,23631.581721038136,grid,,1.7,0.6954194483251741,0.23143684297763584,0.0507707933008031,0.0027922189866517733,1.9923247472117938,0.4682956537824194
36,grid_0.5500,grid,0.55,33366.9097310575,grid,,1.7,0.7052145794902371,0.23127218693616391,0.05074374587344882,0.002743078576787128,1.9871767481745326,0.46836237918797907
36,grid_0.5971,grid,0.5971,44923.92053746283,grid,,1.7,0.7136866526519284,0.2311349801806236,0.05072083649509331,0.0027025425680039517,1.982828070892233,0.4684191480138074
36,grid_0.6049,grid,0.6049,47084.64857092065,grid,,1.7,0.7150266590649516,0.23111351162334237,0.050717248600322305,0.0026962066545505037,1.98214817795412,0.4684279208085375
36,grid_0.6500,grid,0.65,61082.56738369445,grid,,1.7,0.7224603462593382,0.23099511189531624,0.050697523524911935,0.0026612181946177316,1.9784153762003716,0.46847511423218013
36,grid_0.7139,grid,0.7139,86713.10306373138,grid,,1.7,0.7321813217052495,0.23084621910764683,0.05067229493191796,0.0026176819443777255,1.9736234008477458,0.46853293905544824
36,grid_0.7892,grid,0.7892,134629.0419446699,grid,,1.7,0.7425863700710535,0.23068520839927584,0.05064565779144084,0.002570007582776479,1.968598767124217,0.468587696910155
36,grid_0.8000,grid,0.8,142900.9213337607,grid,,1.7,0.7439962357979124,0.23066294063773193,0.05064206082573098,0.0025633313579148664,1.9679261807236084,0.468594443678703
36,grid_0.8904,grid,0.8904,228565.63496793807,grid,,1.7,0.7550899980328952,0.23048658478701153,0.050613729786471336,0.00251033598030892,1.9627086071951894,0.4686412416987925
36,grid_0.9500,grid,0.95,303707.3568420157,grid,,1.7,0.7617849401272222,0.23037567611550833,0.05059647044595456,0.002476481699723032,1.9596324159461667,0.46866211943985125
36,grid_1.0112,grid,1.0112,399395.33375388547,grid,,1.7,0.7682099723244642,0.23026276906628979,0.05057960034831792,0.002441342469757579,1.9567401266526627,0.4686754022895646
36,grid_1.1500,grid,1.15,796649.174458646,grid,,1.7,0.7813377032153,0.23001650067410184,0.050543920530928634,0.0023636700514304554,1.9510436312476798,0.4686852076480237
36,grid_1.3368,grid,1.3368,1787258.3730422247,grid,,1.7,0.7961146643900839,0.22962944580990322,0.050495385317498316,0.002234297065464963,1.9453172636287088,0.46863908927398634
36,grid_1.8039,grid,1.8039,,grid,,1.7,0.8194694912996667,0.22817191684913968,0.0503208496389669,0.0017415739996438084,1.9463248847218984,0.46739181216290443
36,rtp475,rtp,0.06151882720206882,475.0,grid,,1.75,0.5027678774231561,0.24444204530268263,0.05122997710073042,0.00852193641102833,2.1890638033614676,0.4901627496050902
36,grid_0.1645,grid,0.1645,1687.8941003886077,grid,,1.75,0.5804079248746202,0.23411215026604562,0.05082437191869842,0.003984126983493097,2.06687594202561,0.46919338195393323
36,rtp2500,rtp,0.20442171645403368,2500.0,grid,,1.75,0.6007745296901363,0.23312034475308083,0.0507485143954207,0.0035965807423745666,2.0492562085970056,0.46843814570682846
36,grid_0.2109,grid,0.2109,2645.6779770032454,grid,,1.75,0.6037486394366222,0.2329993120501808,0.0507378233381306,0.003550856077726927,2.0468898006755056,0.46837147648629845
36,grid_0.2423,grid,0.2423,3439.7131855306598,grid,,1.75,0.617102650838272,0.2325112328899705,0.050690785697556355,0.0033706877224577436,2.0367927443713416,0.4681669434299473
36,grid_0.2700,grid,0.27,4420.657408419983,grid,,1.75,0.6276427258685442,0.23218033369259208,0.05065471511813026,0.003252992235473151,2.0293553812308014,0.4680891633921515
36,rtp5000,rtp,0.2847423800220127,5000.0,grid,,1.75,0.6328536971541039,0.23203032705397258,0.05063718633088168,0.0032008863418918065,2.0258280502705404,0.46807088022793336
36,grid_0.2850,grid,0.285,5010.87259475943,grid,,1.75,0.6329425437298881,0.23202785645019372,0.05063688954749663,0.0032000366213750797,2.025768715250727,0.4680706687001525
36,grid_0.3100,grid,0.31,6089.1295684619845,grid,,1.75,0.6412313159258478,0.23180876466823602,0.05060949937501961,0.003125804001994026,2.0203436642938586,0.468063800545941
36,grid_0.3300,grid,0.33,7038.676802190931,grid,,1.75,0.6474264671066636,0.23165687621606046,0.05058936762521404,0.0030755406729691126,2.0164223422482777,0.46807274054685843
36,grid_0.3434,grid,0.3434,7753.926759972636,grid,,1.75,0.6513832295877723,0.2315640011023609,0.05057664812074911,0.0030452384857850845,2.0139727615434615,0.4680834794351354
36,grid_0.3600,grid,0.36,8903.354638349423,grid,,1.75,0.6560892196192636,0.2314583481154847,0.050561681443549826,0.0030112854687990853,2.0111112661446864,0.4681004893268823
36,grid_0.3649,grid,0.3649,9262.867544949975,grid,,1.75,0.6574396527147116,0.23142899383641996,0.05055742125752068,0.0030019579306170274,2.010300277115775,0.4681061719049737
36,rtp10000,rtp,0.37458940912102445,10000.0,grid,,1.75,0.6600601132944761,0.23137278635768063,0.05054918746956313,0.002984178797353798,2.0087385376287665,0.4681180091757235
36,grid_0.4000,grid,0.4,12120.902809563271,grid,,1.75,0.6666394961369897,0.23123649788132747,0.05052873231752817,0.002941585634892996,2.004885100370761,0.4681518326965795
36,grid_0.4500,grid,0.45,17112.494251084474,grid,,1.75,0.6785022360612418,0.2310064499175848,0.05049265317498038,0.0028713267285452315,1.9981599655285087,0.46822384104236325
36,grid_0.4898,grid,0.4898,21932.76192879974,grid,,1.75,0.6870817816043489,0.23085276925043383,0.050467264370718926,0.0028257366998751254,1.9934537095861347,0.4682813257127103
36,grid_0.5000,grid,0.5,23631.581721038136,grid,,1.75,0.6891734067622444,0.2308165350230188,0.050461159426585876,0.0028151134134465905,1.9923247472117938,0.4682956537824194
36,grid_0.5500,grid,0.55,33366.9097310575,grid,,1.75,0.6988661032721946,0.23065311301098063,0.05043325466719175,0.0027676038744644527,1.9871767481745326,0.46836237918797907
36,grid_0.5971,grid,0.5971,44923.92053746283,grid,,1.75,0.7072464329218998,0.23051648920070789,0.05040961918774163,0.002728232605678449,1.982828070892233,0.4684191480138074
36,grid_0.6049,grid,0.6049,47084.64857092065,grid,,1.75,0.7085716726638406,0.2304950670862441,0.05040591758956311,0.002722058361529056,1.98214817795412,0.4684279208085375
36,grid_0.6500,grid,0.65,61082.56738369445,grid,,1.75,0.7159221865360776,0.23037666310422414,0.0503855674661815,0.002687839436855688,1.9784153762003716,0.46847511423218013
36,grid_0.7139,grid,0.7139,86713.10306373138,grid,,1.75,0.7255316318372022,0.2302273119041738,0.05035953963975418,0.0026450755068675447,1.9736234008477458,0.46853293905544824
36,grid_0.7892,grid,0.7892,134629.0419446699,grid,,1.75,0.7358135265030068,0.23006493927599006,0.05033205879650272,0.0025978174875622706,1.968598767124217,0.468587696910155
36,grid_0.8000,grid,0.8,142900.9213337607,grid,,1.75,0.7372063878567383,0.23004240424071273,0.05032834790878384,0.0025911598400636393,1.9679261807236084,0.468594443678703
36,grid_0.8904,grid,0.8904,228565.63496793807,grid,,1.75,0.7481635468186375,0.2298633560014527,0.050299119697817654,0.0025380427344329215,1.9627086071951894,0.4686412416987925
36,grid_0.9500,grid,0.95,303707.3568420157,grid,,1.75,0.7547733036931591,0.22975009268181357,0.05028131385068133,0.0025037912366205894,1.9596324159461667,0.46866211943985125
36,grid_1.0112,grid,1.0112,399395.33375388547,grid,,1.75,0.7611142070000532,0.2296342018851392,0.050263909566704366,0.0024679571087204977,1.9567401266526627,0.4686754022895646
36,grid_1.1500,grid,1.15,796649.174458646,grid,,1.75,0.7740620885007296,0.22938013045273564,0.05022710028174208,0.0023881439647719382,1.9510436312476798,0.4686852076480237
36,grid_1.3368,grid,1.3368,1787258.3730422247,grid,,1.75,0.7886081876149952,0.22897704836337568,0.05017702875763308,0.0022534599195705995,1.9453172636287088,0.46863908927398634
36,grid_1.8039,grid,1.8039,,grid,,1.75,0.811278213102289,0.227407373731712,0.049996972536256255,0.0017171410912982799,1.9463248847218984,0.46739181216290443
36,rtp475,rtp,0.06151882720206882,475.0,grid,,1.8,0.4969910034771954,0.24365092904895505,0.050836294993961154,0.008529480232457781,2.1890638033614676,0.4901627496050902
36,grid_0.1645,grid,0.1645,1687.8941003886077,grid,,1.8,0.5750691452997173,0.23327049053222218,0.05042078004187994,0.003994341711263616,2.06687594202561,0.46919338195393323
36,rtp2500,rtp,0.20442171645403368,2500.0,grid,,1.8,0.5953747435476324,0.23228231177673492,0.05034300420378942,0.003612068160554871,2.0492562085970056,0.46843814570682846
36,grid_0.2109,grid,0.2109,2645.6779770032454,grid,,1.8,0.5983363542782687,0.23216207674103692,0.05033204223564373,0.003567187641067393,2.0468898006755056,0.46837147648629845
36,grid_0.2423,grid,0.2423,3439.7131855306598,grid,,1.8,0.6116242118634584,0.23167806818546757,0.050283811952958626,0.0033909153251915347,2.0367927443713416,0.4681669434299473
36,grid_0.2700,grid,0.27,4420.657408419983,grid,,1.8,0.6221014433188544,0.23135075691553916,0.05024682625274443,0.0032763464726484615,2.0293553812308014,0.4680891633921515
36,rtp5000,rtp,0.2847423800220127,5000.0,grid,,1.8,0.6272781597507819,0.23120255031374148,0.05022885275181552,0.0032257665197626406,2.0258280502705404,0.46807088022793336
36,grid_0.2850,grid,0.285,5010.87259475943,grid,,1.8,0.6273664051969545,0.23120011082078334,0.050228548437805685,0.003224942805736819,2.025768715250727,0.4680706687001525
36,grid_0.3100,grid,0.31,6089.1295684619845,grid,,1.8,0.6355966828463259,0.23098395046465517,0.05020046315191896,0.0031531222203393106,2.0203436642938586,0.468063800545941
36,grid_0.3300,grid,0.33,7038.676802190931,grid,,1.8,0.6417450877057527,0.23083421114725,0.05017982049790188,0.0031046125380713163,2.0164223422482777,0.46807274054685843
36,grid_0.3434,grid,0.3434,7753.926759972636,grid,,1.8,0.645670696152632,0.23074265554043022,0.05016677825187796,0.0030753948339716786,2.0139727615434615,0.4680834794351354
36,grid_0.3600,grid,0.36,8903.354638349423,grid,,1.8,0.6503384055015591,0.23063854087588676,0.05015143179597451,0.003042704741383573,2.0111112661446864,0.4681004893268823
36,grid_0.3649,grid,0.3649,9262.867544949975,grid,,1.8,0.651677616009595,0.2306096204556595,0.0501470635190366,0.0030337335276667265,2.010300277115775,0.4681061719049737
36,rtp10000,rtp,0.37458940912102445,10000.0,grid,,1.8,0.654275996032547,0.23055423392594313,0.05013862083623789,0.0030166339449406165,2.0087385376287665,0.4681180091757235
36,grid_0.4000,grid,0.4,12120.902809563271,grid,,1.8,0.6607982450198023,0.2304198868246016,0.05011764683081825,0.0029756774134439556,2.004885100370761,0.4681518326965795
36,grid_0.4500,grid,0.45,17112.494251084474,grid,,1.8,0.6725522478953546,0.23019286702795586,0.050080652720995454,0.0029081033095547104,1.9981599655285087,0.46822384104236325
36,grid_0.4898,grid,0.4898,21932.76192879974,grid,,1.8,0.6810490294192924,0.2300410287681189,0.05005462006786516,0.0028642548488293507,1.9934537095861347,0.4682813257127103
36,grid_0.5000,grid,0.5,23631.581721038136,grid,,1.8,0.6831199809757624,0.23000518475793905,0.05004836034483023,0.002854024670703448,1.9923247472117938,0.4682956537824194
36,grid_0.5500,grid,0.55,33366.9097310575,grid,,1.8,0.6927144630653553,0.22984324001483888,0.05001974817668478,0.0028081668038340557,1.9871767481745326,0.46836237918797907
36,grid_0.5971,grid,0.5971,44923.92053746283,grid,,1.8,0.7010068319965911,0.22970742019073997,0.04999551362839817,0.0027699852622870003,1.982828070892233,0.4684191480138074
36,grid_0.6049,grid,0.6049,47084.64857092065,grid,,1.8,0.7023179137794854,0.22968607984859485,0.04999171822403185,0.0027639770521832308,1.98214817795412,0.4684279208085375
36,grid_0.6500,grid,0.65,61082.56738369445,grid,,1.8,0.7095886845925257,0.22956786949811703,0.04997085245130649,0.0027305542545980055,1.9784153762003716,0.46847511423218013
36,grid_0.7139,grid,0.7139,86713.10306373138,grid,,1.8,0.7190912021539743,0.2294183210791837,0.04994416535184661,0.0026886006949448094,1.9736234008477458,0.46853293905544824
36,grid_0.7892,grid,0.7892,134629.0419446699,grid,,1.8,0.729255003567029,0.22925485433002118,0.04991598860816392,0.002641799625715313,1.968598767124217,0.468587696910155
36,grid_0.8000,grid,0.8,142900.9213337607,grid,,1.8,0.7306315559380823,0.2292320866213786,0.049912183758475316,0.0026351657783159066,1.9679261807236084,0.468594443678703
36,grid_0.8904,grid,0.8904,228565.63496793807,grid,,1.8,0.7414576458826135,0.22905060088180684,0.049882215610504765,0.002581962153812012,1.9627086071951894,0.4686412416987925
36,grid_0.9500,grid,0.95,303707.3568420157,grid,,1.8,0.7479856150274862,0.22893511837458805,0.04986395905399135,0.002547329371195284,1.9596324159461667,0.46866211943985125
36,grid_1.0112,grid,1.0112,399395.33375388547,grid,,1.8,0.7542456870751093,0.2288163533539606,0.049846114219418654,0.0025108093427859135,1.9567401266526627,0.4686754022895646
36,grid_1.1500,grid,1.15,796649.174458646,grid,,1.8,0.7670205048726088,0.22855463330653145,0.04980837356339061,0.002428846842492449,1.9510436312476798,0.4686852076480237
36,grid_1.3368,grid,1.3368,1787258.3730422247,grid,,1.8,0.7813433227915568,0.22813541203447055,0.04975703521893754,0.0022887310052001064,1.9453172636287088,0.46863908927398634
36,grid_1.8039,grid,1.8039,,grid,,1.8,0.8033398106970724,0.22645107046456725,0.049572428307043816,0.0017076590075045806,1.9463248847218984,0.46739181216290443
36,rtp475,rtp,0.06151882720206882,475.0,grid,,1.85,0.4884465598576484,0.24372657957603225,0.050948590894253104,0.008454054697578872,2.1890638033614676,0.4901627496050902
36,grid_0.1645,grid,0.1645,1687.8941003886077,grid,,1.85,0.5648103314066272,0.2334647175136619,0.05052522531463257,0.003980549009101386,2.06687594202561,0.46919338195393323
36,rtp2500,rtp,0.20442171645403368,2500.0,grid,,1.85,0.584499752194187,0.23249775615902885,0.0504459727596039,0.003609233859379335,2.0492562085970056,0.46843814570682846
36,grid_0.2109,grid,0.2109,2645.6779770032454,grid,,1.85,0.5873677718538004,0.23238054478948048,0.05043480267315118,0.003565914923504554,2.0468898006755056,0.46837147648629845
36,grid_0.2423,grid,0.2423,3439.7131855306598,grid,,1.85,0.6002252604256527,0.23190982643426714,0.05038565688758096,0.0033965107091909474,2.0367927443713416,0.4681669434299473
36,grid_0.2700,grid,0.27,4420.657408419983,grid,,1.85,0.610352134928795,0.2315925844900172,0.05034796933580601,0.0032871558549597557,2.0293553812308014,0.4680891633921515
36,rtp5000,rtp,0.2847423800220127,5000.0,grid,,1.85,0.6153524450547211,0.23144918949706497,0.05032965485001292,0.003239072468835369,2.0258280502705404,0.46807088022793336
36,grid_0.2850,grid,0.285,5010.87259475943,grid,,1.85,0.6154376660468124,0.23144683093159849,0.05032934476299245,0.0032382907852874787,2.025768715250727,0.4680706687001525
36,grid_0.3100,grid,0.31,6089.1295684619845,grid,,1.85,0.623383431593898,0.23123805556350685,0.05030072673056174,0.003170311610229737,2.0203436642938586,0.468063800545941
36,grid_0.3300,grid,0.33,7038.676802190931,grid,,1.85,0.6293162193676751,0.2310935990001248,0.050279692586621,0.003124558912209474,2.0164223422482777,0.46807274054685843
36,grid_0.3434,grid,0.3434,7753.926759972636,grid,,1.85,0.6331028428210073,0.23100529854333074,0.05026640303360387,0.003097044921489489,2.0139727615434615,0.4680834794351354
36,grid_0.3600,grid,0.36,8903.354638349423,grid,,1.85,0.6376040718376501,0.23090493079853378,0.050250765605823984,0.0030663214612516865,2.0111112661446864,0.4681004893268823
36,grid_0.3649,grid,0.3649,9262.867544949975,grid,,1.85,0.6388952857489208,0.23087705931012062,0.05024631451381074,0.003057902001878221,2.010300277115775,0.4681061719049737
36,rtp10000,rtp,0.37458940912102445,10000.0,grid,,1.85,0.641400234757445,0.2308236748703075,0.05023771178147265,0.003041857099160772,2.0087385376287665,0.4681180091757235
36,grid_0.4000,grid,0.4,12120.902809563271,grid,,1.85,0.6476862868825113,0.23069414417264952,0.05021634022457325,0.003003447930977954,2.004885100370761,0.4681518326965795
36,grid_0.4500,grid,0.45,17112.494251084474,grid,,1.85,0.6590090456083983,0.23047501523833122,0.050178645069327135,0.0029400875797818693,1.9981599655285087,0.46822384104236325
36,grid_0.4898,grid,0.4898,21932.76192879974,grid,,1.85,0.6671901958951184,0.23032824454761977,0.050152119189579174,0.0028989810468089683,1.9934537095861347,0.4682813257127103
36,grid_0.5000,grid,0.5,23631.581721038136,grid,,1.85,0.6691837529630841,0.23029354647073405,0.05014574088487555,0.0028893766611925997,1.9923247472117938,0.4682956537824194
36,grid_0.5500,grid,0.55,33366.9097310575,grid,,1.85,0.6784173852362237,0.2301364565472433,0.05011658675521405,0.0028462018769071507,1.9871767481745326,0.46836237918797907
36,grid_0.5971,grid,0.5971,44923.92053746283,grid,,1.85,0.6863949974987124,0.23000421612615923,0.050091893239059895,0.002810046196749072,1.982828070892233,0.4684191480138074
36,grid_0.6049,grid,0.6049,47084.64857092065,grid,,1.85,0.6876560757220578,0.22998338904382934,0.050088025961913626,0.002804333274171733,1.98214817795412,0.4684279208085375
36,grid_0.6500,grid,0.65,61082.56738369445,grid,,1.85,0.6946483876634172,0.22986773434889396,0.05006676508753517,0.0027724102071585155,1.9784153762003716,0.46847511423218013
36,grid_0.7139,grid,0.7139,86713.10306373138,grid,,1.85,0.7037845782849627,0.2297208978779833,0.050039572766073,0.002732118155793828,1.9736234008477458,0.46853293905544824
36,grid_0.7892,grid,0.7892,134629.0419446699,grid,,1.85,0.7135528000280513,0.2295594310718279,0.050010862678639856,0.002686669715381451,1.968598767124217,0.468587696910155
36,grid_0.8000,grid,0.8,142900.9213337607,grid,,1.85,0.7148754346605941,0.22953685487809133,0.05000698581296048,0.0026801819343654776,1.9679261807236084,0.468594443678703
36,grid_0.8904,grid,0.8904,228565.63496793807,grid,,1.85,0.7252742403131379,0.22935620843384608,0.04997645050763897,0.002627819839510881,1.9627086071951894,0.4686412416987925
36,grid_0.9500,grid,0.95,303707.3568420157,grid,,1.85,0.7315411859165687,0.22924050368959778,0.049957848466820644,0.0025933600650398514,1.9596324159461667,0.46866211943985125
36,grid_1.0112,grid,1.0112,399395.33375388547,grid,,1.85,0.7375477914382345,0.22912086349746003,0.049939665936726205,0.0025567041530955015,1.9567401266526627,0.4686754022895646
36,grid_1.1500,grid,1.15,796649.174458646,grid,,1.85,0.7497940709004056,0.22885579233280878,0.04990121124416393,0.0024737624401137692,1.9510436312476798,0.4686852076480237
36,grid_1.3368,grid,1.3368,1787258.3730422247,grid,,1.85,0.7634793112030306,0.22842723465836345,0.049848901654666246,0.002330099879000791,1.9453172636287088,0.46863908927398634
36,grid_1.8039,grid,1.8039,,grid,,1.85,0.7839619738548125,0.22664065513490075,0.0496608043907911,0.0017051821691859148,1.9463248847218984,0.46739181216290443
36,rtp475,rtp,0.06151882720206882,475.0,grid,,1.9,0.480134470281233,0.2437331031459569,0.05099256225679325,0.008413263312364416,2.1890638033614676,0.4901627496050902
36,grid_0.1645,grid,0.1645,1687.8941003886077,grid,,1.9,0.554823247374833,0.23356193854960938,0.05056223842437403,0.00398894071467748,2.06687594202561,0.46919338195393323
36,rtp2500,rtp,0.20442171645403368,2500.0,grid,,1.9,0.5739127325228067,0.23261393124812327,0.05048167878115266,0.00362756222955396,2.0492562085970056,0.46843814570682846
36,grid_0.2109,grid,0.2109,2645.6779770032454,grid,,1.9,0.5766896517901526,0.23249949032641057,0.05047032452445773,0.003585688477582949,2.0468898006755056,0.46837147648629845
36,grid_0.2423,grid,0.2423,3439.7131855306598,grid,,1.9,0.5891282898413536,0.23204112072309535,0.05042036869034091,0.003422713016089207,2.0367927443713416,0.4681669434299473
36,grid_0.2700,grid,0.27,4420.657408419983,grid,,1.9,0.5989142544175498,0.2317333976370193,0.05038206024098738,0.003318307339409521,2.0293553812308014,0.4680891633921515
36,rtp5000,rtp,0.2847423800220127,5000.0,grid,,1.9,0.6037429362657144,0.23159459529731355,0.05036344413108855,0.0032726124398378964,2.0258280502705404,0.46807088022793336
36,grid_0.2850,grid,0.285,5010.87259475943,grid,,1.9,0.6038252148410856,0.23159231420761017,0.050363128937626206,0.0032718710624102254,2.025768715250727,0.4680706687001525
36,grid_0.3100,grid,0.31,6089.1295684619845,grid,,1.9,0.6114942022382192,0.2313906394980088,0.050334039695197584,0.0032075883520998882,2.0203436642938586,0.468063800545941
36,grid_0.3300,grid,0.33,7038.676802190931,grid,,1.9,0.6172172555267188,0.23125129846523634,0.0503126593089234,0.0031645037329344206,2.0164223422482777,0.46807274054685843
36,grid_0.3434,grid,0.3434,7753.926759972636,grid,,1.9,0.6208686954410693,0.23116616479654473,0.05029915104279302,0.003138644703950255,2.0139727615434615,0.4680834794351354
36,grid_0.3600,grid,0.36,8903.354638349423,grid,,1.9,0.625208006738984,0.2310694554085517,0.05028325629648689,0.003109836926317777,2.0111112661446864,0.4681004893268823
36,grid_0.3649,grid,0.3649,9262.867544949975,grid,,1.9,0.6264525414993007,0.2310426108786183,0.050278731969861115,0.0031019560717475136,2.010300277115775,0.4681061719049737
36,rtp10000,rtp,0.37458940912102445,10000.0,grid,,1.9,0.6288666261621999,0.2309911894923952,0.05026998770556225,0.0030869419175493795,2.0087385376287665,0.4681180091757235
36,grid_0.4000,grid,0.4,12120.902809563271,grid,,1.9,0.6349229839011257,0.23086639840452272,0.05024826460668733,0.003051029305588482,2.004885100370761,0.4681518326965795
36,grid_0.4500,grid,0.45,17112.494251084474,grid,,1.9,0.645826417798785,0.23065508725286787,0.05020994958261977,0.002991819693008324,1.9981599655285087,0.46822384104236325
36,grid_0.4898,grid,0.4898,21932.76192879974,grid,,1.9,0.6537006966674496,0.2305133733230413,0.05018298762224063,0.0029534276585271857,1.9934537095861347,0.4682813257127103
36,grid_0.5000,grid,0.5,23631.581721038136,grid,,1.9,0.6556190119255978,0.23047982346190396,0.05017650447860453,0.0029444445444258838,1.9923247472117938,0.4682956537824194
36,grid_0.5500,grid,0.55,33366.9097310575,grid,,1.9,0.6645018494294003,0.2303276160811911,0.05014687121234283,0.0029039395173017235,1.9871767481745326,0.46836237918797907
36,grid_0.5971,grid,0.5971,44923.92053746283,grid,,1.9,0.6721734977133001,0.230198997232377,0.05012177195140388,0.0028698063753880287,1.982828070892233,0.4684191480138074
36,grid_0.6049,grid,0.6049,47084.64857092065,grid,,1.9,0.6733859705638771,0.23017869102043245,0.050117841137415076,0.002864388662464634,1.98214817795412,0.4684279208085375
36,grid_0.6500,grid,0.65,61082.56738369445,grid,,1.9,0.6801076186262381,0.2300656393226905,0.0500962309919539,0.0028339674050044117,1.9784153762003716,0.46847511423218013
36,grid_0.7139,grid,0.7139,86713.10306373138,grid,,1.9,0.6888877556073552,0.22992158572321383,0.05006859207495839,0.002795343506518777,1.9736234008477458,0.46853293905544824
36,grid_0.7892,grid,0.7892,134629.0419446699,grid,,1.9,0.6982714907232662,0.2297621913178593,0.05003941054971207,0.0027512540094725146,1.968598767124217,0.468587696910155
36,grid_0.8000,grid,0.8,142900.9213337607,grid,,1.9,0.699541717999381,0.22973981547720387,0.050035470027881335,0.0027449127876183477,1.9679261807236084,0.468594443678703
36,grid_0.8904,grid,0.8904,228565.63496793807,grid,,1.9,0.7095251728231279,0.2295600656326024,0.050004433415381966,0.002693390317862754,1.9627086071951894,0.4686412416987925
36,grid_0.9500,grid,0.95,303707.3568420157,grid,,1.9,0.7155383463331405,0.22944415986187292,0.04998552600849005,0.0026590964862306388,1.9596324159461667,0.46866211943985125
36,grid_1.0112,grid,1.0112,399395.33375388547,grid,,1.9,0.7212984816679329,0.22932364874854042,0.04996704499610678,0.0026222908792371546,1.9567401266526627,0.4686754022895646
36,grid_1.1500,grid,1.15,796649.174458646,grid,,1.9,0.7330305914088945,0.22905516949153112,0.04992795921536945,0.0025383114554246022,1.9510436312476798,0.4686852076480237
36,grid_1.3368,grid,1.3368,1787258.3730422247,grid,,1.9,0.7460945973075842,0.22861693277326575,0.04987479121985369,0.0023909107308022204,1.9453172636287088,0.46863908927398634
36,grid_1.8039,grid,1.8039,,grid,,1.9,0.7650920378849714,0.22672529605978348,0.04968360954926337,0.0017207503241331024,1.9463248847218984,0.46739181216290443
36,rtp475,rtp,0.06151882720206882,475.0,grid,,1.95,0.472043495974921,0.24369185131135832,0.050981669338610425,0.00840404905694675,2.1890638033614676,0.4901627496050902
36,grid_0.1645,grid,0.1645,1687.8941003886077,grid,,1.95,0.5450968311210844,0.233586781189718,0.05054518737955405,0.004017596967019144,2.06687594202561,0.46919338195393323
36,rtp2500,rtp,0.20442171645403368,2500.0,grid,,1.95,0.5636023081944874,0.23265579903028924,0.05046347312943496,0.0036652476929873723,2.0492562085970056,0.46843814570682846
36,grid_0.2109,grid,0.2109,2645.6779770032454,grid,,1.95,0.5662905650784247,0.23254391613191458,0.05045195623435322,0.0036247166956137056,2.0468898006755056,0.46837147648629845
36,grid_0.2423,grid,0.2423,3439.7131855306598,grid,,1.95,0.5783216154665153,0.23209711611114284,0.05040128517518854,0.0034677861319207803,2.0367927443713416,0.4681669434299473
36,grid_0.2700,grid,0.27,4420.657408419983,grid,,1.95,0.5877758949207538,0.23179846817529529,0.050362428629479386,0.0033681012189339943,2.0293553812308014,0.4680891633921515
36,rtp5000,rtp,0.2847423800220127,5000.0,grid,,1.95,0.5924376104271921,0.23166408620124035,0.05034354629387887,0.0033247025415768516,2.0258280502705404,0.46807088022793336
36,grid_0.2850,grid,0.285,5010.87259475943,grid,,1.95,0.5925170266101876,0.2316618798973323,0.05034322659345553,0.0033240000041104834,2.025768715250727,0.4680706687001525
36,grid_0.3100,grid,0.31,6089.1295684619845,grid,,1.95,0.5999167772754841,0.23146708791353984,0.05031372148588756,0.0032632913012868303,2.0203436642938586,0.468063800545941
36,grid_0.3300,grid,0.33,7038.676802190931,grid,,1.95,0.6054358287478812,0.23133273912163077,0.05029203555356288,0.0032228006359535932,2.0164223422482777,0.46807274054685843
36,grid_0.3434,grid,0.3434,7753.926759972636,grid,,1.95,0.6089557881820797,0.23125070956163982,0.05027833429235078,0.0031985563804111106,2.0139727615434615,0.4680834794351354
36,grid_0.3600,grid,0.36,8903.354638349423,grid,,1.95,0.6131376248662662,0.2311575982504104,0.050262212496810545,0.003171622732087598,2.0111112661446864,0.4681004893268823
36,grid_0.3649,grid,0.3649,9262.867544949975,grid,,1.95,0.6143367631229417,0.23113176634766414,0.050257623552724735,0.0031642698622664778,2.010300277115775,0.4681061719049737
36,rtp10000,rtp,0.37458940912102445,10000.0,grid,,1.95,0.6166624819785682,0.23108228330085986,0.05024875441215911,0.003150267243379745,2.0087385376287665,0.4681180091757235
36,grid_0.4000,grid,0.4,12120.902809563271,grid,,1.95,0.6224954731894534,0.23096218792451711,0.05022672115493449,0.003116811095945471,2.004885100370761,0.4681518326965795
36,grid_0.4500,grid,0.45,17112.494251084474,grid,,1.95,0.6329911747241597,0.23075867064062322,0.05018785927839257,0.003061704797435061,1.9981599655285087,0.46822384104236325
36,grid_0.4898,grid,0.4898,21932.76192879974,grid,,1.95,0.6405670968449865,0.23062203086236244,0.050160512640484434,0.0030260084785960206,1.9934537095861347,0.4682813257127103
36,grid_0.5000,grid,0.5,23631.581721038136,grid,,1.95,0.6424122621119083,0.2305896374810964,0.05015393701959212,0.0030176438940713313,1.9923247472117938,0.4682956537824194
36,grid_0.5500,grid,0.55,33366.9097310575,grid,,1.95,0.6509540729798825,0.2304423643604548,0.05012388112867014,0.002979802163366463,1.9871767481745326,0.46836237918797907
36,grid_0.5971,grid,0.5971,44923.92053746283,grid,,1.95,0.6583282958446569,0.23031742548598505,0.05009842399839302,0.0029476924840992624,1.982828070892233,0.4684191480138074
36,grid_0.6049,grid,0.6049,47084.64857092065,grid,,1.95,0.6594935208681967,0.2302976500060193,0.0500944371459436,0.0029425704523513563,1.98214817795412,0.4684279208085375
36,grid_0.6500,grid,0.65,61082.56738369445,grid,,1.95,0.6659520721870634,0.23018725945773022,0.0500725189551529,0.002913655461507514,1.9784153762003716,0.46847511423218013
36,grid_0.7139,grid,0.7139,86713.10306373138,grid,,1.95,0.6743861258130813,0.23004606974801553,0.050044486178696015,0.002876708027812813,1.9736234008477458,0.46853293905544824
36,grid_0.7892,grid,0.7892,134629.0419446699,grid,,1.95,0.6833961382106947,0.22988882765822843,0.05001488890173645,0.0028339841803382004,1.968598767124217,0.468587696910155
36,grid_0.8000,grid,0.8,142900.9213337607,grid,,1.95,0.6846154236421332,0.22986666181771886,0.05001089224366361,0.0028277899715579147,1.9679261807236084,0.468594443678703
36,grid_0.8904,grid,0.8904,228565.63496793807,grid,,1.95,0.6941951075866795,0.22968787062118076,0.049979413558107394,0.0027771043523848737,1.9627086071951894,0.4686412416987925
36,grid_0.9500,grid,0.95,303707.3568420157,grid,,1.95,0.6999615468238154,0.2295717864635248,0.04996023687266095,0.0027429682673932865,1.9596324159461667,0.46866211943985125
36,grid_1.0112,grid,1.0112,399395.33375388547,grid,,1.95,0.7054820040378234,0.22945040935287075,0.04994149265143039,0.002705997700769569,1.9567401266526627,0.4686754022895646
36,grid_1.1500,grid,1.15,796649.174458646,grid,,1.95,0.7167139042277563,0.22917846510476408,0.04990185039711686,0.0026209184706587063,1.9510436312476798,0.4686852076480237
36,grid_1.3368,grid,1.3368,1787258.3730422247,grid,,1.95,0.7291726085610167,0.2287302138343218,0.04984792549782291,0.002469585222871662,1.9453172636287088,0.46863908927398634
36,grid_1.8039,grid,1.8039,,grid,,1.95,0.7467132940940185,0.22673058003548294,0.049654024582572745,0.0017527313406537903,1.9463248847218984,0.46739181216290443
36,rtp475,rtp,0.06151882720206882,475.0,grid,,2.0,0.4641631925958452,0.2436252291513949,0.05092954843148684,0.008423703847582842,2.1890638033614676,0.4901627496050902
36,grid_0.1645,grid,0.1645,1687.8941003886077,grid,,2.0,0.5356206425575255,0.23356462567557634,0.05048761017747138,0.004064824189500715,2.06687594202561,0.46919338195393323
36,rtp2500,rtp,0.20442171645403368,2500.0,grid,,2.0,0.5535577110369483,0.23264903192837363,0.05040487553624373,0.003720696520965683,2.0492562085970056,0.46843814570682846
36,grid_0.2109,grid,0.2109,2645.6779770032454,grid,,2.0,0.5561596894194326,0.23253952983921447,0.05039321496115949,0.003681417976683421,2.0468898006755056,0.46837147648629845
36,grid_0.2423,grid,0.2423,3439.7131855306598,grid,,2.0,0.5677941544161987,0.23210365914459435,0.05034191217851458,0.003530196409795461,2.0367927443713416,0.4681669434299473
36,grid_0.2700,grid,0.27,4420.657408419983,grid,,2.0,0.5769257491356583,0.23181373283981552,0.050302571655784646,0.003435035077344717,2.0293553812308014,0.4680891633921515
36,rtp5000,rtp,0.2847423800220127,5000.0,grid,,2.0,0.5814250435819011,0.23168363802026998,0.050283454273630006,0.0033938538526774864,2.0258280502705404,0.46807088022793336
36,grid_0.2850,grid,0.285,5010.87259475943,grid,,2.0,0.5815016753771213,0.23168150444780955,0.0502831305942904,0.0033931889089099943,2.025768715250727,0.4680706687001525
36,grid_0.3100,grid,0.31,6089.1295684619845,grid,,2.0,0.5886395379703533,0.23149343236057732,0.05025325837362865,0.0033359508524525294,2.0203436642938586,0.468063800545941
36,grid_0.3300,grid,0.33,7038.676802190931,grid,,2.0,0.5939601707118553,0.23136398864219984,0.05023130274561159,0.003297992494816382,2.0164223422482777,0.46807274054685843
36,grid_0.3434,grid,0.3434,7753.926759972636,grid,,2.0,0.5973522547773308,0.23128502149193236,0.05021743114543957,0.003275330021084044,2.0139727615434615,0.4680834794351354
36,grid_0.3600,grid,0.36,8903.354638349423,grid,,2.0,0.6013809411920181,0.2311954709360609,0.050201108967049504,0.0032502368142974802,2.0111112661446864,0.4681004893268823
36,grid_0.3649,grid,0.3649,9262.867544949975,grid,,2.0,0.6025359310529783,0.23117064350082334,0.05019646299706824,0.0032434034195165107,2.010300277115775,0.4681061719049737
36,rtp10000,rtp,0.37458940912102445,10000.0,grid,,2.0,0.6047757150639151,0.23112308561588676,0.05018748365369714,0.003230397050911382,2.0087385376287665,0.4681180091757235
36,grid_0.4000,grid,0.4,12120.902809563271,grid,,2.0,0.6103914946916391,0.23100766836923126,0.050165176696992005,0.0031993661483967206,2.004885100370761,0.4681518326965795
36,grid_0.4500,grid,0.45,17112.494251084474,grid,,2.0,0.6204907336047746,0.23081195978229077,0.05012583229723328,0.0031483284813085266,1.9981599655285087,0.46822384104236325
36,grid_0.4898,grid,0.4898,21932.76192879974,grid,,2.0,0.6277765722698962,0.23068043328966029,0.0500981462715377,0.003115316031167714,1.9934537095861347,0.4682813257127103
36,grid_0.5000,grid,0.5,23631.581721038136,grid,,2.0,0.6295506195224331,0.23064920920156343,0.05009148906495019,0.003107568640356384,1.9923247472117938,0.4682956537824194
36,grid_0.5500,grid,0.55,33366.9097310575,grid,,2.0,0.6377608901241323,0.23050694005492572,0.050061060341393675,0.0030723890720914526,1.9871767481745326,0.46836237918797907
36,grid_0.5971,grid,0.5971,44923.92053746283,grid,,2.0,0.6448459769839435,0.23038575142769743,0.05003528752505584,0.0030423069358489485,1.982828070892233,0.4684191480138074
36,grid_0.6049,grid,0.6049,47084.64857092065,grid,,2.0,0.645965271912172,0.23036651816698944,0.050031251241025025,0.0030374814513568493,1.98214817795412,0.4684279208085375
36,grid_0.6500,grid,0.65,61082.56738369445,grid,,2.0,0.6521680705675567,0.2302588546215886,0.05000906132930393,0.0030100788023419423,1.9784153762003716,0.46847511423218013
36,grid_0.7139,grid,0.7139,86713.10306373138,grid,,2.0,0.6602657148423738,0.2301206166340589,0.04998068115996298,0.002974817040076516,1.9736234008477458,0.46853293905544824
36,grid_0.7892,grid,0.7892,134629.0419446699,grid,,2.0,0.6689124468570027,0.22996561164246165,0.049950717197417865,0.0029334653406736244,1.968598767124217,0.468587696910155
36,grid_0.8000,grid,0.8,142900.9213337607,grid,,2.0,0.6700822121231769,0.22994366597895072,0.04994667102905609,0.002927418494783174,1.9679261807236084,0.468594443678703
36,grid_0.8904,grid,0.8904,228565.63496793807,grid,,2.0,0.6792693596773303,0.2297658985450909,0.04991480246308574,0.0028775656711472752,1.9627086071951894,0.4686412416987925
36,grid_0.9500,grid,0.95,303707.3568420157,grid,,2.0,0.6847958935524507,0.22964965964327697,0.0498953882967649,0.0028435778775080522,1.9596324159461667,0.46866211943985125
36,grid_1.0112,grid,1.0112,399395.33375388547,grid,,2.0,0.6900832647179667,0.22952742219969532,0.04987641194705081,0.0028064255945863814,1.9567401266526627,0.4686754022895646
36,grid_1.1500,grid,1.15,796649.174458646,grid,,2.0,0.7008285142257519,0.22925195732857492,0.0498362789645755,0.002720180974407238,1.9510436312476798,0.4686852076480237
36,grid_1.3368,grid,1.3368,1787258.3730422247,grid,,2.0,0.7126974395281733,0.22879336689167418,0.04978168659870547,0.002564718134922761,1.9453172636287088,0.46863908927398634
36,grid_1.8039,grid,1.8039,,grid,,2.0,0.7288096144156909,0.22668274574430336,0.049585388202266545,0.0017996790159099385,1.9463248847218984,0.46739181216290443
36,rtp475,rtp,0.06151882720206882,475.0,structure,3.0,0.4674420035349929,0.4071255315244854,0.2322464282545439,0.0513286772513239,0.002609726185669098,2.1890638033614676,0.4901627496050902
36,grid_0.1645,grid,0.1645,1687.8941003886077,structure,3.0,0.4674420035349929,0.3644407408093146,0.2275600692780413,0.05037541943990948,0.0014081656899174733,2.06687594202561,0.46919338195393323
36,rtp2500,rtp,0.20442171645403368,2500.0,structure,3.0,0.4674420035349929,0.3524684199358753,0.2271146496137699,0.050194154705611865,0.0013869093635736074,2.0492562085970056,0.46843814570682846
36,grid_0.2109,grid,0.2109,2645.6779770032454,structure,3.0,0.4674420035349929,0.35069329422981554,0.22705878901353418,0.05016859391796412,0.0013870997503285104,2.0468898006755056,0.46837147648629845
36,grid_0.2423,grid,0.2423,3439.7131855306598,structure,3.0,0.4674420035349929,0.342640874744799,0.22682884245318854,0.050056138206741756,0.001395185561911677,2.0367927443713416,0.4681669434299473
36,grid_0.2700,grid,0.27,4420.657408419983,structure,3.0,0.4674420035349929,0.3361974785168729,0.22666685912861273,0.049969916598577406,0.0014079484286529664,2.0293553812308014,0.4680891633921515
36,rtp5000,rtp,0.2847423800220127,5000.0,structure,3.0,0.4674420035349929,0.3329843884139433,0.22659158234429982,0.04992802905921808,0.001415716130075531,2.0258280502705404,0.46807088022793336
36,grid_0.2850,grid,0.285,5010.87259475943,structure,3.0,0.4674420035349929,0.33292947272299084,0.22659032616714034,0.04992731986404779,0.0014158560484832522,2.025768715250727,0.4680706687001525
36,grid_0.3100,grid,0.31,6089.1295684619845,structure,3.0,0.4674420035349929,0.3277873958284514,0.22647675942660542,0.049861871876827675,0.001429850683548825,2.0203436642938586,0.468063800545941
36,grid_0.3300,grid,0.33,7038.676802190931,structure,3.0,0.4674420035349929,0.323918821908711,0.2263956389077777,0.04981377931600558,0.001441206000455289,2.0164223422482777,0.46807274054685843
36,grid_0.3434,grid,0.3434,7753.926759972636,structure,3.0,0.4674420035349929,0.3214366892170655,0.22634511543897962,0.04978340138063331,0.001448709902451703,2.0139727615434615,0.4680834794351354
36,grid_0.3600,grid,0.36,8903.354638349423,structure,3.0,0.4674420035349929,0.3184747670161731,0.22628631783032796,0.04974766006549412,0.0014578375717140823,2.0111112661446864,0.4681004893268823
36,grid_0.3649,grid,0.3649,9262.867544949975,structure,3.0,0.4674420035349929,0.3176230743513087,0.2262697018402158,0.04973748804550972,0.0014604899253504444,2.010300277115775,0.4681061719049737
36,rtp10000,rtp,0.37458940912102445,10000.0,structure,3.0,0.4674420035349929,0.3159676506555449,0.22623766311710014,0.049717830117142314,0.0014656500955441826,2.0087385376287665,0.4681180091757235
36,grid_0.4000,grid,0.4,12120.902809563271,structure,3.0,0.4674420035349929,0.311797305077698,0.22615842093995034,0.049669005442464574,0.0014786259195871954,2.004885100370761,0.4681518326965795
36,grid_0.4500,grid,0.45,17112.494251084474,structure,3.0,0.4674420035349929,0.30423198663416035,0.22601900908601102,0.0495829168365102,0.001501675631712135,1.9981599655285087,0.46822384104236325
36,grid_0.4898,grid,0.4898,21932.76192879974,structure,3.0,0.4674420035349929,0.29873097082824873,0.22592066661549737,0.04952235114419426,0.0015177964597964527,1.9934537095861347,0.4682813257127103
36,grid_0.5000,grid,0.5,23631.581721038136,structure,3.0,0.4674420035349929,0.29738628049818366,0.22589684612364117,0.04950779144953907,0.0015215936390689522,1.9923247472117938,0.4682956537824194
36,grid_0.5500,grid,0.55,33366.9097310575,structure,3.0,0.4674420035349929,0.29113507946243294,0.22578654904702647,0.04944125136900397,0.0015383143615613215,1.9871767481745326,0.46836237918797907
36,grid_0.5971,grid,0.5971,44923.92053746283,structure,3.0,0.4674420035349929,0.2857046887305782,0.22569074437121658,0.04938490575903307,0.0015514063358007535,1.982828070892233,0.4684191480138074
36,grid_0.6049,grid,0.6049,47084.64857092065,structure,3.0,0.4674420035349929,0.2848435904877539,0.2256754788456168,0.04937608280970928,0.0015533389424891575,1.98214817795412,0.4684279208085375
36,grid_0.6500,grid,0.65,61082.56738369445,structure,3.0,0.4674420035349929,0.28005633765513077,0.22559003296738214,0.04932758345066544,0.0015632795235591274,1.9784153762003716,0.46847511423218013
36,grid_0.7139,grid,0.7139,86713.10306373138,structure,3.0,0.4674420035349929,0.2737784992832872,0.22547758969820464,0.049265575946938166,0.0015745675091737577,1.9736234008477458,0.46853293905544824
36,grid_0.7892,grid,0.7892,134629.0419446699,structure,3.0,0.4674420035349929,0.26701509549083213,0.2253526468262306,0.04920012371540677,0.001583691716181057,1.968598767124217,0.468587696910155
36,grid_0.8000,grid,0.8,142900.9213337607,structure,3.0,0.4674420035349929,0.2660940050873174,0.2253351570323544,0.04919128622501084,0.0015846467697849809,1.9679261807236084,0.468594443678703
36,grid_0.8904,grid,0.8904,228565.63496793807,structure,3.0,0.4674420035349929,0.25879788463361286,0.22519204367677118,0.04912169247700954,0.0015897640583112799,1.9627086071951894,0.4686412416987925
36,grid_0.9500,grid,0.95,303707.3568420157,structure,3.0,0.4674420035349929,0.25434092747206133,0.22509864522181636,0.04907930169832765,0.0015900983823694953,1.9596324159461667,0.46866211943985125
36,grid_1.0112,grid,1.0112,399395.33375388547,structure,3.0,0.4674420035349929,0.2500091394184988,0.22500156502004764,0.04903786635509361,0.0015878379063771209,1.9567401266526627,0.4686754022895646
36,grid_1.1500,grid,1.15,796649.174458646,structure,3.0,0.4674420035349929,0.24095409879769425,0.22478217728098265,0.04895026825987603,0.0015767589633030876,1.9510436312476798,0.4686852076480237
36,grid_1.3368,grid,1.3368,1787258.3730422247,structure,3.0,0.4674420035349929,0.2298710418831145,0.22443536160385832,0.048831120596408754,0.0015401109418458833,1.9453172636287088,0.46863908927398634
36,grid_1.8039,grid,1.8039,,structure,3.0,0.4674420035349929,0.20204918678506478,0.2225622245457353,0.04840312294249076,0.0011308208522555346,1.9463248847218984,0.46739181216290443
36,rtp475,rtp,0.06151882720206882,475.0,structure,5.0,0.7397492411074756,0.46075935241426913,0.22430962905551807,0.04737472310189503,0.0029400865851290925,2.1890638033614676,0.4901627496050902
36,grid_0.1645,grid,0.1645,1687.8941003886077,structure,5.0,0.7397492411074756,0.4555213852624915,0.21964548785544494,0.046739491682638946,0.0015046486526174574,2.06687594202561,0.46919338195393323
36,rtp2500,rtp,0.20442171645403368,2500.0,structure,5.0,0.7397492411074756,0.4528027003079887,0.21925381566747046,0.04661863606612024,0.0014535996186248734,2.0492562085970056,0.46843814570682846
36,grid_0.2109,grid,0.2109,2645.6779770032454,structure,5.0,0.7397492411074756,0.4523729441541983,0.21920709675982666,0.04660158440428382,0.0014501668655881872,2.0468898006755056,0.46837147648629845
36,grid_0.2423,grid,0.2423,3439.7131855306598,structure,5.0,0.7397492411074756,0.450348750819814,0.2190211062511745,0.04652653501817087,0.0014437099653173968,2.0367927443713416,0.4681669434299473
36,grid_0.2700,grid,0.27,4420.657408419983,structure,5.0,0.7397492411074756,0.4486511930791592,0.21889656941131663,0.04646896168404271,0.0014467464160006493,2.0293553812308014,0.4680891633921515
36,rtp5000,rtp,0.2847423800220127,5000.0,structure,5.0,0.7397492411074756,0.4477815582266765,0.21884038724168378,0.046440981837551,0.0014501332505391096,2.0258280502705404,0.46807088022793336
36,grid_0.2850,grid,0.285,5010.87259475943,structure,5.0,0.7397492411074756,0.44776657733661,0.21883946077024719,0.04644050806346987,0.0014502015267426893,2.025768715250727,0.4680706687001525
36,grid_0.3100,grid,0.31,6089.1295684619845,structure,5.0,0.7397492411074756,0.4463473233917875,0.2187571336191757,0.04639677882802819,0.0014579046812497054,2.0203436642938586,0.468063800545941
36,grid_0.3300,grid,0.33,7038.676802190931,structure,5.0,0.7397492411074756,0.4452585367635941,0.21869975576095546,0.04636463661441583,0.0014649465554857355,2.0164223422482777,0.46807274054685843
36,grid_0.3434,grid,0.3434,7753.926759972636,structure,5.0,0.7397492411074756,0.4445509205256393,0.21866447151489682,0.046344329851882984,0.0014698212510061426,2.0139727615434615,0.4680834794351354
36,grid_0.3600,grid,0.36,8903.354638349423,structure,5.0,0.7397492411074756,0.4436983498993102,0.21862394542757663,0.046320434373284675,0.00147599514103533,2.0111112661446864,0.4681004893268823
36,grid_0.3649,grid,0.3649,9262.867544949975,structure,5.0,0.7397492411074756,0.44345166565836786,0.21861259492450993,0.04631363287648167,0.0014778337831461985,2.010300277115775,0.4681061719049737
36,rtp10000,rtp,0.37458940912102445,10000.0,structure,5.0,0.7397492411074756,0.44297010203139253,0.21859077367689803,0.04630048778210346,0.0014814385545613984,2.0087385376287665,0.4681180091757235
36,grid_0.4000,grid,0.4,12120.902809563271,structure,5.0,0.7397492411074756,0.44174574368436365,0.21853717954043164,0.04626783394689381,0.0014906648945930412,2.004885100370761,0.4681518326965795
36,grid_0.4500,grid,0.45,17112.494251084474,structure,5.0,0.7397492411074756,0.43948759763968004,0.21844386634985985,0.04621024227667539,0.0015074804692000454,1.9981599655285087,0.46822384104236325
36,grid_0.4898,grid,0.4898,21932.76192879974,structure,5.0,0.7397492411074756,0.4378204639491915,0.2183787539617556,0.046169713804077764,0.0015195663778112267,1.9934537095861347,0.4682813257127103
36,grid_0.5000,grid,0.5,23631.581721038136,structure,5.0,0.7397492411074756,0.4374099459626141,0.21836298938947646,0.04615996942118514,0.0015224257139234698,1.9923247472117938,0.4682956537824194
36,grid_0.5500,grid,0.55,33366.9097310575,structure,5.0,0.7397492411074756,0.43548654797638336,0.21828977445839912,0.04611543041498274,0.0015349952181160087,1.9871767481745326,0.46836237918797907
36,grid_0.5971,grid,0.5971,44923.92053746283,structure,5.0,0.7397492411074756,0.4337968627861688,0.21822564640701925,0.04607770800169073,0.0015447247480706583,1.982828070892233,0.4684191480138074
36,grid_0.6049,grid,0.6049,47084.64857092065,structure,5.0,0.7397492411074756,0.43352734848390645,0.2182153502851106,0.046071800608635916,0.0015461384914176035,1.98214817795412,0.4684279208085375
36,grid_0.6500,grid,0.65,61082.56738369445,structure,5.0,0.7397492411074756,0.432021374582789,0.21815719689464266,0.046039325436067466,0.0015532371208604179,1.9784153762003716,0.46847511423218013
36,grid_0.7139,grid,0.7139,86713.10306373138,structure,5.0,0.7397492411074756,0.43003130698766107,0.21808010552537085,0.045997795890367656,0.0015611365355892304,1.9736234008477458,0.46853293905544824
36,grid_0.7892,grid,0.7892,134629.0419446699,structure,5.0,0.7397492411074756,0.4278614774316756,0.21799238233491844,0.04595395244810954,0.0015667263079437166,1.968598767124217,0.468587696910155
36,grid_0.8000,grid,0.8,142900.9213337607,structure,5.0,0.7397492411074756,0.4275635566879845,0.2179798961511495,0.045948032264040005,0.0015672028620259126,1.9679261807236084,0.468594443678703
36,grid_0.8904,grid,0.8904,228565.63496793807,structure,5.0,0.7397492411074756,0.4251803278629778,0.21787655011325877,0.04590140646312267,0.001568784626132691,1.9627086071951894,0.4686412416987925
36,grid_0.9500,grid,0.95,303707.3568420157,structure,5.0,0.7397492411074756,0.4236999077117904,0.21780745257019754,0.04587300353017338,0.0015670828649454738,1.9596324159461667,0.46866211943985125
36,grid_1.0112,grid,1.0112,399395.33375388547,structure,5.0,0.7397492411074756,0.4222378779740943,0.21773400227484546,0.04584524098310374,0.0015628547635186674,1.9567401266526627,0.4686754022895646
36,grid_1.1500,grid,1.15,796649.174458646,structure,5.0,0.7397492411074756,0.41909833718985323,0.2175651148620289,0.04578653407939924,0.0015480451255285854,1.9510436312476798,0.4686852076480237
36,grid_1.3368,grid,1.3368,1787258.3730422247,structure,5.0,0.7397492411074756,0.41492337578115085,0.21728542619866492,0.04570667854527281,0.001506277893062652,1.9453172636287088,0.46863908927398634
36,grid_1.8039,grid,1.8039,,structure,5.0,0.7397492411074756,0.4008295058812378,0.21569449213034433,0.04541964121620914,0.001104472719158034,1.9463248847218984,0.46739181216290443
