,GM_RSD595_None_Delta,"rotD50_AvgSA([0, 3])_3.0_Delta","rotD50_AvgSA([0, 6])_6.0_Delta",rotD50_PGA_None_Delta,rotD50_SA_0.025_Delta,rotD50_SA_0.04_Delta,rotD50_SA_0.05_Delta,rotD50_SA_0.07_Delta,rotD50_SA_0.1_Delta,rotD50_SA_0.15_Delta,rotD50_SA_0.2_Delta,rotD50_SA_0.25_Delta,rotD50_SA_0.3_Delta,rotD50_SA_0.35_Delta,rotD50_SA_0.4_Delta,rotD50_SA_0.45_Delta,rotD50_SA_0.5_Delta,rotD50_SA_0.6_Delta,rotD50_SA_0.7_Delta,rotD50_SA_0.75_Delta,rotD50_SA_0.8_Delta,rotD50_SA_0.9_Delta,rotD50_SA_1.0_Delta,rotD50_SA_1.2_Delta,rotD50_SA_1.4_Delta,rotD50_SA_1.6_Delta,rotD50_SA_1.8_Delta,rotD50_SA_2.0_Delta,rotD50_SA_2.5_Delta,rotD50_SA_3.0_Delta,rotD50_SA_3.5_Delta,rotD50_SA_4.0_Delta,rotD50_SA_4.5_Delta,rotD50_SA_5.0_Delta,rotD50_SA_6.0_Delta,rotD50_SA_7.0_Delta,rotD50_SA_8.0_Delta,event_id,station_code,max_usable_T
0,-0.24922209081808377,0.15035715054694432,0.23482832880205695,-0.3854085009226007,-0.43047260631452877,-0.5210984460149466,-0.5389107689627881,-0.6103749910393321,-0.5733015801948764,0.24098789187363945,-0.2817073793630245,-0.6345818256540716,-0.529389673966107,-0.32215469525743545,0.14581721514271173,0.09616090417625456,-0.2488286283247665,-0.1911393559000074,0.13725726053585685,0.34136336999167405,0.34040513855844834,0.23315155782333008,0.27365391134820705,0.43449067147669407,0.44033057207131954,0.36727714104309417,0.3194541771837054,0.44111701006629733,0.2709408054158331,0.15430381693159312,0.185013434676371,0.3013453975312599,0.38678099169093105,0.34107850422754193,0.362853041623465,0.42039527304907054,0.4266735928924703,EMSC-19990611_0000011,ZAK1,2.0
1,-0.9965439883851301,0.5726562847549923,0.46088687181292354,0.6800073717741535,0.6495138162180556,0.5585657571465861,0.5265454004268557,0.6832785306789453,0.5894786122046494,1.0916797218174557,0.7596368853869704,0.6193760530736427,1.088051610254181,0.8895798379552873,0.410261784162286,0.17893236972592685,0.13980834426142597,-0.07661273354508147,-0.04007168505715164,-0.05924260143320037,-0.023861395332665403,0.2505795749658368,0.2688473693034581,0.3176457907313113,0.5245233429382461,0.5131694208343109,0.7046018420665581,0.8301361884097576,0.6710477670546844,0.604755221996716,0.43020110132620104,0.35757111347202475,0.41259628483730637,0.37681955227425057,0.38742725299791836,0.42423138292153695,0.43154900195217216,EMSC-19990611_0000011,ARGA,2.0
2,-0.8466105835043125,0.6187924352494134,0.5627630423997472,0.7697609363060547,0.7352899457378079,0.6345701615183685,0.6088109270430122,0.4218846348902563,0.3563817073877509,0.7822883268908329,1.135823936076994,0.9254960665570042,0.766063432076431,0.7832361709982809,0.39692315791127086,0.1887150954374901,0.06737004729572504,0.08918927608536986,0.17326949602612807,0.3196799551779872,0.47571075471430824,0.5291530092236822,0.4421060935044592,0.4161890883244226,0.496361282429719,0.7983314308815412,0.6817181489620285,0.6624992618675529,0.6400355556371826,0.791759428286424,0.7086308221455768,0.5926206494942612,0.6326345729101117,0.5027581549087365,0.4521270859308242,0.4990844460802748,0.5255957877297508,EMSC-19990611_0000011,LEFA,2.0
3,-0.6264717832262012,0.7699229393382403,0.71981095014364,0.7277820760816809,0.6879890651837766,0.6320722677264232,0.723551411314288,0.7450075726057044,0.8058402129193243,1.235862039229588,0.7599992544484411,0.5521783174969679,0.4632371285768282,0.6951096996987483,0.7509751117296206,0.691972794288823,0.49990526786952927,0.34893748038319305,0.44007582751554253,0.40191530002661935,0.6098498188124086,0.5149920309070097,0.5433039533135569,0.8737060122100155,0.8740152399042715,1.0228711614243498,1.0963513531167175,1.0601893476921909,0.7303123967582525,0.7954769301842974,0.7878759332334369,0.6563728315463226,0.6221578618317647,0.6081739565076401,0.6540617896416023,0.6260022720371126,0.5703754283936995,EMSC-19990611_0000011,LXRA,2.0
4,0.37201556146968073,-3.4309536371093436,-3.1038390885411964,-2.9063145810273117,-2.818164972481707,-2.12112862832085,-1.9677906735260713,-2.6293418704929827,-2.8945967122232688,-3.0206070220337367,-2.8607840464821646,-3.031457128371911,-3.2564618039918214,-3.241437054891292,-3.2247748114787704,-3.288455319063263,-3.38544467261704,-3.556923832626822,-3.511116898066443,-3.4560559687420556,-3.2997824032702345,-3.5543769229120867,-3.648338493630485,-3.677543335984822,-3.7463892339684595,-3.5729563629234526,-3.59139547176067,-3.5752434568950004,-3.4297969170630456,-3.2842801241476653,-3.1513313358112818,-2.8223597359322525,-2.653675210463419,-2.6102468501340983,-2.6762563446311862,-2.622377135254901,-2.6703766638243724,EMSC-20080917_0000042,CSS,3.2
5,0.2850414885027357,-1.8050739851276312,-1.654544678996702,-2.227929726825055,-2.2153830019927394,-1.7191618125195003,-1.513625621116672,-1.7546295259351696,-1.88231806599115,-2.0449421933194367,-2.6156940231202626,-2.7655919762510086,-2.4585727117413674,-2.2972178764877045,-2.1064738179133977,-2.077105115106219,-2.0193293451832304,-2.086673401311403,-1.7987342286825063,-1.8353274254953957,-1.6673308507270042,-1.611065385537283,-1.7984035959163585,-1.9126058362965637,-1.9344566513703647,-2.0161455397770975,-1.9243327107303045,-1.5471071764040651,-1.3245793211765644,-1.5559972000267042,-1.5095268112829014,-1.5780891162790844,-1.5410731968764182,-1.4659856312085449,-1.491734287371715,-1.4846552382903173,-1.4978921725974192,EMSC-20091107_0000005,CSS,4.0
6,-0.5040478522969565,-1.769484850923213,-1.4001182332371513,-0.8674461661924635,-0.9026696734457289,-0.6252459932454997,-0.1394918182538527,-0.6757352198227391,-1.1217648066642,-1.156905497784031,-0.9880433505655377,-0.9707663134091629,-0.829162089355366,-0.9627986285970378,-1.1094181243707775,-1.2399056453318975,-1.374587459409315,-1.7301761097114197,-1.848918052680844,-1.843183705576224,-1.9418168291566076,-2.388250040850198,-2.3421645176994375,-2.1369833539382164,-2.2413381222793314,-2.1875411813977292,-2.0977644272870783,-2.020522635036235,-1.8732245129362255,-1.6821915958291722,-1.4663615798049143,-1.2568879148968453,-1.0544668123486787,-0.9131914948846465,-0.6878651607052664,-0.5076804753027719,-0.36080086408340684,EMSC-20091201_0000021,KARP,8.0
7,-0.0860105631838044,-2.6535173289424048,-2.339079501396153,-0.6877922874792466,-0.6581847932758835,-0.1258313795188304,-0.1997275339737392,-0.19541013676905994,-0.5813024861695064,-1.358258097686349,-1.485977719481986,-1.7429636537706816,-2.0186698565665893,-2.015366241646193,-2.23655203636417,-2.45873857633328,-2.729225301482363,-2.8121589150371173,-2.993922847093163,-2.987573469903616,-3.009120220833699,-2.8349359045619105,-3.0486534377942682,-3.223721657809766,-3.2757014147620893,-3.175687241822043,-3.078063465789871,-3.0075243574731125,-2.9284088909789485,-2.6786238843174335,-2.5179839905369654,-2.312944968639565,-2.0943085945188376,-2.038673115324734,-1.7843044543676072,-1.560348752427716,-1.3806987922417147,EMSC-20100105_0000004,KARP,4.0
8,-0.022153466200713456,-0.9671528222238948,-0.8179170214275917,-0.7999670269439205,-0.849411183036449,-0.7762778785586235,-0.4759858936768362,-0.6135920848613514,-0.5655598405759195,-0.7661877548336635,-0.6155592852458485,-0.3513893744967689,-0.5148402900211337,-0.39450458917321196,-0.39751349483952225,-0.4830342874493647,-0.49057411446806753,-0.7158110603038663,-0.9352958226311774,-0.8413372417693727,-0.9488490576733835,-1.0067308805452075,-0.9643129484621342,-0.6299243596196531,-0.8024064249361871,-1.1578154854784959,-1.2053219272690718,-1.2921179159815726,-1.2055666309401953,-1.0497994628407206,-0.9286101944746736,-0.8172726614572845,-0.62912892305655,-0.6012910423613249,-0.41945501557204956,-0.27016436597571847,-0.14000072063040037,EMSC-20100105_0000004,IACM,5.3333
9,-0.5754805485640886,-0.2944038886130764,-0.12818040515220375,0.8883432152396029,0.8619582894110698,0.9056336783415677,1.1387564509469623,1.1811295858025197,1.4864380262508639,1.188574049572697,0.8222969534280686,0.3890538733617692,0.8650541439733859,0.6409796416640923,0.19991667115277245,0.16422543279650714,0.18810930243284396,0.4469677157782348,-0.2072573220658569,-0.238419528473913,-0.35435791469903233,-0.4873502311256974,-0.6023829799566265,-0.6311634400733306,-0.7627929686927146,-0.9186708149898388,-0.8726403082744341,-0.8709616240202855,-0.5015709702669628,-0.4053112409688513,-0.31110111417506303,-0.19078482108680994,-0.03360391326995682,0.04488065049969059,0.26408270152289504,0.44809973278477777,0.6032141781738503,EMSC-20100716_0000025,KARP,8.0
10,0.1855609083351264,1.03309889391363,1.1177876720781796,1.46500752045731,1.3768409707170841,1.263468674999789,1.208315138836972,1.3146566016909986,1.1945706661983788,1.2318235192335552,1.312451222081692,1.7876020107659523,1.9540114267459545,2.0073123927407988,1.7933102622837866,1.7554773758891686,1.75736183164953,1.901205149576036,1.316636274642427,1.1737575712550061,1.2162670823160777,1.1456573137793855,1.1302902818639105,0.9404486840023747,0.8509828765704128,0.8079584988295325,0.6335894072524884,0.5511876265510853,0.5879141068944556,0.7877966362847246,0.8917743367411664,1.046276145494227,1.202556705174418,1.3145492483038694,1.5426078311407743,1.7276862007716591,1.8620326237102436,EMSC-20100716_0000025,IACM,8.0
11,-0.19438166923311906,-2.0841182422512423,-1.8748799826580012,-0.6250926533701326,-0.5976212688244544,0.11708528849558952,0.33876524581339496,-0.5006332025252274,-0.4055711598596208,-0.586172146234369,-0.7559893854221418,-1.1647652173765133,-1.30272629141803,-1.0456641606994364,-1.064818191949862,-1.5172858586463862,-1.8959195049669146,-2.189253863205476,-2.462899747334637,-2.561536988912998,-2.630951156192566,-2.6727466202271266,-2.6822919902187277,-2.736672851528188,-2.678939415603466,-2.5501137961721474,-2.3797059145756974,-2.2685457374823788,-2.205364827428598,-2.181731742022098,-2.0106087335671994,-1.894376989172681,-1.7620708029724135,-1.6193889256158034,-1.4023001675588738,-1.1316647484287543,-0.9507291259815336,EMSC-20101204_0000007,KARP,8.0
12,0.07331760030838463,-1.0794003928003795,-0.978402945018404,-0.5513718518251531,-0.6169650813450955,-0.6794830477358991,-0.6637891496305457,-0.5217461804965211,-0.2491228096514373,-0.5571868148588308,-0.33344257697264634,-0.31400653780809673,-0.2570316345620345,-0.4593372300289582,-0.4498747173700881,-0.5437433832276879,-0.5235223820719881,-0.6489726496333876,-0.7356691157520219,-0.700075309317187,-0.7522765886762306,-0.5756618064730521,-0.9210737704697296,-0.9937253234612546,-1.1023098001181895,-1.2680095743344006,-1.437551510576096,-1.5813153658668302,-1.5038225406035792,-1.3178553160103412,-1.154063829237021,-1.0412109664196763,-0.8939160406290974,-0.8101463570623988,-0.6151626309355329,-0.43400624112361896,-0.29537386320344083,EMSC-20101204_0000007,IACM,5.3333
13,-0.029743721526585443,-3.3415046697779696,-3.2823515359457316,-2.9144987039304002,-2.8755440405570702,-2.637356232653505,-2.3139513798226945,-3.0219020975436814,-3.1341697433628655,-2.5710263905635804,-2.815582098079238,-2.640593143921919,-2.632625356745729,-2.9633713701157998,-2.753981888961838,-2.9273623590931503,-2.849847204747821,-3.1778070375939436,-3.3941899556565733,-3.266919860546982,-3.3589833550359085,-3.58726429413801,-3.4984542849671314,-3.718466205033767,-3.4786683231716156,-3.4289488820435023,-3.5807467549672456,-3.5245977271511224,-3.5563657874787946,-3.287470763806242,-3.33598344009493,-3.4197573893918882,-3.1633000326759806,-3.158257642140976,-3.0498878707255628,-2.9362107674823186,-2.779680559611137,EMSC-20101217_0000017,ANKY,8.0
14,0.3989903265143351,-1.2294963296359542,-1.21519950642403,-1.087282634522821,-1.1667974317292362,-1.3010238303533823,-1.3247479449677506,-1.3339720614455386,-1.096873914536764,-1.2649239893117024,-1.375567990262498,-0.8532911043833531,-0.7895019950294575,-0.7354990774809504,-0.3702509412449855,-0.35746851650637623,-0.5909059594715389,-0.8161018823488959,-0.8602470875950532,-0.9048928119624957,-1.0736279036271688,-0.9578973186300637,-1.1926522736129188,-1.037551287984087,-1.1314359127839255,-1.3349386480344583,-1.5007948538909037,-1.6657038464995928,-1.4725746757955402,-1.331386340450221,-1.4058788898040078,-1.3881956838364573,-1.23792899503907,-1.1557948345666311,-0.9861778864241231,-0.8672474142091584,-0.7810806189026369,EMSC-20101217_0000017,IACM,4.0
15,-0.6148550412810083,-3.118881186273918,-2.98237851409419,-2.225813469642153,-2.2784817248450633,-2.3469846580299167,-2.203812902438113,-2.252803315531949,-2.0515689087539695,-2.2701145336795037,-2.5910248047145763,-2.002023306347106,-2.222033995155117,-2.2058829270831573,-2.37724307166787,-2.399779245407614,-2.373389145496092,-2.867261550162752,-3.040049647799443,-3.0205380516411227,-3.0218707028435228,-3.099108487989551,-3.2067127325873983,-3.44039398974153,-3.548407972788164,-3.5519496080558266,-3.604130691747957,-3.546707021995519,-3.3686478051016344,-3.2213498083822927,-3.0831558628990443,-3.008141514119151,-2.8327460469517387,-2.7452127235638244,-2.6275530467682664,-2.4552294426855514,-2.3294226791677524,EMSC-20101217_0000017,MNVA,8.0
16,-0.7028836562938592,0.569827708358436,0.4099438181115156,0.9214821980494552,0.8764254489245804,0.8465910324221011,0.9822409949793318,0.8761714875116868,1.277805711376092,1.1046494144048797,1.2006718379122514,1.061355663607086,1.1318914527572514,0.9913274712314846,0.9727705369116073,0.8179799677016639,0.43468732193447845,0.5760449329441322,0.7467841306976748,0.7449529445958154,0.7530523392037844,0.7111816275901583,0.694303503999727,0.4662392706164553,0.2826826157454887,0.4956083993202194,0.4822222907196947,0.4779430800261908,0.2670981183132035,0.37103576090758583,0.23097496198769552,0.17009721480280504,0.2569361319528358,0.24702045321675747,0.3503146089298701,0.45473911757041297,0.45477399575852573,EMSC-20110401_0000033,KARP,26.6667
17,0.8681805686745796,-0.06264824308664707,0.299431450545649,-0.9564286507173803,-1.0434417461706849,-1.1434563551947,-0.9310941242764841,-0.4488924799806222,-1.2550839007312478,-1.0612977260685668,-1.1209795126227462,-0.979201604683178,-0.7359717125270206,-0.7683972033654678,-0.7512992902807518,-0.9759577636042458,-0.9098747919664731,-0.9194765818398754,-0.6778319417172298,-0.4510394283309225,-0.4646028436914955,-0.2737379812331433,-0.21058400083067852,0.32366551030321133,0.5998409183967501,0.38988073370336274,0.3643551230752964,0.29982085730383545,0.2516824092525294,0.30209900654892863,0.6201952352851876,0.887787755625105,0.8518313090975358,0.7335253573920504,0.6731369607706483,0.5082966987007751,0.41550884492190576,EMSC-20110401_0000033,ANKY,16.0
18,0.46553034846300756,1.3796004704472589,1.1280491475306444,0.8207587944752026,0.7347202419192285,0.5905964223563238,0.5874566690553529,0.47584171351799975,0.7175336849900047,0.9295791630677206,0.9366821085129247,0.9728819395900867,1.4339238794084141,1.3117705249816876,1.5102346877479982,1.490623594398797,1.2733846419002544,1.302536238960275,1.1678070717316387,1.2915807513728739,1.3318873380611604,1.456753658319308,1.690691077564583,2.145868717043119,2.114626241053559,1.699438484419436,1.576558702438322,1.3627049780635279,1.1904957908472502,1.127226541608617,0.9720294262587501,0.9687863418865854,0.9513436294742954,0.8316473130371564,0.8261156784839132,0.795679296714269,0.837780597316339,EMSC-20110401_0000033,IACM,16.0
19,0.6759145327594109,0.5991461941803626,0.951714416557123,-0.3591428074474017,-0.4330147265719617,-0.6013328569315339,-0.6769701231655523,-0.8567801912677036,-0.8953037683025125,-0.7621424176754976,-0.5335459089006616,-0.39091845141034476,-0.3882826167413853,-0.22172164280422368,-0.0058087596029432476,0.11729783273704619,-0.036227862013078926,0.40278331560378344,0.5219342835127438,0.22164108593335197,-0.006003243067176811,0.06742254148527138,0.2505104445387216,0.4434342370617905,0.5805615864311262,0.5668217576564203,0.8101580284668373,1.0450110008038047,1.1732206808133396,1.295096554717647,1.2021504942113008,1.2342502453691448,1.1758179282897414,1.331109767166101,1.4895070539099926,1.2794107199886184,0.9624266053833441,EMSC-20110401_0000033,KSL,16.0
20,0.6495483884150453,-0.28222161781141075,0.18334802732795286,-1.0871274882876039,-1.1402833489521118,-1.2068587752734894,-1.2315611609348274,-1.1607810712799695,-1.3681489418446242,-1.4023710735138728,-1.5747741064709349,-1.3833052769518739,-1.06115280206875,-1.328469921445956,-1.3415415154285597,-1.4749092405093025,-1.5961223231907775,-1.4177205188361857,-1.0557019419235765,-0.7607335560582493,-0.4872613018200793,-0.3421054369487875,-0.5723206421196378,-0.27334729607323816,0.0817338450057159,0.2589887593032474,0.12718024588470733,-0.09101785455063371,0.3881766865432912,0.4853455607459507,0.3344265581455712,0.7087687708509005,0.9235781931246461,0.9723648157360127,0.8160637227656959,0.6400210394952381,0.7426664744137046,EMSC-20110401_0000033,MNVA,16.0
21,0.5996990755751037,0.6306517986037514,0.6026590213797238,1.3139744583797057,1.30960679154132,1.3367496406063353,1.3692572629464994,1.3319673753962151,1.1596018752115986,1.345157344118535,1.3496716833899631,1.3640912465045174,1.473897742628532,0.8889179378231473,0.8135133948033237,0.5544440364316658,0.4741412622222043,0.54264283973645,0.6581999329299846,0.5744775488996794,0.5865554942519546,0.5590170246544899,0.5982564195942892,0.8153141802413018,0.6860162594600894,0.4875966694712899,0.30674867946728845,0.3710500386234008,0.473199535627864,0.2922615098942458,0.527231617851248,0.6633756478715007,0.4547296898048341,0.5622271164923482,0.4310039362902529,0.7720066449484868,0.9198787838319031,EMSC-20110401_0000033,NOAC,16.0
22,0.352783563252971,0.05771723624196312,0.07378118236948161,1.5314518831292085,1.536222631361519,1.5783344001571944,1.6103176886219046,1.5994429461751176,1.9087740510242917,1.7814632161248687,1.9586496543036223,1.9149644259601883,0.8613423310350905,0.37878804600589167,0.33368535409074784,0.18470617247535337,0.303373315955791,-0.02199958488189324,-0.452085453043769,-0.4866275973269545,-0.3703927804457443,-0.09806429323189914,-0.1956024701692609,-0.019756785346326744,-0.007180684626100664,-0.07267228091923528,-0.20131801709748753,-0.18784505712038513,-0.2729920221117874,-0.19924794619577924,0.03771408359563466,-0.10514025667491822,-0.12477329022283001,0.1263505564771794,0.02973889059266277,0.20842948145884677,0.44117524856530466,EMSC-20110401_0000033,PSRA,16.0
23,0.4056822794338393,-0.54437319503604,-0.23019110719513858,-0.8343952464072579,-0.8944115582636849,-0.993160123455934,-1.0362808848834417,-1.1015365119076472,-1.0735592500740916,-0.8150067927747586,-0.9516241584501217,-0.5607297403944842,-0.7926837086591796,-0.7105275074771509,-0.7130577842612,-0.46912838393523426,-0.4418948323387042,-0.5111697051150275,-0.6290298630123035,-0.9176989316792596,-0.9587659853785917,-0.7251085221743123,-0.7708867127648924,-0.7912221192288138,-0.6547885967906408,-0.6452591902862537,-0.4634604823064672,-0.3926683362025898,-0.41749598631295015,-0.13041047184610033,0.06256362854394304,0.13493631637135994,0.1337586419053043,0.16336554306139028,0.08925919908914182,-0.07808309254727241,-0.296267100014342,EMSC-20110401_0000033,SIVA,16.0
24,0.5373958390439051,-2.1162117250019694,-1.6821971087017573,-3.520797033743589,-3.5948443413926476,-3.792069412247125,-3.7945162466198967,-3.7958774083036584,-3.7971120678403203,-3.5800171917911516,-3.53537958174787,-3.6186720734104547,-3.335266002842136,-3.0409856423879313,-2.576853951550329,-2.7336169606047047,-2.803021955147827,-2.4794042664007874,-2.1313459505909087,-2.1613479112846754,-2.072358657806962,-1.91693675803503,-2.0621839679163454,-2.0862410209835964,-2.008115179434345,-1.801964904203583,-1.8407959739973787,-1.8087709736759283,-1.5909895201449338,-1.3874209757118106,-1.2289343172638567,-1.2946749083924516,-1.09499637237524,-1.0222201504355954,-1.0521487959346114,-0.9457667780198644,-0.9159589466536797,EMSC-20110519_0000034,ACER,4.0
25,1.8601861815877077,-2.020554286190606,-1.4489678310493517,-2.1287758402339456,-1.9453586724984309,-1.728158019874142,-1.657115524493646,-1.84812996363239,-2.08626321602927,-2.172351500502062,-2.474760337702083,-2.7178007345151656,-2.39595446633683,-2.303222749579076,-2.061532614790927,-2.2963129344330024,-2.281096909274945,-2.5337741602545574,-2.2793073774263206,-2.416853072374222,-2.5457267543091096,-2.4800031802262694,-2.3768400487292,-2.392468336495991,-2.1976524422972705,-2.33371917145033,-2.04874267588165,-1.9065153593370159,-1.6048196914961288,-1.3841527863439431,-1.1499437400832395,-1.0685167674619436,-0.9899224792378636,-0.7055237659030968,-0.5043917331514578,-0.5928280276402713,-0.4266734020698273,EMSC-20110519_0000034,CAFE,8.0
26,0.44550172841525537,-1.3036060107138923,-1.0316025668746303,-1.6469158323339599,-1.7220447064312383,-1.5332730587470005,-1.2650379326092436,-1.723246519081882,-1.5349329958634996,-1.491824407514832,-1.6042768978665283,-1.8236687109861327,-1.4032300225026324,-1.1817572603108397,-1.388151604000015,-1.1822081339190955,-0.9507449633367901,-0.8031324464326204,-0.9699145100204394,-0.9561804194462615,-1.0322434202178519,-1.2286648525710957,-1.5728994604197606,-1.7892254982138063,-1.6680560536892717,-1.4622091319815116,-1.3182086472284595,-1.3211236075650277,-1.1590193283167345,-0.9412884454657817,-0.8942534183481392,-0.8773627255763667,-0.750463016584721,-0.6402189757413534,-0.5648108862715411,-0.3777289558130903,-0.3178386499030452,EMSC-20110519_0000034,CAR1,4.0
27,1.5511057194462006,-1.135816361278886,-0.9338647168473333,-0.77460215717268,-0.7279319091092198,-0.12204813393385727,-0.7144996091786115,-0.7203445511714754,-0.9353865334041043,-1.0735449928197927,-1.0808222154314038,-1.282235098665513,-1.2228066886657096,-0.911443734233826,-0.9186329565528126,-0.6998705777650756,-0.6504888598023228,-0.5331582747142303,-0.4355765674709744,-0.5083238188113359,-0.5819555674779835,-0.9961105210122838,-1.1753400976741162,-1.4852005524929055,-1.3670585018629549,-1.4055560480823495,-1.281018100066678,-1.4408308981611793,-1.187454328375198,-1.2558275067264848,-0.9900245620232226,-1.019840758013645,-0.9546094199774977,-0.656786309861392,-0.5129242253421111,-0.49508541366887115,-0.3991369769367612,EMSC-20110519_0000034,MRB1,8.0
28,0.3887608849063122,-1.2709655125262138,-0.9898582651696675,-1.173633182133056,-1.2270166862568903,-1.332124991143445,-1.2949537208825213,-1.1382276841482994,-1.0342154672079076,-0.5130381115270213,-1.3072475370435956,-1.637170870449376,-1.4525475091507367,-1.2456147809694977,-1.0848376595789864,-0.8995383945420574,-0.9023585475924589,-1.31231373350108,-1.3504625879877725,-1.3718279193871155,-1.3907007212129532,-1.5567574753647815,-1.62777708285493,-1.4318529401750748,-1.3527389860149075,-1.2186167039953038,-1.1873817936071074,-1.3114338773792333,-1.136841211515593,-1.0821204432240954,-0.8366851369904751,-0.8086143437656244,-0.712911943570246,-0.6386738311129729,-0.5845778010496332,-0.4501615023756447,-0.34862296152541994,EMSC-20110519_0000034,PIPA,4.0
29,0.5032030274907857,-2.5370710530347527,-2.0582927954267625,-3.586783986458868,-3.6349740895477876,-3.81262929883372,-3.812073894833767,-3.6987057942045816,-3.8741745703036443,-3.1380727974135514,-3.1771041049046627,-3.5572566762739513,-3.448403252568637,-3.2337521687326873,-3.0599498045668554,-3.105028348985063,-3.271572644645996,-3.252288067871488,-3.161626963944114,-3.037716735331844,-2.78773062944496,-2.7659124453697714,-2.6343734371455856,-2.5538302794008683,-2.792559913171683,-2.597160694282689,-2.214239933431072,-2.0249505911572196,-2.0074032324601365,-1.6002920716850664,-1.4171137196340116,-1.5338164274939654,-1.3875075874887255,-1.3946624792545954,-1.4297757318165463,-1.4342908970636188,-1.5301632546891373,EMSC-20110519_0000034,SIRI,4.0
30,-0.08083846669311523,-0.10689532020682968,0.3042076445290238,0.7786103858619793,0.7100817667781696,0.9403268574687926,1.060356659693137,1.3474482701111272,0.5223375176851937,0.3738462121338424,0.9725185154573719,1.2028927128745162,0.943024114420556,0.3393589618647477,0.2528224125247158,0.1846535817799726,0.02851440748082812,-0.0838387125517217,-0.02822300312768622,-0.05327154137523227,-0.16837722077891382,-0.5072936331694917,-0.7144721555127624,-0.4991873996317615,-0.5876893007219248,-0.5127762545368704,-0.5853854039838424,-0.5385388390008874,-0.1669750526548519,0.2724661716844565,0.24463800128050117,0.4953720253006839,0.7619858299091717,0.7708318847158662,1.0175413481016395,1.2082869651579955,1.3390452891791007,EMSC-20110702_0000061,KARP,2.2857
31,0.5172370038838632,0.668707764281713,0.9678703326585403,0.836581375659244,0.7687173740482347,0.6554212528691936,0.7379401448375873,1.0962319373675538,1.4185001298711546,0.7860866438147784,0.5575023724786003,0.9722429380232116,1.2487707415247344,1.1573142211695613,1.3515287583726643,1.196484624527029,1.137529044943303,1.024139898092776,1.090384104211184,1.0150893459711616,0.7668162844841566,0.8546796823011311,0.5604210111399608,0.6138563920266229,0.633394083758688,0.4563858591105916,0.41862180736593757,0.3808672845236174,0.4295374583135665,0.6303663173095817,0.9086639032068504,1.0621994611041377,1.255951336484987,1.3630611817025997,1.6111910607400368,1.733385936531759,1.8332817722128407,EMSC-20110702_0000061,IACM,8.0
32,0.1899947519291496,1.4994961478742859,1.8411434647951168,1.4746096453997666,1.5051542456321805,1.7988530898914927,2.1617331882287276,1.8701062174136407,1.5934017154712157,1.2349379020072178,0.5918492585776036,0.8055953944033263,0.8968628315459348,0.9230780671582952,1.1358463301981647,1.0415214525164203,1.3897720664970201,1.2156221600894064,1.3387071598628149,1.2541997471173216,1.3085375123368204,1.4406574526163434,1.5023093523533717,1.6099955821391836,1.6460852529113996,1.5778092032483713,1.5867120521613138,1.5965252055760146,1.6054595332276946,1.71004781624886,1.9091778504420915,2.0147432646392645,2.173554807786653,2.242712391588613,2.3816398788464177,2.4980795451423727,2.535271383665572,EMSC-20110702_0000061,FETI,2.6667
33,1.091123599270388,0.026608702325901845,0.4078981611612349,-1.004835824221181,-1.0488693376181368,-1.0399194543036794,-1.0835260200105719,-1.210733298516221,-1.272440693564488,-1.5477055706258325,-1.6258426372947907,-1.364104165559108,-1.2467497004150454,-1.093782512601151,-0.7760438906194747,-0.673365490443441,-0.6383873117519583,-0.4383860815686891,-0.149133956111557,-0.32765979015116464,-0.23565901587992943,0.07710698249310077,-0.07715707640973957,0.17023318233566442,0.17908005641308744,0.24979408578108497,0.3028192081261789,0.4469182150255957,0.6061380859977596,0.6410107748939708,0.5868213623382363,0.7222315999248501,0.8466265044277446,0.8844077052372228,0.9534908018050778,0.9015200378202497,0.907049166661233,EMSC-20110702_0000061,YKAV,3.2
34,-0.09527265163104692,-1.718726318358316,-1.53651135095253,-2.0201871789237815,-2.0256669787106825,-1.580999601360567,-1.2241827326224444,-1.2761953521449216,-2.263141497055031,-2.2059758903872817,-1.7173789294047728,-1.8233074810851715,-1.864951868002933,-1.4943299492949178,-1.4799080491310992,-1.4152353835127105,-1.5582914857624024,-1.7288850506885654,-1.741035994893144,-1.7701204466679226,-1.7365576877417386,-1.6801378614932139,-1.6572075253092793,-1.6928559947174877,-1.7035966442055583,-1.7405385258427426,-1.7780501804258435,-1.7466261053739887,-1.6888662914194565,-1.618032471295093,-1.5279396996548193,-1.388827136979403,-1.2599373837820877,-1.2303774464591726,-1.1369592174191236,-1.106957085277287,-1.0889406009559224,EMSC-20111005_0000060,ANKY,5.3333
35,1.8068403437023193,-1.6401872343690478,-1.5632623173560827,-1.1040043202326046,-1.049353009066814,-0.7873178274256416,-0.7995360885690461,-1.0365142815021349,-1.0888618729848645,-0.8965833920528947,-0.5948415149848039,-0.8237237772205699,-0.6492918789005149,-1.1128956353092017,-1.0765901135738627,-1.080023363034262,-1.1205306161012132,-1.2211272349915099,-1.2726792149144748,-1.3835002815535846,-1.523826398354811,-1.5720768054959118,-1.6394282554070765,-1.4981618066545082,-1.582988086409566,-1.7671415423863301,-1.9472069411999833,-2.0183474233280823,-2.0688141438469945,-1.989274922233708,-1.7673300652338337,-1.5913179475792791,-1.4871998673550468,-1.4816101531720065,-1.341023456956865,-1.1497455804292276,-1.1900062965969802,EMSC-20111005_0000060,IACM,5.3333
36,0.6389937630096005,-2.4978898657992357,-2.578948526064222,-0.6644746415608918,-0.6860389883262261,-0.6694089344349674,-0.6305789644545818,-0.23651152989341284,-0.3758736507385674,-0.033138695683806674,-0.4458457090851251,-0.4433974604218154,-0.6919730361632226,-0.8045622667530239,-1.0887268682847608,-1.1786836289797407,-1.6464283737175993,-1.984439400361845,-2.2466029565726497,-2.3446315025468945,-2.392822770768067,-2.6417219581721856,-2.799632363930783,-3.1649671522587184,-3.0009907324139355,-3.125292044055918,-3.120809030390147,-3.185313659459828,-3.028248982979651,-3.1135221509738678,-2.8498517571676025,-2.8978115909506723,-2.6913381799710105,-2.666551770415346,-2.5526233334157773,-2.3775520632350577,-2.3510487874575627,EMSC-20111005_0000060,NOAC,2.6667
37,1.372200884399613,-3.538241694762702,-3.2875249314690222,-3.198436621208117,-3.2358868330823487,-3.2111347007631164,-3.2487835358608335,-3.2130768395994957,-3.3555924033352618,-3.1283674215820128,-3.0869076656934844,-2.9576018976240803,-3.05529612610622,-3.017431139459662,-3.117943378893064,-3.1704731751054167,-3.0832597043988184,-2.874820328501648,-3.278062884689729,-3.3224698564350286,-3.1326692044207647,-3.3147816389023763,-3.6427533905904967,-3.6011873597273496,-3.9401355628749535,-3.8511787837969607,-3.915351857480177,-3.8091679834585523,-3.7202677709314784,-3.4985081172978933,-3.4402487945023275,-3.1324720574267015,-3.0624018109622693,-2.9137637561822967,-2.8055950847322357,-2.8068708205247628,-2.634860004524155,EMSC-20111005_0000060,SIVA,5.3333
38,0.7776244025395864,-1.994851295426269,-1.882646363930153,-3.1941640849185564,-3.277207584038284,-3.4405491110231647,-3.375783176568957,-3.5787919835422652,-3.5974733377466075,-3.287772044567266,-2.9427802143509565,-2.8000423921865796,-2.6648219766381818,-2.6256204336167013,-2.5114455049201343,-2.4415358028151495,-2.308579356205497,-2.1726891679712033,-1.9932610549543153,-1.8047157701138437,-1.5868269246317492,-1.492266063310785,-1.3792757610420239,-1.2934665391405726,-1.5525895276554724,-1.6854593884295728,-1.8118758644340627,-1.940028525990872,-1.9667587039333423,-1.7388440829626468,-1.5241837768775301,-1.5867612667384083,-1.6276101629535606,-1.7193393172681368,-1.7490083025635421,-1.788083639340737,-1.7698522210544354,EMSC-20111009_0000044,ANKY,5.3333
39,0.6540752574244864,-2.607847276531607,-2.463577073151116,-3.753249491978787,-3.769091300183703,-3.9410871094017885,-3.982259380316691,-4.085734920233938,-4.157449390303579,-4.018066546865632,-3.959766766531307,-3.6262971863415894,-3.3727123036955877,-3.431432422287542,-3.4462071296970826,-3.402566405107012,-3.227383924703524,-3.3104098402711895,-3.0103617181283395,-2.8702286846728207,-2.803444182572683,-2.526417732104476,-2.410331459584796,-2.403287070791275,-2.418502114544699,-2.3481583346120747,-2.2632602689862953,-2.339680582597607,-2.1303087155794227,-2.0535957212567517,-2.144998581515754,-2.1943254630108804,-2.235335716894973,-2.1841690839159114,-2.22658617284522,-2.1034486638687095,-2.1759828271202295,EMSC-20111009_0000044,MNVA,5.3333
40,0.32349653237510045,-2.0404535532414805,-1.8879944385632967,-1.9565703062840862,-2.024451596279902,-2.0242465431168153,-2.0325932353344713,-1.7824990821866402,-1.6145631299675376,-1.9435130513733112,-1.7383206447669854,-2.3730714224486986,-2.2670227917063057,-2.3070639431153355,-2.121869643196926,-2.1374615674653867,-2.2150135000618336,-2.0127097476317974,-1.7761031527721913,-1.738462210590824,-1.8841430191922628,-1.8616988579495022,-2.021015696055617,-2.0666488066356576,-1.965305810504491,-2.082524729943528,-2.152712099611322,-2.0459535022428206,-2.118579813533204,-1.9938616960850446,-2.0135595569746645,-1.95815445463049,-1.7042541893932395,-1.613122749723324,-1.7022901285907448,-1.6974931922477072,-1.723371683767688,EMSC-20120320_0000085,ANKY,8.0
41,-0.023636698286484403,0.3728011741073045,0.4339725248403479,0.6403417086256944,0.5587232049587003,0.3920314940603493,0.3662966652877149,0.19517567331998364,0.3342557765621468,0.5437104573994844,0.9760157418229474,1.3591708473704376,1.0870704180627824,0.9616964582594836,0.7565639498076004,1.0105333978538384,0.8850048965058201,0.7824445507448345,0.45436733730460777,0.26929124919978165,0.3379144375501406,0.2731702480058358,0.3184952809691062,0.4876881028814717,0.5175342951371418,0.22974211025705138,0.15261102121812353,0.0346816594175543,0.1298212743612286,0.17592190062130086,0.3050815788671777,0.3930709612342387,0.49434275277376294,0.5352540926881151,0.6696231608086798,0.7781579534851861,0.8516207873742463,EMSC-20120320_0000085,IACM,8.0
42,0.45623628769254676,-2.590339214320892,-2.326825149967158,-2.942231660282557,-2.9564640620926754,-2.838301625705655,-2.907710250783465,-2.6203953322316806,-2.947144891456375,-2.8092367562079668,-2.991465078320628,-2.9782997770065665,-2.905576423239804,-3.2568991856321645,-3.3494573507516314,-3.3174421812360606,-3.1554374798703204,-2.7556047689086123,-2.6471883067914703,-2.593204261373664,-2.551348147838799,-2.522874919749489,-2.507663782523479,-2.480954408686997,-2.4294947385013685,-2.4355118824997763,-2.5125967231641937,-2.525656843011621,-2.449799140496843,-2.346025880896308,-2.2489915802713156,-2.1389769018199942,-2.016821660948805,-1.9964679506404526,-1.899003576441686,-1.883621704339573,-1.8640837609336032,EMSC-20120320_0000085,MNVA,3.2
43,-0.10619043831634212,-1.6410010766800225,-1.4204499115147797,-1.317511715183044,-1.3796625666409064,-1.4684687833930088,-1.5309884610857223,-1.6394606596739232,-1.6935661450399655,-1.2824311398321138,-0.9379230635242388,-1.3568441325520606,-1.2985599635814182,-1.2193336194977835,-0.8556325753690901,-0.8719974730756368,-0.9028965622052407,-1.1086130460947095,-1.1932876541607058,-1.1661162381353716,-1.2003672872476834,-1.3687526947137973,-1.6852340572560296,-1.6514897242227633,-1.843139754551121,-1.7882688970983303,-1.8443075383713232,-2.019288191118778,-1.915836256805461,-1.6503374654254017,-1.40918825063196,-1.2814996009174244,-1.1806566156569627,-1.1567084392209512,-1.0650738171135892,-0.8875680162519117,-0.8014535146194142,EMSC-20120320_0000085,SIVA,8.0
44,0.4207739627249465,-2.6853006520228284,-2.744629230013878,-1.390419471113809,-1.3850409130385142,-1.348025525291014,-1.2298173760451032,-0.9570805583104303,-0.6577909680760907,-0.8484818020714107,-1.0951003019529324,-1.2999479999985555,-1.695091066380317,-1.77684394201738,-1.8877534634152422,-2.113822118152134,-2.1353294513668386,-2.465980060299449,-2.5680688306905175,-2.706614532153754,-2.751221936470098,-2.8729406733763856,-2.9903072392646672,-3.1399934331786916,-3.0479776306540938,-3.010387126710299,-3.0871690491029415,-3.034842688245215,-3.0339074620104647,-3.0085141057792306,-2.9855738732448867,-2.8359576305956278,-2.832096736398043,-2.9198975784954317,-2.8349720794526743,-2.6868450106335082,-2.6292339807051555,EMSC-20120320_0000085,TNSA,3.2
45,0.6118079703867032,-1.9533841244947343,-1.940992905958721,-1.8929156849095063,-1.9649464611110332,-1.9499021618829282,-1.9484208944018144,-1.9054014263419505,-1.7186805298335202,-1.4339152297968427,-1.572725668184594,-1.559935534609961,-1.8217106811374553,-1.835094648255736,-1.9436328023052933,-2.0002343340444586,-2.1035897235520045,-2.099636532835131,-2.0614637104240696,-1.9906518701225941,-2.0242301210932236,-1.8260161973335691,-1.7996992048910698,-1.8204838451933805,-1.8903460229488847,-1.9743036009668593,-1.9456799980797541,-1.9844729715895628,-2.052165596723345,-2.069334862730818,-2.086938176472982,-2.0290882715771836,-1.8454906353428875,-1.8516340765245332,-1.7835586367963892,-1.7315137637557925,-1.6926518784994915,EMSC-20120320_0000085,YDRA,3.2
46,0.2720330465674343,-2.0103123829462266,-1.9313286701090462,-1.2543599915136756,-1.326884506803987,-1.4259401785487418,-1.4550230335269516,-1.5279805836749736,-1.2777562948425407,-1.0972125753309916,-1.0684986197415185,-1.2505451487975474,-1.2641092280110806,-1.013640578327049,-1.1246858779060638,-1.058517098593021,-1.222311395520614,-1.4973380864566987,-1.8951196337630112,-1.7163173324384005,-1.7700367569258342,-1.9458593212420174,-2.145367383162905,-2.318810094161991,-2.482236757971002,-2.3610134529675424,-2.2432109409809478,-2.457321058210905,-2.21872331342397,-2.169954778465657,-1.963155989218949,-1.9820199270292704,-1.843772060781248,-1.7841984070846681,-1.6630570870726693,-1.5157289761242794,-1.4420975851428874,EMSC-20120320_0000085,ZKR,3.2
47,0.2193310187368458,-1.6383062964893575,-1.666565876405767,-1.7349052392564381,-1.812562611715605,-1.9508208123335002,-1.9690608844357431,-2.00967930179724,-2.014999015856549,-1.5833632233990236,-1.7795299322785865,-1.4732997921999607,-1.0347877800975795,-0.7817635286209592,-1.0907693352533219,-1.4033201181894652,-1.5803080102737121,-1.9383823312731039,-1.8482879911884327,-1.7999941265774453,-1.8702634631434556,-1.8432083005222477,-1.6688506941864247,-1.676647448498148,-1.6400715193220563,-1.6964923930611304,-1.6533306908079783,-1.7738304267227516,-1.7360831501840934,-1.6915618059754607,-1.654164610768623,-1.6372983803207415,-1.5662915806378965,-1.5530082196891737,-1.5286940810746579,-1.4522293165974407,-1.4509161793546976,EMSC-20120623_0000065,TRIZ,8.0
48,-0.03450610792589526,-1.9036699818162486,-2.0659953534352393,-0.3782803109919186,-0.38615650372644694,-0.3852173413614981,-0.3656084191814699,-0.45016710570496876,-0.487611979113316,-0.268850729442609,-0.24364080416455725,-0.4377174928055618,-0.1620877266994487,-0.09858759243159554,-0.3895255237597235,-1.0462980749943958,-1.3319008065945983,-1.265048145780871,-1.5235324109813524,-1.6239310828645657,-1.524823409238544,-1.7623781359384374,-1.8342749145075121,-2.027366524594439,-2.381583852674834,-2.7324690666039366,-2.734437355771215,-2.6472839803088455,-2.5568676351441013,-2.5174004076750407,-2.4212957565410598,-2.3175421228752207,-2.2184274606354517,-2.2137476546757675,-2.2180109115004267,-2.0093070685492496,-2.115983842518812,EMSC-20120623_0000065,ALNA,8.0
49,0.1276062109160856,-1.978360285029094,-1.8999364783215391,-1.882902685788105,-1.9287916387677893,-1.9135266517958422,-1.7387945898431676,-1.8620316596923479,-1.7602148066590786,-1.8651170423080714,-1.4271213111091088,-1.693199394801427,-1.7639962235807998,-1.8796248028850862,-2.122814327493118,-2.0956934121758017,-1.7099429151569092,-1.8076029969365868,-1.7641310819946474,-1.7163831572002275,-1.8148831710726547,-2.2731347398649273,-2.1878618031754256,-2.0131011177873086,-2.008015139374982,-2.015730367204525,-2.1130098967143205,-2.0419505109236082,-1.9750875979946727,-2.0374308458983705,-1.8957320341056345,-1.8453935848993872,-1.8182504574031615,-1.8662803640280181,-1.842784060491912,-1.810310852546344,-1.7335257461919493,EMSC-20120623_0000065,DLFA,8.0
50,0.4615395186985167,-1.725410051864075,-1.788464780257394,-2.1110687228959213,-2.2031022718430338,-2.3782404767187577,-2.3883168739526512,-2.445436752007212,-2.4072892797337264,-2.1649234662900296,-2.099222631297388,-1.4841504273436925,-1.4878686824364173,-1.5069790362663635,-1.6100061799885683,-1.8264248794451738,-1.7157627772994868,-1.8602915489822571,-1.8756254955967355,-1.843766963169882,-2.003715005645595,-1.8589004366725606,-1.8770345720461759,-1.9421676428893386,-2.087244471370896,-1.6628988324925889,-1.382821292857093,-1.3522988959857862,-1.6310179430362588,-1.7574745816324455,-1.780187317980591,-1.9119032148474648,-1.7349042124515837,-1.7309684156851617,-1.7245554634249896,-1.814666118786917,-1.8256617066052971,EMSC-20120623_0000065,ITM,8.0
51,0.6949094855379516,-2.2702457161355856,-2.2420697058301666,-2.641321679757998,-2.6758450275259715,-2.6842261094153628,-2.7684345559592334,-2.6845977420899523,-2.7882742153828337,-2.5947708703202617,-2.7243122230081678,-2.4363977714841063,-2.249909123917126,-2.2178371620395003,-2.3712560239110436,-2.291442802369888,-2.301832139482098,-2.558738304143489,-2.470054462524687,-2.5538424194028924,-2.5153952442034617,-2.432311500243398,-2.6674406731420897,-2.5777597528169816,-2.6157013646076983,-2.2986086895658637,-2.099791284256055,-1.9207762840706692,-2.1568158143871923,-1.820685949770521,-2.0451448442028592,-2.1432336172058406,-2.0181442486681505,-2.2361906690972706,-2.2878786752332214,-2.0715472158449977,-2.352043475971602,EMSC-20120623_0000065,JAN,8.0
52,0.3581238867063816,-2.689401632426791,-2.607407301090362,-2.2323322938889048,-2.286774977638026,-2.2489846358720085,-1.9384360141424883,-1.7959327718863056,-1.9579076001781797,-1.801608724084951,-2.755024970394188,-2.858625434555556,-2.677010725158887,-2.756920620560523,-2.750125414482741,-2.547474987475109,-2.5261884295104187,-2.4672414905071216,-2.47979206685441,-2.457423924509529,-2.4763714012271425,-2.7155093111174455,-2.813369373528448,-2.6817709550622935,-2.9110072298529204,-2.74046489507088,-2.9129392061795016,-2.720179293655754,-2.8086567019010076,-2.7544786665467846,-2.5697879912109833,-2.596909451680677,-2.6159346619296056,-2.6440874909079355,-2.5786725646059434,-2.6309519394318723,-2.620231606193478,EMSC-20120623_0000065,MGNA,8.0
53,0.14598321400285652,-2.739363316465493,-2.8476068870937663,-2.3619060121088724,-2.4076150500817226,-2.4566373850098735,-2.4158063586436773,-2.2858183667253,-2.4897213048682705,-1.869893646716684,-2.247791894740886,-2.176105619193203,-2.0649692492181426,-2.285840771051297,-2.178530689061965,-2.106054902728979,-2.4792996632925597,-2.887991038037777,-2.9972568291112927,-2.961800946808105,-2.9720953359752693,-2.7805896561743086,-2.842446852288714,-3.0030653554295164,-2.7936891095610674,-2.724728152431169,-2.9390086548454164,-2.920280270834972,-2.9140143040911486,-2.7086049503185627,-2.913168045837711,-2.9649481547983747,-2.81409394126338,-2.9179943356839377,-2.9651340548876597,-2.9603839951137303,-2.9295034533725577,EMSC-20120623_0000065,MNVA,3.2
54,-0.4481231620260311,-1.1660659705846097,-1.2854151032872352,0.2773028009949847,0.23525979080669224,0.16933539899188332,0.13939600463868818,0.12046518785152927,0.038792605212989884,0.8034797171948389,0.8819764502066034,0.27855814497308184,0.34553348833520303,0.42224109791622766,0.21883314590998015,-0.10057560522379028,-0.37055607675333047,-0.5496927953134483,-0.6318907072881466,-0.7736025354401539,-0.9334100511009602,-1.1175578696759763,-1.2712574560072092,-1.5439147555839714,-1.7235266434592926,-1.842800806902261,-1.8548389772270237,-1.862490201768546,-1.7753437448864648,-1.594161625987633,-1.5783561683526859,-1.597791513843827,-1.4967596962877536,-1.4494551789391625,-1.2660167037625385,-1.1344632088630284,-1.0719678884832362,EMSC-20120623_0000065,NOAC,8.0
55,0.5539065923901028,-1.4134054540560648,-1.5180659751835428,-0.7866223192397257,-0.8593583038915957,-0.9656298344183281,-1.0089877233294864,-1.2082401935193472,-0.9568989513415183,-0.2748728089864443,-0.620931271279443,-0.20460386656059537,-0.4681526924947601,-0.46016874077582504,-0.8778335738593981,-0.9592431032562487,-1.0375055941464808,-1.0052799441703542,-1.1935727127914992,-1.1464703837646901,-1.2241238505672491,-1.4515610973142064,-1.5786844847758061,-1.2807338436423503,-1.6574706450929053,-1.6353887103334461,-1.7525258388169718,-1.9176151391143978,-1.624146511766467,-1.70923855028553,-1.8757681336573082,-1.7396884648892925,-1.651189737458452,-1.5339419616035759,-1.4993079461250236,-1.4963369714972234,-1.3807039343825007,EMSC-20120623_0000065,YDRA,8.0
56,0.33273028086753564,-1.3261193221362078,-1.2011210366475424,-2.1679333988213125,-2.2549886959552694,-2.4063299739588,-2.478706568722041,-2.6567434063194746,-2.7116267542432677,-2.6202804430673856,-2.1532211267683152,-1.8290779344266612,-1.3985415824435847,-0.9974995062095608,-1.149303737531647,-1.0374527029197083,-1.2624316679621135,-1.3695798514943647,-1.1837826287260587,-1.2806964189037995,-1.301951072679465,-1.3859597602350764,-1.4855213917455856,-1.4643867448891221,-1.3796869291586908,-1.4266995556673994,-1.402211640389762,-1.2269949517868302,-0.9945863135419124,-1.1066559558576294,-0.940907254618395,-0.8511071513134851,-0.9694729195818859,-0.9471651107126551,-1.1433897010164564,-1.2767956141631345,-1.3700317765285526,EMSC-20120623_0000068,KSL,5.3333
57,0.7092176828689669,-0.49490949852459565,-0.4464460627389055,0.320077668624565,0.2746857420835962,0.3082119099508498,0.2541206140555001,0.48610520978407834,0.9508246174178963,0.6393389407695729,0.6366989892226789,0.38624139392633783,0.200061539369508,0.2943243606924488,-0.036071065661653634,-0.03815240379603413,-0.010153276036582781,-0.7045673470981759,-0.9588449613912573,-1.1519429704800146,-1.0405721225818336,-1.1298744795284312,-0.9639166110872592,-0.8684821956236188,-0.572848580857583,-0.7809141387344596,-0.7986921631066561,-0.5920880669004713,-0.5090087522211437,-0.6011033021373517,-0.5743633442279972,-0.6341815640443116,-0.4503173174115247,-0.2202426797462831,-0.30292823322372087,-0.24136814886335323,-0.2693964624444867,EMSC-20120623_0000068,BOZY,3.2
58,0.7181434811443803,0.6071372719131061,0.5476466167600336,-0.5862829516867496,-0.684540874824461,-0.8442823928322252,-0.8389632441719961,-1.0018816469136649,-1.0460590081208272,-0.9299252152940847,-0.3675631574328344,-0.21530386066136575,0.2642098856436741,0.3050162562653984,0.15156148987852003,0.11961294345697748,0.09765086001176648,0.3157894391626588,0.3288493924298823,0.27889070867207,0.41545386623923264,0.4852001887698192,0.6050933363666591,0.6776518101401994,0.48485557531008094,0.6811849965301295,1.1093979446262958,1.2780463604800358,1.004128820600977,0.7380023462641567,0.6862512300004813,0.5177199166535615,0.6074379610837841,0.565124421958469,0.5776334893244339,0.46318461196494276,0.4061163465544766,EMSC-20120623_0000068,DEMR,3.2
59,0.4633979270893209,0.3258631497574207,0.36566753966328314,0.4783225338054269,0.40565532408883165,0.24806642199198325,0.14362066798199002,0.1364345062713035,0.1559392346179198,0.34829209204125444,0.8779548071511831,1.0061618206683853,1.2838805631095571,0.7833445518869899,0.6116721737485955,0.6497230745327851,0.5322023145045405,0.5121112272132908,0.514873780154141,0.5222525655099792,0.33896926647645476,0.30478171554225764,0.2706993370779518,0.12935983052858813,0.1193090359502813,0.1938210657158077,0.1934958472126027,0.2073829240152989,0.18358119118115646,0.12624672307870277,0.22400834739517528,0.39457951292647486,0.3807454970899382,0.44333841817409514,0.6390172752740728,0.569678891357853,0.5259236316504676,EMSC-20120623_0000068,MNVG,4.0
60,-0.06934308737826544,-1.810458338199684,-1.4879074410471755,-1.4298589053615096,-1.4838871134154852,-1.4319419515984366,-1.0951229067087365,-0.9369023380091352,-1.1439474408956576,-1.6565093821526933,-1.1692398546676142,-1.3728359346807588,-1.344061836741628,-1.5542322101924464,-1.5054933595747055,-1.769790553426657,-1.9008902690611587,-1.8749839717114671,-1.7928400034065337,-1.8644464344279772,-1.994055931956721,-2.2122802747180446,-2.2832420787329095,-2.4208466284070163,-2.553975485603564,-2.2421335785582883,-2.097607230086366,-1.8711242831695234,-1.5442012642623073,-1.4058927644676444,-1.3460739937314141,-1.2331106090490174,-1.1329900033305655,-1.155951401158024,-0.9626079517325721,-0.8224803326198025,-0.7465906404799245,EMSC-20120704_0000060,JOPP,4.0
61,0.40872404610413726,-2.662156152048899,-2.354368317866438,-3.079657794561008,-3.1619219639299123,-3.3250626903267735,-3.357818247420642,-3.262344908553138,-3.4007263346634193,-3.620196220142784,-3.152088723478161,-2.614701841181052,-2.287665269136732,-2.4297932399653437,-2.383439809213167,-2.599690846096034,-2.7445841131786475,-2.9925603111773498,-2.457569069218975,-2.3429356708297275,-2.4709392594442026,-2.782390276845195,-2.918387637277304,-2.8385660716479055,-2.941032350253261,-2.8596684446381353,-2.7066900454130742,-2.539914656640759,-2.5258386697199864,-2.3859268949485397,-2.239725701504435,-2.093509029793921,-1.9527040688780648,-1.9056017429690826,-1.7686684758246365,-1.65273024022801,-1.5658923688719657,EMSC-20120704_0000060,SERS,2.6667
62,0.8929838730067488,-2.9846300408911013,-2.518336029094968,-3.5690990536808513,-3.647400334855071,-3.7852659663463504,-3.818554872594749,-3.890424427479881,-4.010024446283201,-3.720784365599769,-3.39231562580553,-3.038873697081109,-3.059711164510806,-2.94613403571803,-3.053268317701164,-3.0358543494404913,-3.2907377279098995,-3.2018501225145393,-3.3674307576762708,-3.3985495008688975,-3.4220891147965204,-3.3662349114500767,-3.5749644987166107,-3.418574807649028,-3.4158356520720634,-3.0125677802962016,-2.805516824044311,-2.7092783208133024,-2.521418320071181,-2.335006639515356,-2.168165999909382,-1.8695741255297715,-1.746440040022934,-1.8503548420827212,-1.989182325437973,-1.9675342155359186,-1.8412488327833074,EMSC-20120704_0000060,SIRI,4.0
63,1.8608869612124446,-1.345948225773407,-0.9021028028725553,-0.7171530641952089,-0.7660410076586128,-0.668264308750123,-0.5728422018526089,-0.8814910170975692,-0.44248657411025594,-0.4204743217247051,-0.4358884947881183,-0.5972561479951537,-0.3919117706061819,-0.7710713787661785,-0.7869810433867839,-0.8563932969634607,-0.9340643107755184,-1.1648364477842978,-1.3953158831620351,-1.5360701425607264,-1.562397497711789,-1.5822942563339808,-1.7347051907732265,-1.60019386935247,-1.5935088301701175,-1.6798262223166507,-1.6634699889657458,-1.6264254706349472,-1.4757043524946578,-1.262320734927279,-1.0381710923173202,-0.634430681197788,-0.4213077501704152,-0.3073958157929173,-0.04971443286254562,0.03404460250532004,0.1612056641219457,EMSC-20120707_0000033,IACM,5.3333
64,0.4249832829072968,-2.234520118552515,-1.905343843962715,-2.04034015914638,-2.106234115928011,-2.1196154188833463,-2.2407521790679947,-2.2527762140618988,-2.3017085280269862,-1.7157722794110306,-1.7606338180437087,-1.8104554136695983,-1.5548778693605794,-1.6772054943618642,-2.1131350361614283,-2.006816347644877,-2.1680638191101824,-1.9481814845943601,-1.9047049526394666,-1.992780052101276,-2.0718833732930566,-2.2698220327653287,-2.4295821413121157,-2.4447928932528615,-2.534733616552426,-2.5857248180876127,-2.5196023632078397,-2.520470538749837,-2.3484658029891303,-2.1028009750415713,-1.945102801866602,-1.7440713935856884,-1.5634101579565556,-1.4505365977150824,-1.208914523531936,-0.9866187225711833,-0.8595412047703093,EMSC-20120707_0000033,ZKR,2.2857
65,0.8880859223212703,-1.2871428895431025,-1.0557137854515481,-0.7516693550974232,-0.7300733654748122,-0.5064984102101615,-0.1611736711456988,0.0694584938031344,0.20168799413663407,-0.23666163634244342,-0.6138760899886702,-0.8485019155210027,-1.1123787317428686,-1.3076762202401397,-1.230240456035527,-1.135351214788451,-1.341632919518145,-1.538568074692055,-1.6454486115850528,-1.5623316943978294,-1.7391064954566247,-2.0403395580136516,-1.8718994500162562,-1.6812531535059465,-1.6179979801249083,-1.4745132444609377,-1.5224561457338384,-1.215735816916908,-1.0375152874607423,-0.9589005826549997,-0.9619499880174214,-1.043236762725293,-0.7669511375438862,-0.8189176819721329,-0.7661336746680831,-0.8278672371035203,-0.7142893221595674,EMSC-20120709_0000050,AMGA,11.4286
66,0.17378266768644623,-0.11089131333192803,0.015694254553428877,-1.5249907946230952,-1.6178234551541362,-1.804845593246518,-1.8796137911974178,-2.045695156663077,-2.1068495117767503,-1.7622806018872237,-1.7809276506367127,-1.2978921027020935,-1.0613757497479797,-0.8688952979683,-0.9490610691567993,-0.9718052822844969,-1.0810527121082956,-0.8115851183428795,-0.8172445983967371,-0.8319832625051093,-0.754097708918855,-0.6229550297499884,-0.27567451605653215,-0.02186190544751465,0.45012288193698424,0.3732481974144548,0.33594145054670665,0.29803417320639003,0.4474518483464598,0.5741401093019265,0.49328350180179115,0.36064563995043475,0.25195659551333804,0.14536203250688473,0.14526222494249197,0.09093087831769608,-0.03221867398134037,EMSC-20120709_0000050,KSL,26.6667
67,0.6956737931331025,-0.6507088814392814,-0.4526098854009586,-1.292320507289351,-1.3543225376966763,-1.3790307638960986,-1.3206471897147862,-1.6716117982114111,-1.6068245600969515,-1.0493783239448868,-1.0986024453419736,-0.7001871040528806,-1.0759627033911245,-1.1508949586636286,-1.1966931653383597,-0.995186199339809,-0.9325435026976416,-1.1990489151912733,-1.2340826850938873,-1.1833415651946515,-1.2038706549381324,-0.8396999453516942,-0.6451310819160252,-0.36265751347605946,-0.4096769701374301,-0.3979973568388937,-0.44148587234723546,-0.5759027675981914,-0.38625374404827184,-0.1204585168265222,-0.1925591079072113,-0.08874247658920176,0.09777911257642735,-0.13914264220001193,-0.33229157110305607,-0.5909376436078926,-0.614130537313498,EMSC-20120709_0000050,ZKR,11.4286
68,-0.7527202699076905,3.0598427114289075,2.5800752146219432,4.534738828170631,4.518720813116021,4.511266704013302,4.5318267755593435,4.433139566537454,4.700671944245981,5.00868653332255,4.801335952370235,4.373778282283932,4.419590190124197,4.621252392400615,4.466548418979988,4.262862547939197,4.031404062455481,3.982979812812027,3.8513621490356207,3.7947630967461605,3.728167401515811,3.771316018487467,3.4902912426298185,3.0166026012583655,2.609887415677946,2.572937262327998,2.508800707999729,2.3876399958962775,2.2035041005755787,2.018088055795885,1.9984816695585046,1.9148978956174583,2.0019891556584986,2.0071639859310526,2.106588980765199,2.1227625733758995,2.1056503822817803,EMSC-20120709_0000050,ALAN,8.0
69,-0.2194361031851466,2.4216973866097704,2.4689490538787453,1.967607660012812,1.894808118827068,1.7695121200801553,1.7012738068842217,1.5999017500050972,1.8808273371528568,2.4097861714218043,1.8359973045934135,2.0294775888202063,2.025319306512573,2.001309611929064,2.032594786640859,2.144850501352822,1.99939178508963,1.8397945097981032,1.48160661740762,1.5454277086368866,1.5099403352190826,1.6478746114626817,1.8319573010211712,2.3365157206249916,2.271743216806133,2.450848142914098,2.699028054662654,2.823564381854304,3.097282522576961,3.043611253626704,2.813530487242298,2.6975202617701237,2.6485838001094697,2.410807104892551,2.348506990551054,2.2832831146624537,2.1656114054659454,EMSC-20120709_0000050,DATC,8.0
70,0.19921490041661905,1.4620059685094313,1.4212511843635136,0.4582582252589624,0.3678177905500437,0.23336939958024772,0.08854257759439577,-0.13053277179632516,-0.21096511435508436,-0.058662682261869215,0.004551327931344495,0.25345474993603645,0.5097969012037158,0.8392995812802964,0.6881250285265654,0.8412998045882216,0.7924012856980602,1.0242645296075663,1.174462313819315,1.2524005749194456,1.3528663918775568,1.4752701577892626,1.5519808622631404,1.7786240025573807,1.9008258938892633,2.068311065418513,1.8618694648754746,1.8239968822952726,1.7090354342958616,1.6194639889235143,1.5479951358388861,1.4580137638296948,1.4225667907192197,1.3825888811192915,1.4072741261734905,1.3884255274162847,1.34321796953538,EMSC-20120709_0000050,DEMR,8.0
71,1.7026490274619102,2.580515484937786,2.7082488041850876,2.585454552824883,2.818707443967747,3.29698078996843,2.9544366528431905,2.7559179134494105,2.3196295024534086,2.5178337628151057,2.4205661756734793,2.4129320267106706,2.3940229844673127,2.2717907153588666,2.297065116357156,2.628834070729641,2.432805468923111,1.5971634270155084,1.57465508319304,1.64006351428307,1.8078732398744775,1.6110717824910736,1.79889133009297,2.2391840506859237,2.5967005063101336,2.6165082847930403,2.6061672824712456,2.6835430783302074,2.9746191733490184,3.654700872094441,3.5222095298573697,3.0220057028178218,2.869634119152204,2.6647367324960607,2.5199051421988754,2.504455132138321,2.4274274249431205,EMSC-20120709_0000050,DIDI,8.0
72,0.1905655243931208,0.9320508597825592,1.0043614899762776,0.6823632425499326,0.6197406450431204,0.5043953956361644,0.4668289209906167,0.40951184347650216,0.4299645142910258,0.5908443154778693,0.34910510785288196,0.6021778107182096,1.0627434827497524,1.1502919138073793,1.1505145010354272,1.3460108610807988,1.1500967123239203,1.134740378359408,1.0052544311630096,0.9305140083158498,0.9588734612894854,1.0850811758311227,1.103417576985735,1.0934420276741408,0.7985188360241908,0.7356770217693906,0.8424969505109052,0.8405273127091997,0.9010175442681314,1.010014477187398,1.1071610823484361,1.1537114963963555,1.2015564727464723,1.152046862875756,1.068971421241204,0.8038919458313138,0.7079589862439448,EMSC-20120709_0000050,KEMT,8.0
73,0.362263766402398,1.8838129140562385,1.9388735596295268,1.4145746496433924,1.3395306119560644,1.2096292664586947,1.173541900118713,1.0301826338407176,1.0818675477468496,1.2185995224133128,1.2661284103021577,1.4156574995038778,1.5504260909859697,1.5367848551555054,1.824434747707647,1.7900981827834022,1.746236023244041,2.0408863530525667,2.0069039722376347,2.078514473334743,2.1941682815089774,2.175824151907296,2.191125016463401,2.307213307648607,2.3692037816071467,2.236397524359523,1.9836692819933974,1.825926098506705,1.71077553607633,1.8214362118978888,1.9654049720919362,2.1747648848323866,1.9666712394901795,1.877245501260095,2.0421138602305327,2.0220312969299084,1.9823705039208868,EMSC-20120709_0000050,MNVG,8.0
74,-0.2569403247210964,1.6192140068024665,1.5987741812921712,1.5882955294793106,1.4964460052095574,1.3198662000170676,1.3126260574625683,1.207375236427115,1.2969611215662002,1.6916118162454867,1.368858029928278,1.65635018920913,1.9053123088325665,2.411846820053033,2.388215962198942,2.371351782539114,2.406452919794327,1.6853276665391017,1.3953262442808168,1.413315824661943,1.4563509363122096,1.3449659798025362,1.0972280518131052,0.9866925472429102,1.0865430510895573,1.4082709807487177,1.6070238177559393,1.7541496972922648,1.8417742507772559,1.8190410774172392,1.7209158514127294,1.6955749972507475,1.7250792498779601,1.6371593700190488,1.5012455985848172,1.4621302531336902,1.3684452930955455,EMSC-20120709_0000050,MRSB,8.0
75,0.8786205870272901,-1.750380718014135,-1.6261071054910872,-3.053772395773917,-3.1310991811735187,-3.3086829931957737,-3.3912548871527655,-3.6141460805685464,-3.8030071846342475,-3.6251094878688903,-3.3414936245560236,-2.9995946318964712,-2.8103491819710813,-2.640940243282804,-2.4258725102317236,-2.0411049150058895,-2.0835244576314285,-2.0163336668086593,-1.6198202022016632,-1.6569909401777192,-1.7328673983418827,-1.7154783350430698,-1.7833692598201392,-1.5507701332583634,-1.5800525999222685,-1.6888544352171593,-1.442216502296585,-1.168849473553676,-1.292290644390988,-1.3465600135353633,-1.3581873021271065,-1.36803306755845,-1.4935561731172928,-1.6344316454242893,-1.5664114275783305,-1.6252188517760473,-1.646916761879421,EMSC-20120724_0000078,ANKY,5.3333
76,1.5903175697658631,-2.3166763334496796,-1.925430886843456,-3.714017381371254,-3.6499056191380763,-3.534545594461779,-3.556240999609261,-4.011497395187302,-4.236504505193537,-4.365027212299594,-4.298145125917245,-4.04448232447296,-3.928916611354751,-3.6747000227829503,-3.604588994750473,-3.5620007373128626,-3.4174445564106293,-3.276492136562961,-3.008071990157074,-2.7467655366669463,-2.7047485160988565,-2.5928392312600845,-2.475052664765462,-2.1265669594063557,-1.9093517668935416,-1.7388749300521322,-1.6711099952173782,-1.6737573582247354,-1.7573466899402472,-1.4118634406941837,-1.5343651148539053,-1.415097930806171,-1.3176507521449015,-1.44933111971854,-1.458355143570202,-1.3405012328908406,-1.3823986612692245,EMSC-20120724_0000078,MNVA,5.3333
77,0.6834257844992555,-1.8288420674515233,-1.7571128137388285,-2.432638061757725,-2.4938011019232285,-2.6094723824181383,-2.6345006041519614,-2.810732619893958,-3.0438327225593254,-3.036071886013909,-2.8895702322365207,-2.4429291991656665,-2.4786646643665016,-2.1766983042729837,-2.1343398946867413,-1.9159019008035054,-1.732997203436235,-1.475866679099612,-1.5746213937166402,-1.626042221410649,-1.6102134929049372,-1.6456877445260885,-1.7953461321508177,-1.6415067731198985,-1.5576474282938522,-1.6436684569668536,-1.5263772769432222,-1.7770362146193879,-1.7924950138982148,-1.7443522743150144,-1.6907164230740097,-1.7210437945737507,-1.5994394813718653,-1.6563171852535348,-1.7556284736392342,-1.7107879392328496,-1.634982867938085,EMSC-20120724_0000078,SIVA,5.3333
78,0.2523913085326299,-0.8392349725451975,-1.0110103440734672,0.5511552529431327,0.5473667167713039,0.5539376650149581,0.5833013890535721,0.8041208376080284,1.031189089308235,1.1530911542581839,0.946516325325117,0.6058647277456988,0.5293198892543076,0.4250273221852572,0.41301500056943663,0.44936656650248086,0.15043162464322535,-0.21767264767800754,-0.6190511996276014,-0.8764155869765826,-0.7968940546344099,-0.541652096268427,-0.4825306352883274,-0.846819461251684,-1.3508804846224987,-1.5598210220463518,-1.5694335496368161,-1.5788208586560568,-1.5609610322933491,-1.1473690681068618,-1.2463436028653891,-1.4063017752337519,-1.2819076426625262,-1.1909171557070533,-1.0179277215208913,-1.014381922873092,-1.0072359985243686,EMSC-20120828_0000070,BULG,8.0
79,0.27700578976344037,-1.3216236567884074,-1.2945208344788046,-2.132519489640921,-2.208796679492073,-2.310465459545118,-2.369766737876687,-2.48456055101194,-2.275568228038998,-1.7560692620140186,-1.6790015850056177,-1.6110644330229755,-1.625656563742833,-1.7084273270264152,-1.836114810190237,-2.0564372994003275,-1.8615246488672614,-1.5703521107220242,-1.3825755503254182,-1.4160923431834034,-1.5515483479009946,-1.670544842130231,-1.4926188033064225,-1.3094989522830467,-1.3508288357470999,-1.1839892077825986,-1.1778467050947494,-1.0568499242136546,-0.9729466446066439,-0.9563854681370714,-1.2096766611942602,-1.3003500664973071,-1.1876336122327267,-1.1569846573386418,-1.24963993301788,-1.2575723070712819,-1.360069694228109,EMSC-20120828_0000070,CELI,8.0
80,0.396096381209071,-1.2595645529463395,-1.136893768519359,-1.3653501043427951,-1.3971677672846932,-1.4320797899951954,-1.3050851249890334,-1.0424064164681557,-0.9434926726973227,-1.3158496972762208,-1.437336540581545,-1.369428692869147,-1.4358763927459677,-1.3820939448193643,-1.3812581528015828,-1.5187694217642518,-1.1857798059791316,-1.3031796886084441,-1.2091686200679836,-1.234018873909891,-1.2534042094260602,-1.572184918496153,-1.4939870357034941,-1.4932476790037503,-1.4287088025500472,-1.3507250954280305,-0.9333243086926482,-0.8545262130186204,-1.2858714963754139,-1.2125566929339424,-1.1441455298586494,-1.0256205554594882,-0.9634158739555776,-1.0869959265951543,-0.9823587059971253,-0.9799753480460236,-1.1801364154364542,EMSC-20120828_0000070,EPOZ,11.4286
81,0.3829802664639037,-0.5231300087864019,-0.5301096686788664,-0.2333159226898296,-0.306567972749912,-0.4296189519545903,-0.4443124891439947,-0.54138366324029,-0.2668904684945499,0.29951222461526683,-0.10181550723269073,-0.031128588834526738,-0.22375754705280215,-0.2849540837364346,-0.12999111316140066,-0.2033474727438902,-0.1495169910169274,-0.2618751770195553,-0.40135557151174783,-0.3825221760109496,-0.424935155950795,-0.7792365928061926,-0.8967123181533561,-0.7026816003408882,-0.6902265204081148,-0.5345081911205014,-0.492801853171553,-0.4115314470988647,-0.5459525056374925,-0.7691153752583908,-0.6458147998056791,-0.6502186237425072,-0.540952338875389,-0.6027883010744812,-0.539148531680878,-0.4987916848520335,-0.478937788048297,EMSC-20120828_0000070,EVRN,8.0
82,0.17153091290016764,-0.40194970281093134,-0.48645763621662397,-0.4966139378854999,-0.5671206389095538,-0.6497675081347465,-0.7795989386281645,-0.6025707951617418,-0.3230788200927419,-0.4728278216265629,-0.36881452761653755,-0.1826436477045581,-0.1313148678008469,0.17393150470069063,0.18527975664657514,0.2297430058705352,0.0574467860093959,0.4202737992751855,-0.31596115608949304,-0.5571399585215122,-0.631585781012566,-0.5439445892751502,-0.615204145377418,-0.4201639098339207,-0.7002225645918365,-0.6719660275970636,-0.5477401708694192,-0.5334494984062719,-0.36019919566022374,-0.3827956653879152,-0.6278840402138979,-0.6620762464284056,-0.5937327556372392,-0.4457532168323137,-0.5779933946772573,-0.5341216339593675,-0.5574841126352634,EMSC-20120828_0000070,HVZN,8.0
83,0.6068065978670418,-0.6531832393336003,-0.5056117523687664,-0.5439676992454734,-0.6101981260234295,-0.7487147325977563,-0.7049708585326657,-0.6293526637129467,-0.45714842932683464,-0.23191402793784377,-0.5394140017959224,-0.33658992310984726,-0.21067298301336113,-0.21170874770583126,-0.3107899879893061,-0.1666596860685967,-0.28494643403084297,-0.5669303349882346,-0.5790421899578861,-0.6432344753665804,-0.78445695793914,-0.760227485210577,-0.836558927692832,-0.887843899477117,-0.781285496078314,-0.912467042083466,-0.9268774374241335,-0.7444601993999509,-0.72391051072875,-0.531546112431446,-0.19510207384925593,-0.15539397377718878,-0.17315667037822102,-0.3993672854806043,-0.5793123971764604,-0.5978056631547464,-0.5937140660350586,EMSC-20120828_0000070,ILLI,8.0
84,0.1479455027213059,-1.017876132983317,-0.8636487723629429,-0.8944431257826748,-0.9425646685187425,-1.0868986954685598,-0.8331173534386691,-0.7504719514729086,-0.8378517567455512,-1.1382038737188331,-0.855335942988388,-0.6905181562816356,-0.8375956582634148,-1.0477277096661481,-1.1470835721227433,-1.310797873292894,-1.4820213063424763,-1.281472066663964,-1.297609019045992,-1.2573158250820535,-1.2434473275881066,-1.281551208045908,-1.1997308493305399,-1.0452422939777364,-1.1346442351077233,-1.0648811414806438,-1.0185915993973689,-1.0181849478879936,-0.9743157761851418,-0.7815993227636877,-0.7953658897676164,-0.771573589346783,-0.672517594044864,-0.6353738952323358,-0.6036185908086296,-0.5918594322204598,-0.5968788854181746,EMSC-20120828_0000070,JOPP,8.0
85,0.2318619896725309,-0.34911807585930177,-0.6483445308055025,0.5976668678446959,0.5664958265467277,0.534432371030162,0.5737339508043302,0.702121137284923,0.9393054864163455,1.2607047805351552,1.0331869642110574,0.963105064402594,0.7466144200896698,0.6436855118563685,0.6720260297495821,0.5807464832520628,0.5161344536734678,0.26230077836212473,0.40222754531444416,0.2993335545088254,0.15401222159805705,0.14628681492154705,0.01828840480811067,-0.2937671605305354,-0.5591189024312211,-0.7397664094280838,-0.852328650044436,-1.0208643659387704,-0.9140004863180984,-1.0044863689086014,-0.9343399141034858,-1.0975798678192632,-1.0048415615818413,-0.9710452756088994,-1.0010123358237148,-0.9494656274642068,-0.9508059688670496,EMSC-20120828_0000070,MGR,4.0
86,0.5331639809401061,-0.959077284437166,-0.891145311115606,-1.874540413328285,-1.9375402219472946,-1.9766295162201262,-2.013043420134614,-1.942376677449145,-1.8024237690017317,-1.2054636272034864,-1.403158261184653,-1.4124039897316134,-1.4962088010955643,-1.4830564141081126,-1.2040779067264884,-1.3640354313440213,-1.528523138706972,-1.4461567205710404,-1.5288242034279156,-1.3604261694700668,-1.1199114953395197,-0.9441896901741185,-1.1881429102142809,-0.8426952503758756,-0.649978651000561,-0.860928001120083,-0.828907147204573,-0.7687004519046639,-0.3552865651124346,-0.3819241089108054,-0.834159656822191,-0.7483995979909484,-0.713358449134688,-0.7456937964363668,-0.8010635464489919,-0.99854324749721,-1.1270604757973448,EMSC-20120828_0000070,PIPA,8.0
87,0.2325762468498409,-0.7719131371895678,-0.8918727674004607,-0.8958368423386407,-0.9797406399919169,-1.1420114813592814,-1.1830190190713,-1.3517441597496198,-1.2776068180082882,-0.8931195339706246,-0.3524488116112243,-0.47500145060361376,-0.5579848107298444,-0.7088261491601617,-0.9612680730474281,-1.017044113070047,-0.7144820661799471,-1.0416435815906464,-1.0993889420391447,-1.1703220908534648,-1.108422770016241,-0.8597812635385171,-0.587588470484711,-0.4194677235550959,-0.5301283211485828,-0.899168305312898,-0.8951006093027338,-0.7406902510531239,-0.8462083057956793,-0.768733804694465,-0.9368012008747169,-0.9826198798044334,-0.9614428910023474,-1.0181771064413105,-1.0492127013339694,-1.0157701020006265,-1.0187855623787776,EMSC-20120828_0000070,SALB,8.0
88,0.3848230243782207,-1.480695623051398,-1.4107666200852869,-2.200037883307786,-2.293602032614312,-2.4723199689984883,-2.511784995041544,-2.6961371919717436,-2.6734154259705916,-2.4963392982401045,-2.2905063835497925,-1.9568700025456849,-1.6082061788262534,-1.4789028287419361,-1.6723561808352017,-1.3916605094723407,-1.7255630391277768,-1.8712550959351173,-1.7801888735263098,-1.741398172573728,-1.5226277961343255,-1.6411686020735727,-1.7805421573617668,-1.345332479530958,-1.5065664576642845,-1.455934224790326,-1.442576471859713,-1.179003541145514,-1.17011968000201,-1.1185949586744268,-1.2401699607713201,-1.2790140035387445,-1.328410818171717,-1.3058140401827885,-1.2567141324029887,-1.277599460748604,-1.4395454759879964,EMSC-20120828_0000070,SERS,8.0
89,0.2748606536656477,-0.5036818081769407,-0.5633935239260488,-0.2991458026591509,-0.38247472996044074,-0.536052905810604,-0.5877849425539976,-0.7523530575535631,-0.8381631117998971,-0.03895685603938137,0.13091929644244082,0.11000357910580227,0.5958875634700158,0.17267522999367646,-0.2246470285452027,-0.5654161919084411,-0.5789960025757868,-0.4909680120203994,-0.46751312744555396,-0.4037816444344955,-0.3691935371691226,-0.3550017113710524,-0.658042775107262,-0.5901931019317956,-0.5039747849963945,-0.5738053858782575,-0.5855842850044617,-0.4895092008160642,-0.8709415022930926,-0.7728195147883419,-0.6492718121004941,-0.7159861658221764,-0.7077723904416775,-0.5567101719615959,-0.4478163891786604,-0.4172424695363741,-0.41653220328524654,EMSC-20120828_0000070,SIRI,8.0
90,0.26380237470071677,-0.6583605156133601,-0.6989434049303949,-0.888308058816925,-0.9787776039943434,-1.1469317006260509,-1.2061066360684771,-1.2825489230418015,-0.9213032672557775,-0.43050468272638653,-0.552571589274919,-0.48445783940851683,-0.19587180379225888,-0.6428310504946486,-0.6383146484002475,-0.8256525091495206,-0.7000879955486523,-0.7067862878956346,-0.7656693046502916,-0.7571790478017739,-0.6899807107813078,-0.5364600619855722,-0.4012774373085861,-0.6514037746515609,-0.5870777874724631,-0.5153097291828406,-0.5068944490582226,-0.5973374060588075,-0.7917775772672062,-0.8379652943877076,-0.7411601047213985,-0.5443947869772003,-0.4917074670638346,-0.6467559515455896,-0.8112540393143064,-0.7593611499212471,-0.7274232830680081,EMSC-20120828_0000070,T0701,8.0
91,0.3380379478288851,-2.4195865282232507,-2.320609653628537,-2.2485166347270376,-2.3085903282137643,-2.451190108758297,-2.288767315880672,-2.487834852425183,-2.2607491387587464,-2.4062616916119124,-2.0785851344069464,-1.944087302816742,-1.9383989140735185,-1.5851259881611561,-1.9179697219064193,-1.8541480329139386,-1.884499380458534,-2.1815748268738036,-2.1409493072357657,-2.1916572158082968,-2.2750531069412423,-2.2913624626430185,-2.476900182276797,-2.508453769122852,-2.5140122991717373,-2.595096763715322,-2.6663657250642476,-2.714876155115048,-2.6996649980348018,-2.4737643671922953,-2.4363118217277737,-2.2683559962655018,-2.185735073038117,-2.123197060655425,-2.0186188916713643,-1.9015703723399096,-1.877368761113889,EMSC-20120904_0000044,ZKR,2.2857
92,0.11142822158632537,-1.711494470116575,-1.519611251267177,-1.2497647998114179,-1.290978205322225,-0.9059394768283244,-0.8469193993330517,-0.6147840239441251,-1.0142383731366653,-1.3695378896543415,-1.6762950680052837,-1.3883021988313802,-1.0511401997468743,-0.8766451161033908,-1.302935174233034,-1.324743069659954,-1.5239178245407565,-1.6745673474795728,-1.783872572091358,-1.841181715423418,-2.0356745160097045,-2.0191210131103468,-1.7770084572497389,-2.034460858465774,-2.0462257106398507,-2.179891726449716,-2.0275069139473203,-1.9065327861455739,-1.8153910852940118,-1.7339460952401353,-1.5051447186108362,-1.492268787825779,-1.325203374650144,-1.211009457185309,-1.0014743243237003,-0.7828105601768431,-0.7570716286654502,EMSC-20120909_0000022,IMMV,8.0
93,0.11616805190384216,-2.393033774395267,-2.183639867542203,-1.7710394498955333,-1.7795784706213063,-1.3384668154413646,-1.1035819883765274,-1.4519619756084259,-1.596191226266015,-1.7433942336036834,-2.0762272316355723,-2.2074380275125165,-1.99654839853544,-1.9365165067684993,-1.9220189959083402,-1.970725292335116,-2.16674063849577,-2.585345078128382,-2.5924170292216075,-2.494988303303029,-2.383381429779547,-2.384478748299318,-2.523671337268226,-2.5609392980942607,-2.6454873211969936,-2.6970571428740673,-2.628062462197944,-2.6552827315845935,-2.46970954323068,-2.2542604367683285,-2.1466492086102633,-2.0825711376116782,-2.001346249131492,-1.9179898972342393,-1.7477517049930231,-1.5597451348563638,-1.406866118214337,EMSC-20120909_0000022,ANKY,2.6667
94,1.081555727682289,-0.5921276319590909,-0.36157070210917475,-0.5184561129953122,-0.5552253787065702,-0.4661066397921747,-0.30766813232778123,0.0884044829711721,-0.2077372463783469,-0.9827404677856117,-0.874423643308802,-0.6586644680337699,-0.46269690341598135,-0.13822106444414928,-0.08097499775283001,0.058702545076163126,-0.07359156908417841,-0.044195747085628234,-0.1827112097091188,-0.45692037463560453,-0.6111591896670818,-0.6713346831878377,-0.6773569069537526,-0.563840103299917,-0.5399559974849293,-0.7209015561628931,-0.6472244147389326,-0.8949436681360154,-0.7959431231335277,-0.6619331092415734,-0.5269025921898649,-0.3213488755290186,-0.10570246654615012,-0.08425900337198478,0.17962053489018892,0.3279991713302408,0.5331541398403061,EMSC-20120909_0000022,IACM,8.0
95,0.1113282215863256,-1.7097714346961936,-1.518039931581555,-1.2487577261604788,-1.2900408227643299,-0.9051508607861489,-0.8462006431190332,-0.6141601346979773,-1.013513349591344,-1.3685867227438475,-1.6750819554646164,-1.386953976220303,-1.0496439458558395,-0.8750402951968228,-1.301234807149945,-1.3229908205313494,-1.522118326994633,-1.6726615707903658,-1.7818939851854765,-1.8391646391860617,-2.033659206339003,-2.0171089274302103,-1.7749992555274368,-2.0324898720870994,-2.0442870348738325,-2.178024087861198,-2.025655245030258,-1.904723040127763,-1.8136553309085137,-1.7323303791938827,-1.5035881778622553,-1.490763507051632,-1.323737377366573,-1.209578600181496,-1.0001154903234344,-0.781514748538342,-0.755816949900483,EMSC-20120909_0000022,IMMV,8.0
96,1.508089473694024,-2.2997562762241763,-2.03817140565182,-2.7466968207747646,-2.7179513712104475,-2.563825744936481,-2.5025069819174153,-2.6079379616048426,-3.0940420542599805,-2.9062120212297247,-3.07485955575601,-2.8105668859685675,-2.7168043804509745,-2.8269857165729,-2.4583924439777345,-2.2949639586298787,-2.3163250336532712,-2.6282006160785762,-2.6589754756232633,-2.659441806023583,-2.6485653786580663,-2.6225952321404957,-2.6068892798284153,-2.3106455785749684,-2.2098437654537104,-2.1307310596933,-2.151112795519275,-2.1245991818223136,-1.8956271058937144,-1.8738936732121836,-2.014285431716111,-1.8484997835490429,-1.7413167303225734,-1.7679340293084334,-1.5184015631948302,-1.5216876943047062,-1.4758080410685945,EMSC-20120909_0000022,NOAC,8.0
97,0.5282979507318464,-2.3170581499340095,-2.011414350511183,-2.466152534841404,-2.494881883186311,-2.4716631834171015,-2.4036078345213046,-1.8695459757559636,-2.249618162386617,-2.8233248969690505,-2.809184594757534,-2.3988788978725584,-2.412770979207097,-2.330337755078597,-2.308482960002279,-2.0875356971589234,-1.8984832560867897,-2.1852648313911516,-1.8181738577729618,-1.9159450286345754,-2.0104754892492593,-2.29651499112673,-2.3005031425408085,-2.151125059751479,-2.463400828488651,-2.4779046514344554,-2.585865177772437,-2.5800020367996623,-2.21012856447396,-2.166374316450451,-2.045203156554054,-1.9314419262300042,-1.6981424511550802,-1.6115403165711513,-1.3939291677968502,-1.2119735294520932,-1.0992933483279952,EMSC-20120909_0000022,SIVA,2.6667
98,0.5537644046933425,-2.2231977857528875,-1.7794069992563344,-3.275199850026131,-3.3492668267909735,-3.4820098053006436,-3.5480489391257057,-3.624932259472928,-3.5686742045460313,-3.6442740035447887,-3.148969050062891,-2.967901823962819,-2.958367335404356,-3.0251999833795695,-2.8277103130549115,-2.7122318429549264,-2.6972442491018267,-2.5436680296188197,-2.6194868376693154,-2.6773747608633,-2.605554046534687,-2.314838565362594,-2.3457413616122427,-2.268127423502099,-2.1746814946174506,-2.243255166694846,-2.029449227497121,-1.8352815079420672,-1.6351437765070163,-1.5384600866353075,-1.488708251904832,-1.4310936983183034,-1.2160877511779233,-1.1477365467622143,-1.0723231097241577,-0.9856068384652357,-0.98500047585385,EMSC-20120929_0000003,CELI,4.0
99,0.03617979797738924,-1.6480451460542227,-1.3190713531019025,-0.7605042137134612,-0.823758227764678,-0.9185684587556722,-0.8394889310268336,-0.618856730311669,-0.4323801519245869,-0.6779733838782844,-0.5401138782587482,-0.551615796881455,-1.0059187901110036,-0.9235463306614857,-1.2702861325266515,-1.4793749849953421,-1.608987794712875,-1.9462136821694704,-1.6752503893326551,-1.8015548153855212,-2.0916270020638414,-2.384581875524253,-2.2982362127958478,-2.4120607684992414,-2.200654596187226,-2.0918857221109253,-1.9036554154489576,-1.7673260027527267,-1.60184248680563,-1.465903629557797,-1.2196108466955096,-1.14375001493665,-0.9801649075442196,-1.0040319852367787,-0.7576482380696206,-0.5379478243138269,-0.3776524896993134,EMSC-20120929_0000003,JOPP,4.0
100,1.0770220586871386,-2.8569080974968823,-2.3825024726698185,-4.134598179979051,-4.193903297302834,-4.224791955868604,-4.174359215517203,-4.09331431056589,-3.9214354572665915,-3.6356786822655973,-4.12225438542966,-3.8227058691094156,-3.871444671388704,-3.571647990158186,-3.58722786142798,-3.5554557209487143,-3.627971852682853,-3.5567090138340802,-3.5320957542006095,-3.411034888954836,-3.3575880005150474,-3.666089553169943,-3.5768822286199047,-3.3671608461860494,-3.1718148635622985,-2.712058773345385,-2.300176208964027,-1.8901017944638419,-2.085673011998857,-1.9303140163273884,-1.7279170518858802,-1.8067066347943612,-1.7277473578357938,-1.822482409367117,-1.8423804891205258,-1.7313060628233643,-1.6673301028917091,EMSC-20120929_0000003,MCEL,4.0
101,0.9148078136769886,-2.9261648663721544,-2.4087196571637044,-3.6032128151338565,-3.6489020291485073,-3.852324373749749,-3.8891843689815717,-3.9906766825448807,-3.8508495573351027,-3.260102513411687,-3.226843609430504,-3.134780746715765,-2.99267940927532,-3.1062756237953177,-3.3005291107197596,-3.3147295958944936,-3.2249032425663415,-3.384823930321378,-3.607839634075969,-3.6443882678518165,-3.7188832047107923,-3.600147098852389,-3.5243061091716257,-3.3321382421284635,-3.417651765120409,-2.930316751280694,-2.6446487922499013,-2.4847948927495285,-2.2831072346637242,-2.2450000025878314,-1.9306831875272152,-1.6850431634129759,-1.584482701569529,-1.6947526968563622,-1.7832875524132774,-1.7972017362345536,-1.6726290993276063,EMSC-20120929_0000003,SIRI,4.0
102,0.9686750238244866,-1.558209645372882,-1.1621475109223969,-2.8737740119098643,-2.955272255931807,-3.1326577037087695,-3.22768934551409,-3.374623429677982,-3.3803871368776006,-3.1289951494446155,-2.87901109968779,-2.6920798199259304,-2.3242093673391455,-2.121820864640344,-2.2612046040724403,-2.1530428627105485,-2.131068192080301,-2.2809321125381494,-2.060144064302242,-1.9132939713087191,-1.8407751002109354,-1.7558068438658445,-1.72300934636079,-1.4338393933117466,-1.3173827440926669,-1.2777497372211801,-1.2410169394160153,-1.1424165413813547,-1.060511278679014,-0.8568154518126025,-0.825077573377726,-0.8289056090255187,-0.6723872679945053,-0.49028179174010944,-0.4217218028613612,-0.275032435487244,-0.17395926703439457,EMSC-20121016_0000066,ACER,8.0
103,0.1855889668372388,-1.5595998536328821,-1.244537631999318,-0.7289120896778218,-0.7217984571879175,-0.6724073617336881,-0.626803487185633,-0.5531402777663939,-0.5139701053819419,-0.15111928239398686,-0.18503473565237982,-0.479389095644863,-0.5097985557810123,-0.755398686112553,-0.8619944015300902,-1.3590253645784562,-1.4474856314197053,-1.7711913792853178,-1.8467939992542162,-1.9831406694544054,-2.0833087699924064,-2.214420149485301,-2.2280963065736294,-2.1322583945553992,-2.133222240380997,-2.0143906741328426,-1.8379252693517518,-1.6627068222023347,-1.5547462545185606,-1.3470503530772149,-1.2265119009052547,-1.1141875104433758,-0.9184999819701876,-0.7262725277573416,-0.6998290602117674,-0.6156228754546706,-0.6291347399955391,EMSC-20121016_0000066,BULG,8.0
104,0.17728669774067907,-1.2584683806302142,-0.8183711055824787,-1.7809112606136495,-1.8654456489223668,-2.0112133300033666,-2.08249309979964,-2.1972447663638137,-1.8974996462252607,-1.5542046748092515,-1.9442604987785295,-2.00221555029857,-1.681442297166245,-1.2979595037806773,-1.282947112826263,-1.2182770036666053,-0.915398598098311,-1.022095217511544,-1.4123113697656544,-1.543107919640918,-1.4511445580225022,-1.378709188311273,-1.4185589241716041,-1.4035067509137473,-1.343297176657737,-1.4278685031637988,-1.3277144006603976,-1.2905815476050186,-1.1195109709199205,-0.5567267051981961,-0.4433306762742806,-0.41058026688725136,-0.32467753033774294,-0.26400167132604224,-0.1530385955175131,-0.1409695460101439,-0.04368893848673672,EMSC-20121016_0000066,CELI,8.0
105,0.11735767742673708,-0.5764589609037323,-0.3393110049004573,-0.780775827601623,-0.8142733030030271,-0.6672113546251373,-0.20211141114175746,-0.37826386664026224,-0.5935183389012115,-0.9717764988389659,-1.0640443581955417,-0.7685622544092894,-0.5670836347878989,-0.3236643293360366,-0.5943656355075078,-0.5430560888885294,-0.4816367889843427,-0.7706211475741327,-0.7098144273494302,-0.6123159554667437,-0.521727563892151,-0.4145283842552052,-0.4931543600036967,-0.6218039481107436,-0.8566845309341211,-0.820007696820916,-0.6285333919371165,-0.576095018014831,-0.45232991246093235,-0.36677307894778544,-0.26091335209860844,-0.17329120524736652,-0.05418765716556884,0.04769834848876542,0.23346018622443054,0.32794860238041856,0.3670740401372026,EMSC-20121016_0000066,JOPP,5.3333
106,0.24216041494132945,-0.9890705800756443,-0.5528987908373075,-2.162752089230457,-2.2524411001679487,-2.420188735092349,-2.4674441066892916,-2.5028499397802966,-2.2791592455074694,-2.0316306071826906,-2.3719539627513058,-1.9747597635958956,-1.9937947839769121,-1.6710678830830181,-1.5979518035396385,-1.879843526831844,-1.8438411323377863,-1.703472568052252,-1.3650584491024835,-1.2143453037431566,-1.1703538915153135,-1.0683161999998774,-1.033554523223283,-0.9826347227059973,-0.8197457148832363,-0.8477827171996033,-0.6755604963848985,-0.6162530756574682,-0.5292332583833126,-0.21376083473198015,-0.09683665849708767,-0.12073336948878044,0.02879556897099178,0.02395957558165307,0.14738803795446387,0.12400014318145658,0.17155790258271786,EMSC-20121016_0000066,MCEL,8.0
107,0.9559905502964976,-2.0581823174558114,-1.6366935634850428,-2.2725451114849733,-2.2733758040627734,-2.2338141840622168,-2.210642014159923,-2.0575287399535895,-1.9477740730868742,-1.7309526506361035,-1.9608672226677832,-2.108559589120418,-1.9365267736164693,-1.941768892882969,-1.8680275607598276,-2.1662469940010514,-2.471996299881649,-2.3680246302747623,-2.5304087387479015,-2.565892243927401,-2.49165407379677,-2.588446451605561,-2.5440659709774387,-2.3407893728887714,-2.3660889863842502,-2.1122343124973106,-2.205568178727461,-1.96229789968843,-1.736036096819758,-1.4578275398481075,-1.1984713977076158,-1.2775499584310541,-1.0506277274172966,-1.0597359691244481,-1.0265783129398027,-0.8107086356696804,-0.9255818447077822,EMSC-20121016_0000066,MRLC,8.0
108,0.09652483965239611,-1.7777662916732986,-1.5060007173531762,-1.6500956984984327,-1.7194892317833288,-1.8332396343568673,-1.7734792683195781,-1.782644628432731,-1.9673685148913949,-1.5359130913822554,-1.3335098856895389,-0.9753066603316318,-1.161096924870768,-1.1585434374874888,-1.3055978073573051,-1.6189003075014625,-1.930092081457845,-1.9727198984294878,-2.1413277203255685,-2.253361908179097,-2.3032872307936927,-2.384573172329767,-2.323311549808299,-2.033286968710156,-1.5873155669699273,-1.5528480920809145,-1.6207112797190852,-1.967331489067723,-1.9016928172104564,-1.5960263991695705,-1.458709501104149,-1.2438235303060594,-1.2198132030507391,-1.0895904723860763,-0.9085212331445369,-0.8360284650821068,-0.7312333823085648,EMSC-20121016_0000066,SALB,5.3333
109,0.19360529307560936,-0.9868127986271471,-0.7150299631746808,-1.3829710086252938,-1.4776568860945103,-1.6532613414665613,-1.6822221214583033,-1.7790835692503606,-1.7949996998124824,-1.576708389873601,-1.329912530325208,-0.9386571674601942,-0.620723106966417,-0.4389863637677882,-0.8075898716937919,-1.1559084303171012,-1.4522854489752026,-1.0985702735859029,-0.8784609530973029,-1.049909963661186,-1.1675705275394481,-1.0728732323789592,-1.029973151467745,-1.1758548933231037,-1.2558846743193914,-1.2506884046317754,-1.1830934871503231,-1.1397005453698714,-0.9048051354251054,-0.6449687690600054,-0.5562391868658363,-0.42177969588845876,-0.3184357861068161,-0.23793085938606673,-0.16019394252471741,-0.07631048111154826,-0.12899458148438647,EMSC-20121016_0000066,SERS,8.0
110,0.029842032816597364,-1.504725458384966,-1.1893227278961742,-1.0437854915038471,-1.1350147800020762,-1.3018332227408145,-1.3719248127750543,-1.529749930805269,-1.67824130540414,-1.3526186045599173,-1.2572022241574308,-0.7999909104298961,-0.4075922023937464,-0.19206486497213326,-0.37243950875467746,-0.5715705180202297,-0.8185321097960614,-1.2556850199871779,-1.6215813532675263,-1.7866036007071822,-1.9003268698437292,-2.0279304345578995,-2.0949416470636733,-2.1715738358608245,-1.9804261408037966,-1.7454566791792576,-1.7758406562223321,-1.6487922983328822,-1.728168494765944,-1.4097116758160428,-1.2717122575384376,-0.9834593826988289,-0.7557780601117301,-0.6341080182262857,-0.4772258716154436,-0.41133874576669704,-0.33446456101011,EMSC-20121016_0000066,SIRI,8.0
111,0.4688544622758739,-1.4579301207407251,-1.0233026370061822,-2.0702127094041707,-2.1371273179802968,-2.316605989864584,-2.344214939626726,-2.4229659882326233,-2.364462965253052,-2.133346436042589,-1.9842188108248582,-1.5684945550871614,-1.5459805482932882,-1.4631985750281817,-1.3209125874876007,-1.5461632564471035,-1.6847390071423982,-1.4506256972047922,-1.4003324369347014,-1.546972811039507,-1.5523337403761532,-1.7592539671050655,-1.7040593914677853,-1.735758653239401,-1.6065881888785984,-1.5950728750900485,-1.3902122059732598,-1.3500187429520096,-1.1819034554766983,-1.0380761251724504,-0.9240031757771021,-0.758563689124216,-0.4906771646289716,-0.38622585930866826,-0.16472569497638112,-0.11624373849057079,-0.0849935172937748,EMSC-20121016_0000066,SLCN,8.0
112,0.2934042011559166,-1.791622362278046,-1.7633997278666769,-1.4068764247349757,-1.4630318460418898,-1.5067184364743582,-1.4501509060512099,-1.0103887465131463,-1.258599161638724,-1.3338158510529743,-1.0421161224412616,-1.2601655741281261,-1.3282617827466465,-1.4407284310864812,-1.380832625245123,-1.3184172659902273,-1.4152216783492246,-1.493210271063103,-1.6969798365568325,-1.7981600517954472,-1.7512358642115444,-1.8689664740286052,-1.9107302629127751,-1.7320435281870044,-1.8000036809661628,-1.9739918810312158,-2.0984071750462707,-1.9576930344850165,-1.8861098654722195,-2.013482677789595,-1.9701338629271241,-1.870515170057839,-1.738750376019219,-1.7266507259231805,-1.6709560687603204,-1.5144343735953054,-1.4543497559771712,EMSC-20130325_0000168,IMMV,8.0
113,0.45489825423098473,-2.591900760703423,-2.328339206474734,-1.9646942135001968,-1.992518030950901,-1.989198136947529,-1.8217966369407188,-1.84680719867137,-1.5637108639890744,-1.7134927508014082,-1.7959286027300712,-2.0661869467199567,-2.0384697533184877,-2.0775293399241503,-2.0810169003708934,-1.7577080343530591,-2.132837182476024,-2.363540489122082,-2.428985790031442,-2.4279684002242803,-2.4086585696707274,-2.6122053406976296,-2.85938093106933,-2.8984843466475994,-2.7876316625258744,-2.878660357256093,-2.808709192835364,-2.9757256550631848,-2.8084488982587086,-2.4500739877754576,-2.040370836205014,-1.9752129777844036,-1.8578789345538436,-2.127382891770484,-2.20418825800863,-2.1616137583331714,-2.1466448815775916,EMSC-20130325_0000168,ANKY,5.3333
114,0.14332457864882286,-0.5943543207027684,-0.5334519957960158,-0.16901711921180063,-0.21631023986037334,-0.33296949921875996,-0.03248703766044603,-0.04591080411003379,-0.033165453837574965,-0.05056055660370529,0.15925224394661175,0.08482399845661526,0.19370285926379527,0.10679465999854987,-0.10638523822143942,-0.10379464649025572,-0.21428336220230015,-0.219319213141695,-0.21661440345817162,-0.11294195229310677,-0.31373131889663863,-0.5397243263648894,-0.7260241897509232,-0.7464319313019105,-0.6520795743517835,-0.8265578549809414,-0.8885714048435815,-0.9735314312093477,-0.9065467853823783,-0.7249291186042246,-0.6406056155364084,-0.5928206980969968,-0.4783167589465549,-0.47430805137462073,-0.3192727648544338,-0.19898750558144584,-0.12906754924222952,EMSC-20130325_0000168,IACM,5.3333
115,0.19178925924228407,-2.7531702233995023,-2.6387928152402598,-1.786229452258726,-1.8361529579558642,-1.8079785166603655,-1.7690700612816883,-1.5557088632206888,-1.440204172276344,-1.7586696402079802,-2.039353050353876,-2.0990896398543715,-1.7133509947031182,-1.8684514186008272,-1.7995377865926914,-1.9687139493317423,-1.9939608467883083,-2.3062421061073257,-2.653400861342349,-2.8319029350607767,-3.001094062341311,-2.976106480171693,-3.2050388465420685,-3.106999824493079,-3.303584348829684,-3.1850426052011755,-3.0259998405180326,-2.935696713672888,-3.007630076669342,-2.945693737590336,-2.899159662842669,-2.748477929079405,-2.4811625828716526,-2.5016503827462895,-2.3400205819852946,-2.1804835958507507,-2.0829031548601886,EMSC-20130325_0000168,MNVA,2.2857
116,0.26573766061706516,-2.115826873480664,-2.020950825688523,0.14828283803909592,0.1625320616145025,0.2720380622481624,0.3830690635982048,0.4367268576677894,0.7550674073499097,0.42309321809911093,0.4047944813848341,0.1661970392141523,-0.37319401936352037,-1.1327490775105549,-1.1958911726983024,-1.4521057463251559,-1.4153827468918152,-1.732496549743078,-1.9637022541364981,-2.1019367181056303,-2.130072100205436,-2.349520838682385,-2.4272868832179793,-2.5571877159221366,-2.575569399856086,-2.581906831038701,-2.7618625413360682,-2.8518026816864097,-2.9568175584327854,-2.3907110162769545,-2.0451855583549587,-2.054198550814302,-1.8125418250891006,-2.1171762959260363,-2.080287160217969,-2.0222533362809862,-1.9456866725780522,EMSC-20130325_0000168,TNSA,5.3333
117,0.2987370576337107,-2.197614589961839,-2.0919487734373465,-2.173968302468303,-2.2405991376990277,-2.304390051766932,-2.279260599686504,-2.1677779622229867,-2.2985162716061236,-2.019641707056909,-1.8334487833601738,-2.1429158754462483,-2.0324941262639493,-1.943947616225528,-1.7159471125859245,-1.7886434057253222,-2.125439822382507,-2.339162228961216,-2.4583689392327903,-2.248533275258228,-2.3662030656456636,-2.5180938072684604,-2.4471328973622057,-2.410956213132062,-2.2759575418439306,-2.2072712239964005,-2.184530020838004,-2.270296543139036,-2.195007618719492,-1.892213842449939,-1.6946919380686154,-1.9130723876919156,-1.8802469813820721,-2.038163156482538,-2.0332641213808422,-1.9683014774138616,-2.007371538524943,EMSC-20130325_0000168,ZKR,5.3333
118,0.0666692426371771,-2.6421598388857905,-2.3395248162178,-1.7043525485727464,-1.6901699416003444,-1.6312886404758897,-1.3925129949823987,-1.142853323188385,-1.2728261923559572,-1.6324550112994318,-1.5560660311026036,-1.5348208115179771,-1.5808995061831608,-1.8392406970425261,-2.1514811187405636,-2.2143328208172433,-2.464818448330659,-2.6007656289569647,-2.9013627496414056,-2.8889161596473745,-2.7080380755363738,-2.744299427395953,-2.822717405621474,-2.897640397488771,-2.8641342259395426,-3.1608184591431367,-3.11311626805516,-2.94853162501623,-2.8608736951132325,-2.7109598206078616,-2.3420920926391435,-2.1433381479739424,-2.0091372730839687,-1.9819155713573195,-1.7720895470845548,-1.6444199103137915,-1.5347892574198188,EMSC-20130331_0000053,IMMV,8.0
119,0.24505376519800404,-2.684980711202905,-2.425244000557898,-1.971851413121497,-1.9865628996556666,-1.7577417194630458,-1.6920733451217176,-1.8367909619660194,-1.7881810100545508,-1.9168781657351666,-1.808719983626296,-2.1773424517561333,-2.0452269530120635,-2.22472791684695,-2.3488935939787394,-2.2932620824261267,-2.427506754578893,-2.765713551594544,-2.592525906698741,-2.862900425669558,-2.9242203973928085,-3.0142494826163464,-3.017362947759514,-2.912979782951597,-2.873027870597851,-2.8419377283224456,-2.8968995076775297,-2.921420201580627,-2.8743155155092275,-2.7093109863543567,-2.5212348740272557,-2.2794212264373,-2.1940107200915726,-2.1247425040431214,-1.9441890142595089,-1.7106445541423394,-1.819661828038349,EMSC-20130331_0000053,ANKY,5.3333
120,-0.1697692203602741,-0.612388997525569,-0.41463765137489084,0.05588939416907035,-0.019545509774705927,-0.10371418264953469,-0.11698104529584796,0.07537152047476336,0.029343670219317275,0.7594776294313164,0.5803806031821637,0.31050282847655186,0.33419073987931913,0.2937640251126732,0.07830366077208506,-0.26280115920001634,-0.2696680685059025,-0.5409748196844228,-0.7824854251818119,-0.8577026505570213,-0.9761793780714925,-0.9712105715749679,-0.9262446874026464,-0.6168436467405769,-0.672544704289658,-0.8554564090910457,-0.8626718702950118,-0.9571269814226859,-0.9190604082982041,-0.6633159499690695,-0.4846749759619815,-0.3809854852621797,-0.21426214508408847,-0.10180490558009936,0.057135083199934655,0.19327037667336455,0.2859682009867406,EMSC-20130331_0000053,IACM,5.3333
121,0.06666523495786514,-2.6404177989073787,-2.337910838763321,-1.7033454749218073,-1.689231671255599,-1.630502465596411,-1.3917983705763302,-1.1422340173617558,-1.2721053886755573,-1.631502915207867,-1.554851627232118,-1.5334725889068999,-1.579403252292125,-1.8376350717643595,-2.1497795242743107,-2.2125790281869726,-2.4630146761110794,-2.598856649331305,-2.899385537148607,-2.886899083410018,-2.706022765865672,-2.742280292586912,-2.8206990851779805,-2.8956990547930292,-2.8621955501735235,-3.1589199244120003,-3.111264599138096,-2.946721878998419,-2.8591379407277344,-2.709216934726122,-2.340670769252677,-2.1418328671997955,-2.0080513594233675,-1.980968741468475,-1.769846148674553,-1.6423928372167431,-1.5331085935578876,EMSC-20130331_0000053,IMMV,8.0
122,0.10485149706393448,-2.6741258256525375,-2.3556983539522793,-2.1765176696478354,-2.2217076948910295,-2.25263670023529,-2.273930560894419,-2.1675996398588504,-2.128164174087938,-2.162072515955514,-2.2440835842611486,-1.9413891955069413,-1.8856085216329967,-1.8660034365401632,-2.2377109577802434,-2.421598821860182,-2.645571520351111,-2.9634234571033415,-3.0765135075006445,-3.021808426068409,-2.9193470150201275,-2.8079935700672953,-2.914739514834049,-2.9661875035102874,-3.0080217059809087,-2.950731596853771,-2.901736176081041,-2.919870544473147,-2.740528060580523,-2.4765705495700043,-2.307680701358324,-2.2017508373264416,-1.9064480789879337,-1.738329783244641,-1.6801319832057207,-1.7404640479756015,-1.8233092311481567,EMSC-20130331_0000053,MNVA,5.3333
123,0.45192805732258234,-2.2332998105585986,-1.9435608474334742,-1.5273551599364046,-1.6115061255612506,-1.6944239525692781,-1.764411448042555,-1.696315069211975,-1.6647587833610435,-1.2611358977606262,-1.2528469303997616,-0.9704685130823281,-1.1386174991929057,-1.3137649156646969,-1.1660636662621133,-1.6559955951682754,-2.0179307734260536,-1.8052517869153988,-2.006689089766043,-2.235322164545721,-2.38512510615993,-2.6359927451849927,-2.705550407800356,-2.6336118116060874,-2.7027330317993457,-2.696387760306173,-2.6880054752317797,-2.605450495745405,-2.3513219846864413,-2.2216333472674634,-1.9698021576533016,-1.8047734642262316,-1.5847732741306135,-1.5765946286910673,-1.4415555680128396,-1.3190560528769915,-1.216859478418323,EMSC-20130331_0000053,YDRA,3.2
124,0.5045190795583556,-3.1005045660415256,-2.917312970332741,-2.683938918129371,-2.734018375885264,-2.4770649495770796,-2.3398387380008554,-2.8943296720788485,-2.565116069030921,-2.2688329098457523,-2.2157774181525207,-2.2819094958147916,-2.3477719246756816,-2.553365295191653,-2.7697734971449375,-2.7033118654409893,-3.0818945686491475,-3.0542729185316837,-3.2297357459554945,-3.210869591666242,-3.184866507095977,-3.119232783694123,-3.323591972935634,-3.568201811516449,-3.4100527143069854,-3.4583076636842485,-3.488250712763893,-3.4261354725810307,-2.932173998194548,-2.9787509404952814,-2.793499699006894,-2.738729785667804,-2.684441389989196,-2.6483200359754946,-2.615959388253886,-2.385788971215744,-2.3082385508603096,EMSC-20130331_0000053,ZKR,3.2
125,0.8508900113659639,-1.584254332448852,-1.5308374566258234,-2.8552598775553424,-2.9594496441233558,-3.1539045240985546,-3.2397759218906836,-3.4458454475164366,-3.538634462138833,-3.381319761256459,-3.119188951437393,-2.646318449351859,-2.1073125359103706,-2.1279431051013757,-1.9584078133858878,-1.9926236064338143,-1.858768434921659,-1.5892132831384354,-1.2026305779694066,-1.2608373968144697,-1.31004668909761,-1.3846281044193294,-1.5964681639369616,-1.4049643361359347,-1.4144201794269389,-1.3675967397903595,-1.2758202989097658,-1.2695823160194362,-1.4781347923972668,-1.174056025847614,-1.2188947197765447,-1.3433848311485281,-1.4362723075307091,-1.4502352505881007,-1.6084026839221668,-1.5994167710989071,-1.6696355284485485,EMSC-20130403_0000085,IMMV,8.0
126,1.115280804283917,-1.42658748450721,-1.357547695262383,-3.0636374039347434,-3.163793709172351,-3.3531456441598024,-3.433897139487784,-3.6599249453136125,-3.7933100942495885,-3.3417699743364517,-3.1719727491833334,-2.612840076588067,-2.4943396732412637,-2.239317466499811,-2.3475356676674526,-2.230189360636585,-1.9573541220460093,-1.8489240366334965,-1.535359819776776,-1.6810445306322181,-1.6993293635899827,-1.7771601040831175,-1.7195652781354278,-1.2215824978106964,-0.9856062959007916,-1.110266377426866,-1.0164554239868817,-0.8619005043793884,-0.945068132597914,-0.7504872409636008,-1.0190573637403872,-1.2800600587887718,-1.1586251005685124,-1.2603234888432127,-1.393213597703248,-1.342698946206509,-1.4702835075324376,EMSC-20130403_0000086,IMMV,8.0
127,1.5355124139211478,-2.3686423676051547,-1.722928489254116,-4.102933501070814,-3.744883785946965,-3.3375136984402314,-3.9688677314907457,-4.128348175443408,-4.646650984670169,-4.584459708883222,-4.632409120161923,-4.394998462632431,-4.202358098000287,-3.8996326668553483,-3.8276111700332462,-3.7977288064535166,-3.784334961447186,-3.807224976013315,-3.7991301204644925,-3.619982071993401,-3.3794325271187526,-3.216309135712833,-2.92236115553854,-2.729252570953946,-2.1794831803703403,-1.7373680120124018,-1.5406323149296597,-1.6814756725237725,-1.1739496894679977,-0.7868575816343597,-0.9548830400981796,-0.9848717097773978,-1.032937607986618,-0.760103874663832,-0.7031984197197261,-0.6950051961376573,-1.2282036374232987,EMSC-20130403_0000086,MNVA,8.0
128,0.5765163324979312,-2.2531277108418024,-2.4631947785365433,-1.301177721900931,-1.2906020464109513,-1.2136075102333397,-1.1276625869382428,-1.065405076887803,-0.6717493412704041,-0.6293069633354751,-1.8323688816702601,-1.7731300405188657,-1.7855393371759707,-1.5572539997420938,-1.8505113070616126,-1.7743058255922435,-1.976351305432619,-2.064122225908025,-2.10846205886678,-2.1503209405356385,-2.306530673312876,-2.0784048491111706,-1.8563776901701088,-1.9074764917266158,-2.3347620647518355,-2.625786642029377,-2.526303318439279,-2.6399916674981707,-2.7132980786613405,-2.8120629419456,-2.8676141416820577,-2.793652120009412,-2.6523386071131263,-2.7048335907948573,-2.6818055126546643,-2.606091685733963,-2.6566763625516145,EMSC-20130428_0000074,ALNA,3.2
129,0.289024270167495,-1.930425093228008,-2.02620709244772,-1.8425791727800025,-1.9101936534773065,-1.997150621040074,-1.827014627247216,-1.7821218080384833,-1.7996272505802429,-1.6957936152485331,-1.4353858505990944,-1.732446577675514,-1.4383919547263266,-1.264119532424484,-1.3342982352683652,-1.55083206161326,-1.57543203946814,-1.7390643367967318,-1.7664795506568485,-1.7257802175228445,-1.6689534281852039,-1.7403320069805783,-1.6213661363083212,-1.7804052680055182,-1.614525871312905,-1.8560067818015664,-2.1737288944258264,-2.26082015433591,-2.2960668403069278,-2.314296995900401,-2.085265844842091,-2.1473952545493216,-2.046554776747019,-2.067331665022948,-2.0418929771952925,-1.9192128832802169,-1.9184583659348196,EMSC-20130428_0000074,ANKY,3.2
130,0.2583934368253371,-2.118644763840379,-2.1814554110386144,-0.9134549968339636,-0.8842920853635103,-0.7380567923750974,-0.5421516012329537,-0.3441609275662758,-0.21815773042650832,-0.7391962439556297,-1.4708338121563225,-1.5091511266892956,-1.615362687787262,-1.5447375252599542,-1.3805306049513604,-1.479769531425272,-1.5865521446477784,-1.7628322880776555,-1.726485250137502,-1.8393952721658433,-1.9057004067554253,-1.764952144458709,-1.966580333351506,-2.2047778882152693,-2.4350747312144723,-2.4876491512719756,-2.5478147326802514,-2.543464628736565,-2.581013309203847,-2.4988852100390506,-2.4921253397818024,-2.398061370466273,-2.328490049173112,-2.325198086018611,-2.227891482692213,-2.1553084920680874,-2.090870271367841,EMSC-20130428_0000074,DION,4.0
131,0.0004544262958487977,-1.847430309619492,-1.9930199576413852,-1.2791894420256327,-1.338801491012572,-1.4039348596655676,-1.360682379602654,-1.28085787676598,-1.2048535316586664,-0.905952199374922,-0.9431768095850046,-1.015074607939872,-1.207979706540777,-1.2675540197879078,-1.0314805264267273,-1.0490164357364877,-1.0645794193539668,-1.153628116942512,-1.6608300622288201,-1.8021868313227962,-1.865455445562998,-1.7597452747310278,-1.7749087740736158,-1.915573123185359,-1.8678709810725316,-2.0349851225110847,-2.0607641730373114,-2.0866558368911523,-2.1946342749643915,-2.3069192335191584,-2.337649194175331,-2.329275905695818,-2.200684633374834,-2.1813723453156335,-2.0116225191250656,-1.925202445153916,-1.8653280369702365,EMSC-20130428_0000074,DLFA,2.6667
132,0.35900907212006006,-2.1498454896861743,-2.1452297276864325,-2.488004377691457,-2.5752058977983836,-2.692750885989563,-2.6291213182639916,-2.4999915747017445,-2.442766290440977,-2.3382932063158393,-2.3313329232177926,-1.8565578987844749,-2.207747902000346,-1.8325314984081515,-2.2191847195381964,-2.4799246575986915,-2.420908446389549,-2.186587126550502,-2.5120497495410286,-2.52619438009544,-2.238495316967067,-2.1364199831614945,-2.0572197041918363,-2.1938678351863894,-2.1380029806614385,-2.050191199344395,-2.0305406948983995,-2.03732271573854,-2.165493520894465,-2.115432951567925,-2.043321653700337,-2.060114315278808,-1.9999082326104158,-2.0564077451441616,-2.0504656579227696,-1.9782786298866029,-1.9553220083025842,EMSC-20130428_0000074,ITM,8.0
133,0.23079397451420114,-2.954761260993239,-2.9746308903792524,-1.9760546115560746,-2.0090714832812893,-1.9535431634721183,-1.8445056280225511,-1.6943492882194322,-1.5740997966018142,-1.5442248309964413,-2.0715137921685196,-2.271506734479691,-2.461946962075504,-2.4664786187624204,-2.4380923068450295,-2.7296711521876045,-3.0481799016411415,-3.0012266626389206,-3.0506521348772218,-3.210763303357968,-3.2890881247834027,-3.240236260359106,-3.2125394093540347,-3.0803879063594515,-3.2504724592011645,-3.122423586559112,-3.1335245954345616,-3.2558530555170293,-3.2243615770780565,-2.9510819198913136,-3.186725127882678,-3.1833860646715433,-3.0384130728374164,-2.883456508845244,-2.9912590811698294,-2.9058838127792015,-2.8983127238622988,EMSC-20130428_0000074,MGNA,3.2
134,0.06118254211025986,-2.9124887651966116,-2.877456974375953,-1.7513835241077365,-1.789551401019076,-1.8782797181529736,-1.8172847556385934,-1.5392017616791147,-1.4952529901261,-1.9369956525106815,-2.4374819966824193,-2.1480942010721282,-2.2930647420664965,-2.649559179775247,-2.6405760014947637,-2.599796831240891,-2.632586390166713,-2.7460592524944083,-2.8640748018765434,-2.772384571184399,-2.770875600574665,-2.9192541389283697,-2.905567831532416,-3.3344878350756826,-3.173917841242388,-3.3950049799823185,-3.2809166407915855,-3.0223505955753556,-3.155843308186334,-3.2462593273854683,-3.1743861041316936,-3.0172470133204534,-2.901326783469795,-2.8525373586220333,-2.846207851640992,-2.752143697830066,-2.7228668523181963,EMSC-20130428_0000074,MNVA,3.2
135,0.46263320059504887,-2.317107587760603,-2.342814530003766,-1.2677073566299706,-1.2852762898170882,-1.3239924633687483,-1.2718348666192858,-0.7343874178818588,-0.8276311128166025,-1.1274329702699983,-1.5990507774158091,-1.6589672060832363,-1.8550161243670145,-1.9198392111264813,-1.9001542734846737,-2.281527498538029,-2.2865875852043764,-2.228017244677315,-2.2995754677653517,-2.3438172896160614,-2.4184122753302058,-2.4378367347303707,-2.4976682442558173,-2.5359287805705915,-2.5152708352753335,-2.577981366033864,-2.510755975705294,-2.532050086999666,-2.5984717499579624,-2.5098733530058794,-2.5495490402951866,-2.5538927836421603,-2.379380500935431,-2.4547705155053716,-2.3725209976239263,-2.2419945464026902,-2.3571745574757497,EMSC-20130428_0000074,NOAC,5.3333
136,0.18348248440655324,-1.218771588372558,-1.1901484766199637,-1.1104442814509907,-1.184354530434435,-1.2124831300264782,-1.0258079756617526,-0.568806201517094,-0.8873526831363936,-0.8590130565901655,-1.2656290466530624,-1.041624245182831,-1.153024048173128,-1.2997921650504347,-1.362098158737961,-1.4770405974799052,-1.3894026498140946,-1.1420350165807136,-1.043079504296287,-1.145863280449234,-1.230420544928828,-1.2878941884607915,-1.0771481655557746,-1.0220042148483328,-1.3090643413952652,-1.4032794682547083,-1.3028308786016574,-1.2696519102293724,-1.3280142131614099,-1.2482910356743595,-1.2905429457717883,-1.2281252966028973,-1.1630236602798476,-1.157835839714222,-1.1458196495239719,-1.1311885842502036,-1.1156438192860172,EMSC-20130428_0000074,YDRA,8.0
137,0.6769754053766963,0.44271300846709316,0.6058715309564917,-0.7264463134558454,-0.8192535983037113,-0.9683222725824283,-0.9103383713529043,-1.140931107654021,-1.2972352065824513,-1.0053335114459108,-0.9460605121435375,-0.7440998800679361,-0.6682309256216792,-0.5302043336683253,-0.37839223684847134,-0.36213817993691055,-0.26795954673165756,-0.1944078518922181,0.3610521057845375,0.5458037590696865,0.5624536966932148,0.46019657140566483,0.6787769991109629,0.948224880195867,0.8880709343536015,0.573923292125194,0.7076662921070689,0.7726897609189027,0.705415609806014,1.0085269772908738,1.0787045184199044,0.9772569357709173,0.8804487726420032,0.6880205744978749,0.5858079800032776,0.4842119383528978,0.4349460932457774,EMSC-20130606_0000050,IMMV,8.0
138,0.8066052538118731,-0.17178097479546217,-0.016199341732596295,0.09039471212476435,0.12587142850849808,0.2828831890586354,0.2022302408824661,0.1586576244692246,-0.0705165938940695,-0.11301646085273376,-0.2994095085654802,-0.48134292427317504,-0.46450824975866034,-0.4148561103055286,-0.5415085439671952,-0.37743335365049013,-0.5488742019572079,-0.40498374231132495,-0.1996034353691023,-0.07278414300571256,-0.026056595825913575,-0.16822665326038155,-0.025925358969635326,-0.004981956033871526,-0.24303777729667075,-0.2966354745311257,-0.23043733813112333,-0.024898097972771538,-0.2521610806197838,-0.22210848894624924,-0.1314381026432141,0.037497584063117984,0.1772475247554528,0.2786663540179557,0.10753396168570006,0.03976850972629897,-0.14187545451368067,EMSC-20130606_0000050,ALNA,8.0
139,0.4622254969515054,-0.15354543947952592,-0.1847628796351657,-1.0145020089804913,-1.098152669729898,-1.245731278938444,-1.2666560884018745,-1.5588095395417856,-1.6305456298784415,-1.408186804599926,-1.2550466677070409,-1.1929368425398277,-0.800183468157444,-0.7579766433433948,-0.5160043258342748,-0.35376505676674874,-0.35984299491411154,-0.4381588263060978,-0.09534612276271659,0.0007234327464633594,0.24765965310880045,0.12265675800244757,0.09295548676449883,0.4336061353510976,0.4701304306887346,0.3473070485939216,0.19748742798911323,-0.003556620481617756,-0.0547769502673674,-0.25652857590228173,-0.07125009793239201,-0.22061670540903044,-0.20566956206335796,0.01732456376125313,-0.38624331937658063,-0.4413910956244216,-0.36128671147803537,EMSC-20130606_0000050,ANKY,8.0
140,0.5836385151277561,0.09120394975319712,0.028624072454018545,0.23615095179870238,0.21975728930761917,0.21659327902088243,0.28861169105096707,0.25840594581727316,0.2846493382511479,0.4898692159827567,0.3004465541845436,0.18573790078898877,0.39800453433845906,0.4438634249577378,0.2546622559495546,0.14298083686722762,0.19674328385203843,0.2395082198359786,0.13356167077964098,0.05687697625776078,0.17046236409725601,0.3806630782395821,0.1366285458321883,0.027173286859364154,0.2591022413451203,0.15455119684649965,-0.047255755145938494,-0.10097864086480435,-0.1274169193312158,-0.03290848068978569,0.06453005593514938,0.05205251753061191,0.0932756019119374,-0.1452899000796002,-0.0990695455723607,-0.27577523779532065,-0.34750979870049825,EMSC-20130606_0000050,DION,8.0
141,0.6482255056584756,-0.09174722430982563,-0.02204612557449792,-0.6989605291157499,-0.7399625676530075,-0.7845378778231531,-0.7064430851566765,-0.6079496011543473,-0.7965981753123561,-0.61233601647531,-0.6763977173801097,-0.8475649492928117,-0.7774833437783615,-0.6934764775933218,-0.6213144562193298,-0.5112409844826953,-0.29219995946939115,-0.35897855337969276,-0.15388491543457938,-0.01940409230837936,-0.04742290914911074,-0.07793746853810646,-0.1128089452779708,-0.09022264295528792,0.051161778018384396,0.19458090224187963,0.26473422971780636,0.3592254880223056,0.1526370398712089,-0.06780476124828994,-0.03537754835617868,0.049636435704552895,0.1440174142488626,0.17884422740342565,-0.036055103664368815,-0.16250044560415233,-0.281243199426644,EMSC-20130606_0000050,DLFA,8.0
142,1.2899724406850446,1.4018964305831183,1.3414209766592506,0.5520309878929304,0.48092218103330353,0.379491483254661,0.35689340635139466,0.3442782170259733,0.32533297671728345,0.8049213808405025,0.7029596845388468,0.5728166473311793,0.7249114288352363,0.7926187903854611,0.8942782486113252,0.851086306939087,0.9944121647306368,1.1458861298652359,1.2801635550423027,1.3091833087305034,1.238064878614014,1.4969961610562743,1.72263724168762,1.9921462284202018,2.0025190527846046,2.1073140603790455,1.573857604632586,1.480289235021102,1.5909655675205112,1.2632326487137924,1.2993654403400683,1.3420322755605927,1.3900263778121396,1.382257301597896,1.270753053845441,1.2696902289436007,1.179447247067987,EMSC-20130606_0000050,IACM,8.0
143,0.6768754053766965,0.4239387351615491,0.5869502336586265,-0.7459391520534009,-0.8388174261131072,-0.9880275200320545,-0.9301111062340777,-1.1608091135852012,-1.3170028907606,-1.0248837988781814,-0.9653440647833857,-0.7632534190071905,-0.687231052820052,-0.5490987091081978,-0.39718998745797673,-0.3808813928854553,-0.2866570307412468,-0.21299976925756514,0.34253419710461763,0.5273221330613804,0.5439696193413965,0.44170949762586265,0.660287377296525,0.9296971302381829,0.8695113738907807,0.5553212124444293,0.6890197535106406,0.7540007972074694,0.6866479149949178,0.9896436811970091,1.0597625086064948,0.9582711958954917,0.8614105585515439,0.6689579493303519,0.5667086144650622,0.4650653255966457,0.4157303505549361,EMSC-20130606_0000050,IMMV,8.0
144,0.293516877165648,-0.9318553933494291,-0.8612324965746652,-1.077384511177101,-1.1551953607091976,-1.3080920173915773,-1.27697848552417,-1.2881673701122929,-1.1693732202085982,-0.6893450275586552,-0.705269486091237,-0.8071046683747105,-0.8400831120833683,-0.8117604866523473,-0.7786823381513441,-1.1798395895390374,-1.119665073333933,-1.1800957087658022,-1.1758074143188244,-1.0243741920926501,-1.0555919026913987,-0.8867874062465146,-1.124368950559643,-1.0161299231999612,-0.879263806299047,-0.9090205214129332,-0.7135423324510342,-0.6995644640569569,-1.0264783747755946,-0.8124027147909167,-0.6488484193645725,-0.6871602960741257,-0.734421422705207,-0.7970520597962931,-0.8498189509786602,-0.9475635722223004,-1.0104155697499877,EMSC-20130606_0000050,ITM,8.0
145,1.1622240220145685,-0.37383799535115614,0.04639071767176972,-0.8209701935249356,-0.5880153879845071,0.03135765015115766,-0.748259763836419,-0.6264605475285814,-0.2663013169814086,-0.6379877783695083,-0.5464481235893013,-1.1932460800216305,-1.353667702651876,-0.9741773108706084,-1.0673791898973164,-1.1713968327740627,-1.140819366561339,-0.8601185149111998,-1.3186589730220408,-1.2664607274790498,-1.2288161836533806,-1.0312056904623255,-0.8062576466550269,-0.8015865672819178,-0.556820919505423,-0.34103350086692963,-0.08206563582425552,-0.0439692152028659,0.32083472216069886,0.48820297450719075,0.6361270656542661,0.5190288204221805,0.7126317358240897,0.6625475559029272,0.36068617699132943,0.329904298200999,0.3387051140701036,EMSC-20130606_0000050,JAN,8.0
146,0.4586132452673213,-1.0459020740508969,-0.8263578384538821,-1.043022854890487,-1.0432369302198072,-0.9706497503620595,-0.9031965870474767,-0.574249713719472,-0.34982431986648255,-1.146379809637291,-1.7236700065849107,-2.106904461663121,-2.1397667540441905,-2.1847602340847656,-1.85692132812515,-1.7439140517832508,-1.750651934513817,-1.6673306489921353,-1.6139292844263444,-1.7472285769056466,-1.5670442863271337,-1.3673068267196582,-1.3931490854818227,-1.0190081313363528,-0.8035303309852839,-0.7939263629626705,-0.5189213910032251,-0.5590909042165357,-0.7230883647038855,-0.7250567299777675,-0.8896039648881793,-0.6950334258993447,-0.6282114946443702,-0.639877758907927,-0.6558866330426341,-0.6744607961176445,-0.6942801378059613,EMSC-20130606_0000050,MGNA,8.0
147,0.6991486817682642,-1.2866475219453983,-0.9347581206864213,-2.4209946407143663,-2.4904830369385884,-2.593968898161494,-2.5586408433847128,-2.4890806306204585,-2.691433660879733,-2.584091474902305,-2.4824030598980844,-2.182533610279343,-2.1722577468593753,-2.289548610094932,-2.1489278482593033,-2.0125396093904397,-2.0481541518163526,-2.158113981695271,-1.8242636855010517,-1.7935662306179845,-1.70809404498151,-1.3793307648299233,-1.5561341239991,-1.0001104545187447,-0.8472647903339947,-0.9834861359682368,-0.9792184787405942,-0.9665734939935948,-0.6554089175315099,-0.5211718734173196,-0.3966248121599829,-0.34204536781815875,-0.40117375404761013,-0.5246850604052842,-0.7324180364793911,-0.7795059198283418,-0.7806521504342445,EMSC-20130606_0000050,MNVA,8.0
148,0.715653324902052,0.25380067158192254,0.21320006303435868,0.007042930072545417,-0.007116492718070688,-0.028592395859011077,-0.004600648978589916,0.12704884336841538,-0.04805746370420394,-0.00734792827180808,0.18676718565598893,0.34173339364445,0.6433712694995988,0.25840897135688135,-0.12721487069403015,-0.21889085748391768,-0.25528152951886085,-0.3128243413692875,-0.23464669026683183,-0.04711537493268647,0.029666176415464207,0.09886044704004959,0.21225756379779614,0.24752920437599535,0.22308200236267695,0.5276218885944637,0.5753260547203176,0.41679709595966763,0.37578666658114557,0.2511491823357339,0.315338151731817,0.36142819209470467,0.3388645271633557,0.2373647551236182,0.1922740599281063,-0.08785913008273027,-0.24221597877803447,EMSC-20130606_0000050,NOAC,8.0
149,1.0351641974096206,-0.8584311555195114,-0.7879160169609936,0.3637989384993148,0.9276386872391758,1.0271296366603657,0.5685521241931433,0.8964867896799049,1.5901796741510186,0.9116259565248725,0.49235695449538497,-0.19543594620773597,-0.4098809634973932,-0.2890907868838699,-0.28894285698049416,-0.5242042819092863,-0.7427687411125277,-0.8486437746196565,-0.8302915048861408,-0.8725326852895883,-0.8744063193623006,-1.006385647857062,-0.9596911165831248,-1.0218768112033025,-1.0792839084951016,-1.0988073743596996,-1.1257441187833823,-1.414671208390013,-1.1445015660168583,-0.9462819462869909,-0.6388604557970687,-0.7772103575509881,-0.6629713556282901,-0.7628997818201597,-0.8687773742580411,-0.973117302175833,-1.1461753752447539,EMSC-20130606_0000050,TNSA,8.0
150,0.6021985973669355,-0.11827793937169062,-0.07701337021164001,-1.186049744668816,-1.2621009954843982,-1.367353128713309,-1.4326081198182985,-1.281640675835967,-1.2937940153288983,-1.0405150985902294,-1.22649832092823,-1.069365043551879,-0.9737103835608387,-0.8510143242543524,-0.8849792619179837,-0.5526178340325014,-0.6324259552557105,-0.37282219616847456,-0.11008662737139474,-0.04105412223605054,-0.04893275701714295,0.1313405028359904,0.19182932807907527,0.24036789850377893,-0.04766437233563359,0.16568940921419895,0.10226813736795926,-0.06108099525823718,0.2315873214089379,0.33656461136745897,0.20634881317432452,0.1979138981963935,0.16064917075538965,-0.001687423248840858,-0.16926559074722825,-0.20092376010630275,-0.3168237464639958,EMSC-20130606_0000050,YDRA,8.0
151,0.09844955650293663,-1.9827823624912249,-1.8209675524494067,-1.2945295958006797,-1.3530313848386841,-1.4872202616304486,-1.5210219689963473,-1.5661022342913578,-0.7707647134560913,-1.0711095297791111,-1.221007219717877,-1.5684869009725357,-1.44659134321126,-1.4103529270316972,-1.4196418884635422,-1.4572181681884544,-1.642712415646706,-2.0332588886114875,-1.7781770505069803,-1.8991821229173675,-1.8618486152184825,-2.0373430503576184,-1.9780051966264427,-2.1450664539398456,-2.2751533713303917,-2.2359981841663963,-2.177394726544879,-2.263576425294847,-2.2345159501880048,-2.1478030177841525,-1.9375152458492622,-1.748816949679668,-1.6704859761107045,-1.5599671364052679,-1.4708764323795815,-1.3918920902198444,-1.2661854074563088,EMSC-20130621_0000105,ZKR,3.2
152,-0.027573232853305374,-0.26052501141492446,0.17752703378051748,0.7792844394381842,0.8880397675503273,1.1758234288874112,0.9661123806956775,1.0551178539609114,1.0047165741150743,1.201477200142556,0.7921545109551538,0.24756887969865637,-0.08463977749828544,-0.17617115596926425,-0.3961960195425869,-0.19461696320156907,-0.223051667149619,-0.037765502589827804,-0.1600234727466452,-0.17434445371787533,-0.3627524768029602,-0.511622722742783,-0.5991743606992515,-0.6626177675089169,-0.7446643617371684,-0.6763105131300975,-0.5852362644133713,-0.5215217381732913,-0.27886809868550344,-0.09802552614676152,0.2244742666477073,0.37884134502911593,0.5762479926184341,0.6040912805738508,0.7878656849964933,0.9567550237279008,1.0707181906838024,EMSC-20130621_0000105,BBRN,3.2
153,0.3403599411842184,-0.0063709139047167795,0.452580776927233,0.8971435560872036,0.8378442079190078,0.752787594993821,0.6972641114044364,0.6730178856190072,1.0113441903482827,1.3464255680625605,0.6167943007892278,0.1754021490718518,0.07610562010382704,-0.009552583501217349,-0.14996207691944097,-0.140295199863667,-0.11277100829446329,-0.20346893205196448,-0.31994653588599764,-0.31761567309879,-0.2903017424976415,-0.20044487721736814,-0.26446495036676154,-0.3402173625501268,-0.2945884201579858,-0.28618174017126385,-0.28977308776316146,-0.22964343509075213,0.017030901541394527,0.30430586897156786,0.5441295440005156,0.7420209594159815,0.9124902694285932,1.0404539454690482,1.081674445127204,1.2117744139995672,1.3076452212495528,EMSC-20130621_0000105,DATC,4.0
154,0.24766729473871685,-0.907998409389525,-0.6686411895753039,-0.1850103444245832,-0.041370656545696605,0.5512194289083592,0.8011772068237901,-4.6992531371081725e-05,-0.41754558783347573,-0.432028038983562,-0.46532083906069666,-0.6562842414191881,-0.9539077160528482,-0.5966168296081023,-0.19837189432443925,-0.13581784482107206,-0.3192400504698609,-0.6897376302732914,-0.9378572239356817,-1.0308877173182003,-0.904790092890055,-0.8232876571587013,-0.8325238749590662,-1.11030125130958,-1.2530611380175243,-1.250444626350287,-1.1790227178127406,-1.1857850658727713,-1.0624581251537624,-0.824390936130035,-0.6330586124914639,-0.5496764746914273,-0.4724403076861705,-0.4218281136801938,-0.2448520585267282,-0.11570420544176052,-0.02122573227424418,EMSC-20130621_0000105,MRSB,2.2857
155,0.6010148415373253,-1.489576305678984,-1.501774775170965,-2.0063389338005093,-2.0961473367920185,-2.252619635373579,-2.3146511209294633,-2.392320621189297,-2.3838948219654714,-1.8474596264739898,-1.9814897830136697,-1.7674476421763003,-1.7203958297994735,-1.7076278380930523,-1.6054100340813608,-1.393381322546512,-1.3189640715390158,-1.3699799440340081,-1.241172056098499,-1.2014778824967305,-1.2358889210603579,-1.4376754262576643,-1.488370946475646,-1.2919190038198067,-1.2979586958537457,-1.292871432044759,-1.2495496745588142,-1.399441418085777,-1.514846341404752,-1.48530826502218,-1.5408825724104087,-1.4881831894704938,-1.4257007063897937,-1.4764094922304238,-1.5927208151261816,-1.4811435462205935,-1.3773363338756521,EMSC-20130731_0000025,KTHA,8.0
156,0.4896465338980729,-1.8436734922003541,-1.836339189639233,-2.0272354822303917,-2.1095555139684237,-2.246496220772361,-2.2959110749967575,-2.309251458296579,-2.04796725621011,-1.9053247607405064,-1.9031044529085888,-1.6866307448784257,-1.4084857215882929,-1.4292881338967147,-1.6152901135379478,-1.6522529720375108,-1.4671220226885442,-1.6742912513588637,-1.7822285059356053,-1.6800285463156674,-1.8036781733885476,-1.9529333354882619,-2.0197899414347065,-2.0790826090693777,-2.1327928571375088,-2.3068938848844027,-2.1519342294787087,-1.957131171477645,-1.6624706678983525,-1.5460755194812652,-1.7568642977311626,-1.7807818611886557,-1.8156936627412321,-1.8444568576745635,-1.8043678534140568,-1.6679989329374347,-1.645701311645686,EMSC-20130731_0000025,ITM,5.3333
157,0.6012979959019611,-1.5194590805171497,-1.5374123301584461,-2.0312205840474657,-2.1207151978452785,-2.276574928943588,-2.337888348788481,-2.41490669964032,-2.4072138983806894,-1.8717336822883262,-2.0069840445102027,-1.7934191419173313,-1.7471950878788816,-1.7347840702565769,-1.6329743341205738,-1.4211387636712889,-1.3468372121251875,-1.3984360953643025,-1.2697726583954418,-1.2303283083840197,-1.2647290535498499,-1.466516646820054,-1.5172813576782387,-1.3213590817712983,-1.3273030676127195,-1.322727873440714,-1.2796263285997025,-1.4299205030193072,-1.5470868688267352,-1.5201996483471962,-1.5905522274886277,-1.544418522099397,-1.4697556493422486,-1.523246133760237,-1.617317024320517,-1.512995618144732,-1.4444281897918358,EMSC-20130731_0000025,KTHA,5.3333
158,0.7207058125592023,-2.703571586392549,-2.6074550994762564,-3.183994639842961,-3.2509792902036,-3.3392611381577284,-3.4247399536394214,-3.1339371036671873,-3.324153569500469,-3.1078005187620654,-2.896668437789635,-2.737461479791211,-2.5979667507527813,-2.7444124774828857,-2.905215265048149,-2.9689048802180302,-2.7956775983284237,-2.6631577673748312,-2.6911103574623567,-2.728096050826184,-2.7188631766755993,-2.5361824023800468,-2.741944266173032,-2.506168275478305,-2.6390638703151303,-2.6205002287487975,-2.6506075868372374,-2.6181933226505283,-2.6812790846849275,-2.608232971920593,-2.3364605489756496,-2.52729223167608,-2.3153816122982445,-2.3831690657356965,-2.619257424960553,-2.567237177898516,-2.4855985019984352,EMSC-20130731_0000025,MNVA,5.3333
159,1.3716489020875597,-1.3617216982032119,-1.3892535436065252,-0.7698586418294511,-0.721545939135841,-0.5220310588830426,-0.5029092407312401,-0.46765629917278684,-0.3240629681929814,-0.8877834147602455,-0.6362198971267565,-0.5535905845615554,-0.5446466549610784,-0.4745080723468389,-0.6283644697518715,-0.8773080474424209,-1.0262916846290615,-1.1484317811843807,-1.2165247986499281,-1.1595862407973145,-1.0863281616511724,-1.114328069535718,-1.2695359464672702,-1.5667936958778803,-1.7681200938537955,-1.7931060970420916,-1.710243884314517,-1.6526052581914712,-1.582694734222697,-1.6049438769409914,-1.4828980128999198,-1.4114345294714479,-1.3566987523279952,-1.4013399844479135,-1.3336044483324407,-1.2795237690124193,-1.2421311374033959,EMSC-20130811_0000067,KARP,4.0
160,1.3609704695390397,-1.3755424705996457,-1.3857132845590563,-0.7910403347227133,-0.7428369190236772,-0.5435472257333744,-0.5245172945471079,-0.489067416877659,-0.3451323630532057,-0.9085673010357027,-0.6569391051459652,-0.5743903553399701,-0.5653435786842183,-0.49526135927531545,-0.6491640670396155,-0.8980361211528631,-1.0468076703733793,-1.1691721985962271,-1.2373517019578815,-1.1800711270007067,-1.1072901450428532,-1.1347034699017726,-1.2891127936627829,-1.586852767035987,-1.7855603963042999,-1.8079330430175897,-1.7225484071186088,-1.66601531208922,-1.5893853213038014,-1.6025574813944807,-1.4754670169025381,-1.3909211883994068,-1.334392942982685,-1.3878564968777294,-1.2899762449330936,-1.2877544905189673,-1.2525272420186404,EMSC-20130811_0000067,KARP,5.3333
161,0.44440444253234723,-2.3720441073951974,-2.22372768195682,-1.8404624579157236,-1.9165900151743402,-2.0601932012961406,-1.9900759724806365,-2.275267624452259,-2.2141490652768967,-2.0140125505558313,-1.602562533801322,-1.2266288265979455,-1.3439428874841841,-1.6139101319937605,-1.5772583556627593,-2.060343813868986,-2.037500769959534,-1.970216116235938,-2.0947565845534983,-2.2452275423868766,-2.3173253465475234,-2.3103498339008866,-2.6217963234421724,-2.6516889014516956,-2.7294320946675352,-2.8780186289502243,-2.878732032996684,-2.7904416443318016,-2.4277609941837763,-2.3831034036251104,-2.144168001803717,-2.1347487420918903,-2.083132035827349,-2.0250768219748565,-2.0237966395435034,-2.086611133239961,-2.113110322835732,EMSC-20130811_0000067,ZKR,5.3333
162,0.49756099047007574,-1.8651229655814898,-1.8484986801975172,-2.4722182055940367,-2.5703264598365863,-2.7610201747972933,-2.842149803627559,-2.941703553431652,-2.7883884407793476,-2.4007529039983586,-2.1649563915804384,-1.733052842760098,-1.6298410648093355,-1.7344798304621873,-1.757149662753747,-1.6878782034714854,-1.7556569467612748,-1.4268143363263412,-1.3290404157759719,-1.3324664380268079,-1.3740882984406149,-1.546338210579087,-1.5240070746351808,-1.8658870974610622,-1.7565822348593327,-1.7563697579873452,-1.924617650323336,-2.0371666907511194,-2.0164764579261174,-1.9663086477069598,-1.8529812996927433,-1.7738658271841885,-1.701494241779205,-1.738259680827932,-1.7389960091358976,-1.7195478117766978,-1.7497916698360587,EMSC-20131012_0000048,IMMV,8.0
163,0.3814272475798015,-2.0593670001506013,-2.0669915125747913,-1.9373395023263722,-1.9879076939478342,-2.0997702206446434,-2.1231151222083557,-1.9723041496191476,-1.7025417076095852,-1.936936138149493,-1.7194436558429826,-1.9869335826376222,-2.0335245668191266,-1.944418626237944,-1.7722562135481787,-1.9598934723580506,-1.7858172488235766,-1.7285503264534174,-1.967363592832947,-2.0114433869248236,-1.8829681694278797,-2.0498029305911416,-2.1515812073089062,-2.2694933997352136,-2.1923178643375696,-2.0996343933250188,-2.097789136649183,-2.0742262333530697,-2.074816096737811,-2.121813652435966,-2.0171370554597363,-1.987034836907931,-2.0131164881434938,-2.1626942099696773,-2.2138698310700473,-2.1189551186395104,-2.0769500305400967,EMSC-20131012_0000048,KTHA,8.0
164,0.49754231773101854,-1.8634105123746334,-1.8469650565239029,-2.4712111319430976,-2.5693953831049594,-2.7602292787210816,-2.8414352779519527,-2.9410843571231977,-2.787667753433169,-2.399800807906794,-2.1637412809389804,-1.7317046201490207,-1.628344222129372,-1.7328757317058106,-1.7554501973550503,-1.6861253965217413,-1.753852924114942,-1.4249073982124614,-1.3270577518054134,-1.3304493617894515,-1.3720765178308483,-1.5443286993620786,-1.5219978729128787,-1.8639225359801532,-1.7546435590933136,-1.7544712232562087,-1.9227832407889043,-2.0354063677199488,-2.014782251622144,-1.9646929316607071,-1.851506722798149,-1.7723605464100416,-1.7001536442073775,-1.7369913858012307,-1.7376371751356299,-1.7182520001381967,-1.7489075673213943,EMSC-20131012_0000048,IMMV,8.0
165,0.3829584694198904,-2.0870261210883108,-2.0940619605444297,-1.9620080436012808,-2.0122968102594916,-2.1235358045345434,-2.1465930264608533,-1.9953821616724303,-1.726045489298956,-1.96136620380988,-1.744964074277478,-2.0130276192970085,-2.0602324483301135,-1.9715809885565516,-1.7998119255094993,-1.9876718555742858,-1.8137953718119721,-1.756960832547577,-1.9960895282067934,-2.0403111800476808,-1.911831573474391,-2.0786542372603547,-2.1804212706132757,-2.2981824962265875,-2.220872717570078,-2.1280375278405685,-2.125991418757881,-2.1022231579134267,-2.102452224299137,-2.1490740497019196,-2.043989093395332,-2.013829343954251,-2.039901906467092,-2.1889864426925456,-2.240416334154281,-2.14420754983111,-2.1028356528305547,EMSC-20131012_0000048,KTHA,8.0
166,0.7439770186671062,-1.9707494924056181,-1.655148501087254,-0.5471024208236877,-0.6254069794391928,-0.6079469949166079,-0.49185190613796426,-0.2791304964370642,-0.23136510434632562,-0.35935524527360485,-0.51547296327018,-0.5598084324364541,-0.7172496099498087,-1.1808638852354516,-1.385786178007348,-1.4582632838186704,-1.6305561671657864,-1.9344515381727172,-2.2497401243326234,-2.3220324564535133,-2.331188531739233,-2.429699887703846,-2.4581353976735585,-2.6010897970291715,-2.487206863208268,-2.479508778936035,-2.450181901912366,-2.4062093870577463,-2.176996422522315,-1.8483405389755845,-1.571641342460536,-1.5004713512467696,-1.3345443831899715,-1.2565174917745168,-1.1880287720846336,-1.0907235396670583,-1.0733894362538532,EMSC-20131012_0000067,KARP,8.0
167,0.34889935389219673,-1.9902011858253044,-1.6745852925770723,-0.5661215020825967,-0.644408983558673,-0.6269187478627245,-0.510807538931445,-0.2980527411239615,-0.250297882932073,-0.37831717735940984,-0.5345228728497524,-0.5789186541772651,-0.7364257232892699,-1.2000946701979078,-1.4050650751809703,-1.4775904721979263,-1.6499263661453059,-1.953877977126563,-2.269223505180003,-2.341530974948663,-2.3506924259105473,-2.449211211365119,-2.4776762392337126,-2.620656426737943,-2.5068041255133497,-2.4990714718378815,-2.469686096534362,-2.4258756946251,-2.1965017239084332,-1.8677806201812288,-1.5913093680256214,-1.5200237655321214,-1.3540267484528812,-1.276077091917605,-1.2071204054760418,-1.111579807244686,-1.0930783424043824,EMSC-20131012_0000067,KARP,8.0
168,0.8790641330033964,-2.742185627425453,-2.6347595747148933,-2.8614368025732526,-2.9403677847872354,-3.11119862093459,-3.151137860894977,-3.329207720491172,-3.2390814260551357,-3.22931308222355,-2.684183176178025,-2.393149405278014,-2.4319060009033384,-2.5662912178324513,-2.2947450938893326,-2.1910497383749536,-2.1288711916762892,-2.0076207469140517,-2.4406506709450273,-2.463395918543341,-2.6026131324909176,-2.828762800681103,-3.013848014844263,-2.6494576894321167,-2.617356817273725,-2.7959409733880953,-2.967693825334779,-2.9473670592588714,-2.849385886232737,-2.6663844566662647,-2.599782044459566,-2.5723004838772834,-2.5414563077133927,-2.56597183133575,-2.5540105016328614,-2.3703668934522995,-2.3323181316361072,EMSC-20131012_0000067,KSL,3.2
169,0.819408985001155,1.0674954151982794,1.238936308850045,1.7245488157161608,1.651063628074871,1.5228631769504046,1.4570857251726181,1.4887988163681305,1.764153490725021,1.8791397032559987,1.7492685879090413,1.95350332282705,2.0256892376661746,1.8665814578313284,1.6436417653586073,1.463744672764017,1.2939551318260367,1.2645636101281506,1.1383535190561709,1.09293891537272,1.0341977177143091,0.8849799397170504,0.8034288525560118,0.7034000460715699,0.7143307791065512,0.6304311712803248,0.6676888969659451,0.8511150782799124,0.8403377550078481,1.0494530058884237,1.1846529766220488,1.3281322965545943,1.4434514465525705,1.4808595644870568,1.5495256215176383,1.6486120288490813,1.697976490459224,EMSC-20131012_0000067,DATC,4.0
170,0.4886241638072537,1.1759019803347908,1.7253360477134851,0.32900997330733617,0.25254370133122883,0.1140154844128487,0.07265225168250744,-0.11948859621312913,-0.012959808975712583,0.440535803230687,0.3511256818323121,0.4157448875132097,0.6602133336925693,0.6677463595190369,0.6689849128633236,0.556110287436983,0.6685082962372153,0.7801629975843767,0.8825264387359386,0.7870671431734415,0.6192678839122943,0.6539581285172948,0.7863304773742952,0.884271747882476,0.9077194280209646,0.9746724367873103,1.3652110242404252,1.4204239189596226,1.9547626218998388,1.9314924889293792,1.9837892640800732,2.1196889279668873,2.3123341262283343,2.5334261835205183,2.69952547998121,2.6108853398123397,3.001017071470825,EMSC-20131018_0000002,DATC,4.0
171,0.7866007941626969,0.7742688179333079,1.4368843204132649,1.3121264238340933,1.2362827625891377,1.12959971602662,1.19834977687462,0.9942487796510893,1.260901464082524,1.868128404355418,1.5554658224086158,1.3520368517723078,1.15405757034938,1.1681037275301014,1.0729485395516587,1.3271051328842383,1.285382619187101,0.6430444908163269,0.4419169221191437,0.36600106187749937,0.4214570816574623,0.36282817660197253,0.17290899728506304,0.30914913651974274,0.20476216919755608,0.292315052724204,0.4233370734292059,0.645867451054599,1.0051639107908485,1.3201683828396327,1.5622847206626282,1.897677171315392,2.186011934507105,2.307044044815953,2.521687269688501,2.6902970946339497,2.8719673231965963,EMSC-20131018_0000002,MRSB,2.6667
172,-0.31756090674028936,-0.12777321766917993,0.38574380025933586,0.8565988633358739,0.8469115170466832,1.2554914180331522,1.2944871266855067,1.179499305785142,0.9989692503128031,0.7184949346802547,-0.32097003799501156,0.06885447259063593,0.011752255592396565,-0.3162074032427702,-0.3846166660899204,-0.3952592334131584,-0.38382324000639656,-0.28623643251171504,-0.2967925108969549,-0.2891981496914493,-0.3941049583534415,-0.39216292116148743,-0.5086259241093849,-0.44953580668163085,-0.4325267318955621,-0.4520311382928668,-0.39010271067559543,-0.3074162470687938,-0.09430094827279767,0.17250885873543176,0.39046337048715607,0.5958257053126417,0.8026393022565514,0.9335554546752629,1.2125569630978816,1.3892926616898311,1.5177553395790664,EMSC-20131104_0000063,KARP,8.0
173,0.5502872098956217,0.8056435064791119,1.3366903836987234,0.0783989963650118,0.056598000930151215,0.21289202165752563,-0.008984295124092156,-0.15782719893206743,-0.3228443592186654,-0.04290521035429595,-0.12565802603828224,0.11147932351329626,0.34771527220880305,0.584331394657168,0.5161849530216278,0.5185094440231239,0.4998257106553572,0.44725833136436766,0.5234783645314334,0.4410287872685288,0.49141857942644673,0.41689159223093686,0.32847930150186144,0.41441957469623336,0.43628943073275117,0.8135584834917449,0.9458881408088953,0.9599750592351839,1.492676542221444,1.5316880540808615,1.6849127577264706,1.8447142248063866,1.9537519937899486,2.0645261996256057,2.2521851862565896,2.3397273567081616,2.4772441760283623,EMSC-20131104_0000063,DATC,3.2
174,0.2847507925214283,0.3325563986467426,0.8679131814251981,0.7985453000881968,0.9455414049785658,1.7790330870949909,1.8506972788847538,1.4537283753410142,0.8356661022753453,0.6284604620446235,0.3017468948368949,0.3682064213924816,0.5842696921115031,0.735288108211936,1.0312371879169637,1.0507108652517632,0.7242567543782652,0.24128388693871106,0.044501218327729575,0.13890146514870683,0.13817888377632404,0.01845703763929407,-0.09918861703092041,-0.02667478875179441,0.009552986126484697,0.07016864958544211,0.08998500892835182,0.16862637147202264,0.40584883017546325,0.7086204624469872,1.0409293104642732,1.2271972806180464,1.4270424745932218,1.5564899647118473,1.7903819239297096,1.9737261812052154,2.1197598312088566,EMSC-20131104_0000063,MRSB,2.0
175,0.4606357501989633,-2.2706577124731684,-1.9854000122486184,-2.009709566087963,-1.903335154599505,-1.3046413892345265,-1.1082926946351233,-1.654876292299801,-2.2096403580927015,-1.7844903336044506,-2.3186905677849836,-2.9116243902408483,-2.8868198641284604,-2.563174811427528,-2.350503900793001,-2.447343170457086,-2.510056545997732,-2.3773155938911135,-2.2908635686567766,-2.4726101409093655,-2.5331063939625036,-2.5164717431006753,-2.5174741790999455,-2.4933765779808947,-2.159408019116709,-2.07713448498364,-2.0298278779092787,-2.248516728031344,-2.3144992674160356,-2.109115550988271,-2.1526377176363205,-1.8685988280916561,-1.7348122001167994,-1.487497930945679,-1.611506402977552,-1.621628173408741,-1.5949532681610368,EMSC-20131122_0000051,CSS,4.0
176,0.6931813938095401,-1.4177281519952754,-1.361345250834498,-2.1798684990411266,-2.280403439996096,-2.4645217425118604,-2.5685671774954786,-2.7895862290715403,-2.859970481403159,-2.5841123680216853,-2.191665549045071,-1.8903207688948536,-1.5134918723768962,-1.3473299946618749,-1.435076238649165,-1.4590027770686964,-1.4220900013864108,-1.1641384982903338,-0.942055453022224,-1.0065525454444524,-0.9989094073561526,-1.0113228331185322,-1.0461410405888483,-1.311450402554561,-1.5386403377615547,-1.4822675068853197,-1.4017472420072625,-1.4179802418463456,-1.4243515659156962,-1.3969771099214832,-1.3716510487380909,-1.2745157202274715,-1.2201855408883233,-1.1741011076708574,-1.1365317133570265,-1.0994999855820655,-1.1377370774590236,EMSC-20131129_0000059,IMMV,8.0
177,0.4642412795356723,-1.8873739259676743,-1.8445699190835327,-2.1870347020711485,-2.2765677656512295,-2.4356845374823415,-2.4690978190216777,-2.4136166974360345,-2.439176672908152,-1.8103980130972541,-2.101457484009133,-1.7640312997507985,-1.736577133525052,-1.6778147710179132,-1.4060313356330836,-1.6042515956934844,-1.662299876248328,-1.76857459767146,-2.0477533824587555,-2.03346404015155,-1.9665104054224267,-2.194723011224749,-2.334880391818672,-2.3501480436503055,-1.8702846984983204,-1.7265593927028071,-1.6002654328783255,-1.6846706357192929,-1.7961818330401602,-1.784940546527448,-1.7985305938049283,-1.7722134653647679,-1.6604474433248253,-1.7710162319778888,-1.7895533915625759,-1.7558657057714555,-1.7613803122212577,EMSC-20131129_0000059,KTHA,8.0
178,0.558668949273605,-2.20764578889292,-2.067687006032866,-2.6978249348051184,-2.792677895699488,-2.952721241764465,-3.0379541732871624,-3.2744023079232303,-3.1843893574188726,-2.8120214257480356,-2.7142448824406165,-2.4694135480177337,-2.175765847906214,-1.7725592336171676,-1.6475494046811745,-1.8567586888664795,-2.173619554605584,-2.0902221059306543,-1.9373885576037848,-1.884523328811519,-1.8839216212253467,-1.8576394263622795,-1.9579806575265923,-2.1593228783684992,-2.3199451697502322,-2.3357108530760815,-2.331011000152852,-2.3483780480088097,-2.273906119096191,-2.099457869440302,-1.9772314368184851,-1.8515835758354555,-1.730758306516515,-1.7945729267754054,-1.7843918454099867,-1.7309162388700887,-1.6872487671312655,EMSC-20131129_0000059,ANKY,4.0
179,0.46464127953567225,-1.9268743303403468,-1.906868476776987,-2.211994883931892,-2.301228252090083,-2.4595427153693583,-2.4927018235921405,-2.435814379954749,-2.462035125274113,-1.834502402570199,-2.126760106422698,-1.7900962865686445,-1.7632919543720567,-1.7049306454944544,-1.433552412599612,-1.6319920555832894,-1.6902257068301836,-1.796905190797574,-2.076828379263313,-2.062985394882113,-1.9951960537920153,-2.22448535393331,-2.362998567359326,-2.3804832923237056,-1.9040590277458023,-1.7629358579118435,-1.6393815342092477,-1.7254725844085357,-1.846023644575725,-1.8564462392407357,-1.8875682085579548,-1.8876030995234192,-1.7565594429381743,-1.8401022083589922,-1.8698065078606643,-1.8266749306765622,-1.7800033529090893,EMSC-20131129_0000059,KTHA,4.0
180,0.5040909802963283,-0.2976269492221837,0.044065877218905314,0.6388799344524942,0.5902605406394947,0.5110233449249959,0.5238073570648467,0.6683181867806454,0.8350131073666782,1.2437388351678722,0.3525306582967005,0.4370101308020464,0.481614375010297,0.5092208479737392,0.7568670186361537,0.4622021613671006,0.3131445419773291,-0.14445623564055587,-0.47330074205715444,-0.623862569018093,-0.681099084740624,-0.8160161312192864,-0.9159433969217057,-0.9261798225953406,-0.7796928689935063,-0.7687844952155061,-0.6962509098685032,-0.5963790202523747,-0.3027596269927173,-0.07708310306056632,0.1665632919201716,0.29915287279859193,0.37200856589350906,0.400428981878564,0.5609998085197709,0.6076300018027272,0.665686198501529,EMSC-20131206_0000037,KEMT,2.2857
181,0.6633420959722653,0.0449136397255856,0.2757411662831668,0.46179362816719216,0.3992508178674248,0.30276474075993853,0.2781901753037115,0.4431306066701888,0.7521816763458338,0.8814892813352291,0.8323111632541416,0.7978046097188187,0.6288946038723511,0.5791310669085172,0.44581278672892033,0.37851997687113137,0.3043675208477117,0.1593773952917834,-0.049443093991620835,-0.10018058313480793,-0.14429594735914808,-0.2618252863742754,-0.2677828990447644,-0.2912410935718235,-0.2834002477844688,-0.28354661361385247,-0.15739726158992973,-0.13058928284494442,0.02712684357172712,0.1984653966422485,0.41315764819564116,0.5056375597978136,0.5628611199480673,0.5255521269594947,0.617519403999129,0.685809668776951,0.7285286465168319,EMSC-20131206_0000037,MNVG,2.2857
182,-0.25529301324030795,1.2597674235466654,1.4780068839159926,2.2562478980623903,2.2019822378230556,2.0935169145026356,2.0542993156220537,2.0954992705330144,2.4866013001630165,2.916106244281279,2.6518984440476663,1.8674012666733995,1.5989992003565887,1.812385536541027,1.649254599910798,1.5224021572610074,1.2351542787145826,1.1967758627184528,0.9968300799747993,1.0002454071436446,0.9689221580780201,0.7670045312188272,0.7878760481657912,0.7241347398683491,0.8273450405595257,0.9692930738492267,1.0595559970266395,1.1317876463327279,1.1738960179650357,1.3854108994788756,1.5093051406838232,1.5683088528550382,1.6531241992959949,1.6884521012549847,1.8211547251252043,1.9186464437424178,2.0368334241245645,EMSC-20131208_0000050,ALAN,4.0
183,0.691406255719965,0.9795476618894963,1.0015068858691833,0.8826790324658091,0.8612116139660779,0.8505362361605817,0.8458755172801453,0.8105294170159025,0.9994663321440864,1.1266122544853463,0.9077203049148812,0.9414283935191401,0.6970128062944934,0.9650004254440292,0.8663392051412826,0.8399993621746633,1.0401389174191165,1.0545651635936855,0.7993516971378032,0.8244330129497959,0.8283678815975026,0.670798144038522,0.8584866536899547,1.1140770541673106,1.2211974057828154,1.2419963137904846,1.1180540122519558,1.069021779795638,0.9861056170518925,0.8560352375513993,0.9677176773451084,1.0128410835262152,1.0928387648774098,1.0251483326361939,0.9896348829427168,0.9067273953822443,0.8519614650528542,EMSC-20131208_0000050,BASM,8.0
184,0.4301362929870698,0.6126354982115627,0.7850453912489677,-0.2125451769654072,-0.30816856675783555,-0.4817497240411521,-0.5358687455100482,-0.6627502837031134,-0.8559398324240854,-0.5660288003708525,-0.27059571092344736,0.001342649636405291,0.24605518225258827,0.2857205845631583,0.5698383011447579,0.6681437320866745,0.5050933914291811,0.5656142555821972,0.4665545553802275,0.43883107780441577,0.3517648159511024,0.27606825442703453,0.25186986784083754,0.4895112568186031,0.7854950597168999,0.9544933324899354,0.8865482780449012,0.9122267494044509,0.9315298535502343,0.9014230074551879,0.907865404195503,0.8822688419217801,1.0917713481460822,1.015625623806967,1.1062778791933194,1.0984464528315794,1.1589656464322342,EMSC-20131208_0000050,DEMR,4.0
185,0.11101759930389044,-0.04196548252264165,0.14249043283728646,0.3871075929483627,0.3609125152794297,0.3385280497798622,0.33581928473173406,0.26534572458421835,0.4549119416209759,0.34818576412087854,0.36393133857288884,0.35663140628335466,0.6481835227101023,0.5967098821622381,0.47748812016734643,0.5465939833175764,0.7151771719460029,0.39668497936362535,0.18164308370799986,0.0504975133238732,0.1086730326179941,0.03773993623627714,0.19670495967299306,-0.08999004784920928,-0.102551944790787,-0.32887802419572587,-0.2738232563543139,-0.42772173422608617,-0.43978381095830166,-0.2539792810226267,0.08006224961570041,0.06929786027265372,0.3182039997601098,0.3841817109848087,0.761380724448399,0.8181269136817928,0.916179961661264,EMSC-20131225_0000062,BASM,8.0
186,0.9936217457986611,-0.8334097656994981,-0.6985182397069689,0.028641843358279573,0.018859579932534842,0.014069313182236698,0.09302369238967323,0.5647102741632057,0.6160869946989385,0.17214482726755342,0.0723923278166092,0.17324558025236758,0.27179736611717686,0.13784818247976371,0.285695719742562,0.2390353114323247,0.15735157260095622,-0.47283763427576453,-0.7169785627649334,-0.9163158454961788,-0.9926132062255606,-1.1441635148382456,-1.2720088413654604,-1.3343449082470862,-1.181495981167961,-1.2540251349049747,-1.1059529880400216,-1.136930010658352,-1.0802980591712057,-0.9565566664618359,-0.7458659572665312,-0.5699313494551781,-0.6769139283553365,-0.7295751399843304,-0.33032935058989565,-0.27407854042009383,-0.17299870984418142,EMSC-20131225_0000062,DENT,2.6667
187,0.18267119112012153,-0.6861665832275028,-0.3497149479609476,0.00887729787024405,-0.04671073474532239,-0.13387149650144892,-0.11797279893078638,-0.1580906292246187,-0.18505062986807808,0.31863229255534264,0.06270110230212911,0.1463715979791802,0.3377532986651701,0.20423255681096109,0.37126341688146525,0.18934405355398098,-0.059616565217499584,-0.5615414765457789,-0.6749867349904397,-0.9037819757733772,-0.9308087255368642,-1.1175939842505498,-1.1473131977996731,-1.375941170718031,-1.1873747441820308,-1.0729416445568676,-1.0109267287777417,-0.9515425331565082,-0.7362611886193573,-0.6179672569110046,-0.34846598119102623,-0.17031514107237022,-0.015431366281310588,0.08998734140921805,0.38699662215221053,0.5884818934194449,0.7633254188307017,EMSC-20131225_0000062,KEMT,2.2857
188,1.0726584763318399,-0.5158360368966246,-0.4919775256217047,0.36350338565017637,0.3890204022976249,0.6661991063691897,0.45937966964107346,0.5148940032697977,0.7328940103682662,0.9957349124329307,0.5935506334227592,0.38196309474599843,0.24032828674120665,0.4170209833384,0.14003686385773317,0.1317302731649006,-0.056874924226299584,-0.27940466450188683,-0.10014925304230449,-0.2585086619338597,-0.41919277214355866,-0.5868548257101089,-0.6614529517720316,-0.8043402820488108,-0.9785299857976035,-0.5435540389340403,-0.7841134643478096,-0.8023945225252582,-1.0249894046802197,-0.83148100635999,-0.7693700728139863,-0.60989046135842,-0.6431054315274558,-0.41584538081181677,-0.17740394028394313,-0.007412251164730321,0.08844690920355625,EMSC-20131225_0000062,YUNK,2.6667
189,0.22298987210179266,-0.30162276765653306,-0.16590539360907108,-0.6423526712573935,-0.7191062660073699,-0.8303574640316151,-0.7680994482343877,-0.8173991094584938,-0.6030879302926238,-0.4390166445079089,-0.6741159483179171,-0.25125842947826804,-0.47847882117991425,-0.28976668478110756,-0.22589357261838572,-0.2501615251003724,-0.19510627338644948,-0.3471837500010766,0.106625912351765,0.13649147289039565,-0.0016061577560755325,-0.3825970725495331,-0.6216077549131391,-0.7658401600721234,-0.5505238399318984,-0.4950013241016853,-0.08825111464700264,-0.28807316829848517,0.08153219250216637,-0.09906775978026694,-0.21367300416357082,-0.19136478866183992,0.03477113144288424,0.11327779026263407,0.08213291523247968,0.1200378580099688,0.14014845508774876,EMSC-20140404_0000137,IMMV,20.0
190,0.7868197234866972,-0.5078732199039173,-0.2602371121847238,-0.5421735330401791,-0.6027848504117248,-0.7101018261983025,-0.7395998581744969,-0.8600387450587528,-0.9320844470142369,-0.7853626963659446,-0.31275061157420136,-0.5822834392728273,-0.49543999669322947,-0.4680313736373636,-0.2775216492180732,-0.2518223724905999,-0.15991678204490434,-0.4047841839204098,-0.35940459472324005,-0.6015813322753809,-0.5455258204150404,-0.4949630374468743,-0.5591781319301772,-0.590967732084744,-0.609720820580721,-0.39607041106858887,-0.5300828974929619,-0.6654916021748907,-0.6179592647550862,-0.30488817730637763,-0.07118486306475802,-0.09494447344131984,0.05192091614706662,0.21664020015043128,0.03808656691154155,-0.1179452467626465,-0.19694895235999965,EMSC-20140405_0000052,FIER,5.3333
191,0.720019467259366,-1.0942209132613154,-0.9271406870277374,-0.8640945562829447,-0.8107752717935073,-0.7622530161834717,-0.5978963339286469,-0.20370274227981433,-0.9772389836188546,-1.2493269945126624,-1.252559685725271,-1.3373489030213008,-1.156979065588911,-1.2613131043086625,-1.1904469086229694,-1.0881214032387092,-1.253246785719626,-1.0973078187945893,-1.1881910700543585,-1.141224160512536,-1.2012786491061345,-1.39134331489187,-1.048312502911461,-1.169822680861671,-1.1722070485586613,-1.3010140176862866,-1.1808642892646244,-1.4066171056763004,-0.9759112853974585,-0.804138805881685,-0.6740125832376744,-0.7896972957122355,-0.6972008319889635,-0.6195008530967367,-0.8980229884895632,-0.9039596754782444,-0.9056595649982864,EMSC-20140405_0000052,SRN,4.4444
192,0.5729172877392079,-0.48799475662252156,-0.371628243239428,0.23376595273290768,0.266308541116528,0.39412156932372344,0.919743748190541,0.9267033910703955,0.3122514901428728,0.009702439182166067,0.030776525426450263,-0.3294151110282826,-0.31227025959242205,-0.28756471939796135,-0.31802475816306597,-0.144614965984184,-0.02195931150752628,-0.04842964876140421,0.03694579900933981,-0.19261962488298323,-0.3807280993771345,-0.41573858984488066,-0.5111157575094296,-0.7765772914430595,-0.87384523950554,-0.8871771360606626,-0.8758604247786863,-0.7986463149050369,-0.6660519812045465,-0.5055387875973878,-0.501143656363551,-0.35745091838994725,-0.32935697671213404,-0.3267309481389038,-0.2536950705516663,-0.11898806632824233,-0.06418812666655782,EMSC-20140405_0000052,VLO,4.4444
193,0.1279245366284334,-0.12186058294213797,0.03326730539773948,0.41437255601566925,0.3180570708130164,0.14423299939774292,0.10653556774226125,-0.08026018216546404,-0.07244559784459881,0.6269946550214209,1.0816665827642158,1.0926611139832545,0.9050096876319005,0.6011698897048561,0.6392688568871314,0.6912359603174663,0.512984318258165,0.4490784164514343,0.251007732511507,0.20520276827127315,0.051972279546291134,-0.25503952196173074,-0.46889832911001417,-0.4183141851747525,-0.5005565754117622,-0.5822031467440238,-0.47656465615518506,-0.4609065930476408,-0.3166101273947888,-0.12339779742212187,-0.04495997475871327,0.04500910083149989,0.17156994608517806,0.24307976265288644,0.3159976607436761,0.3792548211840092,0.4575451480239323,EMSC-20140405_0000052,ARE,8.0
194,0.08542285077614054,-0.4814270173263697,-0.40578361232687854,-0.151202661247253,0.029565251669641412,0.44354897852929387,0.5598943170166715,0.34234871969373604,-0.3407144501397408,-0.4278090927332272,-0.5757350553337091,-0.49771247511842187,-0.020872228404373416,0.03409945862596153,0.1627256388135967,0.23670195423066342,0.210947258729818,-0.10816991301889445,-0.24700042672639988,-0.2893425291526013,-0.3359754953337113,-0.4881158990040344,-0.6349712800204799,-0.6887633287230042,-0.7218843108935609,-0.7070780225736399,-0.7245903326044534,-0.6995830738897713,-0.6147600393479689,-0.5261220057955889,-0.46991829702944976,-0.42308813266050116,-0.3241185406886462,-0.3073676136032315,-0.2325868491959735,-0.16975362186004972,-0.11404030410113997,EMSC-20140405_0000052,AVT,8.0
195,0.6103328930986587,-0.6325122215032764,-0.7714047991622763,-0.22977010850679136,-0.2462599227645761,-0.2180461186306939,-0.15494937636145423,-0.1284888327890208,-0.04265915253660957,-0.1286053001872478,-0.19621527402811267,-0.10853072651769757,-0.14993233066490852,0.1546332725695052,0.07513604822118047,-0.2998225940755983,-0.2634131255327201,-0.40043434842204206,-0.45010035328405884,-0.38866461041777,-0.5263541063134234,-0.523329126395808,-0.18210789018648477,-0.8761264863632814,-0.783508217519584,-0.9965101459618211,-1.1001255577504132,-1.1080477314288295,-0.9707159283492022,-0.7033359022724728,-0.991074350572287,-0.9807279481253914,-0.8564199869500602,-0.7996446123042613,-0.7742938476284031,-0.7946899315827842,-0.6896098389308154,EMSC-20140405_0000052,BCN,8.0
196,0.062868715751764,-0.21960081434570533,-0.05677866933675979,0.31599121276208386,0.2310886520138471,0.07132184982563583,0.03506295107893198,-0.14402237170859955,-0.13679224886590458,0.4219806476730428,0.8234701106557254,0.5945714183957804,0.6300828896677233,0.8352971259460844,1.0821339186885002,0.7362775486251207,0.3732956539680714,0.14859559672708578,-0.09440577827928731,-0.13296803310035,-0.18358053786423945,-0.25485054970650634,-0.5730190244915825,-0.5273267018002104,-0.47338690564596764,-0.5803665169927541,-0.5961617518222049,-0.7172449021091634,-0.4097528322520425,-0.11037314175323232,-0.06497472566798912,0.007539682606925169,0.16497203763937485,0.1853768444003112,0.29237172254239674,0.49880358617214426,0.5803140601103625,EMSC-20140405_0000052,BRO,8.0
197,0.5652089220623839,-0.7570566641145451,-0.6041177668324575,-1.463923750412401,-1.5359138631558578,-1.664460390650448,-1.6764166023308622,-1.7842260671375945,-1.7661543086049916,-1.5942391385778434,-1.5858357774914502,-1.5489138978294203,-1.0847049190366969,-0.8754405303051085,-0.7951004656465255,-0.701059753482526,-0.9708904460837227,-1.0020741091098513,-0.9440260666717668,-0.8956992195578577,-0.7408530311520991,-0.5643392561637537,-0.6453368454606894,-0.8993626281843552,-0.7587362987908666,-0.691383787078923,-0.7336532319431726,-0.7342152818960965,-0.5029695177794729,-0.31961784234824897,-0.2735908378091949,-0.2380697637564264,-0.25455494281100677,-0.4471509028340499,-0.3935362422725994,-0.5687566737533096,-0.5060505930189922,EMSC-20140405_0000052,COP,8.0
198,-0.12662867994366644,-0.24086355743919619,-0.11274612057202837,-0.7601471334633478,-0.8412857580684188,-0.9911429515555108,-1.0335306410265073,-0.9993563968438135,-1.1162508703684733,-0.6368461409096149,-0.5365808783172321,-0.14266406003383914,-0.30499573100857713,-0.05466242588051706,0.06868839831814277,0.00719204566201892,-0.11025053027748655,-0.2663273950218512,-0.07067201319735794,-0.11055656996830443,-0.06375469753543506,-0.016868164357832782,-0.23828367305861686,-0.0753855687104279,-0.1266247610510325,-0.20986504585793408,-0.263089369032528,-0.27066945303524115,-0.23865257492948722,-0.11653627096543673,-0.15028728459210328,-0.037786954472965206,0.09152262030281477,0.1378454130582174,0.21607921212087966,0.21302456036933215,0.17287464085296023,EMSC-20140405_0000052,COR,8.0
199,-0.24901737974559435,-0.5222802650805098,-0.35841545161407673,-0.7787573490717623,-0.8624060528815782,-0.9970758674347593,-1.0679924994642844,-1.0889307411449183,-1.3009347358560097,-0.7590924015387506,-0.36193440084785067,-0.4733115442438294,-0.16986002142131706,-0.35592082668183433,-0.31354965481992725,-0.36973963713961133,-0.36570996105985376,-0.3293913086150999,-0.6424601867025705,-0.8018459338412507,-0.8070396994814901,-0.6624719403628134,-0.8169909222823692,-0.9887147080774756,-0.7652939762878406,-0.5451975547147123,-0.41561092687917345,-0.39589222235528165,-0.3940971357683072,-0.3277227787338468,-0.22736531303073626,-0.1251388172159178,-0.036127543110989535,-0.07175499728291257,-0.15943874408384318,-0.1697049102531274,-0.1982190337828431,EMSC-20140405_0000052,CTN,8.0
200,0.052949668841524744,-0.7476945782440785,-0.6114152485455655,-0.018143292979374337,-0.08621880810037208,-0.16649604817988362,-0.25192407826232976,-0.3744927546980579,-0.28401789291139234,0.3330032991619456,0.07821115642787557,0.16589044158959343,0.13971340640287355,0.26932120559533423,0.12619935475981858,-0.1467191837733104,-0.35420568199724567,-0.47919126847127647,-0.8025823094511981,-0.7912082208967943,-0.948384895476587,-1.0541153706580424,-1.2135956021919414,-1.206139005277211,-0.9974946252061425,-1.1657426453883009,-1.182569923939612,-0.9920994696129943,-0.8896769076442421,-0.7974146246203198,-0.6941252701797875,-0.6408233805605548,-0.7083157648758363,-0.4272188710673106,-0.18747741471285195,-0.38893593208713817,-0.22359584164067137,EMSC-20140405_0000052,CTV,8.0
201,-0.3671784091060353,0.7115092512765271,0.822362820296398,0.18001223123160415,0.08869230445579657,-0.08695460877387351,-0.15680561449687413,-0.3990477584096501,-0.5333466624393521,-0.28779860120540235,0.03915267993134197,0.47022958852340047,0.4445400315446957,0.50882128100272,0.6918737165283844,0.9954498861258791,1.1000630028537897,0.7987769366248694,1.0638258989924791,1.148471458590702,1.0279130672176917,0.841167878346126,0.718670703563645,0.7727683551930893,0.9296104226177953,0.9597144592703906,0.9215052767719492,0.7136851660789274,0.7058181743919789,0.7495815014284073,0.8421536126256051,0.9003746045086274,0.9802906686383572,0.9788942585103779,1.0318269789425774,1.0975688776547496,1.1361389498924623,EMSC-20140405_0000052,CTZ,4.0
202,0.05299047874986318,0.36432146807048316,0.42813199004466185,0.5667173918580781,0.48549675280261706,0.32889340262178113,0.30443375826910213,0.09699548049074203,0.16151589441125846,0.595664022509923,0.45711791249994604,0.8185722055915958,1.106504620339018,1.2514733825228066,1.19576158435749,0.9163247818448221,0.7208140037027695,0.39345147409337855,-0.013058818270122785,0.014021001946487921,0.03323833204783799,0.10403658511716163,0.22773112651323313,0.09342275742871298,-0.05010139734220154,0.03653401572260773,0.16602962080139694,0.24692894676276733,0.3495605971989857,0.4617155379823803,0.4893148142415775,0.5370150446346891,0.6104297013254989,0.5980901130869842,0.6772966583049751,0.7340381389551194,0.7653316624077995,EMSC-20140405_0000052,FDF,8.0
203,0.06722652940305318,-0.7674162215176334,-0.7484932859934936,-0.12386343009711354,-0.2044776258865575,-0.3429510208133051,-0.35257741333306303,-0.4315956478403109,-0.3838579360727925,0.30332468945281743,0.1805817552777853,0.33636066117814334,0.5803851658418653,0.1957965768490828,-0.010746614290228607,-0.09934421739391652,-0.21122120340257755,-0.7179041106559731,-1.0792729965713486,-1.0562344653144873,-1.11636227907639,-1.01315509635321,-0.8345322192448243,-0.8408796651643851,-1.0911431659726762,-1.082833620847559,-1.1147639069285766,-1.138760417177128,-1.011258580253898,-0.8630463391987835,-0.8038721723999611,-0.8025995847773313,-0.6882896861053567,-0.6277896168020689,-0.4625436747754854,-0.32769596689427516,-0.2469102527336009,EMSC-20140405_0000052,GMB,4.0
204,-0.602475870032734,0.1500743601221748,0.3403619589597291,1.1216375749402427,1.0982028487364142,0.989796170508189,1.0262624941732046,0.9971382931375663,0.8475295103235503,1.2461451997509658,1.9338224762991358,1.0686509310798789,0.6791384038975243,0.2977304066700128,0.15853991217204833,0.2043227935431915,-0.047158391567581504,0.0496997497957512,0.23854177401105225,0.21667268554329588,0.1896899761435238,0.15767121182152266,0.19782091794814072,0.030015076376044725,-0.12067897512685377,-0.26186488704527555,-0.2784370758487391,-0.16868952669568493,-0.01054455182549674,0.08840206187906219,0.2483405118745683,0.35577586787205995,0.49932097190407276,0.5414685252932685,0.6449496863644537,0.7342320252378425,0.7906062685465187,EMSC-20140405_0000052,GTR,4.0
205,-0.1060411613672736,0.6498287748368723,0.8261656083258302,-0.2695243469830695,-0.34293743132133425,-0.4924587916123313,-0.5132963574705913,-0.713236047789418,-0.7753012553042433,-0.23724280221758853,-0.11937229369798708,0.1592852392759312,0.2970051992200746,0.21850672575626273,0.18163485277559044,0.1692874980245902,0.3067407898159873,0.676520937723744,0.45358371381256113,0.6820025448244831,0.586288463644931,0.5301555965021789,0.5616694497853034,0.7241613546359513,0.6419208128952905,0.7666160401728277,0.8772581045975469,0.9855797332055438,0.9428611028288287,1.014346561407339,1.0760203944783857,1.148319880559706,1.1802394817954056,1.076462894889012,0.9585185567809127,0.8939785591952134,0.8361279744295604,EMSC-20140405_0000052,LMZ,8.0
206,0.331789043971884,-0.6112717549211517,-0.5380875449272349,0.2913042906989718,0.3344571703209036,0.45541321316319827,0.5951142955829747,0.8436728246527032,0.5324441226092409,0.21165256451102898,0.314695350768484,0.4369757517672852,0.6109223412875506,0.40711499500712023,-0.059227109433836134,-0.1595607170829183,-0.4809574498646798,-0.5167938776350383,-0.732817725170138,-0.8007653631956453,-0.8999802529852783,-0.8446586054918424,-1.0489177705996777,-1.2006770509273021,-1.2511863177334206,-1.1069321616517485,-1.0592449450776442,-0.8776003968399575,-0.8253838852969295,-0.4573846049895831,-0.5505786039403304,-0.5375240898870874,-0.46239080711114156,-0.5037696530658167,-0.2726298073332938,0.040929081878815055,-0.08168950941664654,EMSC-20140405_0000052,LNT,8.0
207,-0.2754838469353933,-0.0333685143695126,0.06449771072713872,0.024591907227617504,-0.06834376191775426,-0.2392504314382986,-0.28085328392877695,-0.22800398734163707,-0.095455125426815,0.39927289525187826,0.6091462182814724,0.5345743442119124,0.4783900494517326,0.6157498481933432,0.7508971887463911,0.7591212227439357,0.44650040820476544,0.4247169555635528,-0.02836809205187496,-0.2964552979873041,-0.3691140500329464,-0.5097104254196596,-0.4442524807215671,-0.20322818934082587,-0.12909189575873548,-0.13522033364760677,-0.1279668339751625,-0.16524909288502077,-0.107815320625825,0.007215435360601319,0.06317171352903905,0.09094578185015223,0.17218008286858577,0.19661336463734003,0.3038743391487557,0.4274863232017676,0.4908152522710534,EMSC-20140405_0000052,MSR,8.0
208,0.027452036747603437,0.5728642928617989,0.5915598292704898,-0.2407476588683819,-0.30433123361998593,-0.4265350502350005,-0.46023528156925764,-0.3203209846414241,0.10264383588100934,-0.16524853337011614,-0.15709426108343294,-0.05526321165220072,0.0015174622882998534,0.18609302752376777,0.3214145783865119,0.33932767682943954,0.1696448263914485,0.21961682537594385,-0.04942410593513369,0.18304094760950296,0.22521352745380607,0.15882339523363598,0.3676998308006061,0.6321418516857316,0.9004054562737664,0.9355695142507505,1.1034719734006346,1.0472220677019326,0.859476443222678,0.793189673615526,0.6910537726068711,0.6586370740660925,0.7128501703051029,0.6675609082201497,0.644006903000724,0.6503530151741472,0.6415059638903973,EMSC-20140405_0000052,NCH,4.0
209,-0.01384669649883552,-0.45480259473409124,-0.2817309443885314,-0.0176642570240908,-0.05193081106666675,-0.13512406884100958,-0.19070520631283827,-0.009966637819725399,-0.11563191400169615,0.06781849808841311,0.14083411679989322,0.3153578681628284,0.11413297823076007,-0.24515463811369198,-0.18542229155223744,-0.2804028000987415,-0.4209400285108833,-0.343111273842716,-0.6174250559654029,-0.7565731591542617,-0.7068360909867195,-0.6400164066004148,-0.45232773155598505,-0.47523263611667055,-0.5727653252320062,-0.6915522476968299,-0.7790155041892675,-0.7121673391722361,-0.5814643282252554,-0.35901071496254033,-0.23384303503849502,-0.15247972082278416,-0.06350661899055865,-0.0700024898303866,-0.0070806326740893155,0.007795307504322224,0.06480930741817126,EMSC-20140405_0000052,NCO,5.3333
210,-0.8523604183056683,0.6682967338862458,0.7313322661862962,0.45420479200898356,0.3594897930277332,0.17306107529134707,0.09523288358986193,-0.13175875676238302,-0.20375951494556332,0.15243299918570852,0.31708682334055194,0.8069395774031713,1.1899940886091729,1.2654794439835335,1.006028154991065,0.7126984535752161,0.6762036136000393,0.43764215080175184,0.21382182061216692,0.22233866577963912,0.2789958701386057,0.45773337776464373,0.6074014383968569,0.5579380018350077,0.5919342877515543,0.6284431304433316,0.7536638739466186,0.7296099373908111,0.6528996874411774,0.7223546937880343,0.8078850465540199,0.8796471523365508,0.9547732461831728,0.9434489567115261,0.9829727189618751,1.0384560292805514,1.0700477568059377,EMSC-20140405_0000052,PLT,4.0
211,0.22420040487562298,0.467915067405257,0.5890597025463169,0.7590632801091415,0.6936249948774886,0.6884290349669016,0.858985308849558,0.8748360463274354,0.8343226018148107,0.6603614197939898,0.7339611755460673,0.6517641904428615,0.7344895497234649,1.1112533207938116,1.2363832098809882,1.2954090561365943,1.1060765226173173,0.7880649720194199,0.711752240972169,0.6668504067801342,0.5617029579965545,0.3617172800453172,0.2161813994395878,0.4757424125835099,0.19278164695035294,0.11167235485357807,0.3321008417692983,0.2046935494713935,0.3701652222761158,0.5316219775449618,0.49573546669213897,0.581468462710033,0.6814301116476909,0.7576447920474347,0.8560141110016399,1.0149012544889917,1.0396131991574524,EMSC-20140405_0000052,PTC,8.0
212,0.16874489566626893,-1.223923509614945,-1.0699911880139332,-0.9975112189800992,-1.0617770459477969,-1.1613012800503109,-1.2457293621364416,-1.2830687794445526,-1.5789242657411853,-1.2322437613834873,-0.7098384219564604,-0.580452499592047,-0.2949746236634514,-0.4987318438350057,-0.8463146334547984,-0.7677664264132931,-0.7083123823456212,-1.002986903875163,-1.231184549875774,-1.2309820408581436,-1.2829802667076766,-1.287802866937855,-1.4258538051002931,-1.5494902718706545,-1.5584654875056803,-1.684279178496686,-1.5759139403544467,-1.5103412704466717,-1.328793149419095,-0.9583690328181635,-0.9393895495213496,-0.8909413083741793,-0.8557283617479747,-0.8198279813935478,-0.8143903260203302,-0.7525577266419408,-0.6563950745621696,EMSC-20140405_0000052,RCU,8.0
213,0.356889838966028,-0.5072291679508716,-0.4439880608698097,-0.5301568804529628,-0.6090007000573552,-0.7713410886967313,-0.818056137924704,-0.9662227658284133,-1.0257232809605163,-0.41915746330761117,-0.3644033585127877,0.058299445682186146,0.2158153728282004,0.12633149780750763,-0.10321683512294744,-0.2568330503899583,-0.23363765068769649,-0.236773089081308,-0.21934688713104222,-0.3838498959580825,-0.6072235219912585,-0.7117232464940537,-0.7938399677455923,-0.6203035991068626,-0.5628152431249767,-0.49124997445466256,-0.5663429772226163,-0.7048242942063716,-0.7325244939809004,-0.5254943793092952,-0.44687522830119164,-0.3536873371579272,-0.33030836652256745,-0.34662528590762776,-0.2819531217128741,-0.21081763653933372,-0.26872506612243185,EMSC-20140405_0000052,SDN,8.0
214,0.14148286669400756,-0.7437700028026422,-0.6804800626790328,-0.8274878019170204,-0.9118424732913812,-1.0813279332427799,-1.099371953911997,-1.1169657967145135,-0.9622716213501068,-1.0248028466800072,-0.5195886648004837,-0.2845741060877467,-0.24163107802028083,-0.23204409617567912,-0.13597847341938785,-0.28377877471297097,-0.19951615975490178,-0.2748505093798901,-0.4614191151198819,-0.6410461356335686,-0.6090409096876837,-0.7406176558072373,-0.8666839122198695,-0.8386473545619806,-0.9069579686061342,-0.8428047566627486,-0.8500300256992821,-0.9037024718151132,-0.8249449178995221,-0.8330748325663162,-0.7950733093443922,-0.6773945931708028,-0.5444390278767912,-0.5125739315635123,-0.4779312864579115,-0.4336447571387936,-0.391999049501651,EMSC-20140405_0000052,SGV,4.0
215,-0.20521387103458588,0.4597323485131932,0.5672932851591446,0.7850572414266077,0.7170439007115395,0.5944081608388445,0.5238325193612097,0.3638674541894047,0.3536007236653331,0.6705419505439947,0.8834857240109595,1.0444589029672202,1.1492029236077763,1.2369767748473381,1.120644111103387,0.9691973363543305,0.7308082595679966,0.3847757045256319,0.44249419648777355,0.31732425275320697,0.35340265565257933,0.3056100344521724,0.30222843146351774,0.21652825398516917,0.13307248999906207,0.18556000524976035,0.20488520068812566,0.2070499605304743,0.4162423331757301,0.4933330403561129,0.5584313350353955,0.635674513078575,0.7367960036975578,0.7738758811388493,0.8844919215472746,0.9928274001886788,1.0883696722070155,EMSC-20140405_0000052,SLL,4.0
216,-0.05735863362984839,0.224078764473707,0.2541048426203414,0.566574526292289,0.49342830116737524,0.386630196684008,0.3530456341683488,0.15068753281010938,0.2545738163186071,0.8408244783316325,0.9741727969289569,0.7526279880237112,0.9636102976704644,0.9879915947472258,0.5267884281077624,0.6734373949506525,0.6237890677943767,0.6716839648588646,0.34732362304709596,0.2270245406091851,0.05690397772503619,0.12244677207544274,0.08954092620623921,-0.09529591569442442,-0.027435868724307255,0.14807678939413815,-0.04550458101192234,-0.032996428687688706,0.00905278114284691,0.08522834596791107,0.09933524818077188,0.21290139620288429,0.30283859260024215,0.3789357073406787,0.48307427189330276,0.5486337700463348,0.5674381349985058,EMSC-20140405_0000052,SPR,8.0
217,0.028125776585325557,-0.5623757161509406,-0.44782882053024586,0.14026175544690656,0.0803745750164504,-0.0286662829213995,-0.07355344793822649,-0.20688159725892685,0.3094885539657257,0.3879359493319354,0.4836820225877507,0.35096947754423535,0.42319063952960523,0.252438517649928,-0.022754268114423937,-0.3539068945550756,-0.39564514263720785,-0.5432446076765034,-0.8649083297124873,-1.023262435809392,-0.9241706406871515,-0.7687448627038762,-0.8750005508407463,-0.8578592462058348,-0.8214182641569501,-0.7569513227877627,-0.6435475872397545,-0.7739641522221499,-0.7950066682693997,-0.6250374768102915,-0.5617679559960091,-0.45060300573680934,-0.3225635471076931,-0.22010153080166894,-0.062207360022503266,0.09413090832150495,0.18984376650094603,EMSC-20140405_0000052,SRN,4.0
218,0.09301255425671329,0.015474456331298292,0.02256731500203557,0.3874984578257088,0.29994179070030746,0.12677996513009937,0.0834314692119067,-0.025666428534320218,0.31112111189826575,0.34638664388515217,0.8946960862028277,0.9341862816277207,0.701932311358286,0.930055024091847,0.9964294102723743,1.1459483031994306,0.5546662157662263,0.46696181150605565,0.3832019198159813,0.18683604880797855,0.018558317109802935,0.02519617779591954,0.02739429755406153,-0.2866944613472615,-0.23526881244913245,-0.17356840418892183,-0.3158439317233217,-0.34817109057494733,-0.28118696731298876,-0.18466017663844347,-0.18370030534028992,-0.04258592248161008,0.04796705213028751,0.12115088420171105,0.23624188948879343,0.3502132828771707,0.40857882221302866,EMSC-20140405_0000052,SSA,8.0
219,-0.4838381459110379,1.3470613901905422,1.5667359696972536,2.6846312240472754,2.609574425103033,2.4801181357055597,2.429603183324799,2.368455760461855,2.4923929455818525,3.3792671588359506,3.229000859185581,3.2908554816885065,3.2145983957004884,2.8258924826334693,2.5236446069192744,2.269116812011328,1.8984521576308238,1.2134269904388635,1.0548931765627065,1.1063171410639319,0.9796966139752907,0.8104752360470053,0.773820967872819,0.7556601171205681,0.7745475320269763,0.8029131407699035,0.8377579197653606,0.8673329596797803,1.061953147537734,1.3171030447563972,1.4975901887412473,1.6833442755652772,1.8275598886241955,1.9242897151775598,2.095191207720479,2.249318869812649,2.343078140957372,EMSC-20140405_0000052,STB,4.0
220,-0.024391050208214526,-1.150408667537853,-1.0427732722347347,-0.19105601157336238,-0.25512300899502627,-0.37662140850447745,-0.3599111467373133,-0.44936730048115425,-0.5531983511462633,0.3942076720071048,0.4338835112135593,-0.18466209113983378,-0.3390677274950189,-0.4608813971843162,-0.6867218286456387,-0.724416628247992,-0.7761224168416749,-1.0802407249645372,-1.268013611218933,-1.271857216218507,-1.104707060253328,-1.3254727677523617,-1.1694448792236196,-1.1848678111955726,-1.572152679317261,-1.5150567010523748,-1.4092992545986167,-1.4123544025322214,-1.511161787894146,-1.3005788544960275,-1.0859972657629342,-1.0387549802946765,-0.9445080317789287,-0.9404570228382756,-0.7542967891601133,-0.6380424984880158,-0.5722283570307365,EMSC-20140405_0000052,TOR,4.0
221,-0.03322862350987377,0.5292460574131432,0.6061744752838845,0.8264833757013994,0.7718644654452671,0.731891064346649,0.9693733909673794,0.7473518593537207,0.4556452395142534,1.3055754255189473,1.329679455116744,1.400820465787124,1.1610660302236218,1.3474954786204068,1.0389850580574178,1.106245770547071,0.9747205675497161,1.0755254037228896,0.9955942845907755,0.905038746341547,0.9182092085285793,0.6125759353158706,0.30395142675111586,0.23796992320613608,0.22629105386339088,0.21733173885952084,0.17613495690859793,0.21677322603697213,0.3457417410262078,0.47727211197730135,0.5573518252169531,0.6228746004908636,0.692435956691563,0.6918302237670524,0.7757224879792499,0.8643273880005662,0.9237719117725245,EMSC-20140405_0000052,TPA,8.0
222,-0.29323839881162783,-0.33921077665575794,-0.17178933287297227,0.08628813748565811,0.030615679985622535,-0.04146440819434272,-0.09657700965633342,0.010295675928759351,-0.2633420521421126,-0.457675346124236,-0.47070089070328436,-0.23744356171155,-0.0346442166861749,0.37199498603302317,0.6473425303787161,0.8175082809669973,0.7283794524497784,0.338383786145096,-0.007665023928193904,-0.11012044394393694,-0.19556784607906597,-0.38851091706672225,-0.5180340442311246,-0.5658169921294958,-0.6156496112842618,-0.6531018263990962,-0.6769474276437952,-0.6694399177048096,-0.5351490727104942,-0.35313576780434985,-0.25068572666942224,-0.13391086293085763,-0.010126729331465967,0.016504865075342323,0.15261749328366925,0.27014436057523916,0.3280543506041358,EMSC-20140405_0000052,UGN,8.0
223,0.011028157837736696,-0.1942089924037136,-0.11657270914693107,0.08420065280110833,0.018077353010663266,-0.0756385423425261,0.037611478803736276,-0.13164103935183302,-0.2668786996428958,0.3103194196908632,0.6678976502062888,0.8654556519900387,0.5194734633886045,0.27563251548406065,0.27751925782030096,0.4551296651387755,0.2140908294165449,0.04310425911413507,-0.2215434598067203,-0.152820842641753,-0.16792626427790758,-0.39249919141510414,-0.3978939510954733,-0.1530840976443164,0.017790443079078067,-0.1943741501802112,-0.37542718147073106,-0.3717669179682437,-0.4424911855628242,-0.381937696878655,-0.20502407505868092,-0.2318917738019497,-0.05042747363202871,-0.006119300393942595,0.16249344234351426,0.30354707738901965,0.3785998958480441,EMSC-20140405_0000052,VBM,8.0
224,-0.17035790047707478,0.051906176475193355,0.2990940041889374,1.423718762449366,1.3666845004893977,1.2313420099535577,1.321085737585463,1.8160352624609999,1.7473388471433724,1.9728182703995567,1.6831828236997515,1.1477388179967227,1.0441529417367397,0.6851418236867532,0.4019569454859937,0.5720884243807278,0.48461740765278893,0.2142437818749361,0.1080936289611163,-0.08967288168989729,-0.14234398669491988,-0.15001367682998712,-0.25096570253249784,-0.3597151670363452,-0.4084203185212294,-0.4470816472871757,-0.48505404808844155,-0.4411144429012248,-0.1802647440493086,0.029953054665107004,0.19301544532887682,0.363322334365332,0.5135312451622145,0.602368983807505,0.6630608204916761,0.8208219848210163,0.9060418370061125,EMSC-20140405_0000052,VBV,8.0
225,0.15161522699428565,-0.3976046044146262,-0.21973100524197875,0.005825642442872869,-0.052325219268735346,-0.15948588755962767,-0.14722369514640476,-0.2477719545339001,-0.26464136739898514,0.30806012900571744,0.3339567282536331,0.21217905444403762,0.02614584155978239,0.38341006892033125,0.315150343921867,0.19810594706545004,0.06120971352092397,-0.016588377766674434,-0.07096856424247999,-0.2123341688870939,-0.33684466007346714,-0.2531629234052515,-0.4001530464714538,-0.408325110641826,-0.6164148007273713,-0.7875502126271998,-0.7697507445179665,-0.7931472999155034,-0.720793880514238,-0.3601630184454194,-0.244250019656155,-0.16415092257397035,-0.012031611921919705,0.05369539623020003,0.11546168915558397,0.18456421596155081,0.23936966221959466,EMSC-20140405_0000052,VLS2,8.0
226,0.2987507837333818,-0.5404074811868966,-0.6636995796268881,0.8126999261747905,0.8077133503078784,0.8206078804140367,0.8428554356190432,0.8377836683723414,0.6836203813170609,0.9466292186907976,0.8271711681949956,0.8279471058799004,1.1316077147755061,0.9353722372243531,0.7263627060742586,0.6911123324098805,0.4602107425652937,0.0663467379474536,0.1749504347176467,-0.16527060746959954,-0.3330249326600683,-0.3338102561211711,-0.6404715879440559,-0.953398296555954,-0.9320556364813655,-1.0868533113583858,-1.1578453250649492,-1.147546218435055,-1.263640961368461,-1.1098240971201179,-0.895351836036431,-0.9359386719934264,-0.928764085085314,-0.8527564005018604,-0.7116961355786913,-0.6073432156102463,-0.523096383012053,EMSC-20140405_0000052,BULG,8.0
227,-0.3934260944185204,0.3045153164531351,0.29019358712919185,0.12938971416313905,0.047030493680344065,-0.11333858322822454,-0.13449188424685143,-0.3903702501245512,-0.48662076671774024,-0.2063780662904593,0.02741567487329455,0.46092228442066485,0.8597509952087536,0.7968941728691021,0.6304215832463607,0.7407282700785371,0.537085807606295,0.31037209668022214,0.3049617421747728,0.2866308604469321,0.22389368295549072,0.2741291397521701,0.5209157617369593,0.5179294664613341,0.20342345046571353,0.01899374187040337,0.08224038938028322,0.17235972658654397,0.19498745310446708,0.29609766087084566,0.23237000114239592,0.25543456304177603,0.3356387559920293,0.3728656041058347,0.46057534039008274,0.5203054160787186,0.5511528569559552,EMSC-20140405_0000052,CAR1,8.0
228,0.3545615154025272,-0.5677718497397084,-0.7156448451633697,0.8606296310504113,0.828044776106422,0.7735125486340735,0.7897636481022436,0.6511914240437902,0.655761331771644,0.9223956399337911,0.9071917362480768,1.0926083392506358,1.2334392401997283,1.2670891884424291,0.9665736713786632,0.5915436743283573,0.5141668399619173,0.1474361240108264,-0.19280085515246803,-0.3656143363846258,-0.6178150274079854,-0.6275298668167135,-0.7217713607296137,-0.9152765776988261,-0.9879025898952829,-1.1891927187890623,-1.2902076303162922,-1.0990089180764375,-1.2537018592896967,-1.2709296735580953,-1.1374153910360736,-1.0841796894645022,-0.9500441107384088,-0.8451944413136374,-0.6762355932378643,-0.5062805821044147,-0.5569261297596189,EMSC-20140405_0000052,MGR,8.0
229,0.2857332553006935,-1.117841218890307,-1.075960271717733,-0.8817443178199911,-0.9711331796491178,-1.134146997061892,-1.1969390302763188,-1.3333427830394378,-1.1764428513332081,-0.9432578428382019,-0.6869213870767368,-0.7607823310215176,-0.3929036991928454,-0.28673034267991504,-0.31513807413139006,-0.3099806546433248,-0.4621597366600767,-0.9975899423207917,-0.9369579187353434,-1.0199793160087838,-1.0612314577562207,-1.421004219623847,-1.2733437302470128,-1.1756629249871935,-1.3498251083498847,-1.4360480383521512,-1.5414930421527542,-1.406776160713875,-1.1996578490662113,-1.1563771412763835,-1.123848434363948,-1.1166551641616742,-1.0010805939044793,-0.9880128535391695,-0.8748771723976212,-0.7007462184345652,-0.6582829961416525,EMSC-20140405_0000052,PLAC,8.0
230,0.4132020948183679,-1.4979270973697023,-1.4370355415882479,-1.7182067718560994,-1.7883973267921993,-1.9342741208552185,-1.946953156528183,-2.081604998043482,-2.0772235788977245,-1.890480991857963,-1.4552835099304895,-0.9140334454406576,-0.898185296206341,-1.1442431017895434,-1.2804868139217591,-1.0134861694907729,-1.107811214203621,-1.164269496773981,-1.4651715100611913,-1.467354257190621,-1.5059643355060688,-1.5323923281750451,-1.552177607270501,-1.5901049101622595,-1.5307786911689316,-1.6864380485322243,-1.7912008829588846,-1.6291573539608208,-1.516471027480291,-1.3888081376808135,-1.2475208549999817,-1.2926682719260896,-1.2972806213527104,-1.3573108644168332,-1.3940735285047037,-1.1547967510888455,-1.2784205213044437,EMSC-20140405_0000052,SALB,8.0
231,-0.37411789155980335,-0.3361626539137923,-0.2297590840278172,-0.788101358340942,-0.8795394029423411,-1.0392737828089684,-1.1332398932357677,-1.2327000808704751,-1.5035262029292378,-1.0834370654879404,-0.6402801886834455,-0.575632163663732,-0.6090710429065957,-0.15370519764192458,-0.05451045788363018,-0.05841698059219702,-0.19471707724500398,-0.06707015398553562,-0.07553767999858074,-0.11064712662199039,-0.08906202127727347,-0.16659774607124955,-0.1566611195977492,-0.1918163703707645,-0.27895387937514915,-0.32146544230819174,-0.30284972681399136,-0.32055334331360186,-0.3985246770752564,-0.41155998680084593,-0.2690426617245265,-0.1832704356644701,-0.06849660138886016,-0.030949685879761546,0.057809873389368605,0.11371377082087264,0.10678517766574203,EMSC-20140405_0000052,SERS,8.0
232,0.43858664894553856,-0.7559969811639053,-0.7217819506544192,-0.9504884834818004,-1.0412674935547583,-1.2061983856632192,-1.269126035262893,-1.446988029008482,-1.5358512128652908,-1.0945142723336385,-0.7412158888371598,-0.42460562611162267,-0.07819781772584733,-0.06163776750750749,-0.3722739044312844,-0.5164247728295619,-0.5295242457212064,-0.6625802692456553,-0.6735187555458788,-0.842833963002577,-1.0046356408161126,-0.8564498160919713,-0.9624163751348869,-0.839676759322078,-1.0623729359196101,-1.0431742570469016,-0.8970110748572804,-0.7265401648271776,-0.7927879560102777,-0.7032802377255827,-0.7559857568033905,-0.6270792893032784,-0.540098634615978,-0.5038803667087386,-0.6951349081986784,-0.564705809478653,-0.5789732436310402,EMSC-20140405_0000052,SIRI,8.0
233,0.44392974072976665,-0.904542949352896,-0.8571337034199367,-1.4566125144445978,-1.5497438682190445,-1.7155599918112259,-1.8014080469932257,-1.8464827646817854,-1.829135175510582,-1.4759401123777192,-1.3584313608748353,-1.0768618437901845,-0.9313155562500581,-0.5802216654932879,-0.7078747504486813,-0.6018729204135616,-0.7483759965580985,-0.5501004255587789,-0.6912244620368169,-0.8334147275210704,-0.788595178995843,-0.6743637036784591,-0.9519095610193968,-1.205430959278651,-1.2083970982880192,-1.0217674046244465,-0.9768434000279846,-0.9233642588177595,-0.7502939643990558,-0.6617192466917761,-0.6490084569927692,-0.7645470486447383,-0.7497253796165282,-0.71516829168187,-0.7658258230755361,-0.7857186591022227,-0.7316066167840347,EMSC-20140405_0000052,T0701,8.0
234,0.1256015341428962,-0.5029795092277105,-0.5327562792179261,-0.22676813870486257,-0.3036119090164515,-0.43711221314811155,-0.4932547359640491,-0.5717157551268253,-0.3448407354606111,0.15085936344741935,0.13223599568563937,0.2530247325982593,0.40989386251212157,0.41605626501098136,0.356274125306693,0.13882630959559705,0.04783075650593993,-0.2136824652866265,-0.35030831898150794,-0.38765682276712976,-0.4117401732855299,-0.5118723603408037,-0.5846042889548082,-0.8511730831795372,-0.6107352669974908,-0.5749378027593899,-0.7347228863382398,-0.7479156068110644,-0.7226083529558807,-0.8116803569286422,-0.6524733864886585,-0.5881376784054968,-0.524406747988774,-0.49540096884136453,-0.37527667977862933,-0.27825264828863006,-0.2896921603446252,EMSC-20140405_0000052,CEL,8.0
235,0.4228411759265085,-1.113086876409854,-1.0310868971589873,-1.4009388179409088,-1.4665672298010648,-1.5173017658063,-1.5006750767920938,-1.2318264178254719,-1.3832237112280987,-1.63378776660422,-1.279770397874536,-1.0445483866133953,-1.0430184508152864,-0.8657723970556024,-0.7105936808792075,-0.7082045475243737,-0.5653879661283883,-0.5616233570889833,-0.6617600449980285,-0.7403642017299434,-0.7161995987935459,-0.6512936935107838,-0.8716853614422231,-1.0128455840109343,-1.07141032535975,-1.1134556251914471,-1.0408056292913113,-1.1220702396857547,-1.4180809538781354,-1.358439874634728,-1.1898411418918418,-0.9212621901512392,-0.6954017984882519,-0.9075353442793297,-0.9043838545579668,-0.8415159840240172,-0.8625062489559863,EMSC-20140405_0000052,CUC,8.0
236,-0.08989783451006206,-0.9671713339356787,-0.7813318480347533,-1.760502212976366,-1.8585947313287994,-2.00462069049024,-2.0809848248312575,-2.2122212641782797,-2.2596305341397116,-1.931674381771118,-1.8619312362007605,-1.1790968748074269,-1.3313042705691327,-1.1264213084344048,-0.8605699683747332,-0.96553981615497,-1.0507241868226442,-1.090425553087698,-0.9219678545737287,-0.8784281818200972,-0.9036398657701579,-0.9185100054574242,-1.0125656907938332,-0.8212077874012831,-0.8182374314797318,-0.727777087995884,-0.6480552742163024,-0.6536038073209145,-0.8895279728673415,-0.887988904829232,-0.7014583198649884,-0.5897219040826442,-0.4572397625788174,-0.4487077864367457,-0.48141308326501786,-0.4910645665783058,-0.48043157485118115,EMSC-20140405_0000052,TIP,8.0
237,0.5454262470508779,-2.686142450556442,-2.6535471546540794,-3.259733035334741,-3.332746657229788,-3.5114663918815854,-3.4617201307948946,-3.6043112535980883,-3.473196106481745,-3.3537335353815028,-3.0459253196360248,-2.7446959352367095,-2.6958444799538546,-2.6933792217432497,-2.6798002423947587,-2.394071186738824,-2.3850417402059767,-2.597673527522847,-2.8089248056366465,-3.0889479973472653,-2.9831172754889135,-2.8351423395458593,-2.9012587078724135,-2.770103845576947,-2.6195969563109145,-2.499266509814799,-2.3508675506433363,-2.531752481339396,-2.7748898924084546,-2.331438233094657,-2.414078084898165,-2.6199382503915416,-2.543722116509322,-2.565343098833708,-2.607563013078929,-2.582900780546561,-2.6054132157016685,EMSC-20140416_0000102,KSL,3.2
238,0.09506025815660513,-0.863495402843732,-0.7392115852441279,-0.10148224263345096,-0.1684047388437433,-0.3287009098841924,-0.3736620458983264,-0.35898585720835197,-0.007649105299153192,0.08996021848698632,0.03104699546596379,0.15988996549743018,-0.12474993207728602,-0.2794258616988188,-0.3224054862123804,-0.47943049002722926,-0.2879666620443029,-0.492306494929724,-0.737552388562305,-0.8892303914336166,-0.8194902564909423,-0.9313363730843189,-0.9400484718190985,-1.0533385998812577,-1.0842706647317577,-1.279636113456652,-1.2928892413565922,-1.171423850121288,-1.1210718156045445,-0.9988158956285655,-0.8728857059176356,-0.823047618358677,-0.6324194782173311,-0.5882622360009186,-0.44820122775093196,-0.3336120382471197,-0.19692919288567268,EMSC-20140416_0000102,AKDN,3.2
239,2.164302862351355,1.862851487077366,2.6947611994506584,0.44685253921103296,0.49090225144528077,0.9907698940897891,1.2195875744613396,0.7590597225701465,0.4481788262019233,0.26846871680101714,0.414572481185699,0.6700529502128916,0.7785669982809207,0.9317705666083835,0.8217995785391619,1.0652906886938052,1.1407927402088696,1.1561175269072166,1.3335962708907054,1.4202900995062322,1.579642226574764,1.4830161550259557,1.2760486300554064,1.7131286507173495,2.00589003851624,2.2981848795984394,2.33323615256662,2.297710901674648,2.563737745233137,2.9929386120247834,3.385916996284788,3.602683648008364,3.7806722343604537,3.8239503776955477,3.7939684754833536,3.7937790659848076,3.792794333459817,EMSC-20140421_0000049,CSS,2.2857
240,0.64098796472623,-1.546581777086761,-1.5180491334545465,-2.6492764963140596,-2.7533585706804464,-2.954450749319717,-3.036078104757057,-3.211101587811765,-3.278506132280544,-2.7923067101818075,-2.5920053903271647,-2.343018413330401,-2.0417373876538463,-1.8426085001650891,-1.845240571450777,-1.7769615408770214,-1.6040295534201672,-1.0044896551941571,-0.9930212196320092,-0.9772232006447013,-1.05840915022367,-1.1262613118779141,-1.2827704463400176,-1.4563436372160048,-1.4165543176143274,-1.252349633660005,-1.4709803259950522,-1.489721587158055,-1.447985691977049,-1.493337384925681,-1.5025747349897216,-1.407197209187487,-1.3422610683873177,-1.438169772266642,-1.459918279297801,-1.4520247603935559,-1.4532682906280066,EMSC-20140429_0000048,IMMV,8.0
241,0.40899582308585547,-1.3792141350882892,-1.3695054782857987,-2.1000147379053553,-2.1856716140191867,-2.3370499219937617,-2.385401125405221,-2.4588157679679457,-2.4149608894774897,-2.182176569032001,-1.78468686207572,-1.4787008344856911,-1.411727878857545,-1.4224946917636494,-1.7132690336177578,-1.5172807251325304,-1.2642189898399856,-1.455690146415333,-1.3257321795586714,-1.4167449229414304,-1.2931960464754182,-1.2037576786511837,-1.4070625541147992,-1.6280811167956983,-1.236782171749721,-1.0973605378440112,-1.107546910257044,-1.138814037421886,-1.3518921432427415,-1.3087529374830211,-1.2468284906097082,-1.2521037739977778,-1.2294984338701287,-1.316775940854523,-1.320935842246488,-1.3250971665136664,-1.3194248996177915,EMSC-20140429_0000048,KTHA,8.0
242,0.4024790115377459,-2.170331201960538,-2.017510466293679,-2.4979665410411203,-2.593619992498005,-2.7712210628440355,-2.793912053546414,-3.0090439826021314,-2.894158295111219,-2.6210906519483395,-2.2614823095558263,-2.1080796449616175,-2.0910336118442983,-1.8194929695288486,-1.659053712881395,-1.517327712700788,-1.5678511189146276,-1.9897762816905864,-2.0818469488278737,-2.218567661795923,-2.228172755481876,-2.2194530880090424,-2.2382171276514065,-2.28920988095532,-2.149762768081364,-2.2360520575113023,-2.371505807860518,-2.3131838892863037,-2.0461688444473403,-2.063528286805729,-1.9532381985171678,-1.8125118779679692,-1.6713433796667658,-1.8116477837854177,-1.7784386612805712,-1.7335460724297924,-1.6870640044641139,EMSC-20140429_0000048,ANKY,5.3333
243,0.6478505418332579,-1.5691665627828364,-1.5622241447254872,-2.668627288540283,-2.772777029502943,-2.9740160128822017,-3.0556973723991527,-3.2306937545369525,-3.298097432565072,-2.811764920478087,-2.611154923059029,-2.362104730809019,-2.0606997550473434,-1.8614100982621693,-1.8640786201434283,-1.795597427997409,-1.6227359773274292,-1.0231060120295963,-1.0115606185274002,-0.995646371538319,-1.0769024860070173,-1.1450237516219888,-1.3013946997548436,-1.4754577748177535,-1.4359904414408229,-1.2725390458602224,-1.4900140554254016,-1.5141351785847483,-1.4703941687991335,-1.5299967919816453,-1.5447791090109746,-1.461867506693812,-1.4061143565624583,-1.5094171407608155,-1.552980493953811,-1.5294223320765212,-1.5298210186701287,EMSC-20140429_0000048,IMMV,5.3333
244,0.922639379347951,-1.919983924416199,-1.72352592779888,-2.9116820808437023,-2.952030414063012,-2.92477795298546,-2.8242622903434347,-2.9008728887001736,-2.929808755019354,-2.841566915245826,-2.7192175108414913,-2.3640231106245766,-2.5951492933381832,-2.4191560015365114,-2.5987067274716837,-2.3998950875160006,-2.3495464944070825,-2.221954589750051,-2.2856423675877267,-2.117738739299673,-2.1788095626479116,-2.2057977511583307,-2.353721736553002,-2.2244421726926387,-1.8115266060709931,-1.698295794572994,-1.5811098024827483,-1.4522183963494903,-1.486945859459114,-1.273933516425675,-1.2843415043354938,-1.4082886953195537,-1.3572001858089262,-1.6349934598620006,-1.5350783587986037,-1.4998191091326056,-1.6302906167095603,EMSC-20140429_0000048,ITM,5.3333
245,0.41394456338588936,-1.4098367870469524,-1.4042914681425263,-2.1245629322897637,-2.2099333212248666,-2.360663200578812,-2.408716178016272,-2.481628020137741,-2.438014240080525,-2.206465281254257,-1.8100867585311278,-1.5047308746183639,-1.4384644932612085,-1.4496752769541397,-1.7407306757759446,-1.5450025015466107,-1.2921765794832822,-1.48404144928924,-1.3545160027977845,-1.4455753263814657,-1.3222058643809396,-1.2327362717523425,-1.436218937600822,-1.6573168519799628,-1.2661031748305627,-1.1271172982919504,-1.138506665482499,-1.1711029564719837,-1.3881946095265913,-1.343219242285894,-1.2856075487781489,-1.2923786691592536,-1.2719952912025345,-1.3524325813155595,-1.3628050819499506,-1.3604152065847064,-1.3652449717885187,EMSC-20140429_0000048,KTHA,5.3333
246,0.536687109274435,-2.3898485171605204,-2.324514437292379,-3.142173990078935,-3.1889260175462013,-3.3237653989084315,-3.3604457402827554,-3.4976889397101134,-3.591564535868491,-3.353885337977556,-3.147447532840294,-2.886771856235404,-2.9192393176655695,-2.701344421675204,-2.428785013193772,-2.489704592247538,-2.4370788956249436,-2.73474700089322,-2.5199955882433525,-2.6700660186184004,-2.7359085367096787,-2.261487820630766,-2.283504508834999,-2.4157828641501338,-2.0881608074890776,-1.9713954942954732,-2.2310557053727873,-2.4091052769913848,-2.1739206637673743,-2.081756550846521,-2.104116202298915,-2.021838692259081,-2.027291091984681,-2.321201674344911,-2.2546744055173438,-2.0445671415801634,-1.9638036195369075,EMSC-20140429_0000048,MNVA,5.3333
247,0.485538231506887,-2.024275426808872,-1.6841384889486903,-2.185697139651916,-2.2458808151578173,-2.2625725875646374,-2.337301820560622,-2.262021697119871,-2.216620374979252,-1.9786267142414289,-1.892000033866669,-1.862373177835881,-1.923477568157721,-2.023887416740653,-1.958954748768308,-1.8796685012347698,-1.7390137528171143,-2.0801315253480386,-2.4639612306949115,-2.5471756065680715,-2.5160766790866935,-2.5368656153431486,-2.552490571638403,-2.2617645165480074,-2.436152581059579,-2.1839810884218593,-2.126398858739858,-1.8187123372753362,-1.6368185255386987,-1.5515195256140526,-1.455307203680622,-1.3302578629305462,-1.2232003085014789,-1.2611871653833795,-1.2445917252378784,-1.0809772419787222,-1.1049582957478084,EMSC-20140505_0000025,KSL,5.3333
248,0.5094948616345225,-0.0729739709364079,0.21198393002773486,-0.10490073015133472,-0.17113302347932535,-0.2807981699528961,-0.19483045401955845,-0.11802961149191571,0.08547907363778684,0.21046875939562337,0.020404697142162753,0.34121140772342784,0.0024594098623706984,-0.008485140108126288,0.057253635906050704,0.09435453984638276,-0.17241564131889398,0.055487316414474463,0.11879748060570083,0.07829624017079073,0.04949254997294972,-0.04889024405906284,-0.08104701701236117,-0.21364608817131447,-0.3221748876881687,-0.20672132067201865,-0.19345600446272293,-0.20492463336678668,-0.14132453878380424,0.203723509734008,0.30194899868753744,0.3838038940818187,0.5594909064981088,0.6942998266762608,0.6616390682804383,0.719784934274939,0.7712603285396753,EMSC-20140505_0000025,AKDN,3.2
249,0.8022965652232004,0.6326205206330648,0.5799986928194585,1.5186465567631942,1.530386255501453,1.6490161364778304,1.6717023429437647,1.759071959427744,1.8105611563092898,1.9518876994500696,1.542323900668464,1.4477233516101693,1.7807809511589685,1.6646864079761112,1.3303023062751702,1.357819607745835,1.2411340385361527,0.96324335979366,0.9821507323186989,0.6791916141284275,0.5952741722889705,0.688926381351914,0.71475775560606,0.431348071167422,0.31602650948265065,0.31331224441178307,0.40309653068601037,0.11645892250362877,0.16890113547470698,0.2273131267069779,0.32468983063306034,0.4305906350452382,0.528185536396208,0.5766262985377928,0.7176383093671337,0.8227093560705541,0.9014887615271387,EMSC-20140505_0000025,BASM,2.2857
250,0.3637600548712614,-0.19991615383594485,0.14168207847760428,0.20507853455423053,0.14684760288570953,0.13424956216174788,0.15903745557257842,0.22279120949854203,0.3871574213766227,0.6596222711941477,0.10217656086981819,0.3093627425443888,0.5164868035550647,0.6370478512145308,0.5519427972117432,0.7101293009388243,0.4344550586263525,0.0771095358181304,-0.11186682477704224,-0.28850210429956125,-0.32784942880687673,-0.5525830044302662,-0.7615364247604255,-0.6620063212328118,-0.5584180060970274,-0.5547074909916452,-0.48611501540642443,-0.3716782633777509,-0.3355750874116499,0.027122197053479624,0.10423887387971398,0.3887820494642078,0.5353033824866333,0.5693883063601604,0.7537585426138218,0.9047745011356749,1.012555228887205,EMSC-20140505_0000025,KEMT,2.6667
251,1.1259311152229703,-0.9767677765279217,-0.9256490950006508,-0.2742764783105027,-0.30703761857231093,-0.3423684249843557,-0.35061656751130776,-0.3990418725436715,-0.5380538019420218,-0.3608035339932467,-0.0625047150644713,0.055158750267984225,0.13490489665563388,-0.31432094580300607,-0.6552468980695902,-0.624522266796026,-0.781814651212704,-0.8704355880455061,-0.7756472255014017,-0.8378699197368213,-0.8671745525516474,-0.9122158652177781,-1.144159019772788,-1.3064482417714185,-1.2521613319233982,-1.335325917979329,-1.3390031319502178,-1.2994242610925824,-1.1241118565922914,-1.1819688956698187,-1.0714592513036614,-0.976836189160533,-0.8702096244756543,-0.8459886058561761,-0.7413448550256998,-0.6747544125860063,-0.5929625608194833,EMSC-20140505_0000025,SEYD,2.6667
252,0.3192592733010011,-0.38145576850842566,-0.34404388549049614,-0.5165560483324265,-0.5471739993897078,-0.055920342531964096,-0.2919627911545426,-0.5213547704230068,-0.6803802388980777,-0.5909842500874269,-0.38754735007173036,-0.19881127534663268,-0.30988426513070255,-0.2554499866397153,-0.33536272119676447,-0.12502269756827644,-0.088380111265832,-0.0599596857308633,-0.042509258678546935,-0.15554881476099425,-0.21966875953568188,-0.18206751168287472,-0.14252730699153382,-0.15805819695399048,-0.34524489364162925,-0.551026692742008,-0.618583664515933,-0.5448843593652928,-0.5187593825169845,-0.44538615439358686,-0.41285405049580604,-0.35081796619843786,-0.29037049728327524,-0.2876417407520897,-0.2496633137608253,-0.25624317710734523,-0.2633261384037624,EMSC-20140611_0000006,KARP,8.0
253,-0.49506922022290123,0.2891533438525604,0.4260463463369968,0.22733421957407707,0.13916167905642762,-0.005446334252962259,-0.07889953586481901,-0.07176741701554068,0.36767176504996035,0.35528800458845744,0.32363353194187816,0.1616873933014924,0.3299148000397789,0.37627172977047696,0.48845914143204716,0.5803510715763913,0.5176724574950997,0.45568215693144953,0.473593153596072,0.5231916179755673,0.5043657911907689,0.38524917700940176,0.3343273144190535,0.2538243099973956,0.21374871310789434,0.1988366600206568,0.17827475761275835,0.19859723490989634,0.26395502720496644,0.32100430643513533,0.39991873464332706,0.4969440362848072,0.5982300449311708,0.6195222669542026,0.6987682781846996,0.788079070686857,0.8351830968039167,EMSC-20140613_0000001,KARP,10.0
254,-0.5384965620119497,-1.8589282487643146,-1.7713398972598888,0.6458261666119602,0.6605754590306745,0.7388738556842984,0.8809485038890168,0.9878618245567115,1.3644625489411286,1.3055107109652715,1.0294764265823027,0.2446948285506405,-0.4040838422037387,-0.8546437789950341,-1.0326521141986706,-1.1266984714457324,-1.302072662556415,-1.8024282699361809,-1.8325504375580977,-1.9494632805056327,-2.0881171860685406,-2.2228595232097286,-2.3615115555681347,-2.394112675127465,-2.5836425133770167,-2.499129700997461,-2.4371234276378893,-2.400031636401998,-2.345311114613459,-2.2890037240837415,-2.1200013757681635,-1.983008342074056,-1.9340235192057431,-1.7750051585160023,-1.574979962576899,-1.5348275940568143,-1.4531692643271619,EMSC-20140613_0000001,AMGA,8.0
255,0.6242589533141958,0.432702799820909,0.3713653493579052,0.4191315236678417,0.3368418266461637,0.20884409785565872,0.11932192923017038,0.02146301815503282,0.03182703628783745,0.11263093357923815,0.5614177737459753,0.9095839029654167,0.9302084625529536,0.9309200639840842,0.8562583828152572,0.8997428634515208,1.0729816655299658,0.8680872394720653,0.5909902398753903,0.6108067900155119,0.7350178074836782,0.7928773260451534,0.5925482703604885,0.9479169544947679,0.6020591424308437,0.37753626852008715,0.2725763349749819,0.13120211846900887,0.14973007796383264,0.173743779643992,0.19380065119116274,0.21326879262420562,0.3099816449530959,0.33910469393223863,0.4674735449124068,0.5483774293495784,0.5548758377763132,EMSC-20140613_0000001,IACM,8.0
256,-0.494035307806564,0.26809334827297615,0.40468501610170193,0.20674850810676126,0.11858974530151567,-0.025977496754657103,-0.09940110722701334,-0.09217792010056058,0.34721545574511614,0.33471878204889816,0.30299157729055715,0.1409995990549735,0.3091986807471123,0.35552889173448765,0.4677131271592456,0.5595919450522926,0.49691059365056134,0.4349171197837265,0.4528037953646029,0.5024043393035074,0.48357722881184895,0.3644380714774984,0.31353109686540837,0.23302708013476447,0.19283350138273292,0.17774884678192393,0.1571817256704504,0.17764951246725413,0.24249665501989348,0.29910690989715505,0.3783343362338254,0.47523003474019276,0.5764472974646839,0.5977325039474337,0.6769402755705389,0.7659494468911507,0.8133592713695013,EMSC-20140613_0000001,KARP,8.0
257,-0.5994327880219594,-0.16675330028448965,-0.015205540140755147,-0.2761404109791128,-0.36691483079496745,-0.5340703162394336,-0.5978346411520645,-0.8010940670525057,-0.9675449946007566,-0.6903153399254283,-0.14448180893205187,0.3115144396195646,0.10090704934104266,0.4013952506094842,0.24891887195310058,0.2509001876697452,0.375585582112989,0.31601427074095056,0.045303919928281644,-0.038966597389772595,-0.1801202208656001,-0.2507577557763305,-0.3116061528955507,-0.22996571152772027,-0.3034975919280898,-0.31770539142726406,-0.4148859745710922,-0.4810685840544249,-0.18586941706465332,-0.023958267732599126,0.06857023440829302,0.13528406601225562,0.21702379295520302,0.21143631667631801,0.23702738386323396,0.28106571998214314,0.2963646551910095,EMSC-20140613_0000001,ZKR,8.0
258,0.2998320712162199,1.387734722307048,1.447746223501004,1.3351249642901912,1.2594510445906577,1.0936623805963839,1.0989573242321908,0.9911377296205686,0.8557289714513772,1.3311796971814065,1.7063125661595162,1.5838220754308958,1.3955031806920664,1.3458565757877796,1.3121272788036045,1.2653018709606725,1.2348098685832554,1.4144475912761925,1.531327116566528,1.5432657891371893,1.5604852112610361,1.5427401828006682,1.4010972850703176,1.4423975636891635,1.3189967110565082,1.2904127307595568,1.4131268770286827,1.5030893349483305,1.3577295455101366,1.3074312393223515,1.3180945561710775,1.4002138827868578,1.4987377568387572,1.5117091115522339,1.6374448585191796,1.7113283171865294,1.7712879942408275,EMSC-20140613_0000001,DATC,3.2
259,-0.12850724576420003,1.3078190064054418,1.4216121993280026,2.0823999487862714,1.9921445926166896,1.8106461304282515,1.789394845718765,1.56415023131962,1.5349998140530303,1.804939504581129,2.438408202854924,2.2798242632785914,2.673772770661061,2.95380504654369,2.7072854148707686,2.4445165182284745,2.3085639443727866,1.6829915216810196,1.4658881975635296,1.3267670262351823,1.3155062091096834,1.012150373627077,0.9797922513729658,0.7716022202513368,0.7576299188982754,0.7801322104208914,0.8619354942153663,0.9305054750915396,0.9327065733644719,1.147519496070787,1.327276612178057,1.4528421146738353,1.592042398050154,1.6604092402384083,1.8162923919045433,1.9465155273858894,2.019229586427439,EMSC-20140613_0000001,MRSB,2.6667
260,1.3503643701331383,0.747429082490612,0.6207731024013725,1.4930825559046843,1.476316874808262,1.6754599356126176,1.9602853136371419,1.8201387839240155,1.2190805490527064,1.8460674541585487,1.5070404559891646,1.7480152149284889,1.728980163817261,1.492100765104623,1.4189228670486322,1.0514118844307694,0.9975125359269317,1.1417856848753525,1.0989177392487504,1.0120508662234515,0.9447806124294313,0.8986101312749106,0.8156465357025162,0.7078680055471924,0.5974342346508985,0.5067477344301299,0.4532525314205955,0.28521766754662004,0.29050909145911596,0.4208182550629296,0.48868111791727387,0.3429466085244268,0.39968682089340035,0.465010409440584,0.5809055145211985,0.6904242332661745,0.7462797735231792,EMSC-20140613_0000001,YKAV,2.6667
261,0.8942498258739819,-1.3768950493610959,-1.243099285415676,-0.8828945170590847,-0.8752357598671887,-0.17488105131986753,-0.31550278858765957,-0.4683717753742016,-0.7852211093004691,-0.6508835936426802,-1.423011947395028,-1.536138685494512,-1.2519004940993295,-0.9314164554920357,-0.9325223485568728,-0.9725087747488264,-0.8380395543874792,-0.6853903345405534,-0.8415691555766189,-1.102833299723999,-1.0470220914811605,-1.3013926736758599,-1.2334060821693082,-1.410175617997746,-1.6686706866026721,-1.8500621162523139,-1.6848380322818652,-1.7585180394400712,-1.6455338475589159,-1.4580122235410116,-1.256189765161773,-1.2386108072813737,-1.0968282744561915,-1.1085394469689867,-1.101213839750237,-1.0812269424488843,-1.0613966654660452,EMSC-20140620_0000055,KARP,5.3333
262,0.646745096687039,-1.3903511454755186,-1.236651031018166,-0.9025555207049862,-0.8952747280859352,-0.29613562524715764,-0.3358812489399181,-0.4882373565138378,-0.8047486160694834,-0.6703294383751208,-1.4423954553020444,-1.555554904215759,-1.2712927872172433,-0.950898100404924,-0.9520445422672363,-0.9920547336428065,-0.8575889884480583,-0.7050485409615916,-0.8612636413720614,-1.1223234349065088,-1.0667191262987004,-1.3212777850596407,-1.2526791234380354,-1.4292837935660785,-1.6884372930058742,-1.8643618329955842,-1.7040757275949439,-1.7783738727376708,-1.6506224145213562,-1.448812101819689,-1.2212525694819938,-1.215349308290742,-1.0536210036596163,-1.076931874711578,-1.0760635114984325,-1.0751112707119876,-1.0083138650423713,EMSC-20140620_0000055,KARP,8.0
263,1.057841016710166,-2.0190915307286037,-1.9424698320517972,-2.594186640123964,-2.6532708134131537,-2.6442906577873444,-2.747007189397962,-2.773480926204803,-2.855184056066049,-2.8819096180043724,-2.8823119885912467,-2.498181762267664,-1.9003684383945973,-1.6014091900711396,-1.5185458020431044,-1.6869855686954498,-1.7486502268940693,-1.6329670770743387,-1.7468753646983082,-1.8351231816461695,-1.7876885170276333,-1.915025123959837,-1.9890948923231235,-1.9585999242222476,-2.0162376181592325,-2.156765460223051,-2.064614758271089,-2.1356982465271415,-1.9140351350260367,-2.0332158982424087,-1.833648459550508,-1.9310742801922327,-1.8166030525529653,-1.7329097125832114,-1.7217778203835117,-1.669172306219581,-1.6644762874371573,EMSC-20140620_0000055,KSL,4.0
264,1.0561987724021886,0.2999088919257904,0.2995140236187428,0.29093922223927926,0.30579795983735814,0.41358914654215084,0.746158252939864,0.8004755124955523,1.106670053761631,1.0822626484851527,0.48739056295254635,0.4032051529823324,0.34108570309247277,0.35410412440061556,0.23813914321861596,0.2127227932940663,0.16720589620191717,0.12366170780451924,0.18551982691494473,0.2358296756549212,0.2608013778113101,0.21438209186427137,0.2228739970503124,0.43754294809834526,0.4541014038919844,0.17331116110614886,0.2617311111891798,0.3390074035226611,0.2732746470803704,0.35550956727004035,0.1309934436601612,0.14211471720463642,0.4899024601480555,0.5231479116599829,0.16442530334347616,0.11068329596719728,0.03817707839625584,EMSC-20140620_0000055,BASM,4.0
265,0.5010337995612488,-0.4643549568623566,-0.3406072728068388,-0.33492373713617596,-0.3974030515028346,-0.4946815995297076,-0.5104766249688915,-0.5329231783854835,-0.3174859876936287,0.1068587718179419,-0.14334017671963295,0.032919682510852866,0.01607685942721293,-0.4532030407453558,-0.6268557503368628,-0.6658371552944038,-0.45108403122318474,-0.7500343882680447,-0.8246839894297953,-0.8283070317219634,-0.8550526734706576,-0.7778462967356887,-0.9652729665192039,-0.9063107306086646,-0.8797301636688157,-0.8229586906542643,-0.6135281819779603,-0.3684207666317434,-0.05643538287634975,-0.05991268880992706,-0.24812424532082034,-0.22713618852155726,-0.20135605310036908,-0.18590955609635706,-0.19550429033846406,-0.13578678302515002,-0.13376700953985576,EMSC-20140620_0000055,DATC,5.3333
266,0.14394091622333827,-1.1366122305021245,-0.9318436822376341,-0.5745853309109341,-0.6625597386767392,-0.748830844318471,-0.5366147144898976,-0.6186876167292628,-0.5514883438616174,-0.14693703503626665,-0.1936228355438363,-0.11961869940969017,-0.2502336288922953,-0.3445786306461267,-0.5917717734972392,-0.7518914842611828,-0.9544594421077628,-1.2906647735320105,-1.221019595897249,-1.1572065663299922,-1.160933534285717,-1.4487722914391892,-1.409379988169218,-1.5897295299027911,-1.6003394332169734,-1.484908574530996,-1.3905388237438618,-1.3082863869025285,-1.157183970441272,-1.145364690360875,-1.0629673334126952,-0.7715046337220794,-0.619014454877636,-0.5183588238795114,-0.5135217727832924,-0.36551868025100376,-0.4341922254455657,EMSC-20140620_0000055,MRSB,5.3333
267,0.7587916574923477,-0.7142178664532235,-0.5885873118582339,-1.4572357531795106,-1.5400660869292135,-1.6495501332776197,-1.5927919456390356,-1.6274487250953138,-1.758366368580777,-1.2769607170178432,-1.3282864975147337,-0.9689435728167712,-0.8698948715775927,-0.969451154453516,-1.2024365183842907,-1.2214393003237216,-1.1799446184071538,-0.9120960254022101,-0.8542648732512834,-0.6224624753823047,-0.680122680576968,-0.6933318104982344,-0.5822049849881044,-0.6691552820918307,-0.49567065578554725,-0.5506662471965011,-0.6222594356030822,-0.6504470122300035,-0.51260112324284,-0.48659451265040765,-0.22433582211297498,-0.2366103013438252,-0.4246004351196824,-0.5905446642976884,-0.3437025247086094,-0.36591254339471213,-0.23215700730708022,EMSC-20140706_0000063,IMMV,8.0
268,1.3961250978615105,0.28275968438206256,0.2224239481110697,-0.5429110315456365,-0.6286462997455438,-0.6202898005847199,-0.7087553277195422,-0.9314395143782814,-1.0450086970333503,-0.5686790045366283,-0.4191377679999464,-0.2846450155090956,-0.23575324081957838,-0.22031417459069846,-0.06216043292983464,0.18571317770701068,0.21747254939007465,0.25975716857365594,0.0037563641716733542,0.08906010694431732,0.39859795311074997,0.652123693506736,0.6059114562631853,0.6168575425804876,0.7018212255731466,0.9373392491602424,0.8380863383692265,0.5056393870360836,0.2817470276594367,0.18009588752245875,0.1762129982394267,0.39766888041633486,0.3321385318588579,0.25520890201476476,0.12541756662763426,0.1297441485367159,0.03050361027574411,EMSC-20140706_0000063,IACM,8.0
269,0.758931628696955,-0.732987090607299,-0.6074827747878988,-1.4767193741766391,-1.5596291691259783,-1.6692441115229784,-1.6125556703808286,-1.647323574890108,-1.778130798951869,-1.2965216114006317,-1.3475733628907038,-0.9881009295513747,-0.8888972028814894,-0.9883474800835454,-1.2212319643418486,-1.240188895530288,-1.1986433794545377,-0.9306880101921102,-0.8727851644528641,-0.640948452197275,-0.698616554060564,-0.7118220114280991,-0.6007020433159482,-0.6876837048277871,-0.5142315021026569,-0.5692716121139245,-0.6409007200317678,-0.6691342928905524,-0.5313455025608373,-0.5054623896498445,-0.24334978968286336,-0.25569776884644213,-0.4435227322771311,-0.6094919970197346,-0.36266583844762756,-0.3851533914026106,-0.25119133202813515,EMSC-20140706_0000063,IMMV,8.0
270,0.5638337990117721,-1.6290480845492317,-1.5068083188749881,-2.391466328815743,-2.477627654769444,-2.629950737196075,-2.710948427738286,-2.9341936988883566,-3.0182430002522134,-2.7164085972969705,-2.332567267216109,-2.068444114604551,-1.6487254179688522,-1.2324164322248672,-1.5355257984857742,-1.662654100708549,-1.7558133321557596,-1.7374862147223737,-1.8817133078456596,-1.8496884858307903,-1.7955838467356449,-1.6967023279035027,-1.8661885559259384,-1.918361836515417,-1.6844897872006674,-1.579866360054412,-1.5406520684095817,-1.375221328908946,-1.3948987552361398,-1.3778599872441433,-1.3807296476120374,-1.1627479487926191,-1.2034069216396173,-1.3132271274824099,-1.2679967012999285,-1.3480992467850896,-1.3730549578373843,EMSC-20140706_0000063,ZKR,8.0
271,0.7107159402455658,-3.231717953190305,-3.0302453030261383,-1.8278755415706698,-1.8243200538685187,-1.777194033066614,-1.7684668262909682,-1.7202322416840925,-1.7455923896628764,-1.2865589271304199,-1.460214529825178,-1.3675369316694859,-1.665415759337316,-1.7653090907551103,-2.395075219283946,-2.786341752167524,-2.832291173055558,-3.091208186659305,-3.2864554169585958,-3.482721110509152,-3.4724593577838476,-3.440631352196549,-3.6019438147612455,-3.7696582605811138,-4.094364985755618,-4.021375969863042,-3.924071264046905,-3.842838125130047,-3.5100367623188315,-3.143585879656788,-3.0044220605549814,-3.0560147971712635,-2.944691827450031,-2.737974519556076,-2.4534518089066673,-2.2992710460684656,-2.1724593406509847,EMSC-20140804_0000010,BULG,2.0
272,-0.7315131511944055,-1.289335632604848,-0.9242723815036733,-1.0517590609288439,-1.1252311190995519,-1.1170006427423145,-1.169831689092943,-1.1955250538010258,-1.2757191510431216,-0.9233004455075191,-0.7559669422975537,-0.443260808624526,-0.4711422817864239,-0.4751773215541766,-0.9772571718211216,-1.2408289182221566,-1.5291715846169662,-1.5339233825678296,-1.6053289576419534,-1.679078777901637,-1.6333879009615133,-1.7629116658267554,-1.5849934270490085,-1.770738352750982,-1.7238505240186424,-1.7054479620865877,-1.5328269113636654,-1.4052203547905737,-1.30538831746634,-0.9334406554204246,-0.8191596336841762,-0.6560624003138091,-0.43029499924508663,-0.35125429898452865,-0.13255504306160582,0.011939917984193471,0.1268955988687015,EMSC-20140804_0000010,CAR1,4.0
273,0.17849769922995673,-2.1216564089254533,-1.629992961918985,-2.8782107799264915,-2.954879229993794,-3.059083719780414,-3.160211463089132,-3.222707904053715,-3.4502490566001214,-2.88960917985582,-3.026379683762963,-2.740206373674896,-2.5793443928495066,-2.2262493727584234,-2.4918719275331096,-2.4457019416144323,-2.3143240119988064,-2.4120598422188166,-2.192551917451997,-2.2280854081345307,-2.2960530985799092,-2.324538459947619,-2.2807735812334524,-2.0184475272057867,-1.9281358071036223,-1.9144536686791085,-1.9563694145317783,-2.021649436317899,-1.9236732764539504,-1.7578223863791393,-1.486656439040262,-1.2028204281965884,-0.9846769638506974,-0.8906180882080132,-0.7699957718138037,-0.5988195784196417,-0.6292776227138628,EMSC-20140804_0000010,CELI,5.3333
274,-0.07286962215446513,-1.6122188056239803,-1.1399678297321074,-0.9112307219720197,-0.9612986254276503,-0.8687408491302646,-0.4747950366581044,-0.6397619509196595,-0.5856071742324511,-0.6985644382779457,-0.9589833518410034,-1.1747110709552704,-1.128252033353351,-1.1756275885679859,-0.9803403956105887,-1.2997696466068058,-1.912985771787823,-2.1857830865470635,-2.0264178686991148,-2.093267786101455,-2.064169461507026,-2.1784450804615973,-2.311328780505413,-2.2071436032371103,-2.0629125093422402,-2.012863461614444,-1.8484073420115497,-1.6081602226438196,-1.393658596341579,-1.2256804497675997,-0.9690966722494743,-0.8474547715073175,-0.6766363889142291,-0.5422294726493764,-0.3760673075344254,-0.21402034176004925,-0.09522926134257403,EMSC-20140804_0000010,JOPP,4.0
275,0.8458017059446585,-3.375338564679817,-2.989695027686743,-3.3063959512970786,-3.356728939311834,-3.4877075762189405,-3.4529842544358704,-3.38025458739056,-3.215854717074291,-2.7913765124800394,-2.822199237761664,-2.8179513862797547,-2.819992016000467,-2.7885613096510005,-2.814743668536817,-2.9575567476742712,-3.0868044192042294,-3.3356028975299967,-3.561727086296699,-3.6899874643773973,-3.632029751974077,-3.728833973323706,-3.861739394989394,-3.7986435215484917,-3.8170073272753946,-3.71826277477369,-3.4689558433471586,-3.4142962431286623,-3.2419611948713403,-3.017155580063914,-2.9053487069810515,-2.580103439122281,-2.455248815800786,-2.449950399219748,-2.36018622041483,-2.122159792418117,-2.043615374212836,EMSC-20140804_0000010,MCEL,2.6667
276,0.3383843889478051,-2.024525067830359,-1.682508242360166,-1.8752007051891466,-1.949341174763891,-2.0869920632642778,-2.1117821597257143,-1.792179912906211,-2.0215037585502955,-1.6280323806539467,-1.3991263603944093,-1.3361014542987997,-1.2333433375653957,-1.5322125516853315,-1.6627481837350837,-1.8151040775284635,-1.9641110584906647,-2.283593023533159,-2.217323075548374,-2.272620794464965,-2.2662215026284027,-2.1893225852291014,-2.171670329361369,-2.186616343418418,-2.328664702994457,-2.174179908752752,-2.1278794894064887,-2.3013822031244224,-2.112156384820551,-1.686625528473975,-1.5333697383788483,-1.4644867585270855,-1.2217016019085012,-1.0393298389321792,-0.9752934374191486,-0.7593632641906556,-0.6276730430228739,EMSC-20140804_0000010,PIPA,3.2
277,-0.4101765319452775,-1.542301483191114,-1.0053873655576737,-1.1177172051936743,-1.1895057206769266,-1.3168466124159357,-1.3760108705232756,-1.38335164322255,-1.1093352606451807,-0.8923141003623369,-0.8910871083877563,-0.9576098033530593,-1.0592968751722944,-1.444685241049057,-1.7299378368026712,-1.9043406691157383,-1.6140402378691858,-1.3446203740872384,-1.5264443482156986,-1.701726625174235,-1.8002913578443138,-1.9058144493814417,-1.9926444724356571,-1.8273356551039281,-1.8371229465424168,-1.9685996305011546,-1.8993656557783734,-1.8167776303357979,-1.3759946439515502,-1.1555307862697823,-0.8952792189439638,-0.6703322483948231,-0.4807514226110339,-0.35813828099227507,-0.1726560107046442,-0.060906567455115024,0.03908090085296578,EMSC-20140804_0000010,PLAC,4.0
278,0.24997312440162522,-2.4431731204652767,-1.956531285243159,-2.095999132662225,-2.1838075968109463,-2.2899659218438204,-2.302061138854487,-2.4369100420615775,-2.4314343886568395,-2.0817218835320164,-1.5087149682599188,-1.2987225863537661,-1.5103240253379813,-1.745874388096464,-1.7240981795173003,-2.065323895406829,-2.4571365305483948,-2.7220106643740296,-2.6735910201814637,-2.736063811771327,-2.7317837121025157,-2.726439973078387,-2.878551010685138,-2.9340690985782523,-3.105502581741119,-2.9368291643603825,-2.870505664753839,-2.7855710484443232,-2.2236767645280935,-1.8783900661014137,-1.7890544218314446,-1.5489166015838336,-1.2505763387117153,-1.28299491884699,-1.0485263801516105,-0.8489585235753818,-0.7736418204466364,EMSC-20140804_0000010,SALB,4.0
279,-0.6919556501113786,-1.8242310168026528,-1.4329784935549128,-1.7139813773506738,-1.8039820009581398,-1.9609190351698924,-2.0132116964681552,-2.102140916981609,-2.285868661607549,-1.733262452981549,-1.3657141688486423,-1.0072059229566044,-1.494350764462955,-1.1999220885514665,-1.1896055960070928,-1.396034300277928,-1.653096911870441,-1.996421359192686,-2.2438610710733595,-2.2810759696849994,-2.2897710169220993,-2.261494149024804,-2.242800230213204,-2.1621129027293975,-1.972164707295434,-1.9171268928617433,-1.944034334341481,-1.9437136896728653,-1.7466000710563812,-1.4891014068363333,-1.2967717315214742,-1.133261675042247,-0.8665109778491651,-0.8081629838343396,-0.7334543406609768,-0.5445712843354418,-0.41646365262233864,EMSC-20140804_0000010,SERS,4.0
280,0.6729380827271099,-3.0748199758465393,-2.665426549090416,-2.6313296950458422,-2.7168329837007246,-2.8546641289754593,-2.9151726622050687,-2.9938104506533945,-3.069556235609655,-2.3046796248285553,-2.1284221519511783,-2.2754256931266204,-2.0143118550716164,-2.2408433257104186,-2.3962347850432213,-2.565887470208918,-2.989449901727985,-3.14644997440365,-3.331563752853155,-3.5259427211357988,-3.6796398719134764,-3.706169742604361,-3.7669924819644276,-3.6566159608673896,-3.4884590075863606,-3.2347536847882186,-3.2579795584456654,-3.2373908216994263,-3.1216402871503615,-2.77068387603388,-2.5147655396099466,-2.3341389699258457,-2.215442050165292,-2.147088288746449,-1.839313113515436,-1.662276234815982,-1.5453450898820176,EMSC-20140804_0000010,SIRI,2.6667
281,1.4513190754582523,-2.3638535021891514,-1.9981197518697158,-2.2613757392251337,-2.3480121705583548,-2.352538346907874,-1.9974003220836414,-2.4660040228173257,-2.507423976901001,-1.8474462476644895,-1.9662756082196093,-1.7018691257554153,-1.7351976073643156,-1.671140982331755,-1.9661390568624517,-1.9301154701661076,-2.2346650943194897,-2.4282293599755356,-2.3312045181334877,-2.2087382834005265,-2.349150123712592,-2.3092903501665774,-2.4336446330105677,-2.621089987507837,-2.6598869111790364,-2.8607148835166516,-2.499936455247603,-2.624082775989539,-2.403793412531611,-2.1308731028300656,-1.9008850530041173,-1.718884557199667,-1.5533703133086352,-1.4274325364877516,-1.2433738135479597,-1.0983477059418885,-0.9922057163186668,EMSC-20140804_0000010,T0701,2.0
282,-0.11286460735581905,-1.519336218939662,-1.115125488486136,-1.168019318296544,-1.2609021098107638,-1.4521416043110325,-1.3935103743897255,-1.4117692995581868,-1.3158073027189197,-1.195148729064484,-0.8769685880600973,-0.6429884039247815,-0.7290791069324527,-0.8829764269976232,-1.0337841722737062,-1.2548956251432433,-1.3581499726799917,-1.5208417401043377,-1.7556341898878172,-1.919753188878781,-1.8855684864484443,-1.6941836718377346,-1.7812428316158204,-1.917636641464778,-1.8418058732694451,-1.865535427341186,-1.7714310863443412,-1.7473058752136552,-1.5518456677901487,-1.2597642130415707,-1.0375543481072533,-0.8244558141086085,-0.6642356769144548,-0.5049479375693302,-0.2972950759957804,-0.1262853167331155,-0.008166455257169858,EMSC-20140804_0000010,CEL,4.0
283,-0.0014528247252569848,-1.8922486468114545,-1.4559476396972304,-2.6347466820127643,-2.7232518772481216,-2.8548401527111285,-2.9153945434142576,-3.114289726640597,-3.1099673449396468,-2.5927116121117617,-1.9818646508293014,-1.9396620113629428,-1.9314929410298953,-2.228705144045458,-2.24246855482862,-2.300652920407174,-2.000605434846899,-1.847836547608006,-2.2300751331617903,-2.3359574115840616,-2.3208390412705864,-2.3115320098435053,-2.31789132460554,-1.8442492476030754,-1.8444700198196937,-1.8944482670788414,-1.6070559556575397,-1.6438487475103365,-1.5510296614506096,-1.4101696291049262,-1.038141895617919,-0.8903871056493173,-0.8303892937842949,-1.004787234252083,-0.9461048843019402,-0.7356891370081584,-0.7635393962500601,EMSC-20140804_0000010,TIP,5.3333
284,-0.2904404215703109,0.5947835654050531,0.48249304969340034,0.5068970376746664,0.42464827569529273,0.2627066060233334,0.23551858208187149,0.24057755820276583,0.2589938704254231,0.4796880137711428,0.6585318849293391,0.7403473991153118,1.0807927205106975,1.0400615589551205,1.0679966524247448,1.0222729616399335,1.0611470969852546,0.7564030007259204,0.9937712016763802,0.9651915087239953,0.7381560842524992,0.48892230936250414,0.31671204608209,0.5534848752848562,0.7099988026096593,0.6127671010550699,0.6269791415024546,0.6101353824200553,0.4483992457403314,0.3285959136115961,0.2596930706086047,0.325708020122784,0.529562945334753,0.418409115265753,0.2361771749887449,0.26390681893839485,0.3057103227825646,EMSC-20140829_0000010,IMMV,8.0
285,-0.7695777899812759,0.09883708881319642,0.13585929051857004,0.6270031538106577,0.5866746952852555,0.5048213095269967,0.4964633619312888,0.39548512509265343,0.49008152590807175,0.9477383825806847,0.40157794621832377,1.0994589162354305,1.0635901852328904,0.6752716808859409,0.6405998202018366,0.3270751618568819,0.30749050872311745,0.2117750314406579,0.4486919055141674,0.4649085299078348,0.5111047812923895,0.32231593788501556,0.17516724730720057,-0.1422204586257907,-0.4131252762310167,-0.39495437356270724,-0.3489750902696409,-0.2600735882827605,-0.10364149621624463,0.1229876189249941,0.199944900456833,0.2081092640360822,0.22017322451519306,0.17197828873119914,0.17840216548408883,0.25068568667932567,0.314078076219678,EMSC-20140829_0000010,KTHA,8.0
286,0.12603909000030367,-1.3492380016433394,-1.1038281196488153,-1.296529157057857,-1.35819613300779,-1.475145471555794,-1.3461312815891633,-1.3334955303830247,-0.9408138358550664,-1.0597178267213758,-1.1513846442561606,-1.0374668027697291,-0.8311532868762175,-1.1084000162189342,-1.332817774437701,-1.1509724444048501,-1.054559901370629,-1.5295860192013615,-1.4405847514449688,-1.55361692343698,-1.7182300825814494,-1.614896757702434,-1.7130382716663597,-1.8583097810987885,-1.939859789610475,-1.7017483747337572,-1.4140331449983243,-1.3057478127169002,-1.0450591412660142,-1.0364034135801976,-0.6438366765049963,-0.6652915302885312,-0.8261152121122688,-0.7588531338909874,-0.9734475164351295,-1.089759451535521,-1.168305876836202,EMSC-20140829_0000011,IMMV,4.0
287,-0.2594662677337176,-2.023427644518792,-1.8594106743355656,-1.0126751403595557,-1.0615070506423567,-1.126196710715571,-0.9495410110237694,-0.7395391247972523,-0.6795642383195526,-0.42906768911239634,-0.76078924336257,-1.1264467633716384,-1.0095887496261193,-1.7052079244876923,-1.856309640980486,-2.1031915967518042,-2.0543330203558403,-1.9416609365495257,-2.124874169244559,-2.314271870178403,-2.4455932727460645,-2.408920994767339,-2.1672951575044177,-2.0449181260137266,-2.243301143801678,-2.3614721943845414,-2.350395688007395,-2.3329636959526683,-2.249809370294244,-2.184546319065692,-2.0626726955172128,-1.8841401593615679,-1.7791991995397467,-1.6441734743283796,-1.4988323606646858,-1.3070062100826956,-1.1946008425951575,EMSC-20140829_0000011,KTHA,2.0
288,0.18578134406768143,-1.0685785840978124,-0.7565877572224835,-1.2980138138219965,-1.3686365610893239,-1.510164451707559,-1.376873151117369,-1.3508967639840241,-0.9476382906240284,-1.0615341523972779,-1.1508687273910505,-1.0361500745353327,-0.829559123073742,-1.1068069836810528,-1.330413845783755,-1.1492633122273528,-1.052731272922327,-1.5272927499187654,-1.4382949777641407,-1.5495670650106508,-1.7162672986483702,-1.6120320513716955,-1.7126233890882165,-1.8541894885248613,-1.5797119809378861,-1.1643951703132869,-0.983752118117053,-0.8133953928751794,-0.5006691494914719,-0.5270382253965895,-0.44058339910552213,-0.2874398020489295,-0.29444125076868843,-0.36857656487866564,-0.3901231010420201,-0.6158130494102956,-0.865990386710525,EMSC-20140829_0000011,IMMV,8.0
289,-0.35755860508224035,-2.2604129154698747,-2.027135483151474,-1.6913273024186504,-1.7097383295127102,-1.7036253829982053,-1.63932254971209,-1.5425155992838242,-1.7113531801678725,-1.3655875788231255,-2.084899009135629,-1.986555580359349,-2.0852453601215064,-1.9881699260489194,-1.9762452745819337,-2.0196903541323064,-2.0633551928567897,-2.2154739422468257,-2.2343107732953964,-2.13875866758226,-2.1129858427231962,-2.172962842752897,-2.2108532150399496,-2.3868273271849105,-2.486695200580651,-2.5321594190107275,-2.4592948514944766,-2.6658665719823462,-2.282660537242662,-2.1978590288164472,-1.8496027480068253,-1.726500116226589,-1.8249209270291509,-1.9230945666355748,-1.6381496745503483,-1.6401172741723915,-1.5645155376504878,EMSC-20140829_0000011,MNVA,3.2
290,0.16562215005087388,-1.4254893932990749,-1.3956295555282807,-1.023443180441233,-1.0563755958593415,-1.0285424810792358,-0.8315235628798918,-0.048677817973066695,-0.903899492697466,-1.2122960160784455,-0.7596573422644894,-0.891017311671475,-0.5035182720083933,-0.48460254805762304,-0.6722310036923131,-1.092071037999549,-1.2433012466310807,-1.3043078181596481,-1.4906932175855951,-1.5095563884899086,-1.5259665032345247,-1.5445735793619173,-1.6143228725737089,-1.7351171386869169,-1.732749289494202,-1.9557436290553234,-1.9397690778139136,-1.9371783017358162,-1.4835595239634234,-1.1114001626611287,-1.2185322264260634,-1.240696259081112,-1.3105073782911667,-1.1405248607461527,-1.5531196101603175,-1.4333251401966507,-1.4020600337915408,EMSC-20140829_0000011,NOAC,3.2
291,-0.1660820524199922,-1.2159955503929378,-1.1464614916457023,-0.8370087742492096,-0.9167816395799449,-0.9411509687668493,-0.9947285931361298,-0.7576988125224595,-0.9510109564529987,-0.9670348188809426,-0.3843345901367039,-0.6345532110766854,-0.44945231967786814,-0.6187390051521193,-0.8758627630946938,-0.9653644656890981,-0.8536841864297022,-0.9180525368784407,-1.2030239041014967,-1.3307285118864307,-1.4124876665048252,-1.4450525625760289,-1.497127378487157,-1.3020617313003369,-1.2801190279727468,-1.3168617466202441,-1.4088657033153265,-1.4277648130542087,-1.4321612184430688,-1.3077373198843567,-1.322835149610139,-1.1795731963247302,-1.086715879221467,-1.03717759692527,-0.892688139068925,-0.7424200866367237,-0.6536767593799251,EMSC-20140829_0000011,YDRA,2.6667
292,0.5782761532694312,-0.6480296194466488,-0.4922617583624769,-1.8477970999047981,-1.9397561064694697,-2.0787443385783115,-2.146114657903146,-2.236881059683186,-2.4063186742855587,-2.266348074454628,-1.4926017111567766,-1.4461507161546763,-1.5187600747114187,-1.7757155213282863,-1.3157705376903825,-1.3069043839812648,-1.2293105350778335,-1.1216085971218046,-1.146052884256381,-1.068828790640513,-1.139964286251507,-0.9148495218121679,-0.9687155640857821,-0.6288370777997878,-0.4951037138003054,-0.42619847002517375,-0.013280665947886128,-0.011232632216874094,0.06345304712609501,-0.08198692510703331,-0.15991924492478127,-0.2294433045367974,-0.11489195066874736,-0.23807246815687222,-0.5643590204499489,-0.6650653746557378,-0.84223428859252,EMSC-20140904_0000078,KSL,20.0
293,1.0288161602505643,1.0951049817784408,1.2772435819199766,0.46875241628451025,0.40447869942259906,0.28398629902387107,0.35223344350233443,0.25570164969701015,0.3937688207552128,0.8228116379056933,0.7013362348122136,1.091788024529163,0.5346901887009627,0.4455611343966943,0.5468837991016455,0.6153259241436597,0.5194598364897747,0.7534584301828087,0.8661307561818123,0.9701337426756105,1.0662903920238822,1.113784645633233,1.0333592015058066,1.1794955078272915,1.3298940497603162,1.3089046299328997,1.3551883284225434,1.347964310505387,1.3205442041623545,1.464346976921628,1.5088185321834215,1.3785714213109106,1.606577613473645,1.5160975325014725,1.4911577468142951,1.575719717145203,1.432064489259007,EMSC-20140904_0000078,AKDN,8.0
294,0.8199084657534641,0.7457873661230261,0.6773162500225443,0.10416538657393914,0.03676130618952733,-0.04684644310461117,-0.03052529603731724,0.2050925058208426,0.2735055731657452,0.33924539364306483,0.1207642741586703,0.539798275299721,0.4822792150617117,0.12367157685959729,0.32224801090047883,0.33076449671482244,0.24888808142275654,0.16435916680523377,0.30236831952527954,0.4180104935011606,0.338835919206784,0.5330761600208422,0.54618991269618,0.6416487548465284,0.8485439333662832,0.9756167693156623,0.8603249438281475,0.9290934991083306,1.1474074975742923,1.342777931777409,0.9229855180433386,0.8506528295205644,0.6781303765169238,0.5779167110155345,0.3868749132704039,0.3004829518018255,0.25580634129146596,EMSC-20140904_0000078,AKIN,4.0
295,-0.3061655344656047,2.127445357806276,1.8745135337220606,2.7204441658478817,2.6579029585675045,2.549842258978868,2.5222831617882635,2.429517783485057,2.544322665883016,3.0575795670774726,3.2955915463248493,3.2078478774469446,2.515924190232958,2.548721012503192,2.410269296454029,2.2294194443909743,2.1636233101947964,1.858935043292778,1.5602966522089163,1.6438360284692468,1.7102807834794573,1.9572808854103956,2.073471136104449,2.243295768262916,2.231661330403207,2.1907871019055634,2.1656285710715197,2.0954833881993684,1.9513538689813954,1.83213653159065,1.7265446070332215,1.5989889981397445,1.5968239233267054,1.5518537133431574,1.588194932655151,1.611631061218059,1.5624943036795091,EMSC-20140904_0000078,ALAN,8.0
296,0.739459690157962,1.323101875228451,1.1390315344410515,1.522197350669825,1.4974323315698497,1.4713156442313444,1.470915314201135,1.3778643131283657,1.5083438904447126,1.4974425240263063,1.3592580048954126,1.3358020143997367,1.6859240902113415,1.6869948768319114,1.355255685869138,1.2005791456485486,1.4554338577344446,1.68014551263762,1.5616338364194107,1.3208449155759094,1.3746412735557012,1.3578268510124571,1.322280177205653,1.3276582846236984,1.2646102133913297,1.4950604861239265,1.4141281998974202,1.2442399458807545,1.0844000841048702,0.9142603496863098,0.7510023874109599,0.7579168447721241,0.9069068302534173,1.0627731428021647,1.088492712974471,0.9464447674066427,0.7585725545629973,EMSC-20140904_0000078,BASM,8.0
297,-0.23578288578465356,0.4079825703917077,0.3440158491665537,1.4092328718353837,1.3630326988251555,1.3182826669439258,1.2546908777761985,1.3880135146095203,1.7476819205022576,1.7806571753053095,1.8146366658568462,1.5969556119558845,1.3995863239412998,0.8945672516645207,0.7763623823272949,0.9100877727908152,0.7296203007058795,0.45310687318898957,0.3153141642071837,0.3158725577240089,0.2596201937728919,0.0986019938885585,0.16965737065495823,-0.013494486210730017,-0.03862748368508129,0.386082280361836,0.1689159754006626,0.15921502573586022,0.09445007202057631,0.3167915653172919,0.3407160519300838,0.3994506051188136,0.28277185144261985,0.16219532532120873,0.19358862333595006,0.18724228174675517,0.16566833214128707,EMSC-20140904_0000078,BOZY,4.0
298,0.5870009016439508,0.739142697445236,0.874132561551634,-0.7768311239936212,-0.8553196680086543,-0.983763114981298,-1.0354556322191844,-1.191720043673854,-1.3184314254943459,-0.9113938183997874,-0.6426264157059673,-0.3773813909182344,-0.33425201901963764,-0.31966507724378523,-0.08516162586690879,0.09877755019694057,0.0014691989171948805,0.3665478116649714,0.27870130352010314,0.47629213071760823,0.5807099063781864,0.4837882316184121,0.43602988256529596,0.9574671868584792,1.42423895240269,1.5182509635367234,1.4177369804272857,1.3113208198930577,1.0750011415332805,1.3379167024077487,1.222257630984176,1.0929522780248329,1.1081802343187057,1.0304635768467492,0.9866413622356252,1.0137143935066444,0.8788112204733274,EMSC-20140904_0000078,DEMR,8.0
299,0.1210171172102883,0.254980738667161,0.3074864420515322,0.9631539909376206,0.905039695732369,0.808960694168039,0.8022398045917725,0.7512144262398763,1.1100673378416,1.2075342887363705,0.8901955582078234,1.2648041497961944,1.5783471984423003,1.2566393494452686,1.1953914113074253,1.3947786986550583,1.3168295629038833,0.8417918114499505,0.5817907035605887,0.4850831573143193,0.2930274164000122,0.08764724183670403,-0.05409120270320411,0.1748162208750612,-0.0735302997546663,-0.16650453694314304,-0.07314511969638193,-0.19364647551960612,-0.027172170923418726,-0.003893883679637611,0.017154694569478934,0.2844237916474395,0.4464439679397394,0.4118194350833404,0.45839139505583226,0.47191838466954117,0.495320383250597,EMSC-20140904_0000078,KEMT,8.0
300,0.4605306134467342,1.5664421760498053,1.564960257092217,1.7219695838323643,1.6391380653624,1.4917263221870538,1.5079771343218917,1.3967930829484683,1.4757389398627314,1.69539155771891,1.926190596216518,2.0054718084452423,2.2941365529703974,1.822716853020478,1.8018895739030496,1.7053909491841175,1.6883890455268808,1.665035329626022,1.3727709433279305,1.3398950633887168,1.1770585108035778,1.1730071366559542,1.0313725784440289,1.3733777458782166,1.5531198067639052,1.4363116760024592,1.2808426139812674,1.4061282534802153,1.734167210909864,1.7741959509259448,1.716906067754854,1.6820612659996943,1.7456250433331348,1.5381563642446672,1.2464841695605955,1.078278835574391,0.9591529896680342,EMSC-20140904_0000078,MRSB,4.0
301,0.25777458140577636,1.0771076383169378,0.8269717475017382,1.5522646770352937,1.5112321723575466,1.4614983728222377,1.4383647339890562,1.4367142500922405,1.5338489434446227,1.8525075707449483,1.787788469241133,2.0647531952066815,1.703035286347001,1.8893967884828395,1.70350946076341,1.653495621439859,1.6145141230533184,1.4798629520939954,1.4443792689616606,1.2834604739258717,1.0928608598714344,0.9368499492258682,0.8121423019098852,0.6842253138246042,0.5389161813953898,0.6310426058476022,0.6879733215632369,0.8965397544427631,1.0947557448275775,0.9060340730359551,0.7151195517474012,0.45679590226989575,0.45113710084475933,0.5002254864466007,0.5107182408461952,0.38036644596062175,0.36283202082481125,EMSC-20140904_0000078,SEYD,8.0
302,0.27488577339896203,2.0184456892744356,1.8508730603116934,3.122084622296521,3.128061466844085,3.1671433057556486,3.234971921278632,3.269973672933026,3.389823020989783,3.706882440332536,3.4294604694392063,3.5623810405472565,3.426807815350476,3.19519444077672,2.711688515612872,2.528401313333033,2.4136654680412093,2.296434238973598,1.949786842053765,1.9515378265537606,1.90468855269308,1.7546079017981677,1.9003592338477437,2.0140956944466604,1.808580918393794,1.7584687584987018,1.321522127990713,1.325959551183229,1.6333890672206364,1.7777792195950948,1.6484531825253548,1.7587942139341184,1.8379976094282657,1.6281580091748964,1.5800553084569433,1.390808372441219,1.313697777100188,EMSC-20140904_0000078,SLFK,8.0
303,0.8137266806069863,-1.6852114548349988,-1.4518508615593682,-2.815942853903696,-2.863750395003711,-3.0377770654337635,-3.0908220034352407,-3.192911768110587,-3.197054828131816,-3.213190739974177,-2.802051548571538,-2.5563404835365118,-2.272492226436488,-2.0300501839926737,-2.063441304273807,-1.8260547795514324,-1.3769835359415037,-1.5580828648285134,-1.84044499902744,-1.8679524453918717,-1.7696764618395342,-1.7794595707340939,-1.8212820460014463,-1.7343968278317305,-1.6140767672925982,-1.5139060020328294,-1.2338514434161763,-1.2895201154540086,-1.4197172960398738,-1.2803231394239543,-1.240544953098146,-1.0726057860885465,-1.0189742200357408,-0.9752377188284189,-1.2705509096320284,-1.4753385365373024,-1.3880326496318514,EMSC-20140912_0000067,KSL,8.0
304,0.7680945317455912,0.2787540263963777,0.45110302629688626,0.44090342695035467,0.36944128668471254,0.2783914217685828,0.35332283764107686,0.31000348599072236,0.31303815351004083,0.6935073578078521,0.9282367955075763,0.6936875537799514,0.8407586963406963,0.6474828103517014,0.7560507499725819,0.7915668802174283,0.8148142896478321,0.6150525179889428,0.49211395813114756,0.4932571254076299,0.4612119641357184,0.40207182437047173,0.07584404025408276,0.2562947915523406,0.00832053138330835,0.020790126860338987,-0.051447710381047784,0.1407573253831096,0.2699271885554424,0.26338344934383784,0.3938416497743322,0.5085060660194234,0.6961557696862464,0.718484994579919,0.718914188678502,0.7981877290760693,0.815154888976398,EMSC-20140912_0000067,AKDN,3.2
305,0.7484685579651713,0.7837010906300144,0.6922541475094679,0.8667861077434402,0.8513837486590603,0.8502155910822022,0.8726778285536749,0.8444361716854125,0.6424204760472403,0.7800166899742056,0.5935864461402147,0.7234491997045289,0.786722447392755,0.9092257824144374,1.0262579961649507,0.8648995731402698,0.7533138524404981,0.7159821611931196,0.9072390338914937,0.7580519487014401,0.9041476901351793,1.1022475081280483,0.9825753599428264,1.1474158732820783,1.300692102175601,1.0434266730750004,0.9464464557568029,0.5936822255694452,0.4189297854574736,0.47669351673646787,0.4233724687510403,0.5805393947565882,0.7207922827277926,0.6259325849307125,0.5759477409521754,0.6766832176978195,0.6955718019536175,EMSC-20140912_0000067,BASM,3.2
306,1.0941414795256765,0.14501239150902911,0.39899812076303576,1.3886405339407828,1.336093922007331,1.302966938102549,1.275984533162653,1.4961820400551114,1.7108142807099362,1.7629797741449718,1.66451303843463,1.4335974337485986,1.3066840769755759,1.1028306857116323,0.807045962061057,0.9760275368768658,0.4494443290375667,0.17338679127321477,0.0013837757328181155,-0.029704295366057565,-0.08549609680092551,0.04203033353828012,-0.1884382242696372,-0.35781560391826517,-0.32373812339394625,-0.3724552813321722,-0.3238559401920824,-0.23589348075958227,-0.09084469467094713,0.08098072858741112,0.3790197436139273,0.5106942902803251,0.6558748296317365,0.720431475676822,0.8711551351167337,0.9381102892117568,1.042379647502555,EMSC-20140912_0000067,BOZY,2.6667
307,-0.07273753366072544,-2.2623525191394886,-2.1100105820931354,-1.4972752774906226,-1.571502013190786,-1.7037881498084584,-1.7274693033224757,-1.8674705498461037,-1.4034416820630025,-1.2137968133409398,-1.0464411703308008,-1.1526078934890247,-1.3305875365494728,-1.713361129416353,-1.964050110337615,-1.8495681732653324,-1.54229412476508,-1.511013711902704,-2.0993866464175657,-2.236607310706079,-2.162552313763232,-2.268897026340083,-2.3552885998005735,-2.5132824270377636,-2.521828265782183,-2.6721521144268188,-2.5467598423580586,-2.597144585885493,-2.632074530330655,-2.3983208659219954,-2.1546930197923277,-2.12156348964961,-1.9963087876086618,-1.9206132572850816,-1.839763947127226,-1.844176763492154,-1.8370755694972463,EMSC-20140926_0000113,PLAC,2.6667
308,0.1102331877197904,-1.4487465279921299,-1.472481227628986,-1.0546752537249535,-1.1400823720891182,-1.2914283464014122,-1.3288457110559042,-1.3672832956449694,-1.160732975251662,-0.5186389897655133,-0.43720280830954383,-1.0452520879088594,-1.207084456960538,-1.0200932509373288,-1.4291352229102259,-1.7952402166523544,-1.5322585290164525,-1.5207147596105361,-1.7597879772312055,-1.747401731155719,-1.5912974317528246,-1.4311232885565115,-1.309758799419761,-1.4034883390602602,-1.5730034084106794,-1.704523977876951,-1.6977749488489948,-1.5878594130765666,-1.4917955054891348,-1.5525114208671216,-1.5761795646305163,-1.5099522341844889,-1.4498294375310277,-1.4563308303525542,-1.4294894755535825,-1.4057693301855494,-1.3756748544790707,EMSC-20140926_0000113,CEL,2.6667
309,0.7974450420317036,-0.4536203030623014,-0.28555719523543566,-1.567136051350694,-1.6545295662022914,-1.8182571509314265,-1.8782517327268469,-2.0667292342588732,-1.7548920929685838,-1.68071728020068,-1.5599177584784103,-1.5478273695759617,-1.2247895167919873,-1.0536849811467732,-1.1135873560040253,-0.9592123815473261,-0.8238301072731291,-0.834486317682213,-0.873435681652655,-0.9311515657923106,-0.913975169063276,-0.587822310108999,-0.5294816867709802,-0.5030756415551263,-0.5440918489904227,-0.16194143508564984,-0.10048291629115802,-0.20407029806610844,0.04344448036042614,0.2898042986105054,0.10517997969345672,-0.21583152117131021,-0.11589248894468085,0.17257714806029334,0.07647458780140681,-0.04367517774946883,-0.21324870982495447,EMSC-20141003_0000049,KTHA,8.0
310,0.6779658781643461,-0.9868022974181425,-0.9170289877832758,-0.7200144545082008,-0.723667680382837,-0.7122421631636069,-0.714017898291285,-0.7843752585543964,-0.9870691381950571,-1.0430077917052376,-1.1009326563196193,-1.1276910558221003,-1.0642914069752791,-0.9681244316453617,-0.8796757911765845,-0.6625507987162855,-0.7659646349125824,-0.5676013559951372,-0.605736588391367,-0.5608197303793458,-0.5701948797010994,-0.8014089883888849,-1.2400093253104698,-1.213863145411855,-1.2569274982647034,-1.177336345658162,-1.2039436713627403,-1.1447656810052322,-0.8192397433594998,-0.9676052048789359,-0.9053987204266214,-0.9002085256682886,-0.8222870840888508,-0.9475641799082553,-0.981691101314464,-1.1838938758847704,-1.183347894946774,EMSC-20141003_0000049,ALNA,8.0
311,0.7841373787399935,-1.151337906591209,-1.3767656639118329,-0.5645353577718026,-0.5952796828089273,-0.6408582210476617,-0.6460885979443631,-0.762006706788295,-0.8684864982909248,-0.6479803743967985,-0.35738059633595665,-0.2658282133699208,-0.3628526026522376,-0.2644510396523012,-0.22317717779098345,-0.1448558266308524,-0.4879942591489632,-0.5658135333854446,-0.7295471316487987,-0.923323088766077,-0.8700509579071571,-1.0981930224610679,-1.423989489935634,-1.513065613389804,-1.555216990620206,-1.5074599003484312,-1.3542605102785217,-1.2455337617582671,-1.3804723738636806,-1.5583597525340256,-1.5656708966873243,-1.56390096996215,-1.5948586077802247,-1.7539013350204833,-1.78948178097367,-1.8322450224930922,-1.8244189232417032,EMSC-20141003_0000049,DION,3.2
312,0.34816840876899846,-1.0453109466107602,-0.9515915848980327,-2.006450804247482,-2.080522550763262,-2.163076133457282,-2.1699445671741877,-2.256194280300269,-2.1965884287397532,-2.361926472654578,-1.8351586170589975,-1.7740124356669975,-1.4639243116004605,-1.5581755750077857,-1.3253026132075751,-1.2021181548409139,-1.1068199600358462,-0.867143101759674,-0.458471042205689,-0.3362872411579598,-0.3102299463966398,-0.4606397431052702,-0.6270842749668191,-0.7607949957170534,-1.005911771592534,-1.071872801454358,-1.0881541387280986,-1.097776675211657,-0.90640156636948,-0.7959575227960567,-0.8366210684646163,-0.7698451869979728,-0.7304505201448848,-0.7930418028663002,-0.8880165239373987,-0.9694093146403482,-1.0464001088453827,EMSC-20141003_0000049,DLFA,8.0
313,0.20718874708832802,-1.068164954587111,-1.0977786139895542,-1.2599970938092797,-1.3383134200659095,-1.4415681538779017,-1.1349331142916634,-1.0639866860487341,-0.9838157370278049,-0.9588176473809504,-1.0416780876880392,-0.7900999295605491,-0.5482190468221484,-1.002707494179507,-1.104186346535739,-1.0984373787541353,-1.0367460909703308,-1.1141604283199085,-1.0775546012419532,-1.1542668682921589,-1.0897369313119203,-1.229473004168022,-1.2928012835401876,-1.1049970451877114,-1.255472793800548,-1.100136889316886,-0.989867729819002,-0.9101088331130409,-1.117841054055292,-0.9393163520843473,-0.8506707927106643,-1.0762436328577625,-1.1178964092528183,-1.1937626122660436,-1.1931682086099684,-1.136777260668195,-1.2245102023402978,EMSC-20141003_0000049,ITM,8.0
314,1.3918731774154973,-1.8656607642772194,-1.5887163933796469,-2.7212779932149136,-2.7817124743581783,-2.6169767383423475,-2.768401900063786,-2.4225573413151755,-2.543095129636164,-2.685743210709431,-2.524273318594992,-2.4545341377132655,-2.4268797553725374,-2.2336956924239635,-2.278305800025466,-2.4332851888718627,-2.3641525581892333,-2.4187393761091833,-2.2929371157605196,-2.2371223294009237,-2.173995373815325,-2.163120317616925,-2.0268690935967166,-1.5515502490258166,-1.3919282372238335,-1.6516854932955098,-1.5137801020603465,-1.4298277163551951,-1.6641193674635204,-1.5984688110224443,-1.495942340480802,-1.34265559534923,-1.0011056316723899,-1.1266835216778848,-1.2599140777761537,-1.316916827063423,-1.3507086162108308,EMSC-20141003_0000049,JAN,8.0
315,0.39467483953240334,-0.5643353350859055,-0.556506886386547,-0.439065005591317,-0.48169120369164276,-0.5442348983821379,-0.5650887423647859,-0.7131287014815353,-0.8577449144731037,-0.6900013163057395,-0.4406240461932889,-0.4067953694085844,-0.17591132987668523,-0.28044454667641183,-0.08103282403112821,0.040859163088088124,-0.002563012597848413,-0.25638847378685625,-0.5872512955568627,-0.4057723959662667,-0.40349490178336644,-0.5294998275574887,-0.34992432830816433,-0.5625890059789445,-0.6285122732350814,-0.9940520667762556,-0.7046943444790497,-0.5699494429661538,-0.7613049861798089,-0.6572947630995625,-0.5948030331771896,-0.4779401390750131,-0.4482761669758393,-0.5167975964466631,-0.6477638058748294,-0.7297745111632441,-0.7697543590711735,EMSC-20141003_0000049,KYMI,8.0
316,0.33878957584335234,-2.1288861031006814,-1.7891635353957192,-2.1834214418697186,-2.2163555142721245,-2.0738380573792794,-1.8916631600794656,-1.736654763421666,-1.765104660965135,-2.071943193080603,-2.3337164095526806,-2.5013705810890894,-2.1324676462093786,-2.4500691349782953,-2.5285754707568957,-2.464925493966361,-2.3338798712508257,-2.1532148922260133,-2.1469542798626122,-2.315305500609364,-2.4050480391334483,-2.3970825064547183,-2.2009084255050118,-2.5167346671333233,-2.6346303171875913,-2.414562339630625,-2.312539987879065,-2.07915257943786,-1.8975212903684842,-1.6268512507591204,-1.460943710807193,-1.4287361131083696,-1.2588882477735766,-1.3535717964263814,-1.479311127714757,-1.510682748874384,-1.6153677815034868,EMSC-20141003_0000049,MGNA,8.0
317,0.6927926699212188,-1.2513672866390735,-1.1240065214598314,-2.556907994527239,-2.6371907726910244,-2.7872186221795587,-2.79406877960734,-3.011261553271461,-3.1367108584621217,-2.9562369465450153,-2.8523950553410646,-2.586757840987726,-2.582320763302402,-2.347278514590159,-2.0697522979322986,-2.042385619993473,-2.1395792796738062,-1.7433416113417,-1.790981080592596,-1.645699968519513,-1.5406727554968143,-1.3281013584889338,-1.194085162915779,-0.9822486347497943,-0.9152266092011363,-1.0146733636242313,-1.0450734203938925,-0.7362551998619473,-0.7010249239510582,-0.5355528006374044,-0.6343876330737821,-0.819105435123431,-0.9323492749358326,-1.0253893338070856,-1.1652325139176387,-1.2104267953503047,-1.2239196140180013,EMSC-20141003_0000049,MNVA,8.0
318,0.03733356938273724,-0.5150765312055299,-0.7326528975410369,-0.074392228140157,-0.11219154641374374,-0.18602603809213303,-0.20408866686595495,-0.3569958919134839,-0.4734969359711103,-0.20341662532280314,0.10688988713894254,0.31981843944543886,0.2137389965365406,0.390582799218925,0.21869547649148924,0.17075745668166764,0.1464468458780983,0.09661197687601941,-0.004831929108808808,-0.0464247317718236,-0.14814196076953579,-0.22625366846089356,-0.083652446944952,-0.348543447224241,-0.46000561301019616,-0.8430109570933499,-0.9294665711758192,-0.9487183400566312,-1.0840240769904899,-1.0297608520988728,-0.960917712630728,-0.8803389985673853,-0.8961911961568756,-0.9866853814906147,-1.0682619167644667,-1.1160707078825975,-1.0773410024974517,EMSC-20141003_0000049,NOAC,8.0
319,0.6856341678596038,-1.4772669084050891,-1.4318647604233714,-2.101071152630321,-2.1746963729120585,-2.1913822002381975,-1.984261329310649,-1.8648247303734475,-2.0316580637910944,-2.2425562788400457,-2.03824292152577,-2.2685187109666876,-1.747670507776582,-1.4414593026432012,-1.4321912015386662,-1.5780375320880555,-1.6810614988716734,-1.1207337532161574,-1.2152025789380252,-1.2837999392780413,-1.2750244992024014,-1.3911521056510132,-1.4862605109798714,-1.3983637511113463,-1.5300914965034575,-1.5158899611136762,-1.1684254237028409,-1.351188952168112,-1.4854214420911571,-1.365969912552,-1.3835064305142097,-1.4942192389551217,-1.409081626031714,-1.173407761094957,-1.3484254428068816,-1.3671518370046556,-1.4634266837166354,EMSC-20141003_0000049,AC01,8.0
320,0.7353389245890072,-1.434274916467933,-1.335759940292908,-1.6207002356373659,-1.6965339007392766,-1.7198112827902348,-1.5832011303846247,-1.1136088291503219,-1.7299869793611107,-1.5642079141846423,-1.5947416096808773,-1.2895948128033945,-1.3071445065327865,-1.353074092738665,-1.1719118163871203,-0.9424378787607326,-1.061645292958663,-0.9834748727884914,-1.1423099850802574,-1.2462896615101373,-1.4569142833018232,-1.6185668627878478,-1.5625669820423314,-1.7265113693565937,-1.577082580438801,-1.655433418324579,-1.5041229890554852,-1.4238490394773464,-1.4624490106193893,-1.2638171773476898,-1.1392569011523346,-1.3247196907789718,-1.3089858783539494,-1.2674502878159473,-1.189540017231968,-1.1834136864508178,-1.3708584555845071,EMSC-20141003_0000049,AC11,8.0
321,0.6785892759894647,-0.6495692337621755,-0.4503064272499895,-1.7650551591567032,-1.8654848963256727,-2.047336935250092,-2.123364634033276,-2.2551067775141753,-2.3756635880395054,-2.1795926258543075,-1.9664213675534015,-1.6954237681804862,-1.4184516797007465,-1.3380345507625426,-1.3111132168463158,-1.1639939900682785,-0.9560046811068847,-1.0799330961668465,-0.8064512131287476,-0.5933948728631435,-0.6751363424582166,-0.5629430574048229,-0.508706505622289,-0.5833484019223842,-0.5087381998365341,-0.526579173231001,-0.5045767821313607,-0.5193449513083408,-0.12547958150162764,-0.061561559755999085,-0.20720776725445944,0.010925784949927575,0.032961350349518526,-0.198395469799431,-0.29597838075912897,-0.4648285792325577,-0.6431519802326733,EMSC-20141004_0000042,IMMV,8.0
322,0.3267913047111368,-0.6642075169759147,-0.6101920986796863,-1.4390268379885605,-1.5205421987929926,-1.6865971225057574,-1.719930059602797,-1.6266196490858356,-1.6114879738407106,-1.3495892873765882,-1.1743961704531882,-0.8638600536279704,-0.9502589021015444,-1.0883599439516427,-1.1862968773169156,-1.0955100306650012,-0.910093128174478,-0.4287298974829259,-0.42605659048429523,-0.42569622798295903,-0.32010332587768353,-0.1800819121020476,-0.40773966650305926,-0.3116956901614243,-0.36344491687423197,-0.4557457086989647,-0.6618238954739031,-0.5966341418129861,-0.6200743386714791,-0.6524056027772449,-0.6656478387244587,-0.5957987020601188,-0.46409970837052406,-0.5072935533079299,-0.4673630958851831,-0.4878988809563207,-0.5864920564017595,EMSC-20141004_0000042,KARP,8.0
323,0.3334758354511269,-1.747525416206452,-1.6733494413480212,-0.8934112357061608,-0.8921031560842287,-0.8811944281763413,-0.8703204102476843,-0.7485345940251218,-0.5010279164296563,-0.3943650212667107,-0.6432904378784876,-0.7533937170118339,-0.9076055307505921,-1.312121935873594,-1.6526942123944064,-1.8914822761920727,-1.7062692171379004,-1.900013443143413,-1.6786906296586537,-1.8230177111614347,-2.0548449451344215,-1.8652973933566486,-1.7426948955418737,-2.0960169640265214,-2.1448638267452367,-2.2459758724604253,-1.8627533966847292,-1.8428583037693809,-2.15790625315452,-1.7705155018314631,-1.5796368679603106,-1.481650370008504,-1.4675080761239663,-1.6632106320601778,-1.766034182926063,-2.0096803194450406,-2.1057537560989665,EMSC-20141004_0000042,AMGA,4.0
324,0.8767141777768841,0.37715977063062844,0.3722314244541618,-0.6732312683665134,-0.7613862120076442,-0.9310188716092256,-0.912944020355015,-1.1788612932812095,-1.056075702346969,-1.0932551864384878,-0.5985217603153048,-0.2906247337746102,-0.015551300594932371,-0.24264716703597866,-0.0056320925067856464,0.09503839123849733,0.0925145177240152,0.23098348998624285,0.5279629086315731,0.5268632740248824,0.6376527421285969,1.0006573005120583,0.6894615253622485,0.8964551200365927,0.9660710522491778,0.9390409853196182,0.6546261437898542,0.37477350321712244,0.4629475571245756,0.41360093507389095,0.4163696660860037,0.498362114872382,0.4365323236981169,0.37329149648787485,0.44158203940409635,0.4358138061347532,0.42974656574336123,EMSC-20141004_0000042,IACM,8.0
325,0.6841374273742646,-0.6683449772005794,-0.46922330324938777,-1.7845432979174563,-1.8850427765192395,-2.067068242112202,-2.1431248711208273,-2.2749856896068135,-2.395425768662392,-2.199141596885684,-1.9857050648994514,-1.7145756637622407,-1.4374557949511768,-1.3569342012045364,-1.329912704218005,-1.1827367508701059,-0.9746982683986918,-1.0985319175065964,-0.8249685168475391,-0.6118798153773977,-0.6936247404703337,-0.5814269682195832,-0.5272004749554817,-0.6018794304210875,-0.5272933932520143,-0.5451965862926347,-0.5232142392159691,-0.5380421934616226,-0.14422946459999864,-0.08045660724662085,-0.22606373439021787,-0.00811662779741873,0.01416404504833757,-0.21756690721179162,-0.3150839800659391,-0.48551167431283204,-0.6629412837734439,EMSC-20141004_0000042,IMMV,8.0
326,0.7851310371063427,-0.6829766803229678,-0.6289578007177301,-1.4397115443746067,-1.5119109648516647,-1.5679589066663322,-1.657058574357963,-1.5522841781543235,-1.6059529501283505,-1.365927968313482,-1.1932042986143454,-0.8839143544296988,-0.9705390323795786,-1.1089996324637754,-1.2070310866622558,-1.1163392905894574,-0.9307145588797523,-0.449552437011417,-0.44682588224180453,-0.44658817808372575,-0.3409479109530906,-0.20092446502619055,-0.42860731060882884,-0.33255211692282316,-0.3842987671352738,-0.4765867393762466,-0.6826966978038733,-0.6175385439242564,-0.6406880381720157,-0.6732338801101019,-0.686559967608769,-0.616585707113277,-0.48491076261541366,-0.528155588863287,-0.48786382250620797,-0.5086806740961318,-0.6080837860786623,EMSC-20141004_0000042,KARP,8.0
327,-0.2644268502181766,-0.5136030393915609,-0.23485663860663664,-0.7771766678775931,-0.8508785657459024,-1.0134444519735277,-0.8379904852483078,-0.7737798678324896,-0.8040053640733147,-0.6419405446533437,-1.2876937352522049,-1.227031432594349,-1.0169663630913508,-1.3157884550232284,-1.3454024804342852,-1.4698883962236993,-1.3066817403639464,-0.9008381712255398,-0.6318036220972747,-0.5623331840296357,-0.5348488364612081,-0.5033540610688041,-0.49992898787873585,-0.4259677867646232,-0.34988663973483103,-0.3456242794941442,-0.31080506548030495,-0.34517499961155984,-0.35694833700588724,-0.2378447508765209,-0.10283542862151052,-0.01896829381461096,0.07110457480894183,0.08091926583826847,0.14196449563438662,0.20458276359967087,0.21842171217431172,EMSC-20141004_0000042,ZKR,8.0
328,-0.4318838492339494,-0.8623851398363858,-0.6947512735068369,0.25318484546443276,0.21488008683885607,0.18931668621435627,0.36977841339414663,0.2844624968722904,0.8520351477321109,0.3735334171141895,0.18682041937293103,-0.2114061571072927,-0.33548211396776484,-0.49863709171700865,-0.6194446090551518,-0.7075275495079385,-0.945981989081143,-1.0540940291779988,-0.802408713217309,-0.6180379646155671,-0.587474396096006,-0.7312604186972527,-0.9015355494324382,-0.9681608499780925,-1.0292279762879,-1.183152952121385,-1.1976079631517091,-1.2015645842313871,-1.1593130918211934,-1.0043034078033557,-0.8581546866045322,-0.7195790881549318,-0.5882458734210463,-0.5188586498764245,-0.3712567268509588,-0.23728551507932316,-0.17114039180880347,EMSC-20141016_0000025,KARP,8.0
329,0.09438490274536226,-1.9329039654823,-1.9321047902308184,0.18160746395961258,0.19335282968942025,0.18486494219278882,0.27625550155301415,0.4260187325441631,0.9675659001755452,0.3510683333298159,-0.03405494690432942,-0.11466672961426294,-0.09929285142502486,-0.6601541403133195,-1.0993650450243626,-1.2120297468861478,-1.5370739000248967,-1.7087386052521882,-1.8301522406795216,-1.9007530527144914,-1.955237622581972,-2.162186653329238,-2.4075799310082893,-2.573682483312867,-2.447149355029519,-2.488553387169187,-2.5464302954903193,-2.5342186326938307,-2.4765973045590233,-2.39576114352845,-2.294782943928853,-2.204890381436954,-2.045962605245034,-2.032603704697223,-1.7571333622543346,-1.6866871532278989,-1.622236211567472,EMSC-20141016_0000025,AMGA,4.0
330,0.4828287536638043,-0.4440400867702081,-0.4504495039181471,0.08262423065676394,0.008881313939712143,-0.07916175802375491,-0.08433293455626067,-0.04151880629060223,0.24998502781675302,0.2586245126273381,0.3297909521115683,0.3388511581173441,0.47604980473986824,0.3340223325572964,0.2131502240102634,0.20141519552923093,-0.03068738358598999,0.0016366821745865678,-0.22391842576974152,-0.330765261979586,-0.03683488479219399,-0.16528639143360468,-0.2906830911174545,-0.3061485357776057,-0.5180525775920577,-0.5430286279625811,-0.7609851339474094,-0.8793029989529195,-0.9060952513553637,-0.7926389368080233,-0.6878315115613276,-0.5415837676468378,-0.39821653350802677,-0.37466613050887787,-0.28006906269432896,-0.16596363142063097,-0.08244296436321008,EMSC-20141016_0000025,IACM,8.0
331,-0.47519499022639744,-0.8848310975518983,-0.7183559009113178,0.22461380289983257,0.15914529538043265,0.1233995614060186,0.2782961245763236,0.24898155538620514,0.824140681345721,0.3508058639435858,0.16542755443922186,-0.23297395899540163,-0.3563384246256458,-0.5195951296735464,-0.6405296412597643,-0.7281888619910655,-0.9679249979411884,-1.0754778022896687,-0.8235105669028986,-0.6389673562036764,-0.6084796658551381,-0.7521145629043477,-0.9223597107345318,-0.9892308980614901,-1.0499449409393833,-1.2041102936611763,-1.220632493465982,-1.2238372528442554,-1.181268716930349,-1.0279200153748516,-0.88334092217519,-0.7438877743650405,-0.6130406778988249,-0.5424136942782525,-0.3949627426109714,-0.2627311740779579,-0.19706572424869329,EMSC-20141016_0000025,KARP,8.0
332,0.0800866729422145,-1.1873830225578468,-1.0643940871715483,-0.8991089944301836,-0.9754289983341211,-1.1377198222651268,-1.1404892478973991,-1.2688508573043924,-0.8823637136690055,-0.9253077395378275,-0.6387561624925393,-0.6516189517629565,-1.0196900182505786,-0.8238953133839049,-0.9908776132302304,-1.2634885703355163,-1.335827273991745,-1.2059425183787402,-1.4168491490527,-1.393740938349298,-1.3399960261754122,-1.2456784143474966,-1.4679338496599668,-1.4956044466216625,-1.4152403899719408,-1.2323237253090538,-1.1597000868313172,-1.1013815280345458,-1.1976532587061985,-1.1927325587163349,-1.0802499000352732,-0.9848203349775488,-0.9128200470936356,-0.9117341038931759,-0.803053285249332,-0.7193530098537941,-0.6713708908737477,EMSC-20141016_0000025,ZKR,8.0
333,0.058947149777486274,0.3402140044694395,0.42842691343184747,0.8131932550482865,0.7336646743414992,0.5838028816884862,0.5169862539493799,0.4014890571822276,0.449869323212428,0.8697627984655192,1.245343571547492,0.9155157957722739,1.1439736377249439,0.9651434831856776,0.6047698035960662,0.62653822390544,0.6074854065812678,0.862325394724671,0.8215536778446646,0.812102698650464,0.744018755689158,0.5783273015871275,0.4156737653200091,0.2321292892941038,0.08291402862841313,-0.06563651560851902,0.004708826520072762,-0.05751870975707263,0.028819981307135478,0.1682949672913132,0.2369758826169992,0.41343195096339436,0.5088551502010272,0.569122342013646,0.6853105630070928,0.7823438252722177,0.8404604186378428,EMSC-20141016_0000025,DATC,2.2857
334,0.5628345922288251,-0.5729015742069254,-0.7523847846453791,0.3930805413014147,0.3744163618806393,0.4046811998710016,0.4784532897671214,0.7422917735871994,0.7974018867685633,0.6310833461570731,0.8177102883192875,0.4935045085151639,0.3831720235785472,0.537846183483838,0.3063368813582965,0.24890880465433085,0.0019621267663634256,-0.11730951370817433,-0.36964696141584774,-0.5278914443833509,-0.5987877461863649,-0.53580315025199,-0.5547885820208593,-0.6572499092192103,-0.979685427435383,-0.9668417070058535,-1.0403103664605897,-0.9865166115370858,-1.1023426442871873,-0.8592014981183453,-0.8783270691276819,-1.0291416676925262,-0.9134309127610347,-1.0076601393517262,-0.9493342418675486,-0.9364187524744647,-0.8633784519274137,EMSC-20141016_0000025,YKAV,2.2857
335,0.8856753750768305,-1.0163375038353308,-1.2082191966061817,-1.201634627113208,-1.2173239241934564,-1.2438191270894627,-1.2973077507894892,-1.2298322488535867,-1.3552435551735584,-1.0789214610434072,-0.83028420622969,-0.8302471566347425,-1.0127092467238352,-0.9750531398229487,-1.1076770232154338,-1.1311070559736631,-0.9882558144689462,-0.8480394790590697,-0.7595802907048022,-0.8218052656398029,-0.7564073430782443,-0.5728237536270928,-0.7361889670753339,-0.8558432531709794,-1.0926666356273227,-1.031744537391555,-0.9478816750226393,-1.1452499191157344,-1.0546653779780648,-1.1436060128774077,-1.0562182197248067,-1.3000712644092882,-1.4844562909768353,-1.479207005046522,-1.51794334914986,-1.5569835984179416,-1.6494624609903141,EMSC-20141105_0000059,DLFA,4.0
336,0.9135984734931362,-1.3121415239566634,-1.2230612962497958,-2.0189285267385486,-2.1113729079051247,-2.262884300590229,-2.323485908902631,-2.436088385524285,-2.2696254501596247,-1.7795627763725808,-1.9124117979898028,-1.4979663357046489,-1.5700541296071346,-1.6701073613597623,-1.664542900644947,-1.615714074143476,-1.6189827372844183,-1.7846622868207351,-1.844643310353531,-1.6720254913883945,-1.7294681008321042,-1.5563600260235955,-1.3338778288367408,-1.3565005870913716,-1.4199787766352632,-1.1967227542243162,-1.0636508970522858,-0.9849485442647872,-0.8685949687479049,-0.9897921028083871,-0.8698878432865396,-0.8452016573765473,-0.9485269998073953,-1.2232431353792617,-1.1370506684562969,-1.1776548374638516,-1.2168806895283808,EMSC-20141105_0000059,ITM,8.0
337,0.9244930796804134,-1.1242624599397946,-1.0583942584201917,-2.045679125842141,-2.0792275148137787,-1.8957425953515799,-1.955496396570914,-2.1989475022523166,-2.278000232983377,-2.031019409884256,-1.893284342730972,-1.9187083084697036,-1.6604280794026014,-1.43907027578007,-1.692912064307989,-1.6025009618409172,-1.52524268428368,-1.6710353890875789,-1.6154592540521655,-1.6102412824169665,-1.5777379935018914,-1.5068328579289059,-1.446294428977227,-0.8631147120971203,-0.7605807262810966,-0.5194315992670706,-0.6068096840604866,-0.8669421174906002,-0.9099201263549155,-0.6934992417167258,-0.8288834991419165,-0.8079551684432129,-0.8365414092276868,-0.9045907790633265,-1.0389318116443214,-1.1522851595420214,-1.224688737012654,EMSC-20141105_0000059,JAN,3.2
338,0.814868329287215,-0.914469050781971,-0.8689368287206811,-1.4837297566726395,-1.5812520337866225,-1.7430860162454893,-1.8222840609681494,-1.9494344659021037,-1.9954620578996547,-1.6663681073663001,-1.1937252395583418,-1.1800919602284443,-0.8675351251860883,-0.7507563376465214,-0.7135468014596356,-0.5781165131212456,-0.7171988361385448,-0.6367709692306729,-0.7915275943705158,-0.7856692239498724,-0.8053451778733276,-0.842901488660404,-0.9832953269331615,-1.0847428254511833,-0.9697904653832907,-1.11228426111178,-1.2437289618906497,-1.0155418399872307,-0.6029392412147612,-0.6435540827605539,-0.7311201615742213,-0.7570367897359542,-0.7872738988530994,-0.7514827690319414,-0.8418237748017603,-0.6698014126804388,-0.7334537894576378,EMSC-20141105_0000059,KASA,8.0
339,0.045655839830452294,-1.6008282889011722,-1.50403461235849,-1.3200737864089387,-1.3170472939420153,-1.1235535483958508,-0.7191398648943812,-0.7080012775324134,-0.9233717334976177,-1.4918555624806453,-1.641420072110293,-1.3650906478018836,-1.548147225714441,-1.762850358942563,-1.6005502974156558,-1.3620204781493168,-1.5489595138100958,-1.7548846898376311,-1.893466688971138,-2.052502713217205,-1.905670026161709,-1.7847792816795112,-1.8146116910980945,-1.947004703709184,-1.783307872622574,-1.5968520814333216,-1.821832937806155,-1.827983016945801,-1.2969993888894464,-1.2710428600328179,-1.3254275353860319,-1.4534470740171166,-1.3948685408516415,-1.3788120137553914,-1.4121152362368736,-1.358815830395672,-1.406098499747264,EMSC-20141105_0000059,MGNA,8.0
340,-0.5056737825135604,0.14297229603181094,0.3932829482327662,0.7294902846634805,0.9547123190622395,1.2775034953257083,1.5221740576991394,0.8237540515788258,0.10798184998987592,0.6422245611352504,-0.015740992511218188,-0.1170394817602256,0.07087565556860209,0.19455116736213007,0.1987976940470615,0.36319993572128784,0.33828006770981034,0.2844384324207736,0.17255489361263,0.12028353140252879,0.0795104934144586,0.030663671918701674,-0.061095522430086646,-0.07710452298571546,-0.13217599480570374,-0.13386728067579856,-0.06970451765161645,-0.00515585058742829,0.14508993918923885,0.30054900630581827,0.42315031079595755,0.5302620916278631,0.6231996839994665,0.6358536558873293,0.6881059743103162,0.7574943648934447,0.7863723262073119,EMSC-20141105_0000059,AC01,8.0
341,-1.0528791668669113,0.6242406582803035,1.0246078544496529,2.345605493635662,2.789408217621661,3.319213595007473,3.4652346058033316,2.1812932590608067,1.7955745651051607,1.0683195438848387,0.2201252180901232,0.0838144248488657,0.08197569622184453,0.12289571267931532,0.22317446763018722,0.28897183240346624,0.39367925432760664,0.4772942502600781,0.3392483144300087,0.31313528770353205,0.28550643955277444,0.22949033191886414,0.20403071240566817,0.20999011743849394,0.23242862965007305,0.28239406103341214,0.37425799761712675,0.45934795460522615,0.6574348113573203,0.8501239167913619,1.0036251814912127,1.1413379791076235,1.2559951143529986,1.3000197724341707,1.3826862310073658,1.47190517754081,1.5188927441652957,EMSC-20141105_0000059,AC10,8.0
342,-0.5622911505597352,0.2488875890786435,0.5437085823755146,1.308562054032158,1.840235546173815,2.109053176203347,1.929735510534997,1.269178164226001,0.9429386430339419,0.4017508481783545,-0.19934970501378135,-0.38161776485402044,-0.23364258391161563,-0.14949697284802177,0.0004974618621940152,0.22415136974390393,0.30553526517626217,0.31325721635858894,0.244008325704554,0.1607033134926228,0.13405460416265846,0.0387608621101041,-0.046617856954543235,-0.04097694534513252,-0.016962447996726304,0.00019588388015900904,0.06883704606660412,0.12826560424767752,0.27646779080494177,0.4214960021570171,0.5339879261477183,0.633340718902204,0.721763142029177,0.735512102537756,0.7891186692441003,0.8427423261212539,0.8761925274641698,EMSC-20141105_0000059,AC11,8.0
343,0.5052470090255863,-2.1999836880421917,-1.837322087596501,-1.4126712688233418,-1.402806565479679,-1.184661313484236,-0.720722048667664,-0.7536653295077862,-1.0418900116857053,-1.0625323706532974,-1.471897029057148,-1.7741972882290558,-2.0500104606571785,-2.228866508575262,-2.2415782005712295,-1.9761409294955286,-2.1504983750156192,-2.4233119677962947,-2.5962243398577414,-2.690401693882281,-2.5095979725655777,-2.5375064706607375,-2.5372052491531587,-2.6785379125602393,-2.426666022423559,-2.482275517530768,-2.5219898198976534,-2.4595718600857612,-2.096063845227608,-1.7292851659787853,-1.788306839819663,-1.6642662856413573,-1.5199915971913427,-1.4019279810717382,-1.2561517828635296,-1.0571361080506883,-0.9478661284915937,EMSC-20141214_0000047,JOPP,2.6667
344,0.16795671411294233,-2.2228655921925373,-1.8113094258606246,-2.414929346602314,-2.503114980475411,-2.6397842772285074,-2.7182399001788724,-2.8845015469523663,-2.8171282539481197,-2.3186187794303406,-2.0525737450209487,-2.2349949189245644,-1.8755031900838715,-1.971898762478216,-2.1023889441443178,-2.0806616028614346,-2.307842202124272,-2.2905179735430004,-2.635253818905456,-2.630656447091365,-2.678736810453101,-2.7305706582905334,-2.8881472059143487,-2.867413499855271,-2.919577949505202,-2.8611516736481324,-2.610787871644451,-2.1511920933297386,-1.615426286781732,-1.354803106157993,-1.4157940417963175,-1.3821977049095242,-1.1741477168404941,-1.3207161057551922,-1.31896137470698,-1.2878497352620037,-1.2474371120427303,EMSC-20141214_0000047,MCEL,3.2
345,0.3456656276030663,-2.85957684582565,-2.4578683765526605,-2.345193518896096,-2.4161863918219932,-2.5563762714971734,-2.6265680222333216,-2.742116900917271,-2.7483508199931093,-1.9620431965921261,-1.950388165158734,-1.9066821968022145,-2.1534430502044835,-2.09736417571596,-2.4395670944345227,-2.675201923670935,-2.689665384174999,-2.9700660558100545,-3.18160358160843,-3.019287313966073,-3.1350678974315223,-3.1817060115811753,-3.4038644177003263,-3.1412147619066673,-3.122327293043881,-3.1269822444859496,-3.021601557615746,-3.0512450673393126,-2.853341165535845,-2.6764203729780593,-2.236238470390573,-2.0693388839507563,-2.0031479190749604,-1.9354949338023353,-1.8517126520855438,-1.631538264188782,-1.5241104206367257,EMSC-20141214_0000047,SIRI,3.2
346,0.6407072734272563,-2.88794577539859,-2.5941014872113826,-3.2455398661965216,-3.3076599746362856,-3.427258097272908,-3.4840660524468063,-3.59598738772522,-3.5172429837702905,-2.900919920235525,-2.7104044630060358,-2.867025123175635,-2.512544426314827,-2.639110672436651,-3.0495150384697602,-3.192065195562291,-3.237573819956692,-2.9805129598224536,-3.262424179568997,-3.2710160401884494,-3.1324784523705738,-3.169392321296055,-2.943819752428114,-2.9061527736148562,-3.0804954535067814,-3.0833659207022226,-2.9557382833305397,-2.828505135436421,-2.799047857619735,-2.5512798473459792,-2.310097386762937,-2.161593789069178,-2.226061711302867,-2.1007799411267154,-2.1499922714509054,-1.9050572535013561,-1.8923819131512918,EMSC-20141214_0000047,CUC,2.6667
347,0.5869724163974088,-2.5441654392739483,-2.0219610285887946,-2.907442811772583,-2.9421938519545634,-2.8132278338228485,-2.4803993266224857,-2.699201463934994,-2.5919820576838593,-2.680273965632212,-2.582460381402507,-2.6780443823058846,-2.6024249505047017,-2.5806560519201955,-2.796470733502959,-2.7369539762375705,-2.661153666964484,-2.6875594754962346,-2.856748623224549,-2.7535610674127664,-2.7678166921686636,-2.9926178476927863,-2.933137993240866,-2.6974661248555005,-2.862872567510294,-2.6248108279141853,-2.4864898262244157,-2.436322353805652,-2.3354880973273016,-1.8806309556715597,-1.5487784585587843,-1.46314195481032,-1.4588628554527467,-1.3021374905877234,-1.2987830851100188,-1.3996806571925173,-1.341650352331623,EMSC-20141214_0000047,TIP,3.2
348,0.3247355552891653,-1.0778520082518002,-0.9600374312634621,-1.490620735529304,-1.5614205460203001,-1.6775265725711321,-1.7724211226633138,-1.2879947673572776,-1.7234382383323057,-1.3606150312430718,-1.2871864396474253,-1.1525189395718725,-1.1262115242767488,-1.2894890585166134,-1.1730690371653498,-1.2813991718329287,-1.313904069195531,-1.0448303038162159,-0.8781805744424869,-0.9061884183554492,-0.8494805811649755,-0.9504750441372076,-0.9942731875992665,-1.0702476376678485,-1.0980053751630718,-1.0762168485582002,-1.0869354421216766,-1.0499905204048456,-0.9932931966399021,-0.9533121966908986,-0.8736094011360347,-0.7958080630632569,-0.7916982345091057,-0.7784714159120352,-0.8181097450935599,-0.7543173120938533,-0.7070792041672966,EMSC-20150113_0000040,KTHA,8.0
349,0.5237129604864963,-0.4896692342591997,-0.4726726070684588,-1.277302667302723,-1.3288914792651854,-1.2983649962762875,-0.7836382643803628,-0.9195210323376761,-1.3559837164930615,-1.2089901663887428,-1.130738522562873,-1.1777534165651078,-0.8367910479319063,-0.8504001407912121,-0.6475873694034471,-0.8386959776422618,-0.8183969494617962,-0.6618120768449227,-0.41531002664194805,-0.3249257678430748,-0.33396590978132057,-0.33300224502760756,0.020129435948585517,-0.035231938702082743,-0.1709910575611584,-0.16589514084577495,-0.2697994449054022,-0.3736721362365998,-0.5499097677835074,-0.5816975886663744,-0.4196814250126746,-0.47502868996554426,-0.3786387133091882,-0.25440476742887874,-0.35390304063431444,-0.30795804777181424,-0.3189280568910853,EMSC-20150113_0000040,ANKY,8.0
350,0.5190029961691183,-0.9323733545358728,-1.1081046117038618,-0.014467246523651056,-0.004585047804717135,0.19857851253026304,0.4615811259900582,0.400656423263948,0.2387892911171665,0.005403756923296754,-0.09709748443858679,-0.18891815889042896,-0.08968942378056433,-0.33410579303191845,-0.041998608116781355,0.1310936441752144,0.060290107425499784,-0.09671261564352918,-0.5095815588600328,-0.5702847755634064,-0.7025348066412267,-0.9769540480915833,-0.9209272958691788,-1.124386974903187,-1.2171489659073167,-1.2430443323611922,-1.1546610097496615,-1.1120633306536174,-1.5383185953334468,-1.3926544231602378,-1.512610912557804,-1.5150144862031123,-1.311983919742735,-1.2689909954158392,-1.3539829204716831,-1.33751321527963,-1.3043554536665525,EMSC-20150113_0000040,DION,2.6667
351,0.4999401202981075,-0.6187507552934584,-0.6291429533871984,-1.118298890595467,-1.2088319969871337,-1.339463936724659,-1.3980777344508244,-1.440927303535184,-1.5220572789885365,-1.0249171816526115,-0.9605651756134321,-0.8451122313404529,-0.5964525474664883,-0.4470147206421897,-0.31963445079698705,-0.2982212747455426,-0.4012281586225681,-0.38668854873149083,-0.570012371992247,-0.5501012331294399,-0.4638885155603383,-0.45775718762278395,-0.3786023916505892,-0.3617896905964155,-0.45786607495608855,-0.5082683534905499,-0.6361414233489757,-0.7113642996048188,-0.6919507669212663,-0.6524716665823629,-0.6504414719983824,-0.5734423057287419,-0.3188525346480233,-0.580904514262059,-0.6472271460755579,-0.6431007133186029,-0.6722307429282708,EMSC-20150113_0000040,IMMV,8.0
352,0.5367162920452562,-1.2262021793904925,-1.1627744515999865,-1.7112146619567419,-1.8006472677433694,-1.9569057453091752,-1.9980941294849632,-2.1332484699103036,-1.9802248879418043,-1.367227570418863,-1.2407215762430912,-1.5507211575766409,-1.5210636756084233,-1.161211747789542,-1.2520593451423476,-1.2087689205227665,-1.1232685020981696,-1.0215215937525217,-1.0710047512452894,-1.2163636297125642,-1.2776648173811243,-1.442363103630047,-1.4129295616588777,-1.4064673277856512,-1.426288931366802,-1.1643396264142378,-1.2986048064770959,-1.249717318458961,-0.9126869798024249,-0.9917754243349766,-1.0554853410844043,-1.0685007182059678,-0.9994295095361387,-1.0806923692129171,-1.0780162271625162,-1.2179053171660907,-1.2149357123772546,EMSC-20150113_0000040,ITM,8.0
353,0.3247206390444286,-1.1170485580147433,-1.024889784838967,-1.5140307963208146,-1.5840817727731853,-1.700886004405933,-1.7946742001595775,-1.3093465265039903,-1.7470563416190847,-1.3846303501018777,-1.3125035867739063,-1.1788469570665487,-1.1527347025593917,-1.3162946564517188,-1.2005849968487174,-1.3088268102921896,-1.341223956108026,-1.0736306899905266,-0.9071321482272854,-0.9352280718323662,-0.8786254156744189,-0.9796080731228445,-1.0236123171878067,-1.1009879512590972,-1.131668513669931,-1.1120124740572281,-1.126895738709547,-1.0932845458199383,-1.035967765064699,-1.0276306774049146,-0.982728233216223,-0.9070293493908483,-0.8943500744539747,-0.8804661975308292,-0.8839992911673402,-0.8439492776400588,-0.8207969029218987,EMSC-20150113_0000040,KTHA,4.0
354,0.32263594672874074,-1.8494586516446931,-1.7485012565348796,-2.499255244667891,-2.571455802524742,-2.7257591151271345,-2.7413769166512116,-2.649850978881143,-2.7528547198609825,-2.7177711151415753,-2.496904878455335,-2.0329051601316186,-1.6636061186916153,-2.1933254305091374,-2.3166812600780204,-2.3541064983740627,-2.536382419560308,-2.014280115642098,-1.9052174715598529,-2.0279043102347822,-2.1732201990711815,-2.0754745363875466,-1.9463983490751735,-1.6314576144817199,-1.503690649946316,-1.6718152647730848,-1.7959333050863675,-1.8006882810733496,-1.7220019621820253,-1.6314016706334016,-1.52216953555536,-1.5665484192980799,-1.5539124082696674,-1.6311937748948093,-1.6868425109490257,-1.6590002499547687,-1.6427069650173554,EMSC-20150113_0000040,MNVA,4.0
355,0.7269150032701615,-0.6903171372712453,-0.6587815960507015,-0.5550011485618747,-0.5800825043366142,-0.5620749408653687,-0.3794689085413392,0.08210307151844098,-0.5416363388001919,-0.224100546316512,0.08095252905675476,-0.4112084577037338,-0.4720352895585753,-0.4719121181536732,-0.3889870825792716,-0.6492713826664964,-0.6430934303989595,-0.6758071174945268,-0.7224650177252272,-0.7288846040298829,-0.9527388328607547,-1.1478395014868887,-1.114619560733738,-0.7216706191897018,-0.5203992185735995,-0.6308978863731145,-0.35737915373480966,-0.681496949494024,-0.860570922611803,-0.6737249391361679,-0.6150180405728598,-0.32789010545559805,-0.6176152384551319,-0.7202652749359739,-0.896010307479786,-0.8716096077478603,-1.1907151840877077,EMSC-20150113_0000040,NOAC,8.0
356,0.08519302055957745,-1.3427054920107757,-0.8996487300789031,-0.5809190522043588,-0.6286232462753247,-0.7145659119758818,-0.47766555817727774,-0.0688335284216377,-0.44195064445421384,-0.6954556267274201,-0.4609024170089375,-0.7575461176797438,-0.8107018346517609,-1.5087775500399188,-1.7403975782311196,-1.8937206224172272,-1.9912943918346508,-1.575155918746435,-1.6452279559404026,-1.709577206948249,-1.6052931881993757,-2.043152293870744,-2.2095996185972666,-2.1916256838870307,-1.699876225831824,-1.4994952160134396,-1.3822611534639133,-1.419270439197069,-1.1043744749017623,-0.820057283954231,-0.6399519887029257,-0.642058194147527,-0.4334646930418362,-0.4603246220328021,-0.3379938339397146,-0.3277788624178051,-0.3154893125659193,EMSC-20150206_0000034,JOPP,8.0
357,0.31908239403435346,-1.075184078614484,-0.7791324057807927,-1.0346434462808594,-1.112959205498047,-1.247805947539348,-1.2563990852686766,-1.2110326859222669,-1.4674514544577715,-0.798435029430868,-0.2565478228949054,-0.5661346969570049,-0.7379913447006379,-1.211624883013788,-1.7520770126466774,-1.8698533243459208,-2.0292277452503216,-1.7251994585432238,-1.7300593709880685,-1.5212236035882363,-1.3652681194350684,-0.9565946666717018,-0.9484129345873455,-1.120539903670192,-1.2464956171231663,-1.2147031917191775,-1.2918267774844612,-1.0596263906669368,-0.7975866168142893,-0.8316593432152111,-0.5639808395133628,-0.3882824758093104,-0.3153618592174148,-0.3637098980190441,-0.2868211414580166,-0.2951566469225071,-0.1455927447669989,EMSC-20150206_0000034,PIPA,5.3333
358,0.14908514129292838,-1.1035564458745721,-0.8090342325424533,-0.6067918102159142,-0.6893786548208238,-0.8060807533423979,-0.7967860697463731,-0.9252565354428244,-1.0053344350435474,-0.6856543884511117,-0.16987955384974995,0.21526587299103728,-0.4443820340710998,-0.5701663973439386,-0.8576390071465916,-1.071878903980788,-1.0059341335830192,-0.7294445417904916,-0.960985616409749,-1.0785467597090248,-1.1945946779351573,-1.0868458906865124,-1.0273917957254701,-1.585456730494771,-1.6962577548553384,-1.551159737670778,-1.472161581088553,-1.354123942401479,-1.2481470067504539,-1.0321503659500237,-0.8749266980787116,-0.6024209099508884,-0.464381354552847,-0.3909131620628479,-0.16623883523454985,-0.1605229314705401,-0.026886407888516928,EMSC-20150206_0000034,PLAC,8.0
359,0.3934641387953284,-1.6797815170798494,-1.1935714208248065,-1.627831170359527,-1.7114521283190065,-1.8719982006151081,-1.935992517437211,-2.039423809479648,-2.074879457099466,-1.7453921253263838,-1.0936002415130393,-0.521921122087309,-1.3801345436571388,-1.5777461936196184,-1.9818031944919188,-2.3496122665473322,-2.48922507037984,-2.659494987752561,-2.7275129626023045,-2.5533761930976935,-2.422907902563251,-2.2223603833716012,-2.2171299136531317,-2.3055061015466602,-2.231846962518258,-1.9935908058659315,-1.8273268076961795,-1.6764661884748016,-1.0557755631104477,-0.7050479190383268,-0.632215983406045,-0.5320476358580155,-0.48968639461797103,-0.5318879113485373,-0.5451747361681445,-0.6024790082140505,-0.5314180659587233,EMSC-20150206_0000034,SALB,4.0
360,0.17695207456680295,-1.126151857055925,-0.8942746520645866,-1.248528613935795,-1.3305446361984572,-1.4730481306797607,-1.5264434830525646,-1.5196622774329205,-1.5150808887758505,-1.4054891677904973,-1.045784637431546,-0.578778552787127,-0.7426989818736027,-0.8919246909098266,-1.3697488775219586,-1.7856614209232138,-1.7693207017420027,-1.3125439863793789,-1.4075566666569976,-1.4701758983705826,-1.399922822710737,-1.2646793272081869,-1.3613463204981588,-1.3398155832643983,-1.2723006846931177,-1.2192758278431057,-1.2011554513193605,-1.2294856055131387,-0.9236786896999938,-0.8215288963043648,-0.8308984432596986,-0.673101348462275,-0.5694564185924698,-0.5609074830831915,-0.3786754714011398,-0.16912064559489437,-0.06768787123753306,EMSC-20150206_0000034,SERS,8.0
361,0.10680186710025996,-0.9782247033973057,-0.7044450645687146,-0.7140409954855151,-0.7084402828119005,-0.5804843994992899,-0.11464691801863047,-0.4151889386738663,-1.0179946106733446,-0.637144447008219,-0.13170359998630854,-0.22207295030468366,-0.49108606368731955,-1.0726925955338045,-1.4608315710753343,-1.5735689960176789,-1.1984548046675334,-1.1637682717673945,-1.1883557750860927,-1.0570267063959067,-1.0882742042280418,-1.057873195570906,-1.1187723759892716,-0.7882377376619374,-0.5960021776907087,-0.9007766654812723,-1.0607074305392494,-1.1882743712730797,-1.123266635113147,-0.928139316423545,-0.7069082315998205,-0.6377591841321397,-0.46294598572281664,-0.30270245194460266,-0.19142380553724614,-0.04596175504232036,-0.03956980639093288,EMSC-20150206_0000034,CEL,8.0
362,0.8032818086511488,-1.9683271264754474,-1.5080870345067527,-2.4624744560759826,-2.522773502962962,-2.6044927531347106,-2.6374349738582072,-2.47253886556284,-2.3544892496425884,-2.9410886068664404,-2.246885509506228,-2.328809625568649,-2.789136148225114,-2.7589612372452326,-3.1985010102837785,-3.368796593058793,-3.3087803522578634,-2.9996419078795187,-2.4525424525332102,-2.3914473773340665,-2.4287702083633285,-2.2833448595944414,-2.1576871287530555,-1.7336411305976114,-1.8508282736618984,-1.8385888856078765,-1.6312320512736598,-1.7654032160614062,-1.5542095507699614,-1.2706441980768357,-1.1402475314668514,-1.0206155728235462,-0.8673979834535022,-0.8475285942549569,-1.0205675499926485,-0.9007325332673695,-0.9307988903601547,EMSC-20150206_0000034,CUC,4.0
363,0.23318751425624917,-1.1521247239014034,-0.7869379896391475,-1.7650685017550067,-1.8541882052548457,-2.0019656356240887,-2.010242823158113,-2.060845814398893,-2.1719464740975596,-1.7966462800286216,-1.114322030732536,-1.3423366638916328,-1.445752082606215,-1.6147295777117296,-2.097403853578654,-2.4588893489668013,-2.225407239249267,-1.8212728802435594,-1.4546636241923956,-1.4068935883534488,-1.3172010074344547,-1.304513498276405,-1.3756472735224765,-1.2507758500020234,-0.9387172792287188,-0.8615642917915345,-0.807558369679402,-0.8443481411062095,-1.0312140370944771,-0.6754922783851782,-0.432964608524685,-0.39856959196388964,-0.1987717455957405,-0.39550139089578096,-0.24745430191296336,-0.18192880560168412,-0.12068449525141389,EMSC-20150206_0000034,TIP,8.0
364,0.24216178950999634,-1.441335309178763,-1.0225906985063151,-0.24535073295946663,-0.23258896153222697,0.28025819043849687,0.19271401601937121,0.31033624408396143,-0.34129299859521467,-0.12306344297337457,-0.6297911137470251,-1.1554034357952991,-1.3640117425344762,-1.7386260498590334,-2.074407824535779,-2.223264621090072,-2.3530251128559083,-2.010579489150083,-1.7921992344583861,-1.679084211055537,-1.4801243862864482,-1.828145869803543,-2.0178435040342793,-1.6685203746130455,-1.8319070172782634,-2.0243058518516133,-1.8666602459751491,-1.6414221589521478,-1.1254763136574635,-0.9590495370949288,-0.9624975195245522,-0.8662890821370404,-0.7682725381829787,-0.7127016207301331,-0.4632994053430384,-0.2578881711892844,-0.12252566198408488,EMSC-20150317_0000032,KARP,8.0
365,-0.07069549391641772,0.6159991919825245,0.8449465574998865,0.5007361572819313,0.45012934754114653,0.38570521466959207,0.5189969772241465,0.744749463933843,0.6006617565570913,0.7874968684805825,0.528807491092155,0.9269005164083506,0.6893193648367371,0.20083256472697553,0.02683513516136493,0.3416673874935663,0.3153666617286266,0.2406154212215883,0.3450551370965931,0.1577271367484343,0.2548452878134029,0.7021756914024646,0.5916896055586331,0.8434335237313872,1.0686919595271718,0.8453945283458708,0.7368108897055485,0.610499391979797,0.6096248753194669,0.6891058191649417,0.9195410461437383,0.9364818024267461,1.0584195745852352,1.1223920592137464,1.3110656081839913,1.4323479645022044,1.5282491141863144,EMSC-20150317_0000032,IACM,5.3333
366,0.24613358563370946,-1.465141991507263,-1.0515450113623732,-0.26530458685439307,-0.25259996239892146,0.260479038759601,0.17310020152985572,0.29054563779131737,-0.36133052982382896,-0.1434839008786124,-0.6503717279027299,-1.1760809668533252,-1.384573012714057,-1.7592635310965932,-2.0951859576502727,-2.2440089225774145,-2.3736436278709583,-2.031133228489182,-1.8128680349202284,-1.7000142439323245,-1.500851409610478,-1.8494830249098433,-2.0388727349281632,-1.689684705975476,-1.854502602788525,-2.052554653922579,-1.890668586182942,-1.6696131404040067,-1.151918790825098,-0.9845885746540812,-1.0111196121219752,-0.9306376032588162,-0.8042518719620588,-0.7199739320736906,-0.49031262010093535,-0.29881644349898195,-0.18931991186414798,EMSC-20150317_0000032,KARP,5.3333
367,0.045376436048457425,-1.4248256509725792,-1.0663949084372533,-1.16762880658578,-1.214716641980746,-1.2476280345365005,-1.2414631754258645,-0.9464335839812961,-1.1384653610662747,-1.1042913922838418,-1.36718234936491,-0.9851513291876621,-1.509962099907213,-1.8186868113772992,-2.048345278927475,-2.0768628043542456,-1.9368070607311303,-1.8745644539807662,-1.9781590174704862,-1.9835750211815748,-1.918998743325739,-1.6115548426118513,-1.5301693685556206,-1.574403892729281,-1.6097992363816367,-1.615364227740388,-1.4546980046461524,-1.397909584297425,-1.1312556244330167,-1.052389572340374,-1.0496830116357945,-0.8215468860698767,-0.613814214103968,-0.541431433604993,-0.5040115273301957,-0.19868167536711745,-0.15402515092695523,EMSC-20150317_0000032,ZKR,5.3333
368,0.6319970672028008,-0.003934702640098209,-0.11807451250172107,-0.47219104252296606,-0.5441417076577952,-0.6325014136516938,-0.64295106732283,-0.6161066344428052,-0.565910963534364,-0.24475966173356412,-0.2521892287739158,0.08965873720065964,-0.05501772090977486,-0.07159948763299173,0.10292203115054388,-0.3242254048359863,-0.40345991423556793,-0.28997038449821133,-0.1945294637451882,-0.0850441475580137,0.19398796959455655,0.013567659033188129,0.3091621427715978,0.028193668152098006,0.11937702715577458,0.05531708500268273,0.11999121985133598,0.2854985459034278,-0.12616535454764666,0.0038990435662533685,-0.08371921456471476,-0.10974659924607089,-0.09435772421967847,-0.13965071195681666,-0.3302861565437869,-0.4030677896606303,-0.246685071824837,EMSC-20150327_0000107,IMMV,8.0
369,-0.451007299011029,0.21026244747423384,0.3236027901369143,0.6808456322416081,0.6390247207055988,0.7545065764113428,0.8795897394736669,1.110874931875442,0.8561149264056382,0.8533712489311913,0.6283461395900201,0.38227562231732515,0.20291379481200833,0.042537848416619006,0.42605228452677313,0.2694978394591194,0.4034731310431292,0.08457734116614457,0.25316685402534844,0.30484435402768817,0.32280211591504493,0.3297271258055652,0.15401661387869492,0.3777155878573133,0.49351986621642485,0.4282421072717604,0.2614490745811011,0.09054588730699908,-0.006237204302332877,2.0461087333778494e-05,0.15660850951119087,0.31467188669244806,0.42928666401933313,0.4511798070804698,0.47047434173869895,0.4951437228951736,0.507024872960363,EMSC-20150327_0000107,KARP,20.0
370,0.6529197556068627,-0.10292658908634778,0.038271586117154754,-0.05983180998793003,-0.13104840267041062,-0.247538407515715,-0.15990746028878622,-0.11323442367331182,-0.014276917433429404,0.42242941662696687,0.12766582628522993,0.020170670626407095,-0.1586798022750706,0.06471345204693435,-0.13258734499139901,-0.30026048292090124,-0.4510228188079335,-0.27049356748554754,-0.29791174137872467,-0.3102897942647349,-0.20473180778562572,-0.40693188481824194,-0.25447705678679355,-0.014002076594048063,-0.12979672999532532,-0.0830414478842254,-0.06090501459998521,-0.29651108537985493,-0.1272934445332865,0.21307335353169954,0.22309142517421243,0.15619195340952707,0.3429419254508552,0.3399925056184312,0.11488430107258729,0.09873651367773384,0.05769893271376958,EMSC-20150327_0000107,KTHA,8.0
371,0.7783398241637154,-0.3321787077491134,-0.1822512738939306,-0.9006294624125477,-0.9586973512397172,-0.9486759252630943,-0.7756740809277458,-0.9842822898935246,-0.9337649808446953,-0.6287272309488241,-0.7804246341246523,-0.826674160312141,-0.3032732130910816,-0.548692191245447,-0.5927698572007989,-0.624797579037299,-0.79166612971059,-0.9705228877074816,-0.7745461083821832,-0.6184875728235326,-0.6274158947715813,-0.500125802900854,-0.20237361306737967,-0.05322465526772824,-0.03845106992023872,-0.12848359209742988,-0.35686981013544816,-0.2020626057415651,-0.14269149212633536,-0.1789526761579161,-0.03077634656996686,0.19964066656523904,0.11521241540768656,0.09029276987150503,-0.0024209310054263966,-0.13214609122255716,-0.33776754632973827,EMSC-20150327_0000107,ANKY,8.0
372,0.3529186765163308,1.0236222506481125,0.820412352989889,1.02118343420495,0.9349257257066386,0.7819728846745191,0.7731557057012681,0.5882355642807848,0.6770099330649719,0.9729667855546102,0.943666755382484,1.331270988259666,1.6633788785976908,1.6406558788106334,1.7711587296989206,1.6125317674025297,1.333165800956138,1.1879324576139787,1.0162034325693945,1.0031662462449074,1.184340799469239,1.448046442186686,1.3947510761481077,1.4331071277417529,1.3241919364236008,0.991270829286317,0.8122709647617699,0.8422229955388456,0.5650296395718737,0.6737673952912342,0.5392706219434427,0.5643749076771449,0.6420376411533297,0.6788681390047326,0.7632989987209182,0.8135831955245081,0.8234009734325536,EMSC-20150327_0000107,IACM,8.0
373,0.631897067202801,-0.002209286374370123,-0.11650291965276871,-0.47118396887202696,-0.5432043250999001,-0.6317125052838213,-0.642231993844975,-0.6154823932431848,-0.5651849176541432,-0.24380756564199935,-0.25097482490343026,0.0910069598117369,-0.053521467018739166,-0.06999386235482508,0.10462239823363273,-0.32247161220571563,-0.4016583308248274,-0.28806460780900434,-0.19254679977462885,-0.08302707132065734,0.19600327926525818,0.015579744713323684,0.31117134449389994,0.030164654530771884,0.12131570292179461,0.057215619733820944,0.12184288876839844,0.28730829192123863,-0.12442960016214855,0.005514759612506026,-0.08216267381613385,-0.10824131847192398,-0.09289172693610759,-0.13821985495300382,-0.328927322543521,-0.40177197802212916,-0.2454303930598698,EMSC-20150327_0000107,IMMV,8.0
374,-0.451007299011029,0.18951554144058402,0.30316752696736415,0.6601219737911346,0.6183071756438485,0.7337553123768532,0.8588075583715891,1.09012465168686,0.8354271567658791,0.8326854164552957,0.6076314228514357,0.36155680119604705,0.1821732903023654,0.021789558069012394,0.40529190160844664,0.24872818697009702,0.382709205142719,0.06378924963041044,0.2323747429190952,0.2840413154286656,0.3020046084427248,0.3089300440467264,0.13322786534865472,0.35694141287907843,0.47273040945177236,0.40749401552356,0.24070354712937547,0.0698344682369667,-0.026979165841158448,-0.02069286619873356,0.13618106212100756,0.29435755904165184,0.40907090313148764,0.4311375327782674,0.45078383044421244,0.4758140198359371,0.48804184715052124,EMSC-20150327_0000107,KARP,26.6667
375,1.2735905448632736,-0.5667606637630254,-0.41015117202008433,-0.8090440313057101,-0.7382932252825336,-1.042932663762282,-1.115712864338266,-1.0867092650862347,-1.3199656876717292,-0.7682315667768629,-0.8069255902761894,-0.6008018053790813,-0.6401849525267211,-0.5762797673258531,-0.571485491166281,-0.3453770331949553,-0.5771093086913011,-0.28136581702082886,-0.16323906093355411,-0.43709804896532756,-0.6943112675831404,-0.8137221447833864,-0.8172244027272795,-0.47627031998673264,-0.44018974157176416,-0.5674948867783289,-0.8095479219523245,-0.643964831374122,-0.5075244453098406,-0.477751611970751,-0.3271904613066585,-0.3352077697978313,-0.14857881498868863,-0.3557001743900159,-0.27191816034927285,-0.40406006218973367,-0.5913896689166513,EMSC-20150327_0000107,KSL,8.0
376,0.6533197556068626,-0.1305893453100886,0.011250825570039424,-0.08450746594793301,-0.15543564170202728,-0.27131096771831054,-0.18339645514913716,-0.1363286799615091,-0.03779219430469105,0.3979868653007639,0.10213224042702862,-0.00592432927062525,-0.1853907942605275,0.03754987286585454,-0.16014435200268284,-0.32803875544907424,-0.47899756326212817,-0.2989041441944851,-0.3266383221940723,-0.3391614935909111,-0.2335949235061383,-0.43578472286195336,-0.2833158479008464,-0.042681376157709394,-0.15834256290140836,-0.1114203447151283,-0.08909186619927212,-0.3245272070068186,-0.15500954974061543,0.18586796182514398,0.19612901804146077,0.1294657788643896,0.3163696148956774,0.31355773641815077,0.08874050260996036,0.07290001007793911,0.032060357139179985,EMSC-20150327_0000107,KTHA,8.0
377,0.11121306293958444,-0.6622103760805,-0.8504692448815021,1.213889195923076,1.2151846921160105,1.2445102610165426,1.30509940453301,1.4515298103819942,1.727135632206287,1.491471052313159,1.7809197688526126,1.2453830491178115,1.2140578500277854,1.0683326296605475,0.3434915930431641,0.10989225797250146,0.0052525651713146715,-0.39093477280291555,-0.35843746188812187,-0.6884038295823016,-0.6914550729726479,-0.9220487148271488,-0.9848792073638899,-1.029641749066644,-1.164978391199285,-1.1414538526870786,-1.3973145604387813,-1.3362136359476686,-1.391829317604783,-1.2284661416834197,-1.340634253129668,-1.3006910764204207,-0.9530158333045922,-1.0710382468691932,-0.957109541439424,-0.9737292691129298,-1.1376109175017817,EMSC-20150327_0000107,TNSA,8.0
378,-0.23359848847304354,0.6129051039827234,0.634470242929436,0.26209645578574836,0.1917586602552488,0.06927000907333714,0.0440425754031466,-0.1013116785951409,-0.002945386145245976,0.3026979169222006,0.3287308102325439,0.39574805117709966,0.35905690408244695,0.09624856860496145,-0.08656906233521244,0.11793162792750156,0.46114627875907566,0.565736478555956,0.5199812513312052,0.446381286497445,0.4959370289298102,0.6670155420727042,0.5768931880846937,0.7559521741630313,0.7855234720093742,0.8114471757150401,0.6680401514291159,0.7804638834995741,0.7749372914184143,0.692476576877942,0.6885162399990818,0.6854242999901565,0.682009432991503,0.6043335622727017,0.5824928653993577,0.6681213797647949,0.6831073225585858,EMSC-20150327_0000107,ZKR,8.0
379,0.7649990838565994,1.0409117906802807,1.0815020307613166,0.8750235190965805,0.8011522873219334,0.6622184382355911,0.7140106051090429,0.4366755491360692,0.4613321497811427,0.7788200080044341,1.2556446532776215,1.151150527747534,1.3442932923105562,0.9981566927107641,0.7868731008493102,0.9361779230700931,1.1630068194310343,1.1143688513412897,0.9000485010147088,0.7514933594223994,0.7608855461765289,0.6681812305764767,0.5567181316869965,0.5787609679662662,0.6856326381107856,0.9718545816286781,1.306254804138769,1.4149947343103202,1.3179121494878707,1.1106936787818817,1.132610116140202,1.1938380952402348,1.2251645720916908,1.1017587958540531,1.0385745172059675,1.0833374886866576,1.04235941360656,EMSC-20150327_0000107,DATC,8.0
380,0.8606907801212174,0.954279383394824,0.526846914315982,2.1152655127884605,2.110723723298043,2.1127109118453324,2.1401292979710265,2.1296896905326195,2.2744889894120703,2.5937113897181066,2.5846666246043375,2.720435893271003,2.395305325694216,2.3066767142585123,2.098747286095736,2.006746496201722,1.8299051626312117,1.8043525347508886,1.5474814523712608,1.522612076439482,1.3204166566225295,1.166095505239129,1.2910174935400436,0.9197041865390236,0.5330139174618438,0.4006768573075057,0.49590762761267193,0.57727875351571,0.15702786149279468,0.05405225565431593,0.07416247081927807,-0.007658422901833717,-0.07554343992899604,-0.006528012922693449,0.09495471151259416,0.15997040463004453,0.1495370443823436,EMSC-20150327_0000107,GMLD,2.6667
381,1.0080655506053664,0.8920358464620772,0.7208401814617797,1.7661369828290248,1.798304313288388,1.8443030273467187,1.9165168278981408,1.950188104592188,2.673549040626357,2.36545890675821,2.205648908979912,2.132754207732412,1.646333717821606,1.3092382517844072,1.0756274862501973,0.9565305843432519,0.8343827803871706,0.7983088189991205,0.6805636820159862,0.5397278757410735,0.632989210336337,0.7210580565365632,0.5731043647344185,1.0082355180015563,1.1734295233144598,0.7793036497839179,0.8043586656463564,0.7036785694544587,0.5754741342776093,0.6051405979628637,0.5025459657696416,0.47277267574606796,0.5101070819093234,0.49444131327795837,0.33148013970055423,0.2606140589898729,0.24492785094902914,EMSC-20150327_0000107,KRBN,4.0
382,0.35204273963326527,0.4470255698346026,0.548147283352467,1.190066188811592,1.0959051002048117,0.9543737618978412,1.0409502703066718,1.064107720253796,1.0710605649609928,1.459904496162701,1.6084425303244423,1.6653591134678907,1.3931640480236975,1.5017630404530173,1.7086711361013327,1.4384339178685401,1.555424507692706,1.1077354939140154,0.5639527515699401,0.35935546872577717,0.3128417881363257,0.06680373509635817,-0.13270099934603863,-0.20684532209947193,-0.13486291897495217,0.026924387600130828,0.21847389105434356,0.12632639559622305,0.3250113015400409,0.47925077184337184,0.6456413871331215,0.6636199098167701,0.6413400655793957,0.6513059260849872,0.6294130446732158,0.6333788827647222,0.6268118972907892,EMSC-20150327_0000107,MRSB,4.0
383,0.7630311409356598,-2.3430986642132936,-1.8133956724616151,-0.8234453080335076,-0.6893878029149025,-0.18794211140533346,-0.27507163532456236,-0.48148628498502966,-0.41306270223890884,-0.9340106858466273,-1.4609510738712679,-1.6711075362909034,-1.8663865921282472,-2.3965689570163162,-2.750279898923985,-2.785996247035124,-2.931113201339212,-2.875417280281365,-3.0242102048235626,-2.796257910113888,-2.6374666140214025,-2.8974403309529064,-2.9577086476384773,-2.578792936696267,-2.8646461395185234,-2.7756666693770473,-2.630749801836357,-2.552996953116571,-2.222159262275369,-1.9785103751653406,-1.7065936467383036,-1.435021724752012,-1.3699793425812015,-1.2872253871845452,-1.1118849006309564,-0.9297156076141331,-0.8030729874090969,EMSC-20150328_0000047,KARP,4.0
384,0.4757477874145746,-1.1613300424523088,-1.0685110219548442,-1.5586306424738243,-1.6486877713650374,-1.7467880315799613,-1.8146247193226133,-1.739942770368824,-1.4230551998456562,-1.601098308895974,-1.6354915228289348,-1.1042350999644128,-1.281766649616574,-1.7316922322698343,-1.7389905213653627,-1.5035238486328737,-1.267709960837803,-0.7670877702977608,-0.8122972935646615,-0.8001417070752463,-0.7698443491552203,-0.8184810825250048,-0.8190158264562584,-1.008471779738695,-1.072158579417998,-1.0992829066204788,-1.1545782467275565,-1.1823493936323395,-1.2016021058265665,-1.16220616109781,-1.127120000637447,-1.0428840308047178,-0.9417586628100256,-0.9232647428715097,-0.9063682561710369,-0.8865512752862585,-0.9109956414794826,EMSC-20150408_0000038,KARP,8.0
385,0.4755246577976546,-1.1845503082465516,-1.099012539720956,-1.5791315340122987,-1.6691855552288795,-1.7665159383305111,-1.835049101129015,-1.7601362129442837,-1.4433161567494492,-1.621582477840656,-1.6561600285855897,-1.124847782103469,-1.3025390353174613,-1.7523835558545588,-1.7596634380957124,-1.5241055966751125,-1.2883941270956392,-0.7878688543968497,-0.8329576886885608,-0.8212719439084104,-0.7910053013951552,-0.8395641158855076,-0.8398116687325645,-1.0295378544105072,-1.0949238457242432,-1.1227518269647287,-1.1792646704881538,-1.2084788160249715,-1.227713844569763,-1.1875260706188673,-1.1553158596035864,-1.075312947456661,-0.9685007021209397,-0.9604104912332811,-0.962620863001554,-0.9598769434257193,-0.9915339242112768,EMSC-20150408_0000038,KARP,5.3333
386,0.7977698590025715,-1.4505161195756635,-1.4137368669005514,-2.3569020761085673,-2.434353213689228,-2.595644115957694,-2.6574929574866815,-2.842089453897648,-2.920097135673096,-2.505836692800348,-2.3234992125119955,-1.9550883141431612,-1.6438544909707034,-1.8679744990181932,-1.8684669707407098,-1.6341968251138717,-1.6354672793013636,-1.272676598082585,-1.472701422667967,-1.4487282938189123,-1.3382341096589645,-1.2734994523169503,-1.281168274006335,-0.7812038080040686,-0.9842611229086149,-1.1915606763190034,-1.541410811506747,-1.521617199130576,-1.2519748182856922,-1.335285738504071,-1.3145668262874626,-1.3733375162852823,-1.2448908399108323,-1.3882233386041705,-1.3322692062819783,-1.399731952057742,-1.487398233335865,EMSC-20150408_0000038,ZKR,5.3333
387,0.2968942638360059,-2.2332395282812776,-1.8224480897889688,-2.7715350567052504,-2.847325748310018,-2.9351024322506287,-2.8057179902883753,-2.7101826142988825,-2.744263344232606,-2.6494953477072176,-2.6150078132531345,-2.442188217827346,-2.413352742771419,-2.378681187042668,-2.0741588253058456,-1.971867449818948,-2.0603676524083827,-1.9052318030446287,-2.3477323489282913,-2.4962308176637418,-2.494076131054065,-2.5434844854861716,-2.440758261045751,-2.375684827808284,-2.265776928508574,-2.2319227667075783,-2.2625128816464066,-2.2642300784019387,-2.0531386387615633,-1.7025268947101928,-1.5971743878851647,-1.46164845420018,-1.3316446895709326,-1.3650209546081644,-1.0847910362467879,-0.9836586595391115,-1.0402931312494132,EMSC-20150415_0000060,CELI,4.0
388,0.20217361987367566,-1.8874359484090348,-1.4550902137605846,-1.2722192789743962,-1.337005962459422,-1.3550729677848699,-1.254793112279935,-0.7704689178119306,-0.681685858988442,-1.1413733617225699,-1.4593035842490476,-1.3964525774626644,-1.1628436524186707,-1.2451345449624984,-1.074476422396021,-1.341656700862572,-1.6225964356915705,-1.913531194268721,-2.0125389405920764,-2.0028153364535086,-2.0871879243619027,-2.336900775667651,-2.5411337404530077,-2.5128131718899276,-2.4441518948384395,-2.2632035086406184,-2.0886273737058882,-2.0626174394188617,-1.8393643219420763,-1.5243499676866303,-1.3856141775734248,-1.1918122621189209,-0.992329111848143,-0.8734194580822479,-0.6901332622817389,-0.4882645511572967,-0.3985794261568678,EMSC-20150415_0000060,JOPP,3.2
389,0.8337681760131228,-2.4231683628534295,-1.922393345461039,-3.5051374368663026,-3.5852622197787465,-3.7015264340337755,-3.6485607385803673,-3.611940613680659,-3.428942638564904,-3.519509251104912,-3.419835959261764,-3.324915282299121,-2.988513869438532,-3.1491515369019067,-3.072908468472379,-2.674516872785569,-2.498072624485861,-2.1497133954859216,-2.3665344807404978,-2.4637025077766825,-2.4091140902819888,-2.2282429345594235,-2.264702194360579,-2.51957426549021,-2.4954867329957757,-2.5754031565294433,-2.5338050691461422,-2.3210491984558015,-2.04481955903319,-1.6720498757657918,-1.4305678006249867,-1.4618177771949306,-1.337943373317108,-1.2698388596090453,-1.1914716466624888,-1.2087461258756012,-1.1367986281534765,EMSC-20150415_0000060,MCEL,4.0
390,0.32662372049199506,-2.1563614078570623,-1.7823244731773968,-1.840827164859375,-1.9165311241412235,-2.042002702996273,-2.0538335363778097,-1.6815170557677552,-1.9709438492689833,-1.6055383512822692,-1.473935997972772,-1.1653951453768716,-1.4992177891610536,-1.8445316466631478,-2.015321550321646,-2.066685990958444,-1.8052028050640958,-2.070124120841186,-2.0959542888397227,-2.233983096609002,-2.2707211039637762,-2.2353120825212844,-2.5893112076549016,-2.413374694085608,-2.431733842647093,-2.5863155268497273,-2.6145344663074077,-2.4046714785909398,-2.0537197981980597,-1.7970205643653525,-1.7376966494325767,-1.6481047372279676,-1.490867929777714,-1.2721776652369066,-1.1020565208136102,-0.8518532658657065,-0.8232739428068587,EMSC-20150415_0000060,PLAC,4.0
391,0.31055719205870824,-2.0242403053538904,-1.6617065218119151,-1.772235329919189,-1.8609690075353242,-2.0282684347338362,-2.068426179042839,-2.1895053855687543,-2.2807375493869175,-1.8790890057852323,-1.0752269005723063,-0.6747581275520007,-1.295813826245202,-1.608511622012439,-2.1567060298668963,-2.0944443374846697,-2.224786199712881,-2.3133724075153204,-2.155577306938415,-2.2312780649846324,-2.2725336151498645,-2.4019679637172633,-2.5575701224775216,-2.4499871191954696,-2.294970305586631,-2.3285925122546036,-2.266616426696629,-2.1642213803007326,-1.7932656005297982,-1.7357154507191677,-1.6291726682899395,-1.5799768732361823,-1.3267416548582531,-1.2768821624801419,-0.7426531680784745,-0.6163078749117314,-0.4968235361051416,EMSC-20150415_0000060,SALB,3.2
392,0.34526852835677024,-2.143966537095217,-1.7906333441626856,-1.9980598386626625,-2.07762735863166,-2.21569165518712,-2.2172263011162823,-1.7125848827188888,-2.3048593387021414,-2.4174267270393077,-1.9559292262796326,-1.4619107631708523,-1.53056155720874,-1.45194105937518,-1.7546582406637565,-1.7507872932349509,-2.099387230831682,-2.506608596201154,-2.5548403804582094,-2.5256077860469226,-2.5085066973479133,-2.5647970794510613,-2.65057115488095,-2.260474041811353,-2.4547908754737975,-2.306277660917882,-2.03939929065662,-2.1815389745484968,-2.1121609051884516,-1.8637979758094616,-1.5358530148288398,-1.470804485918567,-1.3593602375560305,-1.259540817234745,-1.1483483744715013,-0.9216501786784548,-0.859024019738845,EMSC-20150415_0000060,SERS,3.2
393,0.4589429093837527,-2.0312264639628292,-1.6620064237293715,-2.574156797123397,-2.665525930460781,-2.826895379315518,-2.8357128134474907,-2.631358807866458,-2.340088302542463,-2.3981467015715,-2.249257926435744,-2.0798145120688396,-2.1980351989443,-2.3231324099272417,-2.1062674380544566,-2.2031307736625045,-2.247713109613125,-2.2450087450889704,-2.142806738271018,-2.0063199570258448,-1.7841135997194844,-1.625843131200165,-1.6579003166044153,-1.9000349840553437,-2.226291933704335,-2.145582022260415,-2.2282015865147766,-2.0612233864103633,-1.8509651259647821,-1.619639407850956,-1.4107335426898366,-1.4059103864191034,-1.0676420262019803,-0.9755930269862567,-1.0407690973810784,-0.8746261985329262,-0.8145908376803188,EMSC-20150415_0000060,T0701,4.0
394,0.3210272428399743,-2.461952736987744,-2.114679129764303,-1.859353541156624,-1.8970012240546188,-1.700637577871591,-1.5673270811143274,-1.099256387588409,-1.537682248505896,-2.152242579577754,-2.128408128615229,-1.7856040994868296,-1.6782442594618523,-2.0481765580720364,-1.7314669419288462,-1.5450948066556265,-1.6721493251797623,-2.0137532295752187,-2.3456396299753486,-2.5729173739423477,-2.6344076882822076,-2.79010712404202,-2.8799907524913717,-2.9512346666408877,-2.747806361734673,-2.7458532785859617,-2.682582233027887,-2.734205596767085,-2.593375224607806,-2.3403842081108888,-2.162331986411031,-1.9630302433302447,-1.8495119354253475,-1.705968631379223,-1.4341203515647152,-1.2403188394454627,-1.1330477538270127,EMSC-20150415_0000060,CEL,2.6667
395,1.4712130626782,-2.725365716900111,-2.3625275932923664,-3.3459752951868325,-3.338612153247638,-3.269948283021593,-3.094241967190726,-2.7827965032303004,-2.9229852990571175,-3.388948498343817,-3.22566439488617,-2.9340541488534573,-3.1761555892886904,-3.1168529431874994,-3.373686905683239,-3.3270550538594197,-3.217746409379515,-3.1031356199942035,-2.8444801393445243,-2.8901015847030127,-2.855240854173765,-2.932402549854249,-2.6811120856849993,-2.55739677844757,-2.6162340538257673,-2.643862893847478,-2.704335001459638,-2.6340571658648653,-2.4664383059162223,-2.3559669767033142,-2.2529376995300012,-2.049205953365208,-1.8291749348956028,-1.9044954695022671,-1.7044563305254083,-1.6385790869737473,-1.6413484160284924,EMSC-20150415_0000060,CUC,3.2
396,0.34957762733917797,-2.234345529840853,-1.9079286179615256,-2.8389251383513088,-2.9338273450011414,-2.999074932945474,-3.0861814806597545,-2.5249540362658545,-3.098705499472069,-2.809092272913519,-2.4179347638209876,-2.763722591285662,-2.5849800988811893,-2.3417702237691476,-2.2949811143905707,-2.31383444811795,-2.4310444932395567,-2.34561626656218,-2.561838942833388,-2.4842177614009433,-2.5300480021292895,-2.316142827993481,-2.3736826118311978,-2.2246245018225626,-1.9518429546404388,-2.0468211004305026,-2.115010332266891,-2.101831740254715,-2.0329129531494576,-1.974677809709986,-1.838773176308818,-1.68746672305479,-1.5250116064316384,-1.4607041558944864,-1.1896004206606854,-1.2248894466240152,-1.1995196098050052,EMSC-20150415_0000060,TIP,4.0
397,0.6352193938326733,-0.7913084364400671,-0.8844910979057499,-1.606009253436861,-1.7052243927274535,-1.8897533819667203,-1.9481565124619795,-2.1210406100821473,-2.2679828586233564,-2.0081383401672532,-1.5573021175029842,-1.2106812582140236,-1.0964351972189643,-0.7845032038337214,-0.8811768831070648,-0.7361872555100817,-0.7745535785631485,-0.7118887634871482,-0.29061238216934093,-0.29151758059063404,-0.3642103324722257,-0.35995288998845876,-0.4542929982678423,-0.2972120050815015,-0.4309534880524044,-0.4615128136777731,-0.6136567047666048,-0.7532609417209937,-1.0010514563852553,-0.9959372967111104,-1.009307620681982,-0.8788568505453878,-0.8376244649391467,-0.8400364631421269,-1.0647501693523402,-1.0455538772424333,-1.026584780999249,EMSC-20150506_0000012,IMMV,8.0
398,0.8184970619637664,-1.2480025050881363,-1.0510669963803903,-2.1702733304602493,-2.2405964982631517,-2.291032716806015,-2.363703542919687,-2.5624559048573534,-2.734494529310912,-2.629807714998525,-2.3374228464474216,-2.280979979698345,-2.0044193678541964,-1.8145165893992816,-1.8457632508304567,-1.6454520277238123,-1.515447400699105,-1.4570153231039686,-1.1143428544430698,-0.9083146144220535,-0.8231872767855037,-1.1866312739340934,-1.2218030580255252,-0.978248572244528,-1.0920873559769273,-1.107166576945179,-1.2148551853582923,-1.114247175221534,-0.8908285450793674,-0.8574752354085291,-0.7209522567956306,-0.6089055536376531,-0.7776264264010244,-0.8972211264454817,-0.979546510391339,-0.7709457387180816,-0.722585159044332,EMSC-20150506_0000012,ANKY,8.0
399,0.9170205605588766,0.29721214833361653,0.2079738630441419,-0.9152029842732645,-1.0116369125257405,-1.1580125284917901,-1.2406394610506215,-1.472402656547593,-1.6151781681484803,-1.147443844265604,-0.5996848032624706,-0.5015559634489044,-0.4198624680607361,-0.10073505320848675,-0.05967725461848872,0.002683198502888118,0.004977333452083954,0.16269712128413083,0.5288591532520908,0.48970139613024877,0.5157487156554472,0.7490920676577772,0.7027956417408401,1.2281559109774784,1.0767040398147376,0.6463119831555524,0.46267811397892,0.40306479463350264,0.2812454757595617,0.2451585450309981,0.19197457113606298,0.1733787072552424,0.19804958418235152,0.11201926478473467,0.09609011177238891,0.06586156084137507,0.04342750746872426,EMSC-20150506_0000012,IACM,8.0
400,0.6347320839229504,-0.8014967381806954,-0.9360665012778391,-1.6049396120507424,-1.7047715623017332,-1.8891709312832328,-1.9478350985186363,-2.1201571938017265,-2.267255802541926,-2.0067015707833136,-1.5563095006369752,-1.2094430689939593,-1.094658475131184,-0.7828790843947662,-0.8793561867905462,-0.734499638603765,-0.7727326025635479,-0.7102050963667379,-0.2887474236989336,-0.2900405456313253,-0.3626549742212619,-0.3592822235129054,-0.4540948749087743,-0.2987331015086383,-0.4316096898577566,-0.4677828727598641,-0.6229444856505566,-0.7659547196256717,-1.0112943434538462,-1.0467815152242625,-1.077238418684832,-1.0032913728752746,-0.917464527369134,-0.9469197782092262,-1.1655441497831323,-1.22442079349468,-1.222759700225355,EMSC-20150506_0000012,IMMV,4.0
401,0.6192751358921265,-1.2276603794311143,-1.250144611109727,-2.203241328115724,-2.2897732154090455,-2.4591954088641463,-2.525970945481914,-2.702806837506426,-2.85829253823122,-2.603641277058757,-2.163907409288707,-1.8363370416493057,-1.8868511862655284,-1.4232566043186452,-1.4678051908979342,-1.3553481007054966,-1.3311219232167986,-1.4440831108649554,-1.5375284981934731,-1.443542273609837,-1.3491175880450132,-1.1682934267659881,-1.1214947845915564,-0.8965666414843296,-0.6429992104732545,-0.673232381832765,-0.7935281205354414,-1.0496407714838814,-1.1873539595545335,-1.1051082125982745,-1.1603819406283122,-1.1830209702009853,-1.1637313173981028,-1.1844901375528512,-1.200470941847021,-1.2651243922182953,-1.4811576262774384,EMSC-20150506_0000012,ZKR,8.0
402,0.49107606758615985,0.15700527660733954,0.2075589934854829,-0.77476281478536,-0.8712833207659063,-1.0562143362563257,-1.1246498773053348,-1.3655796172778993,-1.5047002706321573,-1.0915975164057192,-0.777455994471314,-0.2952544523308269,-0.054215787200008414,0.050264021046596774,0.26785227274557144,0.08705998653990932,0.043498721698684406,0.3226328715683504,0.4356243533849202,0.6681512827326266,0.7674586909235908,0.45854435867545895,0.5865781664053857,0.6940466899679869,0.309605535065133,0.21387291223406635,0.1955115275589172,0.2370838435800895,0.21154353727486175,0.04702376720362089,0.15713886273229072,0.23106780179079323,0.34168475109894203,0.44773168371552785,0.4173053685714141,0.3907935813671788,0.39933833865627477,EMSC-20150510_0000094,IMMV,8.0
403,0.4909760675861601,0.15873069287306762,0.2091305863344406,-0.7737557411344209,-0.8703459382080112,-1.0554247190351687,-1.123930034491102,-1.3649545226153466,-1.503973318296473,-1.0906454203141545,-0.7762415906008284,-0.29390622971974967,-0.05271953330897361,0.05186964632476343,0.2695526398286612,0.08881377917017996,0.045300305109424954,0.3245386482575574,0.43760701735548047,0.670168358969983,0.7694740005942924,0.4605564443555963,0.5885873681276861,0.6960176763466617,0.31154421083115125,0.21577144696520278,0.19736319647597966,0.2388935895979003,0.21327929166035986,0.04863948324987355,0.15869540348087163,0.23257308256494014,0.3431507483825129,0.4491625407193407,0.41866420257168,0.3920893930056799,0.400593017421242,EMSC-20150510_0000094,IMMV,8.0
404,0.290919799277388,-0.8187525184623698,-0.5040572548152706,-0.5703093772704513,-0.639630638886076,-0.7195817755731229,-0.801463300628936,-0.780474867099449,-1.1649269679798744,-0.48567643043822173,-0.2957007074593543,-0.10882693301661739,-0.1402593071995355,-0.555243079034013,-0.6403759964169247,-0.8481680621653256,-1.0109787908404453,-1.070629034714445,-0.9320530544074055,-0.9977511595550626,-0.9971659694557804,-0.7073682974655169,-0.7212859782860548,-0.8552999474308081,-1.056711581799041,-1.0331527272754375,-0.8730007209419401,-0.9735387310878298,-0.9860292826249104,-0.7234273765198953,-0.47684823363861817,-0.31546042779296,-0.11504419652657383,-0.017493662258138087,0.22065600701867538,0.34474134048675786,0.6024751355301099,EMSC-20150624_0000019,ZKR,8.0
405,0.07142525068483474,-0.4467798372732208,-0.3102461760812165,1.6174049529086956,1.621221241194526,1.6592802652835728,1.6729122892719328,1.9354392792130666,2.0900285036942794,2.083347088692359,2.1946092390745617,1.7522878353449318,1.5334179954142932,1.495387935267546,1.0693523120981103,0.8051837344973061,0.750692135803078,0.44024776064424387,-0.16725651434950173,-0.3767583134504626,-0.4805511627700483,-0.6630833596754968,-0.7449185340190407,-1.1104916688302797,-1.1829034106464604,-1.3341745245425347,-1.4213576931973222,-1.3089758732519918,-1.075711264856384,-0.9081160855420869,-0.6777215496604416,-0.5056449250489479,-0.27937985499696616,-0.0797162237494895,0.16598449711297292,0.3410108713208633,0.46351490283795016,EMSC-20150624_0000019,CAME,2.6667
406,0.3983212583969755,-0.17795788122999667,-0.052178472546229315,-0.147617200596029,-0.23976171896411103,-0.33652708954187105,-0.37400312075754627,-0.3365734544362633,-0.09670847546491679,-0.07450741530913607,-0.03691983053816106,0.1287307425106814,0.5156170714321684,0.29613540840326724,0.32876711972731076,0.34116201460957907,0.33206476316944666,0.0654879341967387,-0.29282467258353684,-0.23946519638713504,-0.1136219818883939,-0.15751597512620652,-0.005552461727285518,-0.06370555164699354,-0.33398719595788506,-0.44474233724657886,-0.3812348180797436,-0.25649452577793497,-0.296992330672623,-0.3418471739585591,-0.25353103804235566,-0.016641994527926585,0.20314922313210104,0.19689592307501336,0.40416239853751357,0.5175810522667543,0.5917247151731413,EMSC-20150724_0000042,IMMV,8.0
407,-0.6284687924588193,0.004612489441449874,0.2357110158164346,0.611866810164341,0.5734240675073643,0.6865362833932833,0.7443677217434432,0.9779559414547201,0.9488978205493908,0.6292145130545101,0.7814590122927374,0.3499322468179491,0.4654211910682804,0.2211024356616118,0.3968051292296968,0.6924303675450725,0.45085058693056457,0.2018245558358256,0.18152910871764316,0.06988767132570217,0.03801681923560363,0.11365475679480497,-0.10745485536538801,-0.3429347605518771,-0.11249218036478759,-0.27060110945753113,-0.382318973868081,-0.3348649399891599,-0.06153496935549008,0.028536800568073062,0.25505366467597845,0.3463080730657495,0.46632884557189946,0.4602271710381789,0.5825988605569616,0.7813318248699428,0.8975871821607129,EMSC-20150724_0000042,KARP,8.0
408,0.4633945485488158,-0.7699563759936066,-0.47461641718490455,-0.7348806424767602,-0.8026886548875618,-0.8458599982367989,-0.8259774218868099,-0.8337124073364697,-0.6034894391379151,-0.7034533612179654,-1.0741883625918165,-0.8679323757103949,-0.5462815618455572,-0.47334823619237376,-0.19428672714066142,-0.1791517876773696,-0.22637202921878785,-0.5981419144273854,-0.5025145800743278,-0.7244856883093069,-0.7311553415847936,-0.6222964473661508,-0.5516385108629347,-0.8601621275872304,-1.0357020574960902,-0.9848027398722046,-1.1361029578735096,-0.9178763203062648,-0.9449438775834764,-0.6926521620597441,-0.5647534189452319,-0.3210735041331052,-0.07234224303308778,-0.055928203276867094,0.20173793211480806,0.37128917071759915,0.35799991704020506,EMSC-20150724_0000042,ANKY,8.0
409,0.4725197579491369,0.7273768357417678,0.8306026840246172,0.8268583577151647,0.7478134909851208,0.6563100206932102,0.6639797993815124,0.6208350995882412,0.7549672544003574,0.8413962862098314,1.004474433716715,1.070477079694153,0.9804343787439063,1.3416417144516437,1.3094312782897175,1.3427180227691453,1.4183341618885077,1.0653134933464532,1.0355180171254892,0.8914900712562934,1.0887428549464344,0.9502113832380275,0.7795370986116268,0.8294377690376251,0.9223080474964851,0.7334381613533134,0.531762085274897,0.42772017632881365,0.37131642346082927,0.557075341458388,0.6786012372595778,0.7779807215757497,0.9142465748396926,1.0023904170988072,1.209994992726216,1.381354657449064,1.4606320468480458,EMSC-20150724_0000042,IACM,8.0
410,0.39822125839697575,-0.1762324649642668,-0.0506068796972734,-0.1466101269450899,-0.23882433640621592,-0.335737815254908,-0.3732836501404426,-0.33594877267170187,-0.09598196166211093,-0.0735553192175713,-0.03570542666767551,0.13007896512175865,0.5171133253232032,0.2977410336814339,0.3304674868103996,0.3429158072398497,0.3338663465801872,0.0673937108859457,-0.2908420086129784,-0.23744812014977867,-0.11160667221769227,-0.15550388944607008,-0.003543260004983395,-0.061734565268318775,-0.33204852019186504,-0.4428438025154424,-0.3793831491626811,-0.25468477976012416,-0.29525657628712487,-0.34023145791230647,-0.25197449729377475,-0.015136713753779674,0.20461522041567193,0.1983267800788262,0.4055212325377813,0.5188768639052554,0.5929793939381085,EMSC-20150724_0000042,IMMV,8.0
411,-0.628116224585852,-0.016142301329561626,0.21497561701722034,0.5912136485128627,0.5527796756348371,0.6659148645341615,0.7237555035032868,0.9573625196139748,0.9282858272662269,0.6085673769362154,0.760777751888047,0.32923111520460413,0.4446995255954702,0.2003646770005263,0.37605505975063647,0.6716729698110306,0.43008603436873827,0.18104665590280522,0.1607367735492451,0.04909556519201175,0.017218729280235934,0.09286089146212628,-0.12825366114025716,-0.3637216380367718,-0.13327482597104456,-0.2913771022313547,-0.40308911623410726,-0.3556288422652294,-0.08229245512797512,0.0077945083293471384,0.23432581767274918,0.3255832628236188,0.44559131930055784,0.4396089602170594,0.5618141163930179,0.7607730956204257,0.8769499003097234,EMSC-20150724_0000042,KARP,8.0
412,-0.2397394383980318,-0.38929620012577715,-0.22543471130210335,-0.6394743678600125,-0.7305069419714272,-0.8609936037556594,-0.9019632591092979,-1.0404415295424956,-0.9441471672830772,-0.6503875010752385,-0.905537085326408,-0.7125907033542953,-0.19659756171352427,0.0314947404386281,-0.08997218877711255,-0.23586699197815797,-0.08020067320358581,0.15604354252842167,-0.17820622599153335,-0.33881009631876235,-0.22532721874032902,-0.218712486789701,-0.36065743855118626,-0.44051818572236634,-0.5100153547499904,-0.5561410697515878,-0.5264545705643098,-0.5037544003686296,-0.5141102396179651,-0.3202092535302974,-0.23327065343396214,-0.21757222657320874,-0.06453855100161121,0.026201808416868033,0.2615587121980685,0.3882297983474867,0.45652930117931945,EMSC-20150724_0000042,KSL,8.0
413,1.4146053583690414,-1.8353724019226174,-1.4727006962493956,-2.0490792941523086,-2.032215430620134,-2.0332744466555805,-1.8397693729819569,-1.8523780847720257,-1.5208625157644686,-1.966683125349757,-2.3583516015431822,-2.4720566400028634,-2.1958230688768765,-2.1366461362607136,-2.1780109460361796,-2.267742428779732,-2.4134523509245636,-2.392383448751282,-2.469906183267163,-2.3555209580813177,-2.2506053961253567,-2.545460939053326,-2.4096022385590903,-2.1677659999763534,-2.084053673116827,-1.9798347802020206,-1.9199739672792155,-1.7135387620835747,-1.1494599386726758,-1.0716618020666964,-1.138757590163241,-0.9976280928152708,-1.1114365343399317,-1.0602970744699771,-1.0536555163986492,-1.0775024490382954,-0.9800124770915453,EMSC-20150724_0000042,KYMI,8.0
414,1.3961995967920657,-1.1071289608025303,-0.8435727307919691,-1.1500043199590344,-1.1268034432881873,-0.9600819346935179,-0.5408142270909444,-0.6995752431080877,-1.2347574856440708,-1.0235152265916891,-1.258811154934527,-1.5758253897937102,-1.3996544634986918,-1.3585144539128269,-1.5830637873991549,-1.7426083463571338,-1.7116779601141499,-1.5664785175537883,-1.4501004525638521,-1.6105363982372651,-1.697841784559996,-1.480556724348462,-1.4179132339004088,-1.3835961564660586,-1.3225896914769422,-1.1663666130811396,-0.9534312445256266,-0.8460182424250728,-0.7989060705928157,-0.7770115339161272,-0.7823089609414193,-0.7749025982604341,-0.6692379779469899,-0.396974742973482,-0.3407734943791372,-0.2958180497562761,-0.4449451792818504,EMSC-20150724_0000042,NOAC,8.0
415,1.128077372299427,-2.1933956873818747,-1.9036366880536892,-1.9519462781071883,-1.9397904086001638,-1.9783274163660716,-1.9498807283715962,-1.9425414278897746,-2.0738546167269885,-2.002655796254137,-1.958228350558569,-1.9565982282173362,-1.9854804287901064,-1.9934084057074877,-2.086438625751346,-2.212819068263344,-2.3714722315820875,-2.528628785699053,-2.4121774001000347,-2.6280011092555853,-2.7419496084563058,-2.821509530903648,-2.8839771382943384,-2.8710198507913613,-2.6153235389193314,-2.3036035547844502,-2.1984739193489027,-2.0607449845546597,-1.956097076791206,-1.7706080568196985,-1.7078306182658913,-1.6833595487266741,-1.5990075791935148,-1.6492785684472793,-1.4158395732218523,-1.301620328543816,-1.3335151799427791,EMSC-20150724_0000042,TNSA,8.0
416,1.91360979809303,-0.8838855462939836,-0.30683309664519776,-1.554070989369431,-1.3440898074543668,-1.1350865706507776,-0.9403408237233366,-1.1777955851956037,-1.6052592144886555,-0.9515858062103115,-1.5416880161451108,-2.011959376088523,-2.257992441243437,-2.0105017968750207,-1.9783574666797863,-1.9861308256881287,-1.9074576073724252,-1.960088092482346,-1.872916959197278,-1.9575732485395623,-1.94379913070284,-1.7545309886576188,-1.7012572607629863,-1.4420703931660963,-0.9580886344358444,-0.5960223331182437,-0.37584592188607147,-0.19893747691834918,0.059759760790646155,0.15201673989502318,0.2546935960065806,0.23515073159375355,0.3031447606689692,0.3564673080504672,0.4205072336068465,0.31108833900948163,0.3021330038770902,EMSC-20150724_0000042,YDRA,8.0
417,-0.499107239064545,-0.207471177535826,-0.04935698169442482,-0.24625230856393365,-0.32598040586341526,-0.4641332110953611,-0.4979234551296088,-0.5243412073755858,-0.38351669314035597,-0.21785792100037593,-0.3757693805336002,0.06530363266183237,0.07954551741789384,0.12292459328099703,0.0691274062066789,0.08290340438949251,0.24104719417244524,0.20096134217439943,0.10781986849840575,0.04702673353061115,0.045106838539987315,0.08877609023983091,0.10450673269963939,-0.24696996044204056,-0.2614496095502874,-0.3121796809696944,-0.5478852735769522,-0.5963508208337487,-0.3840010182839375,-0.19696866511526778,-0.10454401462686569,-0.0643180188814707,0.16109793839283704,0.23296018567325483,0.4557663571595221,0.549823308886749,0.6142755728505733,EMSC-20150724_0000042,ZKR,8.0
418,0.9944538012083735,0.6895881748224042,0.712963584056121,1.1389677316840494,1.151226790223058,1.2021272249863326,1.2255875908443734,1.236196026827038,1.4592726796289917,1.5633514672305013,0.755409352212971,0.8657549138473613,1.1312949680060767,1.1778404962045244,0.8463087942323364,0.8543121814870238,0.9077654537539619,0.853994209755558,0.6831731387848912,0.6448119967273245,0.6424732595555458,0.4931938805703808,0.5160589336933317,0.8917214336703809,1.0067125305145845,0.6694659989288212,0.4992257020837183,0.4740613728299312,0.3265154582141214,0.499498191330094,0.49497419331254733,0.5203052908256858,0.6341193171014474,0.6793512074539496,0.9516826217370529,1.0889096020092897,1.0463928289677238,EMSC-20150724_0000042,BASM,8.0
419,-0.4432669025814815,1.3139127966520912,1.538518003778579,1.0637115846248832,0.9800098521573499,0.8115005738758452,0.8068199868438377,0.7093186160239524,0.6428282419220785,0.9880695964001971,0.9417135659337825,1.0687279913100962,1.4228353165612937,1.6423442006646995,1.7525263796701767,1.5314388301885042,1.559082854577233,1.1212213509003757,1.182611467482511,1.0934659676428167,1.0141753888946337,0.8730248920717516,1.0720090955809605,1.340528165626342,1.3523610151950178,1.3496897026548123,1.2996204860501352,1.3795479585068424,1.370671374644239,1.4152003444277295,1.565152989782094,1.7127231552288933,1.816520642145262,1.9142230584764324,1.9887387866372528,2.0994308393334133,2.1174553194835326,EMSC-20150724_0000042,DEMR,4.0
420,1.0823570144994652,-0.5131326995620258,-0.513482106908798,-0.6770996067901258,-0.7132908735290036,-0.7380513997719671,-0.7990283114134291,-0.9020359813788614,-1.058331101959821,-0.8614343068714314,-0.7587149368612769,-0.7703164826245859,-0.48751290251437585,-0.2726958601688594,-0.20605514631552868,-0.2246825692683201,-0.16146072910867026,-0.3985699848239763,-0.2347241409140377,-0.4903453499257253,-0.44268187550675453,-0.23986622001951208,-0.33927965490436307,-0.42724619419782517,-0.4487258309700781,-0.5229389975186214,-0.6963847317888838,-0.6348505179207411,-0.6505604442809236,-0.5802237940670611,-0.6318648722111089,-0.499331898514944,-0.3579902691509691,-0.5081293807954488,-0.48083193198257845,-0.19971382086528955,-0.26957422170035983,EMSC-20150724_0000042,GMLD,3.2
421,1.3486816080650645,-0.08997466685307387,-0.0818790108469507,0.5942444107444889,0.5997300383036457,0.6272599457342523,0.6876854708164615,0.631729774739652,0.5031699641944574,0.4381269388391793,0.1394938427394372,-0.02643809545831388,0.220746377607842,0.2113889919929992,0.4124044463086447,0.21866732525235122,0.2950099523666312,0.3789102679669494,0.4936164868371957,0.43262448707753,0.4305567611961756,0.280716828480835,0.30204952970077326,0.09418291537622103,-0.31911665783546894,-0.6798150160573702,-0.6204568711129941,-0.6590564482556491,-0.43789358805448764,-0.14136024762094124,-0.2201504176333664,-0.2867128345747183,-0.07945759379228434,-0.10157005585626244,-0.06871172580464524,0.01059726381802939,0.10742169725788564,EMSC-20150724_0000042,KHL,2.6667
422,0.2568136617088932,0.3741123016858401,0.5114555175467448,0.647529370382534,0.5753121337288727,0.6303202951673406,0.6546489362001751,0.5121854881964936,0.6900217714140293,0.4253223519398768,0.3457091633553686,0.8679022762842798,1.2887952290843945,1.2701215820962473,1.7148645903490465,1.4111173001332542,0.9484752833955099,0.46197063979596376,0.25276585524018635,0.19214339571762906,0.19780509802189972,0.19798192352630384,0.1568062711871967,-0.014982964044249591,0.10255940117147588,0.04747631539010211,0.08777290392840165,0.13999290847794477,0.3306012297696963,0.41202609246681554,0.5104062888120477,0.600856989547438,0.6805996168474664,0.7988513607907155,0.9104694738706414,0.9925626350165881,1.155681108185405,EMSC-20150724_0000042,MRSB,4.0
423,0.9020176048810322,-0.28108159757214324,-0.012473239008269132,-0.9259367125997864,-0.9746914521697629,-1.0402626545768179,-1.0640135850059131,-1.25413599241221,-1.3589144049023627,-1.39866107246067,-1.334513123875821,-1.259986111972057,-0.9667554370300442,-0.9560824056557182,-0.7983749669062519,-0.6999262071692467,-0.6679583301130654,-0.4709384211585723,-0.2784229439688719,-0.38024694986809315,-0.38120053589456937,-0.37216030490544405,-0.33066883295217586,-0.21173579310193702,-0.19210300869694574,-0.18083821788545507,-0.07494860972934791,-0.07358192704524047,0.058631885367463,0.05865079467473322,0.14461121683263478,0.09841901864715297,0.19939661297771316,0.2776980159311133,0.5204356343356071,0.5844767442028225,0.582389704805518,EMSC-20150724_0000042,YKAV,4.0
424,0.6362681730877924,-0.6008124368392807,-0.5372722178424958,-0.3846324585739058,-0.421639865230544,-0.4645871778393804,-0.38061345889926734,-0.23807357136779395,0.40503121670978093,-0.1734502707498713,-0.7404387314187852,-0.9559113715855023,-0.7595926038331751,-0.7964053174110912,-0.872936984126957,-1.148953887377111,-1.3223357574336045,-1.3948589888463552,-1.251139135076727,-1.1269599320013075,-1.1328888142938602,-0.8521465901212935,-0.7614535575312473,-0.4558744621521704,-0.3646357800114455,-0.4825057500273253,-0.5448942953682305,-0.5185629355923815,-0.46141280033188536,-0.45917648899305163,-0.41057803792267045,-0.5184969538299029,-0.4635978737004791,-0.5040426436408829,-0.4462533243936164,-0.4544810237134964,-0.559649007100159,EMSC-20150809_0000076,TPE,3.2
425,0.2377350161623668,-1.3827343195709334,-1.1798286339927717,-1.7418021117754288,-1.8141090316841053,-1.8615360103170655,-1.9303529079008754,-2.069206153642967,-1.9061919109639947,-1.905444537931798,-1.4295902398204499,-0.9834271787122768,-1.0255426189060026,-1.260470683252363,-1.2729595983552207,-1.464262357122549,-1.3767999697986086,-1.4055959970108747,-1.4790548993316648,-1.562862221177272,-1.6210988835241293,-1.6771262177010673,-1.5861455063623229,-1.4750504546134549,-1.431790204668915,-1.578582862832901,-1.4092474812421258,-1.3435830787517347,-1.252089161026257,-1.1060688095650182,-1.0249502509432666,-0.9944845098689541,-0.9059089656454802,-0.9172792857910341,-0.8091599899197686,-0.7212760765149824,-0.6710398164821019,EMSC-20150809_0000076,AGRP,8.0
426,-0.1700624440819971,-0.6221575880556482,-0.3650104264107181,-0.27892698119303017,-0.3596270114537088,-0.5283780708020753,-0.5243807377348002,-0.6832773158877661,-0.5777249869855625,-0.5372567504126176,0.06512533827413236,0.40202602545292976,0.4670578394837017,0.2909707532752046,-0.15556983097855426,-0.4056130479076758,-0.5884086751622712,-0.7490728424427981,-1.0841118450460918,-1.1387380283742576,-1.0866149592284335,-0.9809447690211375,-0.7824353223255267,-0.6868459891628156,-0.8102619738059351,-0.8753150777800984,-0.8788843826791641,-0.9014209640580528,-0.7535764368700821,-0.5441980828906416,-0.3145222181839209,-0.10677097588200724,0.035366383769492415,0.10650428767889153,0.2143281852084069,0.33343723942566683,0.4034514747517015,EMSC-20150809_0000076,ROD3,4.0
427,0.2700712253128068,-0.585175186962017,-0.3506696206643447,-1.337305956517004,-1.4245046972665625,-1.5823035217302062,-1.6343207227769616,-1.6390339085699868,-1.7755634173111225,-1.3579784450796994,-1.2845511392978013,-0.6361710545840396,-1.037445704896018,-0.6705369473359069,-0.6168187061779973,-0.6737005342042286,-0.6634286975246351,-0.5872399772814454,-0.5735444175125677,-0.5633547511727484,-0.6052792118642953,-0.5843504350635458,-0.5627242074978716,-0.504342315416137,-0.43717371264395677,-0.4309374873865659,-0.4912145104212602,-0.4965757250405396,-0.4487352778896163,-0.33526894811413754,-0.22769035908816093,-0.12678625519675002,-0.009890897865220794,0.026452444009334997,0.08148186007736591,0.1484480624245066,0.1556356208534293,EMSC-20150809_0000076,TRIZ,8.0
428,0.3284417250912992,-1.2845429012210658,-1.2566413457881236,-0.39190219720243924,-0.3982390204017534,-0.3447906873436448,-0.34578345584510295,-0.3619088192779678,-0.44801332816383166,-0.42510319030055665,-0.41877288301497373,-0.38472686078658036,-0.280982927737365,-0.4866477555444906,-0.5685236870003338,-0.259781203088723,-0.36454425506345167,-0.7158630926276821,-1.1286667665926569,-1.2863787475534396,-1.2210327248729822,-1.2064007457950234,-1.3070566619817807,-1.2216492918899924,-1.6889312814786805,-1.6590674722905003,-1.8154127506464395,-1.6719939949334286,-1.6195187368683666,-1.6011687563809627,-1.4979584054312358,-1.3799012945205025,-1.3144104176387152,-1.2577222761917746,-1.0150635924251912,-0.950163575191624,-0.998233149515313,EMSC-20150809_0000076,ALNA,5.3333
429,-1.126671187471227,-0.5415992636357849,-0.48995461359005077,0.6630736774775059,0.6340536148710401,0.6214216614011212,0.6219481972503988,0.5754359550902546,0.8292915139268358,0.816251724782127,1.3324437827646687,1.27847712789909,0.9069487051505618,0.518501522151066,0.26043319406184473,0.19148009951636258,0.1697421149369509,-0.03461800071831611,-0.20019490656420036,-0.24153723867433996,-0.4500960567112493,-0.7810891204284189,-1.0186206165647196,-1.0722477528178072,-1.0600425207190245,-1.1717567327075304,-1.0004979894851296,-0.9141418617418466,-0.8863599302855647,-0.7632364952190134,-0.7277229823501123,-0.6415246419713618,-0.5345846584742056,-0.47894965883511453,-0.3088722083470774,-0.17883907312339176,-0.11372394472929415,EMSC-20150809_0000076,DION,3.2
430,0.15172879516381066,-1.0963234193032632,-1.0048897405847086,-1.4552375194885698,-1.5146954802342218,-1.5503566152742367,-1.594342576081531,-1.4245571820704201,-1.6904275395825783,-1.7256839133235502,-1.560681780219488,-0.9910462942807392,-1.0145814186269604,-0.9134745292354012,-0.948380487857122,-1.1264313917590227,-1.2518623110987486,-1.1910090706571683,-0.95946113030287,-0.8784549627612233,-1.019058666424196,-1.1934120212332342,-1.2934393341361634,-1.3048296703031559,-1.1614891372527767,-1.0364070903619211,-1.0229037303507074,-1.0657761064182392,-0.9594063468801135,-0.997174583019719,-0.8738637252493167,-0.8402715178527043,-0.8465250713481858,-0.9013010032461644,-0.8450926770325164,-0.7933321470287407,-0.715196168892918,EMSC-20150809_0000076,DLFA,5.3333
431,0.4371643268825771,-0.9912879686273222,-0.7458830443923077,-1.7031580759647769,-1.7886514366957433,-1.9479129077817312,-1.9657284837269744,-2.0135116697309687,-1.9596659227460265,-1.6105350303359671,-1.4282163652600337,-1.2344813163996822,-1.1866268579456385,-1.2933234491617362,-0.9636790813068892,-1.225703992742444,-1.2867683453264505,-1.179900224052001,-1.067160455133874,-0.9630368010309187,-0.882638023060446,-0.99889230918708,-1.0277844360772859,-1.109768047745276,-1.185066109291986,-1.0343345280241198,-0.7835141348827452,-0.6856497867886642,-0.7231809095662669,-0.6525866877788218,-0.4573350797344702,-0.33088660102798606,-0.36496617849536506,-0.42815078038041143,-0.46351960551481675,-0.529116566244122,-0.5809034227432193,EMSC-20150809_0000076,ITM,5.3333
432,0.05992860120095278,-0.6439373363492855,-0.7232190360956352,0.044470584940603075,0.008347662090955055,-0.04096506137312694,-0.036984165019871895,-0.037581671092327795,-0.01262479739362199,0.020216472533569174,0.6012207312527762,0.7212635856594867,0.1475778430050294,-0.0077986280017139364,-0.01744156706472566,-0.34964342274017923,-0.4763629065315147,-0.5809654667002384,-0.7306897377248447,-0.781086451045331,-0.9302827678619234,-0.8906219680070482,-0.7637778220927025,-0.9694863572753931,-1.1202274073679295,-1.2617981671931933,-1.0675899644318125,-0.795899035956614,-0.650800420940163,-0.6884798229843341,-0.8714769861624294,-0.9000070907718491,-0.7890463962485583,-0.7007700121823408,-0.872044490353101,-0.9438973453610888,-0.9154813240284234,EMSC-20150809_0000076,KYMI,5.3333
433,0.4412373659558759,-2.170366104764957,-1.8446912423838633,-2.490008809070453,-2.4928438564582605,-2.514266547092741,-2.500387541629779,-1.8483350472110711,-2.2111068741001905,-2.645904469130663,-2.565731801948248,-2.5114088453067733,-2.416751624929467,-2.4644276715987443,-2.2188485840574916,-2.2689378826069246,-2.302306041390855,-2.385846295186444,-2.45829571657685,-2.3139568694844526,-2.1321307775144387,-2.357726464560284,-2.2946925316790434,-2.3968879633875027,-2.088835894504136,-2.2236638303543295,-2.093386477754734,-1.951574125356471,-1.9314010689774754,-1.893693902058434,-1.8721328031247726,-1.5328185471612503,-1.346235066220462,-1.398740689682203,-1.3423122911555332,-1.4165460377677217,-1.306778925513381,EMSC-20150809_0000076,MNVA,5.3333
434,-0.3817864171343537,-0.37489826350063993,-0.3652961006883473,0.5084698716524025,0.4619804385984283,0.3963369010175901,0.364054026628847,0.29961558178281145,0.2160004584229709,0.29345432251736003,0.814907939839296,1.0320789244625246,0.880952429265859,0.4284828775398246,0.4112023326852361,0.3509412160709262,0.1124438378970316,-0.09376887903859465,0.043288600180002135,-0.011987010420342337,0.011791337765886922,-0.06344592655448977,-0.2560532792358945,-0.6739279346788187,-0.874486584797241,-0.926823797934837,-0.8461383723163092,-0.8243047394105041,-0.686163770487024,-0.6697592028405275,-0.5294579770217958,-0.46351010257445147,-0.36851049526718604,-0.30728266736026555,-0.21692708316133924,-0.15744766514964859,-0.16378463107190377,EMSC-20150809_0000076,NOAC,5.3333
435,0.1340754796781387,-0.1851326133036082,-0.03551953526621254,0.05563628309382018,-0.01990924680481765,-0.13700938872666502,-0.08983843805366121,-0.06719819844188635,0.14623282861515907,-0.07455774062464382,0.2962473161332877,0.655711396987833,0.6249047408556789,0.33495907558907856,0.35825983429345065,0.4735303052965305,0.6348642624686676,0.4815847169131695,0.08295873426526423,-0.10367358304690821,-0.1159320822286789,0.015501983478178438,-0.18858287337019064,-0.4982586257279946,-0.5252585359112842,-0.6056877627933712,-0.534688193253773,-0.43812945509466417,-0.31209223654813556,-0.22963999006079483,-0.16908220256421913,0.053680657894792816,0.19199725592143757,0.17895379077900664,0.3034948578515895,0.42512524605374935,0.45044554066554987,EMSC-20150809_0000076,VLMS,5.3333
436,0.165714528485863,-0.7357245067087188,-0.7304529496644481,-0.6525311663996929,-0.7408661771131992,-0.8744787095830437,-0.8776101177361895,-0.9048980096808048,-0.6519790093474196,-0.6529144442337476,-0.10474559365832992,-0.15803860565428174,0.09600850264024352,-0.512278290804681,-0.632936712963164,-0.5628930290974843,-0.5869432478297378,-0.6461430055843644,-0.6169721246638176,-0.629164819823048,-0.5303646298981333,-0.8268220774328654,-0.7403831206977145,-0.5647527296455319,-0.9298940829500939,-0.8251392022943875,-0.8067528345387274,-0.98274619422412,-0.8185722447842103,-0.781072282506944,-0.7833534577354282,-0.8212670952681922,-0.6506797935234019,-0.623902585551587,-0.6030275365533395,-0.5928312935887092,-0.5810412586136771,EMSC-20150809_0000076,YDRA,5.3333
437,0.10316690541270157,-0.8009029226228179,-0.38832072125285677,0.29885655238761455,0.23539525389885263,0.11798335451073161,0.2853390280780017,0.4313954211926232,0.7228978071686685,0.7022460999945785,-0.37521494111890163,-0.3853041290863768,-0.2180724685599973,-0.3870488464019539,-0.7413142428886621,-0.8855281872508876,-0.939970190140599,-1.0742636954156861,-1.153943856796718,-1.1844851549126387,-1.1678600728779678,-1.2507418876969396,-1.252066805650486,-1.2585187818092542,-1.2958118492559443,-1.1972868074283163,-1.1168917881689655,-1.0156085014722294,-0.8550997711014752,-0.5203313299294514,-0.31946597586894043,-0.12162326312113514,0.009733467426334741,0.11734204541454041,0.24868456513869042,0.4775237436754729,0.5720188435192668,EMSC-20150829_0000067,KARP,8.0
438,2.0601776609929545,-0.811028081704217,-0.393634951310208,0.31126919205498194,0.2620175500866564,0.250106783290164,0.4016236883119211,0.5061172585934681,0.7343023391547066,0.6934011922769461,-0.3909156180169244,-0.403463490567348,-0.23712442264884181,-0.4060158495128263,-0.7601010639406391,-0.9053075973270852,-0.9607993102223364,-1.0922918761334195,-1.169509494220467,-1.2011917817143214,-1.1830072987886524,-1.268629955791825,-1.2713951334917653,-1.2766736100177987,-1.3157379946630527,-1.2106090197866486,-1.1286805078081237,-1.0261231827359723,-0.8598225929997305,-0.5252064111941745,-0.32352477953304337,-0.1243387662557236,0.008933053913457556,0.11447902399844345,0.24560104106749492,0.4733556984215497,0.5660343529326184,EMSC-20150829_0000067,KARP,8.0
439,-0.0348556899853989,-1.54909246026887,-1.2358571968723648,-1.5205651136357048,-1.5956161953146202,-1.7740732971839437,-1.8126276170295812,-1.7065022705614457,-1.6200282405314672,-1.1506060834111764,-1.4088816761476481,-1.1829576365176075,-1.19367105397877,-0.9912318551185813,-1.1718370079191498,-1.02867928406552,-1.0371906648727558,-0.9933278510625918,-1.3407348257009382,-1.618821866650471,-1.6694249243331125,-1.7549003870018094,-1.8920133472291276,-1.8008257071317466,-1.793005055863583,-1.7856046076862349,-1.8004169495963254,-1.8446567586030973,-1.5042990514907633,-1.3372136801728516,-1.1837017995271264,-0.9851476842341871,-0.9361459154523661,-0.7614546955322066,-0.7187886858693808,-0.617304293850065,-0.4837560885506704,EMSC-20150829_0000067,KSL,3.2
440,0.36412248044597906,-2.162022924335993,-1.852993729304897,-1.815337411394113,-1.8633817488159696,-1.7327000382006137,-1.6329288775998432,-1.5221551890128069,-1.3999021256639335,-1.3538244199321987,-1.3651331016518489,-1.6707603031634077,-1.734940471102628,-1.9039794102383594,-1.9424527964937504,-1.985723406544091,-2.190743309187466,-1.993803735181423,-2.4452286561214276,-2.454009869775872,-2.460007218622051,-2.5899066318560955,-2.6299481524758033,-2.7344101964316927,-2.682315758502135,-2.4171331375523497,-2.4695386628836697,-2.3070575295075617,-1.864006640647288,-1.7837869705390261,-1.7517626304488267,-1.687141578634062,-1.4285366126320742,-1.2899606334324751,-1.442727335241063,-1.2522913540571867,-1.2821395039070804,EMSC-20150829_0000067,ZKR,3.2
441,0.44714468713962097,-2.3709482659850227,-1.8634553109467902,-2.986655772179395,-3.0660418185062994,-3.2106338848236504,-3.260486854273198,-3.429330042277626,-3.616472298433525,-3.443302399915905,-3.3194852943586755,-3.2450660432833605,-2.7820913195621673,-2.545333570423841,-2.725149803951199,-2.4726373409694737,-2.282697140958236,-2.2084328623652354,-2.3091332028816893,-2.285222511826708,-2.328077403792596,-2.634771830779794,-2.897479432215569,-2.876663343395803,-2.7897421425039877,-2.6235596832910204,-2.4855679745820094,-2.176814929200452,-1.876306874679802,-1.6249657132964135,-1.4508787330786639,-1.38704543370803,-1.3277842940558848,-1.2800387505672273,-1.1761565646289949,-1.0656899528985182,-1.0119439682086853,EMSC-20151014_0000039,CELI,3.2
442,0.3181827599359881,-1.9353605668177565,-1.5413025381132925,-1.926611522197165,-1.9683638336959621,-1.830934110921806,-1.5856615660222655,-1.4522947700493392,-1.5166865555911695,-1.8057151620458045,-2.141068357538291,-2.243748205946228,-2.099595903797457,-1.9918204205676426,-2.2281744033382758,-2.4281454057023018,-2.324244672151103,-2.2088785900351358,-2.0343688934981863,-2.062557336669,-2.2626461427154325,-2.434794436396823,-2.604888121993307,-2.4646612118886413,-2.295897682138193,-2.07122194878143,-1.9383054236146648,-1.9185632306038212,-1.5861190499362454,-1.269414670962414,-1.2423251287983454,-1.2339320505405347,-1.136505161028735,-1.099482726158966,-1.0088311046298664,-0.9208540625004762,-0.8048948842721941,EMSC-20151014_0000039,JOPP,3.2
443,1.434683663557772,-2.114826621920157,-1.6500979052642517,-2.2370149632388507,-2.290088972855793,-2.2558179853728646,-2.3690077577623754,-2.3176389599032827,-2.778078777186054,-2.313648843280755,-2.013306038326882,-1.9400752474057716,-2.0059183504958735,-1.8485036694880765,-1.5127954136256605,-1.6630972389434913,-1.632615210630286,-2.186884905452006,-2.3421428938955735,-2.5135191243286386,-2.3252471053326396,-2.3107259352835126,-2.408974441296081,-2.3022034550560413,-2.5823580104231993,-2.4427268830534477,-2.4256147075225893,-2.313064468062734,-1.7034591914583466,-1.5536391001841654,-1.3482493023563986,-1.2272441445957654,-1.004879131312805,-0.9787898712583978,-0.9528902283082008,-0.7392592204264066,-0.7264633253775674,EMSC-20151014_0000039,PIPA,3.2
444,0.37671223967397793,-1.808875057555749,-1.5369057437156535,-1.9598959337141686,-2.0430318759840045,-2.190795224172984,-2.262504895223463,-2.347924243799449,-2.282824255698774,-1.8255509817391191,-1.7363471941443276,-1.289114636408022,-1.3912579612690221,-1.6658425386027815,-1.6547912155022537,-1.6735005969019898,-1.6131288585148749,-1.6307395352254694,-1.7547045581087861,-1.885712068934879,-2.0615918889986347,-2.1990833145045716,-2.10133827967835,-1.9334532264900215,-2.095685793960273,-2.027466723383295,-1.9606307784939538,-1.9162340214556455,-1.582417499600247,-1.5546520420681649,-1.4913200733808445,-1.4425715177848097,-1.1479780417850076,-1.1894167463414647,-0.9747103689237662,-0.8318115154411636,-0.7112060651801695,EMSC-20151014_0000039,PLAC,3.2
445,0.8707719161748404,-2.657328022242094,-2.3086041481815993,-3.303226583245131,-3.364710091647675,-3.38577643459298,-3.4417555874478207,-3.480649362294791,-3.6491476566787417,-3.473585345544203,-3.1105849777950576,-2.6908379058903273,-2.646658273738047,-2.533796279438322,-2.8606299439023832,-3.062026299003744,-3.2869534602790598,-3.298317121751081,-2.898355889071347,-2.8336024434950478,-2.8379289023214316,-2.9663259792264025,-3.0080918333608704,-3.073233216775728,-2.9342699336411986,-2.594976203845066,-2.500381661448248,-2.4287625469287075,-2.3232292447940956,-2.1170038808062017,-2.058284984624658,-2.0165300975799756,-1.9667814105654244,-1.713969832458572,-1.510584829308966,-1.6331702545330593,-1.5634174621387658,EMSC-20151014_0000039,SALB,3.2
446,0.4663556860228697,-1.6387507402773007,-1.3681471574499486,-2.3201289661178883,-2.406094591214533,-2.552170696519955,-2.572676331510145,-2.638681439945998,-2.55285439131773,-2.5600909200524953,-2.3883865006653675,-2.0287489557122083,-1.8616593298181314,-1.4038186550658551,-1.834685810955813,-1.8865062705796358,-1.9700521227535184,-2.055858185097623,-1.8925988587292828,-1.9927718761568904,-2.0094663070540904,-1.750390738273886,-1.8291223452047642,-1.8416608710834055,-1.7731025343540292,-1.6335569357380813,-1.6161198694506762,-1.66227663158603,-1.2709938643194238,-1.0803681373778389,-1.0390924052751256,-1.0658707796547855,-0.9398579713948241,-0.901463527501507,-0.8604299282807322,-0.6716723227588339,-0.6525179457127184,EMSC-20151014_0000039,SERS,3.2
447,1.156211991288382,-3.49670564603724,-3.0473256637432034,-4.21253825629363,-4.242509401587281,-4.36041473661245,-4.398888135617707,-4.440413844061398,-4.4521436650103485,-3.754328876280998,-3.9332673569694014,-3.8141689845204825,-3.625372434505868,-3.645832589076999,-3.6813306444288294,-3.932495045173706,-4.036826078342987,-4.23358753780353,-4.070728334920487,-4.167520697392856,-4.263703338739868,-4.063518824758885,-4.232593251463419,-3.8702458414881136,-3.8458467314743014,-3.573982902394782,-3.4621335337236374,-3.2890186740799745,-2.844680960670093,-2.424758362672124,-2.2495789637319454,-2.3840319767907996,-2.4834412743044894,-2.5234603587202216,-2.5969645582836716,-2.5242909382973817,-2.562470913253664,EMSC-20151014_0000039,SIRI,2.6667
448,1.230426696994165,-3.681855568927224,-3.2107981931270437,-4.000887704894087,-3.961095394133409,-3.779461345137994,-3.3713296937692334,-3.4184726181887317,-3.7623881147670195,-4.431866742530136,-4.433422134026067,-4.159469167600998,-4.2442507753035486,-4.0940553443634915,-4.109749757096106,-4.252211560584639,-4.323764946879475,-4.221127021642857,-3.9875304734878902,-4.025029372907179,-4.01158125716913,-3.9635775849606834,-4.112363216565232,-3.918417347248729,-4.139701829094522,-3.965366558944691,-3.5341379170144958,-3.521696308676301,-3.080772338901589,-2.886454792364587,-2.797509736645635,-2.7781162432691975,-2.674133957762688,-2.7135522769284766,-2.5365006637756533,-2.597681618702639,-2.5272228160749712,EMSC-20151014_0000039,CUC,2.6667
449,0.5361620706620753,-1.9289713887634026,-1.5806302556859713,-2.966733746623854,-3.064165723424619,-3.239471304994737,-3.3229839838098627,-3.1902528955864202,-3.3876917646678804,-3.310231648198995,-2.9859222084438226,-2.8548425734463976,-2.682719156396182,-2.3262103289361065,-2.137681577445079,-1.8832207805815475,-1.926397402033702,-1.9228274377710033,-2.079220409855104,-2.204134164810771,-2.386718707573694,-2.4184714670140277,-2.250408035659923,-1.8687007846262649,-1.8590575432103016,-1.6571501827300796,-1.64820448532347,-1.663849631633985,-1.611546035713408,-1.3178319808707393,-1.2573055119979166,-1.3030761832180247,-1.133654901918531,-1.1105572758906312,-1.0274589670043301,-0.8670406550829561,-0.7991266851287051,EMSC-20151014_0000039,TIP,3.2
450,0.7309605717812291,-1.7664378911673904,-1.3454613417379928,-2.7790159282788585,-2.817683560926758,-2.821984642553913,-2.6987483914506,-3.00113015009902,-3.2016767113778455,-2.8584292707742502,-2.472933639432605,-2.317156864832336,-2.3429368696165502,-2.4338562425042607,-2.5210973215552723,-2.191176242885283,-2.383916332219007,-2.2871170523369937,-1.9978248665677762,-1.9477325876381837,-2.0243884212388084,-2.131542163521342,-2.1245663880476524,-1.976550239203668,-2.027544580684573,-1.6081202013503262,-1.499938439383481,-1.4286259063065572,-1.168616369839027,-0.9462511093608565,-0.9437199262346745,-0.9068749931320532,-0.7035145842526269,-0.8620936803224843,-0.6827420545116336,-0.7353585044422903,-0.6067791449248805,EMSC-20151016_0000001,COP,4.0
451,0.3474439273845431,-1.630115358184252,-1.2666127898578239,-2.202786575972606,-2.24311002587074,-2.3618233318064803,-2.2105440107555365,-2.2497589908921354,-2.330288441414104,-1.8468420392178206,-2.0116816610746895,-1.716395688867446,-1.7420121927861985,-1.8269042441732521,-2.0703727007027464,-2.32429303105207,-2.191660945010902,-2.2608514559834445,-1.9380711169925284,-2.024106852673194,-2.075222077959813,-1.7602047583576432,-1.7539315191809326,-1.7075403844924235,-1.7244155710979818,-1.564883608397471,-1.5530830114977245,-1.4005596412671864,-1.3905560016091538,-1.1573557544186137,-1.1182146317783168,-0.901653585337753,-0.9641613383039029,-0.6096502848385636,-0.5591024618094007,-0.4272923833919151,-0.4652983898930483,EMSC-20151016_0000001,MZZ,4.0
452,0.18117387279027364,-2.6970548589965517,-2.335827947965612,-2.766143506650428,-2.8390477593659034,-2.9328710298698653,-2.9471972126966657,-2.8213675423174447,-3.1312511963606706,-2.735411642733091,-2.73100353681388,-2.508618083262924,-2.2236628977558155,-2.3436930232699567,-2.2905284239664354,-2.5723025932823314,-2.2470004077420835,-2.6727022023101465,-2.984158358902512,-3.0827009096157543,-3.005882263600901,-2.966490320957515,-3.078461238762692,-2.797378497525271,-2.687021222273808,-2.610198610127073,-2.8034483045080183,-2.784225672241691,-2.6735243354000104,-2.481544922644444,-2.252554280590342,-2.0190519542347847,-1.8458926878346666,-1.7898342123397928,-1.7024975974231644,-1.6072306880256342,-1.4626009886787124,EMSC-20151016_0000001,RCU,2.6667
453,1.1606039518940543,-2.1018162781272096,-1.7084148117542508,-3.1048541751144576,-3.186391302577446,-3.3385343697772054,-3.387014905747874,-3.5763578326298138,-3.4996981144140022,-2.9191181911567288,-2.7873321091533034,-2.7172471101335764,-2.7815559621061414,-2.5579132477253497,-2.5442004948727517,-2.619958130186399,-2.581207405197791,-2.6329622115213205,-2.3914729507474544,-2.337025231336222,-2.3117524102623914,-2.3216739005404214,-2.322006077382868,-2.262264249270901,-2.1506526576033824,-1.8966272630421432,-1.828495116304543,-1.8008287540986103,-1.5482225515922625,-1.5008321246505254,-1.4548799678736533,-1.2202693090717371,-1.3258752326837566,-1.0892852918802767,-1.0252178089381374,-1.0859451093455146,-1.0510499266253568,EMSC-20151016_0000001,ACER,4.0
454,0.6420149190382642,-2.3529164969583434,-2.0918967551847505,-1.752102003038157,-1.7127806472269569,-1.6524202138592496,-1.5426493025784058,-1.4650121689149103,-1.3552722786728424,-1.1122233452444004,-1.34416105547127,-1.6769374323668762,-1.9674764021375362,-2.0054528669531386,-2.1309215910314014,-2.457256322420939,-2.374251733503786,-2.7375073168327244,-2.8120931919952916,-2.879455622193386,-2.895427728951269,-2.617919792974055,-2.462179558610247,-2.3565285780005887,-2.8774927557084418,-2.916056350900263,-2.944471396161134,-2.5964724960397536,-2.069433861596094,-2.0377243940859344,-1.8641951164365267,-1.949933425053345,-1.6868695860710599,-1.7897648358194864,-1.7065900924924176,-1.6179636128287136,-1.5833911169168307,EMSC-20151016_0000001,BULG,4.0
455,0.41960495016891564,-1.763311606273513,-1.4439392098868282,-1.5714738381038575,-1.5800317390682341,-1.5336710604503905,-1.173677996120575,-1.0891597415740755,-1.2975419149116458,-1.214107350997045,-1.8980443619336516,-1.6806018321366105,-1.397443956661661,-1.2078661319831934,-1.280437527584942,-1.316189478448356,-1.596538412300343,-2.0387025558604472,-1.9317326456856003,-2.0141515833386627,-1.9511748789359293,-2.0280597742845563,-2.02730760501397,-1.9053604299565343,-1.8777898966977027,-1.874096720819729,-1.9258898970890588,-1.950281583852659,-1.8306082785301374,-1.5133520059306882,-1.384148133678428,-1.1884168342446202,-1.1330985177152648,-1.0102156839253826,-0.7510964162894886,-0.6276657070817393,-0.6293020256968571,EMSC-20151016_0000001,CAR1,3.2
456,0.18064441961705713,-1.3902679947683474,-0.9935212491668111,-2.257647061010431,-2.331354853783858,-2.4599944333549324,-2.5137944712279188,-2.327016074831463,-2.283724073537984,-1.718918971179411,-2.3948306746722148,-2.2577513893733334,-2.1172481271698143,-1.8049953221134336,-1.8253509670080756,-2.010196436152045,-1.9695943252871286,-1.839500694404232,-1.9169746854441936,-1.8209700178209722,-1.7481888998914528,-1.5632750819840533,-1.4081275489269718,-1.2320831786591686,-1.222058922025063,-1.235712483325143,-1.218282564740587,-1.2100532041962797,-0.9739690308842519,-0.8320568019510013,-0.6922510681681366,-0.631091876240994,-0.4283352537023646,-0.3934807642264637,-0.3144088276911745,-0.18855977601058882,-0.11836710935106964,EMSC-20151016_0000001,CELI,8.0
457,0.12234588352464826,-2.4548235038960566,-2.025613208379541,-1.2755319980040793,-1.2725882139339486,-0.9989052021482099,-0.5339967208723282,-0.5716997478923913,-1.2491516311473285,-1.048156590259131,-1.0895537153475203,-1.4682997263829174,-1.7808221115175709,-2.3309410741351346,-2.5720342831554674,-2.423249017916665,-2.5357944946761997,-2.5293537977718765,-2.5311880032760516,-2.4844549002979743,-2.462845683953267,-2.6322433029046763,-2.7304762471311204,-2.873931281150691,-2.7394213940011216,-2.8210654988454316,-2.7881263393990086,-2.717975777016962,-2.6383076247912705,-2.38040368871785,-2.078531388779787,-1.8146644957442906,-1.6469147777917499,-1.558006629896358,-1.3417094247561927,-1.165593242993415,-1.0229265678707318,EMSC-20151016_0000001,JOPP,3.2
458,0.6017927786754833,-1.5250695167102641,-1.026389496062544,-2.8978620269597313,-2.994542436229886,-3.138695805893742,-3.218324621766137,-3.0863120573537257,-2.880795327867994,-2.7096257520348477,-2.8814158309057323,-2.74873634515662,-2.6523276092861696,-2.694341697866534,-2.466586338039887,-2.461471732336962,-2.2849780646910727,-1.8856289519776537,-1.63839315056015,-1.5386040803600665,-1.4623428515380912,-1.4320672084458153,-1.32966646599907,-1.231144765155694,-1.2464953671771948,-1.3205527906005035,-1.3281758365002627,-1.232408996124299,-1.0805483667106852,-0.7628219784364791,-0.4918805384213094,-0.49410463126627135,-0.42252887785184434,-0.40736416099293216,-0.3569478147720577,-0.31499186740428087,-0.31718803759443936,EMSC-20151016_0000001,MCEL,4.0
459,1.4855931914868625,-1.701923316671964,-1.2980432099232733,-1.9835941009566316,-1.99943199787627,-1.9567655143600575,-2.1105839512493283,-2.1604809327556325,-2.0851013853048244,-1.855056385754005,-1.8729981316350717,-1.9717544092382324,-2.0131945920274656,-1.7964876985858904,-1.5811530965112564,-1.7092135633268883,-2.0562203616853836,-2.0048846273354,-1.8423702220046723,-1.7982172623740702,-1.7107810805316248,-1.6706493831508968,-1.7918607674606797,-1.7763385423304978,-1.758273189642738,-1.779783019504876,-1.705174874827117,-1.655756038141675,-1.527529434292651,-1.3181512143973766,-1.0218831467363536,-0.972010269511765,-0.88335062573851,-0.736189263731303,-0.6386655032186326,-0.4507072825254248,-0.39722735489104366,EMSC-20151016_0000001,MESG,3.2
460,1.5973818304659022,-1.8523571303531536,-1.5898512336214807,-1.6522299770070497,-1.5582845441020297,-0.7449017019406732,-1.4937859005497387,-1.600155631943652,-1.5549700732331093,-1.2695068503077707,-1.398684213661662,-1.2166846368638389,-1.6750449747145595,-1.625727306665059,-1.796980384954935,-1.9521886329170748,-1.9522402293635501,-1.7292917445078526,-1.8604872255923226,-1.7071013379799034,-1.8301495520220215,-1.9954975846852498,-2.0432070166635103,-1.686779076197352,-1.6547904468176746,-2.063035932547308,-1.967431350421018,-1.8480736600198338,-2.038925482667665,-1.8906480649983948,-1.6916320336273447,-1.4705391187495245,-1.1294125052981734,-1.2022712039801142,-1.335699691233792,-1.4274537530840252,-1.3609280334872942,EMSC-20151016_0000001,MGR,3.2
461,1.1707978236510175,-2.4000813602590316,-1.9295695220088582,-2.5568210152218693,-2.546151238890465,-2.5110651628592464,-2.5046499312349084,-2.3799797173192694,-2.1934706179097727,-2.1153293639834185,-2.275383077641539,-2.2679163476129567,-2.2913852865776665,-2.27914416115323,-1.9815029239904938,-2.547681684032133,-2.7876158051267677,-2.8218774533077227,-2.8133666956109593,-2.709188941772588,-2.8405258174239787,-3.0404963604032496,-2.8077867554689586,-2.6869280448368027,-2.698801735200716,-2.5023380780410793,-2.601976420257923,-2.560645270768859,-1.9458670519045018,-1.745807833327122,-1.5743722927169177,-1.4329411282604525,-1.50723273563057,-1.3091387188506403,-1.0864894142375707,-1.1572611832555388,-1.3338238004624667,EMSC-20151016_0000001,MRLC,8.0
462,0.22974619016618147,-2.391739385063735,-2.111543205110465,-1.8568532695465931,-1.8872119698611058,-1.9127386845235952,-1.8340536308706916,-1.3077651422273755,-1.5638466198907874,-1.2520852455435438,-1.4671066023075383,-1.1924279964653683,-1.704583534258278,-2.2701759569887026,-2.288104989365797,-2.4193264933699368,-2.59032110793191,-2.539416023084833,-2.522967458811051,-2.410925490356618,-2.3853730094630983,-2.396036150092746,-2.21389994682942,-2.4106195541434587,-2.6819463697737937,-2.7587169523889,-2.7673554082778384,-2.7374928108968977,-2.464718662629922,-2.2452993217536896,-2.0890093053191396,-1.9894460900099045,-1.8625698647975426,-1.644753991615442,-1.5277487149580775,-1.2557103074414275,-1.1911811705453559,EMSC-20151016_0000001,PLAC,3.2
463,0.3022277688905177,-1.6567364420901427,-1.328752892382603,-1.9054439202184739,-1.9907569244406256,-2.1404262700849106,-2.189987366668902,-2.2116869845196616,-2.2486137826267854,-1.877677063634625,-1.521175574490198,-1.4498052361341474,-1.2304550248108566,-1.6800596789211504,-1.7647801956889495,-2.186709885410882,-2.159211348885349,-1.889181473471302,-1.908917965998052,-2.121363548985414,-2.154697370278429,-1.9935675644134445,-2.1305943375985663,-2.125950692650891,-2.0693247495834495,-2.0397164879698106,-1.5724846992679407,-1.3368097024996324,-1.3361009663159127,-1.206517485866721,-1.1889713277600933,-1.0151688617633159,-0.9538084979947392,-0.9179156244957714,-0.7811418666957888,-0.7031606927760627,-0.6449520846503347,EMSC-20151016_0000001,SALB,4.0
464,0.05856930937838056,-1.7869983709589423,-1.4442032554682935,-1.153375059746054,-1.230506391551585,-1.3735748740644107,-1.3731522792580968,-1.2527136057764663,-1.1964867368070777,-0.8827198044108,-0.8020565865929683,-0.9384173455450124,-1.2374302127970447,-1.5334529127224412,-1.860178766505138,-1.8780253649322303,-1.9983216674530517,-1.96839578178506,-2.298463444886659,-2.414616470979837,-2.320576691837065,-2.0609915276222974,-2.2720328423644727,-1.9244411317357457,-1.9328715361439848,-1.9904945091746846,-1.88101540948532,-1.9262393139229612,-1.8774195246464789,-1.4319789770765983,-1.2740371275279507,-1.253440796600362,-1.110380409497374,-1.00898623510842,-0.921197301712283,-0.7565311315053158,-0.5701917423821463,EMSC-20151016_0000001,SERS,4.0
465,0.641447675699407,-2.063389783859627,-1.5734078792204862,-2.8232891427257982,-2.9000201039140974,-3.0508924692338892,-3.1285711911749354,-3.212492602765461,-3.161768808482835,-2.2883424092499736,-2.060229832504368,-2.512950137931056,-2.1312740162543173,-1.9162075130117264,-2.2053969602594545,-2.383727723050918,-2.538600545398074,-2.6471558339660533,-2.6386810773694416,-2.774473188738689,-2.563558812337101,-2.5706589499936463,-2.425995667935675,-2.403619053503105,-2.304389017798769,-1.9142215113225944,-1.7306733096057485,-1.5687289050405049,-1.632903456655617,-1.7526143877713842,-1.5575473673595717,-1.1976897014453485,-0.8249536464925118,-0.692073920700432,-0.5034499369651027,-0.4583488436977188,-0.4232010844688059,EMSC-20151016_0000001,SIRI,8.0
466,0.6544776409177153,-2.444981511210452,-2.0424617769007796,-3.1681683900281357,-3.242535767174947,-3.3202233725586368,-3.061351378840489,-2.928089189624208,-2.865314348744591,-3.0311547260445675,-3.0830148763805507,-3.1016752466558692,-3.0586053584088786,-3.2032453104929015,-2.912769969435762,-3.0357841434384074,-3.0292627425362166,-2.7251038280197575,-2.24517486939998,-2.3944081217617157,-2.6411477458018187,-2.8456162964217775,-2.826366108777167,-2.7124780939617885,-2.6639977638934678,-2.1957115091682216,-2.1650254252009553,-2.2744229655124872,-1.9867091853830896,-1.7943494616132938,-1.5939842624731408,-1.583229202350891,-1.5014528833325684,-1.5247759338671312,-1.6867214164631346,-1.5480895893190159,-1.5118132608547992,EMSC-20151016_0000001,CUC,4.0
467,0.08557881813013868,-1.6937704492803558,-1.331198630912258,-1.6089470228662073,-1.6397360490868378,-1.6710698329270777,-1.6442861191273268,-1.005184272924967,-1.4841926981266464,-1.6694693337250897,-1.68996740697672,-2.1637570010257114,-2.2388384482245742,-2.05501512522428,-2.2171793421205743,-2.1525342571832446,-1.9462135580761473,-1.661356037851463,-1.879915628117761,-1.8585798048642594,-1.867032613683433,-1.9785709538944918,-2.051040608141882,-1.8261412422695518,-1.8004980859815998,-1.7093432418487442,-1.7567429145324116,-1.6321161406849747,-1.5551232490856108,-1.2080355471992714,-1.1749984362576118,-1.1506535138219025,-1.0164487559685842,-0.9205901712988833,-0.8423298043516105,-0.7322977795590351,-0.6521210100835422,EMSC-20151016_0000001,TIP,4.0
468,0.5163344124050293,-1.069939311972547,-1.0670159750328096,-1.4223605836913533,-1.495470307123215,-1.520854406412191,-1.526236849816792,-1.4617596634793255,-1.4516376435736529,-1.2351872716322303,-1.479579893816302,-1.108034445636494,-1.0176260025268276,-0.6653200610681882,-0.9066468319176808,-1.0162614691035792,-1.0189342534377648,-0.7690749705768187,-1.108914062209152,-1.196597795310244,-1.0838644391032783,-1.2325829810063613,-1.0607410819308232,-1.0937749304374282,-1.2273065733843875,-1.2078975648150525,-0.9611111196813074,-0.9742588767503317,-1.0725000374039233,-1.077066624973904,-1.099816507923732,-1.0503886354127978,-0.982278175428835,-0.9685309902261601,-0.9674460475560114,-0.9820672033022522,-0.9735683356732849,EMSC-20160306_0000028,CAR1,4.0
469,0.722065939924248,-1.863736105799834,-1.5996555326088941,-2.171989902059855,-2.1911575332685045,-2.1403636453329735,-1.750180250588505,-1.8542528203205153,-1.904955783401875,-2.113681337374926,-2.2088127886183253,-2.2410639850477967,-2.292738981831919,-2.3205043433047496,-2.2676811689531062,-2.2456866053947735,-2.129303348761699,-1.8895658548417096,-1.9024083163353058,-1.7290305769676433,-1.7607209207768726,-1.8882001268388082,-2.0672308608452443,-1.88389476020099,-1.811292888404239,-1.7759917029922665,-1.8423727108541854,-1.931884185437637,-1.7270412836818672,-1.2868215686317246,-1.0847927551385652,-1.3447565376859476,-1.1926024838882014,-1.33695872915931,-1.489039577050601,-1.5778685142972275,-1.610428233973046,EMSC-20160306_0000028,JOPP,5.3333
470,0.6438777547692669,-1.9011919053451205,-1.8857043576289954,-1.7574777913713397,-1.815899572110352,-1.8267243271896012,-1.7834412050670583,-1.5935216693928966,-1.8935681290650486,-1.4628941499057069,-1.2176667190558295,-1.6347334740257882,-1.859465264570563,-2.020616645675302,-2.0876878366027825,-2.1864019175160445,-2.1026567285779896,-2.089067393963445,-2.212234352901394,-2.2099186751014237,-2.2048102698039145,-2.0612592948039126,-2.0732459481978047,-1.8443780151678109,-1.6126049532218811,-1.832799106431704,-1.7333353099959652,-1.6058504612990596,-2.0698575855942423,-2.0186505702443025,-1.982984690793156,-1.9303971281275967,-1.8207534060662027,-1.8806433216925207,-1.9460730753650033,-1.920673360047692,-1.9106083094021695,EMSC-20160306_0000028,PIPA,2.6667
471,0.09311727618574306,-0.691684476543788,-0.5266980072231089,-1.64153335641444,-1.7394218173289326,-1.9115027431568121,-1.9623435295050733,-2.0943971587035692,-2.25795971491097,-2.08279386098312,-1.720276751600558,-1.1014276211102416,-0.8542950639852851,-0.8240151649454921,-0.8534249713001323,-0.8079611491020815,-0.6885623076873264,-0.43432667009494796,-0.4823787867044036,-0.5116558749648483,-0.5853202223668976,-0.5893767678964927,-0.5445021982774678,-0.5006490873348532,-0.5625376386204266,-0.6468423043531519,-0.6901752361480966,-0.7137289446958146,-0.5402907245223094,-0.44694565866671176,-0.42046112911321387,-0.3209595491109649,-0.24062337462988737,-0.23304624187249878,-0.21556271357346724,-0.16654744732288762,-0.1429820042657841,EMSC-20160306_0000028,PLAC,5.3333
472,0.4928934990122187,-2.142744807425734,-2.038082423839395,-2.091212489965079,-2.177660360510435,-2.264784042443866,-2.150727742445069,-2.193706378595156,-1.8769966185084135,-2.0289281282575855,-1.6529642541075056,-1.5518057462744705,-1.6528637859157236,-2.0313659621460367,-1.805175643269889,-2.0501180086132536,-2.2882072945958285,-2.45464028160249,-2.393283999418575,-2.5551532035159354,-2.4052271525727473,-2.2811464487235273,-2.3685509382492835,-2.1000710120033936,-2.2843858126070273,-2.1777813452294232,-2.3246778288325913,-2.1632686577161753,-2.0972745732037517,-1.9191803963560705,-1.9738025281686369,-1.740119936597372,-1.76865647577654,-1.9495234343798735,-1.9975806814925896,-2.1397906131939504,-2.135934166672744,EMSC-20160306_0000028,SALB,2.6667
473,0.4066699461398433,-2.058556385614752,-1.9382219768384648,-2.5396120740246726,-2.6161610809730913,-2.6894558357460054,-2.7035328656243207,-2.6460373125573566,-2.616112117968447,-2.434211321221251,-2.5071510595771462,-2.2107048215032608,-1.8356277675588206,-1.5698794554064728,-1.5129938977769966,-1.6512788610119955,-1.839656096220243,-2.052880652773629,-2.358840179575381,-2.5013273551698454,-2.508629907324944,-2.30525372165339,-2.4175331195200016,-2.2737684467037553,-2.09110104384386,-2.0060464173712678,-1.8525720199779165,-1.93791734300531,-1.8314961712541074,-1.9622085914411738,-1.935686093700495,-1.6439989819386884,-1.6630450545062878,-1.60783505945796,-1.7624000170143574,-1.633755652005405,-1.694971446304029,EMSC-20160306_0000028,SERS,5.3333
474,0.708586589312636,-1.6188354503865874,-1.425389390297287,-2.1448353402483846,-2.1876596134870665,-2.332512352834553,-2.2586140013961513,-1.8689346600344932,-1.8763623277326893,-2.098280651468216,-2.738680220659883,-2.610678644105069,-2.413025856418967,-2.2854066381193707,-2.062621848409238,-1.9717144049507578,-2.014919332316941,-1.7769427366959434,-1.9088694484730349,-1.6431436631007692,-1.4617649154642862,-1.3920926317217575,-1.4904857520617387,-1.5786151278106697,-1.6580418119889142,-1.4874529791809596,-1.2511704772024892,-1.4639930542683857,-1.3361788075397527,-1.2187395210121235,-1.2197161831164962,-1.2261198839132241,-1.1606479007811128,-1.0941005627655542,-1.1800800398166107,-1.2321755813652207,-1.2770958117971993,EMSC-20160306_0000028,CEL,5.3333
475,0.5900603125886681,-2.3075696588037697,-2.2140109526743075,-3.281393592178146,-3.364643654593883,-3.4288538856965145,-3.4618126626897032,-3.535614846875771,-3.5597482391542616,-3.1606585015478963,-3.1641042314953554,-3.193302351553439,-2.8452619586007355,-2.6114472235952846,-2.4486820538876017,-2.615513097436155,-2.641172226552336,-2.6735799188150366,-2.5394702700526794,-2.3045029284864,-2.218789717968299,-2.336625126280195,-2.2321047630670385,-2.231256740430135,-2.203023040168352,-2.2084550923087782,-1.8307338663708563,-1.7637359140963618,-2.1080256636641934,-2.1520461346515987,-2.051367626597033,-1.8292507920167562,-1.9865093059281094,-2.0915308540112516,-2.160623796642966,-2.2231944565699084,-2.241039656599062,EMSC-20160306_0000028,TIP,5.3333
476,-0.47011161494896214,0.7708122845117416,0.7871124569701973,0.9880491114046599,0.9253962890361018,0.8729995960632184,1.0805770825209646,1.0951188102020644,0.7918124567157689,1.7243975682354624,0.806657970533593,0.4939006538636912,0.6351072543828025,0.2402330420744745,-0.027254519115026632,0.10527831704017743,0.41099795026314023,0.6533779935359654,1.017633044301327,1.1003425226005907,1.2002585133908878,1.1901977353115827,1.1280609802684873,0.9752951063744781,0.821742468668849,0.7408921887720972,0.7113987538502791,0.7080169490150974,0.638182552943448,0.6646865659556322,0.6478356610333957,0.6644098583496518,0.7640218558629375,0.7887585595856343,0.8298328001138913,0.8959727076192276,0.9241493107820684,EMSC-20160927_0000164,KARP,8.0
477,0.7684507311674276,-1.8940587505863071,-1.6133085284464634,-2.1351593182864175,-2.136913459892482,-2.1405019594503862,-2.1729448416618835,-2.323245195291296,-2.3180597562836835,-2.143437410140935,-2.191542988575229,-2.47992591878133,-2.492041048658902,-2.1493442061436,-1.7787443647689622,-1.85937116779108,-1.9976842822693808,-2.341587145397149,-2.3028048165346693,-2.154221056035878,-2.1409913331401995,-2.2690073230005288,-2.1395286418405544,-2.262033168057881,-2.1327350899221793,-1.9546721189979808,-1.739856753383381,-1.6102583071840693,-1.5247339599048235,-1.4053049350966518,-1.4005287760342089,-1.3980279775919868,-1.1359089661936022,-1.1772774252212148,-1.2827141538271203,-1.2915998532849748,-1.292869700383001,EMSC-20160927_0000164,AMGA,8.0
478,0.7093080208134404,0.8827652231367038,0.873577644341907,0.8005794989012935,0.7184525419001417,0.570714103211734,0.5310998140276961,0.44858920667220215,0.6347387529529716,0.6853845725688075,0.6810488936303329,1.0142632789727744,1.046057436076321,1.1701281135326393,1.1467518061500286,1.3556901388788782,1.4174577268189612,1.475495881005557,1.4153566955049,1.4074571687089774,1.4692609952531415,1.4673207665701709,1.1316731967963767,1.3476640910639874,1.1489708349625873,0.7651246065401951,0.7130237593955968,0.6178891418435697,0.5761715060333472,0.5569455503972485,0.604239245773325,0.65688575847485,0.7655795736758311,0.9228825879664306,1.0365103038100596,1.0721836563404796,1.1399668159206922,EMSC-20160927_0000164,IACM,8.0
479,-0.47011161494896214,0.7500579686661659,0.7663803594575587,0.9673956410433364,0.9047530581857783,0.8523791460287677,1.059961793169708,1.074520356995862,0.7711996097705285,1.7037527038842728,0.7859774000959714,0.47319917472751705,0.6143838720199666,0.21949533211629468,-0.04800477675749537,0.08452103011263823,0.39023280782914327,0.6325984255003236,0.996842550157889,1.0795470181466396,1.1794632603814499,1.1694026480787896,1.1072654369318675,0.9545068415257241,0.8009585079891606,0.7201153735067125,0.6906266118812807,0.6872502616440315,0.6174271031531537,0.6439481894701764,0.6271054832864973,0.6436925491962224,0.7433063951296504,0.768044889753666,0.8091288521008924,0.8752757615972993,0.9034666923203485,EMSC-20160927_0000164,KARP,8.0
480,-0.5570827198668105,0.1469685910303209,0.19755025161178885,-0.2204773440701704,-0.31404729202451165,-0.4833020408466995,-0.5650475110751954,-0.7423102138231821,-0.8391617205750626,-0.606994668376978,-0.4677924638451607,-0.11490971884605194,0.2700979589225154,0.6616798844752818,0.49368740641125175,0.5047572992590528,0.4416947121693253,0.7288538790277892,0.494898504995243,0.46704661211194054,0.40944249140386635,0.1697373985327868,0.2011105850504613,0.3113040728956076,0.15299569062835516,0.0017230154201275383,0.091070763073823,-0.0010884168344862388,-0.06081548382356594,0.1491248700382357,0.19273905985136075,0.19887973370238576,0.24924237428095708,0.28290285596767895,0.41102051843259346,0.5065373041334276,0.5737399005243145,EMSC-20160927_0000164,KSL,8.0
481,0.8530436124456959,-1.6106162903767647,-1.5727065178488306,-0.9010681498311204,-0.8859900884905869,-0.8727699130059978,-0.8425203406300206,-0.8314672117473823,-0.5435757284720779,-0.7418636937087744,-0.6554702541466746,-0.6596633055479302,-0.5308022892496602,-0.755877168107947,-0.9131941590155996,-1.2964386828572465,-1.375447801539635,-1.8135196729781784,-1.8858605005088043,-1.8975385107566671,-2.122795758284237,-2.0945384224140735,-2.065329987759723,-1.8082657417963244,-1.9432331663844096,-1.9072593172358872,-1.7984338750769169,-1.704587974643605,-1.7554596680731311,-1.678996984804284,-1.4673552678802295,-1.6276424209142704,-1.5367530779674095,-1.6126883566424581,-1.3957187270592115,-1.353344111157135,-1.5138858972562605,EMSC-20160927_0000164,PSRA,8.0
482,0.9178649817141515,-1.4893460983356945,-1.4273817980282413,-1.208894415631546,-1.206771977930364,-1.1466663158794326,-1.0672269299142378,-1.1628296394281712,-1.4194853525204874,-1.5614967206162582,-1.725609141622936,-1.708225301683953,-1.3990176072272575,-1.544201949435191,-1.499172883808435,-1.3343038460096857,-1.1536245236933285,-0.9876343222870707,-1.3695671021673324,-1.594297926573577,-1.6502405792470904,-1.6993682326569033,-1.7142838461993604,-1.6544321861972637,-1.5411499725073288,-1.473169060469747,-1.4590496058658289,-1.541324857509725,-1.5889641484990076,-1.5259324677316108,-1.514345731250625,-1.506392904046777,-1.4882087122076442,-1.4413550433052134,-1.2807349389376963,-1.1931716363960376,-1.1700533455373048,EMSC-20160927_0000164,TNSA,8.0
483,0.3798708249908347,-0.7343874042524394,-0.6680193044707767,-1.0810841135174147,-1.1593699948091185,-1.198327650948296,-1.0025089380193712,-1.2590413363386883,-0.809222416472025,-0.755302299986619,-0.960199793091328,-1.088333017745149,-1.0408840881916666,-0.6851766531227863,-0.7604816391770539,-0.7524925086311969,-0.517817565736566,-0.43478634705903385,-0.5007787596170221,-0.5547641635043803,-0.6258588847908655,-0.4785287899588795,-0.5810603435540758,-0.5265543126848913,-0.6860306214486478,-0.7101200011863424,-0.6967581526887319,-0.7490703206040479,-0.89358191535249,-0.6770261206152774,-0.7606032781408807,-0.672122637955546,-0.505383629954391,-0.509454703668295,-0.5263211336321039,-0.43177148236539864,-0.35704198407970367,EMSC-20160927_0000164,ZKR,8.0
484,0.7178308693601565,-0.7165522364074945,-0.8712716321085043,0.2991694627430075,0.3044581288693422,0.31968532731838195,0.3419899232128767,0.43419784600133937,0.566949921689222,0.3586831066557643,0.03887176537389614,-0.18617328804890043,0.20698117553880113,0.22899068434848235,0.13117902771247358,0.17084970753755702,0.3349354370320601,0.09816075028497284,-0.05304310986814986,-0.2214618046841954,-0.2393851639277642,-0.3770267468389985,-0.5637073419586152,-0.966995820077333,-1.0235323400436052,-0.9488088791924749,-1.0240260368551084,-1.2670112323883345,-1.3479380527462137,-1.257873425507567,-1.2302744982028493,-1.2211871226865743,-1.0901781124755487,-1.0307981125875934,-0.9248940737290727,-0.8677336632943167,-0.813042112005661,EMSC-20160927_0000164,AKS,2.2857
485,1.011150644342739,-0.37599158704012225,-0.4561067363134139,-0.13799637506424212,-0.13719512821610458,-0.10200779781744806,-0.08163696454267111,0.11234423155448248,0.32977489715372066,0.5354391484290115,-0.12239368288836872,0.013107830650411323,-0.059758353348934534,-0.19105535741173174,-0.2562497561852446,-0.20561805740149008,-0.21665548492617415,-0.25841520513437644,-0.20350742292549295,-0.19965249350622827,-0.2223219288332503,-0.45780665716834434,-0.3319028712145524,-0.24970699190427936,-0.22950629507012366,-0.253954710083482,-0.4491884860890778,-0.524574646677932,-0.7232014784286491,-0.5444979945255781,-0.5422147609576413,-0.5673041846770275,-0.4752527309048382,-0.5775586272120421,-0.603627601941044,-0.5476930986132427,-0.5379465543157149,EMSC-20160927_0000164,BASM,8.0
486,-0.1402967480528292,0.9387548900152218,0.7849293146374361,2.157364789142653,2.145086146026383,2.158549070022925,2.1387789760543985,2.209218758239488,2.105479569163739,2.0960877623425898,2.295581111172166,2.4473177967125945,2.3609359999218658,2.1718586379336307,1.9699281648769587,1.7057776713966604,1.7355301789744217,1.6903144378592438,1.4007468592108525,1.0612514499813237,1.0411946874176703,1.0178199185436743,0.7010892153226056,0.6668871143919368,0.4769679678104657,0.3089213354290994,0.47955349953549664,0.4999616142482104,0.2732455251458479,0.6255478504260736,0.5909060296164608,0.5617758389617631,0.6026357349705318,0.4278727208516937,0.5536884056875486,0.5940916718990987,0.6790900091590295,EMSC-20160927_0000164,CAME,8.0
487,0.540517647334346,-0.5045725024821817,-0.5481284037472527,0.7883607017081617,0.7740404225422415,0.7716441852659184,0.7788008255715759,0.689701942626991,0.5243941418950078,0.40346316383571157,0.2783550138995574,0.4611128814705623,1.0270450649872727,0.9705748114515824,0.7311575882414614,0.6131479290976545,0.47753800108087674,0.2594344623874756,-0.07609834665560111,-0.16394459846612008,-0.1952757333178985,-0.4049801345103692,-0.5940617438608378,-0.6434467264436812,-0.9383343882789905,-1.1791537727798929,-1.1573509147869725,-1.1685641643619764,-1.0780498949494444,-0.9608198299711219,-0.9379872546690073,-0.7968569200845774,-0.638764280110621,-0.5648680458496145,-0.41734717520665576,-0.3698292408616748,-0.22627187526206427,EMSC-20160927_0000164,GOMA,8.0
488,0.732312379334354,-1.4306898644315673,-1.6283982913255048,0.09636835286751655,0.10956896168710273,0.25248153291039444,0.523051321847543,0.8687597114822605,0.9675072944382679,0.23250880919295724,0.18611925853483502,-0.09534001025992378,-0.3580337891782097,-0.3440314389873569,-0.22151181020721555,0.07044281586553591,-0.06309709336107172,-0.7079746346936844,-1.063409908055883,-1.1789557438766005,-1.31218118449162,-1.4907667886011566,-1.8205513465364698,-1.7479588345701327,-1.6974354930344333,-1.7401641098839153,-1.823632443233377,-1.9284791665183256,-1.8910862282475094,-2.051578832659578,-1.9953600812308654,-2.0050008006853197,-2.055493022712046,-1.9310032362861431,-1.9188703671337617,-1.868942102186832,-1.8601044830027114,EMSC-20160927_0000164,KHL,2.6667
489,1.0167031141531,0.15716185668092386,0.01073202632708714,0.9579340777388641,0.9687142786966625,1.0250723453090451,1.0782973832205585,1.0346631549753926,0.9416112805755095,0.6942650303405831,0.7453707992786471,0.7818540334551258,0.7547596783927624,0.7392578379012509,0.9319827548252713,0.5701717475048964,0.7475249895610769,0.6437969920383644,0.49562542115946595,0.3112082105371403,0.19286872012078504,0.061298295824126825,0.06391062544260695,0.162490982902872,0.19850940598214706,0.09950399736229265,0.013203973070663011,-0.10113593548417299,-0.35317497859420754,-0.3096064078281717,-0.43755300754837734,-0.3757627388943803,-0.25015835435626244,-0.13043451044800847,-0.08051397502425672,-0.2002843635403817,-0.028462502986643656,EMSC-20160927_0000164,SMAA,8.0
490,0.45157959578807283,0.23356108948732235,0.20085583441119859,-0.1569486106421767,-0.23857439762672428,-0.3876200689423861,-0.44663821267420634,-0.5717567280459912,-0.763347357746964,-0.5640222805377508,-0.1500152498253451,0.015438380546355823,0.37902239847360075,0.6396228930160781,0.1698381602867789,0.2941880581387757,0.34092132472713566,0.08738143347035354,0.06612891346908079,0.16123719674565962,0.20035872727405302,0.3080167671940677,0.19255872502756155,0.31720844343624144,0.545712119281081,0.4786617622334024,0.3545612016084654,0.022545062659132142,0.19258064881810988,0.3367781120420883,0.32597818339293383,0.3616505288499088,0.40230448358747317,0.1973700390850972,0.127250231352388,0.08820211172868575,0.034863694100373266,EMSC-20160928_0000047,ROD3,8.0
491,0.625748681278711,-0.09361440847497704,0.03972505747423227,-1.0284359829429857,-1.1153770349540482,-1.261858047628178,-1.3315570775747139,-1.392548814029885,-1.4059862632400817,-0.8270021767029379,-0.9647941181898254,-0.8903823894689502,-0.8420008249643605,-0.509147730360703,-0.1990631187407761,-0.19068589234081124,-0.10497012489594937,-0.14431548035989739,-0.32933105738139723,-0.4065271394113301,-0.26786142406193303,0.13702793703359273,0.18271159191788566,0.22653212049747928,0.054092984094989305,0.1912332203384377,0.24024827472443633,-0.02198135700841597,0.022250512930410693,0.3345366885195702,0.28814896874128415,0.3610806300770708,0.3861731050553239,0.24591917674178276,0.20744929367305787,0.21978194691469355,0.16248526477192549,EMSC-20160928_0000047,KTHA,11.4286
492,0.8355608998932711,-0.2031821693165199,-0.17215207007682842,-1.223792248928425,-1.2998063888061129,-1.2663112382977673,-1.291783480145427,-1.5989703998846627,-1.8557979696899887,-1.667100944898844,-1.5925826694170349,-1.213798108005494,-0.9080170260311471,-0.6143595165878528,-0.38606035357796564,-0.4696704173005637,-0.5265197320802182,-0.527615437079505,-0.2315472265411458,-0.0995066001373548,-0.18246760192161116,-0.16400119578178174,-0.059323806466768936,0.2190361035403141,0.31649576802023294,0.08555612048529682,-0.11388593206491038,0.08989714362038548,-0.05010591159391353,-0.07091048134317113,-0.037177968917172066,-0.02313890533321228,0.012010694144507283,-0.0673220241033956,-0.29037769141089953,-0.13083606622146604,-0.16011748951667926,EMSC-20160928_0000047,ANKY,8.0
493,0.5633622220639967,0.1681908155185763,0.25907441829285816,-0.21625288336331394,-0.25927962853025655,-0.2607610467930197,-0.2669791304297888,-0.3782073085001425,-0.5111739030517217,-0.521529596970133,-0.5494553848201686,-0.5531754002220204,-0.2688267000725624,0.15435388733923627,0.16578218799303546,0.40788952260427624,0.39313156169629515,0.08706035310287241,0.4406830270321942,0.1958876636950393,0.24710539712774704,0.02742258267028319,0.05213184968141249,0.3268425017396268,0.08493245472815758,-0.06522027934279961,0.14276840709181116,0.465367990847394,0.3235938257374915,0.19786121792643563,0.14389625729185518,0.24850122812713948,0.4626577835756809,0.40294362219611735,0.3143757996146661,0.18854084107058178,-0.060829060597573203,EMSC-20160928_0000047,DLFA,8.0
494,0.21878944521087673,-0.4967299317539977,-0.40814434438773084,-0.7628913052474804,-0.8408738013590558,-0.9787408572989822,-0.9927160954144743,-0.7771130189191826,-0.7539681750888363,-0.6807621731141333,-0.7765375401623018,-0.32121468256468244,-0.1926592375796714,-0.11145160804211418,0.01258154716865345,-0.12765961486001665,-0.15110558337292535,-0.25328910052775644,-0.368426498020046,-0.507597804985668,-0.46374241722286946,-0.676663087294707,-0.7084791971397593,-0.843656371194613,-0.6830500477591821,-0.5557551654947215,-0.6791161799979744,-0.46912228846792914,-0.4686003665426117,-0.35873604160103767,-0.291696165102282,-0.2799039354114594,-0.15054636362482654,-0.21988453796326546,-0.35219324947181185,-0.31009400156779776,-0.3092771550085729,EMSC-20160928_0000047,ITM,8.0
495,0.6260256119289771,-0.12236836733689938,0.0025334593785633075,-1.0530202093872143,-1.1396752834741086,-1.2859114811063659,-1.3549082970383264,-1.415343875364318,-1.4295249880335508,-0.8512742602022545,-0.9901812249125648,-0.9164413073150097,-0.8686941176313683,-0.5362798767114247,-0.22672498059622104,-0.2186340916892089,-0.1330281986755848,-0.17280380080336144,-0.358044022042602,-0.4352964248312583,-0.29661642713679726,0.10799036145091634,0.15398057680141353,0.19786239908360415,0.0257518400867065,0.1629623685999828,0.21164753493964739,-0.04989801104506242,-0.010542986396735898,0.30391031648183464,0.25183538329528155,0.31692434428073035,0.3374424512888847,0.20312377833087325,0.15012555146824624,0.14237807507989508,0.08435180218623195,EMSC-20160928_0000047,KTHA,8.0
496,0.8143510077661191,0.31541192114324623,0.4639292928817653,-0.5682790929947812,-0.6193631674693005,-0.5886148125531872,-0.5908905746941686,-0.42667870476777914,-0.4167543008706689,-0.3189577616166508,-0.13420956413699248,-0.5619647417724147,-0.3962207572759917,-0.2737284182615092,-0.33507591459519226,-0.2658918175328857,-0.3311344084580039,0.15493108705711478,0.09787396591806807,-0.004176872934635867,0.10089390637133633,0.4191953176372909,0.4666642779013648,0.5231138254861207,0.5181666916548417,0.3100143365577104,0.4137448567271562,0.5849568476505294,0.6119525378337958,0.7201657555464571,0.670053158707768,0.6059402856531069,0.6995203490905109,0.7759099020022937,0.5767689799051929,0.35927841091795365,0.38522539882423956,EMSC-20160928_0000047,LXRA,8.0
497,0.516381072112281,-0.7345976433077297,-0.4226554201873878,-1.851829787423001,-1.9285205467108009,-2.065252943085592,-2.095623500016348,-2.2222242247977686,-2.240616416703327,-2.2205755039282984,-1.9892816882324267,-1.9666741737339324,-1.7725430643475555,-1.295992400935991,-1.248871715850128,-0.8104788788998452,-0.8279603161484639,-0.8908518523145004,-1.128567601385699,-1.4145327840246065,-1.4336934713081337,-1.1743920780975605,-0.9401121574189917,-0.5411682119002901,-0.4987360117574484,-0.3500836678871222,-0.3955321134403613,-0.5514101492138277,-0.2531563929521088,-0.09712622305638163,0.012644049981997085,0.10927116576010043,0.12466186704431514,-0.004030212273949729,-0.19307525184926355,-0.3056173468623893,-0.4572639332748327,EMSC-20160928_0000047,MNVA,8.0
498,0.8589406208613406,-0.15166544487032496,0.02757734421903102,-1.0355757732450739,-1.104946303645062,-1.2252943854442826,-1.291878715618929,-1.1926056954763657,-1.4152796482903724,-1.218455721219641,-1.0340308878854412,-0.9258294792407273,-0.6815795326763769,-0.3684630354638605,-0.4145694149196384,-0.5129366993230917,-0.3837116217415115,-0.47139707102373585,-0.14325546500626007,-0.17106165360314574,-0.21530276846146545,-0.06518715970547717,0.048068136892506,0.008403311208784459,-0.33926873155736637,-0.30641484461636814,-0.05021106448632118,-0.029677087906199162,0.1404471051555607,0.34464917759824765,0.35854119411698804,0.3846988942278369,0.38916256341440914,0.3230561969733863,0.18994338016731582,0.10915659484534856,0.014513729964527045,EMSC-20160928_0000047,YDRA,8.0
499,-0.6739324095529504,-0.4025615185200859,-0.5939057201289408,-0.329740012656468,-0.3784190823665927,-0.4453471744375266,-0.4308421990391271,-0.6013086594106647,-0.6537380700833801,-0.3202279636257721,-0.13411941889666457,0.3275874717837235,0.17362819265779006,-0.05044328744320614,-0.21028559311639095,-0.2643683882601162,-0.5724000934345748,-0.482929356768516,-0.6592576331971784,-0.695260288148718,-0.6803718450145064,-0.48048789291919025,-0.4174944776790763,-0.21842697949079515,-0.09363820497173947,-0.37814762316030404,-0.2791400682255434,-0.3079543098290598,-0.6754333336962626,-0.7069685986736953,-0.7034899877577026,-0.7865486300347246,-0.8076323572271962,-0.7807460960668005,-0.8250305648831748,-0.8389733763300509,-0.83506555068249,GR-1983-0003,ZAK1,1.7778
500,-0.21211681662344128,1.2496631867765142,1.3465760953941297,-0.03594184107312248,-0.10118270938423235,-0.22406858402497454,-0.25118326926723045,-0.46350433374973443,-0.6594479839877834,-0.3948330735681913,-0.029444540048940038,0.42346311901496114,0.6964860884967243,0.6415725789886568,0.332013554930334,0.27033138343786156,0.16383970093314426,0.31054155963616425,0.44991574026456504,0.7607531513178332,0.8801430480461723,1.0349906312197579,1.1216958859166333,1.8030689261290607,1.7088896878023743,1.5170974438129465,1.5105161601031951,1.613796891261409,1.8349016381115542,1.8442212701278624,1.9428227224494146,1.846456831326826,1.6490344910720047,1.4080430742605294,1.2061040416717894,1.2563256811603836,1.2543815611074116,GR-1983-0007,LEF1,4.0
501,-0.2574569297930456,0.7717724979884668,1.0305655813252832,0.8599963597439175,0.7980316963670475,0.7011808025101254,0.6628060669892752,0.47094316119222723,0.26775557487892243,0.4155663989636489,0.7656505554427115,1.2115601563746714,1.2974730327991606,1.2577984260861914,1.039747448212712,1.00782350018051,0.8823529211734504,0.6658010920370274,0.5753953641896508,0.47976610045714985,0.4363332463257108,0.21871621455437662,0.28073357202464333,0.5882265960510393,0.6473194541512974,0.6231624695063971,0.6059566990010365,0.6237696271798923,0.7542419614901172,1.188133561432819,1.3141571927252924,1.3133187525871168,1.4273498201188701,1.4317042541118123,1.265674571590166,1.20256981236086,1.1500867864414923,GR-1985-0005,LEF1,4.0
502,-0.468737830994145,0.7058297132311138,0.6640744383324568,0.9605930247447243,0.8954221551662207,0.7814110507559633,0.7120986614433491,0.5834939910415415,0.3860605335711771,0.4959196769247751,0.8399293171613633,1.2676097978361303,1.4237458041793365,1.4474183191859853,1.1762787499996723,1.05965581710364,1.0413442046280754,0.7380223155339443,0.6928414919603072,0.6518179405928608,0.5674369326508186,0.46705206688609424,0.30756817069072717,0.36587485507803574,0.6496268070548981,0.5035367368247687,0.6503436045043847,0.6037086532542713,0.5381880586285845,0.7343896264179488,0.7327632741240366,0.597701723691376,0.5891804690854832,0.5789172648548933,0.655478597544664,0.7441577395023975,0.7968643394908579,GR-1985-0005,LEFA,2.6667
503,-0.7925813609196064,0.0078052838468067876,0.0020516866622575236,0.4234893191533948,0.3949878215125473,0.3566024999048909,0.390393028910172,0.2514409156951536,0.18341378440182154,0.3119050259003777,0.3515053831073667,0.5387795156238682,0.7706360613377246,0.5868366451201672,0.2349864198922189,-0.032077239869003016,-0.2547132490230055,-0.49954554874469004,-0.7666252407361807,-0.7201188860206735,-0.6240883061523137,-0.3752707689074395,-0.23495099160427335,-0.3844746439285771,-0.30937740535074987,-0.24953679818200136,-0.0716619066337687,-0.0567966113513414,0.19590961724499412,0.1678713543943875,0.03272983540193675,0.020818343752271318,0.07582527289627183,0.0813197920736739,0.1608199683853604,0.2547089297219962,0.3134147668380871,GR-1985-0005,PREA,2.6667
504,-0.8492066835440983,0.02874296251631936,-0.11839976928534579,0.2956088604731062,0.22497527401573203,0.17001207426847031,0.20503119345967402,0.13565469383226425,0.6362328245379545,0.27763464579271213,0.2646477180947566,-0.18498282407651123,0.22186450682223624,-0.06652304138665999,-0.13316460055123613,-0.005391414111080461,-0.10591717160622283,-0.004146882000038321,0.09992119683832623,0.11968545750330506,0.16140096615412425,0.34241317088874546,0.4036717372664267,0.4465090182994249,0.31050426621992333,0.09779660392523315,-0.04724877398596572,-0.14744255539199624,-0.2673567835157753,-0.2943545412275599,-0.31462955818857985,-0.31718127664807394,-0.2727303929393283,-0.30340639120659585,-0.29810331400081225,-0.2617563247515786,-0.22963876057696275,GR-1985-0006,KYP1,1.3333
505,-1.4428965986015576,0.5741008345118921,0.585166045312759,1.310766883586929,1.243707640570113,1.1713111834365177,1.2101398413209956,1.1367441307760553,1.617441091784766,1.3150757025744284,0.9946463536965573,0.8844188763058827,1.021357068573462,0.91527092273338,1.0924885412775387,0.8108713217832784,0.5959632134546493,0.4495548782194003,0.3636022800226355,0.5001369884739364,0.5602596987961768,0.5599042476161875,0.6192171329326213,0.6036135914441694,0.5341681727279148,0.44511306684729846,0.387932814084043,0.4202113074625533,0.31594111501455835,0.35224276393313136,0.47513420302531983,0.4660663529042157,0.5832450271460363,0.6254832979865492,0.6728547364987438,0.7432954806350152,0.7701205161322866,GR-1987-0006,KYP1,2.6667
506,-0.5294682255147869,-0.37657401991667694,-0.5250677319405996,-0.7148345143804575,-0.7748728564064331,-0.8932961241627089,-0.8189060703727011,-0.7779487767588682,-0.795606067843146,-0.6557241437865033,-0.5171576453602733,-0.7041157662637123,-0.4830599841839778,-0.40962100993701256,-0.21211854233777805,-0.2258904002186064,-0.21836377343391833,-0.4259848743227872,-0.37816361296084633,-0.6228341572415186,-0.5531929498698069,-0.43354356891036616,-0.21157570315070995,-0.3024176486029262,-0.3132571660674657,-0.1604554468316559,-0.21671212536836038,-0.29799285717749413,-0.42191924841595885,-0.4455628785795467,-0.5381755602145315,-0.63655386508864,-0.6130941389067148,-0.6383050652504743,-0.7088458992863664,-0.6750336889301245,-0.66953069746355,GR-1987-0006,PYR1,1.6
507,-0.48837738960081545,-0.5218909689272841,-0.5130830952670644,-0.7003651672752911,-0.7726488913621807,-0.9157374815803347,-0.9352248274612105,-0.9979987045780687,-1.1354879048726993,-0.446981613716567,-0.6029911460984336,-0.8751406168930966,-0.8825356910407387,-0.6291817143629661,-0.4284652533085196,-0.3678194391883234,0.005244493724401167,0.025796834188537066,-0.4517345932791659,-0.6333000660282773,-0.7490014254408797,-0.6837509991991357,-0.8005748750736084,-0.6565767881861939,-0.7891576693235214,-0.8144293938495943,-0.7227106045795244,-0.5495304395947578,-0.1925732969221814,-0.16737188051835794,-0.42134752843639056,-0.5229674574357199,-0.5432264955783115,-0.646762216545941,-0.6160487266413348,-0.6203144514372188,-0.6689277108801228,GR-1991-0006,AGR1,2.0
508,-1.0938682296656634,1.9145113778705292,1.9979573967003663,1.9584008366451142,1.8811867018624229,1.7700678661983504,1.7650658483148953,1.7082487896605554,1.7610242317995806,1.6567071463063812,1.734481311335518,1.88073807059554,2.010571330928942,2.1260427757291724,2.142857283908246,2.158759225769075,2.104571235762646,2.076761704938707,1.9942311522655343,1.9720419086904681,1.942369150116268,1.9894628267093597,1.9385502561313848,1.7821913925474857,1.765433824727558,1.7763293016904176,1.792564410190808,1.8160941673195392,1.8795719823274784,1.9700905823778685,2.021641450488616,2.0627390375597585,2.1294747587055634,2.1153208703443216,2.1515381368608413,2.2023996488431488,2.222119265965274,GR-1993-0011,PYR1,4.0
509,-0.38856999713531115,0.7395615860968068,0.8244222398186354,0.8739203261137614,0.8202899452866976,0.7257921351467505,0.7230962325481576,0.7340010573851847,0.8818954737603606,1.0789548372516318,0.46008900657573304,0.7151548699514694,0.7356250581156394,0.700896568492001,0.6773266242121361,0.6132022163311515,0.5727025357400684,0.4488476549887377,0.5385893026781865,0.4825405872086659,0.4564900153097282,0.41305222023370236,0.4369036600731482,0.6211337808906774,0.6705717869895635,0.7199970209953994,0.7073385742494391,0.7262047992393033,0.9085977997542374,0.9607817580684994,0.8968163358603656,0.8527869510093709,0.8941611117379722,0.9027743594332183,0.9396026376059332,0.9890985620658812,1.0008482441916886,GR-1993-0011,AMAA,4.0
510,-0.5115431097282297,0.7933787210189589,0.9774970688186384,0.8900437091277595,0.8693515997077434,0.8742608161147194,0.9883871678212865,1.2516736096364807,0.892179461971748,0.7612668867359473,1.0373565624627958,0.4969531435473442,0.023800421106962677,-0.009740427612050961,0.11661136159613283,0.3295825729114492,0.47455021973608646,0.617126975020569,0.9143290067376206,0.9760373636749775,0.9970668026475158,1.034365381789085,1.028723940410095,0.8725422124683817,0.9466478188065581,0.8756915167942818,0.8881541789420275,0.8196835615962472,0.7885241457536836,0.9099715717560857,0.9822431429697547,1.0444759623030313,1.1210125608701924,1.1187965662302481,1.195109110942301,1.2838141360374191,1.3349106322283184,GR-1993-0014,PYR1,1.3333
511,-0.6866689145862903,0.6680897569832576,0.8876016758654979,1.171267010473898,1.1166961395001347,1.0422627864724263,1.0935981496329963,1.1078256480677218,1.3194161746188988,1.105582620966481,1.1488397553838015,1.0639923340388795,0.7742846078222785,0.4250936390734785,0.4079178654008184,0.46031384517132024,0.5546469220779335,0.5894163184235497,0.6305390327328646,0.6586408456711652,0.6788633716726329,0.6276423789405996,0.6091983701149966,0.6413709699957622,0.5346937397133029,0.44684688254717386,0.45036781079462607,0.49622785179152107,0.6426260470196938,0.8735679372841254,0.96681424097358,1.023675813502896,1.08743745043473,1.0607372422656844,1.1398444667053056,1.2744769330697832,1.3512757915538298,GR-1993-0014,AMAA,2.0
512,-0.1805098008382089,0.4187546026741109,0.2287334660499063,0.09716137950005965,0.03517677141663311,-0.07050487517576709,-0.14918463919476466,-0.30998678812884517,-0.5333281984187916,-0.5375688349684324,-0.3138546534421365,0.3022505182465347,0.5341969471285657,0.7143147831072041,0.5117727413717943,0.4910223662963382,0.32217557969533805,0.607376975727747,0.21396988879983114,0.021691259991048373,-0.06511083097915282,-0.07514120835001448,-0.05428361001679871,-0.03571905572734657,0.5383748617101327,0.7705751137498451,0.929906052352302,0.757924474420018,0.4206830620872113,0.28310527676914443,0.18193640723272164,0.1453620393169075,0.11676337666197689,-0.09840255206120574,-0.0026889385484585304,0.02841314082575952,0.0035278695252403125,GR-1994-0007,CHN1,2.6667
513,0.4395234098666281,0.9592457490069264,1.3717073949896519,-0.09244274155762788,-0.16469533114199075,-0.28149078024488583,-0.3080170890066234,-0.37214949038506795,-0.4149824705071188,-0.005494818369594867,0.2829770737789865,0.19954084686930695,0.6179773884019804,0.4534598970499162,0.21737379431710124,0.49846443089333636,0.7151807801184953,0.8178420037181136,0.6733314225947358,0.591450584191997,0.6672711775110409,0.891036628637321,0.9874434772263885,1.5479423231073994,1.4586434749956894,1.186968056397736,1.1126099837948513,1.112394680544878,0.997229350044071,1.480712796331047,1.7046376601312412,1.992541837664736,2.0223623418526913,2.0395890271046886,1.7160015085318676,1.5366921560497389,1.3688605121315227,GR-1994-0007,HER1,4.0
514,-0.46911771028060256,0.6878802937156414,0.5130953476000482,0.18528929127369453,0.10574874721945537,-0.04760702447026732,-0.057321235252903335,-0.29484916372385817,-0.3578260455103335,-0.1624193054957903,-0.10161771244428541,0.16103421656381878,0.5637983805251183,0.9458920123724099,1.0255415267597285,0.7960234699627835,0.5168065069363998,0.7557873268420088,0.5992894373112732,0.4002803894858844,0.4774303991434268,0.3625124895597702,0.26120131332544805,0.45840751228050935,0.5558332083976647,0.929758991497259,1.246691364091181,1.10109211408354,0.906812829957965,0.5254044473459123,0.594117534129194,0.3573526779172438,0.25477260603128915,0.3196869157439606,0.3317734154155918,0.31995762571774566,0.35616803887533166,GR-1994-0007,CHNA,4.0
515,-0.9193576068355553,-0.45815948653918426,-0.37068895997891893,-0.5110434464161924,-0.5777317361699015,-0.6968205838668697,-0.7214225530707274,-0.9529188578242604,-0.9162441493461286,-0.6575257430503729,-0.5893622644533905,-0.5000191247225345,-0.2669138264580653,-0.20861270980259583,-0.1360686352963909,-0.08428509536661322,-0.0606549435516599,-0.24945172592884557,-0.2841946973170404,-0.4554957851905952,-0.5689652820206819,-0.6441206356294398,-0.803920508041593,-0.9518934966410448,-0.8527620491601842,-0.524348060151973,-0.5506952269073953,-0.5534437107653041,-0.3534704177593859,-0.12481704093547741,-0.19146729743058888,-0.2214664618068749,-0.17810409645407876,-0.24850463804267786,-0.35982362324689365,-0.32276425985979706,-0.3498546462288532,GR-1994-0007,RTHA,4.0
516,-1.9910980409356713,-0.17872976862615264,-0.13430155771054064,0.7032047577132827,0.6352779726486935,0.5252598484471709,0.5021212482082542,0.4579632970978018,0.6005484889082537,1.128295537534282,0.8049527743535938,0.40685440074016777,0.10897116862329526,-0.22649368450347795,-0.43070987968762253,-0.5536059456925297,-0.44905226710746327,-0.5461584944361935,-0.5729667817928963,-0.5374713590129954,-0.45601302887139017,-0.4567747589059037,-0.5765413469698775,-0.4516752654547638,-0.3158254606720332,-0.19986931547346032,-0.13687982000515042,-0.2419293094278112,-0.1482913377106856,-0.1580544191192219,-0.15649672698492534,-0.20360258643564322,-0.16443989039358087,-0.16842794697686436,-0.09155490468842942,0.03010782218247421,0.11297747442200112,GR-1995-0056,AIGA,2.0
517,-0.35029902384609723,-0.81985251130076,-0.7247186973221353,-1.0525301140752354,-1.0939819322942834,-1.1444751156272188,-1.1871034157307596,-0.8342341499681005,-0.7593144680008335,-0.44690577142948884,-1.0930336426862954,-1.0915087098991894,-1.4277144677845293,-1.5868288230084255,-1.4074170769210643,-1.445035430499205,-1.4056976499461267,-1.3469714161918152,-1.6244877397155957,-1.5731717930075697,-1.5811956432210472,-1.5838890135701194,-1.4718953969270627,-0.8752620110663543,-0.5285852924529255,-0.2694106664648803,-0.06331464065831138,-0.2519313306377402,-0.4640324728235674,-0.6315441379828224,-0.6252422350543103,-0.6018319327096755,-0.5324502100377355,-0.6699453653100917,-0.7687347300831622,-0.7610460195673898,-0.7631276745504962,GR-1996-0002,ROD2,2.0
518,-0.9686327719732433,1.6514011267425888,1.8804444988278624,2.0368765192024605,1.9802216726529505,1.8978558401972117,1.9844344118587764,2.0086677478614225,1.7478372765389774,2.136760302626644,2.092047638206945,1.92074091982541,1.8001301596229828,1.8061897799655278,1.7506894279883127,1.7485619219961568,1.7683483238975044,1.7652419572635543,1.6345864900702294,1.611641092156137,1.6002621110432038,1.5271660387898485,1.3562672233402822,1.392813965693449,1.416524186652115,1.3899579023657642,1.3885274895241153,1.3946446645824935,1.7370435017259007,1.9708627195697819,2.045091636942878,2.05923264817282,2.0877388410927944,2.0784539555132104,2.1646297641462127,2.25796542528425,2.3125892649628144,GR-1996-0013,PYR1,2.6667
519,-1.535304846902533,0.4687818982031695,0.5272017738554187,0.900866941586056,0.8190027260885957,0.6805770888816096,0.680145200832881,0.6946531346095277,0.5390186508405002,1.0259439187882786,1.1347302546169036,1.1763631295516919,0.9489503556861556,0.7892911014771804,0.8539879392666632,0.9103680453327105,0.9200295156538898,0.9758346393693551,0.8173603474663818,0.8180001054636667,0.75874403689369,0.6525925496782081,0.5120984179780494,0.34580139293719103,0.2733293619714505,0.25265649790126155,0.22897940169553532,0.19433376610997755,0.22063255954542882,0.32325041796399834,0.40889726113417346,0.4812401973443121,0.5617433269722332,0.5744930696805124,0.6833758205743514,0.7773189167141581,0.8358833612644574,GR-1997-0007,KYP1,1.3333
520,-0.34493454022685244,-0.8445750629118249,-1.0538994242577484,-0.7341563357783247,-0.7815057044748954,-0.8680125842795365,-0.8752131421209182,-0.8228755153831053,-0.6556043898174817,-0.19771159117360915,-0.6805007288241107,-0.4992001436806577,-0.4766735934166164,-0.3486824614484123,-0.21285319145497583,-0.1913591735276654,-0.12867332905968754,-0.3102232472601747,-0.570019446320539,-0.4631018600984289,-0.5768289625740399,-0.9754441023818834,-1.087306677640234,-0.8650114434729614,-0.9326643491334301,-0.9789629771885919,-0.6868631432500472,-0.8418845698087702,-1.067649902994634,-1.0795238543921082,-1.2572243441574642,-1.1749824337213557,-1.2703774850409948,-1.3947080549174125,-1.4345214591530056,-1.4122636495260172,-1.405296905769144,GR-1997-0020,ZAK1,2.0
521,-1.040409664254855,-0.969248467939055,-0.8761367912586095,-1.0165245394630231,-1.055469529676686,-1.073145008445378,-1.0420378198541647,-1.0616906110986726,-1.132874924742059,-0.8118446930847014,-0.9802741327510076,-1.0338762645710444,-1.0681032602455254,-0.9476171045159205,-1.2380855297046183,-1.24411282110959,-1.0170331165380482,-1.0391710741652513,-0.9207925741327037,-1.1044340742102965,-1.121808604626115,-0.9500009856575451,-0.9084666596907409,-0.9672333688795067,-1.038317508215651,-1.0267122827878286,-0.9689794285127578,-0.9615157560803258,-1.0085658129081558,-0.902543582251929,-0.8931544444000963,-0.8462218645370383,-0.7543057871797414,-0.7162844564375579,-0.6817047950997868,-0.7626737905965975,-0.7919166263251416,ISC-468047,PATA,2.2857
522,-0.3368244381122061,-1.4975862837613105,-0.9346876923534362,-1.9456568432553283,-1.9718757861110285,-1.8813652666981033,-1.8262852250562274,-1.848090675701335,-1.9217091465081566,-2.0075194047656666,-2.382624347278635,-2.521428472741494,-1.7667460741023682,-1.9767450743844197,-2.483145697008366,-2.436035329870016,-2.3672335516979306,-2.2099608720165484,-2.19851934294252,-2.228350856377916,-2.157375007027836,-2.1838781857141845,-2.0306810308087657,-1.6555754295076914,-1.5024888517556292,-1.5612441224771505,-1.408168558457838,-1.3072036118992036,-0.9381231944478206,-0.6532515218174542,-0.5937295273993062,-0.294856962722962,-0.16504454838712945,-0.2708874991060224,-0.18577439099037818,-0.20689843833404886,-0.17967457650967233,IT-2004-0084,CAT,5.3333
523,-0.5534593766432954,-0.22919098171196683,-0.07523112928122444,-0.3929055313081191,-0.49163987093653905,-0.6576075467284666,-0.7510242989345786,-0.8107108603781095,-0.8587935743425108,-0.6852162544157281,-0.36353872034413826,0.04889730205760845,-0.10876744743837019,0.10621447178771604,0.3763217615505816,0.6202088222216018,0.3821911486161449,-0.1927645740443511,-0.18567630415299607,-0.13907716691466465,-0.11511205213650033,-0.07818670527163007,-0.2675120702779097,-0.6369946774429458,-0.6505268048280657,-0.3717616225336755,-0.08953013795172637,-0.17848212925689388,-0.2933231958357272,0.029951730472951965,0.27886050219093406,0.23607248660449187,0.24617597258961865,0.08350430926431152,0.090366015640722,0.14173623973272598,0.16054452149632326,IT-2004-0084,COS,5.3333
524,0.01178186373391199,-0.6135191385417826,-0.5025071553999734,0.17138495687339628,0.1755898831092999,0.22872759848208446,0.260757657679477,0.24299392712130086,0.08524388571630404,-0.11527794508971745,-0.44086135878190014,-0.6000341686868023,-0.33249147009155955,-0.3436316160916455,-0.4329543671886906,-0.12071693650404569,-0.11883369079630235,-0.2762479336598389,-0.07580711451836208,-0.2031692694726921,-0.16287244006845647,-0.46207489007727,-0.6189757443956925,-0.6431670673429206,-0.6601009049039686,-0.7243550605207165,-0.815532142787669,-1.030845351304535,-0.9624773451154578,-0.8691351064370743,-0.7420569482991528,-0.5075928827299734,-0.5062744285769885,-0.45228064737397666,-0.29359872449530044,-0.30328809611354046,-0.26183122946731174,IT-2004-0084,FMG,8.0
525,-0.9881415927198134,-0.530026545710057,-0.38830411168399515,-0.6841776874153371,-0.7658112939493451,-0.9117307826984611,-0.9548958125886147,-1.0310822969709523,-1.1485099403335246,-1.136770076753269,-0.7878398057721778,-0.33297359102506174,-0.24620603557166998,-0.483724831323495,-0.4271277000686524,-0.013576367794891908,-0.11197389448299866,-0.9262895371425053,-0.8838517049863688,-0.8891493491471607,-0.7966485702114019,-0.6143638484240439,-0.7348206211811243,-0.9281544085113618,-0.5213761189590045,-0.5478113148205894,-0.6016263479169899,-0.6587135533881456,-0.3280087563988143,-0.05770155556238876,-0.285262987563927,-0.252362766486911,-0.15331971434050118,-0.15520815852038616,-0.050338702465079876,0.12700012574764052,0.22532376109571572,IT-2004-0084,SCI,8.0
526,-0.09631051447683214,0.17682850147467466,0.4104051119481351,0.27720023446739805,0.18491603667056378,0.04841739256285038,0.05109905495437861,0.03021287429508135,0.2084092250601346,0.003344326376973683,0.5576436558118676,0.9981573692059751,0.7925741252338652,0.35509843936229846,0.35576160123295875,0.5809174830646304,0.7088031384993343,0.43117029900975723,0.2726010034533761,0.195911859597091,0.26317615331317423,0.24717115650443233,0.1352746816306194,0.23200637022880777,0.1060695748554501,0.038579564376690634,-0.044748815351467464,-0.11780963566945957,0.06366530737507503,0.3036557945685878,0.5534094010560491,0.6539438229176486,0.7380171535061546,0.7091439557980301,0.723009477765796,0.8112517382087585,0.8408655097929874,IT-2004-0084,SSA,8.0
527,0.07639672652481577,-1.630798684352544,-1.570564671674557,-0.9957281739708108,-1.0298482279982677,-0.9889694455364815,-1.0058455794644345,-1.055314886402848,-1.0740006538733784,-0.5837924225506201,-0.6176444096300653,-0.5966531733319425,-0.980020803950036,-0.9900168427547964,-1.4781086632193245,-1.4163691504373626,-1.7110258072611737,-1.827175102646538,-2.141858426795104,-2.1471556425915237,-2.073548179649844,-2.1698744911897707,-1.9984668428750902,-1.9135896956888967,-1.8346822440423391,-1.7845815458251693,-1.724266449072557,-1.7245392143701306,-1.659916203195527,-1.6410698313422554,-1.6430334215451232,-1.5547180083771845,-1.4662367324643295,-1.4643749095406662,-1.372151215783937,-1.2633462165096674,-1.2020506537252036,IT-2005-0161,CATP,2.6667
528,-0.1700360549982154,-0.94248956991283,-0.7925332557294027,-0.771542773592512,-0.85123014055499,-0.9687598308108889,-1.018564505972341,-1.2411036486227038,-1.26990729521113,-0.8936244735133414,-0.3900782740296673,0.2708327097853829,-0.10477752010707064,-0.1836506000317577,-0.4423987226717374,-0.5915564722473405,-0.6790640455411046,-0.6692059264895995,-0.7734954927842006,-0.7519314744967396,-0.7869170559849357,-0.9262587532048361,-1.2001923291811272,-1.1107282504900233,-1.1634683947977127,-1.226730700102597,-1.1809831913735431,-1.1722999512179904,-1.0545784290616425,-0.9514826936554233,-0.8097291440686956,-0.72465627178887,-0.59612561396575,-0.5287361079043276,-0.45330440831168595,-0.3480396802704764,-0.2906741313176475,IT-2005-0161,CDI,4.0
529,0.4402229978163219,-1.9276990085980898,-1.6778422937798059,-1.604358487303882,-1.5791174811638466,-1.2418034164589784,-1.0221845606018558,-1.0762961832643922,-1.053403758302193,-1.6620578082266615,-1.8196931298964572,-1.4420637992331917,-1.7044646970732522,-1.8553758636582254,-1.8724915068135948,-1.7882671820695863,-1.8724348578876704,-1.8889548930134428,-1.9900468015248167,-1.9070308646651428,-1.696528218070191,-1.9902103794036758,-1.9115809711282337,-2.0433643627563844,-2.20948147830933,-2.0474933308479484,-2.2544550538550654,-2.153628427997666,-1.917928423365181,-1.7542526701280607,-1.5849198457475016,-1.4837950707580063,-1.402997521365057,-1.357656457502447,-1.2492851468856827,-1.1537547088851277,-1.1130536760044976,IT-2005-0161,CLG,4.0
530,-0.3107145877400548,-1.260483225859665,-1.1247481623984878,-0.9570542546644019,-1.035362068635699,-1.091006367141917,-1.0455029118047774,-0.9739361439716063,-0.9943335514312528,-1.1614015899841563,-0.9953636341359537,-0.22665775145741307,-0.12202371286237401,-0.49664272587437264,-0.9403029533811402,-1.2837340972898064,-1.387225092817724,-1.4646593314278524,-1.5571631131260277,-1.4977058862406363,-1.4090201758951277,-1.433622580829078,-1.4417281744812804,-1.476853132935502,-1.5106244057306402,-1.4860742591761884,-1.5358346405030243,-1.5081370369911387,-1.3365076136590215,-1.1640481326491052,-1.0615659905735217,-0.9528145759994562,-0.8580276820944839,-0.8392360679024442,-0.789632133611951,-0.7165700716470411,-0.6800645682872837,IT-2005-0161,LNT,2.0
531,-0.08612402158457799,-1.6447617261225522,-1.5378164903599174,-1.1802232830305233,-1.2324945842970516,-1.319836508245503,-1.3857413888892403,-1.3717488565554508,-1.40440380625195,-1.3573732478356204,-1.0416423847890295,-1.3272521457304602,-1.2860824346768736,-0.852958134490609,-0.8014329307718189,-0.9373442633112417,-1.0116285483281118,-1.583107768167051,-1.5358395572999788,-1.561571416527304,-1.7052593670996963,-1.7992136293909065,-1.7743468843689083,-1.7401641251993247,-1.7219650788925893,-1.7284711992939217,-1.8625627177888981,-1.9362747785066636,-1.9486471551841404,-1.7232827313786405,-1.649587919190628,-1.5435587561259272,-1.4082295038399852,-1.3383569625822123,-1.2386841859421356,-1.149338750722812,-1.0653805184776584,IT-2005-0161,PTT,4.0
532,-0.21672215824462748,-1.6833103705275176,-1.3763797522264039,-0.19580088021667486,-0.2642274282841388,-0.3814899971940884,-0.4197295569963675,-0.5163056570871483,-0.27082399696675097,0.11266624367382327,0.4693437703349712,-0.15895164982344756,-0.6797763577134441,-1.0144936969923632,-1.2838166131086908,-1.5247645735985431,-1.658947187162382,-1.952750052342533,-2.0756930399984306,-2.1130686302907735,-2.1412224304807514,-2.146842937765191,-2.1396941842080075,-2.1346537021101337,-2.1711909171922565,-2.1320444084400068,-2.1117312434643747,-1.9974512359274676,-1.83761886095043,-1.6509684339005783,-1.458721620528907,-1.2258757257211315,-1.0579683182960373,-1.0274241041274799,-0.8668758894097195,-0.702682095036316,-0.6159506609077621,IT-2005-0161,SVN,4.0
533,-0.7657402683842354,-1.364902491689742,-1.209616365981276,0.38580358756982047,0.3675469140775611,0.4007843050239819,0.6761319069700038,0.871095079539085,0.6403083176251352,0.0466747116484072,0.15815051771704258,-0.3102086506873363,-0.39720042019253654,-0.8152440309457578,-1.005512750735682,-1.1193384198407497,-1.3162375989290611,-1.57800998739509,-1.8240648257406855,-1.7423476800196296,-1.7480656469946911,-1.5502272589399304,-1.835366141011331,-1.6965872241632178,-1.5431017964539464,-1.6521686647877196,-1.755215245647559,-1.8119953982504455,-1.610716972753929,-1.4807126934040227,-1.3550372735771,-1.2360355478075462,-1.1418217698070485,-1.0887890521187433,-0.9874476226152566,-0.8722623647995817,-0.8106080302606209,IT-2006-0138,AUG,2.6667
534,-0.6643085016298329,0.4489361166448589,0.48346777109717287,1.0440744192630653,0.9698010213837289,0.7851736482264986,0.7968382575902524,0.8034256831400963,0.919498792233882,1.021963905301848,1.3976965697612354,1.1127811248951636,1.6282025108130895,1.5628022153458705,1.5404136899005634,1.402678737028923,1.4106443121079284,1.1947222751282274,0.8772145405775378,0.710992106699031,0.5920833866554682,0.36170088776808296,0.3487612836825109,0.13227445856228748,0.1403390158896265,-0.07725263061158927,-0.07846464161078615,-0.05602055410515128,0.14322408603826986,0.23872768818549162,0.3370614010466806,0.4327968763761163,0.5391490736489448,0.5631076068419354,0.6439876234075861,0.7295628379282562,0.7653806505096341,IT-2006-0138,CDI,2.6667
535,-0.9558503747721319,-0.2227882810018027,-0.14011691193156395,0.933601227105707,0.9694190099409639,1.0399452476133284,1.129725500401424,1.3688616948202945,1.2983613308236048,0.7865022075832968,0.816786378106034,0.7626981232899128,0.9673036211990862,0.9098322532381484,0.5816514059617326,0.398657715578568,0.28550443586341867,-0.11592002592554262,-0.3618402370157012,-0.32828709539040446,-0.3416163731492414,-0.5156798888039189,-0.5158787522990416,-0.5583033229496408,-0.6689881830479418,-0.6342797201033061,-0.6399561105026859,-0.6339141690432761,-0.5507191496505719,-0.3614508026806842,-0.26480290939991136,-0.14135046189362654,-0.024133304464163174,0.00781502288038638,0.08430965467939089,0.14904236772473034,0.18430112194156223,IT-2006-0138,LNT,2.0
536,-0.7913103386157831,-0.44358344203824807,-0.35014859622389594,0.8874408022892437,0.8217857059196314,1.0837201566926602,1.4336282593407121,1.402750182255616,1.2331059416858343,1.027227901718085,0.7162179430638567,0.69356866545942,0.5994076870152751,0.395914359500666,0.3281666823943734,-0.01518382959786102,-0.06832772432350964,-0.4660487092577945,-0.4845315828583008,-0.6009302435769106,-0.6161533469492193,-0.5437239678554766,-0.6106433453795219,-0.853216237698776,-0.9831499057965658,-0.8877020426378692,-0.7746658165683673,-0.6861241543820782,-0.8208163428978157,-0.7020016280600139,-0.5477761586458989,-0.3795444030621482,-0.20571882601452707,-0.2219834520527293,-0.14986368905701397,-0.05885235589602367,-0.024971610786197473,IT-2006-0138,PLZ,2.6667
537,-0.27244214473915207,-1.1405678285011813,-0.9081443604620958,0.5558061827803646,0.5062433021659904,0.4315347567338508,0.4625805246627914,0.6089809491424889,1.041459105926637,0.7587581815329276,0.7977001267890209,0.33523786079510653,-0.015397731343839816,-0.15305106829918458,-0.44393278553092763,-0.7378470393992709,-0.9658723115454118,-1.2733839785923626,-1.3481136644568457,-1.4420937544575052,-1.5164045300916653,-1.5869235472527095,-1.7683316455625375,-1.878495800541586,-1.7730104374656133,-1.6721563545686546,-1.6732142816129603,-1.456796375257559,-1.3847077575410438,-1.1473778895751643,-0.8991588042455358,-0.8410863641589614,-0.7329385558899126,-0.7101231888310764,-0.5668766040116342,-0.43197398995338077,-0.3530281051395736,IT-2006-0138,SVN,4.0
538,0.7556767296206863,-0.27273293562723033,0.552928031505159,-1.8260004293916747,-1.924808650210771,-2.100997498963247,-2.1829675691293646,-2.411471747261986,-2.5493668308985926,-2.1359220318760723,-1.274470450272199,-1.7089718911032685,-1.9909687357335644,-1.8440092447370926,-1.538957545763484,-1.643042818277129,-1.5432271533140804,-1.606491281224069,-1.326087813320033,-1.0268834773435964,-0.9549172337418348,-1.322831269929348,-1.0436562858639684,-1.1056399188100299,-0.534956723635136,-0.06827104463034583,0.33225899202163145,0.5543315372401869,1.0534772483102728,1.453386031174718,1.5126117074480723,1.529839237026465,1.584248142080538,1.5467348004164894,1.5716625641234305,1.515475409024436,1.4198953294649819,IT-2006-0272,ANZI,8.0
539,0.3705927564607432,-1.3693542296705612,-0.7195347654411668,-1.9334598876163716,-2.00650802509837,-2.140899240255467,-2.172746340402174,-2.3252312957885986,-2.508951275059931,-2.3848613900165496,-2.0626362791473545,-2.078459747516196,-1.960223094533288,-1.7678572412611961,-1.5609148826148385,-1.1674294733581174,-1.2409067289641955,-1.4874521586821432,-1.427928916645386,-1.558372691263095,-1.6777585771627432,-2.077356581317285,-2.162045753401018,-2.1144404792314484,-1.8551234903535105,-1.3208654727720939,-1.1571585540710796,-1.0074508455100792,-0.7238570908576287,-0.6260339346515291,-0.3629727197979111,-0.11150563021258364,0.08546464760823369,0.15195623618045673,0.10551624909815338,0.2188784439399054,0.1181215823890831,IT-2006-0272,LTS,8.0
540,0.5928324430493155,-1.391464027861649,-0.8349336781445658,-2.062814619096441,-2.133210438568356,-2.253560837627389,-2.312423489049025,-2.444723549775742,-2.50673525674061,-2.3201696012652757,-1.766889787398326,-2.1902256749430107,-2.030085074894582,-2.005517740911837,-1.6633197025268043,-1.5224336970803334,-1.464155641905596,-1.935336370249063,-1.7668664717296005,-1.717791726089227,-1.8295228611059775,-1.9638724484800294,-1.9571062839367084,-1.9031264432348447,-1.9366660187911826,-1.707514835116756,-1.4078606762689532,-1.0606374165943775,-0.4209045855262197,-0.4381167182504644,-0.44535197173548724,-0.3314256403550342,-0.20002905178563068,-0.02597610424173169,-0.11769225718646226,-0.09088814042774196,-0.10425879181778619,IT-2006-0272,MRSN,5.3333
541,0.08840224241356331,1.2626128607199867,1.7995337329454086,0.606859675918173,0.5318694144998348,0.4135556163102567,0.37702498631029435,0.2331086131463982,0.1077651417912735,0.05159112846554148,0.3214518761456082,0.4542550334494466,0.7717421304696925,0.9748447197399894,0.9314234345865056,0.8506477474786864,0.7184314890008467,1.126867343934518,1.4196485881789012,1.3217681557498544,1.2358724274141712,1.0190818613955201,0.797039471662468,0.6431811164385861,0.7034932518360995,0.9978785650930009,1.1922034052885424,1.4265975489371172,1.9146716441274974,2.0686502232730986,2.358844609554761,2.4708323096684124,2.6235365733606715,2.484614444546194,2.23802521278668,2.253272666850437,2.196397616657972,IT-2006-0272,SCZM,5.3333
542,-0.8756662237711579,-0.8509154305671762,-0.6084106362470063,-1.0288632033358738,-1.0971448357054472,-1.2226311269107537,-1.271886627601356,-1.427455172733839,-1.409601623409504,-1.2598447042533198,-0.9896512186371709,-0.6553462902775191,-0.9353241295658892,-0.9202133491384306,-0.6409364177908436,-0.5203652150058753,-0.7626741409029183,-1.0627224062288594,-1.2660433479107773,-1.4284954346891654,-1.3704990791155582,-1.3934305349450407,-1.3868122509005163,-1.411143317833245,-1.1322513584202216,-0.9662311371537635,-0.5558828288053412,-0.4885448332486284,-0.52858489040604,-0.4444043587009503,-0.4448427035008873,-0.41019295176601744,-0.38606227119110237,-0.37795552580511504,-0.14239056310473863,-0.028262019154738027,-0.014595392200318358,IT-2006-0272,ACR,8.0
543,-0.397109548955243,0.7443499166746532,0.8623117167969667,0.8137278466856186,0.7315755432857731,0.587700867409148,0.6226247652376271,0.5785916799244575,0.8686694116286038,1.1239347109161555,1.4412216356760954,0.8706345174008545,1.110491443869991,0.8779872075739754,0.9731143771562394,0.8984280309810986,0.7197971489439059,0.6254458066874902,1.1371896988158579,1.1010695113034927,1.1393679975584332,0.8789868409571557,0.6669311273781631,0.673033844389419,0.5061172841986812,0.4894732827044681,0.5459335432083501,0.6162086565605778,0.816400696465803,0.7678406935587123,0.7491527606374442,0.8704955096174452,1.013556336344017,1.0044838143838923,1.1398621872096601,1.2352041394613362,1.2651381001659523,IT-2006-0272,AMN,8.0
544,-0.21154742165799068,0.5203701587273732,0.7041141191376656,0.5083554748495844,0.4087191706891602,0.23243783187249,0.131147372359238,-0.0776345395320508,-0.047609449352836286,0.3348589553256929,0.7110370222168085,0.5580977057872154,0.8657765762900005,1.1332747984957288,0.7979831298093583,1.047292382779558,1.389212656216304,1.4041476369946913,0.8966439874400054,0.759533082336783,0.6054707415842815,0.35710970226648175,0.14647066030997102,0.15733058095245323,0.02363943073353436,0.09711843461410474,0.25476547734101285,0.29060336883954285,0.569413995268059,0.7831870689218334,0.8215680439104469,0.794547572599452,0.9061097734001926,0.9060369753140733,0.9892369245790054,1.0487733692273142,1.0772875129238209,IT-2006-0272,ARE,8.0
545,0.06619604111152988,-0.6289796293549612,-0.3552498352051403,-1.3272521924124812,-1.3855033218068762,-1.5099881158477277,-1.5375487036258093,-1.612707390932309,-1.7105052922230684,-1.22147105089123,-1.1964767964073486,-1.2614486153684048,-1.6590005625388216,-1.6906899028961044,-1.4452937638572987,-1.3930119065545972,-1.422347598821041,-1.130801326973299,-1.0287684320070634,-0.7981418360580195,-0.8162918584608878,-0.7307715305868632,-0.7510802135321777,-0.5298827220768878,-0.5188828250799213,-0.3175815686951857,-0.22095725516094067,-0.16506858824726667,-0.3003741240884876,-0.05612144961321164,-0.14412885436802547,-0.27573820243531344,-0.004618225668059139,-0.05705894017541446,0.11693669274684027,0.19843089918016865,0.18797030880035415,IT-2006-0272,BNT,8.0
546,-0.08448158093078417,-0.7953298044696586,-0.6620210241144537,-1.047633409830084,-1.089208657917573,-1.109624312444919,-1.1041374264559254,-1.1445672500341573,-0.9273257502584622,-0.7594129399290432,-0.5470461402459978,-0.8286301265134837,-0.771560897060656,-0.7559876394592404,-1.066828379357455,-0.9694650053935705,-0.9507959019173811,-0.9097717544985517,-0.9873654303578681,-0.9852241737131431,-1.1897931823681764,-1.0600461996440442,-1.0714420781615281,-0.8175324878278767,-1.063434414985208,-0.9295046257548529,-0.8263221886029637,-0.6739027247559877,-0.5947118487914178,-0.4330279225976694,-0.3092453757461371,-0.5142197725232798,-0.49470697764286875,-0.5587218218448378,-0.5246612543204616,-0.4082301622166984,-0.3965237511525075,IT-2006-0272,BVM,8.0
547,0.010022461668042215,0.5448318912653765,0.8699303430987273,-0.37612263456324246,-0.466810555759551,-0.641356878460078,-0.7031992124130184,-0.8846840860098206,-0.992429931079637,-0.656675984015128,-0.14990265470806197,-0.2829342615865764,-0.5203406263127341,-0.3902676923724684,0.06740570404160273,0.233168989504958,0.5385794825090313,0.21103178693137714,0.0412393391256245,0.10128024031838478,0.18121942205567532,0.31076237634838577,0.31241638321899234,0.5327112089831383,0.6635829612135451,0.6734280340807866,0.866699635528013,0.8996224505451975,1.2095856663687057,1.2343500675023478,1.132808573754529,1.2113062090704805,1.307083574696513,1.2172078454916644,1.3028623397363646,1.2613516638505455,1.247493262843392,IT-2006-0272,CDI,8.0
548,0.18680023592040484,-0.16845867168060202,0.381357107837049,-1.2905419738894803,-1.33557568472348,-1.4096476072511805,-1.4281477975568153,-1.3091031730486016,-1.0459569665421364,-0.8449466793264184,-1.1618217014621726,-1.2699158472638876,-1.4661605488913967,-1.6514775277574154,-1.4891597125932323,-1.2641884469888343,-1.3118688104261755,-0.8892393949084729,-0.5246656035934896,-0.6019110682569622,-0.5180607167623368,-0.5124777411682633,-0.35562801182905357,0.05506696634926911,0.20251455867117762,0.08601482280460271,0.23618593309417957,0.29410316335050446,0.3749179524685937,0.7344305671753872,0.7273169978700853,0.7624062582635744,0.9603275826825737,1.0913945034743104,1.157978212211976,1.0693417712638222,1.0787047472359248,IT-2006-0272,CLG,8.0
549,-0.13690807948956207,-0.11165201146596981,0.12023787007247577,-0.4643429059169284,-0.5582066606440348,-0.6623161420603356,-0.6793183325379726,-0.4094299545615616,-0.7757325691001995,-0.6409887132678245,-0.274421311969852,-0.18938749252769238,-0.13214861196107996,-0.1579836863512476,-0.10375101184351454,-0.33559955299299205,-0.1655239769542387,-0.17344597246129467,-0.03394426238289938,-0.1159571853866126,-0.13377116706512027,-0.1640171079551429,-0.22017722449149613,-0.27599995796953447,-0.13924559390097535,-0.003028148272762543,0.006896636970213699,0.05890991208003449,-0.10115710546245271,0.003550044795803231,0.09879049282312735,0.2854627322459251,0.4237095410041647,0.4871975957186869,0.5849299025884456,0.648697899314131,0.7165959307241607,IT-2006-0272,COR,8.0
550,-0.906361159415674,0.7908787878179186,0.7750839220961145,0.5610189289110386,0.46313206569451193,0.3056192493613654,0.23003189033791394,0.08665698267171251,0.22231610628391696,0.29790266292982626,0.49802303530418524,0.7639582211335623,1.1384480678500424,1.1010355521533794,1.2538657193142888,1.3276615659020692,1.1251060412195648,0.6168079827778987,0.5555688551180831,0.4565110395057488,0.6152017755417116,0.7639629091575069,0.7096013060622468,0.9255591784548365,0.9243611179332643,0.9165111170203701,0.9293613048405831,0.9001212321850547,0.6838538782681827,0.7182880379997743,0.6894893860487947,0.7166525629864093,0.820845618726791,0.8339479309611892,0.9452381910409873,1.0292948125024264,1.052965863923644,IT-2006-0272,COS,8.0
551,0.009950547647040953,-0.39169753813492836,-0.0936335895414997,-0.6604246165210679,-0.7213460851725486,-0.8262171767008262,-0.7734684076650931,-0.5529182360515188,-0.749539980591214,-0.46168684979735364,-0.49641560917995964,-0.5928838095616813,-0.706238848717784,-0.8221593487624146,-0.8783099226668014,-0.7744753924366856,-0.6349911688608163,-0.6604578074862184,-0.726837048054918,-0.8314043429465885,-0.843238705977261,-0.7982219143368878,-0.6338803028011881,-0.5840171235062774,-0.5152878560109597,-0.4589710736736805,-0.39336600250718856,-0.20104070351627623,0.01680968724028009,0.03923777177523746,0.21464096893103068,0.22933852744847805,0.2828845783016085,0.2050171243722545,0.24520524505153674,0.2776819360884186,0.27972110460896893,IT-2006-0272,CTV,4.0
552,-0.6710295392776255,0.6685669305664534,0.7770096698379385,0.08079945196740823,-0.008459611251661947,-0.1652547554557433,-0.2465132898169875,-0.40493553896398726,-0.5458585649809331,-0.48407192707576474,-0.21993025016155432,-0.0050975106497883615,0.24447531176654724,0.27180418358658454,0.360381786841633,0.33704940099244407,0.5563631062648904,0.9019923148828219,0.9366734949502931,0.8323320968190835,0.8227016502194155,0.9409223577926706,1.0171349651866208,1.0456881251924317,1.0301710890465392,0.8542303652943044,0.8285560703835477,0.7071273658509956,0.4274859103724147,0.7292205917228198,0.8272187023156121,0.859034593091347,0.8584998724188768,0.9054894247926377,0.9934306484689888,1.0723014858895539,1.1605180957938828,IT-2006-0272,CTZ,8.0
553,-0.19717628625731143,0.3316820760556336,0.6108352631798333,-0.4644235454583656,-0.5353977968781054,-0.638887597829763,-0.5889319812098881,-0.6197429938906964,-0.7715431969717059,-0.6607126663744829,-0.6995508402620345,-0.5058355842101347,-0.34633540252209283,-0.6028667867229958,-0.5717461110938462,-0.5865501187674766,-0.6526597503773299,-0.2572422130942078,0.04202699454480907,0.1852589525716004,0.05951600884648656,-0.07065233571818208,-0.18000382325620645,0.06566595289057453,0.5307577167166002,0.5662714120992476,0.6013523188569092,0.5227545747763083,0.916270231661783,1.2211146118269056,1.0833965311935803,0.883004205673048,0.9078226741444233,0.8379413075405662,0.914862504469065,0.9642634287298453,0.9459425693722547,IT-2006-0272,LMZ,5.3333
554,-0.2807978838814158,-0.8995302925867792,-0.7171104837481401,-0.6444669587337559,-0.6695099582760573,-0.671204603403825,-0.5707600832551147,-0.5821952272460864,-0.5993945179148588,-0.49926706048816705,-0.33647294890641666,-0.2669020538870157,-0.6384428468126817,-0.6504157395719528,-0.8113136631243361,-0.7452685537395105,-0.31923284535701324,-0.5274719691496754,-1.1140846962736806,-1.0872294765636417,-1.1442785060653833,-1.012307058385419,-0.9838765568738186,-1.0523096041594862,-1.2157876222107946,-1.3587955312701334,-1.1397132686820308,-0.9469389056648545,-0.8298881822564388,-0.7638236040749913,-0.7665985787938885,-0.6371254712595977,-0.5426715195579668,-0.5396892497885304,-0.3183623554842008,-0.17660022336478676,-0.1196128553118001,IT-2006-0272,MFG,8.0
555,-0.193651936899359,0.45034326190212237,0.629754791297545,0.15408612117954412,0.06890426479985834,-0.08666139524126848,-0.11845798897051463,-0.0817750851115937,-0.03470467940379418,0.46323457293190806,0.6051377994472675,0.7009791887413792,0.5561940556026039,0.27421711611246913,0.6265971219462889,0.5990351310819548,0.4329316570627846,0.23404838270381667,0.39549661006896475,0.49065364258910993,0.4709010222215868,0.37366791821719136,0.34856472299460517,0.29058340276446604,0.34738939440574956,0.41632945911082153,0.357161107303682,0.517069190301453,0.5499194441049751,0.8305886093243124,0.9187568768983461,0.8716017776883511,0.8929043876339655,0.8653965901585838,0.7902037047442523,0.8967430488026658,0.9303318060635313,IT-2006-0272,MSR,8.0
556,-0.22372431892066302,-0.26785369746848975,-0.11721889815384934,-0.6075195044400221,-0.6776869969345167,-0.7812050678293794,-0.7702801371460186,-0.8958985267514263,-0.906078622292612,-0.4137945366195188,-0.5173438259211274,-0.39245704157993444,-0.12729771471006224,-0.6555667084465897,-0.8887227946084248,-0.9385134736200156,-0.9934818074382221,-0.5402906556518072,-0.591766973088319,-0.6724273065864255,-0.6492533268858534,-0.64596180417941,-0.6211561385199165,-0.17339175488255698,-0.083018977586506,-0.17101425423691996,-0.10258105593642242,-0.15300479799748423,-0.012012752315390784,0.036746184631335055,-0.05971910093095012,-0.10223172870288089,0.1252933600236421,0.06457033141956359,0.16269589272970109,0.31807149699473314,0.40438715270861714,IT-2006-0272,MZZ,8.0
557,-0.33496566818931095,-0.5763016672459544,-0.29459596750046924,-0.14864416171140693,0.05372465500798462,0.02970365779346107,0.4645822904254908,0.52187925478054,0.5887276496781078,0.03824635069921012,-0.48668368921241534,-0.9598420500374436,-0.820483827751576,-0.8053571790355729,-1.2721329483109631,-1.124448776351282,-1.0297426974452923,-0.9468183259293461,-0.8553337146570392,-0.9717759013190417,-0.97662469542911,-0.9940406855548831,-1.0274586193176969,-0.8360295534891238,-0.7671396034553837,-0.6141067676712062,-0.48997576264780474,-0.43499494386545834,-0.4241455937041563,-0.31227930998587183,-0.16900811657050063,-0.07876774838755196,0.04768267503026635,-0.0887156497253816,0.011273629072306335,0.13508535175131442,0.24158705317790563,IT-2006-0272,NCO,8.0
558,-0.24526218815031653,0.13248288008663067,0.2931372679584294,-0.39583641002819814,-0.49140541291198137,-0.6474792764585482,-0.7159294963563188,-0.5566927968774804,-0.7377999392559049,-0.36946560706384357,-0.01118474371497058,0.07255065810671102,-0.02168834190841462,-0.20993797567505368,0.09269760340065325,0.26730290975553483,0.34786194850006247,0.39370233878623484,0.34077244813489926,0.44893441082265095,0.4575548018559852,0.3992100539797061,0.2567452415877547,-0.02785546553005247,0.039343963321988085,0.06366543377944467,0.0688379602971727,0.2223091623095046,0.3012299257352318,0.3286336795571172,0.37674836078524265,0.42243620989408903,0.526762946701739,0.5265355978249726,0.5415885702475283,0.627046331560388,0.7274432798869714,IT-2006-0272,NVR,8.0
559,-0.15271684943024955,0.0029379096662758286,0.09965426975904546,-0.506125222218313,-0.5966845424942191,-0.7293239464078161,-0.799405515957698,-0.8046744774080699,-0.7720828951951519,-0.3376822324494224,-0.3526104275360691,-0.029211392369284717,-0.21547128783325675,-0.34984254444556306,-0.1053966202475145,-0.4100399742823413,-0.552152983786625,-0.23508997553575295,0.19484975459828302,0.10845566375474647,-0.013592063526227882,-0.045381870828819615,0.04802703576365541,-0.14105729234764475,-0.14248586544252362,-0.10415791285267684,-0.06401002812335665,0.09555733862180471,0.3471399295346842,0.2610221883922277,0.10894218639712783,0.13544787966305094,0.2158201884091575,0.23771246617737596,0.34811997832477637,0.3988670526839808,0.4538113013559979,IT-2006-0272,PLT,8.0
560,-0.2334731117520925,-0.7700759153235976,-0.5370251603044904,-0.2791642102167584,-0.32691752227188964,0.011053374101182456,0.1328926619349753,-0.3095924580000098,-0.10623049048213318,-0.4201704665799264,-0.13039219752979836,-0.21270596973159162,-0.5679171057073358,-0.35789591809120314,-0.2062950619152204,-0.06181533553789276,-0.03096964802990687,-0.46507274988149394,-0.7968225703611882,-0.8113002655926334,-0.6740644541247223,-0.7914453468683691,-0.9565555745754848,-1.090072872628716,-1.105588221827686,-1.058702139325221,-1.144475337492369,-1.1459975154067328,-0.7882834765058231,-0.46126501171187595,-0.33717230196752546,-0.3326535547796361,-0.3075324735031444,-0.41243045201515116,-0.14009141705041017,-0.15902941958175454,-0.007221243119076348,IT-2006-0272,PMI,8.0
561,-0.12593931267298908,-1.0989926961765013,-0.8483258327175527,-1.4142751606175068,-1.4825606101227748,-1.5317660432100446,-1.4962155927918124,-1.6959425250189408,-1.758269305630768,-1.3940758578683212,-1.3235688431545274,-1.2681104596167954,-1.3314527778655902,-1.3464452939566343,-1.111107171731291,-0.9343670430928039,-0.976727795401457,-1.2838893565426641,-1.0875217951648803,-1.1986607717246738,-1.1763460089395075,-1.189733070068903,-1.191323435704346,-1.1172806500290413,-0.9933579059083346,-1.166145894063595,-1.1539394967846155,-1.044000123985902,-0.9241351398835365,-0.827542789753192,-0.7100962512696833,-0.6306849296072539,-0.5069407808663442,-0.677853012650095,-0.4412288045864461,-0.5714385423149135,-0.5415845320586605,IT-2006-0272,RCU,8.0
562,-0.06729538256953305,-0.2097433720267574,0.1988439528534629,-0.2637072371659359,-0.35607231409282036,-0.5314851289307967,-0.6190289267506,-0.7810026701087658,-0.7864759198823199,-0.3063978743263718,0.3574052854170633,0.31893292281508234,-0.028536802219835344,-0.1480733691121774,0.06953394462888252,0.35433618241479437,0.3019019186853713,0.0662236151980764,-0.5121548424826425,-0.615818408865688,-0.6330400610177245,-0.9429427539620976,-1.013500413370103,-1.0169039106626485,-0.8334677869120588,-0.3736391146787703,-0.19184700388762632,-0.04917364895423759,0.19288048527614077,0.44343875930460275,0.5823911167030733,0.4724167854094983,0.5110668270252461,0.7727914507900255,0.8115636848174184,0.8764591763511405,0.8433625441190067,IT-2006-0272,RSN,8.0
563,-0.36604164071335,-0.12634561334972183,-0.12414182690650666,-0.3872055219537689,-0.46004659939711967,-0.5837888555780308,-0.623778440223612,-0.6702604966758958,-0.46400951320104955,-0.3819178204921787,-0.3404112206242358,-0.2570485874133768,0.25386521742175727,0.27914454042771375,-0.21982332104514324,-0.34425915549839825,-0.3265781880537224,-0.11058012438884823,-0.36810918841646156,-0.08478371594065326,-0.08069727947942784,-0.5727512581990579,-0.7015203492601945,-0.4342762341548605,-0.42596625588224235,-0.17680450125802594,0.15595159586281593,0.2386065854640238,0.021123855039507866,-0.03599328251897038,-0.19521790903408665,-0.17953891021991986,-0.13910360076721417,-0.08252707892965994,0.057089339616636536,0.19286622110000096,0.23854740988175038,IT-2006-0272,SAP,4.0
564,-0.2911994894450367,-0.18893158032724422,-0.08596472268581845,-0.49702867875521406,-0.5690204431387,-0.6776278258415909,-0.6999477890166643,-0.8761812415429473,-0.937320769963871,-0.6969504921906378,-0.2627124456406751,0.12330942436563053,-0.15283640798060105,-0.3282822275163264,-0.38152464760777516,-0.24403797315240894,-0.26310523139220265,-0.22589457803635593,-0.43077051716582204,-0.4797634110839759,-0.43134553033143685,-0.4755333275057376,-0.407223006349537,-0.3993572204545277,-0.3428018098423351,-0.14234615374343473,0.07576527230197261,0.1360286645263198,-0.027192820610981272,-0.0757240212047341,-0.04056209409976219,-0.0847010218200932,0.018467475360576913,0.014745527272616243,0.25671192519286024,0.23239391925086395,0.35164981009255136,IT-2006-0272,SCI,8.0
565,-0.061368665754298224,0.04645020544985723,0.24921978432719527,-0.40110914234605133,-0.49186349731766654,-0.6579624428483299,-0.7242225169685659,-0.7084909366409677,-0.2044595123239601,-0.32449583124461867,-0.24298853464761727,-0.09333449790424009,0.25732426717855095,-0.07447838272662732,-0.13220661332214245,0.28573541235358846,0.37131226829305497,0.05593232719453756,0.02961724846269309,-0.13236265808200276,-0.1779855615603303,-0.1968528505221201,-0.40694070335746346,-0.44907075073099545,-0.1886169966409792,0.05321339632470856,0.025678288506657765,-0.0768184445717468,0.4750500856861102,0.647730639355605,0.45880715578716647,0.3941096578005254,0.38312010486639636,0.4666030276003923,0.7498110874036552,0.7513133135535117,0.6390697487082271,IT-2006-0272,SGV,8.0
566,-0.26494524232070127,-0.8881830834859663,-0.5026646164804971,-0.7043659813465162,-0.7691111473344723,-0.8599206723577133,-0.8744308565927836,-0.9834879629269624,-1.0336964193543272,-0.5828496877974736,-0.406100833293884,-0.04391648845819951,-0.45171486160064234,-0.8924357263885003,-0.8526555068238393,-0.8776844197591664,-0.8221788507392525,-1.021783973226512,-1.4264520669168403,-1.4502729105962109,-1.3047257184659733,-1.3374311258408689,-1.3226001978589368,-1.4796422908391058,-1.2338214315940315,-0.9513784081993633,-0.7022378325349559,-0.6394608499613987,-0.6478465163514313,-0.7146447991895286,-0.5037896558484443,-0.1596367783122492,0.02369758446708481,0.058859871714121326,0.16248983248755522,0.17090613172249824,0.20418731238952859,IT-2006-0272,SPS,8.0
567,-0.3474108298999199,0.5251367348343878,0.6352270159432276,0.6603169119762153,0.5647472023379105,0.4004840072619613,0.6147637365277037,1.0287843863994994,0.865695265397608,0.5432253586045324,1.2495102122275554,1.279438801465071,1.0135070936449986,0.9466841364440834,1.0324135833350998,1.2402761038318517,1.2864936166116707,1.4785513488641757,1.1358173027931446,0.9325333589831422,0.8953866401654933,0.9257201820426113,0.8163542320333885,0.4762209956675214,0.3685633546165308,0.16278384657468958,0.1708230696656754,0.07547348137592369,0.2890783608326508,0.35027551949757996,0.5338422755758776,0.6227317755029933,0.7659369745454061,0.7450313981837713,0.9494077547129223,1.034740787978901,1.1205182429159812,IT-2006-0272,SSA,8.0
568,0.14984473082631622,-0.15009886734395028,0.39354174994732993,-0.5070667276363903,-0.5760918596876872,-0.6395673829600304,-0.6330307163582809,-0.5933202447260717,-0.31491903283240497,-0.023392074241404437,0.05837112719849902,-0.2723888070808771,-0.82538191835713,-1.0068834837443097,-1.3960563965752852,-1.3495659872756907,-1.2227244827930681,-1.4735328304136104,-1.407712165660313,-1.3234129967453274,-1.162255392405661,-0.93831237753691,-0.7395278949114497,-0.442547861345048,-0.20623038754853162,-0.03723695774533642,0.2721162135599453,0.3286906466119488,0.5892644642625893,0.8114386988902238,0.8645570144059018,0.9672774128934867,1.05006478278849,1.0966504445171275,1.1380271504571553,1.2008672855272362,1.1817154683393376,IT-2006-0272,STB,8.0
569,-0.08468978280889283,-0.5972616746720307,-0.4598211002427828,-0.02703302672337138,-0.0871788560427218,-0.20090545174601715,-0.19865506911765518,-0.1644858692986375,-0.07670829980381288,0.28622980680115795,0.4901487841531371,-0.006728608741858544,-0.6639327828942534,-1.0935893312933276,-0.8324766714104603,-0.8655345143020261,-0.9836025670009487,-0.7021575922604306,-0.8485928474498872,-0.8415374166319625,-0.7186092884052693,-0.4736291727273967,-0.4181661012316127,-0.5883950455530513,-0.7695450189947026,-0.6673500479608308,-0.8356398076692466,-0.623270805483199,-0.5260595679713411,-0.636114429939215,-0.4420571791599315,-0.49488335822879925,-0.36226280588439863,-0.41150377710716235,-0.19425732629317238,-0.13265021419362277,-0.09804305624336429,IT-2006-0272,SVN,4.0
570,-0.28503823028525366,-0.8170073385439025,-0.6742389890490053,-0.640546751119893,-0.6867379322385396,-0.5770763315486178,-0.6590406014685275,-0.6819828134214854,-0.730699755330873,0.07461878539941047,-0.21611636044553162,-0.39606228053575254,-0.6640247352301278,-1.245814858330652,-1.0924718857916904,-1.1397478053228278,-1.3635869561349976,-1.120128773023156,-1.1542852853324765,-1.301170171610571,-1.219319551581103,-1.2313743132979997,-1.061176131171793,-1.1021141353710968,-0.9865332642077318,-0.6810877004657598,-0.6691158046057213,-0.8910194879057656,-0.4923320879519677,-0.5725917065220791,-0.47210655833725035,-0.46773890824020725,-0.3953864102926552,-0.5636721168772638,-0.5694861452287121,-0.4835226444258769,-0.5535767992230856,IT-2006-0272,TAO,8.0
571,-0.22539311982360655,0.5297378879780155,0.7214638416848338,0.4062654006644886,0.3351333835045507,0.6231926922237268,0.4697218913344905,1.0586700827201363,0.2920146686700278,0.05904429050955162,0.5152129351019252,0.6519087443986278,0.40038314833153255,0.41854933463973065,0.2315302361872753,0.5479578019356008,0.6956541631721151,0.6760762931854973,0.3982234004663665,0.31672078006748183,0.2627901189583355,0.05214953617275242,0.001591813490413152,0.23033493967221297,0.3655169642695828,0.49919949521715967,0.6845606150591399,0.7088300636664453,0.7806992331772378,0.8148214349971106,0.7380470611268128,0.779314058409498,0.9077264339465039,0.8940694951214425,1.063855771399714,1.178123115362478,1.2352517327748789,IT-2006-0272,TPA,8.0
572,-0.31222955918627626,-0.08787598708473876,0.03640261912056886,0.2386608937820789,0.19978811377190997,0.1114151060980042,0.09985234429372447,0.07729874387289559,0.20426566085416287,0.656881963885918,0.6079564910860507,0.6036446129566362,0.1381138092926415,-0.17043408856402653,-0.31154991850308456,-0.1891111375743071,-0.1108763078545314,-0.22281321977416457,-0.19411946636380684,-0.24712871991116003,-0.20042438240831117,-0.3096862830558793,-0.4763274821368215,-0.4813508379114184,-0.28574232629051277,-0.014196151854332761,0.1341025845506305,0.03916779938093473,-0.10411256664466961,-0.0029263989727583706,0.004245821297767627,0.030917348246097376,0.16754493096931355,0.15336163700428962,0.28071963290692636,0.3922089680522234,0.46348317152149576,IT-2006-0272,TRF,4.0
573,-0.23890193984434838,-0.6182059953439873,-0.4154939335872978,-0.09628935116100568,-0.10417337107652358,0.04410021916605178,0.21180468864316015,0.05926002627507376,0.044204015817373765,0.1934928001949503,0.02133080880176852,-0.14323604550446856,-0.5691575580504056,-0.637250175961471,-0.9052233857320191,-1.2127536792945959,-1.0684861399285834,-1.168243084193227,-0.9065165838633957,-0.8056830210126282,-0.7267809730131605,-0.6698245551875202,-0.7475019621706238,-0.9382109046325571,-1.0183183262517899,-1.0090530865931928,-0.6393264281617412,-0.5937613499441063,-0.5102903279999103,-0.3122766240426893,-0.2581798610713353,-0.21879363529757434,-0.19771021566238645,-0.2835888235889019,-0.12292927646020502,-0.04362309657678409,-0.009197934195441348,IT-2006-0272,VBM,8.0
574,-0.28034328601198766,-0.62127093832689,-0.3460158042915351,0.3321751811981333,0.3092183786022522,0.39919307577429475,0.5160027370150937,0.8055657113564152,1.0280190388776482,0.8907301889284445,0.048284987078687,-0.6141721436082994,-0.8905373851826726,-0.8011009626964114,-0.8920093353415091,-0.8868020795512077,-0.9189534189577317,-1.0883195659029594,-1.249166812151251,-1.4511953804338074,-1.412977491164428,-1.198939875096575,-1.2810309296592646,-0.8378634772996296,-0.6370467758671357,-0.8004374835710779,-0.7285376470204898,-0.6766030446818645,-0.42098554164415525,-0.24431774399684958,-0.2728369773274437,-0.21079904756770063,-0.18348888766705684,-0.2034170199693488,-0.06847126128855052,0.02822458240671466,0.10914403090177771,IT-2006-0272,VBV,8.0
575,-0.20139723032099166,-0.576748636653889,-0.36777949026696355,-0.3178653709387582,-0.3687863894266421,-0.4652211359182514,-0.452058844051777,-0.444997210297835,-0.23293755106684255,-0.17988468455614726,0.011362850498103594,0.17025028365567474,-0.2904880387892774,-0.6235762540476042,-0.3968932486906027,-0.5648874136975008,-0.5515657848057458,-0.19975942317277706,-0.7248090657926269,-0.7312575918318585,-0.823685034782673,-0.8766433502775408,-0.9803968411748372,-0.9577977401187816,-0.729426442643577,-0.7220368156227188,-0.8093484260631847,-0.5635046937544033,-0.5203860746739641,-0.32926983668016163,-0.25699048195638685,-0.24004624726007506,-0.1799657592469135,-0.20444616718557285,-0.13164451460839288,-0.10378620883301437,-0.045827305266527674,IT-2006-0272,VLS2,8.0
576,-0.9273585969327587,0.21399639607670107,0.304050193140025,0.30227572185882234,0.23452010232975962,0.12083104114871368,0.15093995884884226,0.26060162982710633,0.32866520804753563,0.6483780331165114,0.6541209185436241,0.6891009856805681,0.49450709614235144,0.3695452296204058,0.41619873955852604,0.3037300441586206,0.4347433352787631,0.10218152341703846,0.1664707577897646,0.13260318137963,0.05480264554431269,-0.16951818835989307,-0.17606389010886048,0.2138037838737077,0.21360613999661027,0.2161634161188113,0.17140733210830028,0.18508660462686066,0.24076024706691435,0.32770277772727674,0.31228833766652286,0.31384640232305827,0.3735338836193467,0.3541942161887821,0.48759160722950057,0.649031490661784,0.7564934829231849,IT-2007-0115,AMN,4.0
577,-0.9723681805786053,-0.4090685290411571,-0.2851481333750261,0.14930360361595252,0.06705083864314076,-0.0719223325567313,-0.15526262234783683,-0.23752670174285484,-0.39339812111797023,-0.003279987822637054,0.7434086250862535,0.4970576840387926,0.7791708766142538,0.500428021497366,0.0728303035419211,-0.02711740824456399,-0.028115135613293596,0.19891944098499614,0.10739488266099073,0.02887594684455763,-0.10383290483348873,-0.33766428246528424,-0.542029783363617,-0.7372942591359415,-0.9525870702480805,-0.966617703853947,-0.9443528348897097,-0.8726190793239663,-0.6120929522835858,-0.4861505578235974,-0.4422726316821777,-0.3464394350298896,-0.18992293171274532,-0.1107640497436364,0.13945402547954266,0.2739428303058862,0.38109131220221926,IT-2007-0115,ARE,4.0
578,0.056724354849650105,-0.5568828845165577,-0.42372989287005147,0.3457498260999792,0.29529907773533104,0.18524123906831402,0.2098608252557561,0.30533298602988346,0.5071730745875422,0.7238055862824924,0.6979300307252254,0.8321633779901276,0.6110602100384108,0.26454147746268486,-0.09196761531759723,-0.2357594102522773,-0.4075739305949444,-0.792809974027799,-0.5637221799794734,-0.5197968659882166,-0.559638944432236,-0.789262155268732,-0.9634901298802117,-0.7716688878871478,-0.6070089258703142,-0.7260262265798021,-0.7795660265503663,-0.8138084659506539,-0.8103251607272082,-0.8697062193177807,-0.6313407906407864,-0.4771938206229027,-0.31254975360367965,-0.24014971075413705,-0.031174267101484077,0.12586929972940553,0.23800123146100205,IT-2007-0115,FDF,2.6667
579,-1.1227542229251513,-2.067237295668555,-1.5702587073934904,0.19116556503225812,0.13984529371706156,0.11706302808381697,0.22251712196800888,0.15637470037778112,0.5676431702756028,0.28497416288586486,-0.6975258529746,-1.0429802081035016,-1.7855083059940267,-1.6617221088354368,-1.233604678147855,-1.387723341723535,-1.531340632424044,-1.9254157675814376,-2.254393082524362,-2.408403709535179,-2.478890784093446,-2.747432083057321,-2.8684022516301253,-2.7606090713433513,-2.677247433000124,-2.6692203927478673,-2.3779141634211793,-2.409485371380793,-2.281996815736969,-1.9878667816436444,-1.7030246040844847,-1.5182553988675203,-1.2908881849288232,-1.1707264310733834,-0.8563662866920936,-0.6256832750021406,-0.4688242222135095,IT-2007-0115,MSR,2.6667
580,-0.7519118048813547,-1.639711894390878,-1.3638084930975634,-0.059453140525733694,-0.06885858520436017,-0.042610576557626345,0.20635318689821602,0.2552680654380861,0.8247267753829872,-0.43667689351169425,0.3165252926220328,-0.8071304050794055,-0.7896234045866874,-0.9669473059886471,-0.8835637790589521,-0.6280292269434469,-0.8436124935915226,-0.9879304740310477,-1.3493658824395585,-1.3522844308111424,-1.310364083563897,-1.6941968359601205,-1.9979499311157207,-2.239241006376149,-2.2524606662103306,-2.213728968687617,-2.1956021091743256,-2.19891361173549,-1.8989861018359981,-1.7401326555933476,-1.6056416922327141,-1.3870147042767123,-1.2300131642015248,-1.1143515052094557,-0.84264390410552,-0.6773228077473394,-0.5434060907816054,IT-2007-0115,SSA,2.6667
581,-0.46982980615859304,-1.1563608503922982,-0.8043860259196691,0.3989154630063423,0.3261029510976714,0.20841675720619612,0.14223291909336044,0.18177127433723594,0.3468659526091171,1.1545874021984002,0.5285332464137893,0.18845916971714693,-0.13037243078889738,-0.44493819166517223,-0.4385906297114106,-0.4723267268538267,-0.7976893589268759,-1.062065263515934,-1.439193593266566,-1.5981092863876185,-1.6442639742393688,-1.7241116837417723,-1.8671947400371076,-1.8642604047405191,-1.822877277741485,-1.6074506898187053,-1.4878754415685425,-1.4748990419609456,-1.3386772688910646,-0.993053266396112,-0.8736470225020323,-0.6439115696763427,-0.5167860998711333,-0.4241901131748911,-0.23023159779854652,0.008820076656244069,0.15504256543925443,IT-2007-0115,STB,4.0
582,-0.9201439974374281,-0.19951619078147687,-0.0686096345256022,0.4221272490564463,0.3842925327794884,0.3794692379636171,0.4566588291395117,0.3603858247045837,0.33793106661584815,0.24035665171943688,0.5900933266513801,1.0292557122774264,0.5675167027780645,0.28888183209467666,0.49906232155242325,0.35841841318660617,0.04717607860283479,-0.3713961841248201,-0.4130517352647498,-0.4799765081888525,-0.5150347372960695,-0.4017487675404663,-0.4267295125062702,-0.48360111016146945,-0.5173664281719796,-0.3044413494192977,-0.30469616006164735,-0.3122496635652734,-0.33657933903184123,-0.2520564002650012,-0.07179027621413425,0.023361395468036505,0.14060483223543585,0.0906504666755712,0.22674950843770603,0.34640445689750443,0.45399986839215245,IT-2007-0115,TPA,4.0
583,-0.7896320312393348,-1.2119969555844667,-1.0546217197135697,0.20870451895040087,0.18324259989469294,0.24356718532169985,0.42268774960371935,0.7592791171189335,0.9815773620571582,0.4071899273653825,0.02204571231427277,-0.1856819345543652,-0.7641513308466816,-0.8645617790474498,-1.2682481730363646,-1.2779977200647554,-1.4404692851437044,-1.5862827679951828,-1.8995681672653184,-1.9751937263052666,-1.8395182232308924,-1.5399289493006867,-1.480261305215512,-1.471820303371489,-1.6888843553546131,-1.9042840091814526,-1.600096135605078,-1.313417265942503,-1.147911362138787,-1.1689668304507386,-1.1953583204946039,-1.1641372302377828,-0.9693829836282024,-0.9543371447408244,-0.7228614235852238,-0.524030036208238,-0.3418637625889076,IT-2007-0115,VBV,4.0
584,0.13829404787662192,-0.28537976441261215,-0.1447358520402311,-0.11088709667940488,-0.17037967652759445,-0.22488352539964485,-0.21539585371282222,0.27433179820982456,-0.18743530227108796,0.06758167365004386,0.15368316614754818,0.2768461209982096,-0.13643901194624863,-0.26864129188635744,-0.5935940786762881,-0.5429795248090761,-0.3256905437758739,-0.3221106691735445,-0.030674949456735767,0.1919901712145018,0.1654642628195191,-0.1582984946257877,-0.2739659839433122,0.016215840539089754,0.05525539237974364,-0.17792150468172796,-0.37137749176503476,-0.5160892329288966,-0.5253980044998148,-0.42448245639793214,-0.31229158347091435,-0.22196915798039463,-0.048078522300334825,0.04282091121861775,0.20802008148933737,0.35977101805828404,0.41476903339510685,IT-2008-0003,AMN,4.0
585,-0.26298155091439357,-0.3326303532952819,-0.09308329330175091,-0.00038249296300918445,-0.06515076622381066,-0.12093034652364931,-0.1734977294413209,-0.2857370568497908,-0.2957924880712719,0.06171114834707403,0.4813015678662351,-0.07623153021630635,-0.4211405187047097,-0.33819303671711953,-0.10300238743476875,-0.1515872482412428,-0.4711635675364301,-0.6372855516564968,-0.4293483896513415,-0.27339572341961915,-0.35610583690998965,-0.3109797176042841,-0.3750601965648652,-0.3999127828186948,-0.33778943609510215,-0.5853462962666836,-0.40406198934117477,-0.45882144406119707,-0.344685911425346,-0.12728891287562583,-0.07394141089339179,0.017500644405112453,0.13864123149082097,0.15600971730821556,0.3303874302691625,0.44384463815712216,0.5256284762935977,IT-2008-0003,TRF,4.0
586,-1.7768356616857226,-0.4612085153153771,-0.12628400601020218,0.18317368987700355,0.08740417694141644,-0.09841226409771586,-0.1519198448537349,-0.3169348478271221,-0.34779281858844424,0.04468319046632274,1.0028792640403132,0.6251037357534903,0.19517117066950362,0.1353975534031875,0.06330621910434964,-0.07501823335332514,-0.18005823115783137,-0.3194087032688282,-0.6390006218279556,-0.7300865406028052,-0.7978810878710867,-0.896838183172358,-0.9479120150711218,-0.922293083877908,-0.850836403162714,-0.784292237834542,-0.703010010091937,-0.6569268939200317,-0.4735501592368081,-0.27765436637132623,-0.10284518811429422,0.08420602100555996,0.22371545041161056,0.31301751797583854,0.45325094686753076,0.6123055276034606,0.7036876114111266,IT-2012-0062,ARE,4.0
587,-0.3055482387727957,-1.649612251462404,-1.3639024200646688,-1.627004924626922,-1.6563553159153424,-1.7565396886172495,-1.7525080233843822,-1.8933370248614727,-1.8664775152111783,-1.574796391402212,-1.3509805890722664,-1.062340270730271,-1.3200066054283761,-1.6152710785380835,-1.525500757040552,-1.7393533439594115,-1.8419173716069839,-1.7178987362938614,-1.799294198814267,-1.809211836447898,-1.764079042929799,-1.6483740957319428,-1.6386993004571435,-1.6660359557435145,-1.7669310106945861,-1.8196497262064044,-1.750644018205386,-1.7618030638455684,-1.5979344681331966,-1.4809048302198153,-1.3345264661126457,-1.1948959548191844,-1.018154781764471,-0.8999660155956288,-0.8014521502947112,-0.6764037239760974,-0.6184420629536209,IT-2012-0062,CTV,4.0
588,-0.277219106349623,-1.54517796688285,-1.2339215190578585,-0.518988881523164,-0.5609156808113367,-0.6838310915296013,-0.6029671865510533,-0.34967493902092084,-0.6825398238182494,-0.2915370258538905,-0.3336766338589916,-0.06357056991043208,-0.1294437368089305,-0.7568758399155104,-1.2033672615779096,-1.4217471493059106,-1.5535511816094232,-1.7574992806042253,-1.9430018196137055,-2.150194469357065,-2.1740769297430935,-2.1396101433439636,-1.9103354523992078,-1.9447560893488616,-1.9696563641277454,-1.994223179501141,-2.017870789119547,-1.9503492656673842,-1.704073553645868,-1.3506790008546403,-1.156604451930626,-1.0130708107628372,-0.8683307618356899,-0.8095724176360068,-0.6423737756883909,-0.4826531810535073,-0.39108808208740875,IT-2012-0062,FDF,3.2
589,-0.4057876572823993,-1.494608635339958,-1.216585520995146,-1.1368384117117296,-1.2132710669401483,-1.3668175079000875,-1.4222192624044485,-1.5718913225653566,-1.707992650769592,-1.1916810208587165,-1.0337303951735048,-0.44819407020868596,-0.2585616632131549,-0.5212464871617897,-0.7599755961570782,-0.8988002462560898,-1.0872386941409715,-1.575452752122434,-1.6560098414163162,-1.701043288038207,-1.7857177827776072,-1.9013149956953947,-2.003434722417703,-2.0156653219495295,-1.8738169337430035,-1.8289276920955455,-1.743057409166859,-1.6699880883725928,-1.5358229323773447,-1.3418941232499773,-1.1691976170378577,-1.0106939887298125,-0.8713750873019261,-0.7628590991217532,-0.5965516848607066,-0.4678125339360779,-0.38206462140959196,IT-2012-0062,FRR,4.0
590,-0.11209603917475075,-2.2572198148688933,-1.9436076690194817,-1.5380830462098807,-1.6065811396299647,-1.7217241802725747,-1.7246536186677108,-1.7488017809276073,-1.6514157117494879,-0.9686068586213015,-1.1229105747784844,-1.5175665212035954,-1.5620623246984602,-1.795399586028351,-2.0872619232079535,-2.231610650710027,-2.2556241795094385,-2.4641036750211294,-2.520600677085322,-2.61747484492101,-2.6405724873674252,-2.6727799541198127,-2.7154935530603987,-2.7625183364702712,-2.616666996544815,-2.54353968742414,-2.567820239656049,-2.4249704872586566,-2.188533486780331,-2.0795004473835217,-1.931575228560618,-1.7909252737960024,-1.629078081422712,-1.5201467718683226,-1.3610150392657285,-1.2061256981840565,-1.1074050761949135,IT-2012-0062,GMB,4.0
591,-0.0938764769062499,-1.9007798090031818,-1.6720713938281762,-1.056860860440679,-0.5449769237256747,-0.9560446886710716,-0.5852131978375841,-0.8100455408009246,-1.1260894751107786,-0.9845369441580294,-0.8731314319078658,-1.3923834478722803,-1.5731232661943766,-1.7276275492970266,-1.9049491277882762,-1.9242960936760056,-1.8654554953260618,-2.152054670093478,-2.105240250462071,-2.0485429337752326,-2.047150745744582,-2.228146368831238,-2.1472924528754014,-2.2827645946027992,-2.3882432842791426,-2.350906183421972,-2.0978026564910337,-1.9390015173473474,-1.8674886283990872,-1.7658050741683873,-1.7361535868925397,-1.62559938738403,-1.480626869973534,-1.4122646380839736,-1.2650723512444166,-1.1072385713763389,-0.9933350354216834,IT-2012-0062,GTR,4.0
592,0.27069963378133677,-1.5602377602874782,-1.3728646892011067,-1.2668667471556967,-1.3564831835744506,-1.4502424621943977,-1.5765982034823827,-1.4382641790941886,-1.4883128625325401,-1.2882770833452417,-1.0970220104183683,-0.752746079008995,-0.8495882482698089,-0.6212308834356026,-0.8435869831169809,-0.9811449500219638,-1.1200859203109328,-1.04835800399374,-0.956187809368771,-0.9838760510470141,-1.0798499100745627,-1.5385886753653555,-1.7926439267889727,-1.7361549116510275,-1.9450041955471207,-1.98839638047078,-1.9179233058734688,-1.9238520253363358,-1.7170385311957546,-1.6508782134836384,-1.4758742362324924,-1.232667395238252,-1.1901909156660064,-1.1507133140111474,-0.9809182222357382,-0.9089313697271315,-0.8206779650405007,IT-2012-0062,LRS,3.2
593,-0.8072248966715707,-1.9684868173027592,-1.6490227363179013,-1.534899972902779,-1.5074526702389903,-1.6475032327682992,-1.4850009742120545,-1.5804917560519733,-1.8404670987489267,-1.7642584152355978,-1.3033842595192757,-0.6445354438669177,-1.1036387785831403,-1.2227752278799189,-1.4196809080457795,-1.2465164881859803,-1.4010937870068556,-1.9627179007629385,-2.207509412828971,-2.354400216476888,-2.434034832740757,-2.4188823851892174,-2.302190991565512,-2.06339154369857,-2.2610267529368375,-2.3214176524133876,-2.310444184197017,-2.2663799464208,-2.025293998015284,-1.7586348004246197,-1.5872802431613362,-1.3778703010447657,-1.2386674389723922,-1.22275473222955,-1.0502038745618947,-0.866366990993237,-0.760345146898608,IT-2012-0062,MFG,4.0
594,-1.4731030143622044,-0.8714662300374219,-0.609828546831654,-0.470088786859856,-0.5528176227054562,-0.6753367506067667,-0.6870252015277378,-0.8979615339201121,-1.0458628395178655,-0.6107310359024938,-0.20718852827862477,-0.18656868450413366,-0.22560799129949682,-0.44911937115442857,-0.651125276141447,-0.8348355109193637,-0.879344581547123,-0.8615137424198194,-0.8949865235386882,-0.9928143782495464,-1.0447499965220919,-1.1043620524294466,-1.1315843129229872,-1.0958341708967918,-1.080819738448496,-1.1091874726779078,-1.1153769329361864,-1.066274842728184,-0.9572700970911008,-0.7505210467429535,-0.6409204638598425,-0.49427227334745716,-0.3699784705599658,-0.21965942989451115,-0.07811204948867889,0.089286726181383,0.2068231915323846,IT-2012-0062,MZZ,4.0
595,-0.10064785376605956,-1.8047873122461837,-1.633905895545432,-1.3665332003874555,-1.405121432965907,-1.561293249758239,-1.3353095895783813,-1.166581241246659,-1.381295235891172,-0.9356584359530453,-1.009556153442757,-1.1345143064485699,-0.9947218963366495,-1.2945509400751503,-1.660541597408229,-1.7446673039135963,-1.9369775139714456,-1.6197177991710934,-1.4668553941344031,-1.3828492747359107,-1.4971689413245128,-1.5871341634392344,-1.804151544408576,-2.1497364543808795,-2.119924163689374,-2.3188404126685516,-2.210274352252771,-2.091042612980262,-1.934425725454064,-1.8200154789949234,-1.742547736300324,-1.6215087570963203,-1.420613216221044,-1.3692558054498125,-1.2522380690239796,-1.175545736706825,-1.0915914089242271,IT-2012-0062,PLT,4.0
596,-0.9013108297006418,-1.9742110374077466,-1.689769887586266,-1.8523268021771901,-1.9240670527773442,-2.016228739247417,-2.071998205569158,-2.1623676960165,-2.353960957232059,-2.011069767444023,-1.6249436476726373,-1.4992998134918905,-1.5710514087789997,-1.6194858654690982,-1.4850988098056854,-1.6270814585588562,-1.8223066755612285,-1.9227943924611317,-2.1636073492739962,-2.2283594242311864,-2.261879471191799,-2.24989205865921,-2.2159482082425024,-2.2494995931980712,-2.203076112612262,-2.101722577326661,-2.1324974845703757,-2.097130178214484,-1.9440010025330992,-1.731586045381583,-1.5906737109354925,-1.4373507335740445,-1.2975134153835555,-1.2203448519321078,-1.239042866426031,-1.0938892312023896,-1.0167059751334708,IT-2012-0062,RCU,4.0
597,0.21962239897262892,-2.563350699699349,-2.4385447159862377,-2.40667174086715,-2.4577589713122068,-2.5075227229243398,-2.296612713295082,-2.143422138062987,-2.333457790046772,-2.3268565450149667,-2.0462320965375227,-1.6764025654621086,-2.033821081183161,-1.9925372883372994,-2.27154789231375,-2.31891625651141,-2.4636126899248874,-2.7059963182766307,-2.477441386565787,-2.5890713815177264,-2.733080528445111,-2.6689663710152294,-2.7253712710948284,-2.9462487652610676,-2.804434389205369,-2.602388171618987,-2.6680089258519484,-2.638962886960732,-2.626080207335983,-2.6140263305899563,-2.4799109998932796,-2.307814687741379,-2.184391519921455,-2.246854796333219,-2.1120499563670077,-1.9053406823015315,-1.8334652633880264,IT-2012-0062,SAP,4.0
598,-0.5760067957859896,-1.5460355586511607,-1.2254948519111046,-0.8248126223723125,-0.8737524205267837,-1.054145430431281,-0.8980131983109105,-0.985277382889195,-1.1082251403993242,-0.6748903534165516,-0.4756690605980607,-0.581348017472533,-0.7336144863081735,-0.892511556900681,-1.1331700955580466,-1.329747734274144,-1.5403860144918333,-1.752089992083361,-1.9070211569231805,-1.9390346645872487,-1.8784134056692974,-1.775839728900082,-1.9617338136919988,-2.0855349137985684,-2.0152267331238116,-1.8592213406995315,-1.7444895129335691,-1.6807882530819604,-1.5923414851565507,-1.347273779635028,-1.1927856673291224,-1.0051232100568903,-0.8509438211664424,-0.7550716037931053,-0.6086211714613299,-0.4676837371657765,-0.3356463223269355,IT-2012-0062,SPR,4.0
599,-0.40352486155812484,-2.1991298847452407,-1.91554488449251,-1.281053560015212,-1.3322657441340438,-1.4438561751896755,-1.4492227241212365,-1.4332694645354662,-1.4048175889609373,-0.8270868169100929,-0.9159874619640265,-0.9238019964396136,-1.075861002644821,-1.4385207963680609,-1.5956404193984968,-1.7810621784433218,-2.0130421813829384,-2.396187005811467,-2.4758757234051156,-2.416484010999434,-2.424168765142218,-2.3391029022732637,-2.42177788062052,-2.6427351274322266,-2.8608902379065357,-2.738272580393528,-2.5847887853243403,-2.467864369964393,-2.269410582771153,-2.0798318225386563,-1.9571108756146796,-1.7718567063709099,-1.5821641663435067,-1.4603323653798714,-1.2885779662147794,-1.1536912334558131,-1.015065025048612,IT-2012-0062,SRN,4.0
600,-0.33645512158250446,-1.0611029433443662,-0.8260803245721497,0.4706650386694511,0.6714871637014497,0.9680707985393413,1.4438684578252428,1.1785003111778698,0.46632090823939176,-0.30945311123814445,-0.07709240789822047,-0.19547076667956453,-0.27270715640103926,-0.6856071482383275,-0.7659095229742281,-0.8187316962299995,-0.6051790057707436,-0.7392409569053919,-1.1754551525375092,-1.3229936967730174,-1.3850611476172485,-1.4208999876372097,-1.3773258532176413,-1.3738626639748261,-1.4959502281977848,-1.509621875425628,-1.5114583909512245,-1.488271257227133,-1.3201129571500037,-1.0923445413517907,-0.9618006704954141,-0.8285498640952316,-0.7006557864069407,-0.6392838320042689,-0.4574781896318001,-0.31831021848290675,-0.20051036441653558,IT-2012-0062,SRT,4.0
601,-0.21333970390949863,-0.8858122025038018,-0.6732339347762508,-0.9755532263265172,-1.055004829679179,-1.15040583342343,-1.1676061588954187,-1.1475498671872408,-1.083122326429522,-0.9777082498280265,-0.44945218686501054,-0.5315240800824741,-0.49967985050108865,-0.2555358500336844,-0.3362032190597404,-0.08329530232263149,-0.34948916600487845,-0.45158614285756826,-0.5299415522325921,-0.7468757393577432,-0.9617204275363376,-1.1489741562646563,-1.2114939557435989,-1.011097702328743,-1.1257813087555233,-1.149269547802767,-1.165166225850399,-1.07763261496493,-0.895995315958011,-0.7465182856960286,-0.6681683492913919,-0.5599054564414931,-0.45020960853354275,-0.37789401907711806,-0.2608033469339741,-0.12122400705289849,-0.00592558134351151,IT-2012-0062,SSA,4.0
602,-1.1893825356106842,0.887689917071735,1.3240002540677338,2.24456231426261,2.171746219584591,2.018536053669069,1.9601219940078018,1.8889481109012887,1.9735794555300514,2.649702402689487,2.458409348743168,2.4816049415075594,1.689397758404262,1.6170816937253338,1.321853364160197,1.0690292073084393,0.865656041239169,0.520838968578631,0.3943605336275988,0.33105227128257564,0.3081350083343599,0.2578510457805532,0.21526876176876542,0.2476228969302552,0.33703729833493945,0.4319912860973538,0.541246925668057,0.6333368563383495,0.8589916949448604,1.1508242758218223,1.3647364089177696,1.5753375579138638,1.7496517552306958,1.854202044857221,2.0512681428811312,2.2225283205893014,2.3310923940043136,IT-2012-0062,STB,4.0
603,-0.20684812213000248,-1.6270432862433442,-1.2693765180546848,-0.6066407326776755,-0.37330567945877924,0.29853741245360865,0.1540502979914482,-0.43096745510369505,-1.0956338112555786,-0.5657031537239963,-0.6864637296573575,-0.6575767176196914,-0.859599611169938,-1.055187262829766,-1.2466771700518642,-1.4102199334988015,-1.4788243134295636,-1.6941120022152418,-1.8489152596565388,-1.963052696186467,-2.0468780653851537,-2.121338466599256,-2.1907470580422075,-2.0795544902604206,-2.05656372415282,-2.01698826322548,-1.953997942036441,-1.8830575032893488,-1.644674681358012,-1.4719276873127427,-1.2251948433113373,-1.0768409866520336,-0.9598014373917287,-0.8232984916404007,-0.7091652745551205,-0.5890261739148848,-0.48986789201083347,IT-2012-0062,TPA,4.0
604,-0.6668282368625986,-1.7566494275813866,-1.3778441947116598,-0.613974531273576,-0.6641638459477681,-0.7610977668349834,-0.7532760349037302,-0.8075298107601352,-0.6161028182956727,-0.31970113825228275,-0.5320862781521924,-0.37709666868853553,-0.7415363287025931,-1.1010505153558086,-1.4827580912783889,-1.6416683778369965,-1.8425098303073106,-2.1087546323894424,-1.9628108248784173,-2.0344651932588853,-2.1730247577772515,-2.4028450035313282,-2.4578491707543613,-2.440581830146294,-2.367702968252561,-2.124643429925123,-1.9121716444715338,-1.8187474263962606,-1.891374887416287,-1.6154373214757882,-1.4109017230984762,-1.2019830809781222,-1.0087599131863012,-0.9083910623754985,-0.6917155687315706,-0.5101701498918878,-0.3839248296833606,IT-2012-0062,TRF,4.0
605,-0.6073662897397885,-1.7892826097352987,-1.3949276626945029,-0.5616262645930039,-0.4892328543566622,-0.4030029391697161,-0.1336882408555251,-0.2528990806660918,-0.625349461294558,-0.190927062769374,-0.14790976920266274,-0.44950909873240086,-0.7522157913725067,-1.1224445696471763,-1.1929419629693427,-1.265895029015729,-1.5545017900255962,-1.9063601976370936,-2.097661284758485,-2.223047141762456,-2.2746921503012043,-2.4079966937175374,-2.3662836010188464,-2.4728914533229513,-2.4539697724067437,-2.2883704014212434,-2.222264149866091,-2.090215062642118,-1.8023106254710477,-1.543073216135955,-1.3762628015065648,-1.2261417419151588,-0.9903080891627383,-0.8710010057473916,-0.7027372195645807,-0.5527302550347404,-0.457298068511399,IT-2012-0062,VBM,4.0
606,-0.3775472630358845,-1.9496561694498231,-1.4793505946198309,-0.2633067236907829,-0.2328736925627144,-0.01718365735865479,0.3645750511257484,0.19857564395436889,0.22913669708666795,-0.15045746501424162,-0.8384235827764073,-0.9989276009680035,-1.4867224204658314,-1.76231339973981,-2.112613668601007,-2.093430677153285,-2.3420380565477705,-2.41640180550609,-2.3770412876891953,-2.4350314184154946,-2.5418748827180497,-2.6012080095788646,-2.5685640505461267,-2.512644517708339,-2.5319805883408932,-2.436579839647772,-2.2301356886338297,-2.2016423415798485,-1.9361854124011497,-1.6771621185496617,-1.4994205214251508,-1.3086192839436013,-1.083279065037809,-0.941031526204771,-0.8040076985462346,-0.6050161531883074,-0.46150164122881243,IT-2012-0062,VBV,3.2
607,0.16371917973076178,-1.8186352104625776,-1.7357412984855731,0.18064368838771294,0.18258491947304556,0.21424271022774377,0.27160129139293687,0.18826384956957298,0.2938610985416794,0.5439160268062952,0.7179388605453472,0.31886384768431153,-0.00837575915004507,-0.36022614847488743,-0.7155720638829077,-0.6317770532033622,-0.8647531649929601,-1.5035183379296626,-1.597698906533254,-1.725901830511269,-1.7167755342561168,-1.751011290474592,-2.005737927564571,-2.4057649735920705,-2.419193719283827,-2.5234392469314972,-2.5310615968814325,-2.6127685553226456,-2.382302943231263,-2.2374890432688357,-2.0975568972827876,-1.9754629418136709,-1.7519003082270554,-1.5492590776907562,-1.3571215477257805,-1.2333679680200529,-1.1584825246527757,IT-2012-0062,BULG,3.2
608,-0.32222121858219177,-1.405691081805875,-1.099529653653864,-0.6177587575924353,-0.6385054944740824,-0.6005841564636638,-0.35397189191954226,-0.331911918394856,-0.37303794540968127,-0.2694569144486927,-0.8695918622391714,-0.8110184954799342,-0.6422793229703849,-0.7871256132647559,-0.8035099553850547,-0.905855910501363,-0.9881751694835677,-1.3016876453170871,-1.6064818920286754,-1.7232659291914727,-1.8103925562085426,-2.075737005775882,-2.058548828830957,-1.8048736424058172,-1.833226951867644,-1.788883944369756,-1.6916151311077652,-1.6086890656174813,-1.370005409068769,-1.2181095972147382,-1.0512867612055583,-0.9237995193037865,-0.8176367136825231,-0.7556610444396057,-0.6200381202444802,-0.49777741954885,-0.4305578727449113,IT-2012-0062,CAR1,4.0
609,-0.055929554682581095,-2.606401842253142,-2.413338132438554,-2.30789497406729,-2.374812433731589,-2.453717967875157,-2.4092548374447347,-2.6080238850559336,-2.6784042059778947,-2.351644014651443,-1.9121145045244763,-1.7707104273728698,-2.12404008645437,-2.3339981948246686,-2.4926146711809434,-2.541815337586792,-2.6159737420328453,-2.636596355409435,-2.974361176426495,-2.9177200818000086,-2.929653191345266,-2.851122612538509,-2.69810360665715,-2.706887002016501,-2.8004832817873186,-2.7618134481080556,-2.674321386247737,-2.6828072978382025,-2.656720820557327,-2.5128219756066628,-2.419737198914529,-2.281822569511462,-2.1910459805073863,-2.132660494099273,-1.9609154203021983,-1.8426895104630816,-1.8495455899422204,IT-2012-0062,CELI,4.0
610,-0.11919079334209037,-2.5943688234403828,-2.2429494518201736,-1.5122843754983162,-1.4833458389912222,-1.2293613006774828,-0.8890465605941724,-1.0226584566016808,-1.6881287809158634,-1.383577264497216,-1.5281474352213884,-1.962658402251292,-1.9629349856970082,-1.9861770197692126,-2.1153000726086866,-2.4187264864665634,-2.6032428930529754,-2.693183373716878,-2.946801288515317,-3.097389181579028,-3.0526055773623,-3.0134705940183455,-3.1481860054174646,-3.0654955960566017,-3.085856032229678,-2.819724323091549,-2.889543707408871,-2.788441185574545,-2.686737113318273,-2.4447053322496366,-2.2608412754242107,-2.0462166834332933,-1.877457523377176,-1.8067115844973234,-1.644172939169886,-1.509758597972537,-1.4117359068497262,IT-2012-0062,JOPP,4.0
611,0.10128574771121501,-1.0416186404653462,-1.1317206606671615,0.26436097668625713,0.24401507960190827,0.2746115673612479,0.33700498434442316,0.39911135016322774,0.45828280597027415,0.6085190962948808,0.8079526635451737,0.32159136693612567,0.3634554293961685,0.33178610591343016,-0.054018768017130014,-0.17993684702606672,-0.4618523940417969,-0.48130321732016945,-0.7456181003983868,-0.7288086523864106,-0.7017619202169154,-0.769488187634952,-1.026785646968369,-1.3195456043724008,-1.5020286458353382,-1.6900800788193138,-1.5720438460019661,-1.6033783032933062,-1.538948098292467,-1.5643484304931583,-1.5032975335948482,-1.341004611432215,-1.1867917583604708,-1.17992917657795,-1.1473070172966668,-1.1063639967856425,-1.0566020153453852,IT-2012-0062,MGR,2.6667
612,0.20504266403892357,-2.525518747743261,-2.4562739726512035,-2.170996417314349,-2.258174689241298,-2.380120929401336,-2.3673906777000893,-2.5596265514983365,-2.6609233627651347,-2.3990607196317146,-1.7774290899405791,-1.7416075319452577,-1.766791380303915,-1.8903535051333726,-1.9927430894932758,-2.03649635368314,-2.3841041649089307,-2.6805387242510452,-2.751578949525289,-2.8224000059221934,-2.8386976876893693,-2.387113580873473,-2.2879181879204555,-2.5094930234068027,-2.8792667195170907,-2.8322284878839703,-2.8144846564114836,-2.666443188903159,-2.6998232156025317,-2.641185607342143,-2.5562108480656605,-2.415127231144785,-2.2599027370964784,-2.2472249498801293,-2.1345927404058855,-1.974543967780324,-1.901759163053681,IT-2012-0062,SALB,3.2
613,0.05759485810105147,-2.3919855630235194,-2.2988410237911836,-2.494118327660231,-2.5727872339860243,-2.6879020293788463,-2.73872401266596,-2.6529414596370717,-2.9508985694405903,-2.503704205166498,-2.1825708344137125,-1.941684772466452,-1.9241130279177519,-1.8698936981062788,-1.6556867338850871,-1.83567022837273,-1.9904607781366632,-2.322033245869874,-2.55120145885121,-2.7527893640342853,-2.8441890157795315,-2.7023065757918587,-2.595387193721149,-2.739358240343714,-2.7331973800590514,-2.6596501705845874,-2.5200433783646705,-2.485051768055744,-2.1432582192880805,-2.2393308432122385,-2.2412317637227694,-2.2655439377699285,-2.1350747484287655,-2.089216598277993,-1.9816034911586424,-1.9121090899658988,-1.8396070031337555,IT-2012-0062,SERS,3.2
614,0.050223222591087247,-1.8111056427646712,-1.6410918387592748,-1.0152756816010617,-1.087909932803628,-1.2411606751668227,-1.2852390079563616,-1.3819406765759847,-1.4778329486294268,-0.5759175611284828,-0.5525764710990906,-0.5279327518822452,-0.5749063442076121,-0.5407879957931394,-1.1324565176834396,-1.4107870801823053,-1.5387746182126048,-1.9024537237509431,-1.67563592736599,-1.7209703302102906,-1.8054522021532122,-1.9329363010110114,-2.2183367233702125,-2.272637889044633,-2.316932874862207,-2.245869073561664,-2.3504855759106764,-2.2602396049892572,-2.013377108314568,-1.7488738112301672,-1.6466829204930171,-1.6057283801946038,-1.4523475652822118,-1.36687560362747,-1.1808857757004532,-1.0764904821567818,-0.9089245718549162,IT-2012-0062,SIRI,8.0
615,0.14281704392743233,-2.1126038042774304,-2.03361068485391,-1.7754765768530243,-1.8618388661437049,-2.007535094543414,-2.013986072014884,-2.0732797271380434,-1.9343860945998417,-1.2982259663322404,-1.244253547698075,-1.0554593166911177,-1.3771737595925941,-1.446336077674502,-1.557106631608801,-1.6697049015352796,-1.6701963182523425,-1.8876004157688682,-2.1189862838953157,-2.1222917587607206,-2.165299130921662,-2.1883798120107176,-2.187405582195197,-2.4569857351152233,-2.501474962057552,-2.5777325717232955,-2.151120503383721,-2.202563559960602,-2.2344214250741388,-2.1739679748355076,-2.2390048632024513,-2.0341669279210954,-1.8830315327709428,-1.8184074715493672,-1.745361040813961,-1.6082835157553514,-1.5176394664304826,IT-2012-0062,T0701,2.6667
616,-0.43600636909519697,0.8603729365391688,0.6282490244885892,1.5606610159237517,1.556624317341778,1.5702933895693096,1.59506924454422,1.5520849176249714,1.4243753806598765,1.593954788803961,1.403469900589946,1.0647331154826727,0.8554939934184054,1.187155390985823,1.3684220225785984,1.3980910229276482,1.314439181649747,1.213527481721627,1.1008221542867336,0.9965278988720012,1.135197344213366,1.1972814915570265,1.0605753265820272,0.8533477182269991,0.8284747659649012,0.8252368206170839,0.6222473692926753,0.6171715723250424,0.2615847147326349,0.7359679631309177,0.3855845554609143,0.35170833730750495,0.4108586220420829,0.24536380345706554,0.22974645197538557,0.3313504797546045,0.2499792780252612,TK-1998-0027,0901,4.0
617,-0.39189666798308265,-0.6220522174553444,-0.8987891154505263,0.29138773673541873,0.2573756912924665,0.21945185928601507,0.24589751789220315,0.25863221880057097,0.574623670436555,0.9840149865834373,0.46085554439722376,0.5213630213857501,0.4983650617683466,0.21524554515376604,0.31440835441252446,0.488869702153516,0.599785340539186,0.3538906643835613,0.23653893763729705,0.21407000312669666,0.11434984824510508,-0.15211553365799446,-0.29259720258366695,-0.5989607522247358,-0.9562739240325158,-0.8453882589518109,-1.0249173368324689,-1.1543894257076124,-1.2797808922305283,-1.3791819455350005,-1.2338668414878882,-1.1257855539460309,-1.3234399178872192,-1.2852197392247593,-1.2753144193412478,-1.426675397294801,-1.3865502955249926,TK-2001-0094,4802,4.0
618,-0.2213449648171375,-0.8608845806203513,-1.0085685454079272,-0.19093056866896063,-0.25423958398036195,-0.32408815401068747,-0.39984948686137844,-0.4482372276248512,0.10800043939524784,0.022278772522611234,-0.11235023545965728,-0.23052684921648758,0.07554332931029428,0.13855533571099254,0.37457116446921335,0.05115516944585785,-0.4237295410495756,-0.4997221351401411,-0.40326786112142354,-0.5200773194511177,-0.6456875764262433,-0.7323234665754104,-0.7554691439389254,-0.9066408143391085,-0.7934083505907976,-1.0926212681858356,-1.306497725875369,-1.3147079443116798,-1.4130145918236998,-1.3048735244641296,-1.1503590750373087,-1.1855517805294156,-1.10546400736194,-1.1588570120549377,-1.2621081996518324,-1.2746973121164018,-1.313824725307418,TK-2001-0094,4805,3.2
619,-0.4937832374233948,-1.0253478788355803,-0.9656304933286073,-0.6025779819698087,-0.6397435936339271,-0.6873226819038551,-0.698319601381308,-0.8555237421933217,-0.7934757970192505,-0.6743499063326244,-0.7979249062655853,-0.8299696108736621,-0.8167350495260388,-0.666994277664819,-0.5832435568064511,-0.5072822754610051,-0.5650013837731835,-0.6628857186055788,-0.5529438070234773,-0.4849855411472799,-0.4614511270242936,-0.30844107197685666,-0.50768059234459,-1.0493977991853578,-1.2607759047965121,-1.3137943220343429,-1.1605714389721742,-1.2073955820945104,-1.4452896569132259,-1.401073506326096,-1.2754108367501482,-0.9556000159547864,-0.7740059987552765,-0.7932561185524243,-0.8125938876504826,-0.8616723158237765,-0.9786220753762525,TK-2002-0007,4802,8.0
620,-0.5916580165350678,-0.3858236409370317,-0.16762907659501813,-0.33526484461071426,-0.37940317439290716,-0.48120283659642205,-0.4643704983593233,-0.4951076850989633,-0.17457819323926405,-0.07943162300354079,-0.2967919290807668,-0.20952811596057774,-0.20997257807079794,-0.1554437379750624,0.05224403126972188,0.10127595881287377,0.13965612352140866,0.032779982237864935,-0.10398918737557494,-0.18107066355040402,-0.2445771336253859,-0.36593852024967166,-0.4969427986398882,-0.5473989742312675,-0.6235243744028072,-0.674372242593428,-0.6319413713654001,-0.5141758651445887,-0.41058220956483993,-0.25390267008982903,-0.2293419703726105,-0.057595504100127926,0.16886560759864366,0.09642313049729978,0.17812548875354928,0.28486799683519415,0.33843238110948626,TK-2004-0098,4802,2.6667
621,0.04987638423245144,0.6946581720560054,0.5712439746522984,-0.26853382649870294,-0.33638896824882236,-0.4679827700835135,-0.5129556287720831,-0.6981890829265698,-0.9844168602999344,-0.9968752459706471,-0.7459200408560962,-0.4017382950609787,0.05198835956277614,-0.23556345628279196,-0.25911433539498363,-0.010824466307167935,0.08202150002029329,0.6018610248498484,0.6457444614002541,0.6652193690485029,0.5673260625578624,0.9012885778006523,1.1646304036327244,1.247569680125383,1.185248418609051,1.013759198588521,0.9824112133243021,0.9354479087180962,0.8288213926201466,0.7251720868626501,0.6349927736758962,0.48678468777301553,0.48575521961141543,0.4120922569940859,0.3724097843036436,0.35098147142055147,0.2887328059859833,TK-2005-0016,0703,11.4286
622,0.5182991333604079,1.1056756831295766,1.3231488587420825,1.2270443617020756,1.2358826159148704,1.277350075928278,1.3147308291046258,1.2755021325109546,1.102611880453778,1.1714489760232052,1.0042040430616623,0.9253151725714499,0.8541178282557373,0.8857115350687215,1.0932605733474263,0.777156274633513,0.714514891820409,0.6682683198132544,0.690286155221191,0.7771208415652673,0.9353594874522697,1.0081320958897768,0.8998793462436367,0.8796372328399578,0.9716865412224953,0.9102237305953169,1.1665288778554261,1.392659721731965,1.1649443706545082,1.5054457689760499,1.8543847147783907,1.7408826150276058,1.6685193233826157,1.526039255038886,1.1741987196491035,0.8789121687821257,0.7277172015143041,TK-2005-0016,2007,8.0
623,0.27077875835601883,0.42282288365996745,0.31420985994621287,-0.48957399426521064,-0.5548628981390094,-0.6775531910675299,-0.7052845136825239,-0.8864962062181334,-1.0940312285477134,-0.9130215420559042,-0.5492062178370758,-0.3111333935481566,0.15562430023795848,0.24248433194768104,0.04581694166013861,-0.0022937141252126203,-0.054018904311405436,0.0641930629320826,0.20885583535724894,0.33082661663398616,0.525854262151717,0.7425938505400058,0.8930318892574878,1.0030206622721005,0.8698002131029785,0.7964896270347639,0.6516113574661411,0.5941257758769929,0.38677570462704747,0.3364751071358425,0.28361609320780623,0.2885214850484781,0.3485586365446869,0.35759017978760443,0.28516484748857174,0.15639283387195313,0.21031269856763934,TK-2005-0024,0703,8.0
