site,level,source,iml,rtp,T1_kind,storeys,T1,ln_saratio_mean,ln_saratio_sigma,var_within,var_between,ln_rsd595_mean,ln_rsd595_sigma
55,rtp475,rtp,0.12882511304396593,475.0,grid,,0.15,0.06766358047673403,0.25466696044816334,0.06419089097646008,0.0006643697674463102,3.9123762755313707,0.49780150796793954
55,grid_0.1645,grid,0.1645,911.0273456554891,grid,,0.15,0.055749665397084355,0.2546132451901222,0.06421612880803775,0.0006117758182075253,3.885662225465823,0.49070947104126406
55,grid_0.2109,grid,0.2109,1968.088273945377,grid,,0.15,0.043341292691272175,0.254567669503756,0.06423468126999249,0.0005700170865810417,3.854733119795272,0.48499929160316807
55,rtp2500,rtp,0.2286269540390678,2500.0,grid,,0.15,0.03926366692113252,0.25455395564559,0.06423953496818421,0.0005581813666327988,3.8440609027278962,0.4834083155539474
55,grid_0.2423,grid,0.2423,3063.9929274687547,grid,,0.15,0.03631676694892457,0.2545444758344004,0.06424272809818062,0.0005501620796290118,3.836219331640803,0.4823366618211504
55,grid_0.2700,grid,0.27,4547.050498587685,grid,,0.15,0.03079878439450052,0.2545279449374997,0.06424811367780037,0.0005363610763065056,3.821271840784447,0.48049571735397223
55,rtp5000,rtp,0.27800486990953094,5000.0,grid,,0.15,0.029305921970303263,0.25452349397115,0.0642494552725456,0.0005327537107364422,3.8171825049724526,0.4800261679791971
55,grid_0.2850,grid,0.285,5538.127788819713,grid,,0.15,0.02803522108882729,0.25451970716894506,0.06425055214805189,0.0005297291893136564,3.8136928299089536,0.4796315725367087
55,grid_0.3100,grid,0.31,7525.514436998458,grid,,0.15,0.02373471856677618,0.254506389875079,0.06425404973101434,0.0005194527562313756,3.8018270140571846,0.47833089640672033
55,grid_0.3300,grid,0.33,9452.73981084357,grid,,0.15,0.020532648666684396,0.2544965906756727,0.06425644229551168,0.0005120723700292216,3.792911080805576,0.477429161810456
55,rtp10000,rtp,0.33620283762544556,10000.0,grid,,0.15,0.01957781553213495,0.2544937895649377,0.06425712559490257,0.000509963332220209,3.7902410938559497,0.47716982794889373
55,grid_0.3434,grid,0.3434,10979.679365964186,grid,,0.15,0.018489460899023993,0.2544909532270524,0.06425789062728211,0.0005077546471316719,3.7871850774077114,0.4768869263295274
55,grid_0.3600,grid,0.36,13429.027054961303,grid,,0.15,0.01607113289148936,0.2544838252735917,0.06425951858487185,0.0005024987410080998,3.7804212599773677,0.47624383258407704
55,grid_0.3649,grid,0.3649,14226.223366879763,grid,,0.15,0.01537704573446805,0.2544819215586647,0.064259975207062,0.0005010731931283858,3.7784646582542787,0.47607040079684226
55,grid_0.4000,grid,0.4,21048.889246704195,grid,,0.15,0.01066617579796146,0.2544690902098136,0.06426292079315254,0.0004915970790577198,3.765195115086706,0.4749132697595979
55,grid_0.4500,grid,0.45,34787.80604007105,grid,,0.15,0.004672709216968575,0.25444990422366387,0.06426629932665531,0.0004784544327764059,3.748475208322473,0.4734420927006004
55,grid_0.4898,grid,0.4898,49938.86483089346,grid,,0.15,0.00038600033006140557,0.25443678023536304,0.06426847249098618,0.00046960264555226204,3.736551987873329,0.47251017803398837
55,grid_0.5000,grid,0.5,55409.392571070224,grid,,0.15,-0.0006468020982006586,0.25443339660980463,0.06426897184585366,0.0004673814645484729,3.73372345501046,0.47228286384769197
55,grid_0.5500,grid,0.55,89607.3889940057,grid,,0.15,-0.005411759003249714,0.2544182877918529,0.06427114557857481,0.00045751958436327395,3.720568744849748,0.47136796818920473
55,grid_0.5971,grid,0.5971,135617.24602337356,grid,,0.15,-0.009389965900831066,0.2544003807391816,0.06427276176251917,0.0004467919577213767,3.7101933929566875,0.4704738518029425
55,grid_0.6049,grid,0.6049,144791.2072494028,grid,,0.15,-0.01001283040886933,0.25439749917881077,0.06427299460253127,0.0004450929859017575,3.7085372172265934,0.47036969478375634
55,grid_0.6500,grid,0.65,208087.91015592948,grid,,0.15,-0.013413786150504736,0.2543817641262354,0.06427409517048921,0.0004359867494864591,3.699669215700484,0.4698788241035557
55,grid_0.7139,grid,0.7139,341254.74847721966,grid,,0.15,-0.017689910386864467,0.2543589005414053,0.06427516629531682,0.000423283989315692,3.6890060243256517,0.4694157714323776
55,grid_0.7892,grid,0.7892,659123.1682471304,grid,,0.15,-0.02192623619712174,0.25432518963228107,0.06427553903044775,0.0004057630510479791,3.679789697828276,0.4690511625325159
55,grid_0.8000,grid,0.8,720637.7906626483,grid,,0.15,-0.022451825023894274,0.25431922936745,0.06427549344853108,0.000402776977522553,3.678924627195954,0.46898972496686314
55,grid_0.8904,grid,0.8904,1455260.8384215753,grid,,0.15,-0.026516673524994476,0.254274274392599,0.06427461070746607,0.00038079591041664503,3.671479558609437,0.469324903574938
55,grid_0.9500,grid,0.95,2226688.869070666,grid,,0.15,-0.02871660313753628,0.25424528717002737,0.0642735007848506,0.00036716526331907783,3.6686896220714402,0.4698344351614538
55,grid_1.0112,grid,1.0112,3354667.5939293443,grid,,0.15,-0.03074050364013953,0.25421624589215447,0.0642718354196507,0.0003540642558496369,3.6672730444253547,0.4705990722494
55,grid_1.1500,grid,1.15,,grid,,0.15,-0.034461787713037643,0.2541733195438459,0.0642653321599071,0.00033874420803090563,3.6744653633732876,0.4727084543199084
55,grid_1.3368,grid,1.3368,,grid,,0.15,-0.03818598357077751,0.25420430821862927,0.0642626618390946,0.00035716847781725966,3.6903638694274017,0.4784937331505726
55,rtp475,rtp,0.12882511304396593,475.0,grid,,0.2,0.17589584169057207,0.2698691520832059,0.07229418223196772,0.000535177014140787,3.9123762755313707,0.49780150796793954
55,grid_0.1645,grid,0.1645,911.0273456554891,grid,,0.2,0.1669410557772208,0.26987659446122736,0.07232704782291777,0.0005063284150720118,3.885662225465823,0.49070947104126406
55,grid_0.2109,grid,0.2109,1968.088273945377,grid,,0.2,0.15765005629710344,0.2698794827917854,0.07235120614202822,0.0004837290899333789,3.854733119795272,0.48499929160316807
55,rtp2500,rtp,0.2286269540390678,2500.0,grid,,0.2,0.15460293433466335,0.269879402013625,0.07235752606025077,0.00047736557098104065,3.8440609027278962,0.4834083155539474
55,grid_0.2423,grid,0.2423,3063.9929274687547,grid,,0.2,0.15240233888586519,0.26987913207593045,0.07236168358083382,0.000473062349223681,3.836219331640803,0.4823366618211504
55,grid_0.2700,grid,0.27,4547.050498587685,grid,,0.2,0.1482850728891371,0.26987838907580486,0.07236869527381493,0.00046564961633658794,3.821271840784447,0.48049571735397223
55,rtp5000,rtp,0.27800486990953094,5000.0,grid,,0.2,0.14717188195337486,0.26987803492046036,0.0723704419217974,0.0004637118107318136,3.8171825049724526,0.4800261679791971
55,grid_0.2850,grid,0.285,5538.127788819713,grid,,0.2,0.14622445512671842,0.2698776979798966,0.07237186997758352,0.00046210188934474317,3.8136928299089536,0.4796315725367087
55,grid_0.3100,grid,0.31,7525.514436998458,grid,,0.2,0.1430194216126739,0.26987598413231306,0.07237642328729146,0.00045662352409303955,3.8018270140571846,0.47833089640672033
55,grid_0.3300,grid,0.33,9452.73981084357,grid,,0.2,0.14063472289446194,0.26987439435588345,0.07237953775229873,0.000452650976656168,3.792911080805576,0.477429161810456
55,rtp10000,rtp,0.33620283762544556,10000.0,grid,,0.2,0.1399238441659568,0.26987394485220323,0.07238042721604862,0.000451518894041391,3.7902410938559497,0.47716982794889373
55,grid_0.3434,grid,0.3434,10979.679365964186,grid,,0.2,0.13911368155487347,0.2698735821755795,0.07238142304490643,0.0004503273113728272,3.7871850774077114,0.4768869263295274
55,grid_0.3600,grid,0.36,13429.027054961303,grid,,0.2,0.13731385543175564,0.2698722811851391,0.07238354197446985,0.0004475061776009516,3.7804212599773677,0.47624383258407704
55,grid_0.3649,grid,0.3649,14226.223366879763,grid,,0.2,0.13679750607946686,0.2698719493212417,0.07238413629184193,0.0004467327386049359,3.7784646582542787,0.47607040079684226
55,grid_0.4000,grid,0.4,21048.889246704195,grid,,0.2,0.13329407156473738,0.2698695257761314,0.07238796968460376,0.00044159125803027235,3.765195115086706,0.4749132697595979
55,grid_0.4500,grid,0.45,34787.80604007105,grid,,0.2,0.12884144557640334,0.2698645004038522,0.07239236647663333,0.0004344821015874016,3.748475208322473,0.4734420927006004
55,grid_0.4898,grid,0.4898,49938.86483089346,grid,,0.2,0.12566186044597216,0.2698607085037793,0.07239519435227881,0.0004296076418829342,3.736551987873329,0.47251017803398837
55,grid_0.5000,grid,0.5,55409.392571070224,grid,,0.2,0.12489651270715842,0.26985964367772347,0.07239584403292688,0.0004283832529409972,3.73372345501046,0.47228286384769197
55,grid_0.5500,grid,0.55,89607.3889940057,grid,,0.2,0.12137078717083072,0.2698544856023356,0.07239867181103626,0.0004227715886648848,3.720568744849748,0.47136796818920473
55,grid_0.5971,grid,0.5971,135617.24602337356,grid,,0.2,0.11843504925244588,0.2698472632850586,0.07240077353087326,0.0004167719715624657,3.7101933929566875,0.4704738518029425
55,grid_0.6049,grid,0.6049,144791.2072494028,grid,,0.2,0.11797707924740428,0.26984596256561777,0.0724010761915229,0.00041576732144186536,3.7085372172265934,0.47036969478375634
55,grid_0.6500,grid,0.65,208087.91015592948,grid,,0.2,0.11548248380337739,0.269838740767927,0.07240250771885524,0.00041043830036527514,3.699669215700484,0.4698788241035557
55,grid_0.7139,grid,0.7139,341254.74847721966,grid,,0.2,0.11236536405291585,0.2698273292505075,0.07240390009120065,0.00040288751926114384,3.6890060243256517,0.4694157714323776
55,grid_0.7892,grid,0.7892,659123.1682471304,grid,,0.2,0.1093123570771108,0.26980942421857956,0.07240438141340756,0.0003927439837538675,3.679789697828276,0.4690511625325159
55,grid_0.8000,grid,0.8,720637.7906626483,grid,,0.2,0.10893773222468787,0.2698062419885583,0.07240432125588714,0.000391086960101341,3.678924627195954,0.46898972496686314
55,grid_0.8904,grid,0.8904,1455260.8384215753,grid,,0.2,0.10607804787094716,0.26977939870499174,0.0724031613140191,0.00037776265160779574,3.671479558609437,0.469324903574938
55,grid_0.9500,grid,0.95,2226688.869070666,grid,,0.2,0.10457095194658042,0.269761043297507,0.0724017034195748,0.00036931706138465525,3.6686896220714402,0.4698344351614538
55,grid_1.0112,grid,1.0112,3354667.5939293443,grid,,0.2,0.10319655899153374,0.26974259093322395,0.07239953017502188,0.0003615351883467059,3.6672730444253547,0.4705990722494
55,grid_1.1500,grid,1.15,,grid,,0.2,0.10066845925608664,0.26972072577310996,0.07239105580898662,0.00035821410258655637,3.6744653633732876,0.4727084543199084
55,grid_1.3368,grid,1.3368,,grid,,0.2,0.0983195928882643,0.26978024015422475,0.0723875415741778,0.0003938364034933809,3.6903638694274017,0.4784937331505726
55,rtp475,rtp,0.12882511304396593,475.0,grid,,0.25,0.19942668405694328,0.26985295361829775,0.07239834080829934,0.00042227576821984164,3.9123762755313707,0.49780150796793954
55,grid_0.1645,grid,0.1645,911.0273456554891,grid,,0.25,0.19379986826269208,0.26987838432876154,0.07242565247726594,0.00040868985063678004,3.885662225465823,0.49070947104126406
55,grid_0.2109,grid,0.2109,1968.088273945377,grid,,0.25,0.1880843247237997,0.2698965844811832,0.07244577459965486,0.0003983917149536012,3.854733119795272,0.48499929160316807
55,rtp2500,rtp,0.2286269540390678,2500.0,grid,,0.25,0.18623022458587576,0.2699011277881096,0.07245104754173345,0.00039557123956002194,3.8440609027278962,0.4834083155539474
55,grid_0.2423,grid,0.2423,3063.9929274687547,grid,,0.25,0.18489643709755813,0.2699040338679554,0.07245451802839091,0.0003936694698035287,3.836219331640803,0.4823366618211504
55,grid_0.2700,grid,0.27,4547.050498587685,grid,,0.25,0.18241166564735978,0.26990875375533646,0.07246037382639431,0.0003903615273645536,3.821271840784447,0.48049571735397223
55,rtp5000,rtp,0.27800486990953094,5000.0,grid,,0.25,0.18174188712127934,0.26990988778500624,0.07246183405439548,0.0003895134697191882,3.8171825049724526,0.4800261679791971
55,grid_0.2850,grid,0.285,5538.127788819713,grid,,0.25,0.1811722476769307,0.26991082211197337,0.07246302871828939,0.00038882317487196755,3.8136928299089536,0.4796315725367087
55,grid_0.3100,grid,0.31,7525.514436998458,grid,,0.25,0.1792485646433665,0.2699136229288618,0.0724668380841841,0.00038652575839967507,3.8018270140571846,0.47833089640672033
55,grid_0.3300,grid,0.33,9452.73981084357,grid,,0.25,0.17782147741069446,0.26991533831594255,0.07246944381781799,0.00038484604039171894,3.792911080805576,0.477429161810456
55,rtp10000,rtp,0.33620283762544556,10000.0,grid,,0.25,0.17739662842568604,0.26991583188605084,0.07247018834587693,0.0003843679568619196,3.7902410938559497,0.47716982794889373
55,grid_0.3434,grid,0.3434,10979.679365964186,grid,,0.25,0.17691288033633928,0.26991639094170694,0.0724710217923935,0.0003838363066029013,3.7871850774077114,0.4768869263295274
55,grid_0.3600,grid,0.36,13429.027054961303,grid,,0.25,0.17583827230037824,0.26991747245560266,0.0724727949250717,0.00038264701174931665,3.7804212599773677,0.47624383258407704
55,grid_0.3649,grid,0.3649,14226.223366879763,grid,,0.25,0.17553059385096356,0.26991776627225866,0.07247329217910284,0.00038230837030282447,3.7784646582542787,0.47607040079684226
55,grid_0.4000,grid,0.4,21048.889246704195,grid,,0.25,0.17344450692651764,0.26991951964222105,0.07247649739025049,0.0003800496936368705,3.765195115086706,0.4749132697595979
55,grid_0.4500,grid,0.45,34787.80604007105,grid,,0.25,0.17079635326014536,0.26992106003524363,0.07248017969515923,0.00037719895539037665,3.748475208322473,0.4734420927006004
55,grid_0.4898,grid,0.4898,49938.86483089346,grid,,0.25,0.16891127419384452,0.26992166760828873,0.07248254953125918,0.00037515711318032025,3.736551987873329,0.47251017803398837
55,grid_0.5000,grid,0.5,55409.392571070224,grid,,0.25,0.16845752425689903,0.26992174976593936,0.07248309355571181,0.00037465744099457465,3.73372345501046,0.47228286384769197
55,grid_0.5500,grid,0.55,89607.3889940057,grid,,0.25,0.16637596329518745,0.2699215112462084,0.0724854613924556,0.0003721608409814059,3.720568744849748,0.47136796818920473
55,grid_0.5971,grid,0.5971,135617.24602337356,grid,,0.25,0.16463975528566144,0.26992061571843023,0.07248722312678307,0.0003699156630334148,3.7101933929566875,0.4704738518029425
55,grid_0.6049,grid,0.6049,144791.2072494028,grid,,0.25,0.1643715424819343,0.2699202992617083,0.07248747675272774,0.00036949120080242634,3.7085372172265934,0.47036969478375634
55,grid_0.6500,grid,0.65,208087.91015592948,grid,,0.25,0.16291365091809829,0.26991860741880075,0.07248869697109774,0.00036735765980693,3.699669215700484,0.4698788241035557
55,grid_0.7139,grid,0.7139,341254.74847721966,grid,,0.25,0.1611042186280895,0.2699154123817625,0.07248990382147125,0.0003644260197456506,3.6890060243256517,0.4694157714323776
55,grid_0.7892,grid,0.7892,659123.1682471304,grid,,0.25,0.15934432542817084,0.2699109491948932,0.07249038570083058,0.00036153479445765954,3.679789697828276,0.4690511625325159
55,grid_0.8000,grid,0.8,720637.7906626483,grid,,0.25,0.1591275513272308,0.26991030967912605,0.07249035002779516,0.0003612252432865469,3.678924627195954,0.46898972496686314
55,grid_0.8904,grid,0.8904,1455260.8384215753,grid,,0.25,0.15752594753214083,0.2699015974969015,0.07248950493518252,0.000357367396196899,3.671479558609437,0.469324903574938
55,grid_0.9500,grid,0.95,2226688.869070666,grid,,0.25,0.15670056828666676,0.26989477066587975,0.07248836059498084,0.00035482663780697296,3.6686896220714402,0.4698344351614538
55,grid_1.0112,grid,1.0112,3354667.5939293443,grid,,0.25,0.1559375974461294,0.26988904804846536,0.07248672720669459,0.00035337104981224277,3.6672730444253547,0.4705990722494
55,grid_1.1500,grid,1.15,,grid,,0.25,0.1543541532744665,0.26989361969629616,0.07248022152834363,0.0003623444244253149,3.6744653633732876,0.4727084543199084
55,grid_1.3368,grid,1.3368,,grid,,0.25,0.15291225616996437,0.26998668230733086,0.07247718791138309,0.00041562071193651864,3.6903638694274017,0.4784937331505726
55,rtp475,rtp,0.12882511304396593,475.0,grid,,0.3,0.22314811151229463,0.2596776043449101,0.06703734306438106,0.00039511513393061803,3.9123762755313707,0.49780150796793954
55,grid_0.1645,grid,0.1645,911.0273456554891,grid,,0.3,0.21878163974021908,0.2596987278439355,0.06706157295849033,0.0003818562852681423,3.885662225465823,0.49070947104126406
55,grid_0.2109,grid,0.2109,1968.088273945377,grid,,0.3,0.21442106292627688,0.2597129959763572,0.06707943912930177,0.00037140114971357524,3.854733119795272,0.48499929160316807
55,rtp2500,rtp,0.2286269540390678,2500.0,grid,,0.3,0.21301896856804653,0.2597163906162198,0.06708412371074994,0.00036847984396694983,3.8440609027278962,0.4834083155539474
55,grid_0.2423,grid,0.2423,3063.9929274687547,grid,,0.3,0.21201354305164907,0.2597185011489271,0.06708720749334152,0.0003664923457037256,3.836219331640803,0.4823366618211504
55,grid_0.2700,grid,0.27,4547.050498587685,grid,,0.3,0.21014720494889128,0.25972175768883277,0.06709241167203173,0.0003629797449450356,3.821271840784447,0.48049571735397223
55,rtp5000,rtp,0.27800486990953094,5000.0,grid,,0.3,0.20964532121491086,0.25972252017026853,0.06709370989367529,0.00036207758992025385,3.8171825049724526,0.4800261679791971
55,grid_0.2850,grid,0.285,5538.127788819713,grid,,0.3,0.20921866588111385,0.25972313817054515,0.06709477226203273,0.00036133623912334295,3.8136928299089536,0.4796315725367087
55,grid_0.3100,grid,0.31,7525.514436998458,grid,,0.3,0.20777948454684306,0.25972496166555914,0.06709815985609542,0.0003588958560807459,3.8018270140571846,0.47833089640672033
55,grid_0.3300,grid,0.33,9452.73981084357,grid,,0.3,0.2067141847808732,0.2597260306307254,0.06710047712540877,0.0003571338617837441,3.792911080805576,0.477429161810456
55,rtp10000,rtp,0.33620283762544556,10000.0,grid,,0.3,0.2063973732633636,0.259726325160459,0.06710113934045828,0.00035662464089821627,3.7902410938559497,0.47716982794889373
55,grid_0.3434,grid,0.3434,10979.679365964186,grid,,0.3,0.20603699005727524,0.2597266214833767,0.06710188060787331,0.00035603729929592487,3.7871850774077114,0.4768869263295274
55,grid_0.3600,grid,0.36,13429.027054961303,grid,,0.3,0.20523589759049088,0.25972720461081994,0.06710345754587613,0.00035476326907459693,3.7804212599773677,0.47624383258407704
55,grid_0.3649,grid,0.3649,14226.223366879763,grid,,0.3,0.20500696826367726,0.259727354574313,0.06710389975602908,0.00035439895814184247,3.7784646582542787,0.47607040079684226
55,grid_0.4000,grid,0.4,21048.889246704195,grid,,0.3,0.20345504712225534,0.2597280947213918,0.06710674950390112,0.00035193368370312755,3.765195115086706,0.4749132697595979
55,grid_0.4500,grid,0.45,34787.80604007105,grid,,0.3,0.20148319326344233,0.25972870278995475,0.06711002541562175,0.00034897363733088493,3.748475208322473,0.4734420927006004
55,grid_0.4898,grid,0.4898,49938.86483089346,grid,,0.3,0.2000809405264511,0.25972874562228,0.06711213418492526,0.000346887117597762,3.736551987873329,0.47251017803398837
55,grid_0.5000,grid,0.5,55409.392571070224,grid,,0.3,0.19974275790529866,0.25972871278829956,0.06711261814917575,0.00034638609749125526,3.73372345501046,0.47228286384769197
55,grid_0.5500,grid,0.55,89607.3889940057,grid,,0.3,0.19819572303012706,0.2597280537675176,0.06711472456472378,0.0003439373491387482,3.720568744849748,0.47136796818920473
55,grid_0.5971,grid,0.5971,135617.24602337356,grid,,0.3,0.1968952416826335,0.25972731135308125,0.06711629239014456,0.0003419838725558372,3.7101933929566875,0.4704738518029425
55,grid_0.6049,grid,0.6049,144791.2072494028,grid,,0.3,0.1966955967509202,0.25972709169137265,0.06711651808014879,0.00034164407830991617,3.7085372172265934,0.47036969478375634
55,grid_0.6500,grid,0.65,208087.91015592948,grid,,0.3,0.19560882379983635,0.25972594429003953,0.067117610265355,0.0003399558719977269,3.699669215700484,0.4698788241035557
55,grid_0.7139,grid,0.7139,341254.74847721966,grid,,0.3,0.1942567741903273,0.25972403652288384,0.06711869660402356,0.00033787854371674503,3.6890060243256517,0.4694157714323776
55,grid_0.7892,grid,0.7892,659123.1682471304,grid,,0.3,0.19292571210605142,0.2597224672965679,0.06711914983040003,0.0003366101882167627,3.679789697828276,0.4690511625325159
55,grid_0.8000,grid,0.8,720637.7906626483,grid,,0.3,0.19275748402416465,0.2597224032536403,0.06711912267742161,0.00033660407442493573,3.678924627195954,0.46898972496686314
55,grid_0.8904,grid,0.8904,1455260.8384215753,grid,,0.3,0.19154045963178792,0.2597184816107531,0.0671184103154683,0.00033527937472680597,3.671479558609437,0.469324903574938
55,grid_0.9500,grid,0.95,2226688.869070666,grid,,0.3,0.19090223272542942,0.25971475907030417,0.06711741636264953,0.0003343397162965944,3.6686896220714402,0.4698344351614538
55,grid_1.0112,grid,1.0112,3354667.5939293443,grid,,0.3,0.19029574612942,0.25971185906485816,0.06711602130067974,0.00033422843824499476,3.6672730444253547,0.4705990722494
55,grid_1.1500,grid,1.15,,grid,,0.3,0.18887406153453112,0.259719321914226,0.06711041739773198,0.0003437087778533493,3.6744653633732876,0.4727084543199084
55,grid_1.3368,grid,1.3368,,grid,,0.3,0.18751626570948485,0.25981968213249607,0.06710769146162977,0.00039857576180150206,3.6903638694274017,0.4784937331505726
55,rtp475,rtp,0.12882511304396593,475.0,grid,,0.35,0.2727689849869973,0.2346022526147018,0.054682202873851546,0.00035601405804081,3.9123762755313707,0.49780150796793954
55,grid_0.1645,grid,0.1645,911.0273456554891,grid,,0.35,0.27042417583427525,0.2345822239744012,0.054691964578637946,0.0003368552261381885,3.885662225465823,0.49070947104126406
55,grid_0.2109,grid,0.2109,1968.088273945377,grid,,0.35,0.26821026205948667,0.23456446236613235,0.054699287679304986,0.00032119932580773614,3.854733119795272,0.48499929160316807
55,rtp2500,rtp,0.2286269540390678,2500.0,grid,,0.35,0.2675202135130823,0.2345592031274501,0.05470123177600233,0.00031678799578206684,3.8440609027278962,0.4834083155539474
55,grid_0.2423,grid,0.2423,3063.9929274687547,grid,,0.35,0.2670310741723781,0.23455557203902766,0.05470251607210901,0.0003138003024464875,3.836219331640803,0.4823366618211504
55,grid_0.2700,grid,0.27,4547.050498587685,grid,,0.35,0.26613511267349277,0.23454908465490973,0.05470469076725689,0.000308582345199121,3.821271840784447,0.48049571735397223
55,rtp5000,rtp,0.27800486990953094,5000.0,grid,,0.35,0.2658963156475413,0.23454740759931048,0.05470523734454964,0.0003072490670074368,3.8171825049724526,0.4800261679791971
55,grid_0.2850,grid,0.285,5538.127788819713,grid,,0.35,0.2656936541421572,0.23454599340886687,0.05470568674422403,0.00030613627992819026,3.8136928299089536,0.4796315725367087
55,grid_0.3100,grid,0.31,7525.514436998458,grid,,0.35,0.26501304392758473,0.2345413320418348,0.054707120179749984,0.000302516256208224,3.8018270140571846,0.47833089640672033
55,grid_0.3300,grid,0.33,9452.73981084357,grid,,0.35,0.26451354601000426,0.2345380739469011,0.05470810090421418,0.0003000072265078729,3.792911080805576,0.477429161810456
55,rtp10000,rtp,0.33620283762544556,10000.0,grid,,0.35,0.264365604094198,0.23453712495549695,0.05470838212133955,0.00029928086105084073,3.7902410938559497,0.47716982794889373
55,grid_0.3434,grid,0.3434,10979.679365964186,grid,,0.35,0.26419794840270644,0.23453602574151314,0.05470869658449315,0.0002984507861305691,3.7871850774077114,0.4768869263295274
55,grid_0.3600,grid,0.36,13429.027054961303,grid,,0.35,0.2638243357299982,0.23453361638901896,0.05470936472515389,0.00029665249135761573,3.7804212599773677,0.47624383258407704
55,grid_0.3649,grid,0.3649,14226.223366879763,grid,,0.35,0.26371836558684186,0.23453295515260014,0.05470955187881017,0.00029615517380138234,3.7784646582542787,0.47607040079684226
55,grid_0.4000,grid,0.4,21048.889246704195,grid,,0.35,0.26300048096826467,0.23452839613989546,0.05471075202153884,0.00029281657441289355,3.765195115086706,0.4749132697595979
55,grid_0.4500,grid,0.45,34787.80604007105,grid,,0.35,0.2620851718709515,0.2345229950565426,0.05471214776243951,0.0002888874478515907,3.748475208322473,0.4734420927006004
55,grid_0.4898,grid,0.4898,49938.86483089346,grid,,0.35,0.26143678665856945,0.23451950321930715,0.05471305010731947,0.0002863472829111452,3.736551987873329,0.47251017803398837
55,grid_0.5000,grid,0.5,55409.392571070224,grid,,0.35,0.26127922923593144,0.23451866682863248,0.05471325598694025,0.0002857491041388799,3.73372345501046,0.47228286384769197
55,grid_0.5500,grid,0.55,89607.3889940057,grid,,0.35,0.2605663423708231,0.23451503105649757,0.054714151698625105,0.0002831480928049135,3.720568744849748,0.47136796818920473
55,grid_0.5971,grid,0.5971,135617.24602337356,grid,,0.35,0.2599485307739468,0.23451213229047402,0.0547148229872397,0.0002811172041850829,3.7101933929566875,0.4704738518029425
55,grid_0.6049,grid,0.6049,144791.2072494028,grid,,0.35,0.25985592523441137,0.2345117921008158,0.05471491934706259,0.00028086128727365656,3.7085372172265934,0.47036969478375634
55,grid_0.6500,grid,0.65,208087.91015592948,grid,,0.35,0.25934835641506176,0.23451014820887253,0.054715441705741906,0.000279567907205458,3.699669215700484,0.4698788241035557
55,grid_0.7139,grid,0.7139,341254.74847721966,grid,,0.35,0.2587104912253175,0.23450890898287627,0.05471601344409644,0.000278414948242503,3.6890060243256517,0.4694157714323776
55,grid_0.7892,grid,0.7892,659123.1682471304,grid,,0.35,0.2580520280661637,0.23451000768629235,0.05471641670291224,0.0002785270021126579,3.679789697828276,0.4690511625325159
55,grid_0.8000,grid,0.8,720637.7906626483,grid,,0.35,0.257960935261733,0.23451045049881025,0.05471644429976255,0.0002787070933923802,3.678924627195954,0.46898972496686314
55,grid_0.8904,grid,0.8904,1455260.8384215753,grid,,0.35,0.25734583676203715,0.23451370218880352,0.05471647505455571,0.00028020145974312627,3.671479558609437,0.469324903574938
55,grid_0.9500,grid,0.95,2226688.869070666,grid,,0.35,0.2570023533796674,0.23451575065982405,0.054716250619743466,0.0002813866877972998,3.6686896220714402,0.4698344351614538
55,grid_1.0112,grid,1.0112,3354667.5939293443,grid,,0.35,0.2566433291644522,0.23451835615527805,0.05471615597224065,0.00028270340153319085,3.6672730444253547,0.4705990722494
55,grid_1.1500,grid,1.15,,grid,,0.35,0.25551645286658853,0.2345348630003526,0.05471535618241366,0.00029124578018049907,3.6744653633732876,0.4727084543199084
55,grid_1.3368,grid,1.3368,,grid,,0.35,0.2543799235074287,0.23465238311667763,0.05471392956314896,0.0003478113391870985,3.6903638694274017,0.4784937331505726
55,rtp475,rtp,0.12882511304396593,475.0,grid,,0.4,0.3155767508236046,0.22335455523738434,0.04945075178820305,0.00043650555708672767,3.9123762755313707,0.49780150796793954
55,grid_0.1645,grid,0.1645,911.0273456554891,grid,,0.4,0.31402298457882466,0.22328122046779203,0.04945202081027388,0.00040248260331286756,3.885662225465823,0.49070947104126406
55,grid_0.2109,grid,0.2109,1968.088273945377,grid,,0.4,0.31265339213832394,0.2232198463939938,0.04945314261037781,0.0003739572137803765,3.854733119795272,0.48499929160316807
55,rtp2500,rtp,0.2286269540390678,2500.0,grid,,0.4,0.3122438998034532,0.22320227021009142,0.04945347239390322,0.00036578103303544496,3.8440609027278962,0.4834083155539474
55,grid_0.2423,grid,0.2423,3063.9929274687547,grid,,0.4,0.3119583002935199,0.22319030219946243,0.04945369626866038,0.00036021472722698455,3.836219331640803,0.4823366618211504
55,grid_0.2700,grid,0.27,4547.050498587685,grid,,0.4,0.3114452786416689,0.22316931860218978,0.049454085084809495,0.00035045968055619214,3.821271840784447,0.48049571735397223
55,rtp5000,rtp,0.27800486990953094,5000.0,grid,,0.4,0.3113102666968328,0.22316390465419492,0.049454188145878576,0.00034794019462802694,3.8171825049724526,0.4800261679791971
55,grid_0.2850,grid,0.285,5538.127788819713,grid,,0.4,0.31119591223083065,0.22315936120989543,0.049454275625131466,0.0003458248704771155,3.8136928299089536,0.4796315725367087
55,grid_0.3100,grid,0.31,7525.514436998458,grid,,0.4,0.31081389170647683,0.22314442985025115,0.049454555311889144,0.0003388812613045189,3.8018270140571846,0.47833089640672033
55,grid_0.3300,grid,0.33,9452.73981084357,grid,,0.4,0.3105368798304346,0.22313400780814438,0.04945474701089323,0.0003340384296318111,3.792911080805576,0.477429161810456
55,rtp10000,rtp,0.33620283762544556,10000.0,grid,,0.4,0.3104553272873104,0.22313097599333911,0.04945480320484094,0.0003326292428991323,3.7902410938559497,0.47716982794889373
55,grid_0.3434,grid,0.3434,10979.679365964186,grid,,0.4,0.31036354432845686,0.22312754885976316,0.04945486563618792,0.00033103742397806724,3.7871850774077114,0.4768869263295274
55,grid_0.3600,grid,0.36,13429.027054961303,grid,,0.4,0.31015751741418834,0.22312001315361513,0.049454997268212716,0.0003275430014566677,3.7804212599773677,0.47624383258407704
55,grid_0.3649,grid,0.3649,14226.223366879763,grid,,0.4,0.31009983098856386,0.2231179318491039,0.04945503387736227,0.00032657763525910377,3.7784646582542787,0.47607040079684226
55,grid_0.4000,grid,0.4,21048.889246704195,grid,,0.4,0.30970861055126764,0.22310390170643968,0.04945526115303464,0.0003200898036020555,3.765195115086706,0.4749132697595979
55,grid_0.4500,grid,0.45,34787.80604007105,grid,,0.4,0.30920243848719864,0.223086784137339,0.04945554640220623,0.0003121668545334605,3.748475208322473,0.4734420927006004
55,grid_0.4898,grid,0.4898,49938.86483089346,grid,,0.4,0.3088431983217512,0.2230756259144373,0.049455735870610466,0.0003069990065075051,3.736551987873329,0.47251017803398837
55,grid_0.5000,grid,0.5,55409.392571070224,grid,,0.4,0.30875408442261953,0.22307295293320495,0.04945577760442152,0.00030576472591835324,3.73372345501046,0.47228286384769197
55,grid_0.5500,grid,0.55,89607.3889940057,grid,,0.4,0.30835618373686446,0.22306152773203416,0.04945595883293788,0.00030048632121117136,3.720568744849748,0.47136796818920473
55,grid_0.5971,grid,0.5971,135617.24602337356,grid,,0.4,0.30798555003508754,0.22305187913846564,0.04945610081670867,0.000296039970492018,3.7101933929566875,0.4704738518029425
55,grid_0.6049,grid,0.6049,144791.2072494028,grid,,0.4,0.30793131992519396,0.2230506760482107,0.04945612089876766,0.0002954831867961749,3.7085372172265934,0.47036969478375634
55,grid_0.6500,grid,0.65,208087.91015592948,grid,,0.4,0.307626981782949,0.22304443282570152,0.04945630076042963,0.00029251825410925303,3.699669215700484,0.4698788241035557
55,grid_0.7139,grid,0.7139,341254.74847721966,grid,,0.4,0.3072261809934612,0.2230382505123567,0.04945655727564095,0.00028950391597183656,3.6890060243256517,0.4694157714323776
55,grid_0.7892,grid,0.7892,659123.1682471304,grid,,0.4,0.3067606309749403,0.22303511283575772,0.04945690950093398,0.0002877520567251962,3.679789697828276,0.4690511625325159
55,grid_0.8000,grid,0.8,720637.7906626483,grid,,0.4,0.30668642703190496,0.22303498540861724,0.04945696547463658,0.0002876392415855217,3.678924627195954,0.46898972496686314
55,grid_0.8904,grid,0.8904,1455260.8384215753,grid,,0.4,0.306200595831762,0.223037169741875,0.04945740280834054,0.00028817627812542657,3.671479558609437,0.469324903574938
55,grid_0.9500,grid,0.95,2226688.869070666,grid,,0.4,0.30588973335249614,0.22303983897014618,0.04945761612383829,0.00028915364399044463,3.6686896220714402,0.4698344351614538
55,grid_1.0112,grid,1.0112,3354667.5939293443,grid,,0.4,0.30553895487723004,0.22304232352969083,0.04945823727152849,0.00028964081399478203,3.6672730444253547,0.4705990722494
55,grid_1.1500,grid,1.15,,grid,,0.4,0.304286019888852,0.2230573752646314,0.04946010597948647,0.00029448668046012927,3.6744653633732876,0.4727084543199084
55,grid_1.3368,grid,1.3368,,grid,,0.4,0.3029210091191005,0.223178342063783,0.04945948998997576,0.0003490823763631773,3.6903638694274017,0.4784937331505726
55,rtp475,rtp,0.12882511304396593,475.0,grid,,0.45,0.3446846004320428,0.21287666182275844,0.04477992093500074,0.0005365522138003204,3.9123762755313707,0.49780150796793954
55,grid_0.1645,grid,0.1645,911.0273456554891,grid,,0.45,0.3436086593318205,0.21272739540663546,0.04477440566309389,0.0004785390933971373,3.885662225465823,0.49070947104126406
55,grid_0.2109,grid,0.2109,1968.088273945377,grid,,0.45,0.3427403990765446,0.21260528722078342,0.04477057584446637,0.0004304323097654439,3.854733119795272,0.48499929160316807
55,rtp2500,rtp,0.2286269540390678,2500.0,grid,,0.45,0.34249608300455486,0.2125707710139506,0.04476961703349472,0.00041671565597070637,3.8440609027278962,0.4834083155539474
55,grid_0.2423,grid,0.2423,3063.9929274687547,grid,,0.45,0.34232995307842246,0.21254737863610104,0.044768994495019074,0.00040739367005902805,3.836219331640803,0.4823366618211504
55,grid_0.2700,grid,0.27,4547.050498587685,grid,,0.45,0.34204102421160765,0.21250660496645188,0.0447679578977752,0.0003910992565924337,3.821271840784447,0.48049571735397223
55,rtp5000,rtp,0.27800486990953094,5000.0,grid,,0.45,0.34196658117869355,0.212496113862112,0.04476770704337159,0.0003868913631280835,3.8171825049724526,0.4800261679791971
55,grid_0.2850,grid,0.285,5538.127788819713,grid,,0.45,0.3419037179842717,0.21248734140780867,0.04476750576590016,0.0003833644926584806,3.8136928299089536,0.4796315725367087
55,grid_0.3100,grid,0.31,7525.514436998458,grid,,0.45,0.3416952987432901,0.2124585659481841,0.04476686488108635,0.0003717773636725402,3.8018270140571846,0.47833089640672033
55,grid_0.3300,grid,0.33,9452.73981084357,grid,,0.45,0.3415471731334588,0.21243845629635225,0.04476642696065948,0.000363670752917683,3.792911080805576,0.477429161810456
55,rtp10000,rtp,0.33620283762544556,10000.0,grid,,0.45,0.3415040295274623,0.21243261947093084,0.04476630361073672,0.00036131420454459107,3.7902410938559497,0.47716982794889373
55,grid_0.3434,grid,0.3434,10979.679365964186,grid,,0.45,0.3414561569286207,0.21242606348934276,0.04476616493527445,0.0003586675143038287,3.7871850774077114,0.4768869263295274
55,grid_0.3600,grid,0.36,13429.027054961303,grid,,0.45,0.341346772589436,0.2124116522692637,0.04476586841276779,0.00035284160699081135,3.7804212599773677,0.47624383258407704
55,grid_0.3649,grid,0.3649,14226.223366879763,grid,,0.45,0.3413169097092577,0.21240765865571642,0.04476578487353679,0.0003512285820665567,3.7784646582542787,0.47607040079684226
55,grid_0.4000,grid,0.4,21048.889246704195,grid,,0.45,0.34111337916205925,0.21238094244555125,0.04476523549024975,0.0003404292238108064,3.765195115086706,0.4749132697595979
55,grid_0.4500,grid,0.45,34787.80604007105,grid,,0.45,0.3408397949401636,0.2123482469607354,0.04476463456054089,0.0003271434267565765,3.748475208322473,0.4734420927006004
55,grid_0.4898,grid,0.4898,49938.86483089346,grid,,0.45,0.3406430066847054,0.21232677981396778,0.044764255173755874,0.000318406252413278,3.736551987873329,0.47251017803398837
55,grid_0.5000,grid,0.5,55409.392571070224,grid,,0.45,0.34059190942691436,0.21232163559357745,0.044764165873748,0.0003163110673838898,3.73372345501046,0.47228286384769197
55,grid_0.5500,grid,0.55,89607.3889940057,grid,,0.45,0.3403675412280632,0.21229950346892854,0.04476377666586372,0.0003073025072898722,3.720568744849748,0.47136796818920473
55,grid_0.5971,grid,0.5971,135617.24602337356,grid,,0.45,0.34012773460517803,0.2122805033543878,0.04476349598667816,0.00029951611771408815,3.7101933929566875,0.4704738518029425
55,grid_0.6049,grid,0.6049,144791.2072494028,grid,,0.45,0.34009334276824127,0.2122779927099662,0.04476345512506983,0.00029849106390263114,3.7085372172265934,0.47036969478375634
55,grid_0.6500,grid,0.65,208087.91015592948,grid,,0.45,0.33989153719416526,0.21226473513295546,0.04476336267944932,0.00029295510161442273,3.699669215700484,0.4698788241035557
55,grid_0.7139,grid,0.7139,341254.74847721966,grid,,0.45,0.33960142456435616,0.21225020530916522,0.04476336953163911,0.00028678012214367055,3.6890060243256517,0.4694157714323776
55,grid_0.7892,grid,0.7892,659123.1682471304,grid,,0.45,0.33920637064463305,0.2122383657205905,0.04476368451697595,0.00028143936677116344,3.679789697828276,0.4690511625325159
55,grid_0.8000,grid,0.8,720637.7906626483,grid,,0.45,0.33913469472212654,0.21223694420897074,0.044763763754620996,0.0002807567325407573,3.678924627195954,0.46898972496686314
55,grid_0.8904,grid,0.8904,1455260.8384215753,grid,,0.45,0.33866105361672166,0.2122320283209811,0.04476452994538764,0.00027790389985007935,3.671479558609437,0.469324903574938
55,grid_0.9500,grid,0.95,2226688.869070666,grid,,0.45,0.33832099186511244,0.2122311485655829,0.04476509371604485,0.000276966705421669,3.6686896220714402,0.4698344351614538
55,grid_1.0112,grid,1.0112,3354667.5939293443,grid,,0.45,0.3379271945494242,0.21222953248005688,0.04476629501058622,0.0002750794461173073,3.6672730444253547,0.4705990722494
55,grid_1.1500,grid,1.15,,grid,,0.45,0.33649844972308174,0.21223376295446703,0.04477032331690329,0.0002728468209096113,3.6744653633732876,0.4727084543199084
55,grid_1.3368,grid,1.3368,,grid,,0.45,0.3348487298641605,0.2123373183004199,0.044770340237926115,0.0003167965050877297,3.6903638694274017,0.4784937331505726
55,rtp475,rtp,0.12882511304396593,475.0,grid,,0.5,0.3767519042355417,0.19301902409317975,0.036590100040918054,0.0006662436209654565,3.9123762755313707,0.49780150796793954
55,grid_0.1645,grid,0.1645,911.0273456554891,grid,,0.5,0.3762339517595234,0.19275756306054262,0.03657385767529597,0.0005816204417430915,3.885662225465823,0.49070947104126406
55,grid_0.2109,grid,0.2109,1968.088273945377,grid,,0.5,0.3759627031963527,0.19254589657492333,0.036562206385132225,0.000511715902708848,3.854733119795272,0.48499929160316807
55,rtp2500,rtp,0.2286269540390678,2500.0,grid,,0.5,0.3759169646016878,0.1924864245186794,0.03655921363010708,0.0004918099938781839,3.8440609027278962,0.4834083155539474
55,grid_0.2423,grid,0.2423,3063.9929274687547,grid,,0.5,0.37589494588235794,0.19244619811976033,0.03655725535980398,0.0004782838109460563,3.836219331640803,0.4823366618211504
55,grid_0.2700,grid,0.27,4547.050498587685,grid,,0.5,0.3758772411536505,0.1923762845962344,0.03655396971616245,0.0004546651588889228,3.821271840784447,0.48049571735397223
55,rtp5000,rtp,0.27800486990953094,5000.0,grid,,0.5,0.37587630208031636,0.19235832281990278,0.03655316070496372,0.00044856365312220814,3.8171825049724526,0.4800261679791971
55,grid_0.2850,grid,0.285,5538.127788819713,grid,,0.5,0.37587599076925876,0.1923433220445793,0.03655250417300755,0.00044344936213719377,3.8136928299089536,0.4796315725367087
55,grid_0.3100,grid,0.31,7525.514436998458,grid,,0.5,0.37587894240616376,0.1922941343426615,0.03655041188719591,0.0004266222153976318,3.8018270140571846,0.47833089640672033
55,grid_0.3300,grid,0.33,9452.73981084357,grid,,0.5,0.3758882033298928,0.19225974020323117,0.03654898125268608,0.00041482645032786536,3.792911080805576,0.477429161810456
55,rtp10000,rtp,0.33620283762544556,10000.0,grid,,0.5,0.3758920190024909,0.19224976892956186,0.03654857488149785,0.00041139877197207686,3.7902410938559497,0.47716982794889373
55,grid_0.3434,grid,0.3434,10979.679365964186,grid,,0.5,0.37589783478277844,0.1922386153894528,0.036548119167673136,0.00040756607918082666,3.7871850774077114,0.4768869263295274
55,grid_0.3600,grid,0.36,13429.027054961303,grid,,0.5,0.37590687981186566,0.1922140533677464,0.03654714759129149,0.00039909472076737895,3.7804212599773677,0.47624383258407704
55,grid_0.3649,grid,0.3649,14226.223366879763,grid,,0.5,0.37591113508702595,0.1922072430729646,0.036546874602496,0.0003967496872137044,3.7784646582542787,0.47607040079684226
55,grid_0.4000,grid,0.4,21048.889246704195,grid,,0.5,0.3759382080634596,0.19216183682776994,0.036545100116036046,0.0003810714169864282,3.765195115086706,0.4749132697595979
55,grid_0.4500,grid,0.45,34787.80604007105,grid,,0.5,0.37595223605057765,0.1921060615760706,0.036543102308436735,0.00036163658583229785,3.748475208322473,0.4734420927006004
55,grid_0.4898,grid,0.4898,49938.86483089346,grid,,0.5,0.37595773258583837,0.19206933229555775,0.03654182644525936,0.00034880196320202783,3.736551987873329,0.47251017803398837
55,grid_0.5000,grid,0.5,55409.392571070224,grid,,0.5,0.3759542680860295,0.1920605171448073,0.03654153054176595,0.00034571170416486385,3.73372345501046,0.47228286384769197
55,grid_0.5500,grid,0.55,89607.3889940057,grid,,0.5,0.3759483305171469,0.19202251246415275,0.036540241828634544,0.0003324034644111573,3.720568744849748,0.47136796818920473
55,grid_0.5971,grid,0.5971,135617.24602337356,grid,,0.5,0.37587679587617223,0.1919894403500345,0.03653929483133642,0.0003206503745830369,3.7101933929566875,0.4704738518029425
55,grid_0.6049,grid,0.6049,144791.2072494028,grid,,0.5,0.3758682513445336,0.19198496306628735,0.036539157850752055,0.0003190681928116612,3.7085372172265934,0.47036969478375634
55,grid_0.6500,grid,0.65,208087.91015592948,grid,,0.5,0.37580193603534073,0.19196124389489982,0.03653863986281299,0.00031047929486421877,3.699669215700484,0.4698788241035557
55,grid_0.7139,grid,0.7139,341254.74847721966,grid,,0.5,0.3756646628147095,0.1919342626849722,0.036538260198903785,0.00030050099352013637,3.6890060243256517,0.4694157714323776
55,grid_0.7892,grid,0.7892,659123.1682471304,grid,,0.5,0.37538256675570286,0.19190943955579515,0.03653852991551175,0.0002907030751076456,3.679789697828276,0.4690511625325159
55,grid_0.8000,grid,0.8,720637.7906626483,grid,,0.5,0.37531864920560337,0.1919060789902064,0.03653864830151414,0.00028929485188119997,3.678924627195954,0.46898972496686314
55,grid_0.8904,grid,0.8904,1455260.8384215753,grid,,0.5,0.3749004492421424,0.19189084280395355,0.03653995326069818,0.0002821422913134308,3.671479558609437,0.469324903574938
55,grid_0.9500,grid,0.95,2226688.869070666,grid,,0.5,0.37455561338782417,0.1918849653341954,0.03654108031502639,0.00027875960627898877,3.6686896220714402,0.4698344351614538
55,grid_1.0112,grid,1.0112,3354667.5939293443,grid,,0.5,0.37414046764300857,0.19187818068747625,0.03654322859707434,0.0002740076268614444,3.6672730444253547,0.4705990722494
55,grid_1.1500,grid,1.15,,grid,,0.5,0.37256681507415934,0.191871051545526,0.036550765821714466,0.0002637345994714324,3.6744653633732876,0.4727084543199084
55,grid_1.3368,grid,1.3368,,grid,,0.5,0.37066636643260054,0.19196315378240533,0.036551755189074525,0.00029809722101287184,3.6903638694274017,0.4784937331505726
55,rtp475,rtp,0.12882511304396593,475.0,grid,,0.55,0.4061664486357961,0.18286548946142278,0.03274900652579533,0.0006907807101703967,3.9123762755313707,0.49780150796793954
55,grid_0.1645,grid,0.1645,911.0273456554891,grid,,0.55,0.4059334178126469,0.18254606936366538,0.03272646603890141,0.0005966014012227239,3.885662225465823,0.49070947104126406
55,grid_0.2109,grid,0.2109,1968.088273945377,grid,,0.55,0.405977433034764,0.18229063315803762,0.03271021910804074,0.0005196558291175046,3.854733119795272,0.48499929160316807
55,rtp2500,rtp,0.2286269540390678,2500.0,grid,,0.55,0.4060382336749801,0.18221942525454526,0.03270603061421335,0.000497888325883461,3.8440609027278962,0.4834083155539474
55,grid_0.2423,grid,0.2423,3063.9929274687547,grid,,0.55,0.4060939743024974,0.18217142319776075,0.03270328696007769,0.00048314046981995373,3.836219331640803,0.4823366618211504
55,grid_0.2700,grid,0.27,4547.050498587685,grid,,0.55,0.4062235242723246,0.1820883905913,0.03269867873639611,0.0004575032517337152,3.821271840784447,0.48049571735397223
55,rtp5000,rtp,0.27800486990953094,5000.0,grid,,0.55,0.4062626290344356,0.18206712147918133,0.032697541382164984,0.00045089534154998945,3.8171825049724526,0.4800261679791971
55,grid_0.2850,grid,0.285,5538.127788819713,grid,,0.55,0.40629643846933383,0.18204936557159926,0.0326966169790796,0.0004453545259421876,3.8136928299089536,0.4796315725367087
55,grid_0.3100,grid,0.31,7525.514436998458,grid,,0.55,0.4064148475362663,0.1819911998916268,0.03269367070167089,0.00042712613632317487,3.8018270140571846,0.47833089640672033
55,grid_0.3300,grid,0.33,9452.73981084357,grid,,0.55,0.4065103150545352,0.18195065959871404,0.03269165597824248,0.0004143865501646249,3.792911080805576,0.477429161810456
55,rtp10000,rtp,0.33620283762544556,10000.0,grid,,0.55,0.40653988924180773,0.18193893355818247,0.03269108305556221,0.00041069248872652175,3.7902410938559497,0.47716982794889373
55,grid_0.3434,grid,0.3434,10979.679365964186,grid,,0.55,0.40657520813961956,0.1819258784878625,0.032690440783714324,0.00040658447986618995,3.7871850774077114,0.4768869263295274
55,grid_0.3600,grid,0.36,13429.027054961303,grid,,0.55,0.4066492359316175,0.18189703389609294,0.032689072014366674,0.0003974589258297079,3.7804212599773677,0.47624383258407704
55,grid_0.3649,grid,0.3649,14226.223366879763,grid,,0.55,0.4066722504247529,0.18188906838414692,0.03268868756303726,0.0003949456346156177,3.7784646582542787,0.47607040079684226
55,grid_0.4000,grid,0.4,21048.889246704195,grid,,0.55,0.40682610938719616,0.18183607093963708,0.032686192493579035,0.0003781642011856934,3.765195115086706,0.4749132697595979
55,grid_0.4500,grid,0.45,34787.80604007105,grid,,0.55,0.4069974335838725,0.1817707528553433,0.03268337266224776,0.0003572339313505368,3.748475208322473,0.4734420927006004
55,grid_0.4898,grid,0.4898,49938.86483089346,grid,,0.55,0.40711306238305733,0.1817279581786667,0.03268156915782666,0.00034348162596056775,3.736551987873329,0.47251017803398837
55,grid_0.5000,grid,0.5,55409.392571070224,grid,,0.55,0.4071353116223485,0.181717662856119,0.032681151699316374,0.00034015729457376187,3.73372345501046,0.47228286384769197
55,grid_0.5500,grid,0.55,89607.3889940057,grid,,0.55,0.4072470752771045,0.1816735797554804,0.032679333801959996,0.0003259557792109069,3.720568744849748,0.47136796818920473
55,grid_0.5971,grid,0.5971,135617.24602337356,grid,,0.55,0.40726309009879264,0.18163443694328854,0.032677994731362625,0.0003130739523428405,3.7101933929566875,0.4704738518029425
55,grid_0.6049,grid,0.6049,144791.2072494028,grid,,0.55,0.40726785986745095,0.18162916716040992,0.03267780121176176,0.00031135315162236776,3.7085372172265934,0.47036969478375634
55,grid_0.6500,grid,0.65,208087.91015592948,grid,,0.55,0.4072697082280293,0.18160132923989206,0.03267703115771085,0.00030201162398482695,3.699669215700484,0.4698788241035557
55,grid_0.7139,grid,0.7139,341254.74847721966,grid,,0.55,0.4072044473156607,0.18156941399680482,0.032676420907435125,0.00029103119170798,3.6890060243256517,0.4694157714323776
55,grid_0.7892,grid,0.7892,659123.1682471304,grid,,0.55,0.4069633975228278,0.18153854035634287,0.03267665799453576,0.0002795836401757734,3.679789697828276,0.4690511625325159
55,grid_0.8000,grid,0.8,720637.7906626483,grid,,0.55,0.40689967400251165,0.181534090996965,0.03267679831331893,0.0002778278807754331,3.678924627195954,0.46898972496686314
55,grid_0.8904,grid,0.8904,1455260.8384215753,grid,,0.55,0.40647869558049265,0.18151440182216833,0.032678411228064384,0.0002690668407951957,3.671479558609437,0.469324903574938
55,grid_0.9500,grid,0.95,2226688.869070666,grid,,0.55,0.4061048855687601,0.1815066054799686,0.032679864915159625,0.00026478291770135054,3.6686896220714402,0.4698344351614538
55,grid_1.0112,grid,1.0112,3354667.5939293443,grid,,0.55,0.4056486980686773,0.18149848826803583,0.03268255597442665,0.00025914526915568614,3.6672730444253547,0.4705990722494
55,grid_1.1500,grid,1.15,,grid,,0.55,0.40391961094825146,0.1814866958283324,0.03269211137313703,0.0002453093895486147,3.6744653633732876,0.4727084543199084
55,grid_1.3368,grid,1.3368,,grid,,0.55,0.4017868706715272,0.18157006504927461,0.03269368425375817,0.0002740042682396471,3.6903638694274017,0.4784937331505726
55,rtp475,rtp,0.12882511304396593,475.0,grid,,0.6,0.43841023626375475,0.16818034228044004,0.027543275303952886,0.0007413522256130844,3.9123762755313707,0.49780150796793954
55,grid_0.1645,grid,0.1645,911.0273456554891,grid,,0.6,0.43859159819572097,0.16777921934136383,0.02751613540508273,0.0006337310377147465,3.885662225465823,0.49070947104126406
55,grid_0.2109,grid,0.2109,1968.088273945377,grid,,0.6,0.43909135988726,0.1674610028774784,0.027496523362682507,0.0005466641220483182,3.854733119795272,0.48499929160316807
55,rtp2500,rtp,0.2286269540390678,2500.0,grid,,0.6,0.43930579661710867,0.16737270069941101,0.027491457559242732,0.0005221633801718861,3.8440609027278962,0.4834083155539474
55,grid_0.2423,grid,0.2423,3063.9929274687547,grid,,0.6,0.43947357426460565,0.16731329144573842,0.027488137336480745,0.0005056001579258618,3.836219331640803,0.4823366618211504
55,grid_0.2700,grid,0.27,4547.050498587685,grid,,0.6,0.43981505450975505,0.16721086053676995,0.027482557630117373,0.0004769142513297575,3.821271840784447,0.48049571735397223
55,rtp5000,rtp,0.27800486990953094,5000.0,grid,,0.6,0.43991178554006105,0.16718466244477195,0.02748117879601405,0.00046953256075829564,3.8171825049724526,0.4800261679791971
55,grid_0.2850,grid,0.285,5538.127788819713,grid,,0.6,0.4399947032850407,0.1671627791982863,0.027480057231288036,0.00046333751800697875,3.8136928299089536,0.4796315725367087
55,grid_0.3100,grid,0.31,7525.514436998458,grid,,0.6,0.44027939275692046,0.16709106281353128,0.027476482349562726,0.0004429409225927272,3.8018270140571846,0.47833089640672033
55,grid_0.3300,grid,0.33,9452.73981084357,grid,,0.6,0.4404990599064785,0.16704115967378244,0.027474037669876362,0.0004287113552857158,3.792911080805576,0.477429161810456
55,rtp10000,rtp,0.33620283762544556,10000.0,grid,,0.6,0.4405657444445911,0.16702674972887954,0.02747334207599909,0.0004245930489946703,3.7902410938559497,0.47716982794889373
55,grid_0.3434,grid,0.3434,10979.679365964186,grid,,0.6,0.4406435307401298,0.16701078559664043,0.027472562420664766,0.00042004008494223033,3.7871850774077114,0.4768869263295274
55,grid_0.3600,grid,0.36,13429.027054961303,grid,,0.6,0.4408113021206368,0.16697533330860873,0.02747090121144712,0.00040986072207385704,3.7804212599773677,0.47624383258407704
55,grid_0.3649,grid,0.3649,14226.223366879763,grid,,0.6,0.4408613567539148,0.1669655835550682,0.027470434708985067,0.0004070713828993877,3.7784646582542787,0.47607040079684226
55,grid_0.4000,grid,0.4,21048.889246704195,grid,,0.6,0.441198199407424,0.16690076557951478,0.02746740962214397,0.0003884559288841738,3.765195115086706,0.4749132697595979
55,grid_0.4500,grid,0.45,34787.80604007105,grid,,0.6,0.44159805092531745,0.1668203290319748,0.027463983965547813,0.000365038212788521,3.748475208322473,0.4734420927006004
55,grid_0.4898,grid,0.4898,49938.86483089346,grid,,0.6,0.4418747080211097,0.16676776923470127,0.027461791298598274,0.0003496975569202976,3.736551987873329,0.47251017803398837
55,grid_0.5000,grid,0.5,55409.392571070224,grid,,0.6,0.44193485417475253,0.16675507196021222,0.027461284273685382,0.0003459697507701698,3.73372345501046,0.47228286384769197
55,grid_0.5500,grid,0.55,89607.3889940057,grid,,0.6,0.4422206823955574,0.16670099073317488,0.027459076470764284,0.0003301438406577706,3.720568744849748,0.47136796818920473
55,grid_0.5971,grid,0.5971,135617.24602337356,grid,,0.6,0.4423702295857846,0.16665173172405118,0.027457448157590377,0.00031535152903475194,3.7101933929566875,0.4704738518029425
55,grid_0.6049,grid,0.6049,144791.2072494028,grid,,0.6,0.44239554871995285,0.1666451102516242,0.02745721294443266,0.0003133798263433296,3.7085372172265934,0.47036969478375634
55,grid_0.6500,grid,0.65,208087.91015592948,grid,,0.6,0.44250481521198193,0.16661011759965194,0.02745625287562382,0.0003026784109460279,3.699669215700484,0.4698788241035557
55,grid_0.7139,grid,0.7139,341254.74847721966,grid,,0.6,0.4425600672304588,0.1665693399769425,0.027455464576099108,0.0002898804442551528,3.6890060243256517,0.4694157714323776
55,grid_0.7892,grid,0.7892,659123.1682471304,grid,,0.6,0.44240590746095804,0.166527278446118,0.02745566194667179,0.00027567251999913167,3.679789697828276,0.4690511625325159
55,grid_0.8000,grid,0.8,720637.7906626483,grid,,0.6,0.44234762534020894,0.1665208268538058,0.027455815505877997,0.0002733702701971652,3.678924627195954,0.46898972496686314
55,grid_0.8904,grid,0.8904,1455260.8384215753,grid,,0.6,0.44196574323776694,0.16649145467995705,0.027457630317925138,0.0002617741635230486,3.671479558609437,0.469324903574938
55,grid_0.9500,grid,0.95,2226688.869070666,grid,,0.6,0.44158380117641116,0.16647865717963156,0.02745930961952675,0.00025583367680653835,3.6686896220714402,0.4698344351614538
55,grid_1.0112,grid,1.0112,3354667.5939293443,grid,,0.6,0.4411047359168361,0.16646608208247368,0.027462363524499305,0.0002485929593895597,3.6672730444253547,0.4705990722494
55,grid_1.1500,grid,1.15,,grid,,0.6,0.43924326509025235,0.1664411342543383,0.027473288394601517,0.00022936277726914867,3.6744653633732876,0.4727084543199084
55,grid_1.3368,grid,1.3368,,grid,,0.6,0.43689225881951776,0.1665132733129509,0.02747530990223136,0.00025136028716213343,3.6903638694274017,0.4784937331505726
55,rtp475,rtp,0.12882511304396593,475.0,grid,,0.65,0.45748666707078045,0.16347291208204193,0.025864061054357707,0.0008593319302253044,3.9123762755313707,0.49780150796793954
55,grid_0.1645,grid,0.1645,911.0273456554891,grid,,0.65,0.45754450661407575,0.16297188815394142,0.02583328021776166,0.0007265561106991336,3.885662225465823,0.49070947104126406
55,grid_0.2109,grid,0.2109,1968.088273945377,grid,,0.65,0.4579144667399542,0.1625750425563548,0.02581100281482603,0.000619641647374547,3.854733119795272,0.48499929160316807
55,rtp2500,rtp,0.2286269540390678,2500.0,grid,,0.65,0.4580859862216004,0.16246504352314772,0.02580524186337782,0.0005896485036004651,3.8440609027278962,0.4834083155539474
55,grid_0.2423,grid,0.2423,3063.9929274687547,grid,,0.65,0.4582226922265863,0.16239102899396948,0.02580146475418282,0.0005693815435374172,3.836219331640803,0.4823366618211504
55,grid_0.2700,grid,0.27,4547.050498587685,grid,,0.65,0.45850597356040557,0.1622633890758532,0.025795115180766062,0.000534292253615648,3.821271840784447,0.48049571735397223
55,rtp5000,rtp,0.27800486990953094,5000.0,grid,,0.65,0.458586875501829,0.1622307633992353,0.02579354493525612,0.0005252756578425499,3.8171825049724526,0.4800261679791971
55,grid_0.2850,grid,0.285,5538.127788819713,grid,,0.65,0.458656278805259,0.16220353404373888,0.025792267058829647,0.0005177193974487126,3.8136928299089536,0.4796315725367087
55,grid_0.3100,grid,0.31,7525.514436998458,grid,,0.65,0.45889476231052234,0.1621144093047582,0.025788193852155295,0.0004928878520753799,3.8018270140571846,0.47833089640672033
55,grid_0.3300,grid,0.33,9452.73981084357,grid,,0.65,0.4590797357686705,0.1620523274738727,0.0257854083636765,0.00047554847602276906,3.792911080805576,0.477429161810456
55,rtp10000,rtp,0.33620283762544556,10000.0,grid,,0.65,0.4591360484574663,0.1620344036182453,0.0257846155199117,0.00047053243600872485,3.7902410938559497,0.47716982794889373
55,grid_0.3434,grid,0.3434,10979.679365964186,grid,,0.65,0.459202077572301,0.16201452402147104,0.025783726959913003,0.0004649790339908144,3.7871850774077114,0.4768869263295274
55,grid_0.3600,grid,0.36,13429.027054961303,grid,,0.65,0.4593431965686353,0.16197049104986358,0.02578183396543412,0.0004526060054998171,3.7804212599773677,0.47624383258407704
55,grid_0.3649,grid,0.3649,14226.223366879763,grid,,0.65,0.45938563870078225,0.16195835180195833,0.02578130243500373,0.0004492052834031701,3.7784646582542787,0.47607040079684226
55,grid_0.4000,grid,0.4,21048.889246704195,grid,,0.65,0.45967011510834743,0.16187778712631998,0.02577785743760684,0.0004265605273073292,3.765195115086706,0.4749132697595979
55,grid_0.4500,grid,0.45,34787.80604007105,grid,,0.65,0.4599997509071018,0.1617782029430197,0.025773951661283878,0.00039823528618898596,3.748475208322473,0.4734420927006004
55,grid_0.4898,grid,0.4898,49938.86483089346,grid,,0.65,0.46022393523982996,0.16171288523511396,0.02577145057071061,0.00037960668035452727,3.736551987873329,0.47251017803398837
55,grid_0.5000,grid,0.5,55409.392571070224,grid,,0.65,0.46027080592382424,0.1616971441040574,0.025770872596843058,0.0003750938145652416,3.73372345501046,0.47228286384769197
55,grid_0.5500,grid,0.55,89607.3889940057,grid,,0.65,0.46049428051892966,0.16162968416430953,0.025768355992128417,0.00035579881092603904,3.720568744849748,0.47136796818920473
55,grid_0.5971,grid,0.5971,135617.24602337356,grid,,0.65,0.46058398214224056,0.16156885860309353,0.025766498652498138,0.0003379974178082945,3.7101933929566875,0.4704738518029425
55,grid_0.6049,grid,0.6049,144791.2072494028,grid,,0.65,0.46059955755699716,0.16156053276700916,0.025766230449769167,0.0003355752981906712,3.7085372172265934,0.47036969478375634
55,grid_0.6500,grid,0.65,208087.91015592948,grid,,0.65,0.4606525261453739,0.1615163836329771,0.02576511909441845,0.0003224230874565859,3.699669215700484,0.4698788241035557
55,grid_0.7139,grid,0.7139,341254.74847721966,grid,,0.65,0.4606269966054066,0.16146427108783495,0.025764188378379287,0.000306522459546571,3.6890060243256517,0.4694157714323776
55,grid_0.7892,grid,0.7892,659123.1682471304,grid,,0.65,0.46037160327595605,0.16140997199323207,0.02576435184693224,0.0002888272119237201,3.679789697828276,0.4690511625325159
55,grid_0.8000,grid,0.8,720637.7906626483,grid,,0.65,0.4602974169133002,0.1614017129032429,0.02576451546830061,0.0002859974598002357,3.678924627195954,0.46898972496686314
55,grid_0.8904,grid,0.8904,1455260.8384215753,grid,,0.65,0.4597889194856521,0.16136048522169433,0.025766487227268497,0.000270718963712141,3.671479558609437,0.469324903574938
55,grid_0.9500,grid,0.95,2226688.869070666,grid,,0.65,0.4593194570635804,0.16134092589712196,0.025768344564939056,0.0002625498044015462,3.6686896220714402,0.4698344351614538
55,grid_1.0112,grid,1.0112,3354667.5939293443,grid,,0.65,0.45875248774343647,0.16132160634893175,0.02577167979239922,0.0002529808826004787,3.6672730444253547,0.4705990722494
55,grid_1.1500,grid,1.15,,grid,,0.65,0.45668390194224373,0.16128200921557084,0.02578366895180469,0.0002282175448067858,3.6744653633732876,0.4727084543199084
55,grid_1.3368,grid,1.3368,,grid,,0.65,0.45406137130649366,0.16133875171856513,0.025786055901649892,0.00024413690445490577,3.6903638694274017,0.4784937331505726
55,rtp475,rtp,0.12882511304396593,475.0,grid,,0.7,0.479009750202108,0.1579471760238443,0.02395896263475174,0.0009883477791555184,3.9123762755313707,0.49780150796793954
55,grid_0.1645,grid,0.1645,911.0273456554891,grid,,0.7,0.47902206122873653,0.1573342258145155,0.023926755372629147,0.0008273032400238078,3.885662225465823,0.49070947104126406
55,grid_0.2109,grid,0.2109,1968.088273945377,grid,,0.7,0.4793487446234254,0.15684936295443094,0.02390342211062815,0.0006983005485826643,3.854733119795272,0.48499929160316807
55,rtp2500,rtp,0.2286269540390678,2500.0,grid,,0.7,0.4795066458062094,0.15671510580021494,0.02389738354251225,0.00066224084346031,3.8440609027278962,0.4834083155539474
55,grid_0.2423,grid,0.2423,3063.9929274687547,grid,,0.7,0.47963367818646524,0.15662477476346276,0.023893423540547673,0.0006378965291577721,3.836219331640803,0.4823366618211504
55,grid_0.2700,grid,0.27,4547.050498587685,grid,,0.7,0.4798992747297333,0.1564690478717119,0.02388676508865343,0.0005957978532266373,3.821271840784447,0.48049571735397223
55,rtp5000,rtp,0.27800486990953094,5000.0,grid,,0.7,0.4799753868145482,0.15642927508151064,0.02388511766801072,0.000585000434516203,3.8171825049724526,0.4800261679791971
55,grid_0.2850,grid,0.285,5538.127788819713,grid,,0.7,0.4800406959801234,0.15639609303988064,0.02388377656944025,0.0005759613486987503,3.8136928299089536,0.4796315725367087
55,grid_0.3100,grid,0.31,7525.514436998458,grid,,0.7,0.4802649644051023,0.15628759284960694,0.023879501767196994,0.000546309911527515,3.8018270140571846,0.47833089640672033
55,grid_0.3300,grid,0.33,9452.73981084357,grid,,0.7,0.48043920523147754,0.15621199837095187,0.02387657838507071,0.0005256100499755612,3.792911080805576,0.477429161810456
55,rtp10000,rtp,0.33620283762544556,10000.0,grid,,0.7,0.48049231217745336,0.156190185777492,0.023875746101876174,0.0005196280313312929,3.7902410938559497,0.47716982794889373
55,grid_0.3434,grid,0.3434,10979.679365964186,grid,,0.7,0.4805547718843298,0.15616599478315335,0.02387481340650233,0.0005130045201095501,3.7871850774077114,0.4768869263295274
55,grid_0.3600,grid,0.36,13429.027054961303,grid,,0.7,0.48068741559655365,0.15611246938708156,0.02387282655459993,0.0004982765435325442,3.7804212599773677,0.47624383258407704
55,grid_0.3649,grid,0.3649,14226.223366879763,grid,,0.7,0.4807274814959509,0.15609770296435663,0.023872268711589508,0.0004942241591590069,3.7784646582542787,0.47607040079684226
55,grid_0.4000,grid,0.4,21048.889246704195,grid,,0.7,0.4809951569258249,0.15599985793847923,0.023868654360586244,0.0004673013162394546,3.765195115086706,0.4749132697595979
55,grid_0.4500,grid,0.45,34787.80604007105,grid,,0.7,0.48129970268861877,0.15587921896216417,0.023864553495182076,0.0004337774090722446,3.748475208322473,0.4734420927006004
55,grid_0.4898,grid,0.4898,49938.86483089346,grid,,0.7,0.4815036751451635,0.1557999934493632,0.023861926716327336,0.0004117112424942837,3.736551987873329,0.47251017803398837
55,grid_0.5000,grid,0.5,55409.392571070224,grid,,0.7,0.4815449898794788,0.1557809300279666,0.023861319945482254,0.0004063782148959749,3.73372345501046,0.47228286384769197
55,grid_0.5500,grid,0.55,89607.3889940057,grid,,0.7,0.48174181878531336,0.15569901473367545,0.023858678038577382,0.00038350515045990075,3.720568744849748,0.47136796818920473
55,grid_0.5971,grid,0.5971,135617.24602337356,grid,,0.7,0.481800735403228,0.1556254303683549,0.02385672732867446,0.00036254724866122134,3.7101933929566875,0.4704738518029425
55,grid_0.6049,grid,0.6049,144791.2072494028,grid,,0.7,0.4818111309594508,0.15561524842348715,0.02385644570296108,0.0003596598389425387,3.7085372172265934,0.47036969478375634
55,grid_0.6500,grid,0.65,208087.91015592948,grid,,0.7,0.48183250751206763,0.15556116007831855,0.023855267425596904,0.000344007099315341,3.699669215700484,0.4698788241035557
55,grid_0.7139,grid,0.7139,341254.74847721966,grid,,0.7,0.4817565615334686,0.15549673332749792,0.02385426843244576,0.00032496564307724074,3.6890060243256517,0.4694157714323776
55,grid_0.7892,grid,0.7892,659123.1682471304,grid,,0.7,0.48142827900882684,0.15542868942599006,0.02385439803403687,0.0003036794626440076,3.679789697828276,0.4690511625325159
55,grid_0.8000,grid,0.8,720637.7906626483,grid,,0.7,0.4813413760993954,0.1554183105305101,0.023854561999623422,0.00030028924853464645,3.678924627195954,0.46898972496686314
55,grid_0.8904,grid,0.8904,1455260.8384215753,grid,,0.7,0.4807315403656225,0.15536373447570934,0.023856565579348423,0.0002813244108902935,3.671479558609437,0.469324903574938
55,grid_0.9500,grid,0.95,2226688.869070666,grid,,0.7,0.480186731354972,0.1553365928525353,0.023858476240935247,0.00027098083809906637,3.6686896220714402,0.4698344351614538
55,grid_1.0112,grid,1.0112,3354667.5939293443,grid,,0.7,0.4795422162815614,0.15531002018853135,0.023861877993931357,0.0002593243770306619,3.6672730444253547,0.4705990722494
55,grid_1.1500,grid,1.15,,grid,,0.7,0.47727873612031113,0.1552540555604954,0.023874147768733058,0.00022967399924833654,3.6744653633732876,0.4727084543199084
55,grid_1.3368,grid,1.3368,,grid,,0.7,0.4743905541212685,0.1552962099278746,0.023876708649333285,0.00024020416862921556,3.6903638694274017,0.4784937331505726
55,rtp475,rtp,0.12882511304396593,475.0,grid,,0.75,0.49944922262606706,0.15353721744781249,0.02255998747694802,0.001013689664668832,3.9123762755313707,0.49780150796793954
55,grid_0.1645,grid,0.1645,911.0273456554891,grid,,0.75,0.49890462247975076,0.1528724202366865,0.022527088626565484,0.0008428882424565964,3.885662225465823,0.49070947104126406
55,grid_0.2109,grid,0.2109,1968.088273945377,grid,,0.75,0.49865635670322733,0.15235017816151328,0.022503254696322406,0.0007073220895224275,3.854733119795272,0.48499929160316807
55,rtp2500,rtp,0.2286269540390678,2500.0,grid,,0.75,0.4986260261484421,0.15220625909623942,0.022497086615971006,0.000669658692100561,3.8440609027278962,0.4834083155539474
55,grid_0.2423,grid,0.2423,3063.9929274687547,grid,,0.75,0.4986172068149177,0.15210962270794656,0.022493041686022442,0.0006442956343314099,3.836219331640803,0.4823366618211504
55,grid_0.2700,grid,0.27,4547.050498587685,grid,,0.75,0.49862888635630714,0.15194340658437583,0.022486240435158133,0.0006005583693068084,3.821271840784447,0.48049571735397223
55,rtp5000,rtp,0.27800486990953094,5000.0,grid,,0.75,0.4986362939752366,0.15190103544637232,0.022484557691062067,0.0005893668786179918,3.8171825049724526,0.4800261679791971
55,grid_0.2850,grid,0.285,5538.127788819713,grid,,0.75,0.4986431154451304,0.15186572382333544,0.02248318784442459,0.0005800102279610031,3.8136928299089536,0.4796315725367087
55,grid_0.3100,grid,0.31,7525.514436998458,grid,,0.75,0.4986690707385975,0.15175044432100335,0.022478821385586004,0.0005493759660359365,3.8018270140571846,0.47833089640672033
55,grid_0.3300,grid,0.33,9452.73981084357,grid,,0.75,0.49869544303854874,0.15167026700790107,0.022475835303413277,0.000528034590834725,3.792911080805576,0.477429161810456
55,rtp10000,rtp,0.33620283762544556,10000.0,grid,,0.75,0.49870444919879836,0.1516471608335873,0.022474985173925675,0.0005218762149622191,3.7902410938559497,0.47716982794889373
55,grid_0.3434,grid,0.3434,10979.679365964186,grid,,0.75,0.49871673301776437,0.15162154606073633,0.022474032475827074,0.0005150607540209129,3.7871850774077114,0.4768869263295274
55,grid_0.3600,grid,0.36,13429.027054961303,grid,,0.75,0.4987373252573113,0.15156494154676203,0.02247200299979023,0.0004999285062831649,3.7804212599773677,0.47624383258407704
55,grid_0.3649,grid,0.3649,14226.223366879763,grid,,0.75,0.49874527194246443,0.15154933327008352,0.022471433187599674,0.0004957672270071711,3.7784646582542787,0.47607040079684226
55,grid_0.4000,grid,0.4,21048.889246704195,grid,,0.75,0.49879428129506864,0.15144606888905024,0.02246774123443951,0.000468170547507446,3.765195115086706,0.4749132697595979
55,grid_0.4500,grid,0.45,34787.80604007105,grid,,0.75,0.49881654954425847,0.15131907191338095,0.02246355230803476,0.00043390921669220206,3.748475208322473,0.4734420927006004
55,grid_0.4898,grid,0.4898,49938.86483089346,grid,,0.75,0.4988158470255873,0.15123578628481785,0.022460869112216366,0.0004113939409707279,3.736551987873329,0.47251017803398837
55,grid_0.5000,grid,0.5,55409.392571070224,grid,,0.75,0.49880708310294675,0.15121575784346344,0.02246024929472773,0.0004059561254452504,3.73372345501046,0.47228286384769197
55,grid_0.5500,grid,0.55,89607.3889940057,grid,,0.75,0.4987711923033633,0.15112972090932178,0.022457550552984155,0.0003826419891453381,3.720568744849748,0.47136796818920473
55,grid_0.5971,grid,0.5971,135617.24602337356,grid,,0.75,0.4986261813894199,0.151052399747273,0.022455557834838904,0.00036126963457105976,3.7101933929566875,0.4704738518029425
55,grid_0.6049,grid,0.6049,144791.2072494028,grid,,0.75,0.49860404206744796,0.1510416691866309,0.02245527013256045,0.0003583156981231961,3.7085372172265934,0.47036969478375634
55,grid_0.6500,grid,0.65,208087.91015592948,grid,,0.75,0.49844350394586007,0.15098463891539834,0.022454066731439022,0.00034229445697420147,3.699669215700484,0.4698788241035557
55,grid_0.7139,grid,0.7139,341254.74847721966,grid,,0.75,0.4981253004605235,0.15091643195042295,0.022453046615610206,0.000322722817036436,3.6890060243256517,0.4694157714323776
55,grid_0.7892,grid,0.7892,659123.1682471304,grid,,0.75,0.4975286244941457,0.1508437168118628,0.022453179582555105,0.0003006473190623471,3.679789697828276,0.4690511625325159
55,grid_0.8000,grid,0.8,720637.7906626483,grid,,0.75,0.49740407415954435,0.15083254435085972,0.022453347166456555,0.0002971092688975052,3.678924627195954,0.46898972496686314
55,grid_0.8904,grid,0.8904,1455260.8384215753,grid,,0.75,0.4964951579571461,0.15077334577469148,0.022455394272608727,0.00027720752348595057,3.671479558609437,0.469324903574938
55,grid_0.9500,grid,0.95,2226688.869070666,grid,,0.75,0.49576246034071997,0.15074354140990728,0.022457345701814662,0.00026626957498576687,3.6686896220714402,0.4698344351614538
55,grid_1.0112,grid,1.0112,3354667.5939293443,grid,,0.75,0.4949341932182571,0.1507146249778395,0.02246082213743685,0.0002540760447739543,3.6672730444253547,0.4705990722494
55,grid_1.1500,grid,1.15,,grid,,0.75,0.49227953778403405,0.1506530101941803,0.022473361228484808,0.00022296825208298343,3.6744653633732876,0.4727084543199084
55,grid_1.3368,grid,1.3368,,grid,,0.75,0.48892637069136596,0.1506889927214839,0.02247597272576114,0.000231199801654286,3.6903638694274017,0.4784937331505726
55,rtp475,rtp,0.12882511304396593,475.0,grid,,0.8,0.5074669603009755,0.15216827577493977,0.022238135521471882,0.00091704863084624,3.9123762755313707,0.49780150796793954
55,grid_0.1645,grid,0.1645,911.0273456554891,grid,,0.8,0.5060326903435235,0.15154144085095592,0.022205158188963573,0.0007596501062201999,3.885662225465823,0.49070947104126406
55,grid_0.2109,grid,0.2109,1968.088273945377,grid,,0.8,0.5048596287228025,0.15105450877089732,0.022181268002424308,0.000636196617592788,3.854733119795272,0.48499929160316807
55,rtp2500,rtp,0.2286269540390678,2500.0,grid,,0.8,0.5045256785808354,0.150921366300764,0.022175085472335987,0.0006021733337533974,3.8440609027278962,0.4834083155539474
55,grid_0.2423,grid,0.2423,3063.9929274687547,grid,,0.8,0.5042975260740391,0.1508322475030648,0.0221710310802034,0.0005793358066223941,3.836219331640803,0.4823366618211504
55,grid_0.2700,grid,0.27,4547.050498587685,grid,,0.8,0.5038987080914632,0.1506795212852118,0.022164213935097814,0.000540104199642788,3.821271840784447,0.48049571735397223
55,rtp5000,rtp,0.27800486990953094,5000.0,grid,,0.8,0.5037950463529827,0.15064072603510445,0.022162527279012426,0.0005301010613709689,3.8171825049724526,0.4800261679791971
55,grid_0.2850,grid,0.285,5538.127788819713,grid,,0.8,0.5037073498958017,0.15060843625407735,0.0221611542602757,0.0005217468106227807,3.8136928299089536,0.4796315725367087
55,grid_0.3100,grid,0.31,7525.514436998458,grid,,0.8,0.5034132365495588,0.15050329506126106,0.02215677767481644,0.0004944641494805668,3.8018270140571846,0.47833089640672033
55,grid_0.3300,grid,0.33,9452.73981084357,grid,,0.8,0.5032011574838908,0.15043041371800345,0.022153784651876486,0.0004755247194931922,3.792911080805576,0.477429161810456
55,rtp10000,rtp,0.33620283762544556,10000.0,grid,,0.8,0.5031390536361464,0.15040945125811725,0.02215293255159042,0.00047007047617753095,3.7902410938559497,0.47716982794889373
55,grid_0.3434,grid,0.3434,10979.679365964186,grid,,0.8,0.5030703220852036,0.15038622706436214,0.022151977641405703,0.0004640396492481824,3.7871850774077114,0.4768869263295274
55,grid_0.3600,grid,0.36,13429.027054961303,grid,,0.8,0.5029106696775283,0.15033498075862306,0.022149943439413775,0.0004506630002817924,3.7804212599773677,0.47624383258407704
55,grid_0.3649,grid,0.3649,14226.223366879763,grid,,0.8,0.5028668815366771,0.15032087223840426,0.022149372298217822,0.0004469923322968361,3.7784646582542787,0.47607040079684226
55,grid_0.4000,grid,0.4,21048.889246704195,grid,,0.8,0.5025644659896193,0.1502277093620107,0.022145671675139738,0.0004226929850170147,3.765195115086706,0.4749132697595979
55,grid_0.4500,grid,0.45,34787.80604007105,grid,,0.8,0.5021376604888379,0.15011369418973947,0.02214147298942026,0.00039264819387035965,3.748475208322473,0.4734420927006004
55,grid_0.4898,grid,0.4898,49938.86483089346,grid,,0.8,0.5018141895039175,0.15003924911144534,0.02213878354807634,0.00037299272585000764,3.736551987873329,0.47251017803398837
55,grid_0.5000,grid,0.5,55409.392571070224,grid,,0.8,0.501727266035907,0.1500213705981835,0.02213816227399878,0.0003682493621587346,3.73372345501046,0.47228286384769197
55,grid_0.5500,grid,0.55,89607.3889940057,grid,,0.8,0.5013295213158794,0.14994480302360966,0.0221354571678864,0.0003479867859026986,3.720568744849748,0.47136796818920473
55,grid_0.5971,grid,0.5971,135617.24602337356,grid,,0.8,0.50087752853232,0.14987603344988937,0.02213345973101244,0.00032936567165992026,3.7101933929566875,0.4704738518029425
55,grid_0.6049,grid,0.6049,144791.2072494028,grid,,0.8,0.5008068661482902,0.14986653192145327,0.02213317133812697,0.00032680605203699864,3.7085372172265934,0.47036969478375634
55,grid_0.6500,grid,0.65,208087.91015592948,grid,,0.8,0.5003790471186903,0.14981630609714391,0.022131965414138064,0.00031296015845505565,3.699669215700484,0.4698788241035557
55,grid_0.7139,grid,0.7139,341254.74847721966,grid,,0.8,0.49971707121138215,0.14975655584275005,0.022130943448422563,0.00029608256946014877,3.6890060243256517,0.4694157714323776
55,grid_0.7892,grid,0.7892,659123.1682471304,grid,,0.8,0.49876434879520504,0.1496932154552314,0.022131077700239865,0.00027698105308646137,3.679789697828276,0.4690511625325159
55,grid_0.8000,grid,0.8,720637.7906626483,grid,,0.8,0.4985933906646568,0.149683459562427,0.022131245847990356,0.00027389221858636903,3.678924627195954,0.46898972496686314
55,grid_0.8904,grid,0.8904,1455260.8384215753,grid,,0.8,0.49731885440082196,0.14963345265484382,0.02213329896266803,0.000256871190741359,3.671479558609437,0.469324903574938
55,grid_0.9500,grid,0.95,2226688.869070666,grid,,0.8,0.49637373709439775,0.14960868116449708,0.0221352552662113,0.00024750221356883984,3.6686896220714402,0.4698344351614538
55,grid_1.0112,grid,1.0112,3354667.5939293443,grid,,0.8,0.4953454256220621,0.14958626661391392,0.022138742298836812,0.00023730886065212453,3.6672730444253547,0.4705990722494
55,grid_1.1500,grid,1.15,,grid,,0.8,0.4923090353073242,0.14953995874099224,0.022151319009718576,0.0002108802505390861,3.6744653633732876,0.4727084543199084
55,grid_1.3368,grid,1.3368,,grid,,0.8,0.48853155795407566,0.14958788957747973,0.022153932707280246,0.00022260400096402178,3.6903638694274017,0.4784937331505726
55,rtp475,rtp,0.12882511304396593,475.0,grid,,0.85,0.5216832671046501,0.15019622350166043,0.02157994588482492,0.0009789596693358105,3.9123762755313707,0.49780150796793954
55,grid_0.1645,grid,0.1645,911.0273456554891,grid,,0.85,0.520082947955192,0.1495071909814256,0.02154565838594721,0.0008067417692092516,3.885662225465823,0.49070947104126406
55,grid_0.2109,grid,0.2109,1968.088273945377,grid,,0.85,0.5187429625215216,0.14897399257183463,0.02152081278015879,0.0006724376826342526,3.854733119795272,0.48499929160316807
55,rtp2500,rtp,0.2286269540390678,2500.0,grid,,0.85,0.5183551098285252,0.1488286288046766,0.02151438177131556,0.000635578980564655,3.8440609027278962,0.4834083155539474
55,grid_0.2423,grid,0.2423,3063.9929274687547,grid,,0.85,0.5180882498419651,0.14873144527186155,0.021510164192457933,0.0006108786201988181,3.836219331640803,0.4823366618211504
55,grid_0.2700,grid,0.27,4547.050498587685,grid,,0.85,0.5176175045628036,0.14856515205884802,0.021503072270375827,0.0005685321358928075,3.821271840784447,0.48049571735397223
55,rtp5000,rtp,0.27800486990953094,5000.0,grid,,0.85,0.5174944368987727,0.1485229780324534,0.021501317418528565,0.0005577575851000716,3.8171825049724526,0.4800261679791971
55,grid_0.2850,grid,0.285,5538.127788819713,grid,,0.85,0.51739023107579,0.1484878999043873,0.02149988877482372,0.0005487676431916166,3.8136928299089536,0.4796315725367087
55,grid_0.3100,grid,0.31,7525.514436998458,grid,,0.85,0.5170401080270189,0.148373832673892,0.02149533484972755,0.0005194593726125518,3.8018270140571846,0.47833089640672033
55,grid_0.3300,grid,0.33,9452.73981084357,grid,,0.85,0.5167863269584547,0.14829487000996247,0.021492220530738706,0.0004991479405329624,3.792911080805576,0.477429161810456
55,rtp10000,rtp,0.33620283762544556,10000.0,grid,,0.85,0.516711799097915,0.1482721851187101,0.021491333847844164,0.0004933070320328747,3.7902410938559497,0.47716982794889373
55,grid_0.3434,grid,0.3434,10979.679365964186,grid,,0.85,0.5166289687433778,0.14824706086614692,0.021490340198747154,0.00048685085670391315,3.7871850774077114,0.4768869263295274
55,grid_0.3600,grid,0.36,13429.027054961303,grid,,0.85,0.5164376610319028,0.14819167909669373,0.021488223512247693,0.0004725502412497584,3.7804212599773677,0.47624383258407704
55,grid_0.3649,grid,0.3649,14226.223366879763,grid,,0.85,0.5163848305021893,0.14817644015400608,0.021487629222412697,0.0004686281943010462,3.7784646582542787,0.47607040079684226
55,grid_0.4000,grid,0.4,21048.889246704195,grid,,0.85,0.5160206712047096,0.14807595247135008,0.021483778909784416,0.0004427087905131133,3.765195115086706,0.4749132697595979
55,grid_0.4500,grid,0.45,34787.80604007105,grid,,0.85,0.5155130690373415,0.14795336512532434,0.021479409544985742,0.00041078870692179414,3.748475208322473,0.4734420927006004
55,grid_0.4898,grid,0.4898,49938.86483089346,grid,,0.85,0.5151304587068538,0.14787348791235141,0.021476610563034567,0.00038995786432977075,3.736551987873329,0.47251017803398837
55,grid_0.5000,grid,0.5,55409.392571070224,grid,,0.85,0.5150288496563185,0.14785433063979192,0.021475964045398716,0.00038493904354219843,3.73372345501046,0.47228286384769197
55,grid_0.5500,grid,0.55,89607.3889940057,grid,,0.85,0.514562785679952,0.1477723478134105,0.021473149034676415,0.0003635177436111525,3.720568744849748,0.47136796818920473
55,grid_0.5971,grid,0.5971,135617.24602337356,grid,,0.85,0.5140482852882473,0.1476988686206168,0.021471070178759124,0.0003438856130510981,3.7101933929566875,0.4704738518029425
55,grid_0.6049,grid,0.6049,144791.2072494028,grid,,0.85,0.5139676212952903,0.1476887014187372,0.021470770041091172,0.0003411824856617285,3.7085372172265934,0.47036969478375634
55,grid_0.6500,grid,0.65,208087.91015592948,grid,,0.85,0.5134831775806042,0.1476351189707469,0.02146951205388626,0.00032661629962033034,3.699669215700484,0.4698788241035557
55,grid_0.7139,grid,0.7139,341254.74847721966,grid,,0.85,0.5127432897040693,0.14757145917650505,0.02146844273101757,0.00030889283246532395,3.6890060243256517,0.4694157714323776
55,grid_0.7892,grid,0.7892,659123.1682471304,grid,,0.85,0.5116989546452536,0.14750400004875755,0.02146857119885441,0.00028885883152945935,3.679789697828276,0.4690511625325159
55,grid_0.8000,grid,0.8,720637.7906626483,grid,,0.85,0.51151429313049,0.14749359934750222,0.021468744082716932,0.00028561776576457865,3.678924627195954,0.46898972496686314
55,grid_0.8904,grid,0.8904,1455260.8384215753,grid,,0.85,0.5101323328690015,0.14744039637019277,0.021470862620736435,0.0002678078610631185,3.671479558609437,0.469324903574938
55,grid_0.9500,grid,0.95,2226688.869070666,grid,,0.85,0.5091161402104538,0.14741407624429695,0.021472887502210648,0.0002580223727487452,3.6686896220714402,0.4698344351614538
55,grid_1.0112,grid,1.0112,3354667.5939293443,grid,,0.85,0.5080175102377814,0.1473914706704261,0.021476489643175715,0.00024775598321535863,3.6672730444253547,0.4705990722494
55,grid_1.1500,grid,1.15,,grid,,0.85,0.504818582712038,0.14734675381334764,0.021489493192347525,0.00022157266698374922,3.6744653633732876,0.4727084543199084
55,grid_1.3368,grid,1.3368,,grid,,0.85,0.5008306708893266,0.1473958625955344,0.021492225991909676,0.0002333143183719799,3.6903638694274017,0.4784937331505726
55,rtp475,rtp,0.12882511304396593,475.0,grid,,0.9,0.5382665329255595,0.1482528316098827,0.020923251848841844,0.0010556502315063887,3.9123762755313707,0.49780150796793954
55,grid_0.1645,grid,0.1645,911.0273456554891,grid,,0.9,0.5365505390536724,0.1474933101135551,0.02088875330173,0.0008655232265233348,3.885662225465823,0.49070947104126406
55,grid_0.2109,grid,0.2109,1968.088273945377,grid,,0.9,0.5350969636635525,0.14690753517323446,0.020863750883778485,0.0007180730068966357,3.854733119795272,0.48499929160316807
55,rtp2500,rtp,0.2286269540390678,2500.0,grid,,0.9,0.5346728697957884,0.14674826179013217,0.020857278528275725,0.0006777738101494402,3.8440609027278962,0.4834083155539474
55,grid_0.2423,grid,0.2423,3063.9929274687547,grid,,0.9,0.5343801015634075,0.14664189767049965,0.020853033685412792,0.0006508124669925008,3.836219331640803,0.4823366618211504
55,grid_0.2700,grid,0.27,4547.050498587685,grid,,0.9,0.5338614745583835,0.1464601739846821,0.020845895675310852,0.0006046868883125001,3.821271840784447,0.48049571735397223
55,rtp5000,rtp,0.27800486990953094,5000.0,grid,,0.9,0.5337255143628947,0.1464141567640566,0.02084412928911512,0.0005929760118146277,3.8171825049724526,0.4800261679791971
55,grid_0.2850,grid,0.285,5538.127788819713,grid,,0.9,0.5336103437011724,0.1463759043472252,0.0208426911873217,0.0005832141861463191,3.8136928299089536,0.4796315725367087
55,grid_0.3100,grid,0.31,7525.514436998458,grid,,0.9,0.5332229623318826,0.1462516665649131,0.020838107093816515,0.0005514428791980053,3.8018270140571846,0.47833089640672033
55,grid_0.3300,grid,0.33,9452.73981084357,grid,,0.9,0.5329414456114058,0.14616578294575394,0.020834972131330915,0.0005294639728143369,3.792911080805576,0.477429161810456
55,rtp10000,rtp,0.33620283762544556,10000.0,grid,,0.9,0.5328586604956045,0.14614113986309363,0.020834079539866997,0.0005231532206173006,3.7902410938559497,0.47716982794889373
55,grid_0.3434,grid,0.3434,10979.679365964186,grid,,0.9,0.5327664890417099,0.14611386416632627,0.020833079279388055,0.0005161820222275848,3.7871850774077114,0.4768869263295274
55,grid_0.3600,grid,0.36,13429.027054961303,grid,,0.9,0.5325540551027026,0.14605378098185287,0.020830948533048916,0.0005007584060461312,3.7804212599773677,0.47624383258407704
55,grid_0.3649,grid,0.3649,14226.223366879763,grid,,0.9,0.5324952110071038,0.14603726173896092,0.02083035030210178,0.0004965315141119975,3.7784646582542787,0.47607040079684226
55,grid_0.4000,grid,0.4,21048.889246704195,grid,,0.9,0.5320898173494901,0.14592848738053976,0.020826474638623485,0.00046864879054886455,3.765195115086706,0.4749132697595979
55,grid_0.4500,grid,0.45,34787.80604007105,grid,,0.9,0.5315272234310745,0.14579615419983552,0.020822075994929093,0.00043444258453312345,3.748475208322473,0.4734420927006004
55,grid_0.4898,grid,0.4898,49938.86483089346,grid,,0.9,0.5311037563907083,0.14571013351441678,0.020819258125836085,0.00041218488295308164,3.736551987873329,0.47251017803398837
55,grid_0.5000,grid,0.5,55409.392571070224,grid,,0.9,0.5309918094440633,0.14568952588460518,0.020818607283139934,0.00040683066934110723,3.73372345501046,0.47228286384769197
55,grid_0.5500,grid,0.55,89607.3889940057,grid,,0.9,0.5304774166832171,0.14560145392506607,0.020815773445985054,0.00038400993910808756,3.720568744849748,0.47136796818920473
55,grid_0.5971,grid,0.5971,135617.24602337356,grid,,0.9,0.5299163694170046,0.14552255821726545,0.02081368052193475,0.0003631344281626592,3.7101933929566875,0.4704738518029425
55,grid_0.6049,grid,0.6049,144791.2072494028,grid,,0.9,0.529828176659639,0.14551163264232073,0.020813378359640245,0.00036025687459345646,3.7085372172265934,0.47036969478375634
55,grid_0.6500,grid,0.65,208087.91015592948,grid,,0.9,0.5293003144258214,0.1454542216751853,0.02081211006170679,0.0003448205414271488,3.699669215700484,0.4698788241035557
55,grid_0.7139,grid,0.7139,341254.74847721966,grid,,0.9,0.5284982145091571,0.14538608433576983,0.020811029977681035,0.0003260835408065432,3.6890060243256517,0.4694157714323776
55,grid_0.7892,grid,0.7892,659123.1682471304,grid,,0.9,0.5273758294297204,0.14531369911678899,0.020811152352658804,0.00030491879834587676,3.679789697828276,0.4690511625325159
55,grid_0.8000,grid,0.8,720637.7906626483,grid,,0.9,0.5271788223114097,0.14530249111965238,0.020811325096355675,0.0003014888292209861,3.678924627195954,0.46898972496686314
55,grid_0.8904,grid,0.8904,1455260.8384215753,grid,,0.9,0.5256997130614481,0.14524541145657743,0.020813446669323922,0.00028278287986654993,3.671479558609437,0.469324903574938
55,grid_0.9500,grid,0.95,2226688.869070666,grid,,0.9,0.5246162106864903,0.14521723826553046,0.02081547834078832,0.00027256794867952516,3.6686896220714402,0.4698344351614538
55,grid_1.0112,grid,1.0112,3354667.5939293443,grid,,0.9,0.5234498314982178,0.14519434056857136,0.020819088140636828,0.00026230839250546145,3.6672730444253547,0.4705990722494
55,grid_1.1500,grid,1.15,,grid,,0.9,0.5200875481270759,0.145151206211111,0.02083212661827669,0.00023674604626378049,3.6744653633732876,0.4727084543199084
55,grid_1.3368,grid,1.3368,,grid,,0.9,0.5158837816902199,0.14520140649097923,0.02083488565113334,0.00024856279582524676,3.6903638694274017,0.4784937331505726
55,rtp475,rtp,0.12882511304396593,475.0,grid,,0.95,0.5545348174437844,0.14837945942828007,0.021005732048541895,0.0010107319316867147,3.9123762755313707,0.49780150796793954
55,grid_0.1645,grid,0.1645,911.0273456554891,grid,,0.95,0.552329208470775,0.14764359697675666,0.02097068588087305,0.0008279458473618995,3.885662225465823,0.49070947104126406
55,grid_0.2109,grid,0.2109,1968.088273945377,grid,,0.95,0.5503765684126144,0.14707951178441464,0.020945282822414844,0.0006870999643269204,3.854733119795272,0.48499929160316807
55,rtp2500,rtp,0.2286269540390678,2500.0,grid,,0.95,0.5497901817777283,0.1469267958289537,0.020938706023919226,0.000648777308643822,3.8440609027278962,0.4834083155539474
55,grid_0.2423,grid,0.2423,3063.9929274687547,grid,,0.95,0.5493805774473295,0.14682499328554355,0.02093439254241605,0.0006231861108838554,3.836219331640803,0.4823366618211504
55,grid_0.2700,grid,0.27,4547.050498587685,grid,,0.95,0.5486441155212827,0.14665148515105067,0.020927138882167382,0.0005795192148414507,3.821271840784447,0.48049571735397223
55,rtp5000,rtp,0.27800486990953094,5000.0,grid,,0.95,0.5484493295555894,0.14660764159317732,0.020925343752802097,0.0005684568207114382,3.8171825049724526,0.4800261679791971
55,grid_0.2850,grid,0.285,5538.127788819713,grid,,0.95,0.5482841319480154,0.14657121199928713,0.020923882183953618,0.0005592380029863508,3.8136928299089536,0.4796315725367087
55,grid_0.3100,grid,0.31,7525.514436998458,grid,,0.95,0.5477273953507656,0.14645302868919396,0.0209192232744541,0.0005292663377837736,3.8018270140571846,0.47833089640672033
55,grid_0.3300,grid,0.33,9452.73981084357,grid,,0.95,0.5473198610467271,0.14637150902614124,0.020916037141356612,0.0005085815132331306,3.792911080805576,0.477429161810456
55,rtp10000,rtp,0.33620283762544556,10000.0,grid,,0.95,0.5471995253487546,0.14634815233309148,0.020915129949896243,0.0005026517414135068,3.7902410938559497,0.47716982794889373
55,grid_0.3434,grid,0.3434,10979.679365964186,grid,,0.95,0.5470646309812833,0.14632234204539354,0.020914113338664612,0.0004961144429845299,3.7871850774077114,0.4768869263295274
55,grid_0.3600,grid,0.36,13429.027054961303,grid,,0.95,0.5467569441696623,0.14626545027560398,0.020911947788557497,0.0004816341557676851,3.7804212599773677,0.47624383258407704
55,grid_0.3649,grid,0.3649,14226.223366879763,grid,,0.95,0.546670803842669,0.14624984023361914,0.020911339792556122,0.0004776759758030047,3.7784646582542787,0.47607040079684226
55,grid_0.4000,grid,0.4,21048.889246704195,grid,,0.95,0.5460798184748376,0.14614717513850098,0.02090740105306685,0.0004515957478968269,3.765195115086706,0.4749132697595979
55,grid_0.4500,grid,0.45,34787.80604007105,grid,,0.95,0.5452785594953669,0.1460224097422543,0.02090293035099023,0.0004196137959445734,3.748475208322473,0.4734420927006004
55,grid_0.4898,grid,0.4898,49938.86483089346,grid,,0.95,0.5446826437266564,0.14594161166437028,0.020900066199736868,0.00039888781545699414,3.736551987873329,0.47251017803398837
55,grid_0.5000,grid,0.5,55409.392571070224,grid,,0.95,0.544528614578047,0.1459222483310968,0.02089940470702563,0.0003938978509766544,3.73372345501046,0.47228286384769197
55,grid_0.5500,grid,0.55,89607.3889940057,grid,,0.95,0.5438190193317445,0.14583981829101939,0.02089652451257077,0.00037272808658678214,3.720568744849748,0.47136796818920473
55,grid_0.5971,grid,0.5971,135617.24602337356,grid,,0.95,0.5430881916149183,0.14576551541423127,0.020894397209553453,0.0003531882744230441,3.7101933929566875,0.4704738518029425
55,grid_0.6049,grid,0.6049,144791.2072494028,grid,,0.95,0.542973004654036,0.14575527713825237,0.020894090093557798,0.0003505107200909574,3.7085372172265934,0.47036969478375634
55,grid_0.6500,grid,0.65,208087.91015592948,grid,,0.95,0.5422947707614467,0.14570176160496537,0.020892799196563006,0.00033620413822715856,3.699669215700484,0.4698788241035557
55,grid_0.7139,grid,0.7139,341254.74847721966,grid,,0.95,0.5412941215276346,0.14563844410071755,0.02089169793938987,0.0003188584606879652,3.6890060243256517,0.4694157714323776
55,grid_0.7892,grid,0.7892,659123.1682471304,grid,,0.95,0.539955055307978,0.14557081993440735,0.020891815607211844,0.0002990480091638048,3.679789697828276,0.4690511625325159
55,grid_0.8000,grid,0.8,720637.7906626483,grid,,0.95,0.5397280779883813,0.14556021286232296,0.02089198993076743,0.0002957856377573398,3.678924627195954,0.46898972496686314
55,grid_0.8904,grid,0.8904,1455260.8384215753,grid,,0.95,0.5380120602712296,0.14550831331902223,0.02089413561843415,0.0002785336265125893,3.671479558609437,0.469324903574938
55,grid_0.9500,grid,0.95,2226688.869070666,grid,,0.95,0.5367820290272192,0.14548329525890125,0.020896194283556862,0.0002691949158317719,3.6686896220714402,0.4698344351614538
55,grid_1.0112,grid,1.0112,3354667.5939293443,grid,,0.95,0.535473295783144,0.14546502132648406,0.020899847234571896,0.0002602251949425649,3.6672730444253547,0.4705990722494
55,grid_1.1500,grid,1.15,,grid,,0.95,0.5318127503330966,0.14543344491204702,0.020913048463448318,0.0002378384355370966,3.6744653633732876,0.4727084543199084
55,grid_1.3368,grid,1.3368,,grid,,0.95,0.5272576381850732,0.14549270176230458,0.02091586146975669,0.00025226479633821963,3.6903638694274017,0.4784937331505726
55,rtp475,rtp,0.12882511304396593,475.0,grid,,1.0,0.5723325461049723,0.1487590442265533,0.021147590041081767,0.0009816631981158785,3.9123762755313707,0.49780150796793954
55,grid_0.1645,grid,0.1645,911.0273456554891,grid,,1.0,0.5696864348239629,0.14804122516139032,0.02111284539949858,0.0008033589477868808,3.885662225465823,0.49070947104126406
55,grid_0.2109,grid,0.2109,1968.088273945377,grid,,1.0,0.5672860739947921,0.14749406477138854,0.02108765900635891,0.0006668401364276488,3.854733119795272,0.48499929160316807
55,rtp2500,rtp,0.2286269540390678,2500.0,grid,,1.0,0.5665542942004537,0.1473465244406319,0.02108113793631457,0.0006298603284191628,3.8440609027278962,0.4834083155539474
55,grid_0.2423,grid,0.2423,3063.9929274687547,grid,,1.0,0.5660400740544205,0.14724833886672115,0.021076860934468547,0.0006052123645401974,3.836219331640803,0.4823366618211504
55,grid_0.2700,grid,0.27,4547.050498587685,grid,,1.0,0.5651086805982347,0.14708139326452954,0.021069668503642506,0.0005632677409926901,3.821271840784447,0.48049571735397223
55,rtp5000,rtp,0.27800486990953094,5000.0,grid,,1.0,0.5648612649587897,0.14703929362974713,0.02106788846686792,0.000552665404267072,3.8171825049724526,0.4800261679791971
55,grid_0.2850,grid,0.285,5538.127788819713,grid,,1.0,0.5646513120540366,0.1470043265367969,0.021066439153488038,0.0005438328670491765,3.8136928299089536,0.4796315725367087
55,grid_0.3100,grid,0.31,7525.514436998458,grid,,1.0,0.5639430416120987,0.1468910056329096,0.02106181930512696,0.0005151482307205191,3.8018270140571846,0.47833089640672033
55,grid_0.3300,grid,0.33,9452.73981084357,grid,,1.0,0.5634227515701269,0.14681300928365446,0.021058659883569586,0.0004953998113528257,3.792911080805576,0.477429161810456
55,rtp10000,rtp,0.33620283762544556,10000.0,grid,,1.0,0.5632688196912721,0.14679069530957548,0.02105776028188346,0.0004897479475851618,3.7902410938559497,0.47716982794889373
55,grid_0.3434,grid,0.3434,10979.679365964186,grid,,1.0,0.5630957143443569,0.14676608194954588,0.021056752181247855,0.0004835306295729591,3.7871850774077114,0.4768869263295274
55,grid_0.3600,grid,0.36,13429.027054961303,grid,,1.0,0.5627027681627671,0.1467117817441751,0.021054604774040996,0.00046974212850947605,3.7804212599773677,0.47624383258407704
55,grid_0.3649,grid,0.3649,14226.223366879763,grid,,1.0,0.5625922040938327,0.14669691526091388,0.021054001875069447,0.00046598307199829936,3.7784646582542787,0.47607040079684226
55,grid_0.4000,grid,0.4,21048.889246704195,grid,,1.0,0.5618350827442077,0.1465992615865808,0.021050096251162168,0.00044124724656857683,3.765195115086706,0.4749132697595979
55,grid_0.4500,grid,0.45,34787.80604007105,grid,,1.0,0.560819707837467,0.14648068062663797,0.02104566292504633,0.00041092687179677956,3.748475208322473,0.4734420927006004
55,grid_0.4898,grid,0.4898,49938.86483089346,grid,,1.0,0.5600687833492128,0.1464041866805064,0.021042822661483947,0.0003913632160966185,3.736551987873329,0.47251017803398837
55,grid_0.5000,grid,0.5,55409.392571070224,grid,,1.0,0.5598768363920412,0.14638584452059994,0.021042166707024336,0.00038664876898492073,3.73372345501046,0.47228286384769197
55,grid_0.5500,grid,0.55,89607.3889940057,grid,,1.0,0.5589912126566553,0.14630809384862783,0.02103931063651745,0.0003667476891014432,3.720568744849748,0.47136796818920473
55,grid_0.5971,grid,0.5971,135617.24602337356,grid,,1.0,0.5581061438770797,0.1462374800112434,0.021037201085341593,0.00034819947469721946,3.7101933929566875,0.4704738518029425
55,grid_0.6049,grid,0.6049,144791.2072494028,grid,,1.0,0.5579663825365146,0.14622779866598462,0.02103689653818683,0.00034567256451289996,3.7085372172265934,0.47036969478375634
55,grid_0.6500,grid,0.65,208087.91015592948,grid,,1.0,0.5571508104326567,0.14617744535874228,0.021035615511093786,0.0003322300205143014,3.699669215700484,0.4698788241035557
55,grid_0.7139,grid,0.7139,341254.74847721966,grid,,1.0,0.5559674467806645,0.1461180083171733,0.021034521699898594,0.00031595065467893146,3.6890060243256517,0.4694157714323776
55,grid_0.7892,grid,0.7892,659123.1682471304,grid,,1.0,0.5544261611217978,0.14605396334944848,0.0210346349917947,0.00029712521828734184,3.679789697828276,0.4690511625325159
55,grid_0.8000,grid,0.8,720637.7906626483,grid,,1.0,0.5541708042007778,0.14604375707675812,0.021034807227276235,0.00029397175381890017,3.678924627195954,0.46898972496686314
55,grid_0.8904,grid,0.8904,1455260.8384215753,grid,,1.0,0.5522301033129339,0.14599576862078426,0.02103692964106737,0.0002778348141062037,3.671479558609437,0.469324903574938
55,grid_0.9500,grid,0.95,2226688.869070666,grid,,1.0,0.550859054833796,0.14597316023676946,0.021038967998902234,0.00026919551060733404,3.6686896220714402,0.4698344351614538
55,grid_1.0112,grid,1.0112,3354667.5939293443,grid,,1.0,0.5494124907916194,0.14595860845764203,0.02104258230480551,0.0002613330780857348,3.6672730444253547,0.4705990722494
55,grid_1.1500,grid,1.15,,grid,,1.0,0.5454581728514588,0.14593653672615764,0.021055647318523073,0.00024182543310208304,3.6744653633732876,0.4727084543199084
55,grid_1.3368,grid,1.3368,,grid,,1.0,0.5405530744800687,0.14600389376794265,0.02105844160890892,0.0002586953864917585,3.6903638694274017,0.4784937331505726
55,rtp475,rtp,0.12882511304396593,475.0,grid,,1.05,0.5739672890708044,0.1508654899641007,0.0218558927715058,0.0009045032906023764,3.9123762755313707,0.49780150796793954
55,grid_0.1645,grid,0.1645,911.0273456554891,grid,,1.05,0.5711069319053893,0.15020857944211144,0.021820555989763277,0.0007420613482538307,3.885662225465823,0.49070947104126406
55,grid_0.2109,grid,0.2109,1968.088273945377,grid,,1.05,0.5684888241815284,0.1497101636084114,0.021794934898414844,0.0006181981892424693,3.854733119795272,0.48499929160316807
55,rtp2500,rtp,0.2286269540390678,2500.0,grid,,1.05,0.5676862805120839,0.14957621257199502,0.021788300225337214,0.0005847431420454297,3.8440609027278962,0.4834083155539474
55,grid_0.2423,grid,0.2423,3063.9929274687547,grid,,1.05,0.5671211276688801,0.149487198187351,0.02178394851293257,0.0005624739089717945,3.836219331640803,0.4823366618211504
55,grid_0.2700,grid,0.27,4547.050498587685,grid,,1.05,0.5660947427545825,0.14933617654319956,0.02177663011773548,0.0005246635068061889,3.821271840784447,0.48049571735397223
55,rtp5000,rtp,0.27800486990953094,5000.0,grid,,1.05,0.5658216592078652,0.14929816034370524,0.02177481872863495,0.0005151219533797713,3.8171825049724526,0.4800261679791971
55,grid_0.2850,grid,0.285,5538.127788819713,grid,,1.05,0.5655899026440204,0.14926659479179244,0.021773343792596902,0.0005071725281402539,3.8136928299089536,0.4796315725367087
55,grid_0.3100,grid,0.31,7525.514436998458,grid,,1.05,0.5648077608892075,0.14916433477239385,0.021768642257975788,0.00048135651011499414,3.8018270140571846,0.47833089640672033
55,grid_0.3300,grid,0.33,9452.73981084357,grid,,1.05,0.5642324003238334,0.14909407294698593,0.021765426970674986,0.0004636156172461714,3.792911080805576,0.477429161810456
55,rtp10000,rtp,0.33620283762544556,10000.0,grid,,1.05,0.5640620518491564,0.14907400153560346,0.02176451141700058,0.00045854651683652214,3.7902410938559497,0.47716982794889373
55,grid_0.3434,grid,0.3434,10979.679365964186,grid,,1.05,0.5638702634674381,0.14905191606687274,0.021763485456186848,0.00045298822701922425,3.7871850774077114,0.4768869263295274
55,grid_0.3600,grid,0.36,13429.027054961303,grid,,1.05,0.5634356516036086,0.1490030931592133,0.021761300045752982,0.00044062172526021515,3.7804212599773677,0.47624383258407704
55,grid_0.3649,grid,0.3649,14226.223366879763,grid,,1.05,0.5633131214683855,0.14898975864224787,0.02176068648681824,0.00043726169345703614,3.7784646582542787,0.47607040079684226
55,grid_0.4000,grid,0.4,21048.889246704195,grid,,1.05,0.562474578471635,0.14890223514816903,0.02175671208820122,0.0004151635439194057,3.765195115086706,0.4749132697595979
55,grid_0.4500,grid,0.45,34787.80604007105,grid,,1.05,0.561354039878483,0.14879585049343363,0.021752200041335244,0.0003880050827290149,3.748475208322473,0.4734420927006004
55,grid_0.4898,grid,0.4898,49938.86483089346,grid,,1.05,0.560526492146882,0.14872748071011932,0.021749309177947155,0.0003705543404317613,3.736551987873329,0.47251017803398837
55,grid_0.5000,grid,0.5,55409.392571070224,grid,,1.05,0.5603157443225262,0.1487110547651827,0.021748641598707718,0.0003663362106654522,3.73372345501046,0.47228286384769197
55,grid_0.5500,grid,0.55,89607.3889940057,grid,,1.05,0.5593421301482796,0.14864175494731421,0.021745734942303134,0.00034863637151427707,3.720568744849748,0.47136796818920473
55,grid_0.5971,grid,0.5971,135617.24602337356,grid,,1.05,0.5583794350354148,0.14857806625846096,0.021743587839526735,0.00033185393357687554,3.7101933929566875,0.4704738518029425
55,grid_0.6049,grid,0.6049,144791.2072494028,grid,,1.05,0.5582270649079517,0.14856937568015763,0.02174327788875929,0.00032958150123252317,3.7085372172265934,0.47036969478375634
55,grid_0.6500,grid,0.65,208087.91015592948,grid,,1.05,0.5573406186457476,0.14852457349793863,0.021741971470206553,0.0003175774625380212,3.699669215700484,0.4698788241035557
55,grid_0.7139,grid,0.7139,341254.74847721966,grid,,1.05,0.5560612107802608,0.1484718713356001,0.021740853189011283,0.00030304338888370586,3.6890060243256517,0.4694157714323776
55,grid_0.7892,grid,0.7892,659123.1682471304,grid,,1.05,0.5544112630465544,0.14841449690728634,0.021740958771633883,0.00028590412060902626,3.679789697828276,0.4690511625325159
55,grid_0.8000,grid,0.8,720637.7906626483,grid,,1.05,0.5541405155245718,0.1484051765630587,0.02174113225850955,0.0002829641722030818,3.678924627195954,0.46898972496686314
55,grid_0.8904,grid,0.8904,1455260.8384215753,grid,,1.05,0.5520739480652709,0.14836394045185794,0.021743277082023508,0.00026858174437893734,3.671479558609437,0.469324903574938
55,grid_0.9500,grid,0.95,2226688.869070666,grid,,1.05,0.5506217802408071,0.14834548145269083,0.021745342783144207,0.00026103908428642963,3.6686896220714402,0.4698344351614538
55,grid_1.0112,grid,1.0112,3354667.5939293443,grid,,1.05,0.5490970386520655,0.14833688404395728,0.02174899803608328,0.0002548331317871466,3.6672730444253547,0.4705990722494
55,grid_1.1500,grid,1.15,,grid,,1.05,0.544989905492433,0.1483314863799813,0.021762220940136075,0.00024000891155850912,3.6744653633732876,0.4727084543199084
55,grid_1.3368,grid,1.3368,,grid,,1.05,0.5398917060742702,0.1484023277896834,0.021765078706258108,0.00025817218713852785,3.6903638694274017,0.4784937331505726
55,rtp475,rtp,0.12882511304396593,475.0,grid,,1.1,0.5776493922438302,0.15300287573402152,0.02255306592699293,0.0008568140558875004,3.9123762755313707,0.49780150796793954
55,grid_0.1645,grid,0.1645,911.0273456554891,grid,,1.1,0.5747294246255319,0.15239173859520888,0.022517742698741947,0.0007054992933285265,3.885662225465823,0.49070947104126406
55,grid_0.2109,grid,0.2109,1968.088273945377,grid,,1.1,0.5720570389972109,0.15192955568681943,0.02249212683082356,0.000590463060370805,3.854733119795272,0.48499929160316807
55,rtp2500,rtp,0.2286269540390678,2500.0,grid,,1.1,0.5712378550665211,0.1518056245220173,0.02248549262125775,0.0005594550152619449,3.8440609027278962,0.4834083155539474
55,grid_0.2423,grid,0.2423,3063.9929274687547,grid,,1.1,0.5706609885522836,0.15172335691630032,0.02248114104117762,0.0005388359927734343,3.836219331640803,0.4823366618211504
55,grid_0.2700,grid,0.27,4547.050498587685,grid,,1.1,0.5696132702633823,0.15158404078385762,0.022473822587131282,0.0005038988332309313,3.821271840784447,0.48049571735397223
55,rtp5000,rtp,0.27800486990953094,5000.0,grid,,1.1,0.5693344871861868,0.1515490161082134,0.02247201103623937,0.0004950932471281533,3.8171825049724526,0.4800261679791971
55,grid_0.2850,grid,0.285,5538.127788819713,grid,,1.1,0.5690979278085253,0.15151993580473258,0.02247053588897808,0.00048775505729220514,3.8136928299089536,0.4796315725367087
55,grid_0.3100,grid,0.31,7525.514436998458,grid,,1.1,0.5682995129680982,0.15142570751889026,0.02246583366933244,0.00046391122826405784,3.8018270140571846,0.47833089640672033
55,grid_0.3300,grid,0.33,9452.73981084357,grid,,1.1,0.5677120570146462,0.15136105255216217,0.02246261790908246,0.00044755032061594147,3.792911080805576,0.477429161810456
55,rtp10000,rtp,0.33620283762544556,10000.0,grid,,1.1,0.5675381182810001,0.15134260749719008,0.02246170218240149,0.00044288266164704826,3.7902410938559497,0.47716982794889373
55,grid_0.3434,grid,0.3434,10979.679365964186,grid,,1.1,0.5673422777359146,0.15132237057242195,0.022460676040724586,0.00043778379493281117,3.7871850774077114,0.4768869263295274
55,grid_0.3600,grid,0.36,13429.027054961303,grid,,1.1,0.566898496768016,0.15127750180573948,0.022458490278487883,0.00042639227409763114,3.7804212599773677,0.47624383258407704
55,grid_0.3649,grid,0.3649,14226.223366879763,grid,,1.1,0.5667733442495118,0.1512652805291345,0.022457876628682157,0.0004233084648755936,3.7784646582542787,0.47607040079684226
55,grid_0.4000,grid,0.4,21048.889246704195,grid,,1.1,0.5659168109479599,0.15118509676022496,0.022453901873141276,0.0004030316092573094,3.765195115086706,0.4749132697595979
55,grid_0.4500,grid,0.45,34787.80604007105,grid,,1.1,0.5647718105328245,0.15108736640858106,0.022449388899688373,0.00037800338859245164,3.748475208322473,0.4734420927006004
55,grid_0.4898,grid,0.4898,49938.86483089346,grid,,1.1,0.5639254756721881,0.1510247747052774,0.022446497302728678,0.00036198527205111297,3.736551987873329,0.47251017803398837
55,grid_0.5000,grid,0.5,55409.392571070224,grid,,1.1,0.563709852352202,0.15100969310280246,0.022445829605205102,0.00035809780579748596,3.73372345501046,0.47228286384769197
55,grid_0.5500,grid,0.55,89607.3889940057,grid,,1.1,0.5627127214756433,0.15094638717439005,0.02244292245677462,0.00034188934422624273,3.720568744849748,0.47136796818920473
55,grid_0.5971,grid,0.5971,135617.24602337356,grid,,1.1,0.5617260403193964,0.15088729959741493,0.022440774827990694,0.0003262023518093571,3.7101933929566875,0.4704738518029425
55,grid_0.6049,grid,0.6049,144791.2072494028,grid,,1.1,0.5615695314072364,0.15087927476329563,0.02244046481547926,0.0003240907376187985,3.7085372172265934,0.47036969478375634
55,grid_0.6500,grid,0.65,208087.91015592948,grid,,1.1,0.5606584838544707,0.15083823308648023,0.02243915589062875,0.00031301667002259226,3.699669215700484,0.4698788241035557
55,grid_0.7139,grid,0.7139,341254.74847721966,grid,,1.1,0.5593414184357948,0.15079002290563875,0.022438033106677243,0.000299597901205817,3.6890060243256517,0.4694157714323776
55,grid_0.7892,grid,0.7892,659123.1682471304,grid,,1.1,0.5576406737487796,0.1507366397589057,0.02243813047650628,0.0002834040892998324,3.679789697828276,0.4690511625325159
55,grid_0.8000,grid,0.8,720637.7906626483,grid,,1.1,0.5573616400887292,0.1507277630200667,0.02243830246757858,0.0002805560774548077,3.678924627195954,0.46898972496686314
55,grid_0.8904,grid,0.8904,1455260.8384215753,grid,,1.1,0.5552255145835537,0.15069063869132165,0.02244043476274057,0.00026723382645787996,3.671479558609437,0.469324903574938
55,grid_0.9500,grid,0.95,2226688.869070666,grid,,1.1,0.5537228712981326,0.15067483049973807,0.0224424933387294,0.0002604112073953946,3.6686896220714402,0.4698344351614538
55,grid_1.0112,grid,1.0112,3354667.5939293443,grid,,1.1,0.5521475854038936,0.15067044033449087,0.02244612967657066,0.0002554519140187117,3.6672730444253547,0.4705990722494
55,grid_1.1500,grid,1.15,,grid,,1.1,0.54793183144631,0.1506774706368181,0.02245929260611037,0.00024440755139881754,3.6744653633732876,0.4727084543199084
55,grid_1.3368,grid,1.3368,,grid,,1.1,0.5426850267115293,0.15075105090248506,0.022462162472310927,0.00026371687589271664,3.6903638694274017,0.4784937331505726
55,rtp475,rtp,0.12882511304396593,475.0,grid,,1.15,0.5830535402902396,0.155418786416793,0.023320288789368915,0.0008347103818998058,3.9123762755313707,0.49780150796793954
55,grid_0.1645,grid,0.1645,911.0273456554891,grid,,1.15,0.5802089292784864,0.15484209808510455,0.023285624516642484,0.0006904508227546513,3.885662225465823,0.49070947104126406
55,grid_0.2109,grid,0.2109,1968.088273945377,grid,,1.15,0.5776248941650147,0.1544067161053425,0.023260482984333065,0.0005809509941027691,3.854733119795272,0.48499929160316807
55,rtp2500,rtp,0.2286269540390678,2500.0,grid,,1.15,0.5768362859791702,0.15429009774670413,0.023253970941917737,0.0005514633207697739,3.8440609027278962,0.4834083155539474
55,grid_0.2423,grid,0.2423,3063.9929274687547,grid,,1.15,0.5762819175351793,0.15421273431044316,0.023249699361558393,0.0005318680619449401,3.836219331640803,0.4823366618211504
55,grid_0.2700,grid,0.27,4547.050498587685,grid,,1.15,0.5752771156611365,0.15408191049321013,0.023242515229222008,0.0004987199120156105,3.821271840784447,0.48049571735397223
55,rtp5000,rtp,0.27800486990953094,5000.0,grid,,1.15,0.5750100503998599,0.15404904302011196,0.023240736818187554,0.0004903708372247517,3.8171825049724526,0.4800261679791971
55,grid_0.2850,grid,0.285,5538.127788819713,grid,,1.15,0.5747835170137587,0.15402174699948223,0.023239288597103617,0.00048340995166890055,3.8136928299089536,0.4796315725367087
55,grid_0.3100,grid,0.31,7525.514436998458,grid,,1.15,0.574019068687774,0.15393322687342223,0.023234672197617906,0.0004607661380465755,3.8018270140571846,0.47833089640672033
55,grid_0.3300,grid,0.33,9452.73981084357,grid,,1.15,0.5734570016328182,0.1538725421234486,0.023231515122651394,0.00044524409688107003,3.792911080805576,0.477429161810456
55,rtp10000,rtp,0.33620283762544556,10000.0,grid,,1.15,0.5732906600581948,0.15385524903976153,0.02323061607734192,0.00044082157974512093,3.7902410938559497,0.47716982794889373
55,grid_0.3434,grid,0.3434,10979.679365964186,grid,,1.15,0.5731035283852668,0.15383633832486865,0.02322960863818853,0.000436010351014926,3.7871850774077114,0.4768869263295274
55,grid_0.3600,grid,0.36,13429.027054961303,grid,,1.15,0.5726789232605195,0.15379424874082998,0.02322746273801667,0.00042520820773961354,3.7804212599773677,0.47624383258407704
55,grid_0.3649,grid,0.3649,14226.223366879763,grid,,1.15,0.5725592980897934,0.15378281777943287,0.023226860285195005,0.00042229475898725166,3.7784646582542787,0.47607040079684226
55,grid_0.4000,grid,0.4,21048.889246704195,grid,,1.15,0.5717401019367186,0.15370781852930415,0.023222958227824907,0.0004031352492125939,3.765195115086706,0.4749132697595979
55,grid_0.4500,grid,0.45,34787.80604007105,grid,,1.15,0.5706410417255308,0.15361598717873115,0.023218527439744528,0.0003793440771515666,3.748475208322473,0.4734420927006004
55,grid_0.4898,grid,0.4898,49938.86483089346,grid,,1.15,0.569826380978299,0.15355734054654505,0.02321568839625909,0.0003641684394685152,3.736551987873329,0.47251017803398837
55,grid_0.5000,grid,0.5,55409.392571070224,grid,,1.15,0.5696180340383378,0.15354315503097446,0.02321503287313121,0.00036046758373464716,3.73372345501046,0.47228286384769197
55,grid_0.5500,grid,0.55,89607.3889940057,grid,,1.15,0.568653652090909,0.15348391114883211,0.023212178749288347,0.0003451322322542416,3.720568744849748,0.47136796818920473
55,grid_0.5971,grid,0.5971,135617.24602337356,grid,,1.15,0.5676898242194623,0.15342757693795897,0.023210070165843116,0.0003299511992101989,3.7101933929566875,0.4704738518029425
55,grid_0.6049,grid,0.6049,144791.2072494028,grid,,1.15,0.5675365738311561,0.15341995692584526,0.023209765800379097,0.0003279173827491211,3.7085372172265934,0.47036969478375634
55,grid_0.6500,grid,0.65,208087.91015592948,grid,,1.15,0.5666413491625412,0.15338122676969787,0.023208478987429462,0.00031732173794801755,3.699669215700484,0.4698788241035557
55,grid_0.7139,grid,0.7139,341254.74847721966,grid,,1.15,0.565337669148247,0.1533356642542809,0.023207373355577213,0.00030445257672434556,3.6890060243256517,0.4694157714323776
55,grid_0.7892,grid,0.7892,659123.1682471304,grid,,1.15,0.5636367932413663,0.15328401265453284,0.023207462599922863,0.0002885259355521197,3.679789697828276,0.4690511625325159
55,grid_0.8000,grid,0.8,720637.7906626483,grid,,1.15,0.5633557068106848,0.15327520249334717,0.023207630277197515,0.0002856574221790642,3.678924627195954,0.46898972496686314
55,grid_0.8904,grid,0.8904,1455260.8384215753,grid,,1.15,0.5611994347425093,0.15323984873536436,0.023209713729596796,0.0002727375108405594,3.671479558609437,0.469324903574938
55,grid_0.9500,grid,0.95,2226688.869070666,grid,,1.15,0.5596732774500751,0.1532253190440966,0.02321172898131416,0.00026626941485102806,3.6686896220714402,0.4698344351614538
55,grid_1.0112,grid,1.0112,3354667.5939293443,grid,,1.15,0.5580717968804839,0.1532235220635856,0.023215283926903724,0.00026216378666638063,3.6672730444253547,0.4705990722494
55,grid_1.1500,grid,1.15,,grid,,1.15,0.5537866120584741,0.1532390151926679,0.02322815879116278,0.0002540369860559166,3.6744653633732876,0.4727084543199084
55,grid_1.3368,grid,1.3368,,grid,,1.15,0.5484308587710482,0.15331436037748197,0.023230985228141668,0.0002743078698147494,3.6903638694274017,0.4784937331505726
55,rtp475,rtp,0.12882511304396593,475.0,grid,,1.2,0.5898051860452816,0.15832830028454706,0.02423424722956113,0.0008336034414325733,3.9123762755313707,0.49780150796793954
55,grid_0.1645,grid,0.1645,911.0273456554891,grid,,1.2,0.5871370153865343,0.15777836451529875,0.02420093502432265,0.0006930772847998368,3.885662225465823,0.49070947104126406
55,grid_0.2109,grid,0.2109,1968.088273945377,grid,,1.2,0.5847481349785706,0.1573633428443377,0.02417677197094851,0.0005864497001960567,3.854733119795272,0.48499929160316807
55,rtp2500,rtp,0.2286269540390678,2500.0,grid,,1.2,0.5840254575689352,0.15725218106019032,0.02417051295654987,0.0005577354916370125,3.8440609027278962,0.4834083155539474
55,grid_0.2423,grid,0.2423,3063.9929274687547,grid,,1.2,0.5835192044057922,0.15717845703262714,0.024166407266526455,0.00053866008863096,3.836219331640803,0.4823366618211504
55,grid_0.2700,grid,0.27,4547.050498587685,grid,,1.2,0.582605428164091,0.15705391730462837,0.024159501993885772,0.0005064309468432726,3.821271840784447,0.48049571735397223
55,rtp5000,rtp,0.27800486990953094,5000.0,grid,,1.2,0.582363122524603,0.15702263204870356,0.02415779255309838,0.0004983144224041669,3.8171825049724526,0.4800261679791971
55,grid_0.2850,grid,0.285,5538.127788819713,grid,,1.2,0.5821577184157287,0.1569966370135168,0.024156400462241247,0.0004915435713127025,3.8136928299089536,0.4796315725367087
55,grid_0.3100,grid,0.31,7525.514436998458,grid,,1.2,0.5814648540689775,0.15691222029894358,0.02415196297847445,0.0004694819006697548,3.8018270140571846,0.47833089640672033
55,grid_0.3300,grid,0.33,9452.73981084357,grid,,1.2,0.5809562431406516,0.15685437345237863,0.024148928255826173,0.0004543662153120853,3.792911080805576,0.477429161810456
55,rtp10000,rtp,0.33620283762544556,10000.0,grid,,1.2,0.580805875556167,0.1568379040263251,0.024148064033657463,0.00045006410571329925,3.7902410938559497,0.47716982794889373
55,grid_0.3434,grid,0.3434,10979.679365964186,grid,,1.2,0.5806370079916361,0.1568199582825003,0.024147095621973407,0.0004454036937517336,3.7871850774077114,0.4768869263295274
55,grid_0.3600,grid,0.36,13429.027054961303,grid,,1.2,0.5802528023595538,0.15677983419555339,0.02414503286596615,0.0004348835444190624,3.7804212599773677,0.47624383258407704
55,grid_0.3649,grid,0.3649,14226.223366879763,grid,,1.2,0.5801448069854922,0.15676896992558895,0.02414445375870361,0.00043205617282660036,3.7784646582542787,0.47607040079684226
55,grid_0.4000,grid,0.4,21048.889246704195,grid,,1.2,0.579404376385295,0.1566976619359102,0.02414070301009667,0.00041345424608413284,3.765195115086706,0.4749132697595979
55,grid_0.4500,grid,0.45,34787.80604007105,grid,,1.2,0.5784039714646213,0.1566098107056747,0.024136443883686024,0.0003901889255812363,3.748475208322473,0.4734420927006004
55,grid_0.4898,grid,0.4898,49938.86483089346,grid,,1.2,0.5776587713709087,0.15655382833273454,0.024133714773476037,0.0003753863921592826,3.736551987873329,0.47251017803398837
55,grid_0.5000,grid,0.5,55409.392571070224,grid,,1.2,0.5774668005265153,0.15654022517951946,0.024133084658499143,0.00037175744075551576,3.73372345501046,0.47228286384769197
55,grid_0.5500,grid,0.55,89607.3889940057,grid,,1.2,0.5765773062417611,0.15648368640959134,0.02413034117320889,0.0003568029391264327,3.720568744849748,0.47136796818920473
55,grid_0.5971,grid,0.5971,135617.24602337356,grid,,1.2,0.5756714113147657,0.1564287985159746,0.02412831425275776,0.0003416547523936164,3.7101933929566875,0.4704738518029425
55,grid_0.6049,grid,0.6049,144791.2072494028,grid,,1.2,0.5755269614554275,0.15642139686760553,0.024128021682350696,0.0003396317156622586,3.7085372172265934,0.47036969478375634
55,grid_0.6500,grid,0.65,208087.91015592948,grid,,1.2,0.5746778474991797,0.1563839304366288,0.024126783654804106,0.00032915004400424497,3.699669215700484,0.4698788241035557
55,grid_0.7139,grid,0.7139,341254.74847721966,grid,,1.2,0.5734258084348972,0.15633966096173663,0.02412571881385286,0.00031637077577789663,3.6890060243256517,0.4694157714323776
55,grid_0.7892,grid,0.7892,659123.1682471304,grid,,1.2,0.5717627905830686,0.15628804464547177,0.024125800658429893,0.00030015224067508894,3.679789697828276,0.4690511625325159
55,grid_0.8000,grid,0.8,720637.7906626483,grid,,1.2,0.5714843261996257,0.15627901633448166,0.024125961106445486,0.0002971698400277001,3.678924627195954,0.46898972496686314
55,grid_0.8904,grid,0.8904,1455260.8384215753,grid,,1.2,0.5693450010952973,0.15624358494848056,0.024127957647578576,0.00028410018997448994,3.671479558609437,0.469324903574938
55,grid_0.9500,grid,0.95,2226688.869070666,grid,,1.2,0.5678155923080482,0.156229220273098,0.024129891243987192,0.00027767802315298296,3.6686896220714402,0.4698344351614538
55,grid_1.0112,grid,1.0112,3354667.5939293443,grid,,1.2,0.5662062091611386,0.1562286715343146,0.02413329902589432,0.000274098783482446,3.6672730444253547,0.4705990722494
55,grid_1.1500,grid,1.15,,grid,,1.2,0.561880950322998,0.15624930159346703,0.024145644969190576,0.00026819927925564313,3.6744653633732876,0.4727084543199084
55,grid_1.3368,grid,1.3368,,grid,,1.2,0.5564460193319234,0.15632555826048392,0.024148367583131776,0.0002893125823201781,3.6903638694274017,0.4784937331505726
55,rtp475,rtp,0.12882511304396593,475.0,grid,,1.25,0.59635155038627,0.16391938898934547,0.025995706672858918,0.0008738594137814304,3.9123762755313707,0.49780150796793954
55,grid_0.1645,grid,0.1645,911.0273456554891,grid,,1.25,0.5937825675705453,0.1633648237530318,0.025963531485529368,0.0007245341543297701,3.885662225465823,0.49070947104126406
55,grid_0.2109,grid,0.2109,1968.088273945377,grid,,1.25,0.591498115696673,0.16294850003087163,0.025940192495043198,0.0006120211672677733,3.854733119795272,0.48499929160316807
55,rtp2500,rtp,0.2286269540390678,2500.0,grid,,1.25,0.5908099138128511,0.1628374383085561,0.02593414681595916,0.0005818844989336491,3.8440609027278962,0.4834083155539474
55,grid_0.2423,grid,0.2423,3063.9929274687547,grid,,1.25,0.5903286239103837,0.16276392069957293,0.025930181037705165,0.0005619128437917009,3.836219331640803,0.4823366618211504
55,grid_0.2700,grid,0.27,4547.050498587685,grid,,1.25,0.5894617152640337,0.1626400665513032,0.025923511026451133,0.0005282802213611992,3.821271840784447,0.48049571735397223
55,rtp5000,rtp,0.27800486990953094,5000.0,grid,,1.25,0.5892320681995246,0.16260902171498542,0.025921859816862253,0.0005198341262423467,3.8171825049724526,0.4800261679791971
55,grid_0.2850,grid,0.285,5538.127788819713,grid,,1.25,0.5890374390446714,0.1625832504890237,0.025920515138837717,0.0005127982007389065,3.8136928299089536,0.4796315725367087
55,grid_0.3100,grid,0.31,7525.514436998458,grid,,1.25,0.5883808102560876,0.1624996655325845,0.025916228788990393,0.000489912509211432,3.8018270140571846,0.47833089640672033
55,grid_0.3300,grid,0.33,9452.73981084357,grid,,1.25,0.5878990273722348,0.16244252641623252,0.025913297421925857,0.0004742769665625479,3.792911080805576,0.477429161810456
55,rtp10000,rtp,0.33620283762544556,10000.0,grid,,1.25,0.5877566504725616,0.16242629235410674,0.02591246262540882,0.0004698378224929356,3.7902410938559497,0.47716982794889373
55,grid_0.3434,grid,0.3434,10979.679365964186,grid,,1.25,0.5875969273658725,0.1624086451689172,0.02591152718874903,0.0004650408368542247,3.7871850774077114,0.4768869263295274
55,grid_0.3600,grid,0.36,13429.027054961303,grid,,1.25,0.5872327591260467,0.16236916572491797,0.025909534674072122,0.0004542113041337559,3.7804212599773677,0.47624383258407704
55,grid_0.3649,grid,0.3649,14226.223366879763,grid,,1.25,0.5871305270869639,0.1623585005434013,0.025908975287202412,0.0004513074114992355,3.7784646582542787,0.47607040079684226
55,grid_0.4000,grid,0.4,21048.889246704195,grid,,1.25,0.5864288263911838,0.16228864936558599,0.02590535229003338,0.0004322534228727304,3.765195115086706,0.4749132697595979
55,grid_0.4500,grid,0.45,34787.80604007105,grid,,1.25,0.5854755870404282,0.16220272776991007,0.025901238296731046,0.0004084865992685094,3.748475208322473,0.4734420927006004
55,grid_0.4898,grid,0.4898,49938.86483089346,grid,,1.25,0.5847626250398404,0.16214825388518592,0.025898602173762036,0.00039345406425267404,3.736551987873329,0.47251017803398837
55,grid_0.5000,grid,0.5,55409.392571070224,grid,,1.25,0.5845780208953505,0.16213501253726317,0.02589799353863315,0.00038976875182533677,3.73372345501046,0.47228286384769197
55,grid_0.5500,grid,0.55,89607.3889940057,grid,,1.25,0.5837215692195802,0.16208023468008215,0.02589534358443302,0.0003746588895174874,3.720568744849748,0.47136796818920473
55,grid_0.5971,grid,0.5971,135617.24602337356,grid,,1.25,0.5828383803200254,0.16202659547057002,0.025893385750382227,0.0003592318894015123,3.7101933929566875,0.4704738518029425
55,grid_0.6049,grid,0.6049,144791.2072494028,grid,,1.25,0.5826971592093304,0.16201937127978297,0.02589310315644056,0.0003571735134555998,3.7085372172265934,0.47036969478375634
55,grid_0.6500,grid,0.65,208087.91015592948,grid,,1.25,0.5818636443438806,0.1619830350386797,0.025891906956964302,0.0003465966833778311,3.699669215700484,0.4698788241035557
55,grid_0.7139,grid,0.7139,341254.74847721966,grid,,1.25,0.5806244264278468,0.16194017446466627,0.025890877714191154,0.00033374239145539386,3.6890060243256517,0.4694157714323776
55,grid_0.7892,grid,0.7892,659123.1682471304,grid,,1.25,0.5789602117932771,0.16188953741381254,0.02589095544886448,0.00031726687519373353,3.679789697828276,0.4690511625325159
55,grid_0.8000,grid,0.8,720637.7906626483,grid,,1.25,0.578679477075108,0.16188054790345494,0.02589111018544413,0.0003142016040786344,3.678924627195954,0.46898972496686314
55,grid_0.8904,grid,0.8904,1455260.8384215753,grid,,1.25,0.5765186423903833,0.16184634887069316,0.025893036686696156,0.0003012039560779667,3.671479558609437,0.469324903574938
55,grid_0.9500,grid,0.95,2226688.869070666,grid,,1.25,0.5749647018430849,0.1618330909565513,0.025894903331427636,0.0002950459971237662,3.6686896220714402,0.4698344351614538
55,grid_1.0112,grid,1.0112,3354667.5939293443,grid,,1.25,0.5733283389723796,0.1618350568694094,0.02589819177722522,0.0002923938546997573,3.6672730444253547,0.4705990722494
55,grid_1.1500,grid,1.15,,grid,,1.25,0.5689300820680234,0.1618653180664405,0.025910106651769262,0.00029027454098068395,3.6744653633732876,0.4727084543199084
55,grid_1.3368,grid,1.3368,,grid,,1.25,0.5633799118854197,0.16194462207170257,0.02591273901283836,0.0003133216051082188,3.6903638694274017,0.4784937331505726
55,rtp475,rtp,0.12882511304396593,475.0,grid,,1.3,0.6035857885879549,0.16984224410872878,0.02792521421707775,0.0009211736668112702,3.9123762755313707,0.49780150796793954
55,grid_0.1645,grid,0.1645,911.0273456554891,grid,,1.3,0.601148106658247,0.16928374405596425,0.02789490939617661,0.0007620766054285966,3.885662225465823,0.49070947104126406
55,grid_0.2109,grid,0.2109,1968.088273945377,grid,,1.3,0.5990023778908568,0.16886653138954028,0.027872928164260388,0.0006429772592742022,3.854733119795272,0.48499929160316807
55,rtp2500,rtp,0.2286269540390678,2500.0,grid,,1.3,0.5983600640234894,0.16875565273146692,0.02786723440834711,0.0006112359204763496,3.8440609027278962,0.4834083155539474
55,grid_0.2423,grid,0.2423,3063.9929274687547,grid,,1.3,0.5979120220687113,0.1686823903183693,0.027863499515977705,0.0005902492875409782,3.836219331640803,0.4823366618211504
55,grid_0.2700,grid,0.27,4547.050498587685,grid,,1.3,0.5971075715794755,0.1685592954543305,0.027857217879152445,0.0005550182049078312,3.821271840784447,0.48049571735397223
55,rtp5000,rtp,0.27800486990953094,5000.0,grid,,1.3,0.5968948151772056,0.1685285047860115,0.027855662865749538,0.0005461940596591663,3.8171825049724526,0.4800261679791971
55,grid_0.2850,grid,0.285,5538.127788819713,grid,,1.3,0.5967145652376175,0.16850296539632892,0.02785439654902293,0.000538852798333489,3.8136928299089536,0.4796315725367087
55,grid_0.3100,grid,0.31,7525.514436998458,grid,,1.3,0.5961063927998989,0.16842022460159417,0.027850359992644208,0.0005150120622072207,3.8018270140571846,0.47833089640672033
55,grid_0.3300,grid,0.33,9452.73981084357,grid,,1.3,0.5956605682713212,0.1683637975421067,0.02784759945599094,0.0004987688668085521,3.792911080805576,0.477429161810456
55,rtp10000,rtp,0.33620283762544556,10000.0,grid,,1.3,0.5955289086152752,0.16834779915697337,0.02784681331424518,0.000494168166751463,3.7902410938559497,0.47716982794889373
55,grid_0.3434,grid,0.3434,10979.679365964186,grid,,1.3,0.595381441491701,0.16833045306277059,0.027845932395224256,0.0004892090330933518,3.7871850774077114,0.4768869263295274
55,grid_0.3600,grid,0.36,13429.027054961303,grid,,1.3,0.5950442220523132,0.16829161220275426,0.027844055996324984,0.00047801074147724165,3.7804212599773677,0.47624383258407704
55,grid_0.3649,grid,0.3649,14226.223366879763,grid,,1.3,0.5949497422217773,0.16828114603542588,0.02784352920572598,0.0004750149052703545,3.7784646582542787,0.47607040079684226
55,grid_0.4000,grid,0.4,21048.889246704195,grid,,1.3,0.5943002785683581,0.16821274049826623,0.02784011726677777,0.0004554087991592848,3.765195115086706,0.4749132697595979
55,grid_0.4500,grid,0.45,34787.80604007105,grid,,1.3,0.5934113961535029,0.1681286813887278,0.02783624325866968,0.00043101024684266687,3.748475208322473,0.4734420927006004
55,grid_0.4898,grid,0.4898,49938.86483089346,grid,,1.3,0.592743007831337,0.16807566793751194,0.02783376096056941,0.0004156691920713662,3.736551987873329,0.47251017803398837
55,grid_0.5000,grid,0.5,55409.392571070224,grid,,1.3,0.5925687403398047,0.1680627730124329,0.027833187834455857,0.00041190783817268706,3.73372345501046,0.47228286384769197
55,grid_0.5500,grid,0.55,89607.3889940057,grid,,1.3,0.5917591039868855,0.16800969837763616,0.02783069248959586,0.0003965662593484187,3.720568744849748,0.47136796818920473
55,grid_0.5971,grid,0.5971,135617.24602337356,grid,,1.3,0.5909100668192522,0.16795719365954642,0.027828848938098297,0.0003807699638920803,3.7101933929566875,0.4704738518029425
55,grid_0.6049,grid,0.6049,144791.2072494028,grid,,1.3,0.5907738881164143,0.16795013404418505,0.027828582840832124,0.0003786646846276054,3.7085372172265934,0.47036969478375634
55,grid_0.6500,grid,0.65,208087.91015592948,grid,,1.3,0.5899658797836151,0.1679148345636955,0.027827456884640958,0.00036793478191227136,3.699669215700484,0.4698788241035557
55,grid_0.7139,grid,0.7139,341254.74847721966,grid,,1.3,0.5887520013240742,0.16787324031357198,0.02782648856615313,0.00035493624722515715,3.6890060243256517,0.4694157714323776
55,grid_0.7892,grid,0.7892,659123.1682471304,grid,,1.3,0.5870989943513476,0.16782332785003526,0.027826563480797095,0.0003381058898633271,3.679789697828276,0.4690511625325159
55,grid_0.8000,grid,0.8,720637.7906626483,grid,,1.3,0.586817505641082,0.16781432462143836,0.027826709513292257,0.00033493803485723506,3.678924627195954,0.46898972496686314
55,grid_0.8904,grid,0.8904,1455260.8384215753,grid,,1.3,0.5846472983649589,0.16778103524969787,0.02782852648231967,0.0003219493071406898,3.671479558609437,0.469324903574938
55,grid_0.9500,grid,0.95,2226688.869070666,grid,,1.3,0.5830754504609525,0.16776867795826697,0.027830286101651516,0.0003160432022131787,3.6686896220714402,0.4698344351614538
55,grid_1.0112,grid,1.0112,3354667.5939293443,grid,,1.3,0.5814180081042826,0.16777281932887653,0.02783338670672842,0.00031433219883142405,3.6672730444253547,0.4705990722494
55,grid_1.1500,grid,1.15,,grid,,1.3,0.5769556716196088,0.16781169613312455,0.02784461900480217,0.00031614635427396065,3.6744653633732876,0.4727084543199084
55,grid_1.3368,grid,1.3368,,grid,,1.3,0.5712993873014878,0.16789476942394319,0.0278470967315048,0.00034155686841425004,3.6903638694274017,0.4784937331505726
55,rtp475,rtp,0.12882511304396593,475.0,grid,,1.35,0.6114963600935777,0.17606173651741755,0.03002165547509201,0.0009760795904365516,3.9123762755313707,0.49780150796793954
55,grid_0.1645,grid,0.1645,911.0273456554891,grid,,1.35,0.6092267216650094,0.17549937453016312,0.029993917220203392,0.0008061132402750748,3.885662225465823,0.49070947104126406
55,grid_0.2109,grid,0.2109,1968.088273945377,grid,,1.35,0.6072586662953107,0.1750811541508823,0.029973800504834128,0.0006796100339708788,3.854733119795272,0.48499929160316807
55,rtp2500,rtp,0.2286269540390678,2500.0,grid,,1.35,0.6066751555944724,0.1749703851603446,0.029968590283877803,0.0006460453992815363,3.8440609027278962,0.4834083155539474
55,grid_0.2423,grid,0.2423,3063.9929274687547,grid,,1.35,0.6062697252198841,0.17489731825721247,0.029965172676002766,0.0006238992575618996,3.836219331640803,0.4823366618211504
55,grid_0.2700,grid,0.27,4547.050498587685,grid,,1.35,0.6055453292735863,0.17477486220548769,0.02995942483233699,0.0005868276266102201,3.821271840784447,0.48049571735397223
55,rtp5000,rtp,0.27800486990953094,5000.0,grid,,1.35,0.6053542359257735,0.17474428844489276,0.02995800207539991,0.000577564268711972,3.8171825049724526,0.4800261679791971
55,grid_0.2850,grid,0.285,5538.127788819713,grid,,1.35,0.6051924287323559,0.17471894610084657,0.029956843517376985,0.0005698666092135429,3.8136928299089536,0.4796315725367087
55,grid_0.3100,grid,0.31,7525.514436998458,grid,,1.35,0.6046464854318372,0.17463691949897597,0.029953150470176233,0.0005449031819155792,3.8018270140571846,0.47833089640672033
55,grid_0.3300,grid,0.33,9452.73981084357,grid,,1.35,0.6042469013166604,0.17458110536470528,0.029950624858131977,0.0005279374922303459,3.792911080805576,0.477429161810456
55,rtp10000,rtp,0.33620283762544556,10000.0,grid,,1.35,0.6041290282978354,0.17456531254722485,0.02994990563764286,0.0005231427070674366,3.7902410938559497,0.47716982794889373
55,grid_0.3434,grid,0.3434,10979.679365964186,grid,,1.35,0.6039973185999051,0.1745482358365033,0.029949099700203662,0.0005179869334319132,3.7871850774077114,0.4768869263295274
55,grid_0.3600,grid,0.36,13429.027054961303,grid,,1.35,0.6036948277158526,0.17450995180436696,0.02994738299407993,0.0005063402846825493,3.7804212599773677,0.47624383258407704
55,grid_0.3649,grid,0.3649,14226.223366879763,grid,,1.35,0.6036103374831824,0.17449966303243047,0.029946901030651313,0.0005032313677804656,3.7784646582542787,0.47607040079684226
55,grid_0.4000,grid,0.4,21048.889246704195,grid,,1.35,0.6030283054617078,0.17443254791952525,0.029943779279628314,0.0004829344940691649,3.765195115086706,0.4749132697595979
55,grid_0.4500,grid,0.45,34787.80604007105,grid,,1.35,0.6022231313230576,0.1743501025745937,0.029940235364291617,0.0004577229034797292,3.748475208322473,0.4734420927006004
55,grid_0.4898,grid,0.4898,49938.86483089346,grid,,1.35,0.6016132029024096,0.17429837357045744,0.029937964688928266,0.0004419583403784677,3.736551987873329,0.47251017803398837
55,grid_0.5000,grid,0.5,55409.392571070224,grid,,1.35,0.6014526188518018,0.1742857788625686,0.02993744039918106,0.0004380923145511084,3.73372345501046,0.47228286384769197
55,grid_0.5500,grid,0.55,89607.3889940057,grid,,1.35,0.6007053085850953,0.17423420829373387,0.029935157686538014,0.000422401653206228,3.720568744849748,0.47136796818920473
55,grid_0.5971,grid,0.5971,135617.24602337356,grid,,1.35,0.5999033633314933,0.17418260169655966,0.029933471357455943,0.00040610737632640337,3.7101933929566875,0.4704738518029425
55,grid_0.6049,grid,0.6049,144791.2072494028,grid,,1.35,0.5997742751001635,0.17417567436617168,0.029933227951501357,0.00040393758940932,3.7085372172265934,0.47036969478375634
55,grid_0.6500,grid,0.65,208087.91015592948,grid,,1.35,0.5990029747594243,0.17414120898783758,0.029932199279426988,0.0003929613883187355,3.699669215700484,0.4698788241035557
55,grid_0.7139,grid,0.7139,341254.74847721966,grid,,1.35,0.5978286279404853,0.17410059241676323,0.029931316034411612,0.00037970024545630476,3.6890060243256517,0.4694157714323776
55,grid_0.7892,grid,0.7892,659123.1682471304,grid,,1.35,0.5962009991252544,0.17405097925745985,0.029931389528768094,0.0003623538517126268,3.679789697828276,0.4690511625325159
55,grid_0.8000,grid,0.8,720637.7906626483,grid,,1.35,0.5959205106166522,0.1740418844459643,0.029931524046889264,0.0003590534946131263,3.678924627195954,0.46898972496686314
55,grid_0.8904,grid,0.8904,1455260.8384215753,grid,,1.35,0.5937548931072529,0.1740089739271333,0.029933194250248405,0.0003459287569253511,3.671479558609437,0.469324903574938
55,grid_0.9500,grid,0.95,2226688.869070666,grid,,1.35,0.5921728429637754,0.17399717510482987,0.02993480895173966,0.0003402079927211643,3.6686896220714402,0.4698344351614538
55,grid_1.0112,grid,1.0112,3354667.5939293443,grid,,1.35,0.5905012606633548,0.17400299017778664,0.029937657049430064,0.00033938354138085547,3.6672730444253547,0.4705990722494
55,grid_1.1500,grid,1.15,,grid,,1.35,0.5859859884106946,0.17404903760006946,0.0299479691416425,0.0003450983478678893,3.6744653633732876,0.4727084543199084
55,grid_1.3368,grid,1.3368,,grid,,1.35,0.5802353190788756,0.17413608470461345,0.02995023090424356,0.0003731450920087531,3.6903638694274017,0.4784937331505726
55,rtp475,rtp,0.12882511304396593,475.0,grid,,1.4,0.6210938470192097,0.182374873427482,0.03221142074864346,0.0010491737090466136,3.9123762755313707,0.49780150796793954
55,grid_0.1645,grid,0.1645,911.0273456554891,grid,,1.4,0.6191284457786693,0.18180238838365825,0.03218685841999464,0.0008652500020078779,3.885662225465823,0.49070947104126406
55,grid_0.2109,grid,0.2109,1968.088273945377,grid,,1.4,0.6174804379320611,0.18137760870031544,0.03216904981014266,0.0007287871277020797,3.854733119795272,0.48499929160316807
55,rtp2500,rtp,0.2286269540390678,2500.0,grid,,1.4,0.6170026113007218,0.1812652741527646,0.032164438337913465,0.0006926612757634509,3.8440609027278962,0.4834083155539474
55,grid_0.2423,grid,0.2423,3063.9929274687547,grid,,1.4,0.6166736980422349,0.18119123593563996,0.03216141365012464,0.0006688503297601067,3.836219331640803,0.4823366618211504
55,grid_0.2700,grid,0.27,4547.050498587685,grid,,1.4,0.6160928986580875,0.18106733514279377,0.03215632690600275,0.0006290529497100517,3.821271840784447,0.48049571735397223
55,rtp5000,rtp,0.27800486990953094,5000.0,grid,,1.4,0.6159406715732954,0.18103642467573522,0.03215506797542697,0.0006191190839461846,3.8171825049724526,0.4800261679791971
55,grid_0.2850,grid,0.285,5538.127788819713,grid,,1.4,0.6158119493539344,0.18101080755734414,0.03215404291341113,0.0006108695391507379,3.8136928299089536,0.4796315725367087
55,grid_0.3100,grid,0.31,7525.514436998458,grid,,1.4,0.6153778213801732,0.18092790198035294,0.0321507754234639,0.0005841302915483015,3.8018270140571846,0.47833089640672033
55,grid_0.3300,grid,0.33,9452.73981084357,grid,,1.4,0.6150614366463172,0.180871549531614,0.03214854085081912,0.0005659765791479754,3.792911080805576,0.477429161810456
55,rtp10000,rtp,0.33620283762544556,10000.0,grid,,1.4,0.614968375072932,0.1808556245665631,0.03214790454435733,0.0005608523930042963,3.7902410938559497,0.47716982794889373
55,grid_0.3434,grid,0.3434,10979.679365964186,grid,,1.4,0.6148649903314034,0.18083844636766197,0.032147191505117766,0.0005553521795519933,3.7871850774077114,0.4768869263295274
55,grid_0.3600,grid,0.36,13429.027054961303,grid,,1.4,0.6146251636057649,0.18079986757634653,0.03214567264425441,0.0005429194713700292,3.7804212599773677,0.47624383258407704
55,grid_0.3649,grid,0.3649,14226.223366879763,grid,,1.4,0.6145586868793796,0.18078952094258946,0.03214524621634051,0.0005396046663104781,3.7784646582542787,0.47607040079684226
55,grid_0.4000,grid,0.4,21048.889246704195,grid,,1.4,0.6140985697029979,0.18072210772140404,0.032142483931128014,0.0005179962881387556,3.765195115086706,0.4749132697595979
55,grid_0.4500,grid,0.45,34787.80604007105,grid,,1.4,0.6134465432048474,0.18063915519805007,0.032139348999252464,0.0004911553914127564,3.748475208322473,0.4734420927006004
55,grid_0.4898,grid,0.4898,49938.86483089346,grid,,1.4,0.6129448766834386,0.18058724634495976,0.03213734055084347,0.0004744129916117168,3.736551987873329,0.47251017803398837
55,grid_0.5000,grid,0.5,55409.392571070224,grid,,1.4,0.6128099966965784,0.1805745892233554,0.03213687676568178,0.00047030550750176703,3.73372345501046,0.47228286384769197
55,grid_0.5500,grid,0.55,89607.3889940057,grid,,1.4,0.61218062764078,0.18052292128836708,0.032134857484833516,0.0004536676256524652,3.720568744849748,0.47136796818920473
55,grid_0.5971,grid,0.5971,135617.24602337356,grid,,1.4,0.6114724433552324,0.1804706344952016,0.03213336597435818,0.0004362839407424657,3.7101933929566875,0.4704738518029425
55,grid_0.6049,grid,0.6049,144791.2072494028,grid,,1.4,0.6113578057220465,0.18046360671895612,0.032133150683414054,0.0004339626666000074,3.7085372172265934,0.47036969478375634
55,grid_0.6500,grid,0.65,208087.91015592948,grid,,1.4,0.610663527044369,0.18042863587679941,0.03213224299046092,0.00042224965390175173,3.699669215700484,0.4698788241035557
55,grid_0.7139,grid,0.7139,341254.74847721966,grid,,1.4,0.6095799284816339,0.18038718282383417,0.03213146600090094,0.00040806972621842963,3.6890060243256517,0.4694157714323776
55,grid_0.7892,grid,0.7892,659123.1682471304,grid,,1.4,0.6080293167363922,0.18033549984864586,0.032131539376163996,0.0003893531294969499,3.679789697828276,0.4690511625325159
55,grid_0.8000,grid,0.8,720637.7906626483,grid,,1.4,0.607756337934499,0.18032591398315975,0.032131659933634385,0.0003857753202275438,3.678924627195954,0.46898972496686314
55,grid_0.8904,grid,0.8904,1455260.8384215753,grid,,1.4,0.6056464728091513,0.18029056876664298,0.032133150895558384,0.0003715382906412379,3.671479558609437,0.469324903574938
55,grid_0.9500,grid,0.95,2226688.869070666,grid,,1.4,0.6040827981443934,0.18027754627639214,0.03213458757973777,0.00036540611169894044,3.6686896220714402,0.4698344351614538
55,grid_1.0112,grid,1.0112,3354667.5939293443,grid,,1.4,0.6024232803384645,0.18028280075278827,0.032137126732370215,0.0003647615148993366,3.6672730444253547,0.4705990722494
55,grid_1.1500,grid,1.15,,grid,,1.4,0.5979012877362768,0.18032992830598413,0.032146311136094154,0.00037257190674722107,3.6744653633732876,0.4727084543199084
55,grid_1.3368,grid,1.3368,,grid,,1.4,0.5921061487451488,0.18041781651881614,0.032148303162514096,0.0004022853549031091,3.6903638694274017,0.4784937331505726
55,rtp475,rtp,0.12882511304396593,475.0,grid,,1.45,0.6327290442704844,0.1875083545694346,0.034005988059466294,0.001153394973870514,3.9123762755313707,0.49780150796793954
55,grid_0.1645,grid,0.1645,911.0273456554891,grid,,1.45,0.6312632068589953,0.18690812460445316,0.03398305169176057,0.0009515953513932196,3.885662225465823,0.49070947104126406
55,grid_0.2109,grid,0.2109,1968.088273945377,grid,,1.45,0.6301415560677525,0.1864596572841003,0.033966425269070386,0.000800778525433754,3.854733119795272,0.48499929160316807
55,rtp2500,rtp,0.2286269540390678,2500.0,grid,,1.45,0.6298376368173605,0.18634036074615049,0.033962120571840206,0.0007606094711652966,3.8440609027278962,0.4834083155539474
55,grid_0.2423,grid,0.2423,3063.9929274687547,grid,,1.45,0.6296346506367307,0.18626152786416986,0.033959297218713734,0.0007340595435811892,3.836219331640803,0.4823366618211504
55,grid_0.2700,grid,0.27,4547.050498587685,grid,,1.45,0.6292901801644347,0.18612920784400686,0.033954549253415546,0.0006895327592219558,3.821271840784447,0.48049571735397223
55,rtp5000,rtp,0.27800486990953094,5000.0,grid,,1.45,0.6292019478523537,0.1860960898930184,0.03395337429599341,0.0006783803774769726,3.8171825049724526,0.4800261679791971
55,grid_0.2850,grid,0.285,5538.127788819713,grid,,1.45,0.6291277033151591,0.1860686053045495,0.03395241767073219,0.0006691082092480372,3.8136928299089536,0.4796315725367087
55,grid_0.3100,grid,0.31,7525.514436998458,grid,,1.45,0.6288778849282105,0.18597942887150823,0.03394936834418087,0.0006389796191915154,3.8018270140571846,0.47833089640672033
55,grid_0.3300,grid,0.33,9452.73981084357,grid,,1.45,0.6286987771146824,0.18591858839943795,0.03394728297365822,0.0006184385387814073,3.792911080805576,0.477429161810456
55,rtp10000,rtp,0.33620283762544556,10000.0,grid,,1.45,0.6286466653516068,0.18590136306915112,0.033946689176869264,0.0006126276140990816,3.7902410938559497,0.47716982794889373
55,grid_0.3434,grid,0.3434,10979.679365964186,grid,,1.45,0.6285900066394771,0.18588278004153663,0.03394602376465765,0.0006063841513126444,3.7871850774077114,0.4768869263295274
55,grid_0.3600,grid,0.36,13429.027054961303,grid,,1.45,0.6284537526655039,0.18584095378091617,0.03394460633065997,0.0005922537715406517,3.7804212599773677,0.47624383258407704
55,grid_0.3649,grid,0.3649,14226.223366879763,grid,,1.45,0.6284170454811483,0.1858297191313952,0.03394420837234175,0.0005884761401114824,3.7784646582542787,0.47607040079684226
55,grid_0.4000,grid,0.4,21048.889246704195,grid,,1.45,0.6281586946116311,0.18575638560529145,0.033941630334253584,0.0005638044588881508,3.765195115086706,0.4749132697595979
55,grid_0.4500,grid,0.45,34787.80604007105,grid,,1.45,0.6277616141137368,0.1856655459444693,0.03393870513690151,0.0005329898139563305,3.748475208322473,0.4734420927006004
55,grid_0.4898,grid,0.4898,49938.86483089346,grid,,1.45,0.6274412342303377,0.18560827220702325,0.03393683118277937,0.0005135995288970685,3.736551987873329,0.47251017803398837
55,grid_0.5000,grid,0.5,55409.392571070224,grid,,1.45,0.6273496818674386,0.18559427842097198,0.033936398425168664,0.0005088377574326008,3.73372345501046,0.47228286384769197
55,grid_0.5500,grid,0.55,89607.3889940057,grid,,1.45,0.6269198046885358,0.18553677442697747,0.03393451423481029,0.0004893804299568316,3.720568744849748,0.47136796818920473
55,grid_0.5971,grid,0.5971,135617.24602337356,grid,,1.45,0.6263737167031034,0.18547846913392205,0.03393312264993522,0.0004691398623280496,3.7101933929566875,0.4704738518029425
55,grid_0.6049,grid,0.6049,144791.2072494028,grid,,1.45,0.6262843029307751,0.1854705319368052,0.03393292177876027,0.00046639643816120957,3.7085372172265934,0.47036969478375634
55,grid_0.6500,grid,0.65,208087.91015592948,grid,,1.45,0.6257259418366191,0.18543045818166662,0.033932076365938334,0.0004523784555244825,3.699669215700484,0.4698788241035557
55,grid_0.7139,grid,0.7139,341254.74847721966,grid,,1.45,0.6248077182666723,0.18538200597182639,0.033931354323092154,0.00043513381504611814,3.6890060243256517,0.4694157714323776
55,grid_0.7892,grid,0.7892,659123.1682471304,grid,,1.45,0.6234088232788626,0.1853206999520223,0.033931428518468316,0.0004123333122391659,3.679789697828276,0.4690511625325159
55,grid_0.8000,grid,0.8,720637.7906626483,grid,,1.45,0.6231526837017635,0.18530941953243457,0.03393154208101686,0.00040803888643098363,3.678924627195954,0.46898972496686314
55,grid_0.8904,grid,0.8904,1455260.8384215753,grid,,1.45,0.6211716428519692,0.18526273587659559,0.033932942534976966,0.00038933876950425494,3.671479558609437,0.469324903574938
55,grid_0.9500,grid,0.95,2226688.869070666,grid,,1.45,0.619666653564786,0.1852427537991821,0.033934288781737765,0.0003805890533666312,3.6686896220714402,0.4698344351614538
55,grid_1.0112,grid,1.0112,3354667.5939293443,grid,,1.45,0.6180555840530372,0.1852404613775796,0.033936671587543,0.0003773569438355606,3.6672730444253547,0.4705990722494
55,grid_1.1500,grid,1.15,,grid,,1.45,0.6135877786817865,0.18526964780276467,0.03394528430149571,0.0003795580954647493,3.6744653633732876,0.4727084543199084
55,grid_1.3368,grid,1.3368,,grid,,1.45,0.6078161585262085,0.18534375202743247,0.03394713697653212,0.00040516943907425995,3.6903638694274017,0.4784937331505726
55,rtp475,rtp,0.12882511304396593,475.0,grid,,1.5,0.6458988130472862,0.19293712889688555,0.035942318041366716,0.0012824176656067166,3.9123762755313707,0.49780150796793954
55,grid_0.1645,grid,0.1645,911.0273456554891,grid,,1.5,0.6450669009632009,0.1923025749547238,0.03592150168565243,0.00105877864856474,3.885662225465823,0.49070947104126406
55,grid_0.2109,grid,0.2109,1968.088273945377,grid,,1.5,0.6446119641750863,0.1918246621874725,0.03590641711879717,0.0008902839045407673,3.854733119795272,0.48499929160316807
55,rtp2500,rtp,0.2286269540390678,2500.0,grid,,1.5,0.6445281539333925,0.19169667587345346,0.03590251261797312,0.0008451029229587514,3.8440609027278962,0.4834083155539474
55,grid_0.2423,grid,0.2423,3063.9929274687547,grid,,1.5,0.6444845052597646,0.19161184672386133,0.03589995192994238,0.0008151478749861552,3.836219331640803,0.4823366618211504
55,grid_0.2700,grid,0.27,4547.050498587685,grid,,1.5,0.6444389700517498,0.1914689642763181,0.035895645974072195,0.0007647183069737773,3.821271840784447,0.48049571735397223
55,rtp5000,rtp,0.27800486990953094,5000.0,grid,,1.5,0.6444316812408116,0.19143306964764462,0.03589458059012371,0.0007520395645962408,3.8171825049724526,0.4800261679791971
55,grid_0.2850,grid,0.285,5538.127788819713,grid,,1.5,0.6444263397729869,0.19140323308511187,0.03589371327254621,0.0007414843628874568,3.8136928299089536,0.4796315725367087
55,grid_0.3100,grid,0.31,7525.514436998458,grid,,1.5,0.6444096811988812,0.19130614778006658,0.03589094864482903,0.0007070935336196404,3.8018270140571846,0.47833089640672033
55,grid_0.3300,grid,0.33,9452.73981084357,grid,,1.5,0.6444042584995465,0.1912396324254722,0.03588905798250716,0.0006835390277225573,3.792911080805576,0.477429161810456
55,rtp10000,rtp,0.33620283762544556,10000.0,grid,,1.5,0.6444039567083139,0.19122075890623727,0.035888519664778865,0.000676858971898453,3.7902410938559497,0.47716982794889373
55,grid_0.3434,grid,0.3434,10979.679365964186,grid,,1.5,0.6444064034454243,0.19120038958869923,0.035887916409165964,0.0006696725697044048,3.7871850774077114,0.4768869263295274
55,grid_0.3600,grid,0.36,13429.027054961303,grid,,1.5,0.6444012405127685,0.1911544383834742,0.035886631342265884,0.0006533879714355484,3.7804212599773677,0.47624383258407704
55,grid_0.3649,grid,0.3649,14226.223366879763,grid,,1.5,0.6444022064663818,0.19114207292462743,0.035886270537615075,0.0006490215043085112,3.7784646582542787,0.47607040079684226
55,grid_0.4000,grid,0.4,21048.889246704195,grid,,1.5,0.6443992882391475,0.19106117919854193,0.0358839329287453,0.0006204412679920446,3.765195115086706,0.4749132697595979
55,grid_0.4500,grid,0.45,34787.80604007105,grid,,1.5,0.6443255580029386,0.19096025593942992,0.03588128144832849,0.0005845379001240825,3.748475208322473,0.4734420927006004
55,grid_0.4898,grid,0.4898,49938.86483089346,grid,,1.5,0.6442355271802366,0.19089609560858692,0.035879583031277945,0.00056173628732481,3.736551987873329,0.47251017803398837
55,grid_0.5000,grid,0.5,55409.392571070224,grid,,1.5,0.6441991460584272,0.1908803881591699,0.035879190764979065,0.0005561318188163078,3.73372345501046,0.47228286384769197
55,grid_0.5500,grid,0.55,89607.3889940057,grid,,1.5,0.6440235566248345,0.1908153734215338,0.03587748286817473,0.0005330238658246556,3.720568744849748,0.47136796818920473
55,grid_0.5971,grid,0.5971,135617.24602337356,grid,,1.5,0.6436855683756174,0.19074939851551664,0.03587622170568558,0.0005091113283458015,3.7101933929566875,0.4704738518029425
55,grid_0.6049,grid,0.6049,144791.2072494028,grid,,1.5,0.6436286338936452,0.19074030517565005,0.03587603965416223,0.0005058243643378812,3.7085372172265934,0.47036969478375634
55,grid_0.6500,grid,0.65,208087.91015592948,grid,,1.5,0.6432459413681029,0.1906937220577276,0.03587527574820121,0.0004888198840286573,3.699669215700484,0.4698788241035557
55,grid_0.7139,grid,0.7139,341254.74847721966,grid,,1.5,0.6425436211351826,0.1906363602258628,0.03587462584969551,0.000467595990469416,3.6890060243256517,0.4694157714323776
55,grid_0.7892,grid,0.7892,659123.1682471304,grid,,1.5,0.6413474523917713,0.19056294742879373,0.03587470195815611,0.0004395349745930921,3.679789697828276,0.4690511625325159
55,grid_0.8000,grid,0.8,720637.7906626483,grid,,1.5,0.6411145930432689,0.19054955748159788,0.03587480654922007,0.00043432730721271184,3.678924627195954,0.46898972496686314
55,grid_0.8904,grid,0.8904,1455260.8384215753,grid,,1.5,0.6393130023348849,0.19048856596723313,0.03587609023204794,0.00040980353220498866,3.671479558609437,0.469324903574938
55,grid_0.9500,grid,0.95,2226688.869070666,grid,,1.5,0.6378950310665117,0.190459742297774,0.035877319262446694,0.0003975941736877875,3.6686896220714402,0.4698344351614538
55,grid_1.0112,grid,1.0112,3354667.5939293443,grid,,1.5,0.6363584334062566,0.19044761030482743,0.035879500029399165,0.0003907922414202458,3.6672730444253547,0.4705990722494
55,grid_1.1500,grid,1.15,,grid,,1.5,0.6319909797807931,0.19045281286841498,0.03588737301141774,0.0003849009180737495,3.6744653633732876,0.4727084543199084
55,grid_1.3368,grid,1.3368,,grid,,1.5,0.6262927512721466,0.19050943119160818,0.03588904281037668,0.00040480056257341523,3.6903638694274017,0.4784937331505726
55,rtp475,rtp,0.12882511304396593,475.0,grid,,1.55,0.6529368724492929,0.1986659075763639,0.03808896109019049,0.0013791817429498754,3.9123762755313707,0.49780150796793954
55,grid_0.1645,grid,0.1645,911.0273456554891,grid,,1.55,0.652867252330985,0.19801571375165752,0.038070832539119144,0.0011393903534592242,3.885662225465823,0.49070947104126406
55,grid_0.2109,grid,0.2109,1968.088273945377,grid,,1.55,0.6532099815298464,0.1975228610835197,0.0380577032254804,0.0009575774251390223,3.854733119795272,0.48499929160316807
55,rtp2500,rtp,0.2286269540390678,2500.0,grid,,1.55,0.6533889765464848,0.1973902200665861,0.038054306306962195,0.0009085926709730963,3.8440609027278962,0.4834083155539474
55,grid_0.2423,grid,0.2423,3063.9929274687547,grid,,1.55,0.6535354391469365,0.19730212439385034,0.038052078783787927,0.0008760495065384677,3.836219331640803,0.4823366618211504
55,grid_0.2700,grid,0.27,4547.050498587685,grid,,1.55,0.6538462517135835,0.19715340719044633,0.03804833350451339,0.000821132462288543,3.821271840784447,0.48049571735397223
55,rtp5000,rtp,0.27800486990953094,5000.0,grid,,1.55,0.6539354562262273,0.19711595925965733,0.038047407124080085,0.0008072942707748054,3.8171825049724526,0.4800261679791971
55,grid_0.2850,grid,0.285,5538.127788819713,grid,,1.55,0.6540122592519646,0.1970847938602058,0.03804665310812328,0.0007957628627965341,3.8136928299089536,0.4796315725367087
55,grid_0.3100,grid,0.31,7525.514436998458,grid,,1.55,0.6542738051434736,0.19698319504769118,0.038044249671045784,0.0007581294601509692,3.8018270140571846,0.47833089640672033
55,grid_0.3300,grid,0.33,9452.73981084357,grid,,1.55,0.654475763145368,0.1969134327938808,0.0380426060327978,0.0007322939818724117,3.792911080805576,0.477429161810456
55,rtp10000,rtp,0.33620283762544556,10000.0,grid,,1.55,0.6545373266369535,0.19689361368134753,0.03804213810466782,0.0007249570038319053,3.7902410938559497,0.47716982794889373
55,grid_0.3434,grid,0.3434,10979.679365964186,grid,,1.55,0.6546102918025318,0.19687222614694438,0.038041613709791144,0.0007170597182624694,3.7871850774077114,0.4768869263295274
55,grid_0.3600,grid,0.36,13429.027054961303,grid,,1.55,0.654761904207308,0.19682389290056823,0.03804049658068176,0.000699148235852598,3.7804212599773677,0.47624383258407704
55,grid_0.3649,grid,0.3649,14226.223366879763,grid,,1.55,0.6548078963648474,0.1968108806174051,0.038040182913344656,0.0006943398160538239,3.7784646582542787,0.47607040079684226
55,grid_0.4000,grid,0.4,21048.889246704195,grid,,1.55,0.6551107208920911,0.19672564638043266,0.03803815032156052,0.0006628296222385144,3.765195115086706,0.4749132697595979
55,grid_0.4500,grid,0.45,34787.80604007105,grid,,1.55,0.6554267815582806,0.19661889276885,0.03803584612026565,0.000623142873382887,3.748475208322473,0.4734420927006004
55,grid_0.4898,grid,0.4898,49938.86483089346,grid,,1.55,0.6556163570740215,0.1965508481615867,0.038034370429902764,0.0005978654831363395,3.736551987873329,0.47251017803398837
55,grid_0.5000,grid,0.5,55409.392571070224,grid,,1.55,0.6556474707163751,0.1965341797314066,0.03803402953569042,0.000591654267006414,3.73372345501046,0.47228286384769197
55,grid_0.5500,grid,0.55,89607.3889940057,grid,,1.55,0.6557841531166794,0.1964650689323798,0.038032545305014646,0.0005659780055901065,3.720568744849748,0.47136796818920473
55,grid_0.5971,grid,0.5971,135617.24602337356,grid,,1.55,0.6557083865200192,0.1963948703191348,0.03803144963040855,0.0005394954572612298,3.7101933929566875,0.4704738518029425
55,grid_0.6049,grid,0.6049,144791.2072494028,grid,,1.55,0.6556928060739244,0.19638517692236973,0.038031291457574626,0.0005358462572558342,3.7085372172265934,0.47036969478375634
55,grid_0.6500,grid,0.65,208087.91015592948,grid,,1.55,0.6555368774482453,0.19633525313712968,0.03803063118515612,0.000516900439264667,3.699669215700484,0.4698788241035557
55,grid_0.7139,grid,0.7139,341254.74847721966,grid,,1.55,0.6551229975729286,0.19627347575788393,0.03803007324417465,0.0004932040419060035,3.6890060243256517,0.4694157714323776
55,grid_0.7892,grid,0.7892,659123.1682471304,grid,,1.55,0.6542186354822712,0.19619404176389685,0.038030152601306585,0.0004619494223471188,3.679789697828276,0.4690511625325159
55,grid_0.8000,grid,0.8,720637.7906626483,grid,,1.55,0.6540227141163316,0.1961795852549007,0.03803024596321291,0.0004561837075719444,3.678924627195954,0.46898972496686314
55,grid_0.8904,grid,0.8904,1455260.8384215753,grid,,1.55,0.6525117997794527,0.1961114678165938,0.03803138280943975,0.00042832499973916027,3.671479558609437,0.469324903574938
55,grid_0.9500,grid,0.95,2226688.869070666,grid,,1.55,0.651256970930109,0.1960781855695866,0.03803246391820096,0.00041419093806027707,3.6686896220714402,0.4698344351614538
55,grid_1.0112,grid,1.0112,3354667.5939293443,grid,,1.55,0.649871634475947,0.19606102804165243,0.03803439029821327,0.00040553641853635636,3.6672730444253547,0.4705990722494
55,grid_1.1500,grid,1.15,,grid,,1.55,0.6457776928636236,0.196053458597131,0.038041330927707985,0.00039562770018897186,3.6744653633732876,0.4727084543199084
55,grid_1.3368,grid,1.3368,,grid,,1.55,0.6403673440540962,0.19610242669719172,0.0380427677467698,0.0004133940097576505,3.6903638694274017,0.4784937331505726
55,rtp475,rtp,0.12882511304396593,475.0,grid,,1.6,0.6607255139125916,0.20472765102175924,0.04043239402919921,0.0014810170636880282,3.9123762755313707,0.49780150796793954
55,grid_0.1645,grid,0.1645,911.0273456554891,grid,,1.6,0.6614181809973559,0.20406257740260703,0.040417513023585094,0.001224022472609887,3.885662225465823,0.49070947104126406
55,grid_0.2109,grid,0.2109,1968.088273945377,grid,,1.6,0.6625578617891146,0.2035554693625765,0.04040674648513945,0.0010280826222793804,3.854733119795272,0.48499929160316807
55,rtp2500,rtp,0.2286269540390678,2500.0,grid,,1.6,0.6629993090349473,0.20341837618779665,0.0404039630060554,0.0009750727648245583,3.8440609027278962,0.4834083155539474
55,grid_0.2423,grid,0.2423,3063.9929274687547,grid,,1.6,0.6633355968306485,0.2033271534474419,0.040402138143433755,0.0009397931856058306,3.836219331640803,0.4823366618211504
55,grid_0.2700,grid,0.27,4547.050498587685,grid,,1.6,0.6640021591029023,0.2031728457013584,0.0403990705172705,0.0008801347131174864,3.821271840784447,0.48049571735397223
55,rtp5000,rtp,0.27800486990953094,5000.0,grid,,1.6,0.664187683408796,0.20313390754014976,0.040398312150552874,0.0008650722419772383,3.8171825049724526,0.4800261679791971
55,grid_0.2850,grid,0.285,5538.127788819713,grid,,1.6,0.6643464802778506,0.20310146667400675,0.04039769508759367,0.0008525106775389979,3.8136928299089536,0.4796315725367087
55,grid_0.3100,grid,0.31,7525.514436998458,grid,,1.6,0.6648857001758444,0.202995533198772,0.040395728240917035,0.000811458257736708,3.8018270140571846,0.47833089640672033
55,grid_0.3300,grid,0.33,9452.73981084357,grid,,1.6,0.6652946188747213,0.20292264871329288,0.04039438319578977,0.0007832181650286874,3.792911080805576,0.477429161810456
55,rtp10000,rtp,0.33620283762544556,10000.0,grid,,1.6,0.6654179190435592,0.2029019201953175,0.0403940003548576,0.0007751888640893934,3.7902410938559497,0.47716982794889373
55,grid_0.3434,grid,0.3434,10979.679365964186,grid,,1.6,0.665561253780402,0.20287955348770811,0.040393571286345846,0.0007665419370259663,3.7871850774077114,0.4768869263295274
55,grid_0.3600,grid,0.36,13429.027054961303,grid,,1.6,0.665869308112389,0.2028289289690388,0.040392657157973806,0.0007469172687535885,3.7804212599773677,0.47624383258407704
55,grid_0.3649,grid,0.3649,14226.223366879763,grid,,1.6,0.665960227630622,0.2028152942231657,0.040392400469119884,0.0007416431017093772,3.7784646582542787,0.47607040079684226
55,grid_0.4000,grid,0.4,21048.889246704195,grid,,1.6,0.6665681130659129,0.20272588322488266,0.040390736561387565,0.0007070471679211932,3.765195115086706,0.4749132697595979
55,grid_0.4500,grid,0.45,34787.80604007105,grid,,1.6,0.6672730704930736,0.2026135100647456,0.040388852149521794,0.0006633823112349724,3.748475208322473,0.4734420927006004
55,grid_0.4898,grid,0.4898,49938.86483089346,grid,,1.6,0.6677415772899828,0.20254171356810996,0.0403876457002283,0.0006355000348780004,3.736551987873329,0.47251017803398837
55,grid_0.5000,grid,0.5,55409.392571070224,grid,,1.6,0.6678400221445828,0.2025241173185138,0.040387366903323785,0.0006286511923193627,3.73372345501046,0.47228286384769197
55,grid_0.5500,grid,0.55,89607.3889940057,grid,,1.6,0.6682881772035615,0.20245104053537333,0.0403861530341812,0.0006002707796741724,3.720568744849748,0.47136796818920473
55,grid_0.5971,grid,0.5971,135617.24602337356,grid,,1.6,0.6684739716055332,0.20237675560026408,0.04038525741132143,0.0005710937959675921,3.7101933929566875,0.4704738518029425
55,grid_0.6049,grid,0.6049,144791.2072494028,grid,,1.6,0.6684996289950579,0.20236647812306188,0.04038512810388563,0.0005670633640460498,3.7085372172265934,0.47036969478375634
55,grid_0.6500,grid,0.65,208087.91015592948,grid,,1.6,0.6685698149922774,0.20231328749143054,0.04038459326943372,0.0005460730261565017,3.699669215700484,0.4698788241035557
55,grid_0.7139,grid,0.7139,341254.74847721966,grid,,1.6,0.6684434965646484,0.20224716774373153,0.04038414680471106,0.0005197700556500151,3.6890060243256517,0.4694157714323776
55,grid_0.7892,grid,0.7892,659123.1682471304,grid,,1.6,0.6678300098617737,0.2021617937694804,0.0403842307056607,0.00048516015443322846,3.679789697828276,0.4690511625325159
55,grid_0.8000,grid,0.8,720637.7906626483,grid,,1.6,0.6676709142728545,0.20214628775697815,0.04038431060906271,0.00047881104486430237,3.678924627195954,0.46898972496686314
55,grid_0.8904,grid,0.8904,1455260.8384215753,grid,,1.6,0.6664495695526611,0.20207103356311915,0.040385270949850116,0.0004474316554171076,3.671479558609437,0.469324903574938
55,grid_0.9500,grid,0.95,2226688.869070666,grid,,1.6,0.6653572035733202,0.20203325951607715,0.04038617385175789,0.00043126409893268214,3.6686896220714402,0.4698344351614538
55,grid_1.0112,grid,1.0112,3354667.5939293443,grid,,1.6,0.6641225513177113,0.20201097402748872,0.04038779419429006,0.0004206394332446628,3.6672730444253547,0.4705990722494
55,grid_1.1500,grid,1.15,,grid,,1.6,0.6603018263078492,0.20199031648024213,0.040393612442131153,0.00040647550965722257,3.6744653633732876,0.4727084543199084
55,grid_1.3368,grid,1.3368,,grid,,1.6,0.6551789293878029,0.20203117183838734,0.040394766926130574,0.00042182746826141537,3.6903638694274017,0.4784937331505726
55,rtp475,rtp,0.12882511304396593,475.0,grid,,1.65,0.6696956921819314,0.2106879860972322,0.04276026572089225,0.0016291617648152568,3.9123762755313707,0.49780150796793954
55,grid_0.1645,grid,0.1645,911.0273456554891,grid,,1.65,0.6712580649949802,0.20998894144991556,0.04274883600214049,0.0013465195291155752,3.885662225465823,0.49070947104126406
55,grid_0.2109,grid,0.2109,1968.088273945377,grid,,1.65,0.6733043457275822,0.2094503123481373,0.04274058621884994,0.0011288471238823372,3.854733119795272,0.48499929160316807
55,rtp2500,rtp,0.2286269540390678,2500.0,grid,,1.65,0.674043867734896,0.2093034639759542,0.04273845727304237,0.001069482759291196,3.8440609027278962,0.4834083155539474
55,grid_0.2423,grid,0.2423,3063.9929274687547,grid,,1.65,0.6745956088045946,0.2092053732758907,0.042737062267635816,0.0010298259398689447,3.836219331640803,0.4823366618211504
55,grid_0.2700,grid,0.27,4547.050498587685,grid,,1.65,0.6756657071512676,0.2090386427634878,0.04273471843618552,0.0009624357322155497,3.821271840784447,0.48049571735397223
55,rtp5000,rtp,0.27800486990953094,5000.0,grid,,1.65,0.675960438374966,0.20899637719113764,0.04273413970752474,0.000945345971495537,3.8171825049724526,0.4800261679791971
55,grid_0.2850,grid,0.285,5538.127788819713,grid,,1.65,0.6762121692327739,0.20896109573314559,0.04273366916966642,0.0009310703603304105,3.8136928299089536,0.4796315725367087
55,grid_0.3100,grid,0.31,7525.514436998458,grid,,1.65,0.6770660207473482,0.20884553397459463,0.04273216946345045,0.0008842875976831088,3.8018270140571846,0.47833089640672033
55,grid_0.3300,grid,0.33,9452.73981084357,grid,,1.65,0.6777093452300119,0.20876561527372905,0.042731143929913375,0.0008519381907052814,3.792911080805576,0.477429161810456
55,rtp10000,rtp,0.33620283762544556,10000.0,grid,,1.65,0.6779025556262365,0.2087428124102828,0.042730852183640367,0.0008427095493141468,3.7902410938559497,0.47716982794889373
55,grid_0.3434,grid,0.3434,10979.679365964186,grid,,1.65,0.6781255753010018,0.20871815122731108,0.04273052515801417,0.000832741493732525,3.7871850774077114,0.4768869263295274
55,grid_0.3600,grid,0.36,13429.027054961303,grid,,1.65,0.6786107265996194,0.20866227930694756,0.04272982830302068,0.0008101185025499169,3.7804212599773677,0.47624383258407704
55,grid_0.3649,grid,0.3649,14226.223366879763,grid,,1.65,0.6787525052469899,0.2086471806321059,0.04272963259009905,0.0008040133956275786,3.7784646582542787,0.47607040079684226
55,grid_0.4000,grid,0.4,21048.889246704195,grid,,1.65,0.6797056553805381,0.2085478535247766,0.04272836297911535,0.0007638442306763249,3.765195115086706,0.4749132697595979
55,grid_0.4500,grid,0.45,34787.80604007105,grid,,1.65,0.6808504771205796,0.2084222743144053,0.042726928191278914,0.000712916239110295,3.748475208322473,0.4734420927006004
55,grid_0.4898,grid,0.4898,49938.86483089346,grid,,1.65,0.6816342848808613,0.20834123482722355,0.04272601030895242,0.0006800598203798858,3.736551987873329,0.47251017803398837
55,grid_0.5000,grid,0.5,55409.392571070224,grid,,1.65,0.6818088164320317,0.20832135925107595,0.04272579801317391,0.0006719907070419362,3.73372345501046,0.47228286384769197
55,grid_0.5500,grid,0.55,89607.3889940057,grid,,1.65,0.6826088443000393,0.20823805848539712,0.04272487367568507,0.0006382153260826029,3.720568744849748,0.47136796818920473
55,grid_0.5971,grid,0.5971,135617.24602337356,grid,,1.65,0.68308977942824,0.2081539783146441,0.042724192541602,0.0006038861466113321,3.7101933929566875,0.4704738518029425
55,grid_0.6049,grid,0.6049,144791.2072494028,grid,,1.65,0.6831619443559366,0.2081422236446393,0.04272409417492331,0.0005990910888117318,3.7085372172265934,0.47036969478375634
55,grid_0.6500,grid,0.65,208087.91015592948,grid,,1.65,0.683486809264547,0.20808052331902196,0.042723696460175806,0.0005738077245422413,3.699669215700484,0.4698788241035557
55,grid_0.7139,grid,0.7139,341254.74847721966,grid,,1.65,0.6836837522091685,0.20800283584872634,0.04272337468798558,0.0005418050331266189,3.6890060243256517,0.4694157714323776
55,grid_0.7892,grid,0.7892,659123.1682471304,grid,,1.65,0.6833957741500072,0.20790267317397762,0.042723473706573624,0.0005000478063121316,3.679789697828276,0.4690511625325159
55,grid_0.8000,grid,0.8,720637.7906626483,grid,,1.65,0.6832776731647947,0.20788474474261712,0.04272354111150708,0.0004925259851960018,3.678924627195954,0.46898972496686314
55,grid_0.8904,grid,0.8904,1455260.8384215753,grid,,1.65,0.6823779285392793,0.20779137027677883,0.042724328928447165,0.00045292463305424135,3.671479558609437,0.469324903574938
55,grid_0.9500,grid,0.95,2226688.869070666,grid,,1.65,0.6814647318244504,0.20774185464923697,0.042725051086052124,0.00043162708705257735,3.6686896220714402,0.4698344351614538
55,grid_1.0112,grid,1.0112,3354667.5939293443,grid,,1.65,0.6803945621020144,0.20770486282513148,0.042726367900109245,0.00041494214109744076,3.6672730444253547,0.4705990722494
55,grid_1.1500,grid,1.15,,grid,,1.65,0.6768642221553808,0.20764378812475995,0.0427310607535309,0.0003848819932693037,3.6744653633732876,0.4727084543199084
55,grid_1.3368,grid,1.3368,,grid,,1.65,0.6720535768216083,0.20765473319114874,0.04273190174533808,0.00038858647134909496,3.6903638694274017,0.4784937331505726
55,rtp475,rtp,0.12882511304396593,475.0,grid,,1.7,0.6793051349207105,0.21677997888572775,0.04520605109923007,0.0017875081464664988,3.9123762755313707,0.49780150796793954
55,grid_0.1645,grid,0.1645,911.0273456554891,grid,,1.7,0.6817421129386138,0.21604746504942665,0.04519842399509083,0.0014780831591924004,3.885662225465823,0.49070947104126406
55,grid_0.2109,grid,0.2109,1968.088273945377,grid,,1.7,0.6846995184044457,0.21547796675419997,0.045192946371411705,0.0012378077851123992,3.854733119795272,0.48499929160316807
55,rtp2500,rtp,0.2286269540390678,2500.0,grid,,1.7,0.6857385079975177,0.2153216026767771,0.045191538228039646,0.0011718543512562185,3.8440609027278962,0.4834083155539474
55,grid_0.2423,grid,0.2423,3063.9929274687547,grid,,1.7,0.6865066846967246,0.21521682400214776,0.045190616570915755,0.001127664762655689,3.836219331640803,0.4823366618211504
55,grid_0.2700,grid,0.27,4547.050498587685,grid,,1.7,0.687982108804548,0.2150380194047728,0.04518906971416421,0.0010522800753632322,3.821271840784447,0.48049571735397223
55,rtp5000,rtp,0.27800486990953094,5000.0,grid,,1.7,0.6883865222182223,0.21499252408968725,0.04518868876000813,0.0010330966544466191,3.8171825049724526,0.4800261679791971
55,grid_0.2850,grid,0.285,5538.127788819713,grid,,1.7,0.6887315897506862,0.2149544879478327,0.04518837952712406,0.0010170523617908933,3.8136928299089536,0.4796315725367087
55,grid_0.3100,grid,0.31,7525.514436998458,grid,,1.7,0.6899014214775222,0.21482959393623388,0.04518739407639281,0.0009643603544143287,3.8018270140571846,0.47833089640672033
55,grid_0.3300,grid,0.33,9452.73981084357,grid,,1.7,0.6907801376554316,0.2147428655683034,0.045186720276411574,0.0009277780360748555,3.792911080805576,0.477429161810456
55,rtp10000,rtp,0.33620283762544556,10000.0,grid,,1.7,0.6910435497201101,0.21471805627874788,0.04518652880524791,0.0009173148868756309,3.7902410938559497,0.47716982794889373
55,grid_0.3434,grid,0.3434,10979.679365964186,grid,,1.7,0.6913465842962069,0.21469117779896746,0.04518631410818791,0.0009059877165199515,3.7871850774077114,0.4768869263295274
55,grid_0.3600,grid,0.36,13429.027054961303,grid,,1.7,0.6920095667039184,0.21463023526207645,0.045185856431371206,0.000880281457283083,3.7804212599773677,0.47624383258407704
55,grid_0.3649,grid,0.3649,14226.223366879763,grid,,1.7,0.6922024124008711,0.21461372251294375,0.04518572784298305,0.0008733220478797654,3.7784646582542787,0.47607040079684226
55,grid_0.4000,grid,0.4,21048.889246704195,grid,,1.7,0.6935022331178923,0.21450482470121143,0.04518489232299665,0.0008274274971007967,3.765195115086706,0.4749132697595979
55,grid_0.4500,grid,0.45,34787.80604007105,grid,,1.7,0.6950887060464411,0.2143665056077998,0.04518395243633741,0.0007690462901614459,3.748475208322473,0.4734420927006004
55,grid_0.4898,grid,0.4898,49938.86483089346,grid,,1.7,0.6961890771518128,0.21427656914123264,0.0451833521527399,0.000731095930197545,3.736551987873329,0.47251017803398837
55,grid_0.5000,grid,0.5,55409.392571070224,grid,,1.7,0.6964400020744366,0.21425450044631947,0.04518321305557399,0.0007217779059279228,3.73372345501046,0.47228286384769197
55,grid_0.5500,grid,0.55,89607.3889940057,grid,,1.7,0.6975932889444275,0.21416137624369985,0.04518260740902524,0.0006824876655703305,3.720568744849748,0.47136796818920473
55,grid_0.5971,grid,0.5971,135617.24602337356,grid,,1.7,0.6983705700109669,0.2140678848622248,0.045182162329809254,0.0006428969995774803,3.7101933929566875,0.4704738518029425
55,grid_0.6049,grid,0.6049,144791.2072494028,grid,,1.7,0.6984894233684993,0.2140547134657589,0.04518209801569165,0.0006373223412164952,3.7085372172265934,0.47036969478375634
55,grid_0.6500,grid,0.65,208087.91015592948,grid,,1.7,0.6990699643839497,0.21398488430913765,0.04518185085247962,0.0006076798603154021,3.699669215700484,0.4698788241035557
55,grid_0.7139,grid,0.7139,341254.74847721966,grid,,1.7,0.6995914331637153,0.2138961909160979,0.04518166560976149,0.0005699148786543207,3.6890060243256517,0.4694157714323776
55,grid_0.7892,grid,0.7892,659123.1682471304,grid,,1.7,0.6996303006050311,0.21378202657572584,0.045181779874121475,0.0005209750127028734,3.679789697828276,0.4690511625325159
55,grid_0.8000,grid,0.8,720637.7906626483,grid,,1.7,0.6995533832529133,0.21376181046434417,0.04518183326111775,0.0005122783518764495,3.678924627195954,0.46898972496686314
55,grid_0.8904,grid,0.8904,1455260.8384215753,grid,,1.7,0.6989765474500684,0.21365144563692354,0.04518242892479158,0.00046451129795571644,3.671479558609437,0.469324903574938
55,grid_0.9500,grid,0.95,2226688.869070666,grid,,1.7,0.6982432840853073,0.21359101409035797,0.04518295074285011,0.0004381705572973904,3.6686896220714402,0.4698344351614538
55,grid_1.0112,grid,1.0112,3354667.5939293443,grid,,1.7,0.6973384109036581,0.21354038591648145,0.045183930169612196,0.00041556624774763407,3.6672730444253547,0.4705990722494
55,grid_1.1500,grid,1.15,,grid,,1.7,0.6941009297708889,0.213442310717297,0.04518737389504052,0.0003702461092986442,3.6744653633732876,0.4727084543199084
55,grid_1.3368,grid,1.3368,,grid,,1.7,0.6896050579226634,0.21342545982569489,0.045187871259450146,0.0003625556423591525,3.6903638694274017,0.4784937331505726
55,rtp475,rtp,0.12882511304396593,475.0,grid,,1.75,0.6896619096377797,0.2229084296782994,0.04773023625527242,0.0019579317663729334,3.9123762755313707,0.49780150796793954
55,grid_0.1645,grid,0.1645,911.0273456554891,grid,,1.75,0.6929931444266243,0.2221417187926674,0.0477266775320897,0.0016202656960708217,3.885662225465823,0.49070947104126406
55,grid_0.2109,grid,0.2109,1968.088273945377,grid,,1.75,0.6968812690905474,0.22154094948245978,0.0477241651832964,0.0013562271142933957,3.854733119795272,0.48499929160316807
55,rtp2500,rtp,0.2286269540390678,2500.0,grid,,1.75,0.6982260249102993,0.22137499824343496,0.047723527932202504,0.0012833619150783293,3.8440609027278962,0.4834083155539474
55,grid_0.2423,grid,0.2423,3063.9929274687547,grid,,1.75,0.6992151532883435,0.22126349607119042,0.04772311249284497,0.0012344222008007222,3.836219331640803,0.4823366618211504
55,grid_0.2700,grid,0.27,4547.050498587685,grid,,1.75,0.701104285920032,0.22107258153955647,0.04772241791273313,0.0011506683958307229,3.821271840784447,0.48049571735397223
55,rtp5000,rtp,0.27800486990953094,5000.0,grid,,1.75,0.7016206369967914,0.2210238529233356,0.04772224843582738,0.001129295125248897,3.8171825049724526,0.4800261679791971
55,grid_0.2850,grid,0.285,5538.127788819713,grid,,1.75,0.7020609579568252,0.2209830625649006,0.0477221116731336,0.0011114022674291735,3.8136928299089536,0.4796315725367087
55,grid_0.3100,grid,0.31,7525.514436998458,grid,,1.75,0.7035532409169448,0.220848847255217,0.0477216760695884,0.0010525372643697684,3.8018270140571846,0.47833089640672033
55,grid_0.3300,grid,0.33,9452.73981084357,grid,,1.75,0.7046721446270142,0.22075532759227803,0.04772137834392898,0.0010115363164450164,3.792911080805576,0.477429161810456
55,rtp10000,rtp,0.33620283762544556,10000.0,grid,,1.75,0.7050071850514467,0.22072851930117238,0.04772129408216445,0.0009997851507235755,3.7902410938559497,0.47716982794889373
55,grid_0.3434,grid,0.3434,10979.679365964186,grid,,1.75,0.7053918569104403,0.22069943319332735,0.04772119948298848,0.0009870403288674834,3.7871850774077114,0.4768869263295274
55,grid_0.3600,grid,0.36,13429.027054961303,grid,,1.75,0.7062362813252004,0.2206334456767573,0.0477209975306635,0.0009581198205351193,3.7804212599773677,0.47624383258407704
55,grid_0.3649,grid,0.3649,14226.223366879763,grid,,1.75,0.7064812267086863,0.22061552623919653,0.047720940711437634,0.0009502697063599741,3.7784646582542787,0.47607040079684226
55,grid_0.4000,grid,0.4,21048.889246704195,grid,,1.75,0.708134725343128,0.2204971183146855,0.04772056934677416,0.0008984098383062467,3.765195115086706,0.4749132697595979
55,grid_0.4500,grid,0.45,34787.80604007105,grid,,1.75,0.7101718003039502,0.22034615997502638,0.047720158556639754,0.0008322716591001589,3.748475208322473,0.4734420927006004
55,grid_0.4898,grid,0.4898,49938.86483089346,grid,,1.75,0.71159514468203,0.22024741781157875,0.047719897794824,0.0007890272578441326,3.736551987873329,0.47251017803398837
55,grid_0.5000,grid,0.5,55409.392571070224,grid,,1.75,0.7119240182317145,0.220223180278997,0.047719836954608505,0.0007784121775871178,3.73372345501046,0.47228286384769197
55,grid_0.5500,grid,0.55,89607.3889940057,grid,,1.75,0.7134377228334071,0.2201203533487755,0.047719572021799,0.0007333979365907739,3.720568744849748,0.47136796818920473
55,grid_0.5971,grid,0.5971,135617.24602337356,grid,,1.75,0.7145174821064235,0.2200175808652952,0.04771937928139478,0.000688356608421925,3.7101933929566875,0.4704738518029425
55,grid_0.6049,grid,0.6049,144791.2072494028,grid,,1.75,0.7146839813763404,0.2200030141562649,0.04771935136956499,0.0006819748682767024,3.7085372172265934,0.47036969478375634
55,grid_0.6500,grid,0.65,208087.91015592948,grid,,1.75,0.7155254759406978,0.2199252154012032,0.04771926485958645,0.0006478355096791732,3.699669215700484,0.4698788241035557
55,grid_0.7139,grid,0.7139,341254.74847721966,grid,,1.75,0.7163782556768408,0.2198257809722298,0.047719225004570744,0.0006041489754800011,3.6890060243256517,0.4694157714323776
55,grid_0.7892,grid,0.7892,659123.1682471304,grid,,1.75,0.7167510694031783,0.2196980419771438,0.0477193544534353,0.0005478751951555338,3.679789697828276,0.4690511625325159
55,grid_0.8000,grid,0.8,720637.7906626483,grid,,1.75,0.7167162866021524,0.2196756166739856,0.0477193926453502,0.0005379839157456656,3.678924627195954,0.46898972496686314
55,grid_0.8904,grid,0.8904,1455260.8384215753,grid,,1.75,0.7164696023842376,0.21954895636117655,0.04771978107491803,0.0004819631643637745,3.671479558609437,0.469324903574938
55,grid_0.9500,grid,0.95,2226688.869070666,grid,,1.75,0.7159205123372725,0.21947815150986644,0.04772008759606126,0.00045057139412663094,3.6686896220714402,0.4698344351614538
55,grid_1.0112,grid,1.0112,3354667.5939293443,grid,,1.75,0.7151850378731888,0.21941461289727401,0.04772070369050944,0.0004220686623511716,3.6672730444253547,0.4705990722494
55,grid_1.1500,grid,1.15,,grid,,1.75,0.7122494577961257,0.21928204148144517,0.047722803659315666,0.00036181005695457014,3.6744653633732876,0.4727084543199084
55,grid_1.3368,grid,1.3368,,grid,,1.75,0.70807846379599,0.2192387786335579,0.047722934798970454,0.00034270725776375244,3.6903638694274017,0.4784937331505726
55,rtp475,rtp,0.12882511304396593,475.0,grid,,1.8,0.7006890258180111,0.2290423122321313,0.050319507875560145,0.0021408729170809826,3.9123762755313707,0.49780150796793954
55,grid_0.1645,grid,0.1645,911.0273456554891,grid,,1.8,0.7049332347267284,0.22824057498691816,0.05032025637763107,0.0017735036927279402,3.885662225465823,0.49070947104126406
55,grid_0.2109,grid,0.2109,1968.088273945377,grid,,1.8,0.7097707957285618,0.22760803591652914,0.050320882825006234,0.0014845351887737834,3.854733119795272,0.48499929160316807
55,rtp2500,rtp,0.2286269540390678,2500.0,grid,,1.8,0.7114273437058364,0.2274323958458536,0.050321061467653125,0.0014044332125319192,3.8440609027278962,0.4834083155539474
55,grid_0.2423,grid,0.2423,3063.9929274687547,grid,,1.8,0.712641746734659,0.22731411332540066,0.05032118177531022,0.0013505243416028767,3.836219331640803,0.4823366618211504
55,grid_0.2700,grid,0.27,4547.050498587685,grid,,1.8,0.7149526173056524,0.22711101426342084,0.050321389151993356,0.001258023647766393,3.821271840784447,0.48049571735397223
55,rtp5000,rtp,0.27800486990953094,5000.0,grid,,1.8,0.7155830673627925,0.2270590384629466,0.0503214434610508,0.001234363486667056,3.8171825049724526,0.4800261679791971
55,grid_0.2850,grid,0.285,5538.127788819713,grid,,1.8,0.7161204787008463,0.22701548554453302,0.050321489197331946,0.001214541479688136,3.8136928299089536,0.4796315725367087
55,grid_0.3100,grid,0.31,7525.514436998458,grid,,1.8,0.7179414159195405,0.22687192996290054,0.050321635409884366,0.0011492371952068758,3.8018270140571846,0.47833089640672033
55,grid_0.3300,grid,0.33,9452.73981084357,grid,,1.8,0.7193051062181398,0.22677161555776856,0.050321735621640086,0.001103630001040301,3.792911080805576,0.477429161810456
55,rtp10000,rtp,0.33620283762544556,10000.0,grid,,1.8,0.7197131434129866,0.22674280924741974,0.050321764797467756,0.0010905367479440153,3.7902410938559497,0.47716982794889373
55,grid_0.3434,grid,0.3434,10979.679365964186,grid,,1.8,0.7201810088945658,0.2267115180084578,0.050321797274449374,0.0010763151232499046,3.7871850774077114,0.4768869263295274
55,grid_0.3600,grid,0.36,13429.027054961303,grid,,1.8,0.7212103391116325,0.2266404946817769,0.050321865908442794,0.0010440479211577536,3.7804212599773677,0.47624383258407704
55,grid_0.3649,grid,0.3649,14226.223366879763,grid,,1.8,0.7215083750232205,0.22662117136965088,0.0503218850302168,0.0010352702827358673,3.7784646582542787,0.47607040079684226
55,grid_0.4000,grid,0.4,21048.889246704195,grid,,1.8,0.7235222758082432,0.22649328250551215,0.05032200482635322,0.0009772021937685116,3.765195115086706,0.4749132697595979
55,grid_0.4500,grid,0.45,34787.80604007105,grid,,1.8,0.7260185419079935,0.22632974443090445,0.05032215384466874,0.0009029993694897875,3.748475208322473,0.4734420927006004
55,grid_0.4898,grid,0.4898,49938.86483089346,grid,,1.8,0.727771011783411,0.22622225931369663,0.05032225229336238,0.000854258315631018,3.736551987873329,0.47251017803398837
55,grid_0.5000,grid,0.5,55409.392571070224,grid,,1.8,0.7281793263593015,0.2261958701084285,0.05032227425320792,0.0008422974009011375,3.73372345501046,0.47228286384769197
55,grid_0.5500,grid,0.55,89607.3889940057,grid,,1.8,0.7300603207986315,0.2260834295041245,0.05032236981380539,0.0007913472825410439,3.720568744849748,0.47136796818920473
55,grid_0.5971,grid,0.5971,135617.24602337356,grid,,1.8,0.7314484393749112,0.2259714752293443,0.05032244403624168,0.0007406635810844886,3.7101933929566875,0.4704738518029425
55,grid_0.6049,grid,0.6049,144791.2072494028,grid,,1.8,0.7316635035371818,0.225955530127656,0.05032245463695828,0.0007334469583117897,3.7085372172265934,0.47036969478375634
55,grid_0.6500,grid,0.65,208087.91015592948,grid,,1.8,0.732771015852797,0.22586989634294413,0.050322537837800406,0.0006946722361719226,3.699669215700484,0.4698788241035557
55,grid_0.7139,grid,0.7139,341254.74847721966,grid,,1.8,0.7339616154625427,0.2257599529823891,0.05032265129754806,0.0006449050730624739,3.6890060243256517,0.4694157714323776
55,grid_0.7892,grid,0.7892,659123.1682471304,grid,,1.8,0.7346751774185474,0.2256190248996186,0.05032279582021441,0.0005811485764403157,3.679789697828276,0.4690511625325159
55,grid_0.8000,grid,0.8,720637.7906626483,grid,,1.8,0.7346834376504349,0.22559446195544872,0.050322817749421385,0.000570043515547014,3.678924627195954,0.46898972496686314
55,grid_0.8904,grid,0.8904,1455260.8384215753,grid,,1.8,0.7347738393589344,0.22545215308283176,0.05032298531099205,0.0005056880186925516,3.671479558609437,0.469324903574938
55,grid_0.9500,grid,0.95,2226688.869070666,grid,,1.8,0.7344129757799039,0.2253714840735673,0.05032306304735431,0.0004692427861678894,3.6686896220714402,0.4698344351614538
55,grid_1.0112,grid,1.0112,3354667.5939293443,grid,,1.8,0.733850812142315,0.22529572776558152,0.0503232923754943,0.0004348725739287129,3.6672730444253547,0.4705990722494
55,grid_1.1500,grid,1.15,,grid,,1.8,0.7312256730554874,0.22513107552890557,0.05032396318061627,0.00036003798818551314,3.6744653633732876,0.4727084543199084
55,grid_1.3368,grid,1.3368,,grid,,1.8,0.7273890883050418,0.2250627645415057,0.05032370786404615,0.0003295401190190894,3.6903638694274017,0.4784937331505726
55,rtp475,rtp,0.12882511304396593,475.0,grid,,1.85,0.7112930951744959,0.2349906015709446,0.05285561603842238,0.002364966788252043,3.9123762755313707,0.49780150796793954
55,grid_0.1645,grid,0.1645,911.0273456554891,grid,,1.85,0.7163385690331598,0.23412815206404783,0.05285986275367015,0.001956128835255755,3.885662225465823,0.49070947104126406
55,grid_0.2109,grid,0.2109,1968.088273945377,grid,,1.85,0.7219998442414894,0.2334457076458952,0.052863038385403543,0.0016338600328892339,3.854733119795272,0.48499929160316807
55,rtp2500,rtp,0.2286269540390678,2500.0,grid,,1.85,0.7239253645540449,0.2332557867282701,0.05286387964868141,0.0015443823935428203,3.8440609027278962,0.4834083155539474
55,grid_0.2423,grid,0.2423,3063.9929274687547,grid,,1.85,0.7253337082569854,0.23312774126670038,0.052864435054764125,0.001484108693349473,3.836219331640803,0.4823366618211504
55,grid_0.2700,grid,0.27,4547.050498587685,grid,,1.85,0.7280068952725736,0.23290749249160123,0.052865374933348495,0.0013805251253767858,3.821271840784447,0.48049571735397223
55,rtp5000,rtp,0.27800486990953094,5000.0,grid,,1.85,0.7287352266997056,0.2328510539105873,0.05286561098623668,0.001354002321034553,3.8171825049724526,0.4800261679791971
55,grid_0.2850,grid,0.285,5538.127788819713,grid,,1.85,0.7293558771376025,0.23280375496898348,0.05286580493589507,0.0013317833917634303,3.8136928299089536,0.4796315725367087
55,grid_0.3100,grid,0.31,7525.514436998458,grid,,1.85,0.7314583274165081,0.23264780330427395,0.0528664236596502,0.001258576722653948,3.8018270140571846,0.47833089640672033
55,grid_0.3300,grid,0.33,9452.73981084357,grid,,1.85,0.7330314193791653,0.23253863925674928,0.05286684704773533,0.0012073716996452433,3.792911080805576,0.477429161810456
55,rtp10000,rtp,0.33620283762544556,10000.0,grid,,1.85,0.7335018622142409,0.2325072532164764,0.05286696834836577,0.0011926544499049063,3.7902410938559497,0.47716982794889373
55,grid_0.3434,grid,0.3434,10979.679365964186,grid,,1.85,0.7340408288008404,0.23247309193098195,0.05286710402637287,0.0011766344455779176,3.7871850774077114,0.4768869263295274
55,grid_0.3600,grid,0.36,13429.027054961303,grid,,1.85,0.735228127865168,0.23239568114616338,0.05286739240838887,0.0011403602070003682,3.7804212599773677,0.47624383258407704
55,grid_0.3649,grid,0.3649,14226.223366879763,grid,,1.85,0.7355714974794306,0.23237457024832978,0.0528674732031027,0.0011304676949932535,3.7784646582542787,0.47607040079684226
55,grid_0.4000,grid,0.4,21048.889246704195,grid,,1.85,0.7378929914117538,0.2322347712866719,0.05286799187898442,0.0010649971155883842,3.765195115086706,0.4749132697595979
55,grid_0.4500,grid,0.45,34787.80604007105,grid,,1.85,0.740780855743023,0.23205610998944293,0.05286859556060537,0.0009814426228270667,3.748475208322473,0.4734420927006004
55,grid_0.4898,grid,0.4898,49938.86483089346,grid,,1.85,0.7428137563443329,0.23193824670247648,0.052868985752418024,0.0009263645310008117,3.736551987873329,0.47251017803398837
55,grid_0.5000,grid,0.5,55409.392571070224,grid,,1.85,0.7432897595495357,0.23190934844992653,0.05286907496191787,0.0009128709365515686,3.73372345501046,0.47228286384769197
55,grid_0.5500,grid,0.55,89607.3889940057,grid,,1.85,0.7454834970275974,0.23178567053333782,0.05286946331399027,0.0008551337505987577,3.720568744849748,0.47136796818920473
55,grid_0.5971,grid,0.5971,135617.24602337356,grid,,1.85,0.7471343577714704,0.2316636068591208,0.05286975436123538,0.0007982723817419046,3.7101933929566875,0.4704738518029425
55,grid_0.6049,grid,0.6049,144791.2072494028,grid,,1.85,0.747390764501554,0.23164613004086224,0.05286979624203687,0.0007901333208711891,3.7085372172265934,0.47036969478375634
55,grid_0.6500,grid,0.65,208087.91015592948,grid,,1.85,0.7487247284572326,0.23155186270113337,0.0528700172386721,0.000746247881692419,3.699669215700484,0.4698788241035557
55,grid_0.7139,grid,0.7139,341254.74847721966,grid,,1.85,0.7502029246996009,0.23143058390850774,0.05287025514092175,0.0006898600273110844,3.6890060243256517,0.4694157714323776
55,grid_0.7892,grid,0.7892,659123.1682471304,grid,,1.85,0.7512069055163632,0.2312762739147097,0.05287041175868536,0.0006183031171864695,3.679789697828276,0.4690511625325159
55,grid_0.8000,grid,0.8,720637.7906626483,grid,,1.85,0.7512519546019268,0.23124965466722971,0.05287042045241872,0.0006059823312942747,3.678924627195954,0.46898972496686314
55,grid_0.8904,grid,0.8904,1455260.8384215753,grid,,1.85,0.751629658215303,0.23109191271474,0.05287040840709467,0.000533063715062343,3.671479558609437,0.469324903574938
55,grid_0.9500,grid,0.95,2226688.869070666,grid,,1.85,0.751429498310165,0.2310016970503114,0.05287030021396092,0.0004914838261629306,3.6686896220714402,0.4698344351614538
55,grid_1.0112,grid,1.0112,3354667.5939293443,grid,,1.85,0.7510154699365013,0.23091400578639332,0.052870215057623515,0.00045106301069497423,3.6672730444253547,0.4705990722494
55,grid_1.1500,grid,1.15,,grid,,1.85,0.7486578811452489,0.23071888221435083,0.05286972395745348,0.0003614786527860181,3.6744653633732876,0.4727084543199084
55,grid_1.3368,grid,1.3368,,grid,,1.85,0.7451133246626541,0.23062499032311437,0.05286915506873748,0.00031873109279911827,3.6903638694274017,0.4784937331505726
55,rtp475,rtp,0.12882511304396593,475.0,grid,,1.9,0.7224182052123642,0.24078361090710476,0.05536910914943633,0.00260763813202769,3.9123762755313707,0.49780150796793954
55,grid_0.1645,grid,0.1645,911.0273456554891,grid,,1.9,0.7282792430321173,0.23985744803785114,0.05537691625414142,0.002154679125089043,3.885662225465823,0.49070947104126406
55,grid_0.2109,grid,0.2109,1968.088273945377,grid,,1.9,0.73477871539482,0.23912283683300134,0.055382686173424726,0.0017970449216374584,3.854733119795272,0.48499929160316807
55,rtp2500,rtp,0.2286269540390678,2500.0,grid,,1.9,0.736977901299151,0.23891804609441666,0.055384201741159454,0.0016976310084143575,3.8440609027278962,0.4834083155539474
55,grid_0.2423,grid,0.2423,3063.9929274687547,grid,,1.9,0.7385835606319012,0.23877985616535521,0.05538519990991117,0.0016306198004365502,3.836219331640803,0.4823366618211504
55,grid_0.2700,grid,0.27,4547.050498587685,grid,,1.9,0.7416253479534911,0.23854182740402563,0.0553868851807917,0.0015153182404602505,3.821271840784447,0.48049571735397223
55,rtp5000,rtp,0.27800486990953094,5000.0,grid,,1.9,0.7424532551242927,0.2384807713535093,0.05538730616872898,0.00148577213663581,3.8171825049724526,0.4800261679791971
55,grid_0.2850,grid,0.285,5538.127788819713,grid,,1.9,0.7431585859059971,0.2384296030805005,0.05538765093062408,0.0014610246945009342,3.8136928299089536,0.4796315725367087
55,grid_0.3100,grid,0.31,7525.514436998458,grid,,1.9,0.7455474215830808,0.2382608663787262,0.05538875044970145,0.0013794899978397668,3.8018270140571846,0.47833089640672033
55,grid_0.3300,grid,0.33,9452.73981084357,grid,,1.9,0.7473335333524282,0.23814259656706227,0.055389502679381634,0.0013223936203209385,3.792911080805576,0.477429161810456
55,rtp10000,rtp,0.33620283762544556,10000.0,grid,,1.9,0.7478674591987295,0.23810855952176732,0.055389717718187965,0.0013059683993430493,3.7902410938559497,0.47716982794889373
55,grid_0.3434,grid,0.3434,10979.679365964186,grid,,1.9,0.748478752592031,0.23807144960856816,0.05538995840507739,0.0012880567136476229,3.7871850774077114,0.4768869263295274
55,grid_0.3600,grid,0.36,13429.027054961303,grid,,1.9,0.7498267501843906,0.2379874883257266,0.05539047038583365,0.00124757421375421,3.7804212599773677,0.47624383258407704
55,grid_0.3649,grid,0.3649,14226.223366879763,grid,,1.9,0.7502162347230008,0.23796454471653233,0.05539061393454109,0.0012365106076054344,3.7784646582542787,0.47607040079684226
55,grid_0.4000,grid,0.4,21048.889246704195,grid,,1.9,0.7528506271456689,0.2378125538479987,0.05539153849153399,0.0011632722761732994,3.765195115086706,0.4749132697595979
55,grid_0.4500,grid,0.45,34787.80604007105,grid,,1.9,0.7561368753853879,0.23761847550369838,0.05539260478730312,0.0010699351133985902,3.748475208322473,0.4734420927006004
55,grid_0.4898,grid,0.4898,49938.86483089346,grid,,1.9,0.7584550731806197,0.23749007616836956,0.05539329181690152,0.0010082444615564512,3.736551987873329,0.47251017803398837
55,grid_0.5000,grid,0.5,55409.392571070224,grid,,1.9,0.7589999458654039,0.2374586348162406,0.055393449452257736,0.0009931537965349735,3.73372345501046,0.47228286384769197
55,grid_0.5500,grid,0.55,89607.3889940057,grid,,1.9,0.761511867780751,0.23732359394988775,0.055394135716773665,0.0009283525285175287,3.720568744849748,0.47136796818920473
55,grid_0.5971,grid,0.5971,135617.24602337356,grid,,1.9,0.7634301285189538,0.23719135305812433,0.055394647372108245,0.0008650905934355357,3.7101933929566875,0.4704738518029425
55,grid_0.6049,grid,0.6049,144791.2072494028,grid,,1.9,0.7637286062419093,0.23717233892523037,0.05539472107902006,0.0008559972722442799,3.7085372172265934,0.47036969478375634
55,grid_0.6500,grid,0.65,208087.91015592948,grid,,1.9,0.765293037756308,0.23706946101685064,0.055395082184201146,0.0008068471626189178,3.699669215700484,0.4698788241035557
55,grid_0.7139,grid,0.7139,341254.74847721966,grid,,1.9,0.7670639956161444,0.23693697102794908,0.05539544651982119,0.0007436817200779933,3.6890060243256517,0.4694157714323776
55,grid_0.7892,grid,0.7892,659123.1682471304,grid,,1.9,0.7683637961928045,0.23676959734763328,0.05539561508548751,0.0006642271426728907,3.679789697828276,0.4690511625325159
55,grid_0.8000,grid,0.8,720637.7906626483,grid,,1.9,0.7684463552554444,0.2367409873624406,0.055395610245211876,0.0006506848521313779,3.678924627195954,0.46898972496686314
55,grid_0.8904,grid,0.8904,1455260.8384215753,grid,,1.9,0.7691168765393803,0.2365684842149856,0.05539541487266735,0.0005692328511085476,3.671479558609437,0.469324903574938
55,grid_0.9500,grid,0.95,2226688.869070666,grid,,1.9,0.7690806455429219,0.23646927808210247,0.05539511714168879,0.0005226023349819142,3.6686896220714402,0.4698344351614538
55,grid_1.0112,grid,1.0112,3354667.5939293443,grid,,1.9,0.7688178710188563,0.23637043650803907,0.05539471115381921,0.00047627210118172947,3.6672730444253547,0.4705990722494
55,grid_1.1500,grid,1.15,,grid,,1.9,0.7667346519092789,0.23614773518880447,0.05539303515057063,0.0003727176842310831,3.6744653633732876,0.4727084543199084
55,grid_1.3368,grid,1.3368,,grid,,1.9,0.7634896488401601,0.23603008616873222,0.055392147582343336,0.00031805399447581983,3.6903638694274017,0.4784937331505726
55,rtp475,rtp,0.12882511304396593,475.0,grid,,1.95,0.7340037948026977,0.24643294611403846,0.05786032787479416,0.002868869055650425,3.9123762755313707,0.49780150796793954
55,grid_0.1645,grid,0.1645,911.0273456554891,grid,,1.95,0.7406933999275521,0.2454402619164286,0.05787173909123631,0.002369183078368753,3.885662225465823,0.49070947104126406
55,grid_0.2109,grid,0.2109,1968.088273945377,grid,,1.95,0.7480442755684441,0.2446513615368067,0.0578801349797816,0.0019741537220316907,3.854733119795272,0.48499929160316807
55,rtp2500,rtp,0.2286269540390678,2500.0,grid,,1.95,0.7505214125403089,0.24443114666280327,0.0578823330522011,0.0018642524066917465,3.8440609027278962,0.4834083155539474
55,grid_0.2423,grid,0.2423,3063.9929274687547,grid,,1.95,0.7523274707827885,0.24428245258611497,0.05788377936138849,0.0017901372800990245,3.836219331640803,0.4823366618211504
55,grid_0.2700,grid,0.27,4547.050498587685,grid,,1.95,0.7557436023465849,0.2440260484351077,0.05788621906715801,0.0016624932476955179,3.821271840784447,0.48049571735397223
55,rtp5000,rtp,0.27800486990953094,5000.0,grid,,1.95,0.7566726346189943,0.2439602285198149,0.05788682722759925,0.001629765871841049,3.8171825049724526,0.4800261679791971
55,grid_0.2850,grid,0.285,5538.127788819713,grid,,1.95,0.7574639637971115,0.243905074029121,0.057887324623258934,0.001602360513892065,3.8136928299089536,0.4796315725367087
55,grid_0.3100,grid,0.31,7525.514436998458,grid,,1.95,0.7601436416076703,0.2437231826998217,0.05788891074373889,0.001512079041591785,3.8018270140571846,0.47833089640672033
55,grid_0.3300,grid,0.33,9452.73981084357,grid,,1.95,0.7621460837926919,0.2435955628765522,0.057889995785479646,0.001448802467664656,3.792911080805576,0.477429161810456
55,rtp10000,rtp,0.33620283762544556,10000.0,grid,,1.95,0.7627444786032672,0.243558806721235,0.05789030569290991,0.0014305866385619925,3.7902410938559497,0.47716982794889373
55,grid_0.3434,grid,0.3434,10979.679365964186,grid,,1.95,0.7634292206378629,0.2435186730840554,0.05789065265548432,0.0014106914851347296,3.7871850774077114,0.4768869263295274
55,grid_0.3600,grid,0.36,13429.027054961303,grid,,1.95,0.7649404150796908,0.24342800484691496,0.05789139093345192,0.0013658026102977283,3.7804212599773677,0.47624383258407704
55,grid_0.3649,grid,0.3649,14226.223366879763,grid,,1.95,0.7653767296947107,0.243403185188896,0.05789159799377967,0.0013535125663203251,3.7784646582542787,0.47607040079684226
55,grid_0.4000,grid,0.4,21048.889246704195,grid,,1.95,0.7683288775883784,0.2432387305996698,0.057892933340177616,0.0012721467235611295,3.765195115086706,0.4749132697595979
55,grid_0.4500,grid,0.45,34787.80604007105,grid,,1.95,0.772019721761901,0.24302894845527628,0.05789446781925974,0.0011686019680176019,3.748475208322473,0.4734420927006004
55,grid_0.4898,grid,0.4898,49938.86483089346,grid,,1.95,0.7746276723487721,0.2428898565722133,0.05789545525398268,0.0011000271716876675,3.736551987873329,0.47251017803398837
55,grid_0.5000,grid,0.5,55409.392571070224,grid,,1.95,0.7752424954277146,0.24285583802005464,0.0578956821390985,0.0010832759213245113,3.73372345501046,0.47228286384769197
55,grid_0.5500,grid,0.55,89607.3889940057,grid,,1.95,0.7780775838699953,0.24270930615685402,0.0578966699031766,0.0010111373919649003,3.720568744849748,0.47136796818920473
55,grid_0.5971,grid,0.5971,135617.24602337356,grid,,1.95,0.7802675055138877,0.24256681427286067,0.05789740481512008,0.0009412545713644027,3.7101933929566875,0.4704738518029425
55,grid_0.6049,grid,0.6049,144791.2072494028,grid,,1.95,0.7806087208607108,0.24254625603674818,0.057897510730429196,0.0009311755870146099,3.7085372172265934,0.47036969478375634
55,grid_0.6500,grid,0.65,208087.91015592948,grid,,1.95,0.7824072944076412,0.2424347812496449,0.05789801354734437,0.0008766096122188038,3.699669215700484,0.4698788241035557
55,grid_0.7139,grid,0.7139,341254.74847721966,grid,,1.95,0.7844757374078459,0.2422911862757652,0.05789850567874628,0.0008065132681712717,3.6890060243256517,0.4694157714323776
55,grid_0.7892,grid,0.7892,659123.1682471304,grid,,1.95,0.786076289790413,0.24211103606107462,0.05789868602705164,0.0007190677555153346,3.679789697828276,0.4690511625325159
55,grid_0.8000,grid,0.8,720637.7906626483,grid,,1.95,0.7861970158228233,0.2420804952521753,0.05789866743202829,0.0007042987495101682,3.678924627195954,0.46898972496686314
55,grid_0.8904,grid,0.8904,1455260.8384215753,grid,,1.95,0.787165386705862,0.2418938494859201,0.057898286025791106,0.0006143483933258587,3.671479558609437,0.469324903574938
55,grid_0.9500,grid,0.95,2226688.869070666,grid,,1.95,0.7872960217983827,0.2417861668757879,0.057897796167372256,0.000562754325114101,3.6686896220714402,0.4698344351614538
55,grid_1.0112,grid,1.0112,3354667.5939293443,grid,,1.95,0.7871873370602638,0.24167690517692084,0.05789706475535168,0.0005106617405427061,3.6672730444253547,0.4705990722494
55,grid_1.1500,grid,1.15,,grid,,1.95,0.78538465141395,0.2414293328420103,0.057894187276303265,0.0003939354802349193,3.6744653633732876,0.4727084543199084
55,grid_1.3368,grid,1.3368,,grid,,1.95,0.7824459796320292,0.24128964048558327,0.057892977515151975,0.00032771309051005115,3.6903638694274017,0.4784937331505726
55,rtp475,rtp,0.12882511304396593,475.0,grid,,2.0,0.7459963778771123,0.2519518157278094,0.060331133127789434,0.0031485843207506026,3.9123762755313707,0.49780150796793954
55,grid_0.1645,grid,0.1645,911.0273456554891,grid,,2.0,0.7535263971917586,0.2508899978807404,0.06034617566987611,0.002599615366721819,3.885662225465823,0.49070947104126406
55,grid_0.2109,grid,0.2109,1968.088273945377,grid,,2.0,0.7617407410915844,0.25004482867939853,0.060357217206014946,0.002165199143294827,3.854733119795272,0.48499929160316807
55,rtp2500,rtp,0.2286269540390678,2500.0,grid,,2.0,0.7644997498986488,0.24980867149214805,0.060360102868419536,0.0020442694842524034,3.8440609027278962,0.4834083155539474
55,grid_0.2423,grid,0.2423,3063.9929274687547,grid,,2.0,0.7665090293949144,0.24964913660735144,0.06036200065142381,0.0019626907573722097,3.836219331640803,0.4823366618211504
55,grid_0.2700,grid,0.27,4547.050498587685,grid,,2.0,0.7703047659753787,0.2493737989108508,0.06036520039445659,0.0018220911887728564,3.821271840784447,0.48049571735397223
55,rtp5000,rtp,0.27800486990953094,5000.0,grid,,2.0,0.7713363429120152,0.24930307770972746,0.060365997112231604,0.0017860274433108003,3.8171825049724526,0.4800261679791971
55,grid_0.2850,grid,0.285,5538.127788819713,grid,,2.0,0.7722148782704302,0.24924382715590926,0.06036664826833698,0.0017558371069877898,3.8136928299089536,0.4796315725367087
55,grid_0.3100,grid,0.31,7525.514436998458,grid,,2.0,0.7751894829046408,0.24904843320047038,0.06036872458122651,0.0016563974983826446,3.8018270140571846,0.47833089640672033
55,grid_0.3300,grid,0.33,9452.73981084357,grid,,2.0,0.7774112907630768,0.2489112327657074,0.06037014489054913,0.0015866569063950342,3.792911080805576,0.477429161810456
55,rtp10000,rtp,0.33620283762544556,10000.0,grid,,2.0,0.7780750586325788,0.2488716931098533,0.06037055036539813,0.0015665692659668773,3.7902410938559497,0.47716982794889373
55,grid_0.3434,grid,0.3434,10979.679365964186,grid,,2.0,0.7788342781311288,0.2488284647492977,0.06037100438684112,0.0015446004826513704,3.7871850774077114,0.4768869263295274
55,grid_0.3600,grid,0.36,13429.027054961303,grid,,2.0,0.7805109605659186,0.2487309411619239,0.06037197063054055,0.0014951104607558996,3.7804212599773677,0.47624383258407704
55,grid_0.3649,grid,0.3649,14226.223366879763,grid,,2.0,0.7809947612387766,0.2487042043258105,0.0603722416710103,0.001481539578324198,3.7784646582542787,0.47607040079684226
55,grid_0.4000,grid,0.4,21048.889246704195,grid,,2.0,0.7842691200250602,0.24852702720617434,0.06037399084400061,0.0013916924079379056,3.765195115086706,0.4749132697595979
55,grid_0.4500,grid,0.45,34787.80604007105,grid,,2.0,0.7883702583964565,0.2483012658879064,0.060375996946945294,0.0012775216945914991,3.748475208322473,0.4734420927006004
55,grid_0.4898,grid,0.4898,49938.86483089346,grid,,2.0,0.7912720493737616,0.24815132960554875,0.06037728698919636,0.0012017953958053385,3.736551987873329,0.47251017803398837
55,grid_0.5000,grid,0.5,55409.392571070224,grid,,2.0,0.7919578142641207,0.24811470053389276,0.060377583633105886,0.0011833209879174023,3.73372345501046,0.47228286384769197
55,grid_0.5500,grid,0.55,89607.3889940057,grid,,2.0,0.7951206399349836,0.24795655113194634,0.06037887511297531,0.0011035761362742091,3.720568744849748,0.47136796818920473
55,grid_0.5971,grid,0.5971,135617.24602337356,grid,,2.0,0.7975861280619736,0.24780373236619613,0.060379834915974734,0.001026854858642623,3.7101933929566875,0.4704738518029425
55,grid_0.6049,grid,0.6049,144791.2072494028,grid,,2.0,0.7979706923306912,0.24778162264531015,0.060379973275639764,0.0010157592451031094,3.7085372172265934,0.47036969478375634
55,grid_0.6500,grid,0.65,208087.91015592948,grid,,2.0,0.8000067766746508,0.2476615587911021,0.06038061877474654,0.0009556289280919783,3.699669215700484,0.4698788241035557
55,grid_0.7139,grid,0.7139,341254.74847721966,grid,,2.0,0.8023770331840516,0.24750695184698202,0.060381239505410224,0.0008784517071740439,3.6890060243256517,0.4694157714323776
55,grid_0.7892,grid,0.7892,659123.1682471304,grid,,2.0,0.8042828500708188,0.2473142873273691,0.060381431460256596,0.0007829252559878874,3.679789697828276,0.4690511625325159
55,grid_0.8000,grid,0.8,720637.7906626483,grid,,2.0,0.8044423427740373,0.24728187093607745,0.06038139896026996,0.0007669247333769169,3.678924627195954,0.46898972496686314
55,grid_0.8904,grid,0.8904,1455260.8384215753,grid,,2.0,0.8057131626568511,0.2470816556328049,0.06038082972854106,0.0006685148217069337,3.671479558609437,0.469324903574938
55,grid_0.9500,grid,0.95,2226688.869070666,grid,,2.0,0.8060133437362398,0.24696597380459182,0.06038014606880666,0.000612046148443679,3.6686896220714402,0.4698344351614538
55,grid_1.0112,grid,1.0112,3354667.5939293443,grid,,2.0,0.8060613324430863,0.24684697403812686,0.060379086220612097,0.0005543423711675821,3.6672730444253547,0.4705990722494
55,grid_1.1500,grid,1.15,,grid,,2.0,0.8045447604764066,0.24657706898209306,0.060374996475227184,0.0004252544725726892,3.6744653633732876,0.4727084543199084
55,grid_1.3368,grid,1.3368,,grid,,2.0,0.8019185336408803,0.24641694741328757,0.06037346242642888,0.0003478495460540465,3.6903638694274017,0.4784937331505726
55,rtp475,rtp,0.12882511304396593,475.0,structure,3.0,0.3840037660785033,0.3042798535790369,0.22883948245504948,0.051961974612948915,0.0004055341173459792,3.9123762755313707,0.49780150796793954
55,grid_0.1645,grid,0.1645,911.0273456554891,structure,3.0,0.3840037660785033,0.3023574363356657,0.22878737434815152,0.051965819778856275,0.0003778428822649449,3.885662225465823,0.49070947104126406
55,grid_0.2109,grid,0.2109,1968.088273945377,structure,3.0,0.3840037660785033,0.3005975374876712,0.22874337667487732,0.051968826556200436,0.0003547058164243694,3.854733119795272,0.48499929160316807
55,rtp2500,rtp,0.2286269540390678,2500.0,structure,3.0,0.3840037660785033,0.30005881372700044,0.22873071503838344,0.051969647788216125,0.00034809221375403654,3.8440609027278962,0.4834083155539474
55,grid_0.2423,grid,0.2423,3063.9929274687547,structure,3.0,0.3840037660785033,0.29967957328840633,0.22872207761813396,0.051970194635119586,0.0003435941548361049,3.836219331640803,0.4823366618211504
55,grid_0.2700,grid,0.27,4547.050498587685,structure,3.0,0.3840037660785033,0.2989906470547484,0.2287068883026003,0.051971127614669536,0.00033571314238856065,3.821271840784447,0.48049571735397223
55,rtp5000,rtp,0.27800486990953094,5000.0,structure,3.0,0.3840037660785033,0.29880798520575635,0.22870296855086303,0.05197136594547068,0.0003336818785063672,3.8171825049724526,0.4800261679791971
55,grid_0.2850,grid,0.285,5538.127788819713,structure,3.0,0.3840037660785033,0.29865307991424866,0.22869967778236952,0.05197156387514707,0.0003319787426125653,3.8136928299089536,0.4796315725367087
55,grid_0.3100,grid,0.31,7525.514436998458,structure,3.0,0.3840037660785033,0.29813388989072565,0.2286888641525076,0.05197219568026538,0.00032640090709870617,3.8018270140571846,0.47833089640672033
55,grid_0.3300,grid,0.33,9452.73981084357,structure,3.0,0.3840037660785033,0.29775468315400705,0.2286813209275305,0.051972628196886715,0.0003225183442734786,3.792911080805576,0.477429161810456
55,rtp10000,rtp,0.33620283762544556,10000.0,structure,3.0,0.3840037660785033,0.297642641816407,0.2286791257521875,0.05197275310038578,0.0003213894543989959,3.7902410938559497,0.47716982794889373
55,grid_0.3434,grid,0.3434,10979.679365964186,structure,3.0,0.3840037660785033,0.2975160472056497,0.22867663106771283,0.051972892478364986,0.000320109118113851,3.7871850774077114,0.4768869263295274
55,grid_0.3600,grid,0.36,13429.027054961303,structure,3.0,0.3840037660785033,0.29723296056903986,0.22867115806547372,0.051973187885466086,0.0003173106455387764,3.7804212599773677,0.47624383258407704
55,grid_0.3649,grid,0.3649,14226.223366879763,structure,3.0,0.3840037660785033,0.29715310140708956,0.22866964744352228,0.051973270443629,0.00031653721831577386,3.7784646582542787,0.47607040079684226
55,grid_0.4000,grid,0.4,21048.889246704195,structure,3.0,0.3840037660785033,0.29661169158875533,0.22865942452275093,0.051973794475611575,0.00031133794746404653,3.765195115086706,0.4749132697595979
55,grid_0.4500,grid,0.45,34787.80604007105,structure,3.0,0.3840037660785033,0.29591631470967406,0.22864704310869446,0.051974418967121384,0.00030505135522780613,3.748475208322473,0.4734420927006004
55,grid_0.4898,grid,0.4898,49938.86483089346,structure,3.0,0.3840037660785033,0.29542274547835695,0.22863899604588356,0.05197482633901412,0.0003009641738554447,3.736551987873329,0.47251017803398837
55,grid_0.5000,grid,0.5,55409.392571070224,structure,3.0,0.3840037660785033,0.2953016236035505,0.2286370711236727,0.0519749182100841,0.00029999208192726945,3.73372345501046,0.47228286384769197
55,grid_0.5500,grid,0.55,89607.3889940057,structure,3.0,0.3840037660785033,0.2947562493527755,0.2286288296290851,0.05197531766680034,0.00029582407076488015,3.720568744849748,0.47136796818920473
55,grid_0.5971,grid,0.5971,135617.24602337356,structure,3.0,0.3840037660785033,0.2942671072806525,0.22862199061043478,0.051975621478489914,0.0002923931121878165,3.7101933929566875,0.4704738518029425
55,grid_0.6049,grid,0.6049,144791.2072494028,structure,3.0,0.3840037660785033,0.29419440777863987,0.22862115468128077,0.051975664874887605,0.00029196749291450497,3.7085372172265934,0.47036969478375634
55,grid_0.6500,grid,0.65,208087.91015592948,structure,3.0,0.3840037660785033,0.2937910480255494,0.2286168751455187,0.051975951201981334,0.00028972439932035965,3.699669215700484,0.4698788241035557
55,grid_0.7139,grid,0.7139,341254.74847721966,structure,3.0,0.3840037660785033,0.29327108266611224,0.22861288653793374,0.05197630752445138,0.0002875443667547939,3.6890060243256517,0.4694157714323776
55,grid_0.7892,grid,0.7892,659123.1682471304,structure,3.0,0.3840037660785033,0.29269965132982123,0.22861182380212233,0.051976682126949794,0.0002866838551828371,3.679789697828276,0.4690511625325159
55,grid_0.8000,grid,0.8,720637.7906626483,structure,3.0,0.3840037660785033,0.29261436576747113,0.22861199663891754,0.05197673069905948,0.0002867143081729667,3.678924627195954,0.46898972496686314
55,grid_0.8904,grid,0.8904,1455260.8384215753,structure,3.0,0.3840037660785033,0.2920430548673995,0.22861519868803626,0.051977054710074355,0.000287854361095935,3.671479558609437,0.469324903574938
55,grid_0.9500,grid,0.95,2226688.869070666,structure,3.0,0.3840037660785033,0.2916967659998552,0.22861804320088963,0.05197714089275453,0.0002890687842493078,3.6686896220714402,0.4698344351614538
55,grid_1.0112,grid,1.0112,3354667.5939293443,structure,3.0,0.3840037660785033,0.2913197548951007,0.2286209573460444,0.05197755946254201,0.0002899826752798401,3.6672730444253547,0.4705990722494
55,grid_1.1500,grid,1.15,,structure,3.0,0.3840037660785033,0.29006030402656224,0.22863758403541543,0.051978663963368386,0.0002964808701832605,3.6744653633732876,0.4727084543199084
55,grid_1.3368,grid,1.3368,,structure,3.0,0.3840037660785033,0.2887192069530447,0.2287590139882603,0.05197779249445385,0.0003528939864272246,3.6903638694274017,0.4784937331505726
55,rtp475,rtp,0.12882511304396593,475.0,structure,5.0,0.6399671589483028,0.452442959342997,0.16453546205798697,0.026239917951775306,0.0008320003228599604,3.9123762755313707,0.49780150796793954
55,grid_0.1645,grid,0.1645,911.0273456554891,structure,5.0,0.6399671589483028,0.45252930792268814,0.16405681850501874,0.026209723359455903,0.0007049163385327573,3.885662225465823,0.49070947104126406
55,grid_0.2109,grid,0.2109,1968.088273945377,structure,5.0,0.6399671589483028,0.45292801832067975,0.16367760336225554,0.026187875989367528,0.0006024818530443177,3.854733119795272,0.48499929160316807
55,rtp2500,rtp,0.2286269540390678,2500.0,structure,5.0,0.6399671589483028,0.45310884771308635,0.16357247108721712,0.026182227361828146,0.0005737259357503355,3.8440609027278962,0.4834083155539474
55,grid_0.2423,grid,0.2423,3063.9929274687547,structure,5.0,0.6399671589483028,0.45325224408553366,0.16350173242558858,0.026178524109992017,0.0005542923961767421,3.836219331640803,0.4823366618211504
55,grid_0.2700,grid,0.27,4547.050498587685,structure,5.0,0.6399671589483028,0.4535479551341465,0.16337974247962117,0.026172299041420686,0.0005206412112866432,3.821271840784447,0.48049571735397223
55,rtp5000,rtp,0.27800486990953094,5000.0,structure,5.0,0.6399671589483028,0.4536322198959043,0.16334855674736248,0.02617075977971587,0.0005119912117304282,3.8171825049724526,0.4800261679791971
55,grid_0.2850,grid,0.285,5538.127788819713,structure,5.0,0.6399671589483028,0.45370449010863506,0.16332252626235128,0.02616950722029268,0.0005047403644237447,3.8136928299089536,0.4796315725367087
55,grid_0.3100,grid,0.31,7525.514436998458,structure,5.0,0.6399671589483028,0.4539527512355232,0.163237306163249,0.026165514728470837,0.0004809033949634556,3.8018270140571846,0.47833089640672033
55,grid_0.3300,grid,0.33,9452.73981084357,structure,5.0,0.6399671589483028,0.4541450332328146,0.16317795219316528,0.026162784443683862,0.00046425963827106953,3.792911080805576,0.477429161810456
55,rtp10000,rtp,0.33620283762544556,10000.0,structure,5.0,0.6399671589483028,0.4542035260362635,0.16316081483064676,0.026162007359147338,0.0004594441370532609,3.7902410938559497,0.47716982794889373
55,grid_0.3434,grid,0.3434,10979.679365964186,structure,5.0,0.6399671589483028,0.45427202138012057,0.16314180997990685,0.026161136444790893,0.00045411371872913775,3.7871850774077114,0.4768869263295274
55,grid_0.3600,grid,0.36,13429.027054961303,structure,5.0,0.6399671589483028,0.45441873863380156,0.1630996986320316,0.026159281000632653,0.00044223069322688047,3.7804212599773677,0.47624383258407704
55,grid_0.3649,grid,0.3649,14226.223366879763,structure,5.0,0.6399671589483028,0.4544627742878943,0.16308809289447435,0.02615876000363363,0.0004389660403230633,3.7784646582542787,0.47607040079684226
55,grid_0.4000,grid,0.4,21048.889246704195,structure,5.0,0.6399671589483028,0.4547582101352238,0.16301104424818388,0.02615538298399188,0.00041721756289148093,3.765195115086706,0.4749132697595979
55,grid_0.4500,grid,0.45,34787.80604007105,structure,5.0,0.6399671589483028,0.4551025845758459,0.16291574293997999,0.026151555040371904,0.00038998425731373576,3.748475208322473,0.4734420927006004
55,grid_0.4898,grid,0.4898,49938.86483089346,structure,5.0,0.6399671589483028,0.45533778570041744,0.16285326721986956,0.026149103976379328,0.0003720826678069167,3.736551987873329,0.47251017803398837
55,grid_0.5000,grid,0.5,55409.392571070224,structure,5.0,0.6399671589483028,0.45538745710567446,0.16283820487635506,0.026148537502052673,0.0003677434653011069,3.73372345501046,0.47228286384769197
55,grid_0.5500,grid,0.55,89607.3889940057,structure,5.0,0.6399671589483028,0.4556240510456395,0.16277371226041654,0.026146070946521424,0.000349210456515453,3.720568744849748,0.47136796818920473
55,grid_0.5971,grid,0.5971,135617.24602337356,structure,5.0,0.6399671589483028,0.45572653516240175,0.16271547765362457,0.026144250760596014,0.00033207590745118476,3.7101933929566875,0.4704738518029425
55,grid_0.6049,grid,0.6049,144791.2072494028,structure,5.0,0.6399671589483028,0.45574418257833965,0.1627075294387228,0.026143987907864694,0.00032975222818815153,3.7085372172265934,0.47036969478375634
55,grid_0.6500,grid,0.65,208087.91015592948,structure,5.0,0.6399671589483028,0.45580917053210707,0.16266540686772116,0.026142901485794696,0.00031713310564657204,3.699669215700484,0.4698788241035557
55,grid_0.7139,grid,0.7139,341254.74847721966,structure,5.0,0.6399671589483028,0.4558010113942106,0.162615795650631,0.02614199463681604,0.0003019023582717384,3.6890060243256517,0.4694157714323776
55,grid_0.7892,grid,0.7892,659123.1682471304,structure,5.0,0.6399671589483028,0.45556771098098703,0.16256422145740757,0.026142165107819852,0.00028496099023320176,3.679789697828276,0.4690511625325159
55,grid_0.8000,grid,0.8,720637.7906626483,structure,5.0,0.6399671589483028,0.45549705373462956,0.16255637192392014,0.026142327379037537,0.00028224667403031756,3.678924627195954,0.46898972496686314
55,grid_0.8904,grid,0.8904,1455260.8384215753,structure,5.0,0.6399671589483028,0.4550163814995157,0.16251775453071574,0.026144276100933152,0.00026774443677282656,3.671479558609437,0.469324903574938
55,grid_0.9500,grid,0.95,2226688.869070666,structure,5.0,0.6399671589483028,0.4545663225987809,0.16249967617315175,0.0261461060218001,0.0002600387345790822,3.6686896220714402,0.4698344351614538
55,grid_1.0112,grid,1.0112,3354667.5939293443,structure,5.0,0.6399671589483028,0.45401903438742075,0.16248182184434914,0.026149399221413884,0.00025094320844493145,3.6672730444253547,0.4705990722494
55,grid_1.1500,grid,1.15,,structure,5.0,0.6399671589483028,0.4519984431401938,0.16244549593657284,0.026161227201188877,0.00022731194889022421,3.6744653633732876,0.4727084543199084
55,grid_1.3368,grid,1.3368,,structure,5.0,0.6399671589483028,0.4494385344634358,0.16250481909849682,0.026163553083952032,0.0002442631462831468,3.6903638694274017,0.4784937331505726
