site,level,source,iml,rtp,T1_kind,storeys,T1,ln_saratio_mean,ln_saratio_sigma,var_within,var_between,ln_rsd595_mean,ln_rsd595_sigma
57,rtp475,rtp,0.12469509132264271,475.0,grid,,0.15,0.06285001274096455,0.2542732164742832,0.06415708649003316,0.0004977821261445154,3.926728887600422,0.5034183145327573
57,grid_0.1645,grid,0.1645,1008.343369575265,grid,,0.15,0.04869036911728667,0.25422735686479103,0.06419236112414554,0.0004391878543122548,3.897512185974956,0.4950795491053157
57,grid_0.2109,grid,0.2109,2239.050764823976,grid,,0.15,0.035679764326065434,0.2541966562537777,0.06421421870982306,0.0004017213407781345,3.86720128982081,0.4894843337216489
57,rtp2500,rtp,0.21860950117697509,2500.0,grid,,0.15,0.03378373603899679,0.2541925151180036,0.06421672977838497,0.0003971049636315193,3.8625831295104693,0.4887970255819087
57,grid_0.2423,grid,0.2423,3541.8871802113695,grid,,0.15,0.028326562104345688,0.2541819177030487,0.06422314481555443,0.00038530247164500356,3.849026937396933,0.487005678009897
57,rtp5000,rtp,0.265879092857521,5000.0,grid,,0.15,0.023383582336549462,0.2541725476180989,0.06422800043181086,0.0003756835308638939,3.8365064716697193,0.4855508502567695
57,grid_0.2700,grid,0.27,5334.670491999261,grid,,0.15,0.022562346804032265,0.2541711631578094,0.06422872466958678,0.00037425551140701037,3.834400735340483,0.4853278433821482
57,grid_0.2850,grid,0.285,6545.652253934677,grid,,0.15,0.019675466843916103,0.25416600237117554,0.0642310938511054,0.00036926291023901185,3.8269630473882246,0.48457909934234045
57,grid_0.3100,grid,0.31,8997.49324410802,grid,,0.15,0.015188224850300948,0.25415732725532925,0.0642342625561878,0.0003616844413847314,3.8153598548181487,0.4834683893806985
57,rtp10000,rtp,0.31944456966013796,10000.0,grid,,0.15,0.013584901908160297,0.25415440659200095,0.06423525562099343,0.00035920676913870785,3.8111920931415053,0.4830971104638002
57,grid_0.3300,grid,0.33,11398.75385176199,grid,,0.15,0.011844384874150623,0.2541516450086211,0.06423625861701683,0.00035680004357133653,3.806626920479369,0.4827311581665439
57,grid_0.3434,grid,0.3434,13315.423960905744,grid,,0.15,0.009717449693978527,0.2541478209515561,0.0642373577724537,0.0003537571219705126,3.8010635917913436,0.48228722090515486
57,grid_0.3600,grid,0.36,16415.64489752169,grid,,0.15,0.007191402963335692,0.25414394283256553,0.06423851512730656,0.0003506285511757651,3.794431894300095,0.481802844501384
57,grid_0.3649,grid,0.3649,17429.72232748697,grid,,0.15,0.00647033154864632,0.2541426298539765,0.06423881281786196,0.00034966349123336594,3.792552476906441,0.48166089637952564
57,grid_0.4000,grid,0.4,26190.155202456328,grid,,0.15,0.0015679096135898215,0.2541345277861693,0.06424049520600314,0.0003438630070961113,3.7797385891439212,0.48077960865186026
57,grid_0.4500,grid,0.45,44150.81794539096,grid,,0.15,-0.004674524035025368,0.25412299781323683,0.06424173670239518,0.000336761315191188,3.7637206832918513,0.4797513189557843
57,grid_0.4898,grid,0.4898,64289.88586406512,grid,,0.15,-0.009151113732700321,0.2541164532825419,0.0642420057822467,0.0003331660466516052,3.7523088612673394,0.4792221621098121
57,grid_0.5000,grid,0.5,71843.23453189072,grid,,0.15,-0.01023516041679846,0.2541151435385653,0.06424199600119744,0.00033251017442819666,3.749590382112719,0.4791118843482789
57,grid_0.5500,grid,0.55,120081.06789982748,grid,,0.15,-0.015202146875177285,0.25410862415463126,0.06424142401181272,0.0003297688579469249,3.7374920456705816,0.4786703029686821
57,grid_0.5971,grid,0.5971,186981.1902647902,grid,,0.15,-0.019385427825957372,0.25410174637874455,0.0642400847362364,0.00032761277649142294,3.7279779753843103,0.47846242726120214
57,grid_0.6049,grid,0.6049,200528.58451530393,grid,,0.15,-0.02002836719889912,0.2541001509581902,0.06423976070525729,0.000327126011717773,3.726635652535563,0.4784407070836246
57,grid_0.6500,grid,0.65,295454.9350998506,grid,,0.15,-0.023591332687051256,0.25409438583732297,0.06423745644095762,0.00032650047308874805,3.719085692627311,0.47864255133751016
57,grid_0.7139,grid,0.7139,508731.74131494935,grid,,0.15,-0.027987212497359998,0.25408251064705556,0.06423240594994083,0.0003255162667702892,3.7113379963197626,0.4793243156106838
57,grid_0.7892,grid,0.7892,1140357.4147882971,grid,,0.15,-0.03224005208596664,0.254059653252899,0.06422269553107693,0.0003236118799063233,3.706410792361047,0.4810449171535536
57,grid_0.8000,grid,0.8,1272202.7132197733,grid,,0.15,-0.03275501963548567,0.254055462700447,0.06422079525815307,0.0003233828697851383,3.7062334558330505,0.4814102261858278
57,grid_0.8904,grid,0.8904,3011743.322185989,grid,,0.15,-0.036503792665769697,0.2540173708298715,0.0642005941178434,0.00032423056547706427,3.705244457138362,0.4860910745975792
57,grid_0.9500,grid,0.95,5073617.504669949,grid,,0.15,-0.03841583908184843,0.25398744071489504,0.06418139943727137,0.0003282206036309494,3.7062891841491252,0.49086185953118083
57,grid_1.0112,grid,1.0112,8386230.446821927,grid,,0.15,-0.04005254964901175,0.2539518759260306,0.06415334301005685,0.0003382122762931913,3.708775975050893,0.49784857262050775
57,grid_1.1500,grid,1.15,,grid,,0.15,-0.042820391094160054,0.2538230558826572,0.06406086895878911,0.0003652747388214054,3.7120243723093944,0.5218962565514828
57,grid_1.3368,grid,1.3368,,grid,,0.15,-0.044176915527747655,0.2535468021587198,0.06385657354916527,0.00042940733574772143,3.706305814232275,0.571884983776885
57,rtp475,rtp,0.12469509132264271,475.0,grid,,0.2,0.1709863880959693,0.26952611530787857,0.07225022299340601,0.00039410383954982184,3.926728887600422,0.5034183145327573
57,grid_0.1645,grid,0.1645,1008.343369575265,grid,,0.2,0.1602194133217061,0.26954751149013717,0.07229614719835635,0.0003597137521692828,3.897512185974956,0.4950795491053157
57,grid_0.2109,grid,0.2109,2239.050764823976,grid,,0.2,0.15036807434517865,0.2695606033602753,0.07232460268101927,0.0003383162029363916,3.86720128982081,0.4894843337216489
57,rtp2500,rtp,0.21860950117697509,2500.0,grid,,0.2,0.14893493222738882,0.2695619054510312,0.07232787155693259,0.000335749313458103,3.8625831295104693,0.4887970255819087
57,grid_0.2423,grid,0.2423,3541.8871802113695,grid,,0.2,0.14481324042026977,0.26956532304123604,0.07233622207929034,0.0003292413070355854,3.849026937396933,0.487005678009897
57,rtp5000,rtp,0.265879092857521,5000.0,grid,,0.2,0.14108297398956518,0.26956744756232115,0.07234254190368349,0.00032406688158129193,3.8365064716697193,0.4855508502567695
57,grid_0.2700,grid,0.27,5334.670491999261,grid,,0.2,0.14046348780314644,0.2695677902691574,0.07234348443705868,0.0003233091135377529,3.834400735340483,0.4853278433821482
57,grid_0.2850,grid,0.285,6545.652253934677,grid,,0.2,0.13828659943042992,0.26956864437479827,0.0723465678214506,0.0003206862086158682,3.8269630473882246,0.48457909934234045
57,grid_0.3100,grid,0.31,8997.49324410802,grid,,0.2,0.13490398479671462,0.2695691317990552,0.0723506911434968,0.00031682567539957976,3.8153598548181487,0.4834683893806985
57,rtp10000,rtp,0.31944456966013796,10000.0,grid,,0.2,0.1336957084226169,0.26956923990669873,0.07235198316794078,0.00031559193593453175,3.8111920931415053,0.4830971104638002
57,grid_0.3300,grid,0.33,11398.75385176199,grid,,0.2,0.1323846236781671,0.26956942886525337,0.07235328797415859,0.00031438900458029273,3.806626920479369,0.4827311581665439
57,grid_0.3434,grid,0.3434,13315.423960905744,grid,,0.2,0.13078255490756185,0.26956932333733297,0.07235471772938537,0.0003129023551621951,3.8010635917913436,0.48228722090515486
57,grid_0.3600,grid,0.36,16415.64489752169,grid,,0.2,0.12888025445718904,0.26956934567797114,0.07235622283627405,0.000311409292975455,3.794431894300095,0.481802844501384
57,grid_0.3649,grid,0.3649,17429.72232748697,grid,,0.2,0.1283372049775045,0.26956922342375417,0.07235660990539244,0.00031095631189345316,3.792552476906441,0.48166089637952564
57,grid_0.4000,grid,0.4,26190.155202456328,grid,,0.2,0.1246459210763473,0.269568388452581,0.07235879619051358,0.0003083198624080335,3.7797385891439212,0.48077960865186026
57,grid_0.4500,grid,0.45,44150.81794539096,grid,,0.2,0.11994635378081292,0.26956606315383047,0.0723604072599204,0.00030545514433450924,3.7637206832918513,0.4797513189557843
57,grid_0.4898,grid,0.4898,64289.88586406512,grid,,0.2,0.11657852672448153,0.2695645993576905,0.0723607533768766,0.0003043198499955921,3.7523088612673394,0.4792221621098121
57,grid_0.5000,grid,0.5,71843.23453189072,grid,,0.2,0.11576298647976901,0.2695643307571967,0.07236073945465736,0.00030418896191800396,3.749590382112719,0.4791118843482789
57,grid_0.5500,grid,0.55,120081.06789982748,grid,,0.2,0.11202625020192879,0.26956254308703215,0.07235998867270947,0.00030397596283858984,3.7374920456705816,0.4786703029686821
57,grid_0.5971,grid,0.5971,186981.1902647902,grid,,0.2,0.10888105498242717,0.2695599764242855,0.07235823894930361,0.00030434194055772336,3.7279779753843103,0.47846242726120214
57,grid_0.6049,grid,0.6049,200528.58451530393,grid,,0.2,0.1083978961327902,0.26955927979302463,0.07235781594650562,0.00030438937602852816,3.726635652535563,0.4784407070836246
57,grid_0.6500,grid,0.65,295454.9350998506,grid,,0.2,0.10572484837679992,0.26955663024160126,0.07235481158591346,0.0003059653212938839,3.719085692627311,0.47864255133751016
57,grid_0.7139,grid,0.7139,508731.74131494935,grid,,0.2,0.10243602042597279,0.2695500792731694,0.07234822953193483,0.0003090157042370638,3.7113379963197626,0.4793243156106838
57,grid_0.7892,grid,0.7892,1140357.4147882971,grid,,0.2,0.09927921532197466,0.26953543257446905,0.07233557566232514,0.0003137737507810188,3.706410792361047,0.4810449171535536
57,grid_0.8000,grid,0.8,1272202.7132197733,grid,,0.2,0.09890038707973434,0.2695327075525549,0.07233309930190425,0.0003147811387068239,3.7062334558330505,0.4814102261858278
57,grid_0.8904,grid,0.8904,3011743.322185989,grid,,0.2,0.09620160381939714,0.2695039588872773,0.07230676857528426,0.0003256152806310024,3.705244457138362,0.4860910745975792
57,grid_0.9500,grid,0.95,5073617.504669949,grid,,0.2,0.09487834888342865,0.26947712355212244,0.07228174042229199,0.00033617969563387584,3.7062891841491252,0.49086185953118083
57,grid_1.0112,grid,1.0112,8386230.446821927,grid,,0.2,0.0937764102590335,0.26944069153887495,0.07224518234862687,0.0003531039083202892,3.708775975050893,0.49784857262050775
57,grid_1.1500,grid,1.15,,grid,,0.2,0.0921145913287018,0.2693034304757371,0.07212470069176516,0.0003996369742350278,3.7120243723093944,0.5218962565514828
57,grid_1.3368,grid,1.3368,,grid,,0.2,0.09207053519372092,0.26898735595238327,0.07185840564310088,0.000495792019153278,3.706305814232275,0.571884983776885
57,rtp475,rtp,0.12469509132264271,475.0,grid,,0.25,0.1946807068874759,0.2696176682607655,0.07236353955929109,0.0003301474790811179,3.926728887600422,0.5034183145327573
57,grid_0.1645,grid,0.1645,1008.343369575265,grid,,0.25,0.18775417585089627,0.2696525173144159,0.07240144588107204,0.00031103421292934946,3.897512185974956,0.4950795491053157
57,grid_0.2109,grid,0.2109,2239.050764823976,grid,,0.25,0.18155587244439822,0.2696764176789633,0.07242499974202592,0.0003003705101327428,3.86720128982081,0.4894843337216489
57,rtp2500,rtp,0.21860950117697509,2500.0,grid,,0.25,0.18066243585674982,0.2696793117461852,0.07242771074780928,0.00029922043608687776,3.8625831295104693,0.4887970255819087
57,grid_0.2423,grid,0.2423,3541.8871802113695,grid,,0.25,0.1781034911133699,0.269686902132096,0.07243464195637436,0.0002963832252323717,3.849026937396933,0.487005678009897
57,rtp5000,rtp,0.265879092857521,5000.0,grid,,0.25,0.17579788802478719,0.2696928058975258,0.07243989353826427,0.00029431601461626586,3.8365064716697193,0.4855508502567695
57,grid_0.2700,grid,0.27,5334.670491999261,grid,,0.25,0.17541598487954485,0.2696937023269971,0.07244067715431197,0.0002940159205309205,3.834400735340483,0.4853278433821482
57,grid_0.2850,grid,0.285,6545.652253934677,grid,,0.25,0.17407591506700326,0.2696966934223624,0.07244324540916292,0.0002930610337928234,3.8269630473882246,0.48457909934234045
57,grid_0.3100,grid,0.31,8997.49324410802,grid,,0.25,0.17199679874983456,0.26970080865163626,0.07244668408689621,0.00029184210045030134,3.8153598548181487,0.4834683893806985
57,rtp10000,rtp,0.31944456966013796,10000.0,grid,,0.25,0.1712552680440776,0.2697021404531499,0.07244776269015098,0.0002914818748596115,3.8111920931415053,0.4830971104638002
57,grid_0.3300,grid,0.33,11398.75385176199,grid,,0.25,0.17045229244739288,0.2697034867228734,0.07244885255575748,0.00029111819471770023,3.806626920479369,0.4827311581665439
57,grid_0.3434,grid,0.3434,13315.423960905744,grid,,0.25,0.16947120052955023,0.26970498308128277,0.07245004896279898,0.00029072893607606093,3.8010635917913436,0.48228722090515486
57,grid_0.3600,grid,0.36,16415.64489752169,grid,,0.25,0.16830753108121793,0.2697066097289104,0.07245130942652646,0.0002903459049363351,3.794431894300095,0.481802844501384
57,grid_0.3649,grid,0.3649,17429.72232748697,grid,,0.25,0.16797511447242083,0.26970703176081534,0.07245163417423507,0.00029024880699438094,3.792552476906441,0.48166089637952564
57,grid_0.4000,grid,0.4,26190.155202456328,grid,,0.25,0.1657182196938656,0.26970945411084296,0.07245346944548925,0.0002897201912796625,3.7797385891439212,0.48077960865186026
57,grid_0.4500,grid,0.45,44150.81794539096,grid,,0.25,0.16284247452152936,0.2697119673850348,0.07245484562582533,0.0002896997248807466,3.7637206832918513,0.4797513189557843
57,grid_0.4898,grid,0.4898,64289.88586406512,grid,,0.25,0.16078505669859003,0.2697132790446933,0.07245516418080888,0.00029008871223168767,3.7523088612673394,0.4792221621098121
57,grid_0.5000,grid,0.5,71843.23453189072,grid,,0.25,0.16028629170990177,0.26971356636279076,0.07245515987777809,0.00029024800235744747,3.749590382112719,0.4791118843482789
57,grid_0.5500,grid,0.55,120081.06789982748,grid,,0.25,0.15799614928852623,0.26971459796901287,0.0724545739569977,0.00029139040058853705,3.7374920456705816,0.4786703029686821
57,grid_0.5971,grid,0.5971,186981.1902647902,grid,,0.25,0.15606150258441268,0.269715496580434,0.07245316243605032,0.00029328665957977645,3.7279779753843103,0.47846242726120214
57,grid_0.6049,grid,0.6049,200528.58451530393,grid,,0.25,0.15576273938071783,0.2697156603614553,0.0724528194749786,0.0002937179692372796,3.726635652535563,0.4784407070836246
57,grid_0.6500,grid,0.65,295454.9350998506,grid,,0.25,0.15411793506334787,0.2697168010549624,0.0724504020686327,0.00029675070268945364,3.719085692627311,0.47864255133751016
57,grid_0.7139,grid,0.7139,508731.74131494935,grid,,0.25,0.15207965869011805,0.26971851745999204,0.07244509135015925,0.0003029873106567861,3.7113379963197626,0.4793243156106838
57,grid_0.7892,grid,0.7892,1140357.4147882971,grid,,0.25,0.15010850171873608,0.2697200143490296,0.07243486206804672,0.00031402407239401395,3.706410792361047,0.4810449171535536
57,grid_0.8000,grid,0.8,1272202.7132197733,grid,,0.25,0.14986881517725623,0.2697205215988444,0.0724328572189099,0.00031630255264281093,3.7062334558330505,0.4814102261858278
57,grid_0.8904,grid,0.8904,3011743.322185989,grid,,0.25,0.14821302248025034,0.2697217240700326,0.07241149031556397,0.00033831811974683115,3.705244457138362,0.4860910745975792
57,grid_0.9500,grid,0.95,5073617.504669949,grid,,0.25,0.1474265847829692,0.26971844041310683,0.07239106285427169,0.0003569742446069696,3.7062891841491252,0.49086185953118083
57,grid_1.0112,grid,1.0112,8386230.446821927,grid,,0.25,0.14676989518211922,0.2697108065474831,0.0723613745869304,0.00038254458156343485,3.708775975050893,0.49784857262050775
57,grid_1.1500,grid,1.15,,grid,,0.25,0.14598597231572424,0.26966665027085435,0.07226323015182619,0.00045687211647708545,3.7120243723093944,0.5218962565514828
57,grid_1.3368,grid,1.3368,,grid,,0.25,0.1469461360259198,0.2695278074135538,0.07204219611119714,0.0006030428579606208,3.706305814232275,0.571884983776885
57,rtp475,rtp,0.12469509132264271,475.0,grid,,0.3,0.21870158524607644,0.2594839532140947,0.06700700785896739,0.0003249141166470765,3.926728887600422,0.5034183145327573
57,grid_0.1645,grid,0.1645,1008.343369575265,grid,,0.3,0.2132721085607716,0.2595118440057725,0.06704055659256665,0.00030584058670975883,3.897512185974956,0.4950795491053157
57,grid_0.2109,grid,0.2109,2239.050764823976,grid,,0.3,0.2084926557683574,0.2595290187453634,0.06706142378249974,0.00029388778843145863,3.86720128982081,0.4894843337216489
57,rtp2500,rtp,0.21860950117697509,2500.0,grid,,0.3,0.20780825512317377,0.2595309284499553,0.06706382720199065,0.00029247562010514816,3.8625831295104693,0.4887970255819087
57,grid_0.2423,grid,0.2423,3541.8871802113695,grid,,0.3,0.20585400308531104,0.2595355798189382,0.06706997383014958,0.00028874336180285953,3.849026937396933,0.487005678009897
57,rtp5000,rtp,0.265879092857521,5000.0,grid,,0.3,0.20409846002700968,0.25953875704863133,0.0670746328048582,0.0002857336054902654,3.8365064716697193,0.4855508502567695
57,grid_0.2700,grid,0.27,5334.670491999261,grid,,0.3,0.20380822682147304,0.25953918069897935,0.06707532811904227,0.00028525819885519277,3.834400735340483,0.4853278433821482
57,grid_0.2850,grid,0.285,6545.652253934677,grid,,0.3,0.2027906559384345,0.25954056260520086,0.06707760848808815,0.00028369514933603707,3.8269630473882246,0.48457909934234045
57,grid_0.3100,grid,0.31,8997.49324410802,grid,,0.3,0.20121260405749516,0.25954217576574407,0.06708066304006069,0.00028147796115569196,3.8153598548181487,0.4834683893806985
57,rtp10000,rtp,0.31944456966013796,10000.0,grid,,0.3,0.20065024150445235,0.2595425768489758,0.06708162150108332,0.00028072769632318806,3.8111920931415053,0.4830971104638002
57,grid_0.3300,grid,0.33,11398.75385176199,grid,,0.3,0.20004231246290347,0.2595429012981892,0.06708259015404809,0.0002799274602334756,3.806626920479369,0.4827311581665439
57,grid_0.3434,grid,0.3434,13315.423960905744,grid,,0.3,0.1992990935431625,0.25954317356499673,0.0670836541723619,0.0002790047718281355,3.8010635917913436,0.48228722090515486
57,grid_0.3600,grid,0.36,16415.64489752169,grid,,0.3,0.19841813319756985,0.2595432706115984,0.06708477546857715,0.0002779338511882251,3.794431894300095,0.481802844501384
57,grid_0.3649,grid,0.3649,17429.72232748697,grid,,0.3,0.1981661422387078,0.25954326381544374,0.06708506454395252,0.00027764124802051593,3.792552476906441,0.48166089637952564
57,grid_0.4000,grid,0.4,26190.155202456328,grid,,0.3,0.19645616197981192,0.2595426843884393,0.06708669851656562,0.0002757065029913783,3.7797385891439212,0.48077960865186026
57,grid_0.4500,grid,0.45,44150.81794539096,grid,,0.3,0.19427092691920742,0.25954144002329216,0.0670879312623805,0.00027382782698365943,3.7637206832918513,0.4797513189557843
57,grid_0.4898,grid,0.4898,64289.88586406512,grid,,0.3,0.1927068597429464,0.25953998228735226,0.06708822365624638,0.00027277874947274905,3.7523088612673394,0.4792221621098121
57,grid_0.5000,grid,0.5,71843.23453189072,grid,,0.3,0.19232683461864855,0.2595395551870063,0.06708822213879716,0.0002725585678719153,3.749590382112719,0.4791118843482789
57,grid_0.5500,grid,0.55,120081.06789982748,grid,,0.3,0.1905746965812932,0.2595372964757048,0.06708771432881168,0.00027189393310620563,3.7374920456705816,0.4786703029686821
57,grid_0.5971,grid,0.5971,186981.1902647902,grid,,0.3,0.189081962917567,0.2595356787939384,0.06708647545827895,0.00027229310875143825,3.7279779753843103,0.47846242726120214
57,grid_0.6049,grid,0.6049,200528.58451530393,grid,,0.3,0.18884913276625312,0.25953552431076077,0.06708617388443797,0.00027251449482351697,3.726635652535563,0.4784407070836246
57,grid_0.6500,grid,0.65,295454.9350998506,grid,,0.3,0.1875708390583217,0.25953473582276776,0.06708405403141317,0.0002742250671806806,3.719085692627311,0.47864255133751016
57,grid_0.7139,grid,0.7139,508731.74131494935,grid,,0.3,0.18595779532969092,0.2595345484323355,0.06707939221880334,0.0002787896111729679,3.7113379963197626,0.4793243156106838
57,grid_0.7892,grid,0.7892,1140357.4147882971,grid,,0.3,0.18435127371924973,0.25953549381852226,0.06707040651202531,0.0002882660395988959,3.706410792361047,0.4810449171535536
57,grid_0.8000,grid,0.8,1272202.7132197733,grid,,0.3,0.18414827801990954,0.25953611437998403,0.06706864443647033,0.00029035023098983315,3.7062334558330505,0.4814102261858278
57,grid_0.8904,grid,0.8904,3011743.322185989,grid,,0.3,0.18274027133479842,0.25953944671003043,0.0670498491024561,0.0003108752960926456,3.705244457138362,0.4860910745975792
57,grid_0.9500,grid,0.95,5073617.504669949,grid,,0.3,0.18203916014244306,0.2595380607073453,0.06703184271481089,0.000328162240918764,3.7062891841491252,0.49086185953118083
57,grid_1.0112,grid,1.0112,8386230.446821927,grid,,0.3,0.18141043456335973,0.25953207010753654,0.06700572018468164,0.0003511752296216225,3.708775975050893,0.49784857262050775
57,grid_1.1500,grid,1.15,,grid,,0.3,0.1805904437027441,0.25949991977071046,0.06691926617928123,0.00042094218172391423,3.7120243723093944,0.5218962565514828
57,grid_1.3368,grid,1.3368,,grid,,0.3,0.18123962796476198,0.25940005603129984,0.06672325246437132,0.0005651366046701758,3.706305814232275,0.571884983776885
57,rtp475,rtp,0.12469509132264271,475.0,grid,,0.35,0.26892561122346004,0.23446905556581102,0.054674723505509885,0.00030101451241348887,3.926728887600422,0.5034183145327573
57,grid_0.1645,grid,0.1645,1008.343369575265,grid,,0.35,0.2659129271925646,0.2344456537546159,0.05468753318428811,0.0002772313801411297,3.897512185974956,0.4950795491053157
57,grid_0.2109,grid,0.2109,2239.050764823976,grid,,0.35,0.2633918930703298,0.2344264450524676,0.05469568257158454,0.00026007556835307144,3.86720128982081,0.4894843337216489
57,rtp2500,rtp,0.21860950117697509,2500.0,grid,,0.35,0.26303847133635005,0.23442374640095784,0.05469663535653759,0.00025785752012300045,3.8625831295104693,0.4887970255819087
57,grid_0.2423,grid,0.2423,3541.8871802113695,grid,,0.35,0.26203946567191944,0.23441601608915302,0.05469908761357538,0.00025178098553467476,3.849026937396933,0.487005678009897
57,rtp5000,rtp,0.265879092857521,5000.0,grid,,0.35,0.2611508419823318,0.23440891993599328,0.0547009620883025,0.00024657965725639885,3.8365064716697193,0.4855508502567695
57,grid_0.2700,grid,0.27,5334.670491999261,grid,,0.35,0.26100488347881007,0.23440772446356456,0.05470124287492795,0.0002457384132584506,3.834400735340483,0.4853278433821482
57,grid_0.2850,grid,0.285,6545.652253934677,grid,,0.35,0.26049450319668016,0.23440365256509715,0.05470217669114231,0.00024289564471646763,3.8269630473882246,0.48457909934234045
57,grid_0.3100,grid,0.31,8997.49324410802,grid,,0.35,0.25970401954035216,0.23439723932492013,0.0547034386676126,0.00023862713553128578,3.8153598548181487,0.4834683893806985
57,rtp10000,rtp,0.31944456966013796,10000.0,grid,,0.35,0.25942306342786303,0.23439490513369235,0.05470383754302908,0.00023713400960355402,3.8111920931415053,0.4830971104638002
57,grid_0.3300,grid,0.33,11398.75385176199,grid,,0.35,0.25912113550195276,0.2343924291588182,0.0547042421880384,0.0002355686589332051,3.806626920479369,0.4827311581665439
57,grid_0.3434,grid,0.3434,13315.423960905744,grid,,0.35,0.25875114097554125,0.2343893836568547,0.05470469247964263,0.0002336906913975867,3.8010635917913436,0.48228722090515486
57,grid_0.3600,grid,0.36,16415.64489752169,grid,,0.35,0.25831351136039765,0.23438572218496906,0.05470516953190481,0.00023149723226469077,3.794431894300095,0.481802844501384
57,grid_0.3649,grid,0.3649,17429.72232748697,grid,,0.35,0.2581877061963482,0.23438465654149682,0.054705294082516814,0.00023087313955860722,3.792552476906441,0.48166089637952564
57,grid_0.4000,grid,0.4,26190.155202456328,grid,,0.35,0.25733539160098634,0.23437736979773716,0.05470600013338855,0.00022675133991668928,3.7797385891439212,0.48077960865186026
57,grid_0.4500,grid,0.45,44150.81794539096,grid,,0.35,0.25623397036626633,0.2343685326160147,0.054706595331151325,0.0002220137494326202,3.7637206832918513,0.4797513189557843
57,grid_0.4898,grid,0.4898,64289.88586406512,grid,,0.35,0.2554436666063976,0.23436265435917988,0.05470679493740528,0.00021905882087513984,3.7523088612673394,0.4792221621098121
57,grid_0.5000,grid,0.5,71843.23453189072,grid,,0.35,0.2552499995186505,0.2343612231537683,0.054706813451181474,0.00021836946694892,3.749590382112719,0.4791118843482789
57,grid_0.5500,grid,0.55,120081.06789982748,grid,,0.35,0.2543433834468311,0.23435482139526007,0.05470670901982948,0.00021547329137476534,3.7374920456705816,0.4786703029686821
57,grid_0.5971,grid,0.5971,186981.1902647902,grid,,0.35,0.25354700297784105,0.2343507366855137,0.05470632255870128,0.00021394522634170243,3.7279779753843103,0.47846242726120214
57,grid_0.6049,grid,0.6049,200528.58451530393,grid,,0.35,0.2534184680938878,0.23435031427472497,0.05470622379722467,0.00021384600343768434,3.726635652535563,0.4784407070836246
57,grid_0.6500,grid,0.65,295454.9350998506,grid,,0.35,0.25271721612536463,0.23434873971732642,0.05470558354019248,0.00021374826690671866,3.719085692627311,0.47864255133751016
57,grid_0.7139,grid,0.7139,508731.74131494935,grid,,0.35,0.25177605543064274,0.2343494198665446,0.05470413567486666,0.000215514916919346,3.7113379963197626,0.4793243156106838
57,grid_0.7892,grid,0.7892,1140357.4147882971,grid,,0.35,0.25074634306464044,0.23435567209542518,0.054701290246766864,0.00022129079653158967,3.706410792361047,0.4810449171535536
57,grid_0.8000,grid,0.8,1272202.7132197733,grid,,0.35,0.2506017692995357,0.23435753517943128,0.0547007238058337,0.000222730489544673,3.7062334558330505,0.4814102261858278
57,grid_0.8904,grid,0.8904,3011743.322185989,grid,,0.35,0.2495726317607405,0.23437801656637502,0.0546945387598067,0.00023851588978127114,3.705244457138362,0.4860910745975792
57,grid_0.9500,grid,0.95,5073617.504669949,grid,,0.35,0.24898714762380275,0.23439495912963665,0.05468827777079926,0.000252719094584776,3.7062891841491252,0.49086185953118083
57,grid_1.0112,grid,1.0112,8386230.446821927,grid,,0.35,0.24836935331061705,0.23441434636179126,0.05467962586486784,0.00027045991535800534,3.708775975050893,0.49784857262050775
57,grid_1.1500,grid,1.15,,grid,,0.35,0.24733644171336105,0.23448459292660365,0.054650148507764694,0.00033287581219032525,3.7120243723093944,0.5218962565514828
57,grid_1.3368,grid,1.3368,,grid,,0.35,0.24713573009984743,0.23467355408613372,0.05457175429495133,0.0004999226924661954,3.706305814232275,0.571884983776885
57,rtp475,rtp,0.12469509132264271,475.0,grid,,0.4,0.31217629227619664,0.22327299390024283,0.04945616692578469,0.0003946628793931872,3.926728887600422,0.5034183145327573
57,grid_0.1645,grid,0.1645,1008.343369575265,grid,,0.4,0.31015385466573636,0.22317955408148052,0.049456881414548966,0.00035223194545952463,3.897512185974956,0.4950795491053157
57,grid_0.2109,grid,0.2109,2239.050764823976,grid,,0.4,0.3085563489127393,0.22310816657684407,0.04945759565500984,0.00031965833827096723,3.86720128982081,0.4894843337216489
57,rtp2500,rtp,0.21860950117697509,2500.0,grid,,0.4,0.3083378707871964,0.2230986816829284,0.04945769897462359,0.00031532279403702346,3.8625831295104693,0.4887970255819087
57,grid_0.2423,grid,0.2423,3541.8871802113695,grid,,0.4,0.3077280761276919,0.2230725701495678,0.04945798643564575,0.00030338511748809194,3.849026937396933,0.487005678009897
57,rtp5000,rtp,0.265879092857521,5000.0,grid,,0.4,0.3071916955938573,0.2230500226841166,0.049458227902505945,0.00029308471687898574,3.8365064716697193,0.4855508502567695
57,grid_0.2700,grid,0.27,5334.670491999261,grid,,0.4,0.3071043331983759,0.2230463898067362,0.049458265508888065,0.00029142649693043865,3.834400735340483,0.4853278433821482
57,grid_0.2850,grid,0.285,6545.652253934677,grid,,0.4,0.30679957342032504,0.22303398041390582,0.049458408010131155,0.0002857484091393636,3.8269630473882246,0.48457909934234045
57,grid_0.3100,grid,0.31,8997.49324410802,grid,,0.4,0.30632701284821046,0.223015175265924,0.04945861560316352,0.00027715279572727847,3.8153598548181487,0.4834683893806985
57,rtp10000,rtp,0.31944456966013796,10000.0,grid,,0.4,0.30615942648984446,0.2230086034846099,0.0494586851006268,0.0002741521275291675,3.8111920931415053,0.4830971104638002
57,grid_0.3300,grid,0.33,11398.75385176199,grid,,0.4,0.30598086234001665,0.2230017429360408,0.049458757649705413,0.0002710197028066158,3.806626920479369,0.4827311581665439
57,grid_0.3434,grid,0.3434,13315.423960905744,grid,,0.4,0.3057607569279831,0.2229934603819949,0.049458845995802615,0.0002672373773337233,3.8010635917913436,0.48228722090515486
57,grid_0.3600,grid,0.36,16415.64489752169,grid,,0.4,0.30550097743975935,0.22298387159212604,0.04945894295417538,0.0002628640360383683,3.794431894300095,0.481802844501384
57,grid_0.3649,grid,0.3649,17429.72232748697,grid,,0.4,0.3054255567389391,0.22298112364764106,0.049458970291312306,0.00026161121185228065,3.792552476906441,0.48166089637952564
57,grid_0.4000,grid,0.4,26190.155202456328,grid,,0.4,0.3049149640708335,0.2229631162932876,0.04945912825441602,0.00025342297279806747,3.7797385891439212,0.48077960865186026
57,grid_0.4500,grid,0.45,44150.81794539096,grid,,0.4,0.30423949295696445,0.22294175032639954,0.04945934095165512,0.00024368308694354412,3.7637206832918513,0.4797513189557843
57,grid_0.4898,grid,0.4898,64289.88586406512,grid,,0.4,0.30375019736568576,0.2229282561603591,0.04945947907094294,0.00023752832375574517,3.7523088612673394,0.4792221621098121
57,grid_0.5000,grid,0.5,71843.23453189072,grid,,0.4,0.30362837668476483,0.2229250937566968,0.0494595077661666,0.0002360896602654622,3.749590382112719,0.4791118843482789
57,grid_0.5500,grid,0.55,120081.06789982748,grid,,0.4,0.3030424411153041,0.22291139954304112,0.04945963173632436,0.0002298603099129548,3.7374920456705816,0.4786703029686821
57,grid_0.5971,grid,0.5971,186981.1902647902,grid,,0.4,0.3024997454525425,0.22290232318400505,0.049459735826477835,0.00022570985434880453,3.7279779753843103,0.47846242726120214
57,grid_0.6049,grid,0.6049,200528.58451530393,grid,,0.4,0.30240742268450416,0.22290122809566437,0.04945975409443775,0.00022520339211765106,3.726635652535563,0.4784407070836246
57,grid_0.6500,grid,0.65,295454.9350998506,grid,,0.4,0.3019054298600513,0.2228970539647298,0.04945996114121639,0.0002231355249392858,3.719085692627311,0.47864255133751016
57,grid_0.7139,grid,0.7139,508731.74131494935,grid,,0.4,0.30116986617516056,0.22289645437284172,0.04946035631525989,0.00022247305672441764,3.7113379963197626,0.4793243156106838
57,grid_0.7892,grid,0.7892,1140357.4147882971,grid,,0.4,0.30026583707572974,0.22290619836615275,0.04946103657818319,0.000226136691867454,3.706410792361047,0.4810449171535536
57,grid_0.8000,grid,0.8,1272202.7132197733,grid,,0.4,0.30012515223537267,0.22290909642526432,0.04946115746577548,0.00022730780335231127,3.7062334558330505,0.4814102261858278
57,grid_0.8904,grid,0.8904,3011743.322185989,grid,,0.4,0.29907536441892163,0.22294663065154968,0.04946223690416928,0.00024296321470923532,3.705244457138362,0.4860910745975792
57,grid_0.9500,grid,0.95,5073617.504669949,grid,,0.4,0.29840410253073246,0.22298348122772066,0.049462777124494095,0.0002588557759391624,3.7062891841491252,0.49086185953118083
57,grid_1.0112,grid,1.0112,8386230.446821927,grid,,0.4,0.29763845186029797,0.22303294072665858,0.0494641906575696,0.00027950199161159983,3.708775975050893,0.49784857262050775
57,grid_1.1500,grid,1.15,,grid,,0.4,0.2961541700757738,0.2232185046254252,0.04946761389227207,0.0003588869149389051,3.7120243723093944,0.5218962565514828
57,grid_1.3368,grid,1.3368,,grid,,0.4,0.29501340404435333,0.22371411323192664,0.049458287932438415,0.000589716526708875,3.706305814232275,0.571884983776885
57,rtp475,rtp,0.12469509132264271,475.0,grid,,0.45,0.3418725115460981,0.21287597333053165,0.04479574524567627,0.0005204347757449546,3.926728887600422,0.5034183145327573
57,grid_0.1645,grid,0.1645,1008.343369575265,grid,,0.45,0.34048411519638894,0.21268139053601207,0.04478678086401846,0.0004465930163132237,3.897512185974956,0.4950795491053157
57,grid_0.2109,grid,0.2109,2239.050764823976,grid,,0.45,0.33946723709056564,0.21253743129370323,0.04478154863770071,0.00039061106322491046,3.86720128982081,0.4894843337216489
57,rtp2500,rtp,0.21860950117697509,2500.0,grid,,0.45,0.33933295053011747,0.21251867498741756,0.044780972812665736,0.0003832144057418774,3.8625831295104693,0.4887970255819087
57,grid_0.2423,grid,0.2423,3541.8871802113695,grid,,0.45,0.33896531413576875,0.2124675898083987,0.044779529725139273,0.0003629469938506852,3.849026937396933,0.487005678009897
57,rtp5000,rtp,0.265879092857521,5000.0,grid,,0.45,0.3386472188529982,0.2124242358349299,0.044778465890158055,0.00034559007989586055,3.8365064716697193,0.4855508502567695
57,grid_0.2700,grid,0.27,5334.670491999261,grid,,0.45,0.33859610919743854,0.21241733373596847,0.044778309115044,0.0003428145564538104,3.834400735340483,0.4853278433821482
57,grid_0.2850,grid,0.285,6545.652253934677,grid,,0.45,0.3384183745249658,0.212393753408078,0.044777819381931615,0.0003332871048398328,3.8269630473882246,0.48457909934234045
57,grid_0.3100,grid,0.31,8997.49324410802,grid,,0.45,0.3381416567272662,0.21235843117996345,0.044777184646492385,0.00031891864672288495,3.8153598548181487,0.4834683893806985
57,rtp10000,rtp,0.31944456966013796,10000.0,grid,,0.45,0.3380437922672433,0.21234622215249985,0.044776991019173845,0.00031392704326496657,3.8111920931415053,0.4830971104638002
57,grid_0.3300,grid,0.33,11398.75385176199,grid,,0.45,0.3379410202958513,0.2123334848938896,0.04477679827143409,0.00030871053574954566,3.806626920479369,0.4827311581665439
57,grid_0.3434,grid,0.3434,13315.423960905744,grid,,0.45,0.337812836284583,0.21231819413779987,0.044776597558357015,0.0003024180035794549,3.8010635917913436,0.48228722090515486
57,grid_0.3600,grid,0.36,16415.64489752169,grid,,0.45,0.3376620213087363,0.21230065139615603,0.04477639093456277,0.0002951756486694046,3.794431894300095,0.481802844501384
57,grid_0.3649,grid,0.3649,17429.72232748697,grid,,0.45,0.3376174123040186,0.2122956508644753,0.04477634064277818,0.0002931027331930097,3.792552476906441,0.48166089637952564
57,grid_0.4000,grid,0.4,26190.155202456328,grid,,0.45,0.3373154294444025,0.2122631744334645,0.04477606069799064,0.00027959452258075057,3.7797385891439212,0.48077960865186026
57,grid_0.4500,grid,0.45,44150.81794539096,grid,,0.45,0.3368984834460756,0.21222476309607796,0.04477596857833375,0.00026338149285266843,3.7637206832918513,0.4797513189557843
57,grid_0.4898,grid,0.4898,64289.88586406512,grid,,0.45,0.33659074145271856,0.21220046464111067,0.0447760582778033,0.0002529789160999607,3.7523088612673394,0.4792221621098121
57,grid_0.5000,grid,0.5,71843.23453189072,grid,,0.45,0.33651208320655135,0.21219480439291424,0.044776095228833766,0.0002505397825133676,3.749590382112719,0.4791118843482789
57,grid_0.5500,grid,0.55,120081.06789982748,grid,,0.45,0.3361174262143097,0.2121702607353215,0.0447764023544165,0.00023981718607780922,3.7374920456705816,0.4786703029686821
57,grid_0.5971,grid,0.5971,186981.1902647902,grid,,0.45,0.3357229210484344,0.21215285341936,0.04477689931170024,0.0002319339022762157,3.7279779753843103,0.47846242726120214
57,grid_0.6049,grid,0.6049,200528.58451530393,grid,,0.45,0.33565121161438943,0.21215050433569574,0.0447770112910932,0.00023082519879685792,3.726635652535563,0.4784407070836246
57,grid_0.6500,grid,0.65,295454.9350998506,grid,,0.45,0.3352622078717435,0.21214049215101824,0.04477789864772928,0.0002256897623469506,3.719085692627311,0.47864255133751016
57,grid_0.7139,grid,0.7139,508731.74131494935,grid,,0.45,0.334635038097004,0.21213352944933203,0.04477977354863916,0.00022086076799146537,3.7113379963197626,0.4793243156106838
57,grid_0.7892,grid,0.7892,1140357.4147882971,grid,,0.45,0.3337796524905631,0.21213928707580718,0.04478328378497072,0.00021979333606100826,3.706410792361047,0.4810449171535536
57,grid_0.8000,grid,0.8,1272202.7132197733,grid,,0.45,0.333636224026882,0.21214189279024726,0.044783956203388944,0.00022022647323981237,3.7062334558330505,0.4814102261858278
57,grid_0.8904,grid,0.8904,3011743.322185989,grid,,0.45,0.33252677153879934,0.21218313730913413,0.0447908610639795,0.00023082269436737468,3.705244457138362,0.4860910745975792
57,grid_0.9500,grid,0.95,5073617.504669949,grid,,0.45,0.33176928242595927,0.2122280413954201,0.04479684697884981,0.00024389457568634032,3.7062891841491252,0.49086185953118083
57,grid_1.0112,grid,1.0112,8386230.446821927,grid,,0.45,0.3308866954657659,0.21229321923604383,0.04480633353811695,0.0002620773954860184,3.708775975050893,0.49784857262050775
57,grid_1.1500,grid,1.15,,grid,,0.45,0.32908455891286287,0.21254270354575552,0.044836132391805165,0.00033826843873374646,3.7120243723093944,0.5218962565514828
57,grid_1.3368,grid,1.3368,,grid,,0.45,0.3273075716768235,0.21320005582370424,0.0448819345551265,0.0005723292481041031,3.706305814232275,0.571884983776885
57,rtp475,rtp,0.12469509132264271,475.0,grid,,0.5,0.3744883531580463,0.19311523939091554,0.03662270411130772,0.0006707915737028947,3.926728887600422,0.5034183145327573
57,grid_0.1645,grid,0.1645,1008.343369575265,grid,,0.5,0.3738184594472925,0.19277218398235368,0.03659838771215275,0.0005627272051736687,3.897512185974956,0.4950795491053157
57,grid_0.2109,grid,0.2109,2239.050764823976,grid,,0.5,0.3734737470922768,0.1925236023918566,0.03658373482009299,0.00048160265784469303,3.86720128982081,0.4894843337216489
57,rtp2500,rtp,0.21860950117697509,2500.0,grid,,0.5,0.37343782961564487,0.1924915939327195,0.03658208393240384,0.0004709298023551356,3.8625831295104693,0.4887970255819087
57,grid_0.2423,grid,0.2423,3541.8871802113695,grid,,0.5,0.37335417840607654,0.192405003376912,0.0365779023612371,0.0004417829632324122,3.849026937396933,0.487005678009897
57,rtp5000,rtp,0.265879092857521,5000.0,grid,,0.5,0.37329334831167876,0.1923322090343766,0.0365747738593099,0.00041690477273323423,3.8365064716697193,0.4855508502567695
57,grid_0.2700,grid,0.27,5334.670491999261,grid,,0.5,0.37328506958362606,0.19232069416587716,0.03657430967184979,0.000412939732595069,3.834400735340483,0.4853278433821482
57,grid_0.2850,grid,0.285,6545.652253934677,grid,,0.5,0.373257668216173,0.19228139106202324,0.036572820899160335,0.0003993124495863809,3.8269630473882246,0.48457909934234045
57,grid_0.3100,grid,0.31,8997.49324410802,grid,,0.5,0.3732134804576228,0.19222284494523265,0.03657085575833657,0.00037876636050238055,3.8153598548181487,0.4834683893806985
57,rtp10000,rtp,0.31944456966013796,10000.0,grid,,0.5,0.37319858112852655,0.19220273607550634,0.03657024669606021,0.00037164505885053933,3.8111920931415053,0.4830971104638002
57,grid_0.3300,grid,0.33,11398.75385176199,grid,,0.5,0.3731861061253484,0.19218180352903652,0.036569635161862304,0.0003642104458108919,3.806626920479369,0.4827311581665439
57,grid_0.3434,grid,0.3434,13315.423960905744,grid,,0.5,0.37316764029380084,0.1921567270424278,0.03656897851586498,0.00035522923179312493,3.8010635917913436,0.48228722090515486
57,grid_0.3600,grid,0.36,16415.64489752169,grid,,0.5,0.3731470771171296,0.1921281223579317,0.03656829316264678,0.0003449222381375905,3.794431894300095,0.481802844501384
57,grid_0.3649,grid,0.3649,17429.72232748697,grid,,0.5,0.3731393601473619,0.1921199821675983,0.036568120549309024,0.00034196699876926084,3.792552476906441,0.48166089637952564
57,grid_0.4000,grid,0.4,26190.155202456328,grid,,0.5,0.37308766926098935,0.19206738713569557,0.03656715052227922,0.0003227306788539386,3.7797385891439212,0.48077960865186026
57,grid_0.4500,grid,0.45,44150.81794539096,grid,,0.5,0.3729826417294291,0.19200531151950476,0.03656658177344288,0.00029945787825919057,3.7637206832918513,0.4797513189557843
57,grid_0.4898,grid,0.4898,64289.88586406512,grid,,0.5,0.37289519978409436,0.19196622183864984,0.036566599432001676,0.0002844308950040453,3.7523088612673394,0.4792221621098121
57,grid_0.5000,grid,0.5,71843.23453189072,grid,,0.5,0.37286909201681684,0.19195716393553086,0.03656665046116427,0.0002809023250079923,3.749590382112719,0.4791118843482789
57,grid_0.5500,grid,0.55,120081.06789982748,grid,,0.5,0.3727086752046687,0.19191792253744971,0.03656725262083775,0.00026523637025280267,3.7374920456705816,0.4786703029686821
57,grid_0.5971,grid,0.5971,186981.1902647902,grid,,0.5,0.3724984500733666,0.1918894426608415,0.036568377086913906,0.00025318111777447583,3.7279779753843103,0.47846242726120214
57,grid_0.6049,grid,0.6049,200528.58451530393,grid,,0.5,0.3724528495193611,0.19188544343195713,0.03656863853705128,0.00025138486402753735,3.726635652535563,0.4784407070836246
57,grid_0.6500,grid,0.65,295454.9350998506,grid,,0.5,0.3722077484761345,0.1918682502490748,0.03657061490150777,0.00024281055213382086,3.719085692627311,0.47864255133751016
57,grid_0.7139,grid,0.7139,508731.74131494935,grid,,0.5,0.3717267134993341,0.19185426670728872,0.036574856752536695,0.00023320290125478094,3.7113379963197626,0.4793243156106838
57,grid_0.7892,grid,0.7892,1140357.4147882971,grid,,0.5,0.3709564286822646,0.19185783434311662,0.036582890856517794,0.00022653774231298773,3.706410792361047,0.4810449171535536
57,grid_0.8000,grid,0.8,1272202.7132197733,grid,,0.5,0.37081460664169924,0.1918607134239152,0.0365844444220357,0.0002260889334980143,3.7062334558330505,0.4814102261858278
57,grid_0.8904,grid,0.8904,3011743.322185989,grid,,0.5,0.369680900140604,0.19191465792054774,0.036600646813093704,0.00023058911166715101,3.705244457138362,0.4860910745975792
57,grid_0.9500,grid,0.95,5073617.504669949,grid,,0.5,0.36885803558954083,0.19197779393479006,0.03661530260887321,0.00024017075519550124,3.7062891841491252,0.49086185953118083
57,grid_1.0112,grid,1.0112,8386230.446821927,grid,,0.5,0.36787757240771896,0.19207490155112025,0.03663767281243197,0.0002550949934405633,3.708775975050893,0.49784857262050775
57,grid_1.1500,grid,1.15,,grid,,0.5,0.3658068796785332,0.19244587495333523,0.036709516880767804,0.0003258979057869371,3.7120243723093944,0.5218962565514828
57,grid_1.3368,grid,1.3368,,grid,,0.5,0.36349560723002483,0.19339069803352024,0.036842481750483234,0.0005574803354089775,3.706305814232275,0.571884983776885
57,rtp475,rtp,0.12469509132264271,475.0,grid,,0.55,0.4043192337801164,0.18301346615856215,0.03279131946389267,0.0007026093314785042,3.926728887600422,0.5034183145327573
57,grid_0.1645,grid,0.1645,1008.343369575265,grid,,0.55,0.4040269455897305,0.18260079746824692,0.03275801089768161,0.0005850403383581282,3.897512185974956,0.4950795491053157
57,grid_0.2109,grid,0.2109,2239.050764823976,grid,,0.55,0.40404601038085003,0.18230761830398404,0.03273783505459167,0.0004982326370794599,3.86720128982081,0.4894843337216489
57,rtp2500,rtp,0.21860950117697509,2500.0,grid,,0.55,0.40406395980747734,0.18227024633727235,0.0327355535167326,0.00048688918311734497,3.8625831295104693,0.4887970255819087
57,grid_0.2423,grid,0.2423,3541.8871802113695,grid,,0.55,0.4041367001732915,0.18216977203122348,0.032729765096217694,0.0004560607456902399,3.849026937396933,0.487005678009897
57,rtp5000,rtp,0.265879092857521,5000.0,grid,,0.55,0.4042183978138931,0.18208586365350354,0.03272542471478314,0.0004298370276591412,3.8365064716697193,0.4855508502567695
57,grid_0.2700,grid,0.27,5334.670491999261,grid,,0.55,0.4042339463524015,0.18207265976028894,0.032724780064419104,0.0004256733677668323,3.834400735340483,0.4853278433821482
57,grid_0.2850,grid,0.285,6545.652253934677,grid,,0.55,0.4042902612787706,0.1820276697926646,0.032722704457176545,0.0004113681129707947,3.8269630473882246,0.48457909934234045
57,grid_0.3100,grid,0.31,8997.49324410802,grid,,0.55,0.40437581563610686,0.18196080368788473,0.03271995756157999,0.00038977651716093353,3.8153598548181487,0.4834683893806985
57,rtp10000,rtp,0.31944456966013796,10000.0,grid,,0.55,0.40440731559532644,0.18193793890815427,0.03271910431694604,0.0003823092972012332,3.8111920931415053,0.4830971104638002
57,grid_0.3300,grid,0.33,11398.75385176199,grid,,0.55,0.40444545952386624,0.18191426717245887,0.03271824659479377,0.0003745540060989816,3.806626920479369,0.4827311581665439
57,grid_0.3434,grid,0.3434,13315.423960905744,grid,,0.55,0.40448848833074336,0.18188589671019953,0.03271732175978966,0.00036515766228370494,3.8010635917913436,0.48228722090515486
57,grid_0.3600,grid,0.36,16415.64489752169,grid,,0.55,0.40454108176312775,0.1818537140474688,0.032716354755864076,0.00035441855699447355,3.794431894300095,0.481802844501384
57,grid_0.3649,grid,0.3649,17429.72232748697,grid,,0.55,0.40455405485282797,0.1818445365338889,0.032716110134269706,0.0003513253329551491,3.792552476906441,0.48166089637952564
57,grid_0.4000,grid,0.4,26190.155202456328,grid,,0.55,0.4046430299769678,0.18178554032416452,0.0327147338858804,0.00033124878506804456,3.7797385891439212,0.48077960865186026
57,grid_0.4500,grid,0.45,44150.81794539096,grid,,0.55,0.40471278796151494,0.1817159737152425,0.03271388293321536,0.00030681217006334194,3.7637206832918513,0.4797513189557843
57,grid_0.4898,grid,0.4898,64289.88586406512,grid,,0.55,0.40474866749836647,0.18167271077433997,0.03271385628841494,0.0002911175516820408,3.7523088612673394,0.4792221621098121
57,grid_0.5000,grid,0.5,71843.23453189072,grid,,0.55,0.40475188346559154,0.18166274337590338,0.032713915127560805,0.0002874372032985184,3.749590382112719,0.4791118843482789
57,grid_0.5500,grid,0.55,120081.06789982748,grid,,0.55,0.4047212371419344,0.1816195522606934,0.03271468808505892,0.00027097367831582786,3.7374920456705816,0.4786703029686821
57,grid_0.5971,grid,0.5971,186981.1902647902,grid,,0.55,0.4046108214291765,0.1815880351374552,0.03271617814958826,0.00025803635549340176,3.7279779753843103,0.47846242726120214
57,grid_0.6049,grid,0.6049,200528.58451530393,grid,,0.55,0.40457890624164,0.18158350893311345,0.03271652677668697,0.0002560439397751302,3.726635652535563,0.4784407070836246
57,grid_0.6500,grid,0.65,295454.9350998506,grid,,0.55,0.4044089521435857,0.18156481120099352,0.032719136568960056,0.0002466440974923656,3.719085692627311,0.47864255133751016
57,grid_0.7139,grid,0.7139,508731.74131494935,grid,,0.55,0.4039968158436025,0.1815493375998623,0.03272475592822986,0.0002354060547189174,3.7113379963197626,0.4793243156106838
57,grid_0.7892,grid,0.7892,1140357.4147882971,grid,,0.55,0.40325022552098205,0.18155294768769784,0.03273542409673629,0.00022604871735565357,3.706410792361047,0.4810449171535536
57,grid_0.8000,grid,0.8,1272202.7132197733,grid,,0.55,0.40310460397924347,0.1815559675795417,0.032737490940653736,0.00022507842308985837,3.7062334558330505,0.4814102261858278
57,grid_0.8904,grid,0.8904,3011743.322185989,grid,,0.55,0.4019157026257613,0.18161704862075945,0.03275911338438407,0.00022563896533123184,3.705244457138362,0.4860910745975792
57,grid_0.9500,grid,0.95,5073617.504669949,grid,,0.55,0.4010249249332586,0.18169040829608923,0.03277883285454207,0.0002325716122575372,3.7062891841491252,0.49086185953118083
57,grid_1.0112,grid,1.0112,8386230.446821927,grid,,0.55,0.39995492471156474,0.18180493053848462,0.0328087141512136,0.0002443186168896161,3.708775975050893,0.49784857262050775
57,grid_1.1500,grid,1.15,,grid,,0.55,0.39765895009303737,0.182242829116539,0.03290509119064795,0.0003073575737520817,3.7120243723093944,0.5218962565514828
57,grid_1.3368,grid,1.3368,,grid,,0.55,0.39498190546770595,0.18332992519237884,0.03308923077567236,0.0005206306953708661,3.706305814232275,0.571884983776885
57,rtp475,rtp,0.12469509132264271,475.0,grid,,0.6,0.4370234190489748,0.16837966161363363,0.02759234112091204,0.0007593693242097244,3.926728887600422,0.5034183145327573
57,grid_0.1645,grid,0.1645,1008.343369575265,grid,,0.6,0.4372610004326817,0.16786988682952364,0.027552515927505124,0.0006277829766519472,3.897512185974956,0.4950795491053157
57,grid_0.2109,grid,0.2109,2239.050764823976,grid,,0.6,0.43779002771325093,0.16751321973294142,0.02752832496048995,0.0005323538248067639,3.86720128982081,0.4894843337216489
57,rtp2500,rtp,0.21860950117697509,2500.0,grid,,0.6,0.43788352730457253,0.16746806640196996,0.02752558394728668,0.000519969317127944,3.8625831295104693,0.4887970255819087
57,grid_0.2423,grid,0.2423,3541.8871802113695,grid,,0.6,0.43817558257191724,0.16734725931302352,0.02751862370325471,0.0004864814963256303,3.849026937396933,0.487005678009897
57,rtp5000,rtp,0.265879092857521,5000.0,grid,,0.6,0.43845729392166766,0.16724675614008447,0.02751339839902458,0.00045807904035630176,3.8365064716697193,0.4855508502567695
57,grid_0.2700,grid,0.27,5334.670491999261,grid,,0.6,0.43850627297564926,0.16723100222007217,0.02751262189688832,0.00045358620664145977,3.834400735340483,0.4853278433821482
57,grid_0.2850,grid,0.285,6545.652253934677,grid,,0.6,0.43868014766794955,0.16717735076199486,0.02751011660352326,0.0004381500042758002,3.8269630473882246,0.48457909934234045
57,grid_0.3100,grid,0.31,8997.49324410802,grid,,0.6,0.4389481858474592,0.16709756217116759,0.027506796479028435,0.00041479880451877893,3.8153598548181487,0.4834683893806985
57,rtp10000,rtp,0.31944456966013796,10000.0,grid,,0.6,0.4390449899475916,0.16707034717327238,0.027505763969948523,0.00040673693464923777,3.8111920931415053,0.4830971104638002
57,grid_0.3300,grid,0.33,11398.75385176199,grid,,0.6,0.43915435701085215,0.167042313769069,0.027504725395906104,0.0003984091934179923,3.806626920479369,0.4827311581665439
57,grid_0.3434,grid,0.3434,13315.423960905744,grid,,0.6,0.43928405735765846,0.16700862023938565,0.027503603118481844,0.00038827611578148846,3.8010635917913436,0.48228722090515486
57,grid_0.3600,grid,0.36,16415.64489752169,grid,,0.6,0.4394397832259542,0.16697056378620836,0.02750242856672892,0.00037674060435535783,3.794431894300095,0.481802844501384
57,grid_0.3649,grid,0.3649,17429.72232748697,grid,,0.6,0.4394819871123526,0.16695966287914984,0.027502130764921744,0.00037339826379761965,3.792552476906441,0.48166089637952564
57,grid_0.4000,grid,0.4,26190.155202456328,grid,,0.6,0.43976983589421526,0.16688977856400852,0.027500454327197076,0.0003517438619467239,3.7797385891439212,0.48077960865186026
57,grid_0.4500,grid,0.45,44150.81794539096,grid,,0.6,0.4400882788295237,0.1668068402135272,0.027499390084576053,0.00032513185744514894,3.7637206832918513,0.4797513189557843
57,grid_0.4898,grid,0.4898,64289.88586406512,grid,,0.6,0.44030055840647425,0.16675550883856655,0.02749932512003864,0.0003080746079706098,3.7523088612673394,0.4792221621098121
57,grid_0.5000,grid,0.5,71843.23453189072,grid,,0.6,0.4403459067516263,0.1667437015721515,0.02749938826324531,0.0003040737507374047,3.749590382112719,0.4791118843482789
57,grid_0.5500,grid,0.55,120081.06789982748,grid,,0.6,0.44050333305939515,0.16669207814823545,0.02750027863211338,0.0002859702852640589,3.7374920456705816,0.4786703029686821
57,grid_0.5971,grid,0.5971,186981.1902647902,grid,,0.6,0.4405410563733155,0.16665340154543568,0.02750202748264578,0.00027132876401844697,3.7279779753843103,0.47846242726120214
57,grid_0.6049,grid,0.6049,200528.58451530393,grid,,0.6,0.4405301017130621,0.16664760745049073,0.027502438120785132,0.0002689869481877216,3.726635652535563,0.4784407070836246
57,grid_0.6500,grid,0.65,295454.9350998506,grid,,0.6,0.4404760424220261,0.16662383338181133,0.027505495116492657,0.0002580067343569692,3.719085692627311,0.47864255133751016
57,grid_0.7139,grid,0.7139,508731.74131494935,grid,,0.6,0.4401814500312208,0.16660125554385727,0.027512089557731365,0.0002438887910582721,3.7113379963197626,0.4793243156106838
57,grid_0.7892,grid,0.7892,1140357.4147882971,grid,,0.6,0.43950346559783643,0.16659721333380786,0.02752462574110342,0.0002300057494868668,3.706410792361047,0.4810449171535536
57,grid_0.8000,grid,0.8,1272202.7132197733,grid,,0.6,0.4393591181252589,0.1665990727712203,0.027527057123926595,0.00022819392430376007,3.7062334558330505,0.4814102261858278
57,grid_0.8904,grid,0.8904,3011743.322185989,grid,,0.6,0.43815395800587903,0.166657159977571,0.02755253796170144,0.00022207101008825392,3.705244457138362,0.4860910745975792
57,grid_0.9500,grid,0.95,5073617.504669949,grid,,0.6,0.4372163029594722,0.1667335463481584,0.027575883502344866,0.00022419197548861902,3.7062891841491252,0.49086185953118083
57,grid_1.0112,grid,1.0112,8386230.446821927,grid,,0.6,0.43607797070817356,0.1668568759381072,0.02761111563882341,0.0002301014090014819,3.708775975050893,0.49784857262050775
57,grid_1.1500,grid,1.15,,grid,,0.6,0.4336148090373491,0.16733891638470766,0.027725024622735375,0.00027728831407280996,3.7120243723093944,0.5218962565514828
57,grid_1.3368,grid,1.3368,,grid,,0.6,0.43067515429845254,0.16852117602377198,0.02794648876728142,0.00045289800115372314,3.706305814232275,0.571884983776885
57,rtp475,rtp,0.12469509132264271,475.0,grid,,0.65,0.4562987923383328,0.1637240491866069,0.025918396071662225,0.0008871682103962497,3.926728887600422,0.5034183145327573
57,grid_0.1645,grid,0.1645,1008.343369575265,grid,,0.65,0.4564305017690837,0.16307967175129845,0.025873423872081757,0.000721555466429491,3.897512185974956,0.4950795491053157
57,grid_0.2109,grid,0.2109,2239.050764823976,grid,,0.65,0.4568562658742864,0.1626311199304018,0.025846059366285073,0.0006028218035316613,3.86720128982081,0.4894843337216489
57,rtp2500,rtp,0.21860950117697509,2500.0,grid,,0.65,0.4569342464459508,0.16257455317694555,0.02584295502006496,0.0005875303206185345,3.8625831295104693,0.4887970255819087
57,grid_0.2423,grid,0.2423,3541.8871802113695,grid,,0.65,0.45718131985110955,0.1624233917162023,0.025835068005539304,0.0005462901710555912,3.849026937396933,0.487005678009897
57,rtp5000,rtp,0.265879092857521,5000.0,grid,,0.65,0.4574215156481646,0.16229807869162138,0.025829142720102116,0.0005115236268896095,3.8365064716697193,0.4855508502567695
57,grid_0.2700,grid,0.27,5334.670491999261,grid,,0.65,0.4574635813198074,0.1622784560176965,0.025828261920736593,0.0005060353667508677,3.834400735340483,0.4853278433821482
57,grid_0.2850,grid,0.285,6545.652253934677,grid,,0.65,0.45761290926452913,0.16221165947009072,0.025825416565728482,0.00048720590231218774,3.8269630473882246,0.48457909934234045
57,grid_0.3100,grid,0.31,8997.49324410802,grid,,0.65,0.4578419042709024,0.16211269078284493,0.025821642712607826,0.0004588818002464745,3.8153598548181487,0.4834683893806985
57,rtp10000,rtp,0.31944456966013796,10000.0,grid,,0.65,0.4579246260217777,0.16207899478775595,0.025820468299346137,0.0004491322520632779,3.8111920931415053,0.4830971104638002
57,grid_0.3300,grid,0.33,11398.75385176199,grid,,0.65,0.45801876747333137,0.16204420667748792,0.02581928656215519,0.00043903835558123383,3.806626920479369,0.4827311581665439
57,grid_0.3434,grid,0.3434,13315.423960905744,grid,,0.65,0.45812951195318524,0.16200249221824203,0.025818007924130647,0.0004267995607909192,3.8010635917913436,0.48228722090515486
57,grid_0.3600,grid,0.36,16415.64489752169,grid,,0.65,0.45826264611924833,0.161955363234826,0.025816669020828624,0.0004128706596958076,3.794431894300095,0.481802844501384
57,grid_0.3649,grid,0.3649,17429.72232748697,grid,,0.65,0.4582982519013292,0.16194190959489152,0.02581632909354587,0.0004088529896941473,3.792552476906441,0.48166089637952564
57,grid_0.4000,grid,0.4,26190.155202456328,grid,,0.65,0.4585408873799175,0.16185561381949543,0.025814415002445135,0.00038282472244050014,3.7797385891439212,0.48077960865186026
57,grid_0.4500,grid,0.45,44150.81794539096,grid,,0.65,0.4587983295101936,0.16175335375304808,0.025813181430086644,0.0003509660202720699,3.7637206832918513,0.4797513189557843
57,grid_0.4898,grid,0.4898,64289.88586406512,grid,,0.65,0.4589651634267488,0.16168953556177587,0.025813085653565583,0.00033042025661719765,3.7523088612673394,0.4792221621098121
57,grid_0.5000,grid,0.5,71843.23453189072,grid,,0.65,0.4589991291985946,0.16167482180505646,0.025813152118627107,0.0003255958870696518,3.749590382112719,0.4791118843482789
57,grid_0.5500,grid,0.55,120081.06789982748,grid,,0.65,0.45910132687672167,0.1616103329509212,0.025814134926280628,0.0003037647902269791,3.7374920456705816,0.4786703029686821
57,grid_0.5971,grid,0.5971,186981.1902647902,grid,,0.65,0.4590862602646468,0.16156130543456526,0.025816087894743697,0.00028596751897719264,3.7279779753843103,0.47846242726120214
57,grid_0.6049,grid,0.6049,200528.58451530393,grid,,0.65,0.45906612013622916,0.16155389862857564,0.025816547454199822,0.00028311470789227355,3.726635652535563,0.4784407070836246
57,grid_0.6500,grid,0.65,295454.9350998506,grid,,0.65,0.4589610646975828,0.16152206655224788,0.025819955961817357,0.0002694220214914389,3.719085692627311,0.47864255133751016
57,grid_0.7139,grid,0.7139,508731.74131494935,grid,,0.65,0.45858913280342983,0.16148939688634706,0.025827316897687632,0.00025150840902848914,3.7113379963197626,0.4793243156106838
57,grid_0.7892,grid,0.7892,1140357.4147882971,grid,,0.65,0.457811334659136,0.1614754134014326,0.02584132200351775,0.00023298712964581192,3.706410792361047,0.4810449171535536
57,grid_0.8000,grid,0.8,1272202.7132197733,grid,,0.65,0.4576510398005214,0.16147593791507117,0.02584404016360117,0.00023043836195074663,3.7062334558330505,0.4814102261858278
57,grid_0.8904,grid,0.8904,3011743.322185989,grid,,0.65,0.4563163421920021,0.16152650531002388,0.025872559036003766,0.00021825288166540946,3.705244457138362,0.4860910745975792
57,grid_0.9500,grid,0.95,5073617.504669949,grid,,0.65,0.4552937845476359,0.16160009565467456,0.025898765519254983,0.00021582539634498743,3.7062891841491252,0.49086185953118083
57,grid_1.0112,grid,1.0112,8386230.446821927,grid,,0.65,0.454075521714123,0.1617240446667711,0.025938209774338073,0.00021645684904170182,3.708775975050893,0.49784857262050775
57,grid_1.1500,grid,1.15,,grid,,0.65,0.4514770930595514,0.16221483735114534,0.02606592860731959,0.0002477248495389439,3.7120243723093944,0.5218962565514828
57,grid_1.3368,grid,1.3368,,grid,,0.65,0.44843215548879983,0.16340393641193723,0.026316965313458333,0.00038388112145809616,3.706305814232275,0.571884983776885
57,rtp475,rtp,0.12469509132264271,475.0,grid,,0.7,0.4780615604003089,0.15823847228963353,0.02401491868478104,0.0010244954277760787,3.926728887600422,0.5034183145327573
57,grid_0.1645,grid,0.1645,1008.343369575265,grid,,0.7,0.4781787134597526,0.1574468543288597,0.02396799590463371,0.000821516033419456,3.897512185974956,0.4950795491053157
57,grid_0.2109,grid,0.2109,2239.050764823976,grid,,0.7,0.47859117562751463,0.15689876913984763,0.023939412145050853,0.0006778116125483458,3.86720128982081,0.4894843337216489
57,rtp2500,rtp,0.21860950117697509,2500.0,grid,,0.7,0.4786671175131246,0.15682988260496927,0.0239361669057493,0.0006594451721391448,3.8625831295104693,0.4887970255819087
57,grid_0.2423,grid,0.2423,3541.8871802113695,grid,,0.7,0.4789084891981019,0.15664606295313657,0.02392791906379106,0.0006100699749269634,3.849026937396933,0.487005678009897
57,rtp5000,rtp,0.265879092857521,5000.0,grid,,0.7,0.47914323952742965,0.1564940904682379,0.023921719769635166,0.0005686805818458651,3.8365064716697193,0.4855508502567695
57,grid_0.2700,grid,0.27,5334.670491999261,grid,,0.7,0.47918443430019436,0.1564703188177635,0.023920798044218393,0.0005621626267141577,3.834400735340483,0.4853278433821482
57,grid_0.2850,grid,0.285,6545.652253934677,grid,,0.7,0.479330538429227,0.15638942918040058,0.023917818066713652,0.0005398354926578752,3.8269630473882246,0.48457909934234045
57,grid_0.3100,grid,0.31,8997.49324410802,grid,,0.7,0.47955381266606706,0.1562698478333112,0.023913863546025697,0.000506401795820538,3.8153598548181487,0.4834683893806985
57,rtp10000,rtp,0.31944456966013796,10000.0,grid,,0.7,0.47963442116674243,0.15622919427670173,0.023912632352785373,0.0004949287915620437,3.8111920931415053,0.4830971104638002
57,grid_0.3300,grid,0.33,11398.75385176199,grid,,0.7,0.479726395250914,0.1561871909000391,0.02391139318491544,0.00048304541632981923,3.806626920479369,0.4827311581665439
57,grid_0.3434,grid,0.3434,13315.423960905744,grid,,0.7,0.47983416016893604,0.15613687052887013,0.023910051266247265,0.00046867107230189053,3.8010635917913436,0.48228722090515486
57,grid_0.3600,grid,0.36,16415.64489752169,grid,,0.7,0.4799637518329271,0.15608003834650075,0.02390864560070924,0.00045233276953590695,3.794431894300095,0.481802844501384
57,grid_0.3649,grid,0.3649,17429.72232748697,grid,,0.7,0.4799981912601331,0.15606383955377273,0.02390828840982593,0.0004476336064397901,3.792552476906441,0.48166089637952564
57,grid_0.4000,grid,0.4,26190.155202456328,grid,,0.7,0.4802326947950397,0.15595991412594074,0.023906276701574577,0.00041721811259623487,3.7797385891439212,0.48077960865186026
57,grid_0.4500,grid,0.45,44150.81794539096,grid,,0.7,0.4804763366160814,0.15583671571472976,0.023904967630526866,0.0003801143342266333,3.7637206832918513,0.4797513189557843
57,grid_0.4898,grid,0.4898,64289.88586406512,grid,,0.7,0.4806316941080333,0.15575940043607808,0.023904852165612476,0.00035613865859404625,3.7523088612673394,0.4792221621098121
57,grid_0.5000,grid,0.5,71843.23453189072,grid,,0.7,0.48066248116867644,0.1557415450838039,0.02390491814988479,0.0003505107152057263,3.749590382112719,0.4791118843482789
57,grid_0.5500,grid,0.55,120081.06789982748,grid,,0.7,0.4807468255822648,0.15566297330794784,0.023905927822986686,0.0003250334360841989,3.7374920456705816,0.4786703029686821
57,grid_0.5971,grid,0.5971,186981.1902647902,grid,,0.7,0.4807099606153429,0.1556023289592718,0.023907950218536977,0.0003041345590124589,3.7279779753843103,0.47846242726120214
57,grid_0.6049,grid,0.6049,200528.58451530393,grid,,0.7,0.48068529693708245,0.1555930480040709,0.02390842681464602,0.00030076977255108495,3.726635652535563,0.4784407070836246
57,grid_0.6500,grid,0.65,295454.9350998506,grid,,0.7,0.4805553440989035,0.15555192131551382,0.023911953011491505,0.0002844472134563014,3.719085692627311,0.47864255133751016
57,grid_0.7139,grid,0.7139,508731.74131494935,grid,,0.7,0.48013712887950916,0.15550682717052752,0.023919573917570068,0.0002627993790742522,3.7113379963197626,0.4793243156106838
57,grid_0.7892,grid,0.7892,1140357.4147882971,grid,,0.7,0.47928796674569074,0.1554789893697931,0.02393408188688969,0.000239634248562548,3.706410792361047,0.4810449171535536
57,grid_0.8000,grid,0.8,1272202.7132197733,grid,,0.7,0.47911490087550196,0.1554774370704593,0.023936898948417225,0.0002363344895814079,3.7062334558330505,0.4814102261858278
57,grid_0.8904,grid,0.8904,3011743.322185989,grid,,0.7,0.4776748485401273,0.15551403606453593,0.023966477958246662,0.00021813745483512115,3.705244457138362,0.4860910745975792
57,grid_0.9500,grid,0.95,5073617.504669949,grid,,0.7,0.47658030385765515,0.15557954010019096,0.023993712042725643,0.00021128125506128526,3.7062891841491252,0.49086185953118083
57,grid_1.0112,grid,1.0112,8386230.446821927,grid,,0.7,0.4752953099995409,0.1556973496623848,0.02403463085821088,0.00020703383368003703,3.708775975050893,0.49784857262050775
57,grid_1.1500,grid,1.15,,grid,,0.7,0.4725984672574105,0.15617813018256255,0.024167257490884907,0.00022435085643654484,3.7120243723093944,0.5218962565514828
57,grid_1.3368,grid,1.3368,,grid,,0.7,0.46951695578846575,0.15733113984534666,0.024429821158419164,0.0003232664066168678,3.706305814232275,0.571884983776885
57,rtp475,rtp,0.12469509132264271,475.0,grid,,0.75,0.49871227050782574,0.15387237453908195,0.02261717026234148,0.0010595373839540345,3.926728887600422,0.5034183145327573
57,grid_0.1645,grid,0.1645,1008.343369575265,grid,,0.75,0.4982171447373944,0.1530121676819425,0.022569236108163058,0.0008434873505638318,3.897512185974956,0.4950795491053157
57,grid_0.2109,grid,0.2109,2239.050764823976,grid,,0.75,0.4980698674669119,0.15242066431257345,0.022540036836181325,0.0006920220733048765,3.86720128982081,0.4894843337216489
57,rtp2500,rtp,0.21860950117697509,2500.0,grid,,0.75,0.4980642734831346,0.15234662157911075,0.022536721754424113,0.0006727713521446632,3.8625831295104693,0.4887970255819087
57,grid_0.2423,grid,0.2423,3541.8871802113695,grid,,0.75,0.4980712641235272,0.15214937319348057,0.022528296432548972,0.000621135330620054,3.849026937396933,0.487005678009897
57,rtp5000,rtp,0.265879092857521,5000.0,grid,,0.75,0.4980935774905629,0.15198677067736233,0.02252196375692606,0.0005780147040070627,3.8365064716697193,0.4855508502567695
57,grid_0.2700,grid,0.27,5334.670491999261,grid,,0.75,0.49809952132276036,0.151961377822175,0.022521022198423286,0.000571238151190534,3.834400735340483,0.4853278433821482
57,grid_0.2850,grid,0.285,6545.652253934677,grid,,0.75,0.49812150795756865,0.15187503054630166,0.022517978134788338,0.0005480467686517221,3.8269630473882246,0.48457909934234045
57,grid_0.3100,grid,0.31,8997.49324410802,grid,,0.75,0.49815120260744644,0.15174767303629602,0.022513938567895395,0.0005134177040352073,3.8153598548181487,0.4834683893806985
57,rtp10000,rtp,0.31944456966013796,10000.0,grid,,0.75,0.49816258355107496,0.15170444577342962,0.022512680894272927,0.0005015579731505182,3.8111920931415053,0.4830971104638002
57,grid_0.3300,grid,0.33,11398.75385176199,grid,,0.75,0.49817948925016764,0.15165979252031203,0.022511415071837217,0.0004892775954668804,3.806626920479369,0.4827311581665439
57,grid_0.3434,grid,0.3434,13315.423960905744,grid,,0.75,0.49819517734036733,0.15160636934301508,0.02251004430540225,0.000474446919968452,3.8010635917913436,0.48228722090515486
57,grid_0.3600,grid,0.36,16415.64489752169,grid,,0.75,0.49821541076948,0.15154609509093184,0.02250860841062295,0.00045761052668680247,3.794431894300095,0.481802844501384
57,grid_0.3649,grid,0.3649,17429.72232748697,grid,,0.75,0.4982184775982695,0.1515289354940096,0.02250824354110523,0.0004527747508424884,3.792552476906441,0.48166089637952564
57,grid_0.4000,grid,0.4,26190.155202456328,grid,,0.75,0.49823940893938706,0.151418994881648,0.022506188521888678,0.0004215234890798669,3.7797385891439212,0.48077960865186026
57,grid_0.4500,grid,0.45,44150.81794539096,grid,,0.75,0.4982073329570582,0.15128900324650932,0.022504851266969536,0.00038351123635277373,3.7637206832918513,0.4797513189557843
57,grid_0.4898,grid,0.4898,64289.88586406512,grid,,0.75,0.49816280573090066,0.15120749634007385,0.022504733305669034,0.0003589736437644153,3.7523088612673394,0.4792221621098121
57,grid_0.5000,grid,0.5,71843.23453189072,grid,,0.75,0.49814474114365337,0.15118868716869133,0.02250480068983827,0.00035321843795413366,3.749590382112719,0.4791118843482789
57,grid_0.5500,grid,0.55,120081.06789982748,grid,,0.75,0.49800149111890113,0.1511059502287627,0.022505831993134544,0.00032717620140276793,3.7374920456705816,0.4786703029686821
57,grid_0.5971,grid,0.5971,186981.1902647902,grid,,0.75,0.49776493244224423,0.1510418894655734,0.02250789785955656,0.0003057545137739315,3.7279779753843103,0.47846242726120214
57,grid_0.6049,grid,0.6049,200528.58451530393,grid,,0.75,0.4977082162182455,0.15103204036350115,0.022508384708784863,0.0003022925075773786,3.726635652535563,0.4784407070836246
57,grid_0.6500,grid,0.65,295454.9350998506,grid,,0.75,0.49739959452946414,0.15098821964734593,0.022511987285519664,0.00028545518675551773,3.719085692627311,0.47864255133751016
57,grid_0.7139,grid,0.7139,508731.74131494935,grid,,0.75,0.49674126950476366,0.15093941033057898,0.02251977336487213,0.0002629322260707667,3.7113379963197626,0.4793243156106838
57,grid_0.7892,grid,0.7892,1140357.4147882971,grid,,0.75,0.49562406902491435,0.15090739714485552,0.022534595686132988,0.00023844682690216112,3.706410792361047,0.4810449171535536
57,grid_0.8000,grid,0.8,1272202.7132197733,grid,,0.75,0.4954130716541211,0.15090518166579794,0.022537473750526827,0.00023490010306065345,3.7062334558330505,0.4814102261858278
57,grid_0.8904,grid,0.8904,3011743.322185989,grid,,0.75,0.4936709726958497,0.15093849233591808,0.022567692329134737,0.0002147361395052616,3.705244457138362,0.4860910745975792
57,grid_0.9500,grid,0.95,5073617.504669949,grid,,0.75,0.49238882921266897,0.15100321210096534,0.02259551327943689,0.00020645678537223322,3.7062891841491252,0.49086185953118083
57,grid_1.0112,grid,1.0112,8386230.446821927,grid,,0.75,0.4909226364868873,0.15112236926984332,0.022637317594004343,0.00020065289972653888,3.708775975050893,0.49784857262050775
57,grid_1.1500,grid,1.15,,grid,,0.75,0.4878624177686003,0.1516137392722651,0.02277281238379066,0.00021391355232772136,3.7120243723093944,0.5218962565514828
57,grid_1.3368,grid,1.3368,,grid,,0.75,0.4843680724921267,0.15278415137164306,0.023041001186146638,0.00030199572420649967,3.706305814232275,0.571884983776885
57,rtp475,rtp,0.12469509132264271,475.0,grid,,0.8,0.5067347418996918,0.15249482289728247,0.022295484570164146,0.0009591864403094008,3.926728887600422,0.5034183145327573
57,grid_0.1645,grid,0.1645,1008.343369575265,grid,,0.8,0.505212934580199,0.15168495729205286,0.02224743149605616,0.0007608947726357451,3.897512185974956,0.4950795491053157
57,grid_0.2109,grid,0.2109,2239.050764823976,grid,,0.8,0.5041232855093051,0.15113610794036442,0.022218160658837197,0.0006239624645242858,3.86720128982081,0.4894843337216489
57,rtp2500,rtp,0.21860950117697509,2500.0,grid,,0.8,0.5039804487481148,0.15106799608072488,0.02221483751578187,0.0006067019240640348,3.8625831295104693,0.4887970255819087
57,grid_0.2423,grid,0.2423,3541.8871802113695,grid,,0.8,0.5035926925785785,0.1508872575953366,0.022206391760392543,0.0005605727442489217,3.849026937396933,0.487005678009897
57,rtp5000,rtp,0.265879092857521,5000.0,grid,,0.8,0.5032576538775638,0.15073913183575685,0.02220004376641093,0.0005222421001867539,3.8365064716697193,0.4855508502567695
57,grid_0.2700,grid,0.27,5334.670491999261,grid,,0.8,0.5032042750349502,0.1507160713742042,0.022199099930355508,0.000516234240118707,3.834400735340483,0.4853278433821482
57,grid_0.2850,grid,0.285,6545.652253934677,grid,,0.8,0.5030176830070381,0.15063786453034544,0.022196048575672096,0.0004957176545906106,3.8269630473882246,0.48457909934234045
57,grid_0.3100,grid,0.31,8997.49324410802,grid,,0.8,0.5027231522665873,0.1505229968519895,0.022191999358212842,0.0004651732230911976,3.8153598548181487,0.4834683893806985
57,rtp10000,rtp,0.31944456966013796,10000.0,grid,,0.8,0.5026187321803187,0.1504841393144908,0.02219073868348622,0.0004547375017368571,3.8111920931415053,0.4830971104638002
57,grid_0.3300,grid,0.33,11398.75385176199,grid,,0.8,0.5025099621380017,0.1504440858806996,0.022189469840921867,0.0004439531355574511,3.806626920479369,0.4827311581665439
57,grid_0.3434,grid,0.3434,13315.423960905744,grid,,0.8,0.5023720215078014,0.150396274201326,0.022188095828065062,0.000430943465575373,3.8010635917913436,0.48228722090515486
57,grid_0.3600,grid,0.36,16415.64489752169,grid,,0.8,0.5022098952262048,0.150342464658888,0.022186656526540866,0.00041620015316812253,3.794431894300095,0.481802844501384
57,grid_0.3649,grid,0.3649,17429.72232748697,grid,,0.8,0.5021608695140801,0.15032717070401244,0.022186290796234538,0.000411967455638762,3.792552476906441,0.48166089637952564
57,grid_0.4000,grid,0.4,26190.155202456328,grid,,0.8,0.5018277490270321,0.15022946448301158,0.022184230870584475,0.00038466112826796017,3.7797385891439212,0.48077960865186026
57,grid_0.4500,grid,0.45,44150.81794539096,grid,,0.8,0.5013440421520567,0.15011472966041572,0.022182890624267943,0.00035154143675175664,3.7637206832918513,0.4797513189557843
57,grid_0.4898,grid,0.4898,64289.88586406512,grid,,0.8,0.5009750323320744,0.15004334258857935,0.02218277257230019,0.00033023208285359873,3.7523088612673394,0.4792221621098121
57,grid_0.5000,grid,0.5,71843.23453189072,grid,,0.8,0.5008782633022849,0.1500269171660915,0.022182840151102796,0.00032523572325848793,3.749590382112719,0.4791118843482789
57,grid_0.5500,grid,0.55,120081.06789982748,grid,,0.8,0.5003732363042978,0.1499548819426498,0.02218387411151293,0.0003025925069211066,3.7374920456705816,0.4786703029686821
57,grid_0.5971,grid,0.5971,186981.1902647902,grid,,0.8,0.4998289375247072,0.1498995350267178,0.022185945189704445,0.00028392541152175155,3.7279779753843103,0.47846242726120214
57,grid_0.6049,grid,0.6049,200528.58451530393,grid,,0.8,0.4997243853391186,0.14989105418573379,0.02218643326419053,0.00028089486072005454,3.726635652535563,0.4784407070836246
57,grid_0.6500,grid,0.65,295454.9350998506,grid,,0.8,0.49915020913885,0.1498541956054106,0.022190045399666705,0.0002662345408779576,3.719085692627311,0.47864255133751016
57,grid_0.7139,grid,0.7139,508731.74131494935,grid,,0.8,0.4981565514515181,0.14981437262524003,0.0221978521319262,0.000246494113168072,3.7113379963197626,0.4793243156106838
57,grid_0.7892,grid,0.7892,1140357.4147882971,grid,,0.8,0.49670105571197837,0.1497918265885582,0.02221271359505038,0.00022487771768631148,3.706410792361047,0.4810449171535536
57,grid_0.8000,grid,0.8,1272202.7132197733,grid,,0.8,0.49644698605517146,0.14979093165520457,0.022215599216274105,0.00022172398986006203,3.7062334558330505,0.4814102261858278
57,grid_0.8904,grid,0.8904,3011743.322185989,grid,,0.8,0.49438101193015255,0.14983303047933139,0.022245896145236373,0.00020404087738387644,3.705244457138362,0.4860910745975792
57,grid_0.9500,grid,0.95,5073617.504669949,grid,,0.8,0.4929230433601783,0.14990185652673846,0.02227378706923596,0.00019677952092692075,3.7062891841491252,0.49086185953118083
57,grid_1.0112,grid,1.0112,8386230.446821927,grid,,0.8,0.49130839146821875,0.15002506930028112,0.022315700197119103,0.00019182122143504565,3.708775975050893,0.49784857262050775
57,grid_1.1500,grid,1.15,,grid,,0.8,0.4880062511372233,0.1505247060788685,0.022451544495436047,0.00020614264469370758,3.7120243723093944,0.5218962565514828
57,grid_1.3368,grid,1.3368,,grid,,0.8,0.48439787693747094,0.15167742484341634,0.022720361689059505,0.00028567951807070835,3.706305814232275,0.571884983776885
57,rtp475,rtp,0.12469509132264271,475.0,grid,,0.85,0.5210577921520945,0.1505547478656244,0.021639338900647724,0.0010273932042340062,3.926728887600422,0.5034183145327573
57,grid_0.1645,grid,0.1645,1008.343369575265,grid,,0.85,0.5193598155722875,0.1496635680402861,0.021589411564371202,0.0008097720341781467,3.897512185974956,0.4950795491053157
57,grid_0.2109,grid,0.2109,2239.050764823976,grid,,0.85,0.5181134473090128,0.14906276038178873,0.021558990406790005,0.0006607161258485594,3.86720128982081,0.4894843337216489
57,rtp2500,rtp,0.21860950117697509,2500.0,grid,,0.85,0.5179480319314657,0.148988454110001,0.021555535976548405,0.0006420234815394665,3.8625831295104693,0.4887970255819087
57,grid_0.2423,grid,0.2423,3541.8871802113695,grid,,0.85,0.5174957941313605,0.14879158474069695,0.021546755777321926,0.000592179912326074,3.849026937396933,0.487005678009897
57,rtp5000,rtp,0.265879092857521,5000.0,grid,,0.85,0.517102612142924,0.14863066626088905,0.021540155608321197,0.0005509193448345884,3.8365064716697193,0.4855508502567695
57,grid_0.2700,grid,0.27,5334.670491999261,grid,,0.85,0.5170396320577776,0.1486056496198241,0.02153917422365122,0.0005444648752787051,3.834400735340483,0.4853278433821482
57,grid_0.2850,grid,0.285,6545.652253934677,grid,,0.85,0.5168192733689536,0.14852089010109376,0.02153600083320902,0.000522453963212155,3.8269630473882246,0.48457909934234045
57,grid_0.3100,grid,0.31,8997.49324410802,grid,,0.85,0.5164720152881295,0.1483966826561552,0.02153178908875074,0.0004897863346008946,3.8153598548181487,0.4834683893806985
57,rtp10000,rtp,0.31944456966013796,10000.0,grid,,0.85,0.5163487719394682,0.1483547387055708,0.021530477658669833,0.00047865083772835604,3.8111920931415053,0.4830971104638002
57,grid_0.3300,grid,0.33,11398.75385176199,grid,,0.85,0.5162196870833564,0.14831152448997242,0.021529157648807626,0.00046715064773206194,3.806626920479369,0.4827311581665439
57,grid_0.3434,grid,0.3434,13315.423960905744,grid,,0.85,0.5160567555031987,0.1482600096655481,0.021527727921975673,0.00045330254405273607,3.8010635917913436,0.48228722090515486
57,grid_0.3600,grid,0.36,16415.64489752169,grid,,0.85,0.5158650064370748,0.14820210259690564,0.021526230115804918,0.0004376330983388299,3.794431894300095,0.481802844501384
57,grid_0.3649,grid,0.3649,17429.72232748697,grid,,0.85,0.5158074359622561,0.14818566661277133,0.021525849434408214,0.00043314235506319854,3.792552476906441,0.48166089637952564
57,grid_0.4000,grid,0.4,26190.155202456328,grid,,0.85,0.5154162078779067,0.14808081275656543,0.02152370515179847,0.00040422195484651757,3.7797385891439212,0.48077960865186026
57,grid_0.4500,grid,0.45,44150.81794539096,grid,,0.85,0.5148565736514483,0.14795814477507013,0.02152230657927368,0.0003693060260069325,3.7637206832918513,0.4797513189557843
57,grid_0.4898,grid,0.4898,64289.88586406512,grid,,0.85,0.5144322963138898,0.1478820255850235,0.02152217963272964,0.00034691385839991096,3.7523088612673394,0.4792221621098121
57,grid_0.5000,grid,0.5,71843.23453189072,grid,,0.85,0.514321900874614,0.14786454229815565,0.021522248907985563,0.00034167396105749814,3.749590382112719,0.4791118843482789
57,grid_0.5500,grid,0.55,120081.06789982748,grid,,0.85,0.5137524327331382,0.14778799345660865,0.02152331877916447,0.00031797223076612813,3.7374920456705816,0.4786703029686821
57,grid_0.5971,grid,0.5971,186981.1902647902,grid,,0.85,0.513149688771839,0.14772929454817663,0.021525466356148392,0.0002984781115535351,3.7279779753843103,0.47846242726120214
57,grid_0.6049,grid,0.6049,200528.58451530393,grid,,0.85,0.5130354220648602,0.1477202993390492,0.021525972657346924,0.00029531417947137317,3.726635652535563,0.4784407070836246
57,grid_0.6500,grid,0.65,295454.9350998506,grid,,0.85,0.5124077786447224,0.14768141585667238,0.021529717536023417,0.0002800830534079868,3.719085692627311,0.47864255133751016
57,grid_0.7139,grid,0.7139,508731.74131494935,grid,,0.85,0.5113387416228761,0.147639582710146,0.021537812826104497,0.0002596335567215391,3.7113379963197626,0.4793243156106838
57,grid_0.7892,grid,0.7892,1140357.4147882971,grid,,0.85,0.5097946990422363,0.14761624434904028,0.021553225855048805,0.0002373297406667585,3.706410792361047,0.4810449171535536
57,grid_0.8000,grid,0.8,1272202.7132197733,grid,,0.85,0.5095274678625566,0.14761536175151502,0.021556218917269648,0.0002340761077609943,3.7062334558330505,0.4814102261858278
57,grid_0.8904,grid,0.8904,3011743.322185989,grid,,0.85,0.5073601026566128,0.14766076256610366,0.02158764966375807,0.0002160511378451746,3.705244457138362,0.4860910745975792
57,grid_0.9500,grid,0.95,5073617.504669949,grid,,0.85,0.5058414878403241,0.14773399657381864,0.021616598201040994,0.00020873554263206584,3.7062891841491252,0.49086185953118083
57,grid_1.0112,grid,1.0112,8386230.446821927,grid,,0.85,0.5041759086629317,0.14786715185570046,0.02166008253205525,0.00020461206586153136,3.708775975050893,0.49784857262050775
57,grid_1.1500,grid,1.15,,grid,,0.85,0.5008121708731313,0.14840531873219648,0.02180105525937053,0.00022308336863430256,3.7120243723093944,0.5218962565514828
57,grid_1.3368,grid,1.3368,,grid,,0.85,0.49722196591535367,0.1496135673438739,0.02208051599395927,0.0003037035394006238,3.706305814232275,0.571884983776885
57,rtp475,rtp,0.12469509132264271,475.0,grid,,0.9,0.5377818224205723,0.1486413419930651,0.020982865320728544,0.0011113832287708014,3.926728887600422,0.5034183145327573
57,grid_0.1645,grid,0.1645,1008.343369575265,grid,,0.9,0.5359703320450617,0.14765900709052623,0.020932652217902616,0.0008705301570574586,3.897512185974956,0.4950795491053157
57,grid_0.2109,grid,0.2109,2239.050764823976,grid,,0.9,0.5346253477936923,0.14699991298004128,0.02090205159413869,0.0007069228220010215,3.86720128982081,0.4894843337216489
57,rtp2500,rtp,0.21860950117697509,2500.0,grid,,0.9,0.5344458395671118,0.14691864802691182,0.02089857635760265,0.0006865127804529525,3.8625831295104693,0.4887970255819087
57,grid_0.2423,grid,0.2423,3541.8871802113695,grid,,0.9,0.5339535857648191,0.1467036730473904,0.02088974279209988,0.0006322248934957364,3.849026937396933,0.487005678009897
57,rtp5000,rtp,0.265879092857521,5000.0,grid,,0.9,0.5335244217816644,0.14652838349165986,0.020883102008483076,0.0005874651601958658,3.8365064716697193,0.4855508502567695
57,grid_0.2700,grid,0.27,5334.670491999261,grid,,0.9,0.5334555272574955,0.14650117174284055,0.02088211455062377,0.0005804787714014936,3.834400735340483,0.4853278433821482
57,grid_0.2850,grid,0.285,6545.652253934677,grid,,0.9,0.533214350597398,0.14640905276050215,0.02087892112716529,0.0005566896030622104,3.8269630473882246,0.48457909934234045
57,grid_0.3100,grid,0.31,8997.49324410802,grid,,0.9,0.5328344353287404,0.14627433027413375,0.020874682433401633,0.0005214972637447302,3.8153598548181487,0.4834683893806985
57,rtp10000,rtp,0.31944456966013796,10000.0,grid,,0.9,0.5326995341048513,0.14622891453364087,0.020873362515719873,0.0005095329299669715,3.8111920931415053,0.4830971104638002
57,grid_0.3300,grid,0.33,11398.75385176199,grid,,0.9,0.5325579253427621,0.14618215877333499,0.02087203391086528,0.0004971896327672365,3.806626920479369,0.4827311581665439
57,grid_0.3434,grid,0.3434,13315.423960905744,grid,,0.9,0.5323794920392066,0.14612648161074734,0.020870594684765716,0.00048235394317036606,3.8010635917913436,0.48228722090515486
57,grid_0.3600,grid,0.36,16415.64489752169,grid,,0.9,0.5321693882956808,0.1460639862596659,0.020869086837052492,0.0004656012450113822,3.794431894300095,0.481802844501384
57,grid_0.3649,grid,0.3649,17429.72232748697,grid,,0.9,0.5321064746071845,0.14604626608831664,0.020868703550648317,0.0004608082876910724,3.792552476906441,0.48166089637952564
57,grid_0.4000,grid,0.4,26190.155202456328,grid,,0.9,0.5316788826972425,0.14593340118579406,0.020866544499068194,0.0004300130825857229,3.7797385891439212,0.48077960865186026
57,grid_0.4500,grid,0.45,44150.81794539096,grid,,0.9,0.5310706671825549,0.14580180393306102,0.020865134173187326,0.0003930318569474456,3.7637206832918513,0.4797513189557843
57,grid_0.4898,grid,0.4898,64289.88586406512,grid,,0.9,0.5306105592998018,0.14572041312911987,0.02086500384070186,0.00036943496181951474,3.7523088612673394,0.4792221621098121
57,grid_0.5000,grid,0.5,71843.23453189072,grid,,0.9,0.5304912020637829,0.14570175816861225,0.020865072929666918,0.00036392940375784555,3.749590382112719,0.4791118843482789
57,grid_0.5500,grid,0.55,120081.06789982748,grid,,0.9,0.5298783208412677,0.14562019061893988,0.0208661461808987,0.00033909373499768636,3.7374920456705816,0.4786703029686821
57,grid_0.5971,grid,0.5971,186981.1902647902,grid,,0.9,0.5292341518749285,0.1455577071402636,0.020868303387342003,0.0003187427205887383,3.7279779753843103,0.47846242726120214
57,grid_0.6049,grid,0.6049,200528.58451530393,grid,,0.9,0.5291126683981492,0.14554810971790788,0.020868812082327073,0.00031544016012907683,3.726635652535563,0.4784407070836246
57,grid_0.6500,grid,0.65,295454.9350998506,grid,,0.9,0.5284453467847625,0.14550689856140853,0.020872573336520223,0.0002996841924398086,3.719085692627311,0.47864255133751016
57,grid_0.7139,grid,0.7139,508731.74131494935,grid,,0.9,0.5273162475776727,0.14546254021592175,0.020880705061644352,0.0002786455444243052,3.7113379963197626,0.4793243156106838
57,grid_0.7892,grid,0.7892,1140357.4147882971,grid,,0.9,0.5256954224736493,0.14543765203275852,0.020896188855681355,0.0002559217731203933,3.706410792361047,0.4810449171535536
57,grid_0.8000,grid,0.8,1272202.7132197733,grid,,0.9,0.5254159843134155,0.14543663314282593,0.02089919587351332,0.00025261838640761036,3.7062334558330505,0.4814102261858278
57,grid_0.8904,grid,0.8904,3011743.322185989,grid,,0.9,0.5231522173646274,0.14548459018519877,0.0209307767433325,0.00023498923802273142,3.705244457138362,0.4860910745975792
57,grid_0.9500,grid,0.95,5073617.504669949,grid,,0.9,0.5215725978534206,0.1455619723543589,0.020959872123837587,0.0002284156718535546,3.7062891841491252,0.49086185953118083
57,grid_1.0112,grid,1.0112,8386230.446821927,grid,,0.9,0.5198534756829908,0.1457054153156305,0.02100356581151624,0.00022650224078413217,3.708775975050893,0.49784857262050775
57,grid_1.1500,grid,1.15,,grid,,0.9,0.5164182120399706,0.14628515693210095,0.021145239602060016,0.00025410753658938745,3.7120243723093944,0.5218962565514828
57,grid_1.3368,grid,1.3368,,grid,,0.9,0.5128214627521177,0.1475536072801974,0.02142639699459153,0.0003456700268071877,3.706305814232275,0.571884983776885
57,rtp475,rtp,0.12469509132264271,475.0,grid,,0.95,0.5541855909039808,0.14875346500424025,0.02106614763989071,0.0010614457108770181,3.926728887600422,0.5034183145327573
57,grid_0.1645,grid,0.1645,1008.343369575265,grid,,0.95,0.5518222124160278,0.1478055510349907,0.021015158883293937,0.0008313220334633109,3.897512185974956,0.4950795491053157
57,grid_0.2109,grid,0.2109,2239.050764823976,grid,,0.95,0.5499804684471956,0.14717596074563286,0.02098408036046158,0.0006766830609384877,3.86720128982081,0.4894843337216489
57,rtp2500,rtp,0.21860950117697509,2500.0,grid,,0.95,0.5497291507438399,0.14709878714307192,0.02098055043639835,0.0006575027425644309,3.8625831295104693,0.4887970255819087
57,grid_0.2423,grid,0.2423,3541.8871802113695,grid,,0.95,0.5490311188375763,0.14689530447301602,0.020971577400963212,0.0006066530752568688,3.849026937396933,0.487005678009897
57,rtp5000,rtp,0.265879092857521,5000.0,grid,,0.95,0.5484162981081316,0.14673006153456067,0.020964831293272732,0.0005648796646632315,3.8365064716697193,0.4855508502567695
57,grid_0.2700,grid,0.27,5334.670491999261,grid,,0.95,0.5483166673405617,0.14670447840391224,0.020963828142380098,0.0005583758413838513,3.834400735340483,0.4853278433821482
57,grid_0.2850,grid,0.285,6545.652253934677,grid,,0.95,0.5479674567984332,0.1466180350788378,0.020960583587531473,0.0005362646228478374,3.8269630473882246,0.48457909934234045
57,grid_0.3100,grid,0.31,8997.49324410802,grid,,0.95,0.5474196187300846,0.14649191348507956,0.02095627668685844,0.0005036040296615973,3.8153598548181487,0.4834683893806985
57,rtp10000,rtp,0.31944456966013796,10000.0,grid,,0.95,0.5472248030477654,0.14644952056900812,0.020954935439708826,0.00049252663518351,3.8111920931415053,0.4830971104638002
57,grid_0.3300,grid,0.33,11398.75385176199,grid,,0.95,0.5470182892775295,0.14640600785732114,0.02095358531692056,0.0004811338197974191,3.806626920479369,0.4827311581665439
57,grid_0.3434,grid,0.3434,13315.423960905744,grid,,0.95,0.5467604180522999,0.1463542331721163,0.02095212259730464,0.00046743897009354773,3.8010635917913436,0.48228722090515486
57,grid_0.3600,grid,0.36,16415.64489752169,grid,,0.95,0.5464561166534578,0.14629630188465714,0.020950590054318003,0.00045201789080873134,3.794431894300095,0.481802844501384
57,grid_0.3649,grid,0.3649,17429.72232748697,grid,,0.95,0.5463662302740432,0.1462798759156888,0.020950200439841915,0.00044760165806739804,3.792552476906441,0.48166089637952564
57,grid_0.4000,grid,0.4,26190.155202456328,grid,,0.95,0.5457554277815738,0.1461755883089605,0.020948005670491644,0.00041929694697906417,3.7797385891439212,0.48077960865186026
57,grid_0.4500,grid,0.45,44150.81794539096,grid,,0.95,0.544912116704423,0.14605453926844755,0.020946570024962547,0.00038535841595593867,3.7637206832918513,0.4797513189557843
57,grid_0.4898,grid,0.4898,64289.88586406512,grid,,0.95,0.5442824860868674,0.14598042393701047,0.020946435180517062,0.00036384899231223233,3.7523088612673394,0.4792221621098121
57,grid_0.5000,grid,0.5,71843.23453189072,grid,,0.95,0.5441218187041874,0.14596351150006884,0.020946504795314118,0.0003588418941166127,3.749590382112719,0.4791118843482789
57,grid_0.5500,grid,0.55,120081.06789982748,grid,,0.95,0.5433174037586186,0.1458897415219389,0.020947592083957054,0.0003362245973810851,3.7374920456705816,0.4786703029686821
57,grid_0.5971,grid,0.5971,186981.1902647902,grid,,0.95,0.542506814321209,0.14583355763821063,0.020949780142797483,0.00031764639061981903,3.7279779753843103,0.47846242726120214
57,grid_0.6049,grid,0.6049,200528.58451530393,grid,,0.95,0.5423588495524392,0.14582489740068075,0.020950296226834985,0.0003146044750840793,3.726635652535563,0.4784407070836246
57,grid_0.6500,grid,0.65,295454.9350998506,grid,,0.95,0.5415444361117077,0.1457890447910343,0.02095411070349563,0.0003003348775865722,3.719085692627311,0.47864255133751016
57,grid_0.7139,grid,0.7139,508731.74131494935,grid,,0.95,0.5402211150687389,0.14575160420636576,0.020962358439686194,0.0002811716890429028,3.7113379963197626,0.4793243156106838
57,grid_0.7892,grid,0.7892,1140357.4147882971,grid,,0.95,0.5383897986495919,0.1457343878436878,0.02097806447385667,0.0002604473263177476,3.706410792361047,0.4810449171535536
57,grid_0.8000,grid,0.8,1272202.7132197733,grid,,0.95,0.5380813942454163,0.14573445630191798,0.020981114863884286,0.00025741688973135446,3.7062334558330505,0.4814102261858278
57,grid_0.8904,grid,0.8904,3011743.322185989,grid,,0.95,0.5355929461224229,0.14579254398540578,0.02101315490291726,0.0002423109788192157,3.705244457138362,0.4860910745975792
57,grid_0.9500,grid,0.95,5073617.504669949,grid,,0.95,0.533880960618694,0.14587801587938154,0.021042682001383768,0.00023771351552132058,3.7062891841491252,0.49086185953118083
57,grid_1.0112,grid,1.0112,8386230.446821927,grid,,0.95,0.5320426543402473,0.14603354905052995,0.021087012310120768,0.00023878513817277014,3.708775975050893,0.49784857262050775
57,grid_1.1500,grid,1.15,,grid,,0.95,0.5284023240309359,0.14665548881811263,0.021230771928174262,0.0002770604723053016,3.7120243723093944,0.5218962565514828
57,grid_1.3368,grid,1.3368,,grid,,0.95,0.5246748208267951,0.14799631476573538,0.021516373823746136,0.0003865353604924904,3.706305814232275,0.571884983776885
57,rtp475,rtp,0.12469509132264271,475.0,grid,,1.0,0.5721423150071623,0.14911650192334217,0.021207411531432872,0.0010283196144212359,3.926728887600422,0.5034183145327573
57,grid_0.1645,grid,0.1645,1008.343369575265,grid,,1.0,0.5692873140928492,0.1481958285772736,0.021156872469179674,0.0008051311385249837,3.897512185974956,0.4950795491053157
57,grid_0.2109,grid,0.2109,2239.050764823976,grid,,1.0,0.5670040571015046,0.14759015977613843,0.02112606540776344,0.0006567898549826312,3.86720128982081,0.4894843337216489
57,rtp2500,rtp,0.21860950117697509,2500.0,grid,,1.0,0.5666889618213303,0.14751632270041903,0.021122566107404914,0.0006384993556492469,3.8625831295104693,0.4887970255819087
57,grid_0.2423,grid,0.2423,3541.8871802113695,grid,,1.0,0.5658082583123478,0.14732225300322765,0.021113670683938865,0.0005901755460081537,3.849026937396933,0.487005678009897
57,rtp5000,rtp,0.265879092857521,5000.0,grid,,1.0,0.5650286644415695,0.14716525387134782,0.021106982683824375,0.0005506292631938803,3.8365064716697193,0.4855508502567695
57,grid_0.2700,grid,0.27,5334.670491999261,grid,,1.0,0.5649017660043427,0.1471410111583952,0.02110598815735705,0.0005444890073579289,3.834400735340483,0.4853278433821482
57,grid_0.2850,grid,0.285,6545.652253934677,grid,,1.0,0.5644567000641845,0.14705923875203142,0.02110277131105381,0.0005236483912731682,3.8269630473882246,0.48457909934234045
57,grid_0.3100,grid,0.31,8997.49324410802,grid,,1.0,0.563759805356069,0.14694018368414286,0.02109850102241267,0.0004929165587169715,3.8153598548181487,0.4834683893806985
57,rtp10000,rtp,0.31944456966013796,10000.0,grid,,1.0,0.5635118053067251,0.1469002798894224,0.02109717113147238,0.00048252110011826055,3.8111920931415053,0.4830971104638002
57,grid_0.3300,grid,0.33,11398.75385176199,grid,,1.0,0.5632476975761147,0.14685945053454189,0.021095832415760296,0.00047186579554725494,3.806626920479369,0.4827311581665439
57,grid_0.3434,grid,0.3434,13315.423960905744,grid,,1.0,0.5629192956794801,0.1468108949046302,0.0210943819600297,0.00045905690266867527,3.8010635917913436,0.48228722090515486
57,grid_0.3600,grid,0.36,16415.64489752169,grid,,1.0,0.562531365884056,0.1467567458572963,0.02109286222496163,0.0004446802296614316,3.794431894300095,0.481802844501384
57,grid_0.3649,grid,0.3649,17429.72232748697,grid,,1.0,0.5624175124139418,0.14674138796176994,0.02109247584058723,0.00044055910035945,3.792552476906441,0.48166089637952564
57,grid_0.4000,grid,0.4,26190.155202456328,grid,,1.0,0.5616438997605292,0.14664420514093346,0.021090299230684825,0.0004142236707313507,3.7797385891439212,0.48077960865186026
57,grid_0.4500,grid,0.45,44150.81794539096,grid,,1.0,0.560591202035796,0.1465318774717864,0.021088874492484345,0.0003827166229222745,3.7637206832918513,0.4797513189557843
57,grid_0.4898,grid,0.4898,64289.88586406512,grid,,1.0,0.5598103479594579,0.14646383197487253,0.021088739597123814,0.00036291447963987533,3.7523088612673394,0.4792221621098121
57,grid_0.5000,grid,0.5,71843.23453189072,grid,,1.0,0.559612770864517,0.14644837892742946,0.02108880833079191,0.00035831935968005935,3.749590382112719,0.4791118843482789
57,grid_0.5500,grid,0.55,120081.06789982748,grid,,1.0,0.5586367397358393,0.14638112026841382,0.021089884774469988,0.0003375475965658459,3.7374920456705816,0.4786703029686821
57,grid_0.5971,grid,0.5971,186981.1902647902,grid,,1.0,0.5576760358972676,0.1463301320528254,0.021092052307705642,0.0003204552388916815,3.7279779753843103,0.47846242726120214
57,grid_0.6049,grid,0.6049,200528.58451530393,grid,,1.0,0.5575040171966883,0.14632222217814808,0.021092563606150548,0.00031762909700078223,3.726635652535563,0.4784407070836246
57,grid_0.6500,grid,0.65,295454.9350998506,grid,,1.0,0.5565559350600938,0.14629075636326755,0.021096341955955923,0.00030464344138098065,3.719085692627311,0.47864255133751016
57,grid_0.7139,grid,0.7139,508731.74131494935,grid,,1.0,0.5550538350355304,0.14625879737792083,0.021104512038339258,0.0002871237720964426,3.7113379963197626,0.4793243156106838
57,grid_0.7892,grid,0.7892,1140357.4147882971,grid,,1.0,0.5530249568828748,0.14624736015974787,0.021120070874092248,0.0002682194796027604,3.706410792361047,0.4810449171535536
57,grid_0.8000,grid,0.8,1272202.7132197733,grid,,1.0,0.552688842663476,0.14624819802591277,0.021123092784852592,0.0002654426409740007,3.7062334558330505,0.4814102261858278
57,grid_0.8904,grid,0.8904,3011743.322185989,grid,,1.0,0.5499835683723118,0.14631389781474735,0.021154835607511403,0.00025292108623292675,3.705244457138362,0.4860910745975792
57,grid_0.9500,grid,0.95,5073617.504669949,grid,,1.0,0.5481412400521823,0.1464057327436159,0.021184093327100775,0.0002505452530943142,3.7062891841491252,0.49086185953118083
57,grid_1.0112,grid,1.0112,8386230.446821927,grid,,1.0,0.5461837898352865,0.1465714380013425,0.021228012999302586,0.00025517343847880625,3.708775975050893,0.49784857262050775
57,grid_1.1500,grid,1.15,,grid,,1.0,0.5423342431165304,0.14723140290072936,0.02137045191149082,0.00030663408862607877,3.7120243723093944,0.5218962565514828
57,grid_1.3368,grid,1.3368,,grid,,1.0,0.5384579284986614,0.1486434764969004,0.0216535871848785,0.0004412959202060862,3.706305814232275,0.571884983776885
57,rtp475,rtp,0.12469509132264271,475.0,grid,,1.05,0.5740650513761628,0.15119548142084127,0.02191652070887377,0.0009435528932061898,3.926728887600422,0.5034183145327573
57,grid_0.1645,grid,0.1645,1008.343369575265,grid,,1.05,0.5709815941414738,0.1503566988645249,0.021865151973979997,0.000741984919457428,3.897512185974956,0.4950795491053157
57,grid_0.2109,grid,0.2109,2239.050764823976,grid,,1.05,0.5684946780732654,0.14981031371642617,0.021833831586211407,0.0006092985096026182,3.86720128982081,0.4894843337216489
57,rtp2500,rtp,0.21860950117697509,2500.0,grid,,1.05,0.5681502936394766,0.14974409371221462,0.02183027337762169,0.0005930202240708171,3.8625831295104693,0.4887970255819087
57,grid_0.2423,grid,0.2423,3541.8871802113695,grid,,1.05,0.5671858320334392,0.1495707086536034,0.02182122754030545,0.0005501693468356605,3.849026937396933,0.487005678009897
57,rtp5000,rtp,0.265879092857521,5000.0,grid,,1.05,0.5663309422806758,0.14943105755142055,0.021814425768163316,0.0005152151927726445,3.8365064716697193,0.4855508502567695
57,grid_0.2700,grid,0.27,5334.670491999261,grid,,1.05,0.5661916055112028,0.1494095669841941,0.021813414278464754,0.0005098044279396308,3.834400735340483,0.4853278433821482
57,grid_0.2850,grid,0.285,6545.652253934677,grid,,1.05,0.5657028458954457,0.14933724265354353,0.021810142015410983,0.0004914700279523565,3.8269630473882246,0.48457909934234045
57,grid_0.3100,grid,0.31,8997.49324410802,grid,,1.05,0.5649382534839313,0.14923220010975952,0.02180579768042571,0.0004644518691735988,3.8153598548181487,0.4834683893806985
57,rtp10000,rtp,0.31944456966013796,10000.0,grid,,1.05,0.5646661559410421,0.14919712835518262,0.02180444460156423,0.00045533850786860786,3.8111920931415053,0.4830971104638002
57,grid_0.3300,grid,0.33,11398.75385176199,grid,,1.05,0.564375918272781,0.14916140380085915,0.021803082476209594,0.0004460419076333655,3.806626920479369,0.4827311581665439
57,grid_0.3434,grid,0.3434,13315.423960905744,grid,,1.05,0.5640156084204274,0.1491189490725847,0.02180160638924258,0.0004348545832695283,3.8010635917913436,0.48228722090515486
57,grid_0.3600,grid,0.36,16415.64489752169,grid,,1.05,0.5635899047696726,0.14907184051314115,0.021800059685196018,0.0004223539487793748,3.794431894300095,0.481802844501384
57,grid_0.3649,grid,0.3649,17429.72232748697,grid,,1.05,0.5634652572053613,0.1490584717310993,0.021799666370890522,0.00041876162392040506,3.792552476906441,0.48166089637952564
57,grid_0.4000,grid,0.4,26190.155202456328,grid,,1.05,0.5626184460730392,0.14897430431156808,0.02179745063748401,0.00039589270763168427,3.7797385891439212,0.48077960865186026
57,grid_0.4500,grid,0.45,44150.81794539096,grid,,1.05,0.5614722846199507,0.14887773844183064,0.021795997475259694,0.00036858352829444163,3.7637206832918513,0.4797513189557843
57,grid_0.4898,grid,0.4898,64289.88586406512,grid,,1.05,0.5606240075809282,0.1488203469880617,0.021795856813575227,0.00035163886407185707,3.7523088612673394,0.4792221621098121
57,grid_0.5000,grid,0.5,71843.23453189072,grid,,1.05,0.5604100207575099,0.14880743503968827,0.021795925912309333,0.0003477268107817122,3.749590382112719,0.4791118843482789
57,grid_0.5500,grid,0.55,120081.06789982748,grid,,1.05,0.559358033719865,0.14875162669675526,0.02179701645079327,0.0003300299941375595,3.7374920456705816,0.4786703029686821
57,grid_0.5971,grid,0.5971,186981.1902647902,grid,,1.05,0.5583310846471023,0.1487099739556737,0.021799216083985776,0.0003154402699113712,3.7279779753843103,0.47846242726120214
57,grid_0.6049,grid,0.6049,200528.58451530393,grid,,1.05,0.5581484824134264,0.1487034850638771,0.02179973511366189,0.00031299135648082954,3.726635652535563,0.4784407070836246
57,grid_0.6500,grid,0.65,295454.9350998506,grid,,1.05,0.5571413468405512,0.1486799771036052,0.021803568417701428,0.0003021671738271392,3.719085692627311,0.47864255133751016
57,grid_0.7139,grid,0.7139,508731.74131494935,grid,,1.05,0.5555605399716208,0.14865865810749299,0.02181185864615701,0.0002875379841634773,3.7113379963197626,0.4793243156106838
57,grid_0.7892,grid,0.7892,1140357.4147882971,grid,,1.05,0.5534450342767311,0.14865953276125066,0.021827648224094744,0.0002720084566986136,3.706410792361047,0.4810449171535536
57,grid_0.8000,grid,0.8,1272202.7132197733,grid,,1.05,0.553096883339574,0.1486621924432983,0.02183071526461439,0.00026973219743386956,3.7062334558330505,0.4814102261858278
57,grid_0.8904,grid,0.8904,3011743.322185989,grid,,1.05,0.5502955767080409,0.14874382901272812,0.021862937658615675,0.00026178901075202266,3.705244457138362,0.4860910745975792
57,grid_0.9500,grid,0.95,5073617.504669949,grid,,1.05,0.5483969544692119,0.14884831333721582,0.021892650419428793,0.00026316996390518543,3.7062891841491252,0.49086185953118083
57,grid_1.0112,grid,1.0112,8386230.446821927,grid,,1.05,0.5463968710139387,0.14903343444205447,0.021937235300786045,0.00027372928080809933,3.708775975050893,0.49784857262050775
57,grid_1.1500,grid,1.15,,grid,,1.05,0.5424932847945411,0.1497556663296094,0.022081863025634866,0.0003448965721904451,3.7120243723093944,0.5218962565514828
57,grid_1.3368,grid,1.3368,,grid,,1.05,0.5386281058727981,0.15128102831504903,0.022369800623811716,0.0005161489042469491,3.706305814232275,0.571884983776885
57,rtp475,rtp,0.12469509132264271,475.0,grid,,1.1,0.5780426152926503,0.1533053766604654,0.022613490606786597,0.0008890479062205747,3.926728887600422,0.5034183145327573
57,grid_0.1645,grid,0.1645,1008.343369575265,grid,,1.1,0.5749110298604596,0.1525300298140347,0.022562168235625287,0.000703241759445028,3.897512185974956,0.4950795491053157
57,grid_0.2109,grid,0.2109,2239.050764823976,grid,,1.1,0.5723885315044888,0.15202915314803597,0.022530869711977698,0.0005819936949312821,3.86720128982081,0.4894843337216489
57,rtp2500,rtp,0.21860950117697509,2500.0,grid,,1.1,0.5720394820694382,0.1519687356937187,0.02252731347900693,0.0005671831493404,3.8625831295104693,0.4887970255819087
57,grid_0.2423,grid,0.2423,3541.8871802113695,grid,,1.1,0.5710623095520818,0.15181110137058143,0.02251827209702215,0.0005283384023268001,3.849026937396933,0.487005678009897
57,rtp5000,rtp,0.265879092857521,5000.0,grid,,1.1,0.5701966166051706,0.15168458407283417,0.0225114730852192,0.0004967399601294997,3.8365064716697193,0.4855508502567695
57,grid_0.2700,grid,0.27,5334.670491999261,grid,,1.1,0.5700555716177675,0.1516651778746397,0.02251046196655796,0.0004918642131881423,3.834400735340483,0.4853278433821482
57,grid_0.2850,grid,0.285,6545.652253934677,grid,,1.1,0.5695608622438881,0.15159999154270637,0.022507190450738707,0.00047536698500993957,3.8269630473882246,0.48457909934234045
57,grid_0.3100,grid,0.31,8997.49324410802,grid,,1.1,0.5687872399530812,0.1515054522322507,0.02250284669621198,0.00045105535988682055,3.8153598548181487,0.4834683893806985
57,rtp10000,rtp,0.31944456966013796,10000.0,grid,,1.1,0.5685120158280083,0.15147399871646927,0.02250149368754743,0.0004428785996095086,3.8111920931415053,0.4830971104638002
57,grid_0.3300,grid,0.33,11398.75385176199,grid,,1.1,0.5682184497898315,0.1514421193528405,0.02250013157374397,0.00043458394033601966,3.806626920479369,0.4827311581665439
57,grid_0.3434,grid,0.3434,13315.423960905744,grid,,1.1,0.5678540743394607,0.15140422908832704,0.022498655270111523,0.00042458531571909486,3.8010635917913436,0.48228722090515486
57,grid_0.3600,grid,0.36,16415.64489752169,grid,,1.1,0.5674236748862432,0.1513624114403916,0.022497108238211265,0.00041347135883912367,3.794431894300095,0.481802844501384
57,grid_0.3649,grid,0.3649,17429.72232748697,grid,,1.1,0.5672976622007682,0.15135052423674863,0.022496714777415515,0.0004102664093231234,3.792552476906441,0.48166089637952564
57,grid_0.4000,grid,0.4,26190.155202456328,grid,,1.1,0.5664417757029162,0.1512760797413389,0.022494498129204104,0.0003899541727038214,3.7797385891439212,0.48077960865186026
57,grid_0.4500,grid,0.45,44150.81794539096,grid,,1.1,0.5652835444674346,0.15119119213562368,0.022493042000165903,0.00036573457922517427,3.7637206832918513,0.4797513189557843
57,grid_0.4898,grid,0.4898,64289.88586406512,grid,,1.1,0.5644261939772065,0.15114179969185684,0.022492898440302573,0.0003509451737908065,3.7523088612673394,0.4792221621098121
57,grid_0.5000,grid,0.5,71843.23453189072,grid,,1.1,0.5642098954512887,0.1511308058523868,0.02249296682424501,0.00034755365334682153,3.749590382112719,0.4791118843482789
57,grid_0.5500,grid,0.55,120081.06789982748,grid,,1.1,0.5631462917697408,0.15108361179220672,0.022494053311870047,0.0003322044403081814,3.7374920456705816,0.4786703029686821
57,grid_0.5971,grid,0.5971,186981.1902647902,grid,,1.1,0.562106885254949,0.15104891811212084,0.022496247962263165,0.00031952770057902535,3.7279779753843103,0.47846242726120214
57,grid_0.6049,grid,0.6049,200528.58451530393,grid,,1.1,0.5619218920393243,0.1510434571994163,0.02249676595258699,0.0003173600101649132,3.726635652535563,0.4784407070836246
57,grid_0.6500,grid,0.65,295454.9350998506,grid,,1.1,0.5609012446322366,0.15102597098211404,0.02250058975598408,0.00030825415510626897,3.719085692627311,0.47864255133751016
57,grid_0.7139,grid,0.7139,508731.74131494935,grid,,1.1,0.5592969787298773,0.1510125839664503,0.02250886056727703,0.0002959399489471659,3.7113379963197626,0.4793243156106838
57,grid_0.7892,grid,0.7892,1140357.4147882971,grid,,1.1,0.5571467645884114,0.1510225449563336,0.022524614813112822,0.0002831942719749847,3.706410792361047,0.4810449171535536
57,grid_0.8000,grid,0.8,1272202.7132197733,grid,,1.1,0.5567926057098931,0.15102652853589396,0.022527675256150726,0.0002813370654524694,3.7062334558330505,0.4814102261858278
57,grid_0.8904,grid,0.8904,3011743.322185989,grid,,1.1,0.5539392959202991,0.15112066818991904,0.022559832984360307,0.0002776233698073005,3.705244457138362,0.4860910745975792
57,grid_0.9500,grid,0.95,5073617.504669949,grid,,1.1,0.5520056379262582,0.15123587051868304,0.02258949709158995,0.0002827914399539111,3.7062891841491252,0.49086185953118083
57,grid_1.0112,grid,1.0112,8386230.446821927,grid,,1.1,0.5499785766531492,0.15143838681559413,0.022633993968503154,0.0002995910328063567,3.708775975050893,0.49784857262050775
57,grid_1.1500,grid,1.15,,grid,,1.1,0.5460440238312075,0.15221981363213558,0.022778362903812615,0.00039250875838947596,3.7120243723093944,0.5218962565514828
57,grid_1.3368,grid,1.3368,,grid,,1.1,0.5421935853701523,0.15386373538526807,0.02306616696182802,0.0006078821048797756,3.706305814232275,0.571884983776885
57,rtp475,rtp,0.12469509132264271,475.0,grid,,1.15,0.5837478346281632,0.1556918134512519,0.02337944723318108,0.0008604935425583493,3.926728887600422,0.5034183145327573
57,grid_0.1645,grid,0.1645,1008.343369575265,grid,,1.15,0.5807254094706514,0.15496625634044367,0.02332910278021463,0.0006854378239574688,3.897512185974956,0.4950795491053157
57,grid_0.2109,grid,0.2109,2239.050764823976,grid,,1.15,0.5783138884762249,0.15450055860809161,0.023298395712467414,0.0005720268977449372,3.86720128982081,0.4894843337216489
57,rtp2500,rtp,0.21860950117697509,2500.0,grid,,1.15,0.5779816437297975,0.15444456966253864,0.023294906291247062,0.0005582188069996885,3.8625831295104693,0.4887970255819087
57,grid_0.2423,grid,0.2423,3541.8871802113695,grid,,1.15,0.5770537028498325,0.15429893399048994,0.023286034331300883,0.0005221266993006846,3.849026937396933,0.487005678009897
57,rtp5000,rtp,0.265879092857521,5000.0,grid,,1.15,0.5762334326924535,0.15418232147235306,0.023279362256326867,0.0004928259982771577,3.8365064716697193,0.4855508502567695
57,grid_0.2700,grid,0.27,5334.670491999261,grid,,1.15,0.5761000338588448,0.15416448630707832,0.023278369983278986,0.0004883188550463546,3.834400735340483,0.4853278433821482
57,grid_0.2850,grid,0.285,6545.652253934677,grid,,1.15,0.5756322795011954,0.15410465487186126,0.02327515910841481,0.0004730855447606652,3.8269630473882246,0.48457909934234045
57,grid_0.3100,grid,0.31,8997.49324410802,grid,,1.15,0.5749007743235229,0.1540178921773204,0.02327089555030967,0.00045061556043501927,3.8153598548181487,0.4834683893806985
57,rtp10000,rtp,0.31944456966013796,10000.0,grid,,1.15,0.5746407060995078,0.15398910955401987,0.023269567433862704,0.00044307842737723035,3.8111920931415053,0.4830971104638002
57,grid_0.3300,grid,0.33,11398.75385176199,grid,,1.15,0.5743636896049513,0.15396009008952588,0.023268230332551997,0.00043547900782292537,3.806626920479369,0.4827311581665439
57,grid_0.3434,grid,0.3434,13315.423960905744,grid,,1.15,0.5740195217711977,0.15392555700369073,0.023266780958265277,0.00042629614063116605,3.8010635917913436,0.48228722090515486
57,grid_0.3600,grid,0.36,16415.64489752169,grid,,1.15,0.5736132639869421,0.15388765120837128,0.023265262063294698,0.00041614713113463653,3.794431894300095,0.481802844501384
57,grid_0.3649,grid,0.3649,17429.72232748697,grid,,1.15,0.5734941068259823,0.15387684390913361,0.023264875708635443,0.000413207382800429,3.792552476906441,0.48166089637952564
57,grid_0.4000,grid,0.4,26190.155202456328,grid,,1.15,0.5726850508101317,0.15380950429940846,0.023262699007820218,0.0003946646050095315,3.7797385891439212,0.48077960865186026
57,grid_0.4500,grid,0.45,44150.81794539096,grid,,1.15,0.5715857237744831,0.15373300537709778,0.02326126732897282,0.00037256961330195404,3.7637206832918513,0.4797513189557843
57,grid_0.4898,grid,0.4898,64289.88586406512,grid,,1.15,0.5707701849364738,0.15368944104448212,0.023261124167468,0.0003593201210973507,3.7523088612673394,0.4792221621098121
57,grid_0.5000,grid,0.5,71843.23453189072,grid,,1.15,0.5705638706172145,0.1536798524244493,0.023261190742804343,0.00035630629839616956,3.749590382112719,0.4791118843482789
57,grid_0.5500,grid,0.55,120081.06789982748,grid,,1.15,0.5695447768270854,0.15363891161217275,0.023262254141308506,0.0003426610200645275,3.7374920456705816,0.4786703029686821
57,grid_0.5971,grid,0.5971,186981.1902647902,grid,,1.15,0.5685398591503732,0.1536091499968786,0.023264404626299084,0.000331366336464467,3.7279779753843103,0.47846242726120214
57,grid_0.6049,grid,0.6049,200528.58451530393,grid,,1.15,0.5683596297062915,0.15360437631256174,0.023264912298235057,0.0003293921241360187,3.726635652535563,0.4784407070836246
57,grid_0.6500,grid,0.65,295454.9350998506,grid,,1.15,0.5673652446652163,0.15359118718227657,0.02326865852563627,0.0003215942544248507,3.719085692627311,0.47864255133751016
57,grid_0.7139,grid,0.7139,508731.74131494935,grid,,1.15,0.5657858322083221,0.15358321999794086,0.023276762417635172,0.00031104304730072974,3.7113379963197626,0.4793243156106838
57,grid_0.7892,grid,0.7892,1140357.4147882971,grid,,1.15,0.5636464230672552,0.15359906460062053,0.023292199991804107,0.0003004726543814895,3.706410792361047,0.4810449171535536
57,grid_0.8000,grid,0.8,1272202.7132197733,grid,,1.15,0.5632915590590422,0.15360385658038436,0.02329519912290046,0.00029894563346682945,3.7062334558330505,0.4814102261858278
57,grid_0.8904,grid,0.8904,3011743.322185989,grid,,1.15,0.5604250433169622,0.15370651245983893,0.0233267161991507,0.0002989757734159215,3.705244457138362,0.4860910745975792
57,grid_0.9500,grid,0.95,5073617.504669949,grid,,1.15,0.5584751929183744,0.1538297508524895,0.023355797803068908,0.00030779444427009306,3.7062891841491252,0.49086185953118083
57,grid_1.0112,grid,1.0112,8386230.446821927,grid,,1.15,0.5564351349093266,0.15404641108153924,0.02339940935306627,0.00033088741403630717,3.708775975050893,0.49784857262050775
57,grid_1.1500,grid,1.15,,grid,,1.15,0.5524904548552115,0.1548791140092931,0.023540926498442992,0.0004466134578606229,3.7120243723093944,0.5218962565514828
57,grid_1.3368,grid,1.3368,,grid,,1.15,0.5486589105729173,0.1566343138104171,0.02382334011711249,0.0007109681457477257,3.706305814232275,0.571884983776885
57,rtp475,rtp,0.12469509132264271,475.0,grid,,1.2,0.5908031870959751,0.15856872224218896,0.024291010852487138,0.0008530288210333303,3.926728887600422,0.5034183145327573
57,grid_0.1645,grid,0.1645,1008.343369575265,grid,,1.2,0.5880076706161872,0.15788378658013535,0.02424264281860269,0.0006846472462790354,3.897512185974956,0.4950795491053157
57,grid_0.2109,grid,0.2109,2239.050764823976,grid,,1.2,0.5858168200536075,0.15744619747118374,0.024213138221357178,0.0005761668767778061,3.86720128982081,0.4894843337216489
57,rtp2500,rtp,0.21860950117697509,2500.0,grid,,1.2,0.5855174479384817,0.15739368543416954,0.02420978520235883,0.0005629870121914848,3.8625831295104693,0.4887970255819087
57,grid_0.2423,grid,0.2423,3541.8871802113695,grid,,1.2,0.5846850963279375,0.1572574353229017,0.024201259772944884,0.0005286411913917322,3.849026937396933,0.487005678009897
57,rtp5000,rtp,0.265879092857521,5000.0,grid,,1.2,0.5839523271856425,0.15714846033351476,0.0241948479983425,0.0005007905868517626,3.8365064716697193,0.4855508502567695
57,grid_0.2700,grid,0.27,5334.670491999261,grid,,1.2,0.5838335750579458,0.15713183444868342,0.02419389441568537,0.0004965189815230864,3.834400735340483,0.4853278433821482
57,grid_0.2850,grid,0.285,6545.652253934677,grid,,1.2,0.5834174006354607,0.15707609517728732,0.024190808552503114,0.00048209112364111517,3.8269630473882246,0.48457909934234045
57,grid_0.3100,grid,0.31,8997.49324410802,grid,,1.2,0.5827662879436777,0.1569951669160592,0.024186710792141047,0.000460771642860236,3.8153598548181487,0.4834683893806985
57,rtp10000,rtp,0.31944456966013796,10000.0,grid,,1.2,0.5825350569695441,0.15696837719469858,0.0241854342652819,0.00045363717385527025,3.8111920931415053,0.4830971104638002
57,grid_0.3300,grid,0.33,11398.75385176199,grid,,1.2,0.5822894658421602,0.15694151006007426,0.024184149071340536,0.00044648850859585476,3.806626920479369,0.4827311581665439
57,grid_0.3434,grid,0.3434,13315.423960905744,grid,,1.2,0.5819836700296026,0.1569094642109039,0.02418275584639905,0.0004378241125538862,3.8010635917913436,0.48228722090515486
57,grid_0.3600,grid,0.36,16415.64489752169,grid,,1.2,0.5816231338679454,0.1568744730199177,0.024181295737004577,0.0004283045482723069,3.794431894300095,0.481802844501384
57,grid_0.3649,grid,0.3649,17429.72232748697,grid,,1.2,0.5815169837176806,0.1568644543799119,0.024180924302500385,0.00042553274540707564,3.792552476906441,0.48166089637952564
57,grid_0.4000,grid,0.4,26190.155202456328,grid,,1.2,0.5807965923960309,0.15680231362499278,0.02417883158648648,0.00040813397166411525,3.7797385891439212,0.48077960865186026
57,grid_0.4500,grid,0.45,44150.81794539096,grid,,1.2,0.5798092742005593,0.1567317835076313,0.024177454099072137,0.0003873978624108765,3.7637206832918513,0.4797513189557843
57,grid_0.4898,grid,0.4898,64289.88586406512,grid,,1.2,0.5790736216932076,0.1566924277784901,0.02417731512185723,0.0003752018012601055,3.7523088612673394,0.4792221621098121
57,grid_0.5000,grid,0.5,71843.23453189072,grid,,1.2,0.5788864917088344,0.15668385966284093,0.024177378772190537,0.0003724531066542913,3.749590382112719,0.4791118843482789
57,grid_0.5500,grid,0.55,120081.06789982748,grid,,1.2,0.5779539008714911,0.15664738737396172,0.024178398940467857,0.00036000503062016964,3.7374920456705816,0.4786703029686821
57,grid_0.5971,grid,0.5971,186981.1902647902,grid,,1.2,0.5770185951061914,0.15662099872722002,0.024180463520115283,0.0003496737221965751,3.7279779753843103,0.47846242726120214
57,grid_0.6049,grid,0.6049,200528.58451530393,grid,,1.2,0.5768484818985561,0.15661664764411062,0.024180950976757525,0.0003478233425219801,3.726635652535563,0.4784407070836246
57,grid_0.6500,grid,0.65,295454.9350998506,grid,,1.2,0.5759101193818184,0.156606377120004,0.024184547134368038,0.0003410102202848764,3.719085692627311,0.47864255133751016
57,grid_0.7139,grid,0.7139,508731.74131494935,grid,,1.2,0.5743917105572257,0.15660176015629498,0.024192326927765514,0.000331784356284226,3.7113379963197626,0.4793243156106838
57,grid_0.7892,grid,0.7892,1140357.4147882971,grid,,1.2,0.5722971761081024,0.15662071622424745,0.0242071478998804,0.00032290085071584596,3.706410792361047,0.4810449171535536
57,grid_0.8000,grid,0.8,1272202.7132197733,grid,,1.2,0.5719455781384878,0.15662585857612066,0.024210027369320618,0.0003216322053863352,3.7062334558330505,0.4814102261858278
57,grid_0.8904,grid,0.8904,3011743.322185989,grid,,1.2,0.5690949739207721,0.15673322193890982,0.024240289218870684,0.00032501364048087567,3.705244457138362,0.4860910745975792
57,grid_0.9500,grid,0.95,5073617.504669949,grid,,1.2,0.5671431365333892,0.1568617035117992,0.024268217930232806,0.00033737609839079585,3.7062891841491252,0.49086185953118083
57,grid_1.0112,grid,1.0112,8386230.446821927,grid,,1.2,0.5651006590995074,0.1570888778564572,0.02431009323296661,0.00036682231323431624,3.708775975050893,0.49784857262050775
57,grid_1.1500,grid,1.15,,grid,,1.2,0.5611619260904553,0.15796284893532722,0.024445989176026243,0.0005062724677387664,3.7120243723093944,0.5218962565514828
57,grid_1.3368,grid,1.3368,,grid,,1.2,0.5573540111115943,0.1598157869556251,0.02471736972654873,0.0008237160336970195,3.706305814232275,0.571884983776885
57,rtp475,rtp,0.12469509132264271,475.0,grid,,1.25,0.59762050108778,0.1641474379081612,0.026050500817968926,0.0008938805538447059,3.926728887600422,0.5034183145327573
57,grid_0.1645,grid,0.1645,1008.343369575265,grid,,1.25,0.5949694964582894,0.1634583766890019,0.026003788169212234,0.0007148527405914096,3.897512185974956,0.4950795491053157
57,grid_0.2109,grid,0.2109,2239.050764823976,grid,,1.25,0.5929111623379522,0.1630216213536551,0.025975292381400308,0.0006007566473741899,3.86720128982081,0.4894843337216489
57,rtp2500,rtp,0.21860950117697509,2500.0,grid,,1.25,0.592631065248409,0.16296946665156797,0.02597205392865955,0.0005869931320369726,3.8625831295104693,0.4887970255819087
57,grid_0.2423,grid,0.2423,3541.8871802113695,grid,,1.25,0.5918542932079958,0.162834567988629,0.025963819701168466,0.0005512768308749694,3.849026937396933,0.487005678009897
57,rtp5000,rtp,0.265879092857521,5000.0,grid,,1.25,0.5911717934363843,0.16272713052798615,0.025957626809326343,0.0005224922005458987,3.8365064716697193,0.4855508502567695
57,grid_0.2700,grid,0.27,5334.670491999261,grid,,1.25,0.5910614152366979,0.16271079505697184,0.025956705770110312,0.0005180970579615751,3.834400735340483,0.4853278433821482
57,grid_0.2850,grid,0.285,6545.652253934677,grid,,1.25,0.5906746057511836,0.16265612000806445,0.025953725191838643,0.0005032881842392256,3.8269630473882246,0.48457909934234045
57,grid_0.3100,grid,0.31,8997.49324410802,grid,,1.25,0.5900688717700742,0.16257699015591073,0.02594976717597061,0.00048151055218448313,3.8153598548181487,0.4834683893806985
57,rtp10000,rtp,0.31944456966013796,10000.0,grid,,1.25,0.5898538395705194,0.16255090657004898,0.025948534159601133,0.0004742630671436543,3.8111920931415053,0.4830971104638002
57,grid_0.3300,grid,0.33,11398.75385176199,grid,,1.25,0.5896258726176278,0.16252484853645635,0.02594729275873214,0.0004670336330659386,3.806626920479369,0.4827311581665439
57,grid_0.3434,grid,0.3434,13315.423960905744,grid,,1.25,0.5893414808771903,0.16249381359214451,0.025945946961400054,0.00045829249431855734,3.8010635917913436,0.48228722090515486
57,grid_0.3600,grid,0.36,16415.64489752169,grid,,1.25,0.589006379497755,0.16246012031401796,0.025944536529952062,0.0004487541624931257,3.794431894300095,0.481802844501384
57,grid_0.3649,grid,0.3649,17429.72232748697,grid,,1.25,0.5889074238642733,0.16245047671056123,0.025944177719186053,0.00044597966430254266,3.792552476906441,0.48166089637952564
57,grid_0.4000,grid,0.4,26190.155202456328,grid,,1.25,0.5882358674440348,0.16239106677956053,0.025942156076006622,0.0004287024937970618,3.7797385891439212,0.48077960865186026
57,grid_0.4500,grid,0.45,44150.81794539096,grid,,1.25,0.5873092349999477,0.16232439459851294,0.025940825133634552,0.00040838394813919043,3.7637206832918513,0.4797513189557843
57,grid_0.4898,grid,0.4898,64289.88586406512,grid,,1.25,0.5866162499894333,0.1622881739507831,0.02594069047515225,0.00039676092912738214,3.7523088612673394,0.4792221621098121
57,grid_0.5000,grid,0.5,71843.23453189072,grid,,1.25,0.5864392581945861,0.16228042321546918,0.025940751852735335,0.00039418390625645117,3.749590382112719,0.4791118843482789
57,grid_0.5500,grid,0.55,120081.06789982748,grid,,1.25,0.5855515344090317,0.16224791654427978,0.025941736637561927,0.0003826497853976485,3.7374920456705816,0.4786703029686821
57,grid_0.5971,grid,0.5971,186981.1902647902,grid,,1.25,0.5846505474564896,0.16222507839632128,0.02594373005281883,0.00037324600787375095,3.7279779753843103,0.47846242726120214
57,grid_0.6049,grid,0.6049,200528.58451530393,grid,,1.25,0.5844851123275933,0.1622212665802865,0.02594420072563654,0.00037153860527583404,3.726635652535563,0.4784407070836246
57,grid_0.6500,grid,0.65,295454.9350998506,grid,,1.25,0.5835725738321401,0.16221449133611188,0.025947672692401162,0.00036586850703235196,3.719085692627311,0.47864255133751016
57,grid_0.7139,grid,0.7139,508731.74131494935,grid,,1.25,0.582077932322979,0.1622148873397427,0.025955183963693933,0.00035848571095148385,3.7113379963197626,0.4793243156106838
57,grid_0.7892,grid,0.7892,1140357.4147882971,grid,,1.25,0.5799924731959881,0.16224022782265396,0.025969493646428983,0.00035239787751767393,3.706410792361047,0.4810449171535536
57,grid_0.8000,grid,0.8,1272202.7132197733,grid,,1.25,0.5796398663751343,0.16224635562704376,0.025972273826998505,0.00035160608725864906,3.7062334558330505,0.4814102261858278
57,grid_0.8904,grid,0.8904,3011743.322185989,grid,,1.25,0.5767741530186761,0.16236400048918911,0.026001493070280594,0.0003605755845728087,3.705244457138362,0.4860910745975792
57,grid_0.9500,grid,0.95,5073617.504669949,grid,,1.25,0.5748053066019416,0.16250203953127404,0.0260284615667872,0.0003784512850365518,3.7062891841491252,0.49086185953118083
57,grid_1.0112,grid,1.0112,8386230.446821927,grid,,1.25,0.5727495622800708,0.16274560170282135,0.02606889422027611,0.0004172366533372607,3.708775975050893,0.49784857262050775
57,grid_1.1500,grid,1.15,,grid,,1.25,0.5688047346582071,0.1636776975001946,0.026200112713739006,0.0005902759452262041,3.7120243723093944,0.5218962565514828
57,grid_1.3368,grid,1.3368,,grid,,1.25,0.5650289847026542,0.16565822047435713,0.026462219105062475,0.0009804269056682413,3.706305814232275,0.571884983776885
57,rtp475,rtp,0.12469509132264271,475.0,grid,,1.3,0.6051232371943226,0.1700532099444248,0.027976855028291184,0.0009412391841114309,3.926728887600422,0.5034183145327573
57,grid_0.1645,grid,0.1645,1008.343369575265,grid,,1.3,0.6026537955716638,0.16936149574626838,0.02793285273509565,0.0007504635063176335,3.897512185974956,0.4950795491053157
57,grid_0.2109,grid,0.2109,2239.050764823976,grid,,1.3,0.6007629148793154,0.168926347557616,0.027906011721674957,0.0006300991774815246,3.86720128982081,0.4894843337216489
57,rtp2500,rtp,0.21860950117697509,2500.0,grid,,1.3,0.60050723557995,0.16887462160975272,0.02790296143835151,0.0006156763854856528,3.8625831295104693,0.4887970255819087
57,grid_0.2423,grid,0.2423,3541.8871802113695,grid,,1.3,0.5998009133662198,0.16874123989542783,0.027895205771782772,0.0005784002696635482,3.849026937396933,0.487005678009897
57,rtp5000,rtp,0.265879092857521,5000.0,grid,,1.3,0.5991822134778669,0.1686354279222356,0.027889372887023266,0.0005485346634922506,3.8365064716697193,0.4855508502567695
57,grid_0.2700,grid,0.27,5334.670491999261,grid,,1.3,0.5990824635206498,0.16861939369675746,0.02788850539404968,0.0005439945366124133,3.834400735340483,0.4853278433821482
57,grid_0.2850,grid,0.285,6545.652253934677,grid,,1.3,0.5987329537229333,0.16856580700662643,0.027885698253824323,0.0005287330379709076,3.8269630473882246,0.48457909934234045
57,grid_0.3100,grid,0.31,8997.49324410802,grid,,1.3,0.5981849429714928,0.16848847045317872,0.027881970643381857,0.000506394032269819,3.8153598548181487,0.4834683893806985
57,rtp10000,rtp,0.31944456966013796,10000.0,grid,,1.3,0.5979905259869309,0.16846308318095446,0.02788080942130651,0.0004990009735266754,3.8111920931415053,0.4830971104638002
57,grid_0.3300,grid,0.33,11398.75385176199,grid,,1.3,0.5977849901152833,0.1684378257795098,0.027879640311276894,0.0004916608420516,3.806626920479369,0.4827311581665439
57,grid_0.3434,grid,0.3434,13315.423960905744,grid,,1.3,0.5975278726084596,0.16840777792580292,0.02787837291799565,0.00048280674791090217,3.8010635917913436,0.48228722090515486
57,grid_0.3600,grid,0.36,16415.64489752169,grid,,1.3,0.5972251847852635,0.16837535154784114,0.02787704466449416,0.00047321434436492504,3.794431894300095,0.481802844501384
57,grid_0.3649,grid,0.3649,17429.72232748697,grid,,1.3,0.5971354124707973,0.16836606939198487,0.0278767067678642,0.00047042655464246685,3.792552476906441,0.48166089637952564
57,grid_0.4000,grid,0.4,26190.155202456328,grid,,1.3,0.5965262265583942,0.1683092902655374,0.027874802935476787,0.0004532142542121309,3.7797385891439212,0.48077960865186026
57,grid_0.4500,grid,0.45,44150.81794539096,grid,,1.3,0.5956774565896501,0.168246275115694,0.02787355026311882,0.0004332588271869775,3.7637206832918513,0.4797513189557843
57,grid_0.4898,grid,0.4898,64289.88586406512,grid,,1.3,0.5950394646992094,0.16821303835644366,0.027873424140969376,0.0004222021321370062,3.7523088612673394,0.4792221621098121
57,grid_0.5000,grid,0.5,71843.23453189072,grid,,1.3,0.5948755882626903,0.16820606644896638,0.02787348211555431,0.00041979867467978327,3.749590382112719,0.4791118843482789
57,grid_0.5500,grid,0.55,120081.06789982748,grid,,1.3,0.5940463073846027,0.16817731315331935,0.027874410472904437,0.00040919818656520723,3.7374920456705816,0.4786703029686821
57,grid_0.5971,grid,0.5971,186981.1902647902,grid,,1.3,0.5931909698382603,0.168157799677223,0.027876288855529792,0.00040075673675527,3.7279779753843103,0.47846242726120214
57,grid_0.6049,grid,0.6049,200528.58451530393,grid,,1.3,0.5930319340159126,0.16815448207895695,0.02787673233200463,0.0003991975112376256,3.726635652535563,0.4784407070836246
57,grid_0.6500,grid,0.65,295454.9350998506,grid,,1.3,0.5921548021078604,0.16815095293954,0.027880003916773016,0.0003947390577023757,3.719085692627311,0.47864255133751016
57,grid_0.7139,grid,0.7139,508731.74131494935,grid,,1.3,0.590695499580381,0.16815589120117796,0.027887081376606813,0.00038932236905558915,3.7113379963197626,0.4793243156106838
57,grid_0.7892,grid,0.7892,1140357.4147882971,grid,,1.3,0.5886299185182683,0.16818683090628345,0.027900564252201294,0.0003862458380974876,3.706410792361047,0.4810449171535536
57,grid_0.8000,grid,0.8,1272202.7132197733,grid,,1.3,0.588277543290508,0.16819380202177622,0.027903183746031505,0.00038597129250894646,3.7062334558330505,0.4814102261858278
57,grid_0.8904,grid,0.8904,3011743.322185989,grid,,1.3,0.5854058927214927,0.16832045740454635,0.02793071346311122,0.0004010629177644831,3.705244457138362,0.4860910745975792
57,grid_0.9500,grid,0.95,5073617.504669949,grid,,1.3,0.5834245170416915,0.1684670623996314,0.027956120742426076,0.00042503037113522657,3.7062891841491252,0.49086185953118083
57,grid_1.0112,grid,1.0112,8386230.446821927,grid,,1.3,0.5813587285561415,0.16872545113656243,0.027994214857586245,0.0004740630036502713,3.708775975050893,0.49784857262050775
57,grid_1.1500,grid,1.15,,grid,,1.3,0.5774129416452698,0.16971135896563547,0.028117838386553733,0.000684106975409049,3.7120243723093944,0.5218962565514828
57,grid_1.3368,grid,1.3368,,grid,,1.3,0.5736730663339652,0.17181562853331261,0.02836470397775015,0.0011559062305471213,3.706305814232275,0.571884983776885
57,rtp475,rtp,0.12469509132264271,475.0,grid,,1.35,0.6133005829194706,0.17625142550422995,0.030069022664682265,0.0009955423275908593,3.926728887600422,0.5034183145327573
57,grid_0.1645,grid,0.1645,1008.343369575265,grid,,1.35,0.6110552101418113,0.17555762371747366,0.030028731726030235,0.0007917475192958379,3.897512185974956,0.4950795491053157
57,grid_0.2109,grid,0.2109,2239.050764823976,grid,,1.35,0.6093715350446606,0.17512419567704351,0.030004158540500918,0.0006643253710305053,3.86720128982081,0.4894843337216489
57,rtp2500,rtp,0.21860950117697509,2500.0,grid,,1.35,0.6091461060489914,0.17507288417785213,0.030001366290600264,0.0006491484837513606,3.8625831295104693,0.4887970255819087
57,grid_0.2423,grid,0.2423,3541.8871802113695,grid,,1.35,0.6085270726269574,0.17494095074823746,0.029994267038357232,0.000610069210340014,3.849026937396933,0.487005678009897
57,rtp5000,rtp,0.265879092857521,5000.0,grid,,1.35,0.6079874705246812,0.1748366534861397,0.029988928138452314,0.0005789272637801712,3.8365064716697193,0.4855508502567695
57,grid_0.2700,grid,0.27,5334.670491999261,grid,,1.35,0.607900895052965,0.17482089951692892,0.029988134131897444,0.0005742127760107185,3.834400735340483,0.4853278433821482
57,grid_0.2850,grid,0.285,6545.652253934677,grid,,1.35,0.6075976435141482,0.1747683149273986,0.029985565144115947,0.0005583987584464323,3.8269630473882246,0.48457909934234045
57,grid_0.3100,grid,0.31,8997.49324410802,grid,,1.35,0.6071212874421046,0.17469260012393167,0.029982154035114388,0.0005353505029455086,3.8153598548181487,0.4834683893806985
57,rtp10000,rtp,0.31944456966013796,10000.0,grid,,1.35,0.6069524671322518,0.17466784131173588,0.029981091469608156,0.0005277633188935926,3.8111920931415053,0.4830971104638002
57,grid_0.3300,grid,0.33,11398.75385176199,grid,,1.35,0.6067747801826563,0.1746433137725426,0.029980021717327447,0.0005202653281273228,3.806626920479369,0.4827311581665439
57,grid_0.3434,grid,0.3434,13315.423960905744,grid,,1.35,0.6065515537637436,0.1746141536260229,0.029978862154129128,0.0005112404924031977,3.8010635917913436,0.48228722090515486
57,grid_0.3600,grid,0.36,16415.64489752169,grid,,1.35,0.6062891425180742,0.17458287475068876,0.029977646954498813,0.0005015332017158647,3.794431894300095,0.481802844501384
57,grid_0.3649,grid,0.3649,17429.72232748697,grid,,1.35,0.6062107952453754,0.17457391523173424,0.029977337849507135,0.0004987140298295945,3.792552476906441,0.48166089637952564
57,grid_0.4000,grid,0.4,26190.155202456328,grid,,1.35,0.605679230463996,0.17451949714678477,0.029975596241767936,0.00048145864259868665,3.7797385891439212,0.48077960865186026
57,grid_0.4500,grid,0.45,44150.81794539096,grid,,1.35,0.6049276914767302,0.17445971942524702,0.02997445203966471,0.00046174166227119784,3.7637206832918513,0.4797513189557843
57,grid_0.4898,grid,0.4898,64289.88586406512,grid,,1.35,0.6043585890728664,0.17442915557315672,0.029974338525912476,0.00045119178805203,3.7523088612673394,0.4792221621098121
57,grid_0.5000,grid,0.5,71843.23453189072,grid,,1.35,0.6042111869510417,0.17442288470870143,0.029974392040681263,0.00044895066942368667,3.749590382112719,0.4791118843482789
57,grid_0.5500,grid,0.55,120081.06789982748,grid,,1.35,0.6034556872791654,0.17439748707268968,0.029975244077203613,0.00043923942006535155,3.7374920456705816,0.4786703029686821
57,grid_0.5971,grid,0.5971,186981.1902647902,grid,,1.35,0.6026588427746858,0.1743809020394662,0.029976965875628234,0.0004317331204696795,3.7279779753843103,0.47846242726120214
57,grid_0.6049,grid,0.6049,200528.58451530393,grid,,1.35,0.602508165547347,0.1743780051395424,0.02997737228967374,0.0004303163867725446,3.726635652535563,0.4784407070836246
57,grid_0.6500,grid,0.65,295454.9350998506,grid,,1.35,0.601677331882095,0.17437730667900192,0.029980371331761416,0.00042707375286127336,3.719085692627311,0.47864255133751016
57,grid_0.7139,grid,0.7139,508731.74131494935,grid,,1.35,0.6002666187194192,0.17438606450038635,0.029986858405312164,0.00042364108662074074,3.7113379963197626,0.4793243156106838
57,grid_0.7892,grid,0.7892,1140357.4147882971,grid,,1.35,0.5982334346783202,0.17442146979731354,0.029999215553618747,0.0004236335726364171,3.706410792361047,0.4810449171535536
57,grid_0.8000,grid,0.8,1272202.7132197733,grid,,1.35,0.5978827544523498,0.17442908354169273,0.030001616187094793,0.00042388899810003045,3.7062334558330505,0.4814102261858278
57,grid_0.8904,grid,0.8904,3011743.322185989,grid,,1.35,0.5950159301650148,0.1745629076208153,0.03002684334079556,0.00044536537623773853,3.705244457138362,0.4860910745975792
57,grid_0.9500,grid,0.95,5073617.504669949,grid,,1.35,0.5930273006184402,0.1747166007802324,0.030050119661531937,0.0004757709266671739,3.7062891841491252,0.49086185953118083
57,grid_1.0112,grid,1.0112,8386230.446821927,grid,,1.35,0.5909552723227011,0.17498758058033423,0.030085026221086376,0.0005356271362725873,3.708775975050893,0.49784857262050775
57,grid_1.1500,grid,1.15,,grid,,1.35,0.5870139944367685,0.17602067272107394,0.030198289321410294,0.0007849879037691299,3.7120243723093944,0.5218962565514828
57,grid_1.3368,grid,1.3368,,grid,,1.35,0.5833116704133359,0.17823965077777332,0.030424250573733425,0.001345122535649168,3.706305814232275,0.571884983776885
57,rtp475,rtp,0.12469509132264271,475.0,grid,,1.4,0.6231733578572368,0.18253750788565581,0.03225353535593086,0.001066406429174993,3.926728887600422,0.5034183145327573
57,grid_0.1645,grid,0.1645,1008.343369575265,grid,,1.4,0.621310994290258,0.1818342781915199,0.032217831684726445,0.0008458730407046033,3.897512185974956,0.4950795491053157
57,grid_0.2109,grid,0.2109,2239.050764823976,grid,,1.4,0.6199808924130431,0.1813968156790818,0.03219606282987488,0.0007087419086359015,3.86720128982081,0.4894843337216489
57,rtp2500,rtp,0.21860950117697509,2500.0,grid,,1.4,0.6198070567753696,0.18134512251839768,0.03219358975826926,0.0006924637029434022,3.8625831295104693,0.4887970255819087
57,grid_0.2423,grid,0.2423,3541.8871802113695,grid,,1.4,0.6193367538007314,0.18121242790043252,0.03218730258296854,0.0006506414426009077,3.849026937396933,0.487005678009897
57,rtp5000,rtp,0.265879092857521,5000.0,grid,,1.4,0.6189319029088629,0.18110767538005704,0.03218257493579499,0.0006174151457731258,3.8365064716697193,0.4855508502567695
57,grid_0.2700,grid,0.27,5334.670491999261,grid,,1.4,0.6188677478642703,0.18109188259941325,0.03218187186937382,0.000612398074025855,3.834400735340483,0.4853278433821482
57,grid_0.2850,grid,0.285,6545.652253934677,grid,,1.4,0.6186432588186307,0.18103916851629248,0.032179597681856166,0.0005955828552143827,3.8269630473882246,0.48457909934234045
57,grid_0.3100,grid,0.31,8997.49324410802,grid,,1.4,0.6182890646991452,0.18096328139748424,0.03217657844272222,0.0005711307714228453,3.8153598548181487,0.4834683893806985
57,rtp10000,rtp,0.31944456966013796,10000.0,grid,,1.4,0.6181638825973929,0.1809385130848746,0.032175638050283124,0.0005631074670822134,3.8111920931415053,0.4830971104638002
57,grid_0.3300,grid,0.33,11398.75385176199,grid,,1.4,0.6180336377032712,0.18091404482509402,0.032174691352113524,0.0005552002628625985,3.806626920479369,0.4827311581665439
57,grid_0.3434,grid,0.3434,13315.423960905744,grid,,1.4,0.61786823637524,0.1808849272613592,0.03217366538305665,0.0005456915272905594,3.8010635917913436,0.48228722090515486
57,grid_0.3600,grid,0.36,16415.64489752169,grid,,1.4,0.6176745200989688,0.18085381256164323,0.03217259027223393,0.0005355112458480527,3.794431894300095,0.481802844501384
57,grid_0.3649,grid,0.3649,17429.72232748697,grid,,1.4,0.6176157062895797,0.18084488291655593,0.032172316857104956,0.0005325548199978658,3.792552476906441,0.48166089637952564
57,grid_0.4000,grid,0.4,26190.155202456328,grid,,1.4,0.6172168814140906,0.18079085961950023,0.03217077636929665,0.0005145585526611929,3.7797385891439212,0.48077960865186026
57,grid_0.4500,grid,0.45,44150.81794539096,grid,,1.4,0.6166326811458548,0.18073164590745452,0.03216976710533416,0.0004941607270833592,3.7637206832918513,0.4797513189557843
57,grid_0.4898,grid,0.4898,64289.88586406512,grid,,1.4,0.6161827459885288,0.18070184431322722,0.03216966979328154,0.00048348674492026955,3.7523088612673394,0.4792221621098121
57,grid_0.5000,grid,0.5,71843.23453189072,grid,,1.4,0.6160639864760965,0.1806958069487036,0.03216971793023356,0.00048125671860960173,3.749590382112719,0.4791118843482789
57,grid_0.5500,grid,0.55,120081.06789982748,grid,,1.4,0.6154379735137526,0.1806714923109635,0.03217047627120817,0.00047171186266237175,3.7374920456705816,0.4786703029686821
57,grid_0.5971,grid,0.5971,186981.1902647902,grid,,1.4,0.6147465276869533,0.18065568285344907,0.03217200515923334,0.0004644705880126332,3.7279779753843103,0.47846242726120214
57,grid_0.6049,grid,0.6049,200528.58451530393,grid,,1.4,0.6146114158864336,0.18065282529412002,0.032172365884004094,0.0004630774027437612,3.726635652535563,0.4784407070836246
57,grid_0.6500,grid,0.65,295454.9350998506,grid,,1.4,0.6138668283255561,0.1806528354955179,0.032175029300945845,0.00046041767162480207,3.719085692627311,0.47864255133751016
57,grid_0.7139,grid,0.7139,508731.74131494935,grid,,1.4,0.6125539077021906,0.18066197303995274,0.032180789098876623,0.00045795940381199163,3.7113379963197626,0.4793243156106838
57,grid_0.7892,grid,0.7892,1140357.4147882971,grid,,1.4,0.6106005106658954,0.18069678571994738,0.03219175916545704,0.00045956920406353685,3.706410792361047,0.4810449171535536
57,grid_0.8000,grid,0.8,1272202.7132197733,grid,,1.4,0.6102572239817197,0.18070416559313954,0.03219389007329109,0.00046010538942170554,3.7062334558330505,0.4814102261858278
57,grid_0.8904,grid,0.8904,3011743.322185989,grid,,1.4,0.6074366771278128,0.18083708400925083,0.032216278602309675,0.0004857723506591638,3.705244457138362,0.4860910745975792
57,grid_0.9500,grid,0.95,5073617.504669949,grid,,1.4,0.6054612095426317,0.18099132454868233,0.03223692566678851,0.0005209338950979414,3.7062891841491252,0.49086185953118083
57,grid_1.0112,grid,1.0112,8386230.446821927,grid,,1.4,0.6033980206676197,0.1812656586086319,0.032267902238946974,0.0005893367518741144,3.708775975050893,0.49784857262050775
57,grid_1.1500,grid,1.15,,grid,,1.4,0.5994800779740844,0.18231707927485502,0.03236838636559385,0.0008711310297199182,3.7120243723093944,0.5218962565514828
57,grid_1.3368,grid,1.3368,,grid,,1.4,0.5958075008137158,0.1845986822104566,0.0325684867660378,0.0015081867077993416,3.706305814232275,0.571884983776885
57,rtp475,rtp,0.12469509132264271,475.0,grid,,1.45,0.6350930121285636,0.18763743104947245,0.034045431981728554,0.0011623735491169684,3.926728887600422,0.5034183145327573
57,grid_0.1645,grid,0.1645,1008.343369575265,grid,,1.45,0.6338408060420395,0.186902420578174,0.03401207400496402,0.0009204408130166208,3.897512185974956,0.4950795491053157
57,grid_0.2109,grid,0.2109,2239.050764823976,grid,,1.45,0.6330754217144702,0.18644208196042472,0.03399173985604819,0.0007689100696895435,3.86720128982081,0.4894843337216489
57,rtp2500,rtp,0.21860950117697509,2500.0,grid,,1.45,0.6329840396339306,0.18638735598237408,0.03398943013333391,0.0007508163367663245,3.8625831295104693,0.4887970255819087
57,grid_0.2423,grid,0.2423,3541.8871802113695,grid,,1.45,0.6327513525449072,0.1862464545794497,0.03398355862202631,0.00070418322138871,3.849026937396933,0.487005678009897
57,rtp5000,rtp,0.265879092857521,5000.0,grid,,1.45,0.632561787072167,0.18613458893187548,0.03397914390018859,0.0006669412966496813,3.8365064716697193,0.4855508502567695
57,grid_0.2700,grid,0.27,5334.670491999261,grid,,1.45,0.6325334337551727,0.18611766927265377,0.033978487392865714,0.0006612994226192215,3.834400735340483,0.4853278433821482
57,grid_0.2850,grid,0.285,6545.652253934677,grid,,1.45,0.6324347327635036,0.1860609822052974,0.033976364200026844,0.0006423248991731523,3.8269630473882246,0.48457909934234045
57,grid_0.3100,grid,0.31,8997.49324410802,grid,,1.45,0.6322757352769462,0.18597887465775328,0.0339735457185445,0.0006145961004198064,3.8153598548181487,0.4834683893806985
57,rtp10000,rtp,0.31944456966013796,10000.0,grid,,1.45,0.6322202678898842,0.18595193972692695,0.033972667926443025,0.0006054559617636457,3.8111920931415053,0.4830971104638002
57,grid_0.3300,grid,0.33,11398.75385176199,grid,,1.45,0.6321657809569532,0.18592523058067795,0.03397178428521863,0.0005964070812596312,3.806626920479369,0.4827311581665439
57,grid_0.3434,grid,0.3434,13315.423960905744,grid,,1.45,0.6320927717600187,0.18589328854251347,0.0339708267954296,0.000585487929720574,3.8010635917913436,0.48228722090515486
57,grid_0.3600,grid,0.36,16415.64489752169,grid,,1.45,0.6320087758352195,0.1858589650564705,0.033969823500159584,0.0005737313917027476,3.794431894300095,0.481802844501384
57,grid_0.3649,grid,0.3649,17429.72232748697,grid,,1.45,0.6319811923444093,0.18584907527104252,0.03396956838671271,0.0005703103923889175,3.792552476906441,0.48166089637952564
57,grid_0.4000,grid,0.4,26190.155202456328,grid,,1.45,0.6317945655527383,0.1857887272554417,0.03396813102935544,0.0005493201458414698,3.7797385891439212,0.48077960865186026
57,grid_0.4500,grid,0.45,44150.81794539096,grid,,1.45,0.631478487769518,0.18572102391626355,0.03396719125975047,0.0005251074647548704,3.7637206832918513,0.4797513189557843
57,grid_0.4898,grid,0.4898,64289.88586406512,grid,,1.45,0.6312197753859138,0.18568537218290532,0.03396710257661522,0.0005119548660888484,3.7523088612673394,0.4792221621098121
57,grid_0.5000,grid,0.5,71843.23453189072,grid,,1.45,0.6311470635582519,0.18567793381421968,0.033967148037761734,0.0005091470677560106,3.749590382112719,0.4791118843482789
57,grid_0.5500,grid,0.55,120081.06789982748,grid,,1.45,0.6307299362823479,0.18564680873504416,0.033967858807319805,0.0004968787861862611,3.7374920456705816,0.4786703029686821
57,grid_0.5971,grid,0.5971,186981.1902647902,grid,,1.45,0.6302102214551243,0.18562437594592976,0.03396928936687726,0.00048711957843861065,3.7279779753843103,0.47846242726120214
57,grid_0.6049,grid,0.6049,200528.58451530393,grid,,1.45,0.630100785638841,0.18562028259044033,0.033969626787115424,0.00048526252183950236,3.726635652535563,0.4784407070836246
57,grid_0.6500,grid,0.65,295454.9350998506,grid,,1.45,0.6294981665927583,0.18561378252219257,0.0339721191900574,0.0004803570721383932,3.719085692627311,0.47864255133751016
57,grid_0.7139,grid,0.7139,508731.74131494935,grid,,1.45,0.6283500515416154,0.185611993895882,0.033977508276706495,0.0004743040012984423,3.7113379963197626,0.4793243156106838
57,grid_0.7892,grid,0.7892,1140357.4147882971,grid,,1.45,0.6265374122293083,0.1856302059458065,0.03398777112771977,0.00047080223176276803,3.706410792361047,0.4810449171535536
57,grid_0.8000,grid,0.8,1272202.7132197733,grid,,1.45,0.6262082992623861,0.18563462896466387,0.0339897644853494,0.00047045098549902686,3.7062334558330505,0.4814102261858278
57,grid_0.8904,grid,0.8904,3011743.322185989,grid,,1.45,0.6234787151486788,0.18574119062505437,0.03401070494615083,0.0004890849486619553,3.705244457138362,0.4860910745975792
57,grid_0.9500,grid,0.95,5073617.504669949,grid,,1.45,0.6215315530864062,0.18587477109272654,0.03403000961487726,0.0005194209138962291,3.7062891841491252,0.49086185953118083
57,grid_1.0112,grid,1.0112,8386230.446821927,grid,,1.45,0.6194779942540313,0.18612267864176565,0.03405898116762688,0.0005826703371590858,3.708775975050893,0.49784857262050775
57,grid_1.1500,grid,1.15,,grid,,1.45,0.6155405622998824,0.18709468454460054,0.03415294272372972,0.0008514782611138694,3.7120243723093944,0.5218962565514828
57,grid_1.3368,grid,1.3368,,grid,,1.45,0.6117263702190527,0.18922992296207986,0.034339803079914355,0.0014681606643203171,3.706305814232275,0.571884983776885
57,rtp475,rtp,0.12469509132264271,475.0,grid,,1.5,0.648555641027182,0.19302750811436356,0.03597829791882709,0.0012813209700135997,3.926728887600422,0.5034183145327573
57,grid_0.1645,grid,0.1645,1008.343369575265,grid,,1.5,0.6480703655900253,0.19225299254649453,0.035947995750355614,0.0010132173927268617,3.897512185974956,0.4950795491053157
57,grid_0.2109,grid,0.2109,2239.050764823976,grid,,1.5,0.6480139866562182,0.19176390796535028,0.03592953128218187,0.0008438651159614619,3.86720128982081,0.4894843337216489
57,rtp2500,rtp,0.21860950117697509,2500.0,grid,,1.5,0.648026094325443,0.191705351413623,0.03592743448440041,0.00082350727622027,3.8625831295104693,0.4887970255819087
57,grid_0.2423,grid,0.2423,3541.8871802113695,grid,,1.5,0.648091577342932,0.1915540492104623,0.03592210485094486,0.0007708489179793498,3.849026937396933,0.487005678009897
57,rtp5000,rtp,0.265879092857521,5000.0,grid,,1.5,0.6481721443613332,0.19143313619120297,0.03591809814083431,0.0007285474911653544,3.8365064716697193,0.4855508502567695
57,grid_0.2700,grid,0.27,5334.670491999261,grid,,1.5,0.6481887043544445,0.19141477872936413,0.03591750234526133,0.0007221151707501039,3.834400735340483,0.4853278433821482
57,grid_0.2850,grid,0.285,6545.652253934677,grid,,1.5,0.6482478237862185,0.1913530183777939,0.035915576083058925,0.000700401559233399,3.8269630473882246,0.48457909934234045
57,grid_0.3100,grid,0.31,8997.49324410802,grid,,1.5,0.6483337986066925,0.19126295509357072,0.03591301947891035,0.000668498512214899,3.8153598548181487,0.4834683893806985
57,rtp10000,rtp,0.31944456966013796,10000.0,grid,,1.5,0.6483658263043247,0.1912332400431884,0.035912223358631534,0.0006579287387841748,3.8111920931415053,0.4830971104638002
57,grid_0.3300,grid,0.33,11398.75385176199,grid,,1.5,0.6484064062337431,0.1912036471482215,0.035911421992233065,0.0006474126905485211,3.806626920479369,0.4827311581665439
57,grid_0.3434,grid,0.3434,13315.423960905744,grid,,1.5,0.648449377235583,0.1911680712642533,0.035910553877504046,0.0006346775933905868,3.8010635917913436,0.48228722090515486
57,grid_0.3600,grid,0.36,16415.64489752169,grid,,1.5,0.6485031093803153,0.1911296021665905,0.035909644325459636,0.0006208804988995231,3.794431894300095,0.481802844501384
57,grid_0.3649,grid,0.3649,17429.72232748697,grid,,1.5,0.6485147480806516,0.19111847319013922,0.03590941310909329,0.0006168576854366781,3.792552476906441,0.48166089637952564
57,grid_0.4000,grid,0.4,26190.155202456328,grid,,1.5,0.6485946467000331,0.1910499330938734,0.03590811043462567,0.0005919665005478247,3.7797385891439212,0.48077960865186026
57,grid_0.4500,grid,0.45,44150.81794539096,grid,,1.5,0.648615807919228,0.19097120821095043,0.03590726164793309,0.0005627407176170829,3.7637206832918513,0.4797513189557843
57,grid_0.4898,grid,0.4898,64289.88586406512,grid,,1.5,0.6485978938255466,0.19092790825993705,0.0359071845296925,0.0005462816228224421,3.7523088612673394,0.4792221621098121
57,grid_0.5000,grid,0.5,71843.23453189072,grid,,1.5,0.6485832299305987,0.19091863123163252,0.03590722657652446,0.0005426971748356268,3.749590382112719,0.4791118843482789
57,grid_0.5500,grid,0.55,120081.06789982748,grid,,1.5,0.6484299407222714,0.19087857283968665,0.035907875716673726,0.0005267538526418369,3.7374920456705816,0.4786703029686821
57,grid_0.5971,grid,0.5971,186981.1902647902,grid,,1.5,0.6481282601306119,0.19084750942831402,0.035909178524467206,0.0005135933305231988,3.7279779753843103,0.47846242726120214
57,grid_0.6049,grid,0.6049,200528.58451530393,grid,,1.5,0.6480516199590489,0.1908418243470664,0.035909485651245306,0.0005111162688712367,3.726635652535563,0.4784407070836246
57,grid_0.6500,grid,0.65,295454.9350998506,grid,,1.5,0.6476304428265395,0.19082685814972844,0.0359117559283642,0.0005031338629323812,3.719085692627311,0.47864255133751016
57,grid_0.7139,grid,0.7139,508731.74131494935,grid,,1.5,0.6466958405211118,0.19081098513523795,0.035916663378275315,0.0004921686700046779,3.7113379963197626,0.4793243156106838
57,grid_0.7892,grid,0.7892,1140357.4147882971,grid,,1.5,0.6450710467766025,0.19080796643039105,0.03592600722154681,0.00048167283175443165,3.706410792361047,0.4810449171535536
57,grid_0.8000,grid,0.8,1272202.7132197733,grid,,1.5,0.6447617971843614,0.19080863335561712,0.03592782180897975,0.00048011275405857035,3.7062334558330505,0.4814102261858278
57,grid_0.8904,grid,0.8904,3011743.322185989,grid,,1.5,0.6421647250820247,0.19088145982307408,0.03594687979289585,0.0004888519112919987,3.705244457138362,0.4860910745975792
57,grid_0.9500,grid,0.95,5073617.504669949,grid,,1.5,0.6402665864921178,0.19098841772160416,0.03596443825498945,0.0005121374488125108,3.7062891841491252,0.49086185953118083
57,grid_1.0112,grid,1.0112,8386230.446821927,grid,,1.5,0.6382383199021551,0.19120150652261722,0.03599080310290632,0.0005672129936121206,3.708775975050893,0.49784857262050775
57,grid_1.1500,grid,1.15,,grid,,1.5,0.6343023064007968,0.19206711999713175,0.03607628191281752,0.0008134966711750846,3.7120243723093944,0.5218962565514828
57,grid_1.3368,grid,1.3368,,grid,,1.5,0.630343497504111,0.19400438588938446,0.03624588428438875,0.001391817459928446,3.706305814232275,0.571884983776885
57,rtp475,rtp,0.12469509132264271,475.0,grid,,1.55,0.6556665584478046,0.19872345012141146,0.03812056672308307,0.001370442905074043,3.926728887600422,0.5034183145327573
57,grid_0.1645,grid,0.1645,1008.343369575265,grid,,1.55,0.6560700819843971,0.19793424295799078,0.038094136232694566,0.0010838283026583517,3.897512185974956,0.4950795491053157
57,grid_0.2109,grid,0.2109,2239.050764823976,grid,,1.55,0.6568334245742771,0.19743271319290648,0.038078041261974296,0.0009016349767381748,3.86720128982081,0.4894843337216489
57,rtp2500,rtp,0.21860950117697509,2500.0,grid,,1.55,0.6569651913629048,0.19737235567982886,0.03807621436045429,0.0008796324261505784,3.8625831295104693,0.4887970255819087
57,grid_0.2423,grid,0.2423,3541.8871802113695,grid,,1.55,0.6573753194589181,0.19721604123454362,0.038071571651768076,0.0008225952684571269,3.849026937396933,0.487005678009897
57,rtp5000,rtp,0.265879092857521,5000.0,grid,,1.55,0.6577683178183671,0.197090547594733,0.03806808223392059,0.0007766017172711193,3.8365064716697193,0.4855508502567695
57,grid_0.2700,grid,0.27,5334.670491999261,grid,,1.55,0.657836806466339,0.19707144872005566,0.03806756341581141,0.0007695924848101221,3.834400735340483,0.4853278433821482
57,grid_0.2850,grid,0.285,6545.652253934677,grid,,1.55,0.6580785604464741,0.19700703541725192,0.03806588688344326,0.0007458851204510952,3.8269630473882246,0.48457909934234045
57,grid_0.3100,grid,0.31,8997.49324410802,grid,,1.55,0.6584485279136686,0.1969126571578294,0.038063662412503134,0.0007109321364537347,3.8153598548181487,0.4834683893806985
57,rtp10000,rtp,0.31944456966013796,10000.0,grid,,1.55,0.6585820542046592,0.19688140743671517,0.03806296988749148,0.0006993187067703688,3.8111920931415053,0.4830971104638002
57,grid_0.3300,grid,0.33,11398.75385176199,grid,,1.55,0.6587328845354404,0.1968502327367584,0.03806227288827277,0.0006877412402431782,3.806626920479369,0.4827311581665439
57,grid_0.3434,grid,0.3434,13315.423960905744,grid,,1.55,0.6589106081444475,0.19681262129044144,0.038061518171950554,0.0006736897272641706,3.8010635917913436,0.48228722090515486
57,grid_0.3600,grid,0.36,16415.64489752169,grid,,1.55,0.659124403909938,0.19677181999552423,0.03806072757389762,0.0006584215704533714,3.794431894300095,0.481802844501384
57,grid_0.3649,grid,0.3649,17429.72232748697,grid,,1.55,0.6591817351212969,0.19675998049983848,0.03806052668836644,0.0006539632379303773,3.792552476906441,0.48166089637952564
57,grid_0.4000,grid,0.4,26190.155202456328,grid,,1.55,0.6595724044574436,0.1966867100760259,0.038059394978085886,0.0006262669424447753,3.7797385891439212,0.48077960865186026
57,grid_0.4500,grid,0.45,44150.81794539096,grid,,1.55,0.6599895455371678,0.19660147421851676,0.03805866190923868,0.000593477755655436,3.7637206832918513,0.4797513189557843
57,grid_0.4898,grid,0.4898,64289.88586406512,grid,,1.55,0.6602560704727253,0.19655368979603186,0.03805859976196815,0.000574753210466572,3.7523088612673394,0.4792221621098121
57,grid_0.5000,grid,0.5,71843.23453189072,grid,,1.55,0.660310308931006,0.19654333614130237,0.038058637553324205,0.0005706454282287665,3.749590382112719,0.4791118843482789
57,grid_0.5500,grid,0.55,120081.06789982748,grid,,1.55,0.6604729662709934,0.1964980159536681,0.03805920894700702,0.0005522613267209819,3.7374920456705816,0.4786703029686821
57,grid_0.5971,grid,0.5971,186981.1902647902,grid,,1.55,0.6604382278052923,0.19646191573068134,0.03806035023103501,0.0005369341015343254,3.7279779753843103,0.47846242726120214
57,grid_0.6049,grid,0.6049,200528.58451530393,grid,,1.55,0.6604027381736532,0.1964553041736251,0.03806061904082819,0.0005340674971233694,3.726635652535563,0.4784407070836246
57,grid_0.6500,grid,0.65,295454.9350998506,grid,,1.55,0.6602102893584192,0.1964354953685213,0.0380626085270616,0.0005242953136147532,3.719085692627311,0.47864255133751016
57,grid_0.7139,grid,0.7139,508731.74131494935,grid,,1.55,0.6595601371272634,0.19641155851372988,0.038066907008353135,0.0005105933094392001,3.7113379963197626,0.4793243156106838
57,grid_0.7892,grid,0.7892,1140357.4147882971,grid,,1.55,0.6582152428828801,0.19639616034308033,0.03807508870947378,0.0004963630880311376,3.706410792361047,0.4810449171535536
57,grid_0.8000,grid,0.8,1272202.7132197733,grid,,1.55,0.6579405565734336,0.1963946254657746,0.038076677204292045,0.0004941717075498397,3.7062334558330505,0.4814102261858278
57,grid_0.8904,grid,0.8904,3011743.322185989,grid,,1.55,0.6556022428933759,0.19644695483688926,0.03809335395225139,0.0004980521124354209,3.705244457138362,0.4860910745975792
57,grid_0.9500,grid,0.95,5073617.504669949,grid,,1.55,0.653842069345732,0.19653698813476947,0.03810870248527635,0.0005180852198101715,3.7062891841491252,0.49086185953118083
57,grid_1.0112,grid,1.0112,8386230.446821927,grid,,1.55,0.6519332325841615,0.19672727979451338,0.03813176978675674,0.0005698528285920101,3.708775975050893,0.49784857262050775
57,grid_1.1500,grid,1.15,,grid,,1.55,0.6482165744627393,0.19752231435267847,0.03820651495299578,0.0008085497142425457,3.7120243723093944,0.5218962565514828
57,grid_1.3368,grid,1.3368,,grid,,1.55,0.6444440468544231,0.1993250579917883,0.03835424201466924,0.001376236728760527,3.706305814232275,0.571884983776885
57,rtp475,rtp,0.12469509132264271,475.0,grid,,1.6,0.663535315372208,0.20475177016944787,0.040458727651826704,0.001464559735695703,3.926728887600422,0.5034183145327573
57,grid_0.1645,grid,0.1645,1008.343369575265,grid,,1.6,0.664828449432676,0.20394867538599554,0.04043697321300023,0.0011580889787019544,3.897512185974956,0.4950795491053157
57,grid_0.2109,grid,0.2109,2239.050764823976,grid,,1.6,0.6664115017982372,0.20343528744127481,0.04042374049550186,0.0009621756808122495,3.86720128982081,0.4894843337216489
57,rtp2500,rtp,0.21860950117697509,2500.0,grid,,1.6,0.6666628795404589,0.20337320569647258,0.04042223965533976,0.0009384211399199871,3.8625831295104693,0.4887970255819087
57,grid_0.2423,grid,0.2423,3541.8871802113695,grid,,1.6,0.6674174550068178,0.20321208242778238,0.04041842686429763,0.0008767235803381901,3.849026937396933,0.487005678009897
57,rtp5000,rtp,0.265879092857521,5000.0,grid,,1.6,0.6681226446222074,0.2030821822730585,0.04041556247056214,0.0008268102862256099,3.8365064716697193,0.4855508502567695
57,grid_0.2700,grid,0.27,5334.670491999261,grid,,1.6,0.6682430160613916,0.20306236936843725,0.040415136665067,0.0008191891884566371,3.834400735340483,0.4853278433821482
57,grid_0.2850,grid,0.285,6545.652253934677,grid,,1.6,0.668667232012127,0.20299539474213263,0.04041376191156621,0.0007933683749480336,3.8269630473882246,0.48457909934234045
57,grid_0.3100,grid,0.31,8997.49324410802,grid,,1.6,0.6693209005397183,0.20289684429166416,0.040411938830517476,0.0007551905929983338,3.8153598548181487,0.4834683893806985
57,rtp10000,rtp,0.31944456966013796,10000.0,grid,,1.6,0.6695558138082018,0.2028641086319261,0.040411371512214946,0.0007424750588109763,3.8111920931415053,0.4830971104638002
57,grid_0.3300,grid,0.33,11398.75385176199,grid,,1.6,0.6698167643637964,0.20283139949070428,0.040410800658029725,0.0007297759613279498,3.806626920479369,0.4827311581665439
57,grid_0.3434,grid,0.3434,13315.423960905744,grid,,1.6,0.6701290785443796,0.2027918116816302,0.04041018302098933,0.0007143358641284459,3.8010635917913436,0.48228722090515486
57,grid_0.3600,grid,0.36,16415.64489752169,grid,,1.6,0.6705027365541215,0.20274874293282472,0.0404095362282102,0.0006975165326304489,3.794431894300095,0.481802844501384
57,grid_0.3649,grid,0.3649,17429.72232748697,grid,,1.6,0.6706057032659051,0.202736212518878,0.040409372015412996,0.0006925998510866616,3.792552476906441,0.48166089637952564
57,grid_0.4000,grid,0.4,26190.155202456328,grid,,1.6,0.6713067349798955,0.2026583355353779,0.04040844703304444,0.000661953928925374,3.7797385891439212,0.48077960865186026
57,grid_0.4500,grid,0.45,44150.81794539096,grid,,1.6,0.6721193257360071,0.20256673663567168,0.04040785405673367,0.0006254287344918952,3.7637206832918513,0.4797513189557843
57,grid_0.4898,grid,0.4898,64289.88586406512,grid,,1.6,0.6726698792895021,0.2025145427449798,0.040407810230496284,0.0006043297927119662,3.7523088612673394,0.4792221621098121
57,grid_0.5000,grid,0.5,71843.23453189072,grid,,1.6,0.6727929215945172,0.20250312864961495,0.04040784293539826,0.000599674177484244,3.749590382112719,0.4791118843482789
57,grid_0.5500,grid,0.55,120081.06789982748,grid,,1.6,0.673271085299852,0.20245261520995636,0.04040832068519614,0.0005787407201545136,3.7374920456705816,0.4786703029686821
57,grid_0.5971,grid,0.5971,186981.1902647902,grid,,1.6,0.6735029356997028,0.2024115224421112,0.04040926714257653,0.0005611572747567517,3.7279779753843103,0.47846242726120214
57,grid_0.6049,grid,0.6049,200528.58451530393,grid,,1.6,0.6735085480188217,0.20240399212762195,0.040409489723677555,0.0005578863055208938,3.726635652535563,0.4784407070836246
57,grid_0.6500,grid,0.65,295454.9350998506,grid,,1.6,0.6735445165339436,0.20237932600347558,0.040411140566345594,0.0005462510272754573,3.719085692627311,0.47864255133751016
57,grid_0.7139,grid,0.7139,508731.74131494935,grid,,1.6,0.6731784793838254,0.202347259049977,0.04041470451342882,0.0005297087316096794,3.7113379963197626,0.4793243156106838
57,grid_0.7892,grid,0.7892,1140357.4147882971,grid,,1.6,0.6721132020787597,0.20231928802527852,0.04042148431516923,0.0005116099918863748,3.706410792361047,0.4810449171535536
57,grid_0.8000,grid,0.8,1272202.7132197733,grid,,1.6,0.6718730567855816,0.20231551094099012,0.04042280005300957,0.000508765914304321,3.7062334558330505,0.4814102261858278
57,grid_0.8904,grid,0.8904,3011743.322185989,grid,,1.6,0.6697930800066367,0.20234674335767572,0.04043660375463489,0.0005076007928221937,3.705244457138362,0.4860910745975792
57,grid_0.9500,grid,0.95,5073617.504669949,grid,,1.6,0.6681705301014458,0.20241921306690286,0.04044928512733031,0.0005242526912939138,3.7062891841491252,0.49086185953118083
57,grid_1.0112,grid,1.0112,8386230.446821927,grid,,1.6,0.666380813101366,0.20258559406586404,0.04046837366912166,0.0005725492538973809,3.708775975050893,0.49784857262050775
57,grid_1.1500,grid,1.15,,grid,,1.6,0.6628819551330597,0.20330570938068,0.04053016573808846,0.0008030457286930526,3.7120243723093944,0.5218962565514828
57,grid_1.3368,grid,1.3368,,grid,,1.6,0.6592906620787817,0.20496416484453403,0.04065146571686071,0.0013588431535566103,3.706305814232275,0.571884983776885
57,rtp475,rtp,0.12469509132264271,475.0,grid,,1.65,0.6725704931621244,0.21068537565741427,0.04278121187382772,0.0016071156420780497,3.926728887600422,0.5034183145327573
57,grid_0.1645,grid,0.1645,1008.343369575265,grid,,1.65,0.6748823424877382,0.20984084459531788,0.04276439506775669,0.0012687849927196515,3.897512185974956,0.4950795491053157
57,grid_0.2109,grid,0.2109,2239.050764823976,grid,,1.65,0.6774004577399552,0.20929357337076956,0.042754192728067957,0.0010496071262377504,3.86720128982081,0.4894843337216489
57,rtp2500,rtp,0.21860950117697509,2500.0,grid,,1.65,0.6777879739325429,0.2092267412975881,0.0427530377415185,0.0010227915324893533,3.8625831295104693,0.4887970255819087
57,grid_0.2423,grid,0.2423,3541.8871802113695,grid,,1.65,0.6789341818917572,0.20905233975251822,0.04275010597536182,0.0009527747806404863,3.849026937396933,0.487005678009897
57,rtp5000,rtp,0.265879092857521,5000.0,grid,,1.65,0.6799937865574595,0.20891055190390082,0.042747905867434245,0.0008957128293581862,3.8365064716697193,0.4855508502567695
57,grid_0.2700,grid,0.27,5334.670491999261,grid,,1.65,0.6801730079252192,0.20888880415839414,0.04274757897169442,0.0008869535310295218,3.834400735340483,0.4853278433821482
57,grid_0.2850,grid,0.285,6545.652253934677,grid,,1.65,0.6808040530246585,0.20881495632413988,0.04274652569007989,0.0008571602945725565,3.8269630473882246,0.48457909934234045
57,grid_0.3100,grid,0.31,8997.49324410802,grid,,1.65,0.6817789342283758,0.20870552383300872,0.04274513073818864,0.0008128649402219246,3.8153598548181487,0.4834683893806985
57,rtp10000,rtp,0.31944456966013796,10000.0,grid,,1.65,0.6821285365535356,0.20866890678890967,0.04274469711639291,0.0007980155440857617,3.8111920931415053,0.4830971104638002
57,grid_0.3300,grid,0.33,11398.75385176199,grid,,1.65,0.6825140011687459,0.2086320820694457,0.042744261041696825,0.0007830846269351044,3.806626920479369,0.4827311581665439
57,grid_0.3434,grid,0.3434,13315.423960905744,grid,,1.65,0.6829783754100736,0.20858732053202025,0.04274379015414168,0.0007648801325860766,3.8010635917913436,0.48228722090515486
57,grid_0.3600,grid,0.36,16415.64489752169,grid,,1.65,0.6835325221908629,0.2085381939021075,0.04274329745611057,0.0007448808598424228,3.794431894300095,0.481802844501384
57,grid_0.3649,grid,0.3649,17429.72232748697,grid,,1.65,0.6836869779355478,0.2085238687785956,0.042743172620737055,0.0007390312296559065,3.792552476906441,0.48166089637952564
57,grid_0.4000,grid,0.4,26190.155202456328,grid,,1.65,0.6847378615429863,0.20843385463286784,0.04274246979817105,0.0007022019589444373,3.7797385891439212,0.48077960865186026
57,grid_0.4500,grid,0.45,44150.81794539096,grid,,1.65,0.6859951426451123,0.20832571181724246,0.04274203043581302,0.0006575717683477422,3.7637206832918513,0.4797513189557843
57,grid_0.4898,grid,0.4898,64289.88586406512,grid,,1.65,0.6868643260620864,0.20826147275098605,0.04274201000590808,0.0006308310265016326,3.7523088612673394,0.4792221621098121
57,grid_0.5000,grid,0.5,71843.23453189072,grid,,1.65,0.6870644562781312,0.2082470924887381,0.0427420382332099,0.0006248132968031395,3.749590382112719,0.4791118843482789
57,grid_0.5500,grid,0.55,120081.06789982748,grid,,1.65,0.6878953451420856,0.20818214223477594,0.042742421329873326,0.0005973830155871496,3.7374920456705816,0.4786703029686821
57,grid_0.5971,grid,0.5971,186981.1902647902,grid,,1.65,0.6884239201144837,0.20812731962100559,0.04274316619385953,0.0005738149787646862,3.7279779753843103,0.47846242726120214
57,grid_0.6049,grid,0.6049,200528.58451530393,grid,,1.65,0.6884750927270331,0.20811737886598852,0.04274334074462177,0.0005695026414276327,3.726635652535563,0.4784407070836246
57,grid_0.6500,grid,0.65,295454.9350998506,grid,,1.65,0.6887634354786729,0.2080789849504908,0.0427446417479161,0.0005522222301104773,3.719085692627311,0.47864255133751016
57,grid_0.7139,grid,0.7139,508731.74131494935,grid,,1.65,0.6887076814547852,0.20802469368724413,0.04274744522523402,0.0005268279584377256,3.7113379963197626,0.4793243156106838
57,grid_0.7892,grid,0.7892,1140357.4147882971,grid,,1.65,0.68794001651879,0.2079638242372051,0.0427527714472765,0.0004961807440866384,3.706410792361047,0.4810449171535536
57,grid_0.8000,grid,0.8,1272202.7132197733,grid,,1.65,0.687735489260697,0.2079543257221211,0.04275380404305006,0.0004911975434919724,3.7062334558330505,0.4814102261858278
57,grid_0.8904,grid,0.8904,3011743.322185989,grid,,1.65,0.6859124637990728,0.2079308520427828,0.042764619856721045,0.00047061937451658986,3.705244457138362,0.4860910745975792
57,grid_0.9500,grid,0.95,5073617.504669949,grid,,1.65,0.6844137790306019,0.207957264785153,0.042774514364712135,0.00047170961221010277,3.7062891841491252,0.49086185953118083
57,grid_1.0112,grid,1.0112,8386230.446821927,grid,,1.65,0.6827125193312635,0.20805776249659066,0.04278946239771797,0.0004985701373697582,3.708775975050893,0.49784857262050775
57,grid_1.1500,grid,1.15,,grid,,1.65,0.6793085222313612,0.208561063695306,0.042837740202482565,0.0006599770872349198,3.7120243723093944,0.5218962565514828
57,grid_1.3368,grid,1.3368,,grid,,1.65,0.6756007557187531,0.20977922231173496,0.042930999324745076,0.0010763227889712401,3.706305814232275,0.571884983776885
57,rtp475,rtp,0.12469509132264271,475.0,grid,,1.7,0.6822517799534086,0.21675274295364189,0.045221032142755906,0.0017607194351716426,3.926728887600422,0.5034183145327573
57,grid_0.1645,grid,0.1645,1008.343369575265,grid,,1.7,0.6855885973753224,0.21586730859061967,0.0452096599291647,0.0013890349889931208,3.897512185974956,0.4950795491053157
57,grid_0.2109,grid,0.2109,2239.050764823976,grid,,1.7,0.6890469169188139,0.21528689060127473,0.04520279799710925,0.0011456472676559804,3.86720128982081,0.4894843337216489
57,rtp2500,rtp,0.21860950117697509,2500.0,grid,,1.7,0.6895712863324851,0.21521544055669303,0.0452020241593118,0.0011156616946996767,3.8625831295104693,0.4887970255819087
57,grid_0.2423,grid,0.2423,3541.8871802113695,grid,,1.7,0.6911111401833354,0.21502817962427365,0.04520006322839848,0.0010370548041304106,3.849026937396933,0.487005678009897
57,rtp5000,rtp,0.265879092857521,5000.0,grid,,1.7,0.6925269423824143,0.21487493994788887,0.04519859501806689,0.0009726447995419552,3.8365064716697193,0.4855508502567695
57,grid_0.2700,grid,0.27,5334.670491999261,grid,,1.7,0.6927653055668473,0.21485133494087158,0.04519837709192097,0.0009627190339536185,3.834400735340483,0.4853278433821482
57,grid_0.2850,grid,0.285,6545.652253934677,grid,,1.7,0.693604199536808,0.21477090208400493,0.045197677898840945,0.0009288624831362835,3.8269630473882246,0.48457909934234045
57,grid_0.3100,grid,0.31,8997.49324410802,grid,,1.7,0.6949018683272724,0.21465108332805932,0.04519675443916241,0.0008783331347470558,3.8153598548181487,0.4834683893806985
57,rtp10000,rtp,0.31944456966013796,10000.0,grid,,1.7,0.6953667183958626,0.21461077582834948,0.045196468035155625,0.0008613170664904524,3.8111920931415053,0.4830971104638002
57,grid_0.3300,grid,0.33,11398.75385176199,grid,,1.7,0.6958772967873783,0.2145700484968777,0.04519618035983086,0.000844125352121583,3.806626920479369,0.4827311581665439
57,grid_0.3434,grid,0.3434,13315.423960905744,grid,,1.7,0.6964944651374458,0.21452039055476307,0.045195871012659775,0.0008231269511083106,3.8010635917913436,0.48228722090515486
57,grid_0.3600,grid,0.36,16415.64489752169,grid,,1.7,0.6972299674552822,0.21446555241536522,0.0451955479213328,0.0007999252514949706,3.794431894300095,0.481802844501384
57,grid_0.3649,grid,0.3649,17429.72232748697,grid,,1.7,0.6974361612978315,0.21444953704656428,0.045195466416537725,0.0007931375229480175,3.792552476906441,0.48166089637952564
57,grid_0.4000,grid,0.4,26190.155202456328,grid,,1.7,0.6988385804381873,0.21434814155895032,0.04519500803305446,0.0007501177567213468,3.7797385891439212,0.48077960865186026
57,grid_0.4500,grid,0.45,44150.81794539096,grid,,1.7,0.7005427224853361,0.21422458457799087,0.04519473726403857,0.0006974353735741956,3.7637206832918513,0.4797513189557843
57,grid_0.4898,grid,0.4898,64289.88586406512,grid,,1.7,0.7017320908776339,0.21414923301633199,0.04519474206849886,0.0006651519329843869,3.7523088612673394,0.4792221621098121
57,grid_0.5000,grid,0.5,71843.23453189072,grid,,1.7,0.7020096899508979,0.21413213012512883,0.04519476523385903,0.00065780391806608,3.749590382112719,0.4791118843482789
57,grid_0.5500,grid,0.55,120081.06789982748,grid,,1.7,0.7031950882672602,0.21405399413051168,0.045195043370458945,0.0006240690327661835,3.7374920456705816,0.4786703029686821
57,grid_0.5971,grid,0.5971,186981.1902647902,grid,,1.7,0.7040219613082664,0.2139867285832769,0.045195565370713786,0.0005947546390592251,3.7279779753843103,0.47846242726120214
57,grid_0.6049,grid,0.6049,200528.58451530393,grid,,1.7,0.7041189495911834,0.21397460910518523,0.045195686851416304,0.0005894464903005159,3.726635652535563,0.4784407070836246
57,grid_0.6500,grid,0.65,295454.9350998506,grid,,1.7,0.7046610670891464,0.21392391587076334,0.045196601035068826,0.0005668407464126113,3.719085692627311,0.47864255133751016
57,grid_0.7139,grid,0.7139,508731.74131494935,grid,,1.7,0.7049175094065777,0.21384984159997514,0.0451985638927965,0.0005331908595379575,3.7113379963197626,0.4793243156106838
57,grid_0.7892,grid,0.7892,1140357.4147882971,grid,,1.7,0.7044496289047903,0.21375990331417252,0.04520228364227219,0.0004910126226121969,3.706410792361047,0.4810449171535536
57,grid_0.8000,grid,0.8,1272202.7132197733,grid,,1.7,0.7042810359799663,0.21374536885163248,0.045203003360048795,0.0004840793454716219,3.7062334558330505,0.4814102261858278
57,grid_0.8904,grid,0.8904,3011743.322185989,grid,,1.7,0.7027173417732892,0.21367406675960923,0.045210518245442886,0.000446088560147051,3.705244457138362,0.4860910745975792
57,grid_0.9500,grid,0.95,5073617.504669949,grid,,1.7,0.7013440236231244,0.2136605610124091,0.04521733571702132,0.00043349961511607304,3.7062891841491252,0.49086185953118083
57,grid_1.0112,grid,1.0112,8386230.446821927,grid,,1.7,0.6997329368715365,0.21370401245506987,0.04522770983900194,0.00044169510039471227,3.708775975050893,0.49784857262050775
57,grid_1.1500,grid,1.15,,grid,,1.7,0.6964274907016808,0.21401907321484637,0.045261063631996334,0.000543100067745439,3.7120243723093944,0.5218962565514828
57,grid_1.3368,grid,1.3368,,grid,,1.7,0.6926072664291896,0.21485619024639263,0.04532342170256107,0.0008397607846329924,3.706305814232275,0.571884983776885
57,rtp475,rtp,0.12469509132264271,475.0,grid,,1.75,0.6926874976679162,0.22285856776694757,0.047738811951305776,0.0019271292758293868,3.926728887600422,0.5034183145327573
57,grid_0.1645,grid,0.1645,1008.343369575265,grid,,1.75,0.6970727100951938,0.22193114307769754,0.04773326831116082,0.0015201639566126413,3.897512185974956,0.4950795491053157
57,grid_0.2109,grid,0.2109,2239.050764823976,grid,,1.75,0.7014917955738547,0.2213171310408064,0.047729981486267614,0.001251291005865851,3.86720128982081,0.4894843337216489
57,rtp2500,rtp,0.21860950117697509,2500.0,grid,,1.75,0.7021559586391469,0.2212410397722796,0.04772961550659622,0.0012179821729231821,3.8625831295104693,0.4887970255819087
57,grid_0.2423,grid,0.2423,3541.8871802113695,grid,,1.75,0.704097848025759,0.22104091227665285,0.04772869336312923,0.0011303915369657025,3.849026937396933,0.487005678009897
57,rtp5000,rtp,0.265879092857521,5000.0,grid,,1.75,0.7058773773019608,0.22087629019824975,0.04772800819499994,0.001058327376741497,3.8365064716697193,0.4855508502567695
57,grid_0.2700,grid,0.27,5334.670491999261,grid,,1.75,0.7061761258513148,0.22085084669046381,0.04772790684733861,0.001047189636556145,3.834400735340483,0.4853278433821482
57,grid_0.2850,grid,0.285,6545.652253934677,grid,,1.75,0.7072272298871105,0.22076391156500222,0.04772758640396348,0.001009118245516638,3.8269630473882246,0.48457909934234045
57,grid_0.3100,grid,0.31,8997.49324410802,grid,,1.75,0.7088544470711873,0.22063388739120088,0.04772716721447918,0.0009521450508739315,3.8153598548181487,0.4834683893806985
57,rtp10000,rtp,0.31944456966013796,10000.0,grid,,1.75,0.7094369527730776,0.22058996982674267,0.04772703824666993,0.000932896541493311,3.8111920931415053,0.4830971104638002
57,grid_0.3300,grid,0.33,11398.75385176199,grid,,1.75,0.7100752481816003,0.22054543526076328,0.0477269092624007,0.0009133797519588205,3.806626920479369,0.4827311581665439
57,grid_0.3434,grid,0.3434,13315.423960905744,grid,,1.75,0.7108483931868219,0.22049101353927825,0.047726772627792145,0.000889514423786042,3.8010635917913436,0.48228722090515486
57,grid_0.3600,grid,0.36,16415.64489752169,grid,,1.75,0.7117690208920614,0.22043064139162788,0.04772663085779223,0.0008630368065322136,3.794431894300095,0.481802844501384
57,grid_0.3649,grid,0.3649,17429.72232748697,grid,,1.75,0.7120280315129496,0.2204129912314544,0.047726595667770266,0.0008552910358269328,3.792552476906441,0.48166089637952564
57,grid_0.4000,grid,0.4,26190.155202456328,grid,,1.75,0.7137893022572768,0.2203006408069083,0.047726398539008924,0.000805973800925508,3.7797385891439212,0.48077960865186026
57,grid_0.4500,grid,0.45,44150.81794539096,grid,,1.75,0.7159496630648524,0.22016236634879027,0.047726307620903574,0.0007451599353953675,3.7637206832918513,0.4797513189557843
57,grid_0.4898,grid,0.4898,64289.88586406512,grid,,1.75,0.7174659278708257,0.22007652180758416,0.04772633898915261,0.0007073364617714573,3.7523088612673394,0.4792221621098121
57,grid_0.5000,grid,0.5,71843.23453189072,grid,,1.75,0.7178226282327007,0.2200568630369287,0.04772635663611428,0.0006986663335393217,3.749590382112719,0.4791118843482789
57,grid_0.5500,grid,0.55,120081.06789982748,grid,,1.75,0.7193700810454852,0.21996642516873322,0.04772652194045434,0.0006587062610575734,3.7374920456705816,0.4786703029686821
57,grid_0.5971,grid,0.5971,186981.1902647902,grid,,1.75,0.7205017408448104,0.2198876632924449,0.04772680490266825,0.0006237795655433809,3.7279779753843103,0.47846242726120214
57,grid_0.6049,grid,0.6049,200528.58451530393,grid,,1.75,0.7206455674647498,0.21987353873061888,0.04772686948405818,0.0006175035498667825,3.726635652535563,0.4784407070836246
57,grid_0.6500,grid,0.65,295454.9350998506,grid,,1.75,0.7214470968373744,0.21981164261640848,0.04772736872034631,0.0005897895093773808,3.719085692627311,0.47864255133751016
57,grid_0.7139,grid,0.7139,508731.74131494935,grid,,1.75,0.7220230152977571,0.2197197094610273,0.04772843002096001,0.0005483207046782512,3.7113379963197626,0.4793243156106838
57,grid_0.7892,grid,0.7892,1140357.4147882971,grid,,1.75,0.7218624926082046,0.21960379844919564,0.047730427087453724,0.0004954012058612234,3.706410792361047,0.4810449171535536
57,grid_0.8000,grid,0.8,1272202.7132197733,grid,,1.75,0.7217308375751577,0.21958478910502607,0.04773081133061433,0.00048666827568444315,3.7062334558330505,0.4814102261858278
57,grid_0.8904,grid,0.8904,3011743.322185989,grid,,1.75,0.7204338463336069,0.21947135221167477,0.04773478748696774,0.00043288695465326654,3.705244457138362,0.4860910745975792
57,grid_0.9500,grid,0.95,5073617.504669949,grid,,1.75,0.7191899249131104,0.2194230767360228,0.04773830769025778,0.0004081789140447656,3.7062891841491252,0.49086185953118083
57,grid_1.0112,grid,1.0112,8386230.446821927,grid,,1.75,0.7176725986139728,0.2194169345828128,0.047743778711107965,0.00040001247061038914,3.708775975050893,0.49784857262050775
57,grid_1.1500,grid,1.15,,grid,,1.75,0.7144710669573027,0.2195678276001087,0.04776113824823872,0.00044889266879233336,3.7120243723093944,0.5218962565514828
57,grid_1.3368,grid,1.3368,,grid,,1.75,0.7105384901667547,0.22007416859828496,0.04779043097920839,0.0006422087050179659,3.706305814232275,0.571884983776885
57,rtp475,rtp,0.12469509132264271,475.0,grid,,1.8,0.7037999608469153,0.22897182033946334,0.0503212814081182,0.0021068131014492786,3.926728887600422,0.5034183145327573
57,grid_0.1645,grid,0.1645,1008.343369575265,grid,,1.8,0.7092558394359726,0.2280012026943755,0.050321911599912485,0.0016626368301692063,3.897512185974956,0.4950795491053157
57,grid_0.2109,grid,0.2109,2239.050764823976,grid,,1.8,0.714655296250829,0.22735305340189682,0.050322410869819145,0.0013670000213465983,3.86720128982081,0.4894843337216489
57,rtp2500,rtp,0.21860950117697509,2500.0,grid,,1.8,0.7154620602572666,0.2272722842577819,0.05032247675570249,0.0013302144360475276,3.8625831295104693,0.4887970255819087
57,grid_0.2423,grid,0.2423,3541.8871802113695,grid,,1.8,0.7178139996857134,0.22705924554311743,0.05032265447387799,0.0012332465127317116,3.849026937396933,0.487005678009897
57,rtp5000,rtp,0.265879092857521,5000.0,grid,,1.8,0.7199644535782141,0.22688327670304015,0.050322798311798096,0.0011532229357101853,3.8365064716697193,0.4855508502567695
57,grid_0.2700,grid,0.27,5334.670491999261,grid,,1.8,0.7203247766842075,0.22685600792517424,0.05032282038048947,0.0011408279512572506,3.834400735340483,0.4853278433821482
57,grid_0.2850,grid,0.285,6545.652253934677,grid,,1.8,0.7215922621410525,0.22676263402567326,0.05032290084577835,0.001098391344483085,3.8269630473882246,0.48457909934234045
57,grid_0.3100,grid,0.31,8997.49324410802,grid,,1.8,0.7235554956851413,0.2266225545623259,0.050323015375794686,0.0010347668605596994,3.8153598548181487,0.4834683893806985
57,rtp10000,rtp,0.31944456966013796,10000.0,grid,,1.8,0.7242579611523349,0.22657509626441738,0.05032305302412491,0.0010132212231050985,3.8111920931415053,0.4830971104638002
57,grid_0.3300,grid,0.33,11398.75385176199,grid,,1.8,0.7250264653754092,0.22652683817208277,0.050323091976271696,0.0009913164359692805,3.806626920479369,0.4827311581665439
57,grid_0.3434,grid,0.3434,13315.423960905744,grid,,1.8,0.7259586333648896,0.22646777059794848,0.05032313808905035,0.0009645130305546701,3.8010635917913436,0.48228722090515486
57,grid_0.3600,grid,0.36,16415.64489752169,grid,,1.8,0.7270679956110253,0.22640202459611494,0.050323188161723195,0.0009346885794966342,3.794431894300095,0.481802844501384
57,grid_0.3649,grid,0.3649,17429.72232748697,grid,,1.8,0.7273808555890904,0.2263827899174028,0.05032320196627407,0.0009259656045128573,3.792552476906441,0.48166089637952564
57,grid_0.4000,grid,0.4,26190.155202456328,grid,,1.8,0.72950798265673,0.22625987548093734,0.0503232811919472,0.0008702500607020713,3.7797385891439212,0.48077960865186026
57,grid_0.4500,grid,0.45,44150.81794539096,grid,,1.8,0.7321335202984605,0.2261075325865789,0.05032338021651205,0.0008012360758787862,3.7637206832918513,0.4797513189557843
57,grid_0.4898,grid,0.4898,64289.88586406512,grid,,1.8,0.7339831072731063,0.2260117799380219,0.05032343932227131,0.0007578853484815351,3.7523088612673394,0.4792221621098121
57,grid_0.5000,grid,0.5,71843.23453189072,grid,,1.8,0.7344204715486206,0.22598972336507794,0.05032345103567575,0.0007479040309487095,3.749590382112719,0.4791118843482789
57,grid_0.5500,grid,0.55,120081.06789982748,grid,,1.8,0.7363371983071031,0.2258878248217851,0.05032349640719239,0.0007018129955250751,3.7374920456705816,0.4786703029686821
57,grid_0.5971,grid,0.5971,186981.1902647902,grid,,1.8,0.7377798480422015,0.2257984726971466,0.05032352576662935,0.0006614245057346979,3.7279779753843103,0.47846242726120214
57,grid_0.6049,grid,0.6049,200528.58451530393,grid,,1.8,0.7379714895679138,0.22578250958974638,0.05032353000154442,0.0006542116350994887,3.726635652535563,0.4784407070836246
57,grid_0.6500,grid,0.65,295454.9350998506,grid,,1.8,0.73903781639024,0.22571046927297164,0.05032358895828353,0.0006216269811415431,3.719085692627311,0.47864255133751016
57,grid_0.7139,grid,0.7139,508731.74131494935,grid,,1.8,0.7399401528136216,0.2256025423999796,0.050323693829283006,0.0005728133080515896,3.7113379963197626,0.4793243156106838
57,grid_0.7892,grid,0.7892,1140357.4147882971,grid,,1.8,0.7400941904828406,0.22546367353754013,0.05032386358023572,0.0005100045048067603,3.706410792361047,0.4810449171535536
57,grid_0.8000,grid,0.8,1272202.7132197733,grid,,1.8,0.7400004246484517,0.22544073686680763,0.050323892005205755,0.0004996338338434381,3.7062334558330505,0.4814102261858278
57,grid_0.8904,grid,0.8904,3011743.322185989,grid,,1.8,0.7389771318274299,0.225290742457125,0.05032411537196752,0.00043180326491509824,3.705244457138362,0.4860910745975792
57,grid_0.9500,grid,0.95,5073617.504669949,grid,,1.8,0.7378664267632178,0.22521275448455363,0.05032414013262908,0.0003966446498907539,3.7062891841491252,0.49086185953118083
57,grid_1.0112,grid,1.0112,8386230.446821927,grid,,1.8,0.7364462507810773,0.22516437011251567,0.05032441173968689,0.0003745818284790481,3.708775975050893,0.49784857262050775
57,grid_1.1500,grid,1.15,,grid,,1.8,0.7333537339915068,0.22517497193504518,0.050324813851147,0.0003789541348013792,3.7120243723093944,0.5218962565514828
57,grid_1.3368,grid,1.3368,,grid,,1.8,0.7293090764873607,0.22540075327124745,0.050319096022339915,0.00048640355290585635,3.706305814232275,0.571884983776885
57,rtp475,rtp,0.12469509132264271,475.0,grid,,1.85,0.7144655524172114,0.23492944741151014,0.052851861275466434,0.0023399839856110827,3.926728887600422,0.5034183145327573
57,grid_0.1645,grid,0.1645,1008.343369575265,grid,,1.85,0.7208671901242978,0.2338768623999342,0.052857506165594016,0.0018408806004437395,3.897512185974956,0.4950795491053157
57,grid_0.2109,grid,0.2109,2239.050764823976,grid,,1.85,0.727121518278809,0.23317004477130043,0.052861080595792274,0.0015071891828579709,3.86720128982081,0.4894843337216489
57,rtp2500,rtp,0.21860950117697509,2500.0,grid,,1.85,0.728051936343302,0.23308172406755004,0.05286149724537199,0.0014655928489295533,3.8625831295104693,0.4887970255819087
57,grid_0.2423,grid,0.2423,3541.8871802113695,grid,,1.85,0.730758604481277,0.23284828429638454,0.052862568265502584,0.0013557552342673418,3.849026937396933,0.487005678009897
57,rtp5000,rtp,0.265879092857521,5000.0,grid,,1.85,0.7332289924434567,0.2326551651899384,0.05286338539800978,0.001265040491547742,3.8365064716697193,0.4855508502567695
57,grid_0.2700,grid,0.27,5334.670491999261,grid,,1.85,0.7336423372259309,0.2326251855975693,0.05286350770005828,0.0012509692742452838,3.834400735340483,0.4853278433821482
57,grid_0.2850,grid,0.285,6545.652253934677,grid,,1.85,0.7350959818668921,0.2325224314621172,0.052863913771073884,0.0012027673619811052,3.8269630473882246,0.48457909934234045
57,grid_0.3100,grid,0.31,8997.49324410802,grid,,1.85,0.7373478394469032,0.2323682886109734,0.05286446176376123,0.0011305597882314,3.8153598548181487,0.4834683893806985
57,rtp10000,rtp,0.31944456966013796,10000.0,grid,,1.85,0.73815321472567,0.2323159868340498,0.052864634726450144,0.001106083012228254,3.8111920931415053,0.4830971104638002
57,grid_0.3300,grid,0.33,11398.75385176199,grid,,1.85,0.7390333279771711,0.23226263492574378,0.05286481006293971,0.0010811215197096269,3.806626920479369,0.4827311581665439
57,grid_0.3434,grid,0.3434,13315.423960905744,grid,,1.85,0.7401017032594347,0.23219739058240266,0.05286500458137052,0.0010506236119063317,3.8010635917913436,0.48228722090515486
57,grid_0.3600,grid,0.36,16415.64489752169,grid,,1.85,0.7413725734935573,0.23212456525163877,0.05286521044039729,0.0010166033528650198,3.794431894300095,0.481802844501384
57,grid_0.3649,grid,0.3649,17429.72232748697,grid,,1.85,0.7417314966152148,0.2321033002387962,0.05286526402889285,0.001006677952847923,3.792552476906441,0.48166089637952564
57,grid_0.4000,grid,0.4,26190.155202456328,grid,,1.85,0.7441712381050773,0.23196708203282432,0.05286556764169724,0.0009431595051258013,3.7797385891439212,0.48077960865186026
57,grid_0.4500,grid,0.45,44150.81794539096,grid,,1.85,0.7471936309674474,0.2317980410150076,0.05286582088745782,0.0008645109309373122,3.7637206832918513,0.4797513189557843
57,grid_0.4898,grid,0.4898,64289.88586406512,grid,,1.85,0.7493270894817694,0.23169087094025256,0.052865902475612576,0.0008147572014401971,3.7523088612673394,0.4792221621098121
57,grid_0.5000,grid,0.5,71843.23453189072,grid,,1.85,0.7498331157660032,0.23166609570322855,0.0528659093586374,0.000803270539740053,3.749590382112719,0.4791118843482789
57,grid_0.5500,grid,0.55,120081.06789982748,grid,,1.85,0.7520639715120417,0.23155165214398804,0.052865857255413866,0.0007503103551965706,3.7374920456705816,0.4786703029686821
57,grid_0.5971,grid,0.5971,186981.1902647902,grid,,1.85,0.7537709528224154,0.23145134615688556,0.052865680554389005,0.0007040450834454592,3.7279779753843103,0.47846242726120214
57,grid_0.6049,grid,0.6049,200528.58451530393,grid,,1.85,0.7540032318249791,0.23143357373349796,0.05286563575796998,0.0006958632930884612,3.726635652535563,0.4784407070836246
57,grid_0.6500,grid,0.65,295454.9350998506,grid,,1.85,0.7552942146697427,0.23135152687219535,0.05286533694403516,0.0006581920420609677,3.719085692627311,0.47864255133751016
57,grid_0.7139,grid,0.7139,508731.74131494935,grid,,1.85,0.756473124944138,0.23122877680086137,0.05286466463865181,0.0006020825821707598,3.7113379963197626,0.4793243156106838
57,grid_0.7892,grid,0.7892,1140357.4147882971,grid,,1.85,0.7568925527931721,0.23107007268990865,0.05286334957914404,0.0005300289137756264,3.706410792361047,0.4810449171535536
57,grid_0.8000,grid,0.8,1272202.7132197733,grid,,1.85,0.7568306165074642,0.23104387345610158,0.05286308888468725,0.0005181825769118298,3.7062334558330505,0.4814102261858278
57,grid_0.8904,grid,0.8904,3011743.322185989,grid,,1.85,0.7560340761124371,0.23086403762057384,0.05286026303453847,0.00043794083193526845,3.705244457138362,0.4860910745975792
57,grid_0.9500,grid,0.95,5073617.504669949,grid,,1.85,0.7550300688435159,0.23076244499741239,0.052857447919143936,0.0003938581020398457,3.7062891841491252,0.49086185953118083
57,grid_1.0112,grid,1.0112,8386230.446821927,grid,,1.85,0.7536815653391723,0.2306802604281259,0.05285349490437182,0.00035988764681615937,3.708775975050893,0.49784857262050775
57,grid_1.1500,grid,1.15,,grid,,1.85,0.7506392926759384,0.23057600022701275,0.052840119298134446,0.000325172582552935,3.7120243723093944,0.5218962565514828
57,grid_1.3368,grid,1.3368,,grid,,1.85,0.7463969224066471,0.23057346510923468,0.05280596370597686,0.00035815910650260907,3.706305814232275,0.571884983776885
57,rtp475,rtp,0.12469509132264271,475.0,grid,,1.9,0.7256577313054743,0.24073613974580022,0.05535972032417049,0.0025941686555389643,3.926728887600422,0.5034183145327573
57,grid_0.1645,grid,0.1645,1008.343369575265,grid,,1.9,0.7330220152358103,0.23959739643393155,0.05537047016229151,0.0020364422156270434,3.897512185974956,0.4950795491053157
57,grid_0.2109,grid,0.2109,2239.050764823976,grid,,1.9,0.7401462947236356,0.23882908803520095,0.05537717481046482,0.0016621584812609447,3.86720128982081,0.4894843337216489
57,rtp2500,rtp,0.21860950117697509,2500.0,grid,,1.9,0.7412025402138549,0.23873288370347412,0.05537794848108638,0.0016154412802901197,3.8625831295104693,0.4887970255819087
57,grid_0.2423,grid,0.2423,3541.8871802113695,grid,,1.9,0.7442701587255998,0.23847819567939088,0.05537992871347693,0.001491921101020921,3.849026937396933,0.487005678009897
57,rtp5000,rtp,0.265879092857521,5000.0,grid,,1.9,0.747066088263269,0.23826729461043175,0.05538143110652406,0.0013898725744502238,3.8365064716697193,0.4855508502567695
57,grid_0.2700,grid,0.27,5334.670491999261,grid,,1.9,0.7475333830404121,0.238234512830212,0.05538165542154391,0.0013740276819045327,3.834400735340483,0.4853278433821482
57,grid_0.2850,grid,0.285,6545.652253934677,grid,,1.9,0.7491764468000025,0.23812208641592855,0.05538239285769843,0.0013197351813765135,3.8269630473882246,0.48457909934234045
57,grid_0.3100,grid,0.31,8997.49324410802,grid,,1.9,0.7517219938839559,0.23795351386386382,0.0553833819611749,0.0012384927989851358,3.8153598548181487,0.4834683893806985
57,rtp10000,rtp,0.31944456966013796,10000.0,grid,,1.9,0.7526320863923394,0.23789626343143241,0.05538369262075764,0.0012109395338798512,3.8111920931415053,0.4830971104638002
57,grid_0.3300,grid,0.33,11398.75385176199,grid,,1.9,0.7536257650744703,0.23783771896136544,0.055384006740295276,0.001182773820450178,3.806626920479369,0.4827311581665439
57,grid_0.3434,grid,0.3434,13315.423960905744,grid,,1.9,0.7548327420510921,0.23776620363694237,0.05538435226484651,0.0011484153270774344,3.8010635917913436,0.48228722090515486
57,grid_0.3600,grid,0.36,16415.64489752169,grid,,1.9,0.7562679603097039,0.23768622056624839,0.05538471663547639,0.0011100228115908939,3.794431894300095,0.481802844501384
57,grid_0.3649,grid,0.3649,17429.72232748697,grid,,1.9,0.7566737596931629,0.23766290958211972,0.055384810701211526,0.0010988478898272813,3.792552476906441,0.48166089637952564
57,grid_0.4000,grid,0.4,26190.155202456328,grid,,1.9,0.7594316392875017,0.23751336579577942,0.05538534260684445,0.0010272563247952782,3.7797385891439212,0.48077960865186026
57,grid_0.4500,grid,0.45,44150.81794539096,grid,,1.9,0.7628579692282479,0.23732783956484707,0.055385752645753704,0.0009387507867640865,3.7637206832918513,0.4797513189557843
57,grid_0.4898,grid,0.4898,64289.88586406512,grid,,1.9,0.7652803913756558,0.23720958851730714,0.05538585697662575,0.000882531907924422,3.7523088612673394,0.4792221621098121
57,grid_0.5000,grid,0.5,71843.23453189072,grid,,1.9,0.7658563191301194,0.23718219896926482,0.05538585891061142,0.0008695365972845037,3.749590382112719,0.4791118843482789
57,grid_0.5500,grid,0.55,120081.06789982748,grid,,1.9,0.7684070378928826,0.2370558530102287,0.055385707429397496,0.0008097700170096589,3.7374920456705816,0.4786703029686821
57,grid_0.5971,grid,0.5971,186981.1902647902,grid,,1.9,0.7703832879280698,0.23694540051536464,0.05538532081581081,0.0007578020095757587,3.7279779753843103,0.47846242726120214
57,grid_0.6049,grid,0.6049,200528.58451530393,grid,,1.9,0.7706569826633275,0.2369259774720307,0.05538522607855588,0.0007486927225213158,3.726635652535563,0.4784407070836246
57,grid_0.6500,grid,0.65,295454.9350998506,grid,,1.9,0.7721769220443526,0.2368349868523919,0.0553845627873408,0.0007062482100318457,3.719085692627311,0.47864255133751016
57,grid_0.7139,grid,0.7139,508731.74131494935,grid,,1.9,0.773637969133056,0.2366994200936257,0.05538309879684429,0.0006435166758144151,3.7113379963197626,0.4793243156106838
57,grid_0.7892,grid,0.7892,1140357.4147882971,grid,,1.9,0.7743286028240988,0.23652431965485077,0.05538027128586839,0.0005634825023216328,3.706410792361047,0.4810449171535536
57,grid_0.8000,grid,0.8,1272202.7132197733,grid,,1.9,0.7742992696667126,0.23649549655952698,0.05537971610152988,0.0005504037914073612,3.7062334558330505,0.4814102261858278
57,grid_0.8904,grid,0.8904,3011743.322185989,grid,,1.9,0.7737352453064269,0.23629248754555238,0.05537378458730725,0.00046035508315778184,3.705244457138362,0.4860910745975792
57,grid_0.9500,grid,0.95,5073617.504669949,grid,,1.9,0.772841168742542,0.23617342483800854,0.05536807748721381,0.00040980911250065866,3.7062891841491252,0.49086185953118083
57,grid_1.0112,grid,1.0112,8386230.446821927,grid,,1.9,0.7715673414437741,0.2360665538650775,0.05535982174407967,0.00036759610965386713,3.708775975050893,0.49784857262050775
57,grid_1.1500,grid,1.15,,grid,,1.9,0.7685804488251968,0.23587767338768742,0.05533241492627439,0.0003058618765141574,3.7120243723093944,0.5218962565514828
57,grid_1.3368,grid,1.3368,,grid,,1.9,0.7641429019832732,0.2357114512765466,0.05526931496311403,0.00029057329978177115,3.706305814232275,0.571884983776885
57,rtp475,rtp,0.12469509132264271,475.0,grid,,1.95,0.73731539229655,0.2464032078358778,0.057845229334137785,0.0028693114976729994,3.926728887600422,0.5034183145327573
57,grid_0.1645,grid,0.1645,1008.343369575265,grid,,1.95,0.7456576582973478,0.24517439180164707,0.05786114777352976,0.0022493346217777876,3.897512185974956,0.4950795491053157
57,grid_0.2109,grid,0.2109,2239.050764823976,grid,,1.95,0.7536656247164926,0.2443419577999694,0.057871021424061794,0.001831970917460235,3.86720128982081,0.4894843337216489
57,rtp2500,rtp,0.21860950117697509,2500.0,grid,,1.95,0.7548496798113993,0.24423756012712708,0.05787215651976204,0.001779829257089971,3.8625831295104693,0.4887970255819087
57,grid_0.2423,grid,0.2423,3541.8871802113695,grid,,1.95,0.7582839263833162,0.24396083458645565,0.05787505715802804,0.0016418316540919298,3.849026937396933,0.487005678009897
57,rtp5000,rtp,0.265879092857521,5000.0,grid,,1.95,0.761410518174009,0.24373156389686024,0.05787725322570082,0.001527822013908442,3.8365064716697193,0.4855508502567695
57,grid_0.2700,grid,0.27,5334.670491999261,grid,,1.95,0.7619326110123565,0.24369589503819447,0.05787758080474901,0.0015101084537176845,3.834400735340483,0.4853278433821482
57,grid_0.2850,grid,0.285,6545.652253934677,grid,,1.95,0.7637680726071419,0.24357352544193864,0.05787865365130478,0.0014494086449099441,3.8269630473882246,0.48457909934234045
57,grid_0.3100,grid,0.31,8997.49324410802,grid,,1.95,0.7666119389934463,0.24339018415532598,0.05788008923411564,0.001358692509047854,3.8153598548181487,0.4834683893806985
57,rtp10000,rtp,0.31944456966013796,10000.0,grid,,1.95,0.7676284011391593,0.2433278880761927,0.05788053926211966,0.0013279218535005022,3.8111920931415053,0.4830971104638002
57,grid_0.3300,grid,0.33,11398.75385176199,grid,,1.95,0.7687374343331066,0.24326406035443088,0.057880993847102755,0.0012964092130214322,3.806626920479369,0.4827311581665439
57,grid_0.3434,grid,0.3434,13315.423960905744,grid,,1.95,0.7700852027755565,0.2431861879138556,0.0578814921999923,0.0012580297920807837,3.8010635917913436,0.48228722090515486
57,grid_0.3600,grid,0.36,16415.64489752169,grid,,1.95,0.771687366906453,0.24309897632081623,0.05788201699105032,0.0012150952971784479,3.794431894300095,0.481802844501384
57,grid_0.3649,grid,0.3649,17429.72232748697,grid,,1.95,0.7721407862987592,0.24307360543912387,0.05788215201915142,0.0012026256420234471,3.792552476906441,0.48166089637952564
57,grid_0.4000,grid,0.4,26190.155202456328,grid,,1.95,0.7752218575258916,0.2429107206388723,0.057882914949628196,0.001122703251668078,3.7797385891439212,0.48077960865186026
57,grid_0.4500,grid,0.45,44150.81794539096,grid,,1.95,0.7790586037798091,0.24270891544938886,0.05788348356142388,0.001024134077194705,3.7637206832918513,0.4797513189557843
57,grid_0.4898,grid,0.4898,64289.88586406512,grid,,1.95,0.7817746495166065,0.24257990455648437,0.05788361079426686,0.0009613993003662058,3.7523088612673394,0.4792221621098121
57,grid_0.5000,grid,0.5,71843.23453189072,grid,,1.95,0.7824216129169909,0.2425500000180528,0.05788360769015098,0.0009468948186064363,3.749590382112719,0.4791118843482789
57,grid_0.5500,grid,0.55,120081.06789982748,grid,,1.95,0.7852974405605435,0.24241236134832383,0.05788335546326316,0.0008803974712071616,3.7374920456705816,0.4786703029686821
57,grid_0.5971,grid,0.5971,186981.1902647902,grid,,1.95,0.7875474737650637,0.24229252685347302,0.057882756195693746,0.0008229123733471955,3.7279779753843103,0.47846242726120214
57,grid_0.6049,grid,0.6049,200528.58451530393,grid,,1.95,0.7878632953261674,0.24227160335110426,0.05788261087149406,0.0008129189188207375,3.726635652535563,0.4784407070836246
57,grid_0.6500,grid,0.65,295454.9350998506,grid,,1.95,0.7896161226754226,0.24217267567158737,0.05788157832729599,0.0007660265146398615,3.719085692627311,0.47864255133751016
57,grid_0.7139,grid,0.7139,508731.74131494935,grid,,1.95,0.7913643867642077,0.24202619210966766,0.05787931232990932,0.0006973653371964428,3.7113379963197626,0.4793243156106838
57,grid_0.7892,grid,0.7892,1140357.4147882971,grid,,1.95,0.7923315312165279,0.24183795172277434,0.0578749527158473,0.0006106421776196358,3.706410792361047,0.4810449171535536
57,grid_0.8000,grid,0.8,1272202.7132197733,grid,,1.95,0.7923355057554234,0.24180710978770614,0.05787409922536182,0.000596579118521956,3.7062334558330505,0.4814102261858278
57,grid_0.8904,grid,0.8904,3011743.322185989,grid,,1.95,0.792009258391972,0.24158724570120546,0.057865021966732516,0.0004993753187620964,3.705244457138362,0.4860910745975792
57,grid_0.9500,grid,0.95,5073617.504669949,grid,,1.95,0.791228071591343,0.24145652773542842,0.057856385957604076,0.0004448688284456326,3.7062891841491252,0.49086185953118083
57,grid_1.0112,grid,1.0112,8386230.446821927,grid,,1.95,0.7900316826880028,0.2413336132851584,0.05784377204313377,0.0003981408581366086,3.708775975050893,0.49784857262050775
57,grid_1.1500,grid,1.15,,grid,,1.95,0.7871049870988722,0.24108882664966721,0.05780215427649556,0.00032166805881772564,3.7120243723093944,0.5218962565514828
57,grid_1.3368,grid,1.3368,,grid,,1.95,0.7824749804575994,0.2408204685603193,0.057709753465297095,0.00028474461231464687,3.706305814232275,0.571884983776885
57,rtp475,rtp,0.12469509132264271,475.0,grid,,2.0,0.7493845654805985,0.25194357728284583,0.06031027626881531,0.0031652898652619887,3.926728887600422,0.5034183145327573
57,grid_0.1645,grid,0.1645,1008.343369575265,grid,,2.0,0.7587187657027219,0.2506210530332185,0.06033140315373819,0.002479509069741148,3.897512185974956,0.4950795491053157
57,grid_0.2109,grid,0.2109,2239.050764823976,grid,,2.0,0.767622953767365,0.24972204778456067,0.06034447002742517,0.0020166311222892253,3.86720128982081,0.4894843337216489
57,rtp2500,rtp,0.21860950117697509,2500.0,grid,,2.0,0.7689366297558433,0.24960916965854626,0.06034596929398044,0.001958768283648493,3.8625831295104693,0.4887970255819087
57,grid_0.2423,grid,0.2423,3541.8871802113695,grid,,2.0,0.772742695705777,0.24930967596525708,0.06034979731181873,0.0018055172180827528,3.849026937396933,0.487005678009897
57,rtp5000,rtp,0.265879092857521,5000.0,grid,,2.0,0.7762046350045156,0.24906149280755296,0.06035269229078949,0.001678934908737273,3.8365064716697193,0.4855508502567695
57,grid_0.2700,grid,0.27,5334.670491999261,grid,,2.0,0.7767823021778898,0.24902285860691473,0.060353123912112804,0.0016592601966466392,3.834400735340483,0.4853278433821482
57,grid_0.2850,grid,0.285,6545.652253934677,grid,,2.0,0.7788128887217994,0.24889029659501363,0.060354534681309815,0.0015918450578440435,3.8269630473882246,0.48457909934234045
57,grid_0.3100,grid,0.31,8997.49324410802,grid,,2.0,0.7819593143622977,0.24869187585014332,0.06035642007357812,0.0014912290402849804,3.8153598548181487,0.4834683893806985
57,rtp10000,rtp,0.31944456966013796,10000.0,grid,,2.0,0.7830836598268283,0.2486244457338022,0.060357010505808724,0.001457104510631635,3.8111920931415053,0.4830971104638002
57,grid_0.3300,grid,0.33,11398.75385176199,grid,,2.0,0.7843096868492982,0.24855525257629701,0.06035760659821118,0.0014221069850556267,3.806626920479369,0.4827311581665439
57,grid_0.3434,grid,0.3434,13315.423960905744,grid,,2.0,0.7858002533635128,0.24847094561592376,0.060358258905991814,0.0013795519092795194,3.8010635917913436,0.48228722090515486
57,grid_0.3600,grid,0.36,16415.64489752169,grid,,2.0,0.7875717444065159,0.24837644317964605,0.060358945296575095,0.0013319122299968456,3.794431894300095,0.481802844501384
57,grid_0.3649,grid,0.3649,17429.72232748697,grid,,2.0,0.7880734654548821,0.24834900045666963,0.06035912158614288,0.0013181044416840093,3.792552476906441,0.48166089637952564
57,grid_0.4000,grid,0.4,26190.155202456328,grid,,2.0,0.7914823609205216,0.24817276766205748,0.06036011722468411,0.001229605384361454,3.7797385891439212,0.48077960865186026
57,grid_0.4500,grid,0.45,44150.81794539096,grid,,2.0,0.7957354631955217,0.2479548865700257,0.060360845482886095,0.001120780291068213,3.7637206832918513,0.4797513189557843
57,grid_0.4898,grid,0.4898,64289.88586406512,grid,,2.0,0.798749405534453,0.24781542456875966,0.060360995688572366,0.0010514889656222381,3.7523088612673394,0.4792221621098121
57,grid_0.5000,grid,0.5,71843.23453189072,grid,,2.0,0.799468444486149,0.247783100106973,0.06036098748424506,0.001035477214377134,3.749590382112719,0.4791118843482789
57,grid_0.5500,grid,0.55,120081.06789982748,grid,,2.0,0.8026741898332087,0.24763474967226465,0.060360633625570766,0.0009623356196744037,3.7374920456705816,0.4786703029686821
57,grid_0.5971,grid,0.5971,186981.1902647902,grid,,2.0,0.8052021423228389,0.2475062592397819,0.060359819958913104,0.0008995284039570173,3.7279779753843103,0.47846242726120214
57,grid_0.6049,grid,0.6049,200528.58451530393,grid,,2.0,0.805560741714946,0.2474839777060668,0.0603596236378313,0.000888695583385668,3.726635652535563,0.4784407070836246
57,grid_0.6500,grid,0.65,295454.9350998506,grid,,2.0,0.8075500581698148,0.24737806823508376,0.060358218797343544,0.0008376898463782201,3.719085692627311,0.47864255133751016
57,grid_0.7139,grid,0.7139,508731.74131494935,grid,,2.0,0.8095901876432485,0.2472224689846365,0.06035514422695641,0.0007638049439031569,3.7113379963197626,0.4793243156106838
57,grid_0.7892,grid,0.7892,1140357.4147882971,grid,,2.0,0.8108386912327255,0.24702417424196746,0.060349240023490215,0.0006717026364356782,3.706410792361047,0.4810449171535536
57,grid_0.8000,grid,0.8,1272202.7132197733,grid,,2.0,0.8108766163950498,0.24699188681542142,0.060348085804299574,0.0006569063483423676,3.7062334558330505,0.4814102261858278
57,grid_0.8904,grid,0.8904,3011743.322185989,grid,,2.0,0.8107929575401494,0.24676115448657127,0.06033583739491527,0.000555229968630222,3.705244457138362,0.4860910745975792
57,grid_0.9500,grid,0.95,5073617.504669949,grid,,2.0,0.8101273743442691,0.2466242914711891,0.06032424915937849,0.0004992919842875532,3.7062891841491252,0.49086185953118083
57,grid_1.0112,grid,1.0112,8386230.446821927,grid,,2.0,0.8090109691718753,0.2464935251889042,0.0603072419486635,0.0004518160113894387,3.708775975050893,0.49784857262050775
57,grid_1.1500,grid,1.15,,grid,,2.0,0.8061489968313024,0.246220064130662,0.06025129960146834,0.00037302037903896856,3.7120243723093944,0.5218962565514828
57,grid_1.3368,grid,1.3368,,grid,,2.0,0.8013293912066316,0.24590803847148865,0.06012937577894289,0.00034138760595225914,3.706305814232275,0.571884983776885
57,rtp475,rtp,0.12469509132264271,475.0,structure,3.0,0.3894780765433667,0.3029697023595321,0.22689780697964737,0.05111780123606996,0.0003648135761033511,3.926728887600422,0.5034183145327573
57,grid_0.1645,grid,0.1645,1008.343369575265,structure,3.0,0.3894780765433667,0.3006637348792709,0.2268249381086623,0.05112118215379742,0.00032837039420106906,3.897512185974956,0.4950795491053157
57,grid_0.2109,grid,0.2109,2239.050764823976,structure,3.0,0.3894780765433667,0.298801677966009,0.22676867044633775,0.051123538198094,0.00030049169790573316,3.86720128982081,0.4894843337216489
57,rtp2500,rtp,0.21860950117697509,2500.0,structure,3.0,0.3894780765433667,0.2985445019943849,0.22676114153607504,0.051123829308198386,0.00029678600254547105,3.8625831295104693,0.4887970255819087
57,grid_0.2423,grid,0.2423,3541.8871802113695,structure,3.0,0.3894780765433667,0.29782306412793724,0.22674031370743822,0.05112459558120396,0.0002865742789435327,3.849026937396933,0.487005678009897
57,rtp5000,rtp,0.265879092857521,5000.0,structure,3.0,0.3894780765433667,0.2971855337993398,0.22672219973315946,0.051125198490376,0.00027775736146665175,3.8365064716697193,0.4855508502567695
57,grid_0.2700,grid,0.27,5334.670491999261,structure,3.0,0.3894780765433667,0.2970813418628029,0.22671926554308133,0.05112528993863437,0.00027633542975985526,3.834400735340483,0.4853278433821482
57,grid_0.2850,grid,0.285,6545.652253934677,structure,3.0,0.3894780765433667,0.2967174806781024,0.22670924476854654,0.05112560783666326,0.00027147382686147636,3.8269630473882246,0.48457909934234045
57,grid_0.3100,grid,0.31,8997.49324410802,structure,3.0,0.3894780765433667,0.29615338400764935,0.22669399296275652,0.05112604931726143,0.0002641171281368704,3.8153598548181487,0.4834683893806985
57,rtp10000,rtp,0.31944456966013796,10000.0,structure,3.0,0.3894780765433667,0.2959531287468194,0.22668863606040993,0.05112619192707019,0.0002615457918587888,3.8111920931415053,0.4830971104638002
57,grid_0.3300,grid,0.33,11398.75385176199,structure,3.0,0.3894780765433667,0.2957390235189308,0.22668303196508824,0.0511263382179716,0.00025885876291362186,3.806626920479369,0.4827311581665439
57,grid_0.3434,grid,0.3434,13315.423960905744,structure,3.0,0.3894780765433667,0.29547566762990896,0.2266762539870013,0.0511265070269349,0.0002556170946446251,3.8010635917913436,0.48228722090515486
57,grid_0.3600,grid,0.36,16415.64489752169,structure,3.0,0.3894780765433667,0.2951645446685808,0.22666836820216807,0.05112668852855256,0.00025186061488108313,3.794431894300095,0.481802844501384
57,grid_0.3649,grid,0.3649,17429.72232748697,structure,3.0,0.3894780765433667,0.29507455077822353,0.22666610494458553,0.05112673751448093,0.00025078561626892815,3.792552476906441,0.48166089637952564
57,grid_0.4000,grid,0.4,26190.155202456328,structure,3.0,0.3894780765433667,0.29446502833603627,0.22665119547867116,0.05112701758786562,0.00024374682404518233,3.7797385891439212,0.48077960865186026
57,grid_0.4500,grid,0.45,44150.81794539096,structure,3.0,0.3894780765433667,0.29366554192596966,0.226633478287208,0.05112731653121809,0.00023541694934028912,3.7637206832918513,0.4797513189557843
57,grid_0.4898,grid,0.4898,64289.88586406512,structure,3.0,0.3894780765433667,0.2930882174880753,0.22662222600486576,0.05112746957244436,0.00023016374695609965,3.7523088612673394,0.4792221621098121
57,grid_0.5000,grid,0.5,71843.23453189072,structure,3.0,0.3894780765433667,0.2929453051692522,0.22661957598916693,0.05112749632445729,0.00022893589705251516,3.749590382112719,0.4791118843482789
57,grid_0.5500,grid,0.55,120081.06789982748,structure,3.0,0.3894780765433667,0.2922645676030035,0.22660807294679494,0.05112757136431266,0.00022364736034727328,3.7374920456705816,0.4786703029686821
57,grid_0.5971,grid,0.5971,186981.1902647902,structure,3.0,0.3894780765433667,0.29164555321921287,0.22660055813265964,0.05112756869115847,0.0002202442548743938,3.7279779753843103,0.47846242726120214
57,grid_0.6049,grid,0.6049,200528.58451530393,structure,3.0,0.3894780765433667,0.29154210169906175,0.22659968341870435,0.051127561420809375,0.00021985510464765656,3.726635652535563,0.4784407070836246
57,grid_0.6500,grid,0.65,295454.9350998506,structure,3.0,0.3894780765433667,0.2909786489227013,0.22659640751140644,0.05112758425095082,0.00021834764612455038,3.719085692627311,0.47864255133751016
57,grid_0.7139,grid,0.7139,508731.74131494935,structure,3.0,0.3894780765433667,0.290175868572535,0.22659647079835518,0.05112757814547544,0.00021838243279440062,3.7113379963197626,0.4793243156106838
57,grid_0.7892,grid,0.7892,1140357.4147882971,structure,3.0,0.3894780765433667,0.28922234797781887,0.22660574341526654,0.05112749001557642,0.00022267293320919757,3.706410792361047,0.4810449171535536
57,grid_0.8000,grid,0.8,1272202.7132197733,structure,3.0,0.3894780765433667,0.2890780827157055,0.22660844238843628,0.0511274609923588,0.00022392516935444695,3.7062334558330505,0.4814102261858278
57,grid_0.8904,grid,0.8904,3011743.322185989,structure,3.0,0.3894780765433667,0.2880119935603284,0.2266421567024328,0.05112695413035193,0.00023971306437817197,3.705244457138362,0.4860910745975792
57,grid_0.9500,grid,0.95,5073617.504669949,structure,3.0,0.3894780765433667,0.2873479146537657,0.22667432283940755,0.0511260047344851,0.00025524390021886,3.7062891841491252,0.49086185953118083
57,grid_1.0112,grid,1.0112,8386230.446821927,structure,3.0,0.3894780765433667,0.286603783133185,0.22671655260347284,0.05112521939480561,0.00027517582959765696,3.708775975050893,0.49784857262050775
57,grid_1.1500,grid,1.15,,structure,3.0,0.3894780765433667,0.28519523063860924,0.22687418825164987,0.05112144337110589,0.00035045392373916906,3.7120243723093944,0.5218962565514828
57,grid_1.3368,grid,1.3368,,structure,3.0,0.3894780765433667,0.28423176318526133,0.2272958288350731,0.051096844202622345,0.000566549603200503,3.706305814232275,0.571884983776885
57,rtp475,rtp,0.12469509132264271,475.0,structure,5.0,0.6399671589483028,0.45121785131491327,0.16477686831515223,0.02629343751549247,0.0008579788162565438,3.926728887600422,0.5034183145327573
57,grid_0.1645,grid,0.1645,1008.343369575265,structure,5.0,0.6399671589483028,0.45137526574760795,0.16416224065792104,0.026249289165732714,0.000699952092096473,3.897512185974956,0.4950795491053157
57,grid_0.2109,grid,0.2109,2239.050764823976,structure,5.0,0.6399671589483028,0.4518246045322123,0.1637339666402187,0.02622243386666762,0.000586377965072632,3.86720128982081,0.4894843337216489
57,rtp2500,rtp,0.21860950117697509,2500.0,structure,5.0,0.6399671589483028,0.4519060440114908,0.16367991956091407,0.026219387916199478,0.0005717281512678252,3.8625831295104693,0.4887970255819087
57,grid_0.2423,grid,0.2423,3541.8871802113695,structure,5.0,0.6399671589483028,0.4521630399746674,0.16353545642355802,0.026211649963221017,0.0005321955444404225,3.849026937396933,0.487005678009897
57,rtp5000,rtp,0.265879092857521,5000.0,structure,5.0,0.6399671589483028,0.4524122929213063,0.16341562503921223,0.026205837374589,0.000498829132367401,3.8365064716697193,0.4855508502567695
57,grid_0.2700,grid,0.27,5334.670491999261,structure,5.0,0.6399671589483028,0.45245585693715296,0.1633968573263652,0.02620497337462265,0.0004935596095098915,3.834400735340483,0.4853278433821482
57,grid_0.2850,grid,0.285,6545.652253934677,structure,5.0,0.6399671589483028,0.45261048925650227,0.1633329662426749,0.026202182882048557,0.0004754749795822244,3.8269630473882246,0.48457909934234045
57,grid_0.3100,grid,0.31,8997.49324410802,structure,5.0,0.6399671589483028,0.4528478935745721,0.16323824814626112,0.026198482308651426,0.00044824334920889886,3.8153598548181487,0.4834683893806985
57,rtp10000,rtp,0.31944456966013796,10000.0,structure,5.0,0.6399671589483028,0.45293363780885326,0.16320598977706155,0.02619733083474283,0.0004388642643674834,3.8111920931415053,0.4830971104638002
57,grid_0.3300,grid,0.33,11398.75385176199,structure,5.0,0.6399671589483028,0.45303103252373905,0.16317269681035967,0.026196172251671337,0.0004291567326942247,3.806626920479369,0.4827311581665439
57,grid_0.3434,grid,0.3434,13315.423960905744,structure,5.0,0.6399671589483028,0.45314582879966925,0.1631327628589544,0.02619491894401379,0.00041737937398206304,3.8010635917913436,0.48228722090515486
57,grid_0.3600,grid,0.36,16415.64489752169,structure,5.0,0.6399671589483028,0.45328377940185205,0.16308764714315574,0.026193606684811653,0.0004039739658788233,3.794431894300095,0.481802844501384
57,grid_0.3649,grid,0.3649,17429.72232748697,structure,5.0,0.6399671589483028,0.45332079519973867,0.16307476195004636,0.026193273598222495,0.00040010438684179306,3.792552476906441,0.48166089637952564
57,grid_0.4000,grid,0.4,26190.155202456328,structure,5.0,0.6399671589483028,0.4535730699876928,0.16299212295965101,0.026191398118504627,0.0003750340283893705,3.7797385891439212,0.48077960865186026
57,grid_0.4500,grid,0.45,44150.81794539096,structure,5.0,0.6399671589483028,0.4538435735647173,0.16289419360916496,0.02619019250473219,0.00034432580684792824,3.7637206832918513,0.4797513189557843
57,grid_0.4898,grid,0.4898,64289.88586406512,structure,5.0,0.6399671589483028,0.4540201355883431,0.16283317366201816,0.026190102265838535,0.00032454017900643284,3.7523088612673394,0.4792221621098121
57,grid_0.5000,grid,0.5,71843.23453189072,structure,5.0,0.6399671589483028,0.4540565474686987,0.16281911220916923,0.026190168331265147,0.00031989496931689176,3.749590382112719,0.4791118843482789
57,grid_0.5500,grid,0.55,120081.06789982748,structure,5.0,0.6399671589483028,0.4541706949982335,0.16275753032492493,0.02619113696391098,0.0002988767135578829,3.7374920456705816,0.4786703029686821
57,grid_0.5971,grid,0.5971,186981.1902647902,structure,5.0,0.6399671589483028,0.4541671983583826,0.1627108639719896,0.02619305786399081,0.00028176739052049316,3.7279779753843103,0.47846242726120214
57,grid_0.6049,grid,0.6049,200528.58451530393,structure,5.0,0.6399671589483028,0.45414909673159726,0.1627038299092883,0.026193509707333192,0.0002790265598174302,3.726635652535563,0.4784407070836246
57,grid_0.6500,grid,0.65,295454.9350998506,structure,5.0,0.6399671589483028,0.45405531576589464,0.1626738514103134,0.02619686311805964,0.0002659188146050817,3.719085692627311,0.47864255133751016
57,grid_0.7139,grid,0.7139,508731.74131494935,structure,5.0,0.6399671589483028,0.4537007762490818,0.16264356323256368,0.02620410365683198,0.0002488250041529638,3.7113379963197626,0.4793243156106838
57,grid_0.7892,grid,0.7892,1140357.4147882971,structure,5.0,0.6399671589483028,0.4529457925782076,0.1626320404803989,0.026217877682308127,0.00023130290850997826,3.706410792361047,0.4810449171535536
57,grid_0.8000,grid,0.8,1272202.7132197733,structure,5.0,0.6399671589483028,0.4527891909015871,0.16263290952542298,0.026220550674496582,0.00022891258620783006,3.7062334558330505,0.4814102261858278
57,grid_0.8904,grid,0.8904,3011743.322185989,structure,5.0,0.6399671589483028,0.4514842779787993,0.1626855459103657,0.02624859013605538,0.00021799671209832283,3.705244457138362,0.4860910745975792
57,grid_0.9500,grid,0.95,5073617.504669949,structure,5.0,0.6399671589483028,0.45048127617104566,0.16276008863724453,0.02627434298844887,0.00021650346475482474,3.7062891841491252,0.49086185953118083
57,grid_1.0112,grid,1.0112,8386230.446821927,structure,5.0,0.6399671589483028,0.4492816244150607,0.1628843951823667,0.02631312218500715,0.00021820400891825464,3.708775975050893,0.49784857262050775
57,grid_1.1500,grid,1.15,,structure,5.0,0.6399671589483028,0.44671410962708324,0.16337445093289055,0.026438655061777918,0.0002525561558455458,3.7120243723093944,0.5218962565514828
57,grid_1.3368,grid,1.3368,,structure,5.0,0.6399671589483028,0.44368993536581547,0.16456398375337059,0.026684935062682488,0.0003963696860971311,3.706305814232275,0.571884983776885
