site,level,source,iml,rtp,T1_kind,storeys,T1,ln_saratio_mean,ln_saratio_sigma,var_within,var_between,ln_rsd595_mean,ln_rsd595_sigma
9,rtp475,rtp,0.037323965686928307,475.0,grid,,0.15,0.16083804188510423,0.23109778346049295,0.049420182164265504,0.003986003356087391,2.472852307309208,0.6173130721166286
9,rtp2500,rtp,0.07893828533080166,2500.0,grid,,0.15,0.144036538343569,0.2265388070514619,0.04925179932833555,0.0020680317719639386,2.2189501468816752,0.5400998413141703
9,rtp5000,rtp,0.10469825084886594,5000.0,grid,,0.15,0.1319952994264877,0.225012213380282,0.04909638772473152,0.0015341084455620276,2.153812211093851,0.5161141469363797
9,rtp10000,rtp,0.13573457197867408,10000.0,grid,,0.15,0.11827609845035102,0.22386429069147498,0.048917733971642174,0.0011974866751550354,2.108401331540104,0.5005159692531702
9,grid_0.1645,grid,0.1645,17086.887630361798,grid,,0.15,0.10680836318530214,0.22315694189003107,0.04877053392449478,0.0010284867892159221,2.0818814495650244,0.4925909292469068
9,grid_0.2109,grid,0.2109,38016.34259884634,grid,,0.15,0.09072412073231159,0.2223773050724186,0.04856723766775009,0.0008844281435214426,2.054405673836115,0.48586662653169416
9,grid_0.2423,grid,0.2423,60168.39835225222,grid,,0.15,0.08126203986741368,0.2219919549039736,0.04845000428558872,0.0008304237564991336,2.0416442223023377,0.4834168748869406
9,grid_0.2700,grid,0.27,90491.49965570691,grid,,0.15,0.07368739014869037,0.22170817829159548,0.048356244755708905,0.0007982715656689784,2.032780370523895,0.4820124213644679
9,grid_0.2850,grid,0.285,110952.39189157447,grid,,0.15,0.06984747335864465,0.22157134299393583,0.04830900548702598,0.0007848545491103819,2.0286591944470502,0.4814402307103812
9,grid_0.3100,grid,0.31,152339.71723355792,grid,,0.15,0.06380800839276465,0.22136552559027586,0.04823541143343789,0.0007672844864211855,2.022633083320074,0.48071983182039196
9,grid_0.3300,grid,0.33,192833.76042663888,grid,,0.15,0.059268284141842854,0.2212154879299962,0.04817993418616658,0.0007563579139397117,2.01843250383222,0.48028591935486153
9,grid_0.3434,grid,0.3434,224994.57905754208,grid,,0.15,0.05635662635961368,0.22112167942349603,0.04814457641944724,0.0007502206916201039,2.0158701339087766,0.4800472662731915
9,grid_0.3600,grid,0.36,276084.29674193484,grid,,0.15,0.05288301198100306,0.2210118317418382,0.048102492944559684,0.0007437368253229077,2.0129469784341603,0.4798017663116473
9,grid_0.3649,grid,0.3649,292746.6504194461,grid,,0.15,0.05188473598918531,0.22098037914325008,0.04809031165622247,0.000742016310072089,2.012132247618831,0.47973765351823705
9,grid_0.4000,grid,0.4,435896.9658466642,grid,,0.15,0.04505313902747413,0.22076530534266656,0.04800539882724568,0.0007319212157951139,2.0069005870568626,0.47938088608364854
9,grid_0.4500,grid,0.45,726292.3921593538,grid,,0.15,0.03616905239029727,0.22049063914106667,0.047894040779934234,0.0007220811689018477,2.0008711144778824,0.47909345760002126
9,grid_0.4898,grid,0.4898,1048746.8483918863,grid,,0.15,0.0296948400540966,0.220294034168821,0.04781244157912204,0.0007170199112516394,1.9969992181167642,0.4790168595222193
9,grid_0.5000,grid,0.5,1180378.403820937,grid,,0.15,0.02810902564544787,0.22024540878867235,0.04779210434919181,0.0007159357432975868,1.9961189669135728,0.4790064877299929
9,grid_0.5500,grid,0.55,2039290.7278390124,grid,,0.15,0.020693416576945716,0.2200127775430315,0.04769340638837124,0.0007122158938282221,1.9925344601070898,0.47905814374104083
9,grid_0.5971,grid,0.5971,3267308.5140756126,grid,,0.15,0.014168538413467584,0.21979379522295003,0.047599065025046544,0.0007102473934615474,1.990196550512759,0.47919902912111206
9,grid_0.6049,grid,0.6049,3519858.417591811,grid,,0.15,0.01312355048538052,0.21975540734889148,0.04758246168359772,0.0007099773754795124,1.9899136186678525,0.47922614717009976
9,grid_0.6500,grid,0.65,5317180.27745932,grid,,0.15,0.007233565893839658,0.21952655559345965,0.04748405574908304,0.0007078528616452905,1.9888608128031335,0.4793932404375886
9,grid_0.7139,grid,0.7139,,grid,,0.15,-0.0006170386346035832,0.21922513110137268,0.04735397363350168,0.0007056844729123516,1.9883680205154264,0.479730317790316
9,grid_0.7892,grid,0.7892,,grid,,0.15,-0.00921249941104973,0.2188890865705984,0.0472074420000567,0.0007049902196542243,1.9891890273993764,0.4802176471302153
9,grid_0.8000,grid,0.8,,grid,,0.15,-0.010407305930532122,0.2188412388241717,0.04718675838911247,0.0007047294209856853,1.9894708573294047,0.480296889739238
9,grid_0.8904,grid,0.8904,,grid,,0.15,-0.019859494166335426,0.21846631651941387,0.047024184457493984,0.0007033469960667446,1.992242342185667,0.4808702682586935
9,grid_0.9500,grid,0.95,,grid,,0.15,-0.02590592952668933,0.21816563577119177,0.04690115484682089,0.0006950897846274126,1.9956735085777195,0.4810439985096683
9,grid_1.0112,grid,1.0112,,grid,,0.15,-0.03206241615997188,0.21779710165807828,0.046754690739070064,0.0006808867515892183,2.0009299363071213,0.48098961447780414
9,rtp475,rtp,0.037323965686928307,475.0,grid,,0.2,0.28379451919416154,0.2427658695114188,0.05309821599305337,0.005837051406581847,2.472852307309208,0.6173130721166286
9,rtp2500,rtp,0.07893828533080166,2500.0,grid,,0.2,0.272974146059906,0.23654491524995713,0.05286916127940318,0.0030843356512062214,2.2189501468816752,0.5400998413141703
9,rtp5000,rtp,0.10469825084886594,5000.0,grid,,0.2,0.2627706175468548,0.23440718479864825,0.05266153546203408,0.0022851928231935464,2.153812211093851,0.5161141469363797
9,rtp10000,rtp,0.13573457197867408,10000.0,grid,,0.2,0.25043505190161286,0.23281340624521774,0.05242411500657527,0.0017779671209255249,2.108401331540104,0.5005159692531702
9,grid_0.1645,grid,0.1645,17086.887630361798,grid,,0.2,0.23981743785633264,0.2318483734187008,0.05222912060056699,0.0015245476563303384,2.0818814495650244,0.4925909292469068
9,grid_0.2109,grid,0.2109,38016.34259884634,grid,,0.2,0.22463441038096077,0.23080994768436522,0.05196049093205187,0.0013127410180075322,2.054405673836115,0.48586662653169416
9,grid_0.2423,grid,0.2423,60168.39835225222,grid,,0.2,0.21559133917269177,0.23030945704664887,0.05180585905597536,0.0012365869491468492,2.0416442223023377,0.4834168748869406
9,grid_0.2700,grid,0.27,90491.49965570691,grid,,0.2,0.2083000259432982,0.22994643503672277,0.051682292473519346,0.0011930705125784216,2.032780370523895,0.4820124213644679
9,grid_0.2850,grid,0.285,110952.39189157447,grid,,0.2,0.2045899089730398,0.22977269531111041,0.051620069123641234,0.0011754223868911534,2.0286591944470502,0.4814402307103812
9,grid_0.3100,grid,0.31,152339.71723355792,grid,,0.2,0.19873732238170694,0.2295138154095094,0.05152317440978668,0.0011534170540436761,2.022633083320074,0.48071983182039196
9,grid_0.3300,grid,0.33,192833.76042663888,grid,,0.2,0.19432345871011372,0.22932619660012266,0.05145015396017835,0.001140350486899755,2.01843250383222,0.48028591935486153
9,grid_0.3434,grid,0.3434,224994.57905754208,grid,,0.2,0.19148801107828015,0.22920908150430977,0.051403629793111874,0.0011331732509374387,2.0158701339087766,0.4800472662731915
9,grid_0.3600,grid,0.36,276084.29674193484,grid,,0.2,0.18809970366237933,0.22907228084494077,0.05134826989168957,0.00112583995981385,2.0129469784341603,0.4798017663116473
9,grid_0.3649,grid,0.3649,292746.6504194461,grid,,0.2,0.18712447172721083,0.22903313592769148,0.05133224695496305,0.0011239303979093465,2.012132247618831,0.47973765351823705
9,grid_0.4000,grid,0.4,435896.9658466642,grid,,0.2,0.18043094925327957,0.2287652826089316,0.05122055892546053,0.0011129956016838194,2.0069005870568626,0.47938088608364854
9,grid_0.4500,grid,0.45,726292.3921593538,grid,,0.2,0.1716931127857778,0.22842345994053134,0.051074148908513375,0.0011031281426901497,2.0008711144778824,0.47909345760002126
9,grid_0.4898,grid,0.4898,1048746.8483918863,grid,,0.2,0.16530501205052772,0.22818149860418296,0.050966930911336694,0.0010998653939140526,1.9969992181167642,0.4790168595222193
9,grid_0.5000,grid,0.5,1180378.403820937,grid,,0.2,0.16373725549042892,0.22812140302215075,0.05094021488339669,0.001099159633397847,1.9961189669135728,0.4790064877299929
9,grid_0.5500,grid,0.55,2039290.7278390124,grid,,0.2,0.15637949520508712,0.22783373123093542,0.050810592928806936,0.0010976161578031864,1.9925344601070898,0.47905814374104083
9,grid_0.5971,grid,0.5971,3267308.5140756126,grid,,0.2,0.14986208635676965,0.22756152063759905,0.05068673847541319,0.0010975071994832261,1.990196550512759,0.47919902912111206
9,grid_0.6049,grid,0.6049,3519858.417591811,grid,,0.2,0.14881146438887197,0.22751338025594833,0.0506649372565196,0.0010974009389681447,1.9899136186678525,0.47922614717009976
9,grid_0.6500,grid,0.65,5317180.27745932,grid,,0.2,0.14286448509533967,0.2272231583365201,0.050535711008848225,0.0010946526755750523,1.9888608128031335,0.4793932404375886
9,grid_0.7139,grid,0.7139,,grid,,0.2,0.1349345783900689,0.2268480623115443,0.0503653087314106,0.0010947346430916806,1.9883680205154264,0.479730317790316
9,grid_0.7892,grid,0.7892,,grid,,0.2,0.12620241858185224,0.22642502116104818,0.05017340797100695,0.0010948822367741647,1.9891890273993764,0.4802176471302153
9,grid_0.8000,grid,0.8,,grid,,0.2,0.1249842622333442,0.22636393821005538,0.05014631534073529,0.001094317181230476,1.9894708573294047,0.480296889739238
9,grid_0.8904,grid,0.8904,,grid,,0.2,0.11531274092179082,0.22586753535022366,0.04993293987849156,0.001083203646692973,1.992242342185667,0.4808702682586935
9,grid_0.9500,grid,0.95,,grid,,0.2,0.10903586145435228,0.22544428034533934,0.04977093298943468,0.001054190550993284,1.9956735085777195,0.4810439985096683
9,grid_1.0112,grid,1.0112,,grid,,0.2,0.1025383922563173,0.22490571894262254,0.04957782942447879,0.0010047529886191287,2.0009299363071213,0.48098961447780414
9,rtp475,rtp,0.037323965686928307,475.0,grid,,0.25,0.3482195952341145,0.25159859708367976,0.057209347528483806,0.006092506525992025,2.472852307309208,0.6173130721166286
9,rtp2500,rtp,0.07893828533080166,2500.0,grid,,0.25,0.34262920918085943,0.2448962691486037,0.056973299603563454,0.0030008830393419006,2.2189501468816752,0.5400998413141703
9,rtp5000,rtp,0.10469825084886594,5000.0,grid,,0.25,0.33446481438363523,0.24266887188700934,0.05675922628526686,0.0021289550976468924,2.153812211093851,0.5161141469363797
9,rtp10000,rtp,0.13573457197867408,10000.0,grid,,0.25,0.3240752915542439,0.24102216883734456,0.05651427087764929,0.0015774149934081327,2.108401331540104,0.5005159692531702
9,grid_0.1645,grid,0.1645,17086.887630361798,grid,,0.25,0.31494947548654567,0.24002743199615692,0.05631299294587141,0.0013001751647983284,2.0818814495650244,0.4925909292469068
9,grid_0.2109,grid,0.2109,38016.34259884634,grid,,0.25,0.3017575003647282,0.2389544303294598,0.05603557978950668,0.0010636399845699723,2.054405673836115,0.48586662653169416
9,grid_0.2423,grid,0.2423,60168.39835225222,grid,,0.25,0.2938568250039328,0.23843497388015783,0.05587583758378524,0.0009753991854463129,2.0416442223023377,0.4834168748869406
9,grid_0.2700,grid,0.27,90491.49965570691,grid,,0.25,0.2874699305205451,0.2380565759230337,0.05574816415318509,0.0009227691870140192,2.032780370523895,0.4820124213644679
9,grid_0.2850,grid,0.285,110952.39189157447,grid,,0.25,0.28421659742883404,0.2378749259484057,0.0556838654205141,0.0009006149744453934,2.0286591944470502,0.4814402307103812
9,grid_0.3100,grid,0.31,152339.71723355792,grid,,0.25,0.27908094693338276,0.23760368433928172,0.055583731329937616,0.0008717794816634206,2.022633083320074,0.48071983182039196
9,grid_0.3300,grid,0.33,192833.76042663888,grid,,0.25,0.2752059261566279,0.23740665009587494,0.055508266701253285,0.0008536508084919098,2.01843250383222,0.48028591935486153
9,grid_0.3434,grid,0.3434,224994.57905754208,grid,,0.25,0.27271640318553014,0.2372834370519055,0.055460182151077037,0.0008432473480885633,2.0158701339087766,0.4800472662731915
9,grid_0.3600,grid,0.36,276084.29674193484,grid,,0.25,0.26974063272222604,0.23713922552755515,0.055402961748601584,0.000832050535207074,2.0129469784341603,0.4798017663116473
9,grid_0.3649,grid,0.3649,292746.6504194461,grid,,0.25,0.26888401500618575,0.2370978998510681,0.05538639990995222,0.0008290142038348963,2.012132247618831,0.47973765351823705
9,grid_0.4000,grid,0.4,435896.9658466642,grid,,0.25,0.2630028724758348,0.2368147159950155,0.05527095344123108,0.000810256270568771,2.0069005870568626,0.47938088608364854
9,grid_0.4500,grid,0.45,726292.3921593538,grid,,0.25,0.25532845471800986,0.23645290895983048,0.05511960339859895,0.00079037475696693,2.0008711144778824,0.47909345760002126
9,grid_0.4898,grid,0.4898,1048746.8483918863,grid,,0.25,0.24972800590605224,0.23619748071182364,0.05500876182624045,0.0007804880683718526,1.9969992181167642,0.4790168595222193
9,grid_0.5000,grid,0.5,1180378.403820937,grid,,0.25,0.24835498333172712,0.23613408170735822,0.054981141078059376,0.0007781634657179556,1.9961189669135728,0.4790064877299929
9,grid_0.5500,grid,0.55,2039290.7278390124,grid,,0.25,0.24191959593260678,0.23583120551053374,0.054847120017744166,0.0007692374748074285,1.9925344601070898,0.47905814374104083
9,grid_0.5971,grid,0.5971,3267308.5140756126,grid,,0.25,0.23623630888129551,0.23554651531653253,0.054719048799916424,0.000763112077845067,1.990196550512759,0.47919902912111206
9,grid_0.6049,grid,0.6049,3519858.417591811,grid,,0.25,0.23532241513095548,0.2354965163660307,0.05469650642772611,0.0007621027928100543,1.9899136186678525,0.47922614717009976
9,grid_0.6500,grid,0.65,5317180.27745932,grid,,0.25,0.23015553935781327,0.2351973951364905,0.054562890886968585,0.0007549237920218554,1.9888608128031335,0.4793932404375886
9,grid_0.7139,grid,0.7139,,grid,,0.25,0.2233087550134525,0.2348126050242216,0.05438657837208744,0.0007503811061736546,1.9883680205154264,0.479730317790316
9,grid_0.7892,grid,0.7892,,grid,,0.25,0.2158001030198315,0.23437936905611018,0.05418800764610515,0.0007456809930351388,1.9891890273993764,0.4802176471302153
9,grid_0.8000,grid,0.8,,grid,,0.25,0.21475456575248889,0.23431729532382206,0.054159974832380775,0.0007446200554904747,1.9894708573294047,0.480296889739238
9,grid_0.8904,grid,0.8904,,grid,,0.25,0.20644794301764982,0.2338126550232183,0.05393931905311857,0.0007290385958879167,1.992242342185667,0.4808702682586935
9,grid_0.9500,grid,0.95,,grid,,0.25,0.2010803712621068,0.23339615556020726,0.05377193910341605,0.0007018263268684169,1.9956735085777195,0.4810439985096683
9,grid_1.0112,grid,1.0112,,grid,,0.25,0.19553650224136074,0.23287280768397073,0.05357250011557731,0.0006572444430383156,2.0009299363071213,0.48098961447780414
9,rtp475,rtp,0.037323965686928307,475.0,grid,,0.3,0.36458302748276894,0.24841804095833106,0.05380212733649467,0.007909395737080382,2.472852307309208,0.6173130721166286
9,rtp2500,rtp,0.07893828533080166,2500.0,grid,,0.3,0.3631043392695828,0.24050404683315962,0.05357710397816923,0.004265092564957412,2.2189501468816752,0.5400998413141703
9,rtp5000,rtp,0.10469825084886594,5000.0,grid,,0.3,0.3560729417557941,0.23772730969666955,0.05337388523824174,0.0031403885373745,2.153812211093851,0.5161141469363797
9,rtp10000,rtp,0.13573457197867408,10000.0,grid,,0.3,0.34633382598634715,0.23568598531046836,0.05314148044818329,0.0024064032235830146,2.108401331540104,0.5005159692531702
9,grid_0.1645,grid,0.1645,17086.887630361798,grid,,0.3,0.33745206671522593,0.23448042167446106,0.05295056282145999,0.002030505327173082,2.0818814495650244,0.4925909292469068
9,grid_0.2109,grid,0.2109,38016.34259884634,grid,,0.3,0.3243065882031401,0.2332277440261117,0.05268744939626889,0.001707731187240602,2.054405673836115,0.48586662653169416
9,grid_0.2423,grid,0.2423,60168.39835225222,grid,,0.3,0.3163167602909399,0.232646030779885,0.05253594728599822,0.0015882283516369805,2.0416442223023377,0.4834168748869406
9,grid_0.2700,grid,0.27,90491.49965570691,grid,,0.3,0.30980706105110783,0.23223472295543485,0.05241485817441316,0.001518108371774421,2.032780370523895,0.4820124213644679
9,grid_0.2850,grid,0.285,110952.39189157447,grid,,0.3,0.3064766897671883,0.23204079635846475,0.05235387524898824,0.00148905592568227,2.0286591944470502,0.4814402307103812
9,grid_0.3100,grid,0.31,152339.71723355792,grid,,0.3,0.30120129887915265,0.2317561835533636,0.052258907001758226,0.00145202161346214,2.022633083320074,0.48071983182039196
9,grid_0.3300,grid,0.33,192833.76042663888,grid,,0.3,0.2972065496025177,0.23155270543132878,0.05218733759197594,0.0014293178005917728,2.01843250383222,0.48028591935486153
9,grid_0.3434,grid,0.3434,224994.57905754208,grid,,0.3,0.2946347195399018,0.23142660934839485,0.0521417349954828,0.001416540519011758,2.0158701339087766,0.4800472662731915
9,grid_0.3600,grid,0.36,276084.29674193484,grid,,0.3,0.2915550080034417,0.23128025144263806,0.05208746711260502,0.0014030875947648597,2.0129469784341603,0.4798017663116473
9,grid_0.3649,grid,0.3649,292746.6504194461,grid,,0.3,0.29066726218722966,0.23123851000153348,0.052071759672514185,0.0013994888352151097,2.012132247618831,0.47973765351823705
9,grid_0.4000,grid,0.4,435896.9658466642,grid,,0.3,0.2845562839393959,0.23095474132343674,0.05196226740949911,0.0013778251302764694,2.0069005870568626,0.47938088608364854
9,grid_0.4500,grid,0.45,726292.3921593538,grid,,0.3,0.2765470891496788,0.23059689455761162,0.05181872341448323,0.0013562043651310224,2.0008711144778824,0.47909345760002126
9,grid_0.4898,grid,0.4898,1048746.8483918863,grid,,0.3,0.2706762876098383,0.23034906105270206,0.051713609027129015,0.0013470809007324475,1.9969992181167642,0.4790168595222193
9,grid_0.5000,grid,0.5,1180378.403820937,grid,,0.3,0.2692335885394343,0.23028757896135524,0.051687414838278815,0.0013449541856036112,1.9961189669135728,0.4790064877299929
9,grid_0.5500,grid,0.55,2039290.7278390124,grid,,0.3,0.262444706928054,0.22999623855446483,0.05156031254831851,0.0013379572008837826,1.9925344601070898,0.47905814374104083
9,grid_0.5971,grid,0.5971,3267308.5140756126,grid,,0.3,0.25640506349324205,0.2297236454859881,0.05143884850973986,0.001334104785632076,1.990196550512759,0.47919902912111206
9,grid_0.6049,grid,0.6049,3519858.417591811,grid,,0.3,0.2554280251921433,0.22967551404355843,0.05141746946512421,0.0013333722860486008,1.9899136186678525,0.47922614717009976
9,grid_0.6500,grid,0.65,5317180.27745932,grid,,0.3,0.24987947678989483,0.2293845364467061,0.05129075058936447,0.0013265149715057586,1.9888608128031335,0.4793932404375886
9,grid_0.7139,grid,0.7139,,grid,,0.3,0.2424862547923934,0.2290157213029766,0.051123497860177565,0.0013247027437450834,1.9883680205154264,0.479730317790316
9,grid_0.7892,grid,0.7892,,grid,,0.3,0.2343230239528774,0.22859961943719248,0.05093512579667546,0.0013226602101537727,1.9891890273993764,0.4802176471302153
9,grid_0.8000,grid,0.8,,grid,,0.3,0.23318089176033344,0.22853938074375926,0.05090853323493052,0.0013217153158104483,1.9894708573294047,0.480296889739238
9,grid_0.8904,grid,0.8904,,grid,,0.3,0.22409669973158994,0.22803767419513254,0.050699255468503714,0.001301925383821706,1.992242342185667,0.4808702682586935
9,grid_0.9500,grid,0.95,,grid,,0.3,0.21815374675574337,0.22759418407771181,0.05054055795590969,0.0012585546700896733,1.9956735085777195,0.4810439985096683
9,grid_1.0112,grid,1.0112,,grid,,0.3,0.21194022434419046,0.22701639304980442,0.05035148734939284,0.0011849553639504476,2.0009299363071213,0.48098961447780414
9,rtp475,rtp,0.037323965686928307,475.0,grid,,0.35,0.37262169905218784,0.2425442838164395,0.051446581101911915,0.007381148510117647,2.472852307309208,0.6173130721166286
9,rtp2500,rtp,0.07893828533080166,2500.0,grid,,0.35,0.37102056223155216,0.23482008803448565,0.051227633928759994,0.003912839815763597,2.2189501468816752,0.5400998413141703
9,rtp5000,rtp,0.10469825084886594,5000.0,grid,,0.35,0.36422342552205084,0.23211979757179685,0.051030231393015414,0.0028493690317565323,2.153812211093851,0.5161141469363797
9,rtp10000,rtp,0.13573457197867408,10000.0,grid,,0.35,0.3548461550170552,0.23013149807976685,0.05080453090325458,0.0021559755051831497,2.108401331540104,0.5005159692531702
9,grid_0.1645,grid,0.1645,17086.887630361798,grid,,0.35,0.3463082399324587,0.22895445067689602,0.05061914070756614,0.0018009997771930714,2.0818814495650244,0.4925909292469068
9,grid_0.2109,grid,0.2109,38016.34259884634,grid,,0.35,0.33367853613046394,0.22772607440285303,0.05036365506336002,0.001495509899573741,2.054405673836115,0.48586662653169416
9,grid_0.2423,grid,0.2423,60168.39835225222,grid,,0.35,0.3260046423383352,0.22715324146825305,0.05021654830447802,0.0013820468050564638,2.0416442223023377,0.4834168748869406
9,grid_0.2700,grid,0.27,90491.49965570691,grid,,0.35,0.31975116486571625,0.22674627498575978,0.05009897202442004,0.0013149011954977502,2.032780370523895,0.4820124213644679
9,grid_0.2850,grid,0.285,110952.39189157447,grid,,0.35,0.3165520276239906,0.22655393336551108,0.05003975829274748,0.0012869264306369504,2.0286591944470502,0.4814402307103812
9,grid_0.3100,grid,0.31,152339.71723355792,grid,,0.35,0.3114852268181802,0.22627154502243452,0.04994754612064949,0.0012512659661901154,2.022633083320074,0.48071983182039196
9,grid_0.3300,grid,0.33,192833.76042663888,grid,,0.35,0.3076487447986533,0.22606946493262708,0.04987805456920627,0.0012293484057180337,2.01843250383222,0.48028591935486153
9,grid_0.3434,grid,0.3434,224994.57905754208,grid,,0.35,0.3051792738004373,0.22594411335968861,0.0498337759956231,0.0012169663662727204,2.0158701339087766,0.4800472662731915
9,grid_0.3600,grid,0.36,276084.29674193484,grid,,0.35,0.302222052802629,0.22579837774219047,0.04978108340847548,0.0012038239825294533,2.0129469784341603,0.4798017663116473
9,grid_0.3649,grid,0.3649,292746.6504194461,grid,,0.35,0.3013695407260912,0.22575673474370522,0.049765831865683695,0.0012002714164559836,2.012132247618831,0.47973765351823705
9,grid_0.4000,grid,0.4,435896.9658466642,grid,,0.35,0.2955001983372644,0.22547256732157664,0.049659517001843116,0.0011783616127397922,2.0069005870568626,0.47938088608364854
9,grid_0.4500,grid,0.45,726292.3921593538,grid,,0.35,0.2878112825667491,0.2251132876250663,0.04952013883371894,0.0011558534316468833,2.0008711144778824,0.47909345760002126
9,grid_0.4898,grid,0.4898,1048746.8483918863,grid,,0.35,0.2821840827170573,0.22486627561943215,0.049418079091317645,0.0011467628196367846,1.9969992181167642,0.4790168595222193
9,grid_0.5000,grid,0.5,1180378.403820937,grid,,0.35,0.2808021421704176,0.2248049153736272,0.049392645911265715,0.0011446040648779715,1.9961189669135728,0.4790064877299929
9,grid_0.5500,grid,0.55,2039290.7278390124,grid,,0.35,0.2743058792806313,0.22451350770583672,0.0492692352298154,0.001137079912563413,1.9925344601070898,0.47905814374104083
9,grid_0.5971,grid,0.5971,3267308.5140756126,grid,,0.35,0.26853858928971275,0.2242405359263228,0.049151297582094695,0.0011325203704297682,1.990196550512759,0.47919902912111206
9,grid_0.6049,grid,0.6049,3519858.417591811,grid,,0.35,0.26760680660392766,0.22419231022773356,0.049130539344667566,0.0011316526205807642,1.9899136186678525,0.47922614717009976
9,grid_0.6500,grid,0.65,5317180.27745932,grid,,0.35,0.26232014814385546,0.22390035700845587,0.04900750056053597,0.0011238693079780315,1.9888608128031335,0.4793932404375886
9,grid_0.7139,grid,0.7139,,grid,,0.35,0.2553121895946777,0.2235334160201681,0.04884509166001299,0.0011220964176325565,1.9883680205154264,0.479730317790316
9,grid_0.7892,grid,0.7892,,grid,,0.35,0.24759999668852306,0.22311717566487987,0.048662173437062,0.001119100639610869,1.9891890273993764,0.4802176471302153
9,grid_0.8000,grid,0.8,,grid,,0.35,0.24652342505773595,0.22305662220213407,0.04863635095081179,0.00111790575741378,1.9894708573294047,0.480296889739238
9,grid_0.8904,grid,0.8904,,grid,,0.35,0.23795472220625663,0.22254655317743144,0.04843314711736188,0.0010938212137934361,1.992242342185667,0.4808702682586935
9,grid_0.9500,grid,0.95,,grid,,0.35,0.23236184334068857,0.2220953171957985,0.04827907255229674,0.001047257368005608,1.9956735085777195,0.4810439985096683
9,grid_1.0112,grid,1.0112,,grid,,0.35,0.22651899608953716,0.2215047449851329,0.04809551724856518,0.0009688348023635801,2.0009299363071213,0.48098961447780414
9,rtp475,rtp,0.037323965686928307,475.0,grid,,0.4,0.3754309422926267,0.2467463798136475,0.051851634626333395,0.009032141324807397,2.472852307309208,0.6173130721166286
9,rtp2500,rtp,0.07893828533080166,2500.0,grid,,0.4,0.375459857725803,0.23802721471697694,0.05165217562323714,0.005004779322684699,2.2189501468816752,0.5400998413141703
9,rtp5000,rtp,0.10469825084886594,5000.0,grid,,0.4,0.36903063584362605,0.23503585146270214,0.051471934030581916,0.00376991744221547,2.153812211093851,0.5161141469363797
9,rtp10000,rtp,0.13573457197867408,10000.0,grid,,0.4,0.35981991038958544,0.2328875736034713,0.05126558467041061,0.0029710372685016473,2.108401331540104,0.5005159692531702
9,grid_0.1645,grid,0.1645,17086.887630361798,grid,,0.4,0.35130278947258453,0.23165569367903582,0.051095939940958825,0.0025684204729564536,2.0818814495650244,0.4925909292469068
9,grid_0.2109,grid,0.2109,38016.34259884634,grid,,0.4,0.338581122626112,0.23042376172364568,0.05086196612668047,0.002233143840194962,2.054405673836115,0.48586662653169416
9,grid_0.2423,grid,0.2423,60168.39835225222,grid,,0.4,0.3308007117334561,0.22987601132626512,0.05072716678809073,0.002115813795182442,2.0416442223023377,0.4834168748869406
9,grid_0.2700,grid,0.27,90491.49965570691,grid,,0.4,0.32443628733498064,0.22949978237573332,0.05061939484676021,0.0020507552637487464,2.032780370523895,0.4820124213644679
9,grid_0.2850,grid,0.285,110952.39189157447,grid,,0.4,0.32117301913311724,0.229325587132224,0.05056510841157724,0.002025116501962021,2.0286591944470502,0.4814402307103812
9,grid_0.3100,grid,0.31,152339.71723355792,grid,,0.4,0.3159944972409471,0.2290747250230725,0.050480558003331046,0.001994671641065232,2.022633083320074,0.48071983182039196
9,grid_0.3300,grid,0.33,192833.76042663888,grid,,0.4,0.3120637250938005,0.22889807733507767,0.050416835546505584,0.001977494261189608,2.01843250383222,0.48028591935486153
9,grid_0.3434,grid,0.3434,224994.57905754208,grid,,0.4,0.30953005451373833,0.22878970351386632,0.05037622851761132,0.001968499916351535,2.0158701339087766,0.4800472662731915
9,grid_0.3600,grid,0.36,276084.29674193484,grid,,0.4,0.3064925744422353,0.22866492386173676,0.05032790009670575,0.001959747307988119,2.0129469784341603,0.4798017663116473
9,grid_0.3649,grid,0.3649,292746.6504194461,grid,,0.4,0.3056159382270899,0.22862943660078736,0.05031391120100669,0.0019575080793867577,2.012132247618831,0.47973765351823705
9,grid_0.4000,grid,0.4,435896.9658466642,grid,,0.4,0.2995673040767473,0.2283888117286168,0.050216395523317775,0.0019450537994917944,2.0069005870568626,0.47938088608364854
9,grid_0.4500,grid,0.45,726292.3921593538,grid,,0.4,0.2916112940623652,0.22808841711170258,0.050088534319012924,0.001935791701509093,2.0008711144778824,0.47909345760002126
9,grid_0.4898,grid,0.4898,1048746.8483918863,grid,,0.4,0.2857541369114486,0.22788488799412293,0.049994896302065876,0.0019366258740280834,1.9969992181167642,0.4790168595222193
9,grid_0.5000,grid,0.5,1180378.403820937,grid,,0.4,0.2843109285758201,0.2278341974323749,0.0499715594126901,0.0019368621069642822,1.9961189669135728,0.4790064877299929
9,grid_0.5500,grid,0.55,2039290.7278390124,grid,,0.4,0.2774896818244617,0.2275940964858366,0.04985830811192939,0.0019407646432749032,1.9925344601070898,0.47905814374104083
9,grid_0.5971,grid,0.5971,3267308.5140756126,grid,,0.4,0.27136898761692185,0.2273659739503801,0.04975006168899936,0.0019452244214055586,1.990196550512759,0.47919902912111206
9,grid_0.6049,grid,0.6049,3519858.417591811,grid,,0.4,0.2703709984844384,0.22732460842830615,0.04973101065676487,0.0019454669403178443,1.9899136186678525,0.47922614717009976
9,grid_0.6500,grid,0.65,5317180.27745932,grid,,0.4,0.26467683528457553,0.22706854186344017,0.04961809592867019,0.0019420267753186837,1.9888608128031335,0.4793932404375886
9,grid_0.7139,grid,0.7139,,grid,,0.4,0.25704347813245804,0.2267502623255055,0.049468889378850425,0.0019467920858351334,1.9883680205154264,0.479730317790316
9,grid_0.7892,grid,0.7892,,grid,,0.4,0.24854046100890917,0.22638433302267305,0.049300821898352803,0.0019490443397677318,1.9891890273993764,0.4802176471302153
9,grid_0.8000,grid,0.8,,grid,,0.4,0.2473450416879279,0.22633028271723665,0.04927709780980361,0.0019482990650606588,1.9894708573294047,0.480296889739238
9,grid_0.8904,grid,0.8904,,grid,,0.4,0.2378128750422593,0.22585998347444486,0.04909057041039431,0.0019221617246822018,1.992242342185667,0.4808702682586935
9,grid_0.9500,grid,0.95,,grid,,0.4,0.23148248829260862,0.225401911550682,0.048949344212232695,0.0018566775184687828,1.9956735085777195,0.4810439985096683
9,grid_1.0112,grid,1.0112,,grid,,0.4,0.22476765648042385,0.22477429010796698,0.04878118663542728,0.0017422948581132316,2.0009299363071213,0.48098961447780414
9,rtp475,rtp,0.037323965686928307,475.0,grid,,0.45,0.37743787113625793,0.24961411687733576,0.05173457687040819,0.010572630474044054,2.472852307309208,0.6173130721166286
9,rtp2500,rtp,0.07893828533080166,2500.0,grid,,0.45,0.3809520314417219,0.2402349027697155,0.05154555962353969,0.006167248885234983,2.2189501468816752,0.5400998413141703
9,rtp5000,rtp,0.10469825084886594,5000.0,grid,,0.45,0.3757681840412339,0.23697482807673045,0.05137544753857121,0.0047816216034247405,2.153812211093851,0.5161141469363797
9,rtp10000,rtp,0.13573457197867408,10000.0,grid,,0.45,0.36758097716584454,0.23464854249487688,0.05118078613752802,0.0038791523574420173,2.108401331540104,0.5005159692531702
9,grid_0.1645,grid,0.1645,17086.887630361798,grid,,0.45,0.35973916676784023,0.2333360129941264,0.0510207800370245,0.0034249149229706177,2.0818814495650244,0.4925909292469068
9,grid_0.2109,grid,0.2109,38016.34259884634,grid,,0.45,0.34778442161563594,0.23205920303454008,0.05080010388493905,0.0030513698280868473,2.054405673836115,0.48586662653169416
9,grid_0.2423,grid,0.2423,60168.39835225222,grid,,0.45,0.3403826984517183,0.23151208676555748,0.05067296509831292,0.0029248812202301022,2.0416442223023377,0.4834168748869406
9,grid_0.2700,grid,0.27,90491.49965570691,grid,,0.45,0.3342869073436221,0.23114654966649484,0.05057131412431665,0.0028574132984087175,2.032780370523895,0.4820124213644679
9,grid_0.2850,grid,0.285,110952.39189157447,grid,,0.45,0.3311497764936593,0.2309805065239888,0.0505201100273023,0.00283188436677613,2.0286591944470502,0.4814402307103812
9,grid_0.3100,grid,0.31,152339.71723355792,grid,,0.45,0.32615718781342756,0.2307463566030292,0.050440361235797856,0.0028035198497744634,2.022633083320074,0.48071983182039196
9,grid_0.3300,grid,0.33,192833.76042663888,grid,,0.45,0.32235499352426034,0.2305844572653198,0.05038025897018634,0.002788932962155752,2.01843250383222,0.48028591935486153
9,grid_0.3434,grid,0.3434,224994.57905754208,grid,,0.45,0.31989965207984195,0.23048635774166965,0.05034195859001114,0.0027820025150097766,2.0158701339087766,0.4800472662731915
9,grid_0.3600,grid,0.36,276084.29674193484,grid,,0.45,0.3169512354918004,0.23037458031460348,0.050296374219018065,0.0027760730361116176,2.0129469784341603,0.4798017663116473
9,grid_0.3649,grid,0.3649,292746.6504194461,grid,,0.45,0.316099072335371,0.23034292004882922,0.050283179413163695,0.0027746814034576434,2.012132247618831,0.47973765351823705
9,grid_0.4000,grid,0.4,435896.9658466642,grid,,0.45,0.31020252559730904,0.23012908592132855,0.05019119784068449,0.0027681983463017368,2.0069005870568626,0.47938088608364854
9,grid_0.4500,grid,0.45,726292.3921593538,grid,,0.45,0.30241129296594316,0.22986583845627032,0.05007059163267883,0.0027677120565253316,2.0008711144778824,0.47909345760002126
9,grid_0.4898,grid,0.4898,1048746.8483918863,grid,,0.45,0.29664778265369735,0.2296925924074375,0.049982274766454914,0.0027764122403943076,1.9969992181167642,0.4790168595222193
9,grid_0.5000,grid,0.5,1180378.403820937,grid,,0.45,0.29522345424072494,0.22964924877417642,0.049960263352830894,0.002778514109712679,1.9961189669135728,0.4790064877299929
9,grid_0.5500,grid,0.55,2039290.7278390124,grid,,0.45,0.28845927266164717,0.22944419316408862,0.049853440854629914,0.002791196922089692,1.9925344601070898,0.47905814374104083
9,grid_0.5971,grid,0.5971,3267308.5140756126,grid,,0.45,0.2823351197950972,0.22924563620094382,0.0497513341094334,0.0028022276077420832,1.990196550512759,0.47919902912111206
9,grid_0.6049,grid,0.6049,3519858.417591811,grid,,0.45,0.28132898916690463,0.22920840992570343,0.04973336405997004,0.0028031311206992704,1.9899136186678525,0.47922614717009976
9,grid_0.6500,grid,0.65,5317180.27745932,grid,,0.45,0.27555732461476384,0.22897161089689647,0.04962685770551053,0.002801140891209225,1.9888608128031335,0.4793932404375886
9,grid_0.7139,grid,0.7139,,grid,,0.45,0.2677696184885785,0.22868430848531654,0.04948607312061422,0.0028104398267932013,1.9883680205154264,0.479730317790316
9,grid_0.7892,grid,0.7892,,grid,,0.45,0.2590178174159754,0.22834664148517847,0.04932748669987665,0.0028147019776839782,1.9891890273993764,0.4802176471302153
9,grid_0.8000,grid,0.8,,grid,,0.45,0.257780040557345,0.22829563502335357,0.049305101477273856,0.002813795493442406,1.9894708573294047,0.480296889739238
9,grid_0.8904,grid,0.8904,,grid,,0.45,0.24788616402872926,0.22783049114743484,0.0491291474416207,0.002777585254860687,1.992242342185667,0.4808702682586935
9,grid_0.9500,grid,0.95,,grid,,0.45,0.2412137229570903,0.22733400069489088,0.048995985099171094,0.002684762772773547,1.9956735085777195,0.4810439985096683
9,grid_1.0112,grid,1.0112,,grid,,0.45,0.2340361257729804,0.22662538993411607,0.04883745516614872,0.0025216121966414318,2.0009299363071213,0.48098961447780414
9,rtp475,rtp,0.037323965686928307,475.0,grid,,0.5,0.38433269170856615,0.2534039379702525,0.05088734132589216,0.013326214452939411,2.472852307309208,0.6173130721166286
9,rtp2500,rtp,0.07893828533080166,2500.0,grid,,0.5,0.3965672710770631,0.2420502279260053,0.05070587642844456,0.007882436410586557,2.2189501468816752,0.5400998413141703
9,rtp5000,rtp,0.10469825084886594,5000.0,grid,,0.5,0.394117039993006,0.23805310288935608,0.05054361073109237,0.006125669064157985,2.153812211093851,0.5161141469363797
9,rtp10000,rtp,0.13573457197867408,10000.0,grid,,0.5,0.38806246791556637,0.23521678671605403,0.05035815926173503,0.004968777491290627,2.108401331540104,0.5005159692531702
9,grid_0.1645,grid,0.1645,17086.887630361798,grid,,0.5,0.38158644129596825,0.23363785119348446,0.050205825177712556,0.004380820332596236,2.0818814495650244,0.4925909292469068
9,grid_0.2109,grid,0.2109,38016.34259884634,grid,,0.5,0.3711685608187191,0.23213801276370297,0.04999581535010385,0.003892241619777276,2.054405673836115,0.48586662653169416
9,grid_0.2423,grid,0.2423,60168.39835225222,grid,,0.5,0.36453130600513006,0.23151559480366216,0.049874854792073875,0.003724615845219603,2.0416442223023377,0.4834168748869406
9,grid_0.2700,grid,0.27,90491.49965570691,grid,,0.5,0.35898920193185174,0.23111110339196292,0.04977815277860836,0.0036341893324422225,2.032780370523895,0.4820124213644679
9,grid_0.2850,grid,0.285,110952.39189157447,grid,,0.5,0.3561164474057321,0.23093082642475896,0.04972944490223326,0.003599601690988885,2.0286591944470502,0.4814402307103812
9,grid_0.3100,grid,0.31,152339.71723355792,grid,,0.5,0.35151972130644044,0.2306817350106289,0.049653589937276296,0.0035604729302377153,2.022633083320074,0.48071983182039196
9,grid_0.3300,grid,0.33,192833.76042663888,grid,,0.5,0.3479999907152824,0.23051298644864882,0.04959642607660443,0.003539810844870525,2.01843250383222,0.48028591935486153
9,grid_0.3434,grid,0.3434,224994.57905754208,grid,,0.5,0.3457199796194655,0.23041207362879984,0.04955999969451751,0.0035297239794059715,2.0158701339087766,0.4800472662731915
9,grid_0.3600,grid,0.36,276084.29674193484,grid,,0.5,0.3429747547995859,0.23029849665551275,0.04951664635833192,0.003520751203457295,2.0129469784341603,0.4798017663116473
9,grid_0.3649,grid,0.3649,292746.6504194461,grid,,0.5,0.34217976889800433,0.23026654353040535,0.04950409733501989,0.0035185837344201693,2.012132247618831,0.47973765351823705
9,grid_0.4000,grid,0.4,435896.9658466642,grid,,0.5,0.33665792357074187,0.23005326877345683,0.04941661675361031,0.0035078897197420578,2.0069005870568626,0.47938088608364854
9,grid_0.4500,grid,0.45,726292.3921593538,grid,,0.5,0.32931836801325415,0.22979662565995648,0.04930191868069469,0.0035045704840074854,2.0008711144778824,0.47909345760002126
9,grid_0.4898,grid,0.4898,1048746.8483918863,grid,,0.5,0.32385961096113647,0.22963385283455873,0.04921794330161417,0.0035137630660296015,1.9969992181167642,0.4790168595222193
9,grid_0.5000,grid,0.5,1180378.403820937,grid,,0.5,0.3225067132099078,0.2295931338833513,0.04919701408143125,0.0035159930449472354,1.9961189669135728,0.4790064877299929
9,grid_0.5500,grid,0.55,2039290.7278390124,grid,,0.5,0.3160505923294689,0.22940340916062105,0.04909544433665504,0.003530479797860267,1.9925344601070898,0.47905814374104083
9,grid_0.5971,grid,0.5971,3267308.5140756126,grid,,0.5,0.3101559213553168,0.2292200701167156,0.04899835960124041,0.0035434809430716085,1.990196550512759,0.47919902912111206
9,grid_0.6049,grid,0.6049,3519858.417591811,grid,,0.5,0.30918129200904165,0.22918501587117535,0.04898127329656018,0.0035444982033107225,1.9899136186678525,0.47922614717009976
9,grid_0.6500,grid,0.65,5317180.27745932,grid,,0.5,0.3035614735173703,0.22895785437715377,0.04888000446077194,0.003541694620218014,1.9888608128031335,0.4793932404375886
9,grid_0.7139,grid,0.7139,,grid,,0.5,0.2959399936106008,0.22868978511714194,0.04874615346797768,0.003552864348946874,1.9883680205154264,0.479730317790316
9,grid_0.7892,grid,0.7892,,grid,,0.5,0.28731643849353855,0.22837190734804844,0.04859537855360016,0.003558349512185463,1.9891890273993764,0.4802176471302153
9,grid_0.8000,grid,0.8,,grid,,0.5,0.2860902471626519,0.22832329954899575,0.04857409583444956,0.0035574332824908766,1.9894708573294047,0.480296889739238
9,grid_0.8904,grid,0.8904,,grid,,0.5,0.2762740094934776,0.2278616505256118,0.048406797213039005,0.0035141345672170393,1.992242342185667,0.4808702682586935
9,grid_0.9500,grid,0.95,,grid,,0.5,0.26957429857674087,0.22733224978187366,0.04828017216116516,0.003399779629723043,1.9956735085777195,0.4810439985096683
9,grid_1.0112,grid,1.0112,,grid,,0.5,0.2622874938853217,0.22655598470901583,0.0481294189909083,0.003198195216563518,2.0009299363071213,0.48098961447780414
9,rtp475,rtp,0.037323965686928307,475.0,grid,,0.55,0.3975846321836964,0.25089626867580767,0.051294574544557554,0.011654363090885522,2.472852307309208,0.6173130721166286
9,rtp2500,rtp,0.07893828533080166,2500.0,grid,,0.55,0.4115873299695958,0.24063739857967106,0.05112107626260474,0.00678528133258674,2.2189501468816752,0.5400998413141703
9,rtp5000,rtp,0.10469825084886594,5000.0,grid,,0.55,0.41034645037544076,0.23700366172647847,0.050966924727142815,0.005203810944616222,2.153812211093851,0.5161141469363797
9,rtp10000,rtp,0.13573457197867408,10000.0,grid,,0.55,0.40567410120601965,0.23440307991458953,0.050790917671761304,0.004153886201684137,2.108401331540104,0.5005159692531702
9,grid_0.1645,grid,0.1645,17086.887630361798,grid,,0.55,0.4003633691236348,0.23293910416855576,0.05064640835156415,0.0036142178992851215,2.0818814495650244,0.4925909292469068
9,grid_0.2109,grid,0.2109,38016.34259884634,grid,,0.55,0.39159737764227526,0.2315250116851099,0.0504472253429339,0.0031566056928563624,2.054405673836115,0.48586662653169416
9,grid_0.2423,grid,0.2423,60168.39835225222,grid,,0.55,0.3859430510903146,0.23092573876221967,0.05033251429450751,0.0029941825283694157,2.0416442223023377,0.4834168748869406
9,grid_0.2700,grid,0.27,90491.49965570691,grid,,0.55,0.3811943680786174,0.23052935635848462,0.050240809497058135,0.0029029746459990624,2.032780370523895,0.4820124213644679
9,grid_0.2850,grid,0.285,110952.39189157447,grid,,0.55,0.3787261489675579,0.23035059473307448,0.05019461936369569,0.002866777130185433,2.0286591944470502,0.4814402307103812
9,grid_0.3100,grid,0.31,152339.71723355792,grid,,0.55,0.37476920470226127,0.23010072685874405,0.0501226886940643,0.002823655806858033,2.022633083320074,0.48071983182039196
9,grid_0.3300,grid,0.33,192833.76042663888,grid,,0.55,0.3717341272020244,0.22992968558452895,0.05006848490788824,0.0027991754051120976,2.01843250383222,0.48028591935486153
9,grid_0.3434,grid,0.3434,224994.57905754208,grid,,0.55,0.3697663080124122,0.22982661003726887,0.05003394514911885,0.002786325532104006,2.0158701339087766,0.4800472662731915
9,grid_0.3600,grid,0.36,276084.29674193484,grid,,0.55,0.36739477426300066,0.2297096799409277,0.04999283650845304,0.0027737005501103917,2.0129469784341603,0.4798017663116473
9,grid_0.3649,grid,0.3649,292746.6504194461,grid,,0.55,0.3667075906504461,0.2296766470006982,0.04998093707748528,0.0027704250999980584,2.012132247618831,0.47973765351823705
9,grid_0.4000,grid,0.4,435896.9658466642,grid,,0.55,0.361928859013224,0.22945500694644236,0.04989798338344384,0.0027516168293480747,2.0069005870568626,0.47938088608364854
9,grid_0.4500,grid,0.45,726292.3921593538,grid,,0.55,0.35556940760448197,0.22918570367222038,0.049789222366360956,0.0027368644013698595,2.0008711144778824,0.47909345760002126
9,grid_0.4898,grid,0.4898,1048746.8483918863,grid,,0.55,0.3508407709981124,0.22901356651985294,0.04970960659891052,0.0027376070512325906,1.9969992181167642,0.4790168595222193
9,grid_0.5000,grid,0.5,1180378.403820937,grid,,0.55,0.3496689128658366,0.22897067679465807,0.04968976344420745,0.002737807387596311,1.9961189669135728,0.4790064877299929
9,grid_0.5500,grid,0.55,2039290.7278390124,grid,,0.55,0.3440759864913648,0.22877119316760236,0.049593461872139956,0.002742796951188481,1.9925344601070898,0.47905814374104083
9,grid_0.5971,grid,0.5971,3267308.5140756126,grid,,0.55,0.3389705032278518,0.22858246474698202,0.04950140916099761,0.0027485340288076754,1.990196550512759,0.47919902912111206
9,grid_0.6049,grid,0.6049,3519858.417591811,grid,,0.55,0.3381265844335067,0.22854737423739335,0.04948520875750233,0.002748693513304798,1.9899136186678525,0.47922614717009976
9,grid_0.6500,grid,0.65,5317180.27745932,grid,,0.55,0.3332576773106803,0.22832407134926033,0.049389191568194976,0.0027426899893071427,1.9888608128031335,0.4793932404375886
9,grid_0.7139,grid,0.7139,,grid,,0.55,0.3266745974016264,0.2280609484371352,0.04926224943770569,0.002749546764339944,1.9883680205154264,0.479730317790316
9,grid_0.7892,grid,0.7892,,grid,,0.55,0.3192339898994865,0.2277532759630115,0.04911925299148207,0.002752301720401598,1.9891890273993764,0.4802176471302153
9,grid_0.8000,grid,0.8,,grid,,0.55,0.3181757175727984,0.22770676955022826,0.0490990686182281,0.002751304280772651,1.9894708573294047,0.480296889739238
9,grid_0.8904,grid,0.8904,,grid,,0.55,0.30969707276547764,0.22727143533113087,0.048940436681767195,0.002711868635705203,1.992242342185667,0.4808702682586935
9,grid_0.9500,grid,0.95,,grid,,0.55,0.30390538119935245,0.22679478872521425,0.0488204124116463,0.0026154637812682707,1.9956735085777195,0.4810439985096683
9,grid_1.0112,grid,1.0112,,grid,,0.55,0.29759356146443405,0.22610524819750677,0.048677536104973586,0.0024460471574825476,2.0009299363071213,0.48098961447780414
9,rtp475,rtp,0.037323965686928307,475.0,grid,,0.6,0.4165577667451302,0.24304610453091102,0.04904233615234043,0.010029072775310094,2.472852307309208,0.6173130721166286
9,rtp2500,rtp,0.07893828533080166,2500.0,grid,,0.6,0.43264187594741504,0.23375598933679562,0.04888366812836526,0.00575819442245884,2.2189501468816752,0.5400998413141703
9,rtp5000,rtp,0.10469825084886594,5000.0,grid,,0.6,0.4328889077360421,0.23047679811000502,0.048743589867994166,0.004375964599045851,2.153812211093851,0.5161141469363797
9,rtp10000,rtp,0.13573457197867408,10000.0,grid,,0.6,0.4299514663755037,0.22811733563638875,0.04858381354805703,0.0034537052697878046,2.108401331540104,0.5005159692531702
9,grid_0.1645,grid,0.1645,17086.887630361798,grid,,0.6,0.4261189138037447,0.22677874580174895,0.04845269534202042,0.0029759042053938423,2.0818814495650244,0.4925909292469068
9,grid_0.2109,grid,0.2109,38016.34259884634,grid,,0.6,0.41946038420492027,0.22546956553894038,0.04827201141860103,0.002564513565717491,2.054405673836115,0.48586662653169416
9,grid_0.2423,grid,0.2423,60168.39835225222,grid,,0.6,0.41506281975171055,0.22490666705292942,0.04816796885871243,0.0024150400261448157,2.0416442223023377,0.4834168748869406
9,grid_0.2700,grid,0.27,90491.49965570691,grid,,0.6,0.4113281791677548,0.22452937978253634,0.048084794880318936,0.0023286475052115008,2.032780370523895,0.4820124213644679
9,grid_0.2850,grid,0.285,110952.39189157447,grid,,0.6,0.40937671695226163,0.2243578353853247,0.04804290253231214,0.0022935357664763123,2.0286591944470502,0.4814402307103812
9,grid_0.3100,grid,0.31,152339.71723355792,grid,,0.6,0.40623652610176525,0.22411641943761354,0.0479776680288177,0.002250501432718627,2.022633083320074,0.48071983182039196
9,grid_0.3300,grid,0.33,192833.76042663888,grid,,0.6,0.40381889695444906,0.22395008528012011,0.047928512808310376,0.0022251278886626924,2.01843250383222,0.48028591935486153
9,grid_0.3434,grid,0.3434,224994.57905754208,grid,,0.6,0.4022484325857217,0.22384940056550987,0.047897190584398716,0.002211363549139367,2.0158701339087766,0.4800472662731915
9,grid_0.3600,grid,0.36,276084.29674193484,grid,,0.6,0.40035212645119345,0.22373454622542802,0.047859910938042496,0.0021972362366556863,2.0129469784341603,0.4798017663116473
9,grid_0.3649,grid,0.3649,292746.6504194461,grid,,0.6,0.39980183111179574,0.22370197959461285,0.0478491197365325,0.0021934559380160923,2.012132247618831,0.47973765351823705
9,grid_0.4000,grid,0.4,435896.9658466642,grid,,0.6,0.39596384621772146,0.22348221286246345,0.04777389050337133,0.0021704089625320944,2.0069005870568626,0.47938088608364854
9,grid_0.4500,grid,0.45,726292.3921593538,grid,,0.6,0.3908385933176847,0.22321346523959623,0.047675259229758814,0.002148991834509617,2.0008711144778824,0.47909345760002126
9,grid_0.4898,grid,0.4898,1048746.8483918863,grid,,0.6,0.3870219809520678,0.22304194869274588,0.047603070614977275,0.0021446402616802085,1.9969992181167642,0.4790168595222193
9,grid_0.5000,grid,0.5,1180378.403820937,grid,,0.6,0.3860750514789328,0.22299930196974746,0.0475850782208949,0.002143610458099715,1.9961189669135728,0.4790064877299929
9,grid_0.5500,grid,0.55,2039290.7278390124,grid,,0.6,0.3815455893785707,0.22280096212893308,0.047497756790159155,0.002142511935419117,1.9925344601070898,0.47905814374104083
9,grid_0.5971,grid,0.5971,3267308.5140756126,grid,,0.6,0.37739625684624845,0.22261529475890832,0.04741428541687497,0.0021432840437206613,1.990196550512759,0.47919902912111206
9,grid_0.6049,grid,0.6049,3519858.417591811,grid,,0.6,0.37670834480724913,0.22258125727316866,0.0473995954683256,0.002142820620978897,1.9899136186678525,0.47922614717009976
9,grid_0.6500,grid,0.65,5317180.27745932,grid,,0.6,0.3727272767620147,0.22236676572062963,0.04731253123292787,0.0021344472641255108,1.9888608128031335,0.4793932404375886
9,grid_0.7139,grid,0.7139,,grid,,0.6,0.3673551427739718,0.22211620253360465,0.047197401608219905,0.002138205819729372,1.9883680205154264,0.479730317790316
9,grid_0.7892,grid,0.7892,,grid,,0.6,0.3612689255210456,0.2218247297398528,0.047067708619593994,0.0021385021045647323,1.9891890273993764,0.4802176471302153
9,grid_0.8000,grid,0.8,,grid,,0.6,0.3604007716549925,0.22178090398421962,0.047049402338177025,0.0021373670338806217,1.9894708573294047,0.480296889739238
9,grid_0.8904,grid,0.8904,,grid,,0.6,0.3534273855173029,0.2213714558551502,0.04690555485756005,0.0020997666098686585,1.992242342185667,0.4808702682586935
9,grid_0.9500,grid,0.95,,grid,,0.6,0.3486270158381672,0.22093646547629728,0.04679674728000992,0.0020161744971491785,1.9956735085777195,0.4810439985096683
9,grid_1.0112,grid,1.0112,,grid,,0.6,0.34335083515579273,0.22031091795971547,0.0466672368131262,0.0018696637591262832,2.0009299363071213,0.48098961447780414
9,rtp475,rtp,0.037323965686928307,475.0,grid,,0.65,0.41459868654792065,0.24670507147826876,0.04966709129651087,0.011196300996586833,2.472852307309208,0.6173130721166286
9,rtp2500,rtp,0.07893828533080166,2500.0,grid,,0.65,0.43542568572601964,0.23707533145171136,0.049522435028629366,0.006682277754309435,2.2189501468816752,0.5400998413141703
9,rtp5000,rtp,0.10469825084886594,5000.0,grid,,0.65,0.43783842119392863,0.23369125968745907,0.04939563975348368,0.005215965100827752,2.153812211093851,0.5161141469363797
9,rtp10000,rtp,0.13573457197867408,10000.0,grid,,0.65,0.4370294107294625,0.23126409521406296,0.049251106488687246,0.004231975246491937,2.108401331540104,0.5005159692531702
9,grid_0.1645,grid,0.1645,17086.887630361798,grid,,0.65,0.4348327305845933,0.22989683220940108,0.049132518629381665,0.0037200348305358455,2.0818814495650244,0.4925909292469068
9,grid_0.2109,grid,0.2109,38016.34259884634,grid,,0.65,0.430336063931485,0.22857765854644885,0.04896908122283376,0.0032786647637431943,2.054405673836115,0.48586662653169416
9,grid_0.2423,grid,0.2423,60168.39835225222,grid,,0.65,0.42715922416719854,0.22802232735566036,0.048874957589047446,0.0031192241836444923,2.0416442223023377,0.4834168748869406
9,grid_0.2700,grid,0.27,90491.49965570691,grid,,0.65,0.4243780206342583,0.22765640932590187,0.04879970320333948,0.003027737503823097,2.032780370523895,0.4820124213644679
9,grid_0.2850,grid,0.285,110952.39189157447,grid,,0.65,0.422902998950452,0.22749214178140784,0.048761796980569136,0.0029908775917230346,2.0286591944470502,0.4814402307103812
9,grid_0.3100,grid,0.31,152339.71723355792,grid,,0.65,0.4205034135278808,0.22726400280306114,0.048702769342157996,0.002946157627911783,2.022633083320074,0.48071983182039196
9,grid_0.3300,grid,0.33,192833.76042663888,grid,,0.65,0.41863420162555076,0.2271086508258731,0.048658292397002624,0.002920046882945726,2.01843250383222,0.48028591935486153
9,grid_0.3434,grid,0.3434,224994.57905754208,grid,,0.65,0.41741240770937393,0.22701557251200696,0.0486299501434692,0.0029061200194850922,2.0158701339087766,0.4800472662731915
9,grid_0.3600,grid,0.36,276084.29674193484,grid,,0.65,0.4159289656823887,0.22691021539564715,0.04859621480257155,0.0028920310483274425,2.0129469784341603,0.4798017663116473
9,grid_0.3649,grid,0.3649,292746.6504194461,grid,,0.65,0.41549647612288937,0.22688043521379206,0.04858644921159705,0.002888282671202641,2.012132247618831,0.47973765351823705
9,grid_0.4000,grid,0.4,435896.9658466642,grid,,0.65,0.4124526045303667,0.2266802262513814,0.048518367448551376,0.00286555752482609,2.0069005870568626,0.47938088608364854
9,grid_0.4500,grid,0.45,726292.3921593538,grid,,0.65,0.4083320125647308,0.22643892069988733,0.04842910258765617,0.0028454822200736918,2.0008711144778824,0.47909345760002126
9,grid_0.4898,grid,0.4898,1048746.8483918863,grid,,0.65,0.4052214984894593,0.22628842323911103,0.04836377912812354,0.0028426713639194967,1.9969992181167642,0.4790168595222193
9,grid_0.5000,grid,0.5,1180378.403820937,grid,,0.65,0.40444352737117073,0.22625103001215247,0.048347496495247985,0.002842032086311924,1.9961189669135728,0.4790064877299929
9,grid_0.5500,grid,0.55,2039290.7278390124,grid,,0.65,0.4006726279854093,0.22607851059915934,0.048268466071495666,0.0028430268832385364,1.9925344601070898,0.47905814374104083
9,grid_0.5971,grid,0.5971,3267308.5140756126,grid,,0.65,0.39713581584132973,0.22591550361304086,0.04819291052348274,0.002844904249251129,1.990196550512759,0.47919902912111206
9,grid_0.6049,grid,0.6049,3519858.417591811,grid,,0.65,0.3965384427594761,0.22588474527003546,0.048179614476942086,0.002844303668766729,1.9899136186678525,0.47922614717009976
9,grid_0.6500,grid,0.65,5317180.27745932,grid,,0.65,0.3930342554092384,0.22568732168789302,0.04810081432660521,0.0028339528440493034,1.9888608128031335,0.4793932404375886
9,grid_0.7139,grid,0.7139,,grid,,0.65,0.38823061746146403,0.22546345882409746,0.047996523984001525,0.0028372472809239657,1.9883680205154264,0.479730317790316
9,grid_0.7892,grid,0.7892,,grid,,0.65,0.38267085541665785,0.225198928008043,0.04787903055884116,0.0028355266171305737,1.9891890273993764,0.4802176471302153
9,grid_0.8000,grid,0.8,,grid,,0.65,0.38186587408258676,0.2251587797048212,0.047862447267092705,0.002834028811071504,1.9894708573294047,0.480296889739238
9,grid_0.8904,grid,0.8904,,grid,,0.65,0.37536248744238504,0.2247674474189678,0.04773222849675721,0.0027881769224812336,1.992242342185667,0.4808702682586935
9,grid_0.9500,grid,0.95,,grid,,0.65,0.37074326751756054,0.22432306149213876,0.04763384237325185,0.0026869935439540193,1.9956735085777195,0.4810439985096683
9,grid_1.0112,grid,1.0112,,grid,,0.65,0.3655305024773223,0.22366397647037173,0.047516786385716346,0.0025087879848226524,2.0009299363071213,0.48098961447780414
9,rtp475,rtp,0.037323965686928307,475.0,grid,,0.7,0.41788689725097267,0.24670425823768455,0.048470318147851604,0.012392672884754541,2.472852307309208,0.6173130721166286
9,rtp2500,rtp,0.07893828533080166,2500.0,grid,,0.7,0.44363059074641553,0.2366686599399579,0.04834198919235265,0.007670065405422782,2.2189501468816752,0.5400998413141703
9,rtp5000,rtp,0.10469825084886594,5000.0,grid,,0.7,0.4484148023777543,0.23318023814837444,0.04823087607124781,0.00614214739168481,2.153812211093851,0.5161141469363797
9,rtp10000,rtp,0.13573457197867408,10000.0,grid,,0.7,0.450008858620683,0.23068700960413022,0.0481044405902779,0.005112055809818161,2.108401331540104,0.5005159692531702
9,grid_0.1645,grid,0.1645,17086.887630361798,grid,,0.7,0.44969786990649374,0.22929155165305273,0.048000784507907054,0.004573831151557489,2.0818814495650244,0.4925909292469068
9,grid_0.2109,grid,0.2109,38016.34259884634,grid,,0.7,0.447733288780239,0.2279614363940249,0.047857965264987555,0.004108451217839509,2.054405673836115,0.48586662653169416
9,grid_0.2423,grid,0.2423,60168.39835225222,grid,,0.7,0.44600267196607263,0.227412822708996,0.047775727610745077,0.00394086432172816,2.0416442223023377,0.4834168748869406
9,grid_0.2700,grid,0.27,90491.49965570691,grid,,0.7,0.44435827454515586,0.22705724178627806,0.047709974707245584,0.0038450163403467574,2.032780370523895,0.4820124213644679
9,grid_0.2850,grid,0.285,110952.39189157447,grid,,0.7,0.4434534889307968,0.22689974728049545,0.04767685444657244,0.0038066408693802622,2.0286591944470502,0.4814402307103812
9,grid_0.3100,grid,0.31,152339.71723355792,grid,,0.7,0.44194314838062826,0.2266841732687351,0.047625283211093605,0.0037604311994363093,2.022633083320074,0.48071983182039196
9,grid_0.3300,grid,0.33,192833.76042663888,grid,,0.7,0.44073470257886466,0.2265392620521882,0.047586428146791857,0.003733609104358132,2.01843250383222,0.48028591935486153
9,grid_0.3434,grid,0.3434,224994.57905754208,grid,,0.7,0.43993390766232887,0.22645354197091833,0.047561668472763656,0.00371953819841081,2.0158701339087766,0.4800472662731915
9,grid_0.3600,grid,0.36,276084.29674193484,grid,,0.7,0.43894985433806355,0.22635739629912244,0.04753219590775071,0.003705474951567256,2.0129469784341603,0.4798017663116473
9,grid_0.3649,grid,0.3649,292746.6504194461,grid,,0.7,0.438660053483432,0.22633030220578768,0.04752366401094258,0.0037017416856205965,2.012132247618831,0.47973765351823705
9,grid_0.4000,grid,0.4,435896.9658466642,grid,,0.7,0.4365807218272845,0.22614871494402647,0.04746418064876341,0.0036790606220711286,2.0069005870568626,0.47938088608364854
9,grid_0.4500,grid,0.45,726292.3921593538,grid,,0.7,0.43368704650642753,0.22593395140851305,0.04738619018496706,0.0036599602140972853,2.0008711144778824,0.47909345760002126
9,grid_0.4898,grid,0.4898,1048746.8483918863,grid,,0.7,0.4314450187798095,0.22580421529983397,0.047329134844926395,0.0036584088022473815,1.9969992181167642,0.4790168595222193
9,grid_0.5000,grid,0.5,1180378.403820937,grid,,0.7,0.4308757057743713,0.22577204615276097,0.04731491219876383,0.0036581046252406046,1.9961189669135728,0.4790064877299929
9,grid_0.5500,grid,0.55,2039290.7278390124,grid,,0.7,0.4280485807539142,0.2256250148833689,0.047245875377730916,0.003660771963389514,1.9925344601070898,0.47905814374104083
9,grid_0.5971,grid,0.5971,3267308.5140756126,grid,,0.7,0.4252861274897757,0.2254837890386,0.04717986719824154,0.003663071920962324,1.990196550512759,0.47919902912111206
9,grid_0.6049,grid,0.6049,3519858.417591811,grid,,0.7,0.4248049641991068,0.22545597682875454,0.04716825185032292,0.003662145637484987,1.9899136186678525,0.47922614717009976
9,grid_0.6500,grid,0.65,5317180.27745932,grid,,0.7,0.4219213335878942,0.22527363214412008,0.04709941442386409,0.0036487949155402377,1.9888608128031335,0.4793932404375886
9,grid_0.7139,grid,0.7139,,grid,,0.7,0.417877113734628,0.22507515798692612,0.04700824647142418,0.003650580271415571,1.9883680205154264,0.479730317790316
9,grid_0.7892,grid,0.7892,,grid,,0.7,0.4130494114902427,0.22483449970552333,0.04690552893268573,0.0036450233251472397,1.9891890273993764,0.4802176471302153
9,grid_0.8000,grid,0.8,,grid,,0.7,0.4123358410338528,0.2247975762989386,0.046891031851629156,0.0036429184582479623,1.9894708573294047,0.480296889739238
9,grid_0.8904,grid,0.8904,,grid,,0.7,0.4065225753073443,0.22441728481223144,0.046777258562041284,0.0035858591604529255,1.992242342185667,0.4808702682586935
9,grid_0.9500,grid,0.95,,grid,,0.7,0.40221890149997575,0.22395506452750602,0.046691377785804816,0.0034644931417145697,1.9956735085777195,0.4810439985096683
9,grid_1.0112,grid,1.0112,,grid,,0.7,0.3972001044745816,0.22324834194297907,0.04658923582045833,0.0032505863598309703,2.0009299363071213,0.48098961447780414
9,rtp475,rtp,0.037323965686928307,475.0,grid,,0.75,0.43067678856082653,0.24334915145351493,0.04760813380630376,0.011610675706841989,2.472852307309208,0.6173130721166286
9,rtp2500,rtp,0.07893828533080166,2500.0,grid,,0.75,0.45670943760233645,0.23372784519204878,0.047476815525528446,0.007151890092589874,2.2189501468816752,0.5400998413141703
9,rtp5000,rtp,0.10469825084886594,5000.0,grid,,0.75,0.4618958375050346,0.23036793693143953,0.047362711678678435,0.0057066746873692675,2.153812211093851,0.5161141469363797
9,rtp10000,rtp,0.13573457197867408,10000.0,grid,,0.75,0.46398335350404857,0.22795814287907046,0.04723282741424506,0.004732087490629644,2.108401331540104,0.5005159692531702
9,grid_0.1645,grid,0.1645,17086.887630361798,grid,,0.75,0.464095682333367,0.22660421240104345,0.04712633170471447,0.00422313737318275,2.0818814495650244,0.4925909292469068
9,grid_0.2109,grid,0.2109,38016.34259884634,grid,,0.75,0.46273109939246193,0.22530724482324307,0.04697960563332192,0.003783748936518866,2.054405673836115,0.48586662653169416
9,grid_0.2423,grid,0.2423,60168.39835225222,grid,,0.75,0.4613547574073821,0.22476931570414696,0.04689512225085559,0.0036261230312548964,2.0416442223023377,0.4834168748869406
9,grid_0.2700,grid,0.27,90491.49965570691,grid,,0.75,0.4599942964288643,0.2244187909892217,0.04682757753009349,0.0035362162189704893,2.032780370523895,0.4820124213644679
9,grid_0.2850,grid,0.285,110952.39189157447,grid,,0.75,0.4592335836425355,0.22426296285228953,0.04679355574119628,0.0035003207660911084,2.0286591944470502,0.4814402307103812
9,grid_0.3100,grid,0.31,152339.71723355792,grid,,0.75,0.4579498904224007,0.22404883879599127,0.04674058067056682,0.003457301495265269,2.022633083320074,0.48071983182039196
9,grid_0.3300,grid,0.33,192833.76042663888,grid,,0.75,0.4569120299915771,0.22390418554659025,0.04670066725530912,0.003432417049972797,2.01843250383222,0.48028591935486153
9,grid_0.3434,grid,0.3434,224994.57905754208,grid,,0.75,0.4562208183500755,0.22381839153440697,0.04667523356147084,0.003419438827578253,2.0158701339087766,0.4800472662731915
9,grid_0.3600,grid,0.36,276084.29674193484,grid,,0.75,0.45536759636420426,0.22372183407430013,0.046644959670793205,0.003406499370775473,2.0129469784341603,0.4798017663116473
9,grid_0.3649,grid,0.3649,292746.6504194461,grid,,0.75,0.4551154218415746,0.22369453863453734,0.04663619594490376,0.0034030506700147567,2.012132247618831,0.47973765351823705
9,grid_0.4000,grid,0.4,435896.9658466642,grid,,0.75,0.4532942394585961,0.223510766066351,0.046575097324482076,0.0033819652230850095,2.0069005870568626,0.47938088608364854
9,grid_0.4500,grid,0.45,726292.3921593538,grid,,0.75,0.4507386968656439,0.22329179334436328,0.04649499067826247,0.0033642342966793692,2.0008711144778824,0.47909345760002126
9,grid_0.4898,grid,0.4898,1048746.8483918863,grid,,0.75,0.44874559356126575,0.2231580436923531,0.04643638263941936,0.0033631298251788067,1.9969992181167642,0.4790168595222193
9,grid_0.5000,grid,0.5,1180378.403820937,grid,,0.75,0.44823774714820674,0.22312477687960788,0.04642177347947262,0.0033628925781021834,1.9961189669135728,0.4790064877299929
9,grid_0.5500,grid,0.55,2039290.7278390124,grid,,0.75,0.4457016727400493,0.22297177241304314,0.04635086332768451,0.0033655479653293963,1.9925344601070898,0.47905814374104083
9,grid_0.5971,grid,0.5971,3267308.5140756126,grid,,0.75,0.44320186598969213,0.22282413490511122,0.04628306793158569,0.0033675271646255167,1.990196550512759,0.47919902912111206
9,grid_0.6049,grid,0.6049,3519858.417591811,grid,,0.75,0.4427635563302863,0.22279514481566298,0.04627113775678157,0.0033665387966506644,1.9899136186678525,0.47922614717009976
9,grid_0.6500,grid,0.65,5317180.27745932,grid,,0.75,0.4401266879777389,0.22260636511639656,0.04620043342648753,0.0033531603638469187,1.9888608128031335,0.4793932404375886
9,grid_0.7139,grid,0.7139,,grid,,0.75,0.436423520358775,0.22239828046455135,0.046106829246629434,0.003354165906959805,1.9883680205154264,0.479730317790316
9,grid_0.7892,grid,0.7892,,grid,,0.75,0.43198477384409545,0.2221458013726255,0.04600137130846237,0.0033473857590236022,1.9891890273993764,0.4802176471302153
9,grid_0.8000,grid,0.8,,grid,,0.75,0.43132729638753753,0.22210744786353215,0.04598648705108782,0.003345231345363825,1.9894708573294047,0.480296889739238
9,grid_0.8904,grid,0.8904,,grid,,0.75,0.42596284241075466,0.22171597507713536,0.04586963855962726,0.003288335044777657,1.992242342185667,0.4808702682586935
9,grid_0.9500,grid,0.95,,grid,,0.75,0.4219657382535703,0.22125049020350485,0.04578139045190125,0.0031703889633899474,1.9956735085777195,0.4810439985096683
9,grid_1.0112,grid,1.0112,,grid,,0.75,0.41727753307267895,0.22054379353133352,0.04567641238070504,0.00296315248448642,2.0009299363071213,0.48098961447780414
9,rtp475,rtp,0.037323965686928307,475.0,grid,,0.8,0.43903297385116835,0.2389927884473247,0.047359695610243016,0.009757857319584673,2.472852307309208,0.6173130721166286
9,rtp2500,rtp,0.07893828533080166,2500.0,grid,,0.8,0.4636055058040667,0.23060581879738296,0.047226925332971,0.005952118330240425,2.2189501468816752,0.5400998413141703
9,rtp5000,rtp,0.10469825084886594,5000.0,grid,,0.8,0.46889464206202874,0.22775122863814928,0.047111641910124694,0.0047589802360618605,2.153812211093851,0.5161141469363797
9,rtp10000,rtp,0.13573457197867408,10000.0,grid,,0.8,0.47148841053797297,0.22570599874708622,0.04698046404087786,0.00396273382954182,2.108401331540104,0.5005159692531702
9,grid_0.1645,grid,0.1645,17086.887630361798,grid,,0.8,0.4721999307071472,0.22455275215298068,0.046872934579105616,0.0035510039203723587,2.0818814495650244,0.4925909292469068
9,grid_0.2109,grid,0.2109,38016.34259884634,grid,,0.8,0.47183893860333204,0.22343630995922298,0.046724817178363326,0.0031989674298306403,2.054405673836115,0.48586662653169416
9,grid_0.2423,grid,0.2423,60168.39835225222,grid,,0.8,0.47111393512678534,0.22296719676001775,0.04663954654095131,0.003074824290069167,2.0416442223023377,0.4834168748869406
9,grid_0.2700,grid,0.27,90491.49965570691,grid,,0.8,0.47029877071993015,0.22265626546075543,0.04657137802836094,0.003004434520569449,2.032780370523895,0.4820124213644679
9,grid_0.2850,grid,0.285,110952.39189157447,grid,,0.8,0.469821305505732,0.22251663494371524,0.046537043839765556,0.002976608986909074,2.0286591944470502,0.4814402307103812
9,grid_0.3100,grid,0.31,152339.71723355792,grid,,0.8,0.4689917848260876,0.2223231161508348,0.04648358436432677,0.0029439836106908146,2.022633083320074,0.48071983182039196
9,grid_0.3300,grid,0.33,192833.76042663888,grid,,0.8,0.46830116520632936,0.22219084074203346,0.046443306871787715,0.0029254628378639624,2.01843250383222,0.48028591935486153
9,grid_0.3434,grid,0.3434,224994.57905754208,grid,,0.8,0.4678350600880888,0.22211195997494898,0.046417641947221214,0.002916080816692118,2.0158701339087766,0.4800472662731915
9,grid_0.3600,grid,0.36,276084.29674193484,grid,,0.8,0.46725263301097936,0.2220223759339421,0.04638709368084088,0.0029068417345118336,2.0129469784341603,0.4798017663116473
9,grid_0.3649,grid,0.3649,292746.6504194461,grid,,0.8,0.4670786331308195,0.22199682913323562,0.04637825061741179,0.0029043415277992257,2.012132247618831,0.47973765351823705
9,grid_0.4000,grid,0.4,435896.9658466642,grid,,0.8,0.46579714457619154,0.22182195866470739,0.046316599266326385,0.0028883820795207737,2.0069005870568626,0.47938088608364854
9,grid_0.4500,grid,0.45,726292.3921593538,grid,,0.8,0.4639554892262734,0.22160966143197705,0.04623577120126293,0.002875070838732563,2.0008711144778824,0.47909345760002126
9,grid_0.4898,grid,0.4898,1048746.8483918863,grid,,0.8,0.4624920813822239,0.2214783419630581,0.0461766376049697,0.0028760183537356043,1.9969992181167642,0.4790168595222193
9,grid_0.5000,grid,0.5,1180378.403820937,grid,,0.8,0.46211481799892,0.22144550350826814,0.04616189784190545,0.0028762131821249426,1.9961189669135728,0.4790064877299929
9,grid_0.5500,grid,0.55,2039290.7278390124,grid,,0.8,0.46019712805492896,0.22129133407781626,0.04609035586276057,0.002879498675179115,1.9925344601070898,0.47905814374104083
9,grid_0.5971,grid,0.5971,3267308.5140756126,grid,,0.8,0.45825283405152173,0.22113960717032607,0.046021959326753736,0.002880766532692397,1.990196550512759,0.47919902912111206
9,grid_0.6049,grid,0.6049,3519858.417591811,grid,,0.8,0.45790450957109385,0.22110973031924355,0.04600992312055646,0.002879589721292153,1.9899136186678525,0.47922614717009976
9,grid_0.6500,grid,0.65,5317180.27745932,grid,,0.8,0.4557811884011958,0.22091597505380337,0.045938589562552624,0.0028652784714200408,1.9888608128031335,0.4793932404375886
9,grid_0.7139,grid,0.7139,,grid,,0.8,0.45278034682455987,0.22070002033180156,0.045844179385874186,0.002864319588583436,1.9883680205154264,0.479730317790316
9,grid_0.7892,grid,0.7892,,grid,,0.8,0.449124974186898,0.22043440332025496,0.04573781665718496,0.0028535095099718744,1.9891890273993764,0.4802176471302153
9,grid_0.8000,grid,0.8,,grid,,0.8,0.44857839604969435,0.22039400217279742,0.04572280438904278,0.0028507118047002566,1.9894708573294047,0.480296889739238
9,grid_0.8904,grid,0.8904,,grid,,0.8,0.4440868535621449,0.21998597201735565,0.045604923644289606,0.0027889042401311737,1.992242342185667,0.4808702682586935
9,grid_0.9500,grid,0.95,,grid,,0.8,0.4406582577466342,0.21952003426408967,0.04551586168899552,0.002673183754311581,1.9956735085777195,0.4810439985096683
9,grid_1.0112,grid,1.0112,,grid,,0.8,0.4365593579968099,0.21881963352812062,0.04540990019622193,0.0024721318211590737,2.0009299363071213,0.48098961447780414
9,rtp475,rtp,0.037323965686928307,475.0,grid,,0.85,0.45297802903188095,0.24036915991473448,0.047596275095610346,0.010181057942504845,2.472852307309208,0.6173130721166286
9,rtp2500,rtp,0.07893828533080166,2500.0,grid,,0.85,0.4787066721019908,0.23209749447019917,0.04746431116141963,0.006404935777924503,2.2189501468816752,0.5400998413141703
9,rtp5000,rtp,0.10469825084886594,5000.0,grid,,0.85,0.4847659743576027,0.22931490772648389,0.047350043059647594,0.005235283845958227,2.153812211093851,0.5161141469363797
9,rtp10000,rtp,0.13573457197867408,10000.0,grid,,0.85,0.4882294899435327,0.22733216904146566,0.04722008918438368,0.004459825896713843,2.108401331540104,0.5005159692531702
9,grid_0.1645,grid,0.1645,17086.887630361798,grid,,0.85,0.4896618601703603,0.2262224660076637,0.047113592873679465,0.004063011252909088,2.0818814495650244,0.4925909292469068
9,grid_0.2109,grid,0.2109,38016.34259884634,grid,,0.85,0.49029853037898635,0.2251604969971898,0.046966922494247255,0.0037303269137742567,2.054405673836115,0.48586662653169416
9,grid_0.2423,grid,0.2423,60168.39835225222,grid,,0.85,0.4901510637759777,0.22472224052910839,0.046882494039079965,0.003617591349342475,2.0416442223023377,0.4834168748869406
9,grid_0.2700,grid,0.27,90491.49965570691,grid,,0.85,0.4897910158410783,0.22443511157217233,0.046815001177390986,0.0035561181290224564,2.032780370523895,0.4820124213644679
9,grid_0.2850,grid,0.285,110952.39189157447,grid,,0.85,0.48954185873459893,0.22430745986975342,0.046781008160737866,0.0035328283924831727,2.0286591944470502,0.4814402307103812
9,grid_0.3100,grid,0.31,152339.71723355792,grid,,0.85,0.4890680363421705,0.2241325047763999,0.046728081635469786,0.0035072980618731375,2.022633083320074,0.48071983182039196
9,grid_0.3300,grid,0.33,192833.76042663888,grid,,0.85,0.4886404737301186,0.22401365843880713,0.046688206828552514,0.003493912338586036,2.01843250383222,0.48028591935486153
9,grid_0.3434,grid,0.3434,224994.57905754208,grid,,0.85,0.48834161747870564,0.223943509675637,0.0466627988928303,0.0034878966330118277,2.0158701339087766,0.4800472662731915
9,grid_0.3600,grid,0.36,276084.29674193484,grid,,0.85,0.48795719709663155,0.22386426663896383,0.046632556622283425,0.003482653255517665,2.0129469784341603,0.4798017663116473
9,grid_0.3649,grid,0.3649,292746.6504194461,grid,,0.85,0.4878395495630015,0.22384161333291994,0.04662380212437185,0.003481265735112593,2.012132247618831,0.47973765351823705
9,grid_0.4000,grid,0.4,435896.9658466642,grid,,0.85,0.4869361130990495,0.22368539586600616,0.04656276792619428,0.003472388397537607,2.0069005870568626,0.47938088608364854
9,grid_0.4500,grid,0.45,726292.3921593538,grid,,0.85,0.4855686821717097,0.22349652613260135,0.046482750701580595,0.0034679464917599656,2.0008711144778824,0.47909345760002126
9,grid_0.4898,grid,0.4898,1048746.8483918863,grid,,0.85,0.48443274789989355,0.22338083585807236,0.0464242149794398,0.0034747828492112665,1.9969992181167642,0.4790168595222193
9,grid_0.5000,grid,0.5,1180378.403820937,grid,,0.85,0.4841328307451038,0.22335167232435246,0.04640962424739199,0.0034763452826929164,1.9961189669135728,0.4790064877299929
9,grid_0.5500,grid,0.55,2039290.7278390124,grid,,0.85,0.48255532866764894,0.22321285569439275,0.04633880563467907,0.0034851733125667306,1.9925344601070898,0.47905814374104083
9,grid_0.5971,grid,0.5971,3267308.5140756126,grid,,0.85,0.48087171140306967,0.22307002866278527,0.046271100687352025,0.00348913700026382,1.990196550512759,0.47919902912111206
9,grid_0.6049,grid,0.6049,3519858.417591811,grid,,0.85,0.4805593888517267,0.2230405308810749,0.04625918618237061,0.0034878922333411166,1.9899136186678525,0.47922614717009976
9,grid_0.6500,grid,0.65,5317180.27745932,grid,,0.85,0.47861794675570496,0.22284629784247337,0.046188573889586894,0.0034718985725094575,1.9888608128031335,0.4793932404375886
9,grid_0.7139,grid,0.7139,,grid,,0.85,0.4758162669386281,0.22263114648998017,0.0460951185551655,0.003469508832277507,1.9883680205154264,0.479730317790316
9,grid_0.7892,grid,0.7892,,grid,,0.85,0.47231578572793975,0.22235763362423472,0.04598983158814683,0.0034530856428225676,1.9891890273993764,0.4802176471302153
9,grid_0.8000,grid,0.8,,grid,,0.85,0.4717853260447945,0.22231580476342425,0.045974971152968606,0.0034493458946403543,1.9894708573294047,0.480296889739238
9,grid_0.8904,grid,0.8904,,grid,,0.85,0.46740079222892633,0.22188208202602056,0.04585828239829749,0.003373375925904226,1.992242342185667,0.4808702682586935
9,grid_0.9500,grid,0.95,,grid,,0.85,0.46395949203727155,0.22137309952309372,0.04577012070763672,0.003235928484824846,1.9956735085777195,0.4810439985096683
9,grid_1.0112,grid,1.0112,,grid,,0.85,0.459766685417343,0.22059921331952892,0.04566523016656138,0.002998782750633644,2.0009299363071213,0.48098961447780414
9,rtp475,rtp,0.037323965686928307,475.0,grid,,0.9,0.4670084507648444,0.2404420813217665,0.047036021768186505,0.010776372702156478,2.472852307309208,0.6173130721166286
9,rtp2500,rtp,0.07893828533080166,2500.0,grid,,0.9,0.4942029096884394,0.2321821200241804,0.04690684735159237,0.007001689507330544,2.2189501468816752,0.5400998413141703
9,rtp5000,rtp,0.10469825084886594,5000.0,grid,,0.9,0.501185780989906,0.22943897896163773,0.0467952922170519,0.005846952849906939,2.153812211093851,0.5161141469363797
9,rtp10000,rtp,0.13573457197867408,10000.0,grid,,0.9,0.5056775283634551,0.2274967306948183,0.046668488986486,0.005086273490344684,2.108401331540104,0.5005159692531702
9,grid_0.1645,grid,0.1645,17086.887630361798,grid,,0.9,0.5079569348568034,0.22641945363972998,0.04656460299589679,0.00470116599061704,2.0818814495650244,0.4925909292469068
9,grid_0.2109,grid,0.2109,38016.34259884634,grid,,0.9,0.5097624619514876,0.2254029320841386,0.04642155048948081,0.004384931302646,2.054405673836115,0.48586662653169416
9,grid_0.2423,grid,0.2423,60168.39835225222,grid,,0.9,0.5102911661950331,0.22499278375802842,0.046339213353011735,0.0042825393901752,2.0416442223023377,0.4834168748869406
9,grid_0.2700,grid,0.27,90491.49965570691,grid,,0.9,0.5104640440741389,0.22472800011809535,0.04627339460410931,0.004229279432969357,2.032780370523895,0.4820124213644679
9,grid_0.2850,grid,0.285,110952.39189157447,grid,,0.9,0.5104823456924124,0.22461185070876796,0.04624024559648304,0.004210237882334822,2.0286591944470502,0.4814402307103812
9,grid_0.3100,grid,0.31,152339.71723355792,grid,,0.9,0.5104254990557527,0.22445510430397816,0.04618863483383868,0.004191459014271037,2.022633083320074,0.48071983182039196
9,grid_0.3300,grid,0.33,192833.76042663888,grid,,0.9,0.510306706846883,0.22434957960900193,0.04614975241575575,0.004182981454980139,2.01843250383222,0.48028591935486153
9,grid_0.3434,grid,0.3434,224994.57905754208,grid,,0.9,0.5102043074194608,0.22428822103430404,0.046124977204081936,0.004180228890650894,2.0158701339087766,0.4800472662731915
9,grid_0.3600,grid,0.36,276084.29674193484,grid,,0.9,0.5100525869697984,0.22421945046905578,0.046095488154971206,0.0041788738136741554,2.0129469784341603,0.4798017663116473
9,grid_0.3649,grid,0.3649,292746.6504194461,grid,,0.9,0.510001216014293,0.2241997168968119,0.04608695168650574,0.004178561370104861,2.012132247618831,0.47973765351823705
9,grid_0.4000,grid,0.4,435896.9658466642,grid,,0.9,0.5095430562760044,0.2240621644751982,0.04602743725416601,0.004176416295144758,2.0069005870568626,0.47938088608364854
9,grid_0.4500,grid,0.45,726292.3921593538,grid,,0.9,0.5087360719153424,0.22389700424843648,0.04594941413124865,0.004180454380175724,2.0008711144778824,0.47909345760002126
9,grid_0.4898,grid,0.4898,1048746.8483918863,grid,,0.9,0.5079898402540103,0.22379752999863414,0.045892341602587414,0.004192992830902131,1.9969992181167642,0.4790168595222193
9,grid_0.5000,grid,0.5,1180378.403820937,grid,,0.9,0.5077823570511918,0.2237721733189818,0.04587811559570008,0.00419586995620036,1.9961189669135728,0.4790064877299929
9,grid_0.5500,grid,0.55,2039290.7278390124,grid,,0.9,0.5066143964148352,0.22364913088286204,0.04580906727304308,0.004209866471616475,1.9925344601070898,0.47905814374104083
9,grid_0.5971,grid,0.5971,3267308.5140756126,grid,,0.9,0.5052503838600549,0.2235149264962816,0.04574305482950301,0.004215867537135154,1.990196550512759,0.47919902912111206
9,grid_0.6049,grid,0.6049,3519858.417591811,grid,,0.9,0.5049831882892154,0.22348555941698947,0.04573143816188766,0.00421435710603707,1.9899136186678525,0.47922614717009976
9,grid_0.6500,grid,0.65,5317180.27745932,grid,,0.9,0.5032733325912846,0.22328909124139315,0.045662591013563444,0.004195427253843753,1.9888608128031335,0.4793932404375886
9,grid_0.7139,grid,0.7139,,grid,,0.9,0.5007359760172718,0.2230735428271879,0.045571472290455044,0.004190333219018183,1.9883680205154264,0.479730317790316
9,grid_0.7892,grid,0.7892,,grid,,0.9,0.49745791422478775,0.2227889992598481,0.04546881781181176,0.004166120379392846,1.9891890273993764,0.4802176471302153
9,grid_0.8000,grid,0.8,,grid,,0.9,0.4969524694328927,0.22274525748292628,0.04545432892713147,0.00416112080400366,1.9894708573294047,0.480296889739238
9,grid_0.8904,grid,0.8904,,grid,,0.9,0.4927427166816842,0.22227824263516713,0.04534055725521923,0.004067059893758995,1.992242342185667,0.4808702682586935
9,grid_0.9500,grid,0.95,,grid,,0.9,0.48932535076830463,0.22171611622156293,0.045254598938965544,0.003903437253408054,1.9956735085777195,0.4810439985096683
9,grid_1.0112,grid,1.0112,,grid,,0.9,0.4850686705874284,0.22085200250904508,0.04515232961633362,0.003623277395921637,2.0009299363071213,0.48098961447780414
9,rtp475,rtp,0.037323965686928307,475.0,grid,,0.95,0.48226133993063725,0.23900487322627997,0.04747001644370804,0.009653312982202122,2.472852307309208,0.6173130721166286
9,rtp2500,rtp,0.07893828533080166,2500.0,grid,,0.95,0.5085241832411456,0.2316541922135522,0.04734217929822224,0.006321485471891153,2.2189501468816752,0.5400998413141703
9,rtp5000,rtp,0.10469825084886594,5000.0,grid,,0.95,0.5158475203833071,0.22925975012113037,0.04723223086879669,0.005327802156806449,2.153812211093851,0.5161141469363797
9,rtp10000,rtp,0.13573457197867408,10000.0,grid,,0.95,0.5210615780621178,0.2275579718209873,0.047107340332181585,0.004675290207099669,2.108401331540104,0.5005159692531702
9,grid_0.1645,grid,0.1645,17086.887630361798,grid,,0.95,0.5240962184304463,0.22660636821303415,0.047005056622020834,0.004345389492680374,2.0818814495650244,0.4925909292469068
9,grid_0.2109,grid,0.2109,38016.34259884634,grid,,0.95,0.5271026151921332,0.22569462152835917,0.046864234161780996,0.004073828025048298,2.054405673836115,0.48586662653169416
9,grid_0.2423,grid,0.2423,60168.39835225222,grid,,0.95,0.5283909161661774,0.22531992950689594,0.04678318912507899,0.003985881507913569,2.0416442223023377,0.4834168748869406
9,grid_0.2700,grid,0.27,90491.49965570691,grid,,0.95,0.5291927666696713,0.22507287155803718,0.04671840466845537,0.003939392842925327,2.032780370523895,0.4820124213644679
9,grid_0.2850,grid,0.285,110952.39189157447,grid,,0.95,0.5295358876891062,0.22496315644287726,0.04668577719132506,0.00392264456541741,2.0286591944470502,0.4814402307103812
9,grid_0.3100,grid,0.31,152339.71723355792,grid,,0.95,0.5299974260922743,0.22481314105598726,0.046634980281015086,0.0039059681104441357,2.022633083320074,0.48071983182039196
9,grid_0.3300,grid,0.33,192833.76042663888,grid,,0.95,0.5302732045562004,0.2247105831738748,0.046596712422128886,0.0038981337682140182,2.01843250383222,0.48028591935486153
9,grid_0.3434,grid,0.3434,224994.57905754208,grid,,0.95,0.5304258983927918,0.22465055456746916,0.046572329101363476,0.003895542566107968,2.0158701339087766,0.4800472662731915
9,grid_0.3600,grid,0.36,276084.29674193484,grid,,0.95,0.5305804373748955,0.22458256711641464,0.04654330632722887,0.0038940231253700164,2.0129469784341603,0.4798017663116473
9,grid_0.3649,grid,0.3649,292746.6504194461,grid,,0.95,0.5306173681869414,0.22456289180361044,0.04653490477850893,0.003893587596691117,2.012132247618831,0.47973765351823705
9,grid_0.4000,grid,0.4,435896.9658466642,grid,,0.95,0.5307671282751025,0.2244239368312359,0.04647633035349842,0.0038897730693321364,2.0069005870568626,0.47938088608364854
9,grid_0.4500,grid,0.45,726292.3921593538,grid,,0.95,0.5307594507218911,0.2242544457861081,0.046399540922222496,0.0038905155326119933,2.0008711144778824,0.47909345760002126
9,grid_0.4898,grid,0.4898,1048746.8483918863,grid,,0.95,0.5306013283323899,0.22415008142407367,0.0463433771342955,0.003899881868123345,1.9969992181167642,0.4790168595222193
9,grid_0.5000,grid,0.5,1180378.403820937,grid,,0.95,0.5305382382595316,0.2241235341729818,0.04632937748474959,0.0039019810854381554,1.9961189669135728,0.4790064877299929
9,grid_0.5500,grid,0.55,2039290.7278390124,grid,,0.95,0.5300487719691592,0.22399338048329773,0.04626142700397284,0.003911607496362546,1.9925344601070898,0.47905814374104083
9,grid_0.5971,grid,0.5971,3267308.5140756126,grid,,0.95,0.5292855244549389,0.22385189741577718,0.046196462981766835,0.003913208994876793,1.990196550512759,0.47919902912111206
9,grid_0.6049,grid,0.6049,3519858.417591811,grid,,0.95,0.5291146590965268,0.2238213266294155,0.04618503090778708,0.003910955346364431,1.9899136186678525,0.47922614717009976
9,grid_0.6500,grid,0.65,5317180.27745932,grid,,0.95,0.5279490159236094,0.22361944847804055,0.046117278097988636,0.0038883796396343984,1.9888608128031335,0.4793932404375886
9,grid_0.7139,grid,0.7139,,grid,,0.95,0.5261411342654908,0.2233961553922371,0.04602759715704084,0.003878245086991694,1.9883680205154264,0.479730317790316
9,grid_0.7892,grid,0.7892,,grid,,0.95,0.5236593816814762,0.22310113885026328,0.04592656123362775,0.003847556922656703,1.9891890273993764,0.4802176471302153
9,grid_0.8000,grid,0.8,,grid,,0.95,0.523264568336685,0.2230561007918143,0.04591230091923873,0.003841723181209289,1.9894708573294047,0.480296889739238
9,grid_0.8904,grid,0.8904,,grid,,0.95,0.5199219816035181,0.22258037793062704,0.045800334747911,0.003741689891829769,1.992242342185667,0.4808702682586935
9,grid_0.9500,grid,0.95,,grid,,0.95,0.5170528539862947,0.22202743090473737,0.045715753919012836,0.003580426155145089,1.9956735085777195,0.4810439985096683
9,grid_1.0112,grid,1.0112,,grid,,0.95,0.5133481873874942,0.2211837299421815,0.04561512944584952,0.00330711294528635,2.0009299363071213,0.48098961447780414
9,rtp475,rtp,0.037323965686928307,475.0,grid,,1.0,0.49710858648351236,0.23700835493437258,0.04735220075332214,0.008820759555375396,2.472852307309208,0.6173130721166286
9,rtp2500,rtp,0.07893828533080166,2500.0,grid,,1.0,0.5227508521208456,0.23037903670523602,0.0472268792437473,0.005847621309485185,2.2189501468816752,0.5400998413141703
9,rtp5000,rtp,0.10469825084886594,5000.0,grid,,1.0,0.5305386539104451,0.22825157969852297,0.04711953582328436,0.004979247811586818,2.153812211093851,0.5161141469363797
9,rtp10000,rtp,0.13573457197867408,10000.0,grid,,1.0,0.5365882223884496,0.2267297082984957,0.046997690514322135,0.004408670110798818,2.108401331540104,0.5005159692531702
9,grid_0.1645,grid,0.1645,17086.887630361798,grid,,1.0,0.5404606186034698,0.22587015329482765,0.046897936329054535,0.004119389820374408,2.0818814495650244,0.4925909292469068
9,grid_0.2109,grid,0.2109,38016.34259884634,grid,,1.0,0.5447719697268405,0.2250326045301282,0.046760620991023204,0.0038790521105898645,2.054405673836115,0.48586662653169416
9,grid_0.2423,grid,0.2423,60168.39835225222,grid,,1.0,0.546876594378273,0.2246817513187869,0.04668160328043334,0.0038002860952438544,2.0416442223023377,0.4834168748869406
9,grid_0.2700,grid,0.27,90491.49965570691,grid,,1.0,0.5483506381518896,0.22444545670383922,0.04661844101789719,0.003757322017097775,2.032780370523895,0.4820124213644679
9,grid_0.2850,grid,0.285,110952.39189157447,grid,,1.0,0.5490398747990516,0.22433931661711298,0.04658663121051399,0.003741497769719271,2.0286591944470502,0.4814402307103812
9,grid_0.3100,grid,0.31,152339.71723355792,grid,,1.0,0.5500525625172571,0.22419244649536346,0.04653710921598586,0.003725143849590551,2.022633083320074,0.48071983182039196
9,grid_0.3300,grid,0.33,192833.76042663888,grid,,1.0,0.5507468526798212,0.22409068254110434,0.04649980323865124,0.0037168307630867647,2.01843250383222,0.48028591935486153
9,grid_0.3434,grid,0.3434,224994.57905754208,grid,,1.0,0.5511697499358256,0.2240308252781616,0.04647603313515876,0.003713777539655405,2.0158701339087766,0.4800472662731915
9,grid_0.3600,grid,0.36,276084.29674193484,grid,,1.0,0.5516482993681429,0.22396242384120468,0.04644774011978145,0.003711427173045956,2.0129469784341603,0.4798017663116473
9,grid_0.3649,grid,0.3649,292746.6504194461,grid,,1.0,0.551778560054499,0.22394247887882202,0.04643954977071422,0.0037106840756774284,2.012132247618831,0.47973765351823705
9,grid_0.4000,grid,0.4,435896.9658466642,grid,,1.0,0.5525696114271268,0.22380006020927473,0.04638244720910167,0.0037040197405733277,2.0069005870568626,0.47938088608364854
9,grid_0.4500,grid,0.45,726292.3921593538,grid,,1.0,0.5534025495845468,0.22362433694424746,0.04630758880629905,0.003700255267455266,2.0008711144778824,0.47909345760002126
9,grid_0.4898,grid,0.4898,1048746.8483918863,grid,,1.0,0.5538611497095492,0.22351451919024423,0.04625284362808329,0.003705896660762764,1.9969992181167642,0.4790168595222193
9,grid_0.5000,grid,0.5,1180378.403820937,grid,,1.0,0.5539492037866516,0.22348665660226005,0.04623919745239401,0.0037070882268624983,1.9961189669135728,0.4790064877299929
9,grid_0.5500,grid,0.55,2039290.7278390124,grid,,1.0,0.5541678054436661,0.2233490788443512,0.04617296192828325,0.0037118490923369607,1.9925344601070898,0.47905814374104083
9,grid_0.5971,grid,0.5971,3267308.5140756126,grid,,1.0,0.5540279051978725,0.22320005761918657,0.04610963649585706,0.0037086292253511455,1.990196550512759,0.47919902912111206
9,grid_0.6049,grid,0.6049,3519858.417591811,grid,,1.0,0.5539564949027486,0.2231681464488425,0.04609849285577124,0.0037055287336407727,1.9899136186678525,0.47922614717009976
9,grid_0.6500,grid,0.65,5317180.27745932,grid,,1.0,0.5533503753631085,0.22295967718022994,0.046032449749731565,0.003678567898580787,1.9888608128031335,0.4793932404375886
9,grid_0.7139,grid,0.7139,,grid,,1.0,0.5522895585092727,0.22272827327332478,0.045945022743831346,0.003662860971485493,1.9883680205154264,0.479730317790316
9,grid_0.7892,grid,0.7892,,grid,,1.0,0.55061786204205,0.22242166954924064,0.04584652506509736,0.0036248740199742446,1.9891890273993764,0.4802176471302153
9,grid_0.8000,grid,0.8,,grid,,1.0,0.5503349823463887,0.2223751106715981,0.04583262310851257,0.0036180667376929376,1.9894708573294047,0.480296889739238
9,grid_0.8904,grid,0.8904,,grid,,1.0,0.5478673106550427,0.22188611140998707,0.04572347983443366,0.003509966602211534,1.992242342185667,0.4808702682586935
9,grid_0.9500,grid,0.95,,grid,,1.0,0.5455429727088682,0.22133425578184118,0.045641042987071404,0.00334780979543009,1.9956735085777195,0.4810439985096683
9,grid_1.0112,grid,1.0112,,grid,,1.0,0.5423779556728087,0.22049707756272705,0.0455429743304319,0.0030759868832713755,2.0009299363071213,0.48098961447780414
9,rtp475,rtp,0.037323965686928307,475.0,grid,,1.05,0.5056399743598641,0.23763991906234191,0.04841441362683793,0.008058317505118484,2.472852307309208,0.6173130721166286
9,rtp2500,rtp,0.07893828533080166,2500.0,grid,,1.05,0.5299788162825533,0.23187683917823187,0.04829168547719385,0.005475183070093759,2.2189501468816752,0.5400998413141703
9,rtp5000,rtp,0.10469825084886594,5000.0,grid,,1.05,0.5379902590010602,0.23002848513700916,0.04818746274725829,0.004725641227168953,2.153812211093851,0.5161141469363797
9,rtp10000,rtp,0.13573457197867408,10000.0,grid,,1.05,0.5446595884078642,0.22868735477918342,0.04806932590109527,0.004228580334804832,2.108401331540104,0.5005159692531702
9,grid_0.1645,grid,0.1645,17086.887630361798,grid,,1.05,0.5492127498577306,0.227917374730552,0.04797267429179213,0.003973655412274735,2.0818814495650244,0.4925909292469068
9,grid_0.2109,grid,0.2109,38016.34259884634,grid,,1.05,0.5546298507460377,0.22714969969431592,0.047839671248308485,0.003757314822909419,2.054405673836115,0.48586662653169416
9,grid_0.2423,grid,0.2423,60168.39835225222,grid,,1.05,0.5574414146350121,0.22681989261900493,0.047763149585338394,0.0036841141023585267,2.0416442223023377,0.4834168748869406
9,grid_0.2700,grid,0.27,90491.49965570691,grid,,1.05,0.5595036124152406,0.2265925703146313,0.04770198421276875,0.0036422087090223765,2.032780370523895,0.4820124213644679
9,grid_0.2850,grid,0.285,110952.39189157447,grid,,1.05,0.5604972808549562,0.22648918735619544,0.047671180963032495,0.0036261710262373015,2.0286591944470502,0.4814402307103812
9,grid_0.3100,grid,0.31,152339.71723355792,grid,,1.05,0.5619967243328985,0.2263442366490161,0.047623229380697865,0.0036084840835279297,2.022633083320074,0.48071983182039196
9,grid_0.3300,grid,0.33,192833.76042663888,grid,,1.05,0.5630620380130024,0.22624255287756945,0.04758710915022192,0.0035985835823378887,2.01843250383222,0.48028591935486153
9,grid_0.3434,grid,0.3434,224994.57905754208,grid,,1.05,0.563724948068293,0.22618239995441136,0.04756409502406455,0.003594383025072756,2.0158701339087766,0.4800472662731915
9,grid_0.3600,grid,0.36,276084.29674193484,grid,,1.05,0.5644918383749433,0.22611314428726645,0.047536701280657984,0.0035904527388161966,2.0129469784341603,0.4798017663116473
9,grid_0.3649,grid,0.3649,292746.6504194461,grid,,1.05,0.5647052691237257,0.22609285789764008,0.04752877111923999,0.003589209273082483,2.012132247618831,0.47973765351823705
9,grid_0.4000,grid,0.4,435896.9658466642,grid,,1.05,0.5660691786929362,0.22594714731418242,0.04747348120433537,0.0035786321750814754,2.0069005870568626,0.47938088608364854
9,grid_0.4500,grid,0.45,726292.3921593538,grid,,1.05,0.5676552977479945,0.22576603089635944,0.047401001145388116,0.003569299561307804,2.0008711144778824,0.47909345760002126
9,grid_0.4898,grid,0.4898,1048746.8483918863,grid,,1.05,0.568667700838446,0.22565140556329963,0.04734800775952933,0.003570549073163398,1.9969992181167642,0.4790168595222193
9,grid_0.5000,grid,0.5,1180378.403820937,grid,,1.05,0.5688915681450021,0.22562247445509725,0.04733479783987299,0.0035707031393680255,1.9961189669135728,0.4790064877299929
9,grid_0.5500,grid,0.55,2039290.7278390124,grid,,1.05,0.5697473165095013,0.22547933707271653,0.04727067767254383,0.0035702537742078877,1.9925344601070898,0.47905814374104083
9,grid_0.5971,grid,0.5971,3267308.5140756126,grid,,1.05,0.5701694549940345,0.22532590389435309,0.04720937166869607,0.003562391297111167,1.990196550512759,0.47919902912111206
9,grid_0.6049,grid,0.6049,3519858.417591811,grid,,1.05,0.5701879289284439,0.22529346354109092,0.047198583644999154,0.0035585610693417147,1.9899136186678525,0.47922614717009976
9,grid_0.6500,grid,0.65,5317180.27745932,grid,,1.05,0.570087292624676,0.22508376598167273,0.047134648962089146,0.0035280527464032763,1.9888608128031335,0.4793932404375886
9,grid_0.7139,grid,0.7139,,grid,,1.05,0.5696986508557604,0.2248506563897074,0.047049985600317,0.003507832078565254,1.9883680205154264,0.479730317790316
9,grid_0.7892,grid,0.7892,,grid,,1.05,0.5687535037330415,0.22454208057106353,0.046954598247551535,0.003464547699630449,1.9891890273993764,0.4802176471302153
9,grid_0.8000,grid,0.8,,grid,,1.05,0.5685705087423201,0.2244953713211564,0.04694113560187516,0.003457036142748726,1.9894708573294047,0.480296889739238
9,grid_0.8904,grid,0.8904,,grid,,1.05,0.5668826097301863,0.22400804515959816,0.04683546908911965,0.0033441352071049146,1.992242342185667,0.4808702682586935
9,grid_0.9500,grid,0.95,,grid,,1.05,0.5650416642392484,0.22347238625405735,0.04675569302718993,0.00318421439089267,1.9956735085777195,0.4810439985096683
9,grid_1.0112,grid,1.0112,,grid,,1.05,0.5623542774881857,0.22266429200535345,0.04666080523269024,0.0029185817015550675,2.0009299363071213,0.48098961447780414
9,rtp475,rtp,0.037323965686928307,475.0,grid,,1.1,0.5145836861576111,0.23782821485199385,0.049023816066176444,0.0075384437135097015,2.472852307309208,0.6173130721166286
9,rtp2500,rtp,0.07893828533080166,2500.0,grid,,1.1,0.5377257910286167,0.23275542260916574,0.048904635758815235,0.005270450995156106,2.2189501468816752,0.5400998413141703
9,rtp5000,rtp,0.10469825084886594,5000.0,grid,,1.1,0.5460122897825733,0.23111453806309432,0.04880448757807422,0.0046094421260432505,2.153812211093851,0.5161141469363797
9,rtp10000,rtp,0.13573457197867408,10000.0,grid,,1.1,0.5533519076087352,0.22990370750285263,0.048691179301462106,0.004164535422095106,2.108401331540104,0.5005159692531702
9,grid_0.1645,grid,0.1645,17086.887630361798,grid,,1.1,0.5586240419131829,0.22919672955029066,0.04859856486261326,0.003932575973935815,2.0818814495650244,0.4925909292469068
9,grid_0.2109,grid,0.2109,38016.34259884634,grid,,1.1,0.5651956540790561,0.2284763644189699,0.04847117736154434,0.0037302717365655935,2.054405673836115,0.48586662653169416
9,grid_0.2423,grid,0.2423,60168.39835225222,grid,,1.1,0.5687406156186969,0.228159815093165,0.04839790839655841,0.0036589928267888316,2.0416442223023377,0.4834168748869406
9,grid_0.2700,grid,0.27,90491.49965570691,grid,,1.1,0.5714108295323799,0.22793720206059473,0.04833934694991838,0.0036160211332940118,2.032780370523895,0.4820124213644679
9,grid_0.2850,grid,0.285,110952.39189157447,grid,,1.1,0.5727186094438524,0.22783496629635794,0.04830985672328458,0.0035989151439779765,2.0286591944470502,0.4814402307103812
9,grid_0.3100,grid,0.31,152339.71723355792,grid,,1.1,0.5747195485648641,0.2276901465804467,0.048263953796090844,0.0035788490537344564,2.022633083320074,0.48071983182039196
9,grid_0.3300,grid,0.33,192833.76042663888,grid,,1.1,0.5761664419879965,0.22758760315109103,0.04822938022872887,0.003566736879329624,2.01843250383222,0.48028591935486153
9,grid_0.3434,grid,0.3434,224994.57905754208,grid,,1.1,0.5770759600553123,0.22752674175179116,0.04820735237314579,0.003561065839040478,2.0158701339087766,0.4800472662731915
9,grid_0.3600,grid,0.36,276084.29674193484,grid,,1.1,0.5781388560077932,0.22745628656006261,0.04818113225571584,0.003555230039977486,2.0129469784341603,0.4798017663116473
9,grid_0.3649,grid,0.3649,292746.6504194461,grid,,1.1,0.5784375963404036,0.22743556845351287,0.04817354171823235,0.003553396079540194,2.012132247618831,0.47973765351823705
9,grid_0.4000,grid,0.4,435896.9658466642,grid,,1.1,0.5803881422028896,0.22728606338209079,0.048120618250119644,0.0035383363576081406,2.0069005870568626,0.47938088608364854
9,grid_0.4500,grid,0.45,726292.3921593538,grid,,1.1,0.5827436425755668,0.2270994898984504,0.04805124395344827,0.0035229343586881123,2.0008711144778824,0.47909345760002126
9,grid_0.4898,grid,0.4898,1048746.8483918863,grid,,1.1,0.5843202821130435,0.22698061728907604,0.04800053663828889,0.0035196639866411084,1.9969992181167642,0.4790168595222193
9,grid_0.5000,grid,0.5,1180378.403820937,grid,,1.1,0.5846822837800885,0.22695075426641326,0.04798789624748923,0.003518748614604661,1.9961189669135728,0.4790064877299929
9,grid_0.5500,grid,0.55,2039290.7278390124,grid,,1.1,0.586184284729614,0.22680283311934082,0.04792653880881504,0.0035129863021445273,1.9925344601070898,0.47905814374104083
9,grid_0.5971,grid,0.5971,3267308.5140756126,grid,,1.1,0.5871733839956573,0.22664551730277693,0.04786787185612316,0.0035003186573202005,1.990196550512759,0.47919902912111206
9,grid_0.6049,grid,0.6049,3519858.417591811,grid,,1.1,0.5872820576327432,0.22661252038870253,0.04785754842846516,0.0034956859684549535,1.9899136186678525,0.47922614717009976
9,grid_0.6500,grid,0.65,5317180.27745932,grid,,1.1,0.587686873420589,0.22640108092340913,0.04779636784233335,0.0034610816009547074,1.9888608128031335,0.4793932404375886
9,grid_0.7139,grid,0.7139,,grid,,1.1,0.5879680654415332,0.22616652066974433,0.047715329232398344,0.0034359658394595427,1.9883680205154264,0.479730317790316
9,grid_0.7892,grid,0.7892,,grid,,1.1,0.5877423867112518,0.2258552737570371,0.047624023115760555,0.0033865815681056177,1.9891890273993764,0.4802176471302153
9,grid_0.8000,grid,0.8,,grid,,1.1,0.5876578951217659,0.22580826097819626,0.04761113674129097,0.0033782339847062137,1.9894708573294047,0.480296889739238
9,grid_0.8904,grid,0.8904,,grid,,1.1,0.5867367788019513,0.22531856694540145,0.04751001581253167,0.0032584407977976904,1.992242342185667,0.4808702682586935
9,grid_0.9500,grid,0.95,,grid,,1.1,0.5853639464679272,0.2247916592985551,0.04743369975708565,0.0030975903331120214,1.9956735085777195,0.4810439985096683
9,grid_1.0112,grid,1.0112,,grid,,1.1,0.5831313721239427,0.22399983989767017,0.047342939990124386,0.0028329882840574805,2.0009299363071213,0.48098961447780414
9,rtp475,rtp,0.037323965686928307,475.0,grid,,1.15,0.5238470175245099,0.23767845499095983,0.049238271522068125,0.007252776444821585,2.472852307309208,0.6173130721166286
9,rtp2500,rtp,0.07893828533080166,2500.0,grid,,1.15,0.5458909967841564,0.23312910121166674,0.04912335709086966,0.005225820740889897,2.2189501468816752,0.5400998413141703
9,rtp5000,rtp,0.10469825084886594,5000.0,grid,,1.15,0.5544973676085574,0.23162744801334592,0.049028004105990404,0.004623270567184867,2.153812211093851,0.5161141469363797
9,rtp10000,rtp,0.13573457197867408,10000.0,grid,,1.15,0.5625502095019949,0.23049853543159415,0.048920372761393216,0.004209202074716645,2.108401331540104,0.5005159692531702
9,grid_0.1645,grid,0.1645,17086.887630361798,grid,,1.15,0.5685732405783894,0.22982868840793166,0.0488325045108487,0.0039887215044614455,2.0818814495650244,0.4925909292469068
9,grid_0.2109,grid,0.2109,38016.34259884634,grid,,1.15,0.5763395548025525,0.22913297221007803,0.04871172270781388,0.003790196246010513,2.054405673836115,0.48586662653169416
9,grid_0.2423,grid,0.2423,60168.39835225222,grid,,1.15,0.5806394910899542,0.22882138556640322,0.04864228192716497,0.003716944565363589,2.0416442223023377,0.4834168748869406
9,grid_0.2700,grid,0.27,90491.49965570691,grid,,1.15,0.5839338073328942,0.2285986443980958,0.04858678635512249,0.0036705538655245618,2.032780370523895,0.4820124213644679
9,grid_0.2850,grid,0.285,110952.39189157447,grid,,1.15,0.5855635042144078,0.22849561098609764,0.0485588424495403,0.003651401790369768,2.0286591944470502,0.4814402307103812
9,grid_0.3100,grid,0.31,152339.71723355792,grid,,1.15,0.5880777811023075,0.2283485431095691,0.048515352327769656,0.003627704812493082,2.022633083320074,0.48071983182039196
9,grid_0.3300,grid,0.33,192833.76042663888,grid,,1.15,0.5899146967205645,0.22824372413469915,0.04848260027259172,0.0036125973342849282,2.01843250383222,0.48028591935486153
9,grid_0.3434,grid,0.3434,224994.57905754208,grid,,1.15,0.5910760826461624,0.22818142440815775,0.04846173409715106,0.0036050283477847556,2.0158701339087766,0.4800472662731915
9,grid_0.3600,grid,0.36,276084.29674193484,grid,,1.15,0.5924410807396776,0.2281090355950948,0.04843689661564291,0.0035968355044813105,2.0129469784341603,0.4798017663116473
9,grid_0.3649,grid,0.3649,292746.6504194461,grid,,1.15,0.5928268281978286,0.2280876829704646,0.04842970622302328,0.003594284899811895,2.012132247618831,0.47973765351823705
9,grid_0.4000,grid,0.4,435896.9658466642,grid,,1.15,0.5953748838952464,0.22793311449667694,0.04837957115152038,0.0035739335326348542,2.0069005870568626,0.47938088608364854
9,grid_0.4500,grid,0.45,726292.3921593538,grid,,1.15,0.5985124239892425,0.22774001127626095,0.04831385699396557,0.003551655742145887,2.0008711144778824,0.47909345760002126
9,grid_0.4898,grid,0.4898,1048746.8483918863,grid,,1.15,0.6006613459243509,0.2276166757582955,0.048265843007960114,0.0035435080752969084,1.9969992181167642,0.4790168595222193
9,grid_0.5000,grid,0.5,1180378.403820937,grid,,1.15,0.6011632531222989,0.22758583312051855,0.04825387375347727,0.0035414376836832573,1.9961189669135728,0.4790064877299929
9,grid_0.5500,grid,0.55,2039290.7278390124,grid,,1.15,0.6033182983605516,0.22743305725189675,0.04819577270041715,0.0035300228305273906,1.9925344601070898,0.47905814374104083
9,grid_0.5971,grid,0.5971,3267308.5140756126,grid,,1.15,0.6048777062754638,0.22727172044609908,0.04814021743452629,0.003512217480003521,1.990196550512759,0.47919902912111206
9,grid_0.6049,grid,0.6049,3519858.417591811,grid,,1.15,0.605076715062856,0.2272380521594197,0.048130441718753594,0.0035066906304535572,1.9899136186678525,0.47922614717009976
9,grid_0.6500,grid,0.65,5317180.27745932,grid,,1.15,0.6059862110562606,0.2270239759417699,0.04807250762783102,0.003467378024578305,1.9888608128031335,0.4793932404375886
9,grid_0.7139,grid,0.7139,,grid,,1.15,0.6069342502126195,0.22678762651905587,0.04799575173984244,0.00343687580230434,1.9883680205154264,0.479730317790316
9,grid_0.7892,grid,0.7892,,grid,,1.15,0.6074209536961653,0.22647254002323236,0.047909268881952655,0.0033805425026219305,1.9891890273993764,0.4802176471302153
9,grid_0.8000,grid,0.8,,grid,,1.15,0.6074336449280566,0.22642502578578447,0.04789706343660997,0.003371228865483189,1.9894708573294047,0.480296889739238
9,grid_0.8904,grid,0.8904,,grid,,1.15,0.6072671437313825,0.22592902880782115,0.047801303547477386,0.003242622510567894,1.992242342185667,0.4808702682586935
9,grid_0.9500,grid,0.95,,grid,,1.15,0.6063487640433194,0.2254045243567176,0.0477290556447036,0.0030781439557744927,1.9956735085777195,0.4810439985096683
9,grid_1.0112,grid,1.0112,,grid,,1.15,0.6045509665881257,0.22461830813568043,0.04764314389626487,0.002810240453470614,2.0009299363071213,0.48098961447780414
9,rtp475,rtp,0.037323965686928307,475.0,grid,,1.2,0.5333621479355135,0.23724431769778181,0.04910571932598171,0.007179146953904314,2.472852307309208,0.6173130721166286
9,rtp2500,rtp,0.07893828533080166,2500.0,grid,,1.2,0.5544220162530177,0.23305796943050083,0.04899556593643603,0.005320451178632224,2.2189501468816752,0.5400998413141703
9,rtp5000,rtp,0.10469825084886594,5000.0,grid,,1.2,0.5633940289355532,0.23162994721500757,0.04890549324445934,0.00474693920236785,2.153812211093851,0.5161141469363797
9,rtp10000,rtp,0.13573457197867408,10000.0,grid,,1.2,0.5722017108111492,0.23053600594901671,0.048804109348422574,0.0043427406905025,2.108401331540104,0.5005159692531702
9,grid_0.1645,grid,0.1645,17086.887630361798,grid,,1.2,0.5790056848830608,0.22987767847997903,0.04872146416685542,0.004122282896489193,2.0818814495650244,0.4925909292469068
9,grid_0.2109,grid,0.2109,38016.34259884634,grid,,1.2,0.588004018863139,0.22918333680163658,0.04860795470677153,0.003917047160760856,2.054405673836115,0.48586662653169416
9,grid_0.2423,grid,0.2423,60168.39835225222,grid,,1.2,0.5930789074954055,0.2288676399854858,0.048542729891995894,0.0038376667405300435,2.0416442223023377,0.4834168748869406
9,grid_0.2700,grid,0.27,90491.49965570691,grid,,1.2,0.597012321211961,0.22863918122886623,0.04849061166225335,0.0037852635307529803,2.032780370523895,0.4820124213644679
9,grid_0.2850,grid,0.285,110952.39189157447,grid,,1.2,0.5989712501946439,0.2285329843086782,0.048464371434320336,0.0037629534827102185,2.0286591944470502,0.4814402307103812
9,grid_0.3100,grid,0.31,152339.71723355792,grid,,1.2,0.6020100153060316,0.2283805633163953,0.04842353976054275,0.0037341419401712983,2.022633083320074,0.48071983182039196
9,grid_0.3300,grid,0.33,192833.76042663888,grid,,1.2,0.604244998211461,0.22827148348725726,0.04839279461463057,0.0037150755588425954,2.01843250383222,0.48028591935486153
9,grid_0.3434,grid,0.3434,224994.57905754208,grid,,1.2,0.6056632951960755,0.22820663543699116,0.04837320846294915,0.0037050599945226415,2.0158701339087766,0.4800472662731915
9,grid_0.3600,grid,0.36,276084.29674193484,grid,,1.2,0.6073362808652938,0.22813111802895517,0.04834989467120774,0.0036939123419333364,2.0129469784341603,0.4798017663116473
9,grid_0.3649,grid,0.3649,292746.6504194461,grid,,1.2,0.6078106903846807,0.22810879740299508,0.04834314527243448,0.0036904781802061803,2.012132247618831,0.47973765351823705
9,grid_0.4000,grid,0.4,435896.9658466642,grid,,1.2,0.6109670858972276,0.22794704049569625,0.04829608343040648,0.003663769840340114,2.0069005870568626,0.47938088608364854
9,grid_0.4500,grid,0.45,726292.3921593538,grid,,1.2,0.6148997597255338,0.2277452237134586,0.04823440373247397,0.003633483191819331,2.0008711144778824,0.47909345760002126
9,grid_0.4898,grid,0.4898,1048746.8483918863,grid,,1.2,0.6176297479544045,0.22761634361047456,0.04818935796102421,0.0036198419175774155,1.9969992181167642,0.4790168595222193
9,grid_0.5000,grid,0.5,1180378.403820937,grid,,1.2,0.6182735896645503,0.22758426928786468,0.04817812844578832,0.0036164711815029893,1.9961189669135728,0.4790064877299929
9,grid_0.5500,grid,0.55,2039290.7278390124,grid,,1.2,0.621090234368865,0.22742566168487158,0.048123617195301956,0.0035988143974997056,1.9925344601070898,0.47905814374104083
9,grid_0.5971,grid,0.5971,3267308.5140756126,grid,,1.2,0.6232258623471958,0.22725951480701073,0.048071492991407706,0.003575394078910221,1.990196550512759,0.47919902912111206
9,grid_0.6049,grid,0.6049,3519858.417591811,grid,,1.2,0.6235159115756161,0.22722499348462646,0.048062321138515454,0.0035688765255730837,1.9899136186678525,0.47922614717009976
9,grid_0.6500,grid,0.65,5317180.27745932,grid,,1.2,0.6249331227167837,0.22700716735222018,0.04800796615062912,0.003524287878649779,1.9888608128031335,0.4793932404375886
9,grid_0.7139,grid,0.7139,,grid,,1.2,0.626550877104253,0.22676820351537527,0.04793593886942848,0.003487879256162174,1.9883680205154264,0.479730317790316
9,grid_0.7892,grid,0.7892,,grid,,1.2,0.6277508347727527,0.22644793558967402,0.047854782286183985,0.0034238852466411673,1.9891890273993764,0.4802176471302153
9,grid_0.8000,grid,0.8,,grid,,1.2,0.6278606259578312,0.226399730574814,0.04784332870104034,0.0034135093033080266,1.9894708573294047,0.480296889739238
9,grid_0.8904,grid,0.8904,,grid,,1.2,0.6284470988400137,0.22589436158907178,0.04775348108296075,0.0032747815147735615,1.992242342185667,0.4808702682586935
9,grid_0.9500,grid,0.95,,grid,,1.2,0.6279786319061771,0.2253679486934208,0.04768571061216941,0.003105001686110942,1.9956735085777195,0.4810439985096683
9,grid_1.0112,grid,1.0112,,grid,,1.2,0.6266073361002825,0.2245803352179011,0.04760513061179172,0.0028311963547931196,2.0009299363071213,0.48098961447780414
9,rtp475,rtp,0.037323965686928307,475.0,grid,,1.25,0.5341906010439634,0.24038869987915398,0.050007479885459824,0.007779247144130141,2.472852307309208,0.6173130721166286
9,rtp2500,rtp,0.07893828533080166,2500.0,grid,,1.25,0.5576888147576166,0.2359961858119006,0.049899638782259274,0.005794560935505844,2.2189501468816752,0.5400998413141703
9,rtp5000,rtp,0.10469825084886594,5000.0,grid,,1.25,0.5680017531106014,0.23448048944952565,0.04981279279999544,0.005168307132493666,2.153812211093851,0.5161141469363797
9,rtp10000,rtp,0.13573457197867408,10000.0,grid,,1.25,0.5782627201287373,0.23331433716948263,0.04971533703400283,0.004720242894832194,2.108401331540104,0.5005159692531702
9,grid_0.1645,grid,0.1645,17086.887630361798,grid,,1.25,0.5862578827384121,0.23261071032652442,0.04963602155665184,0.0044717210019584175,2.0818814495650244,0.4925909292469068
9,grid_0.2109,grid,0.2109,38016.34259884634,grid,,1.25,0.5969094066171869,0.23186707371170956,0.04952718325636594,0.004235156615265412,2.054405673836115,0.48586662653169416
9,grid_0.2423,grid,0.2423,60168.39835225222,grid,,1.25,0.6029515053763121,0.2315282273915807,0.04946467959818109,0.004140640480906399,2.0416442223023377,0.4834168748869406
9,grid_0.2700,grid,0.27,90491.49965570691,grid,,1.25,0.6076558111948935,0.23128291679455362,0.049414744504089045,0.004077043096907373,2.032780370523895,0.4820124213644679
9,grid_0.2850,grid,0.285,110952.39189157447,grid,,1.25,0.6100046911070844,0.2311689566045373,0.049389606751378747,0.004049479746251694,2.0286591944470502,0.4814402307103812
9,grid_0.3100,grid,0.31,152339.71723355792,grid,,1.25,0.6136559873306481,0.23100534752437388,0.049350497912410696,0.004012972672446047,2.022633083320074,0.48071983182039196
9,grid_0.3300,grid,0.33,192833.76042663888,grid,,1.25,0.6163499909986553,0.23088844824364937,0.049321055059906395,0.003988420472453957,2.01843250383222,0.48028591935486153
9,grid_0.3434,grid,0.3434,224994.57905754208,grid,,1.25,0.6180622297548785,0.2308190596480351,0.049302300073607,0.003975138223196173,2.0158701339087766,0.4800472662731915
9,grid_0.3600,grid,0.36,276084.29674193484,grid,,1.25,0.6200853175761779,0.2307383356619658,0.04927997577447533,0.003960203769578674,2.0129469784341603,0.4798017663116473
9,grid_0.3649,grid,0.3649,292746.6504194461,grid,,1.25,0.6206601270339848,0.23071450425473938,0.04927351273250907,0.003955669741001089,2.012132247618831,0.47973765351823705
9,grid_0.4000,grid,0.4,435896.9658466642,grid,,1.25,0.6245001839998595,0.2305423818070835,0.0492284459882523,0.003921343821030765,2.0069005870568626,0.47938088608364854
9,grid_0.4500,grid,0.45,726292.3921593538,grid,,1.25,0.6293149204766454,0.23032890713958265,0.04916938780265803,0.0038820176614564605,2.0008711144778824,0.47909345760002126
9,grid_0.4898,grid,0.4898,1048746.8483918863,grid,,1.25,0.6326821729068502,0.2301934199063758,0.04912627766467092,0.003862732903522126,1.9969992181167642,0.4790168595222193
9,grid_0.5000,grid,0.5,1180378.403820937,grid,,1.25,0.6334809209171932,0.23015988692318023,0.04911553052635245,0.0038580430221386575,1.9961189669135728,0.4790064877299929
9,grid_0.5500,grid,0.55,2039290.7278390124,grid,,1.25,0.6370127919676215,0.22999509726500678,0.04906336003532511,0.003834384730614815,1.9925344601070898,0.47905814374104083
9,grid_0.5971,grid,0.5971,3267308.5140756126,grid,,1.25,0.6397613327875497,0.22982424317922215,0.04901347291920041,0.0038057098337018203,1.990196550512759,0.47919902912111206
9,grid_0.6049,grid,0.6049,3519858.417591811,grid,,1.25,0.640147192859873,0.22978886289901107,0.0490046948044623,0.0037982267079582077,1.9899136186678525,0.47922614717009976
9,grid_0.6500,grid,0.65,5317180.27745932,grid,,1.25,0.6420921274530149,0.22956659329653767,0.04895267355504535,0.003748147202732588,1.9888608128031335,0.4793932404375886
9,grid_0.7139,grid,0.7139,,grid,,1.25,0.6443958040805742,0.2293256096549561,0.04888372804722786,0.0037065071963894303,1.9883680205154264,0.479730317790316
9,grid_0.7892,grid,0.7892,,grid,,1.25,0.6463135028194187,0.22900162288131698,0.04880604258431005,0.0036357006979668705,1.9891890273993764,0.4802176471302153
9,grid_0.8000,grid,0.8,,grid,,1.25,0.6465190944819467,0.2289528910007854,0.04879507900279182,0.0036243472948256916,1.9894708573294047,0.480296889739238
9,grid_0.8904,grid,0.8904,,grid,,1.25,0.6478466919179282,0.22843766910568175,0.04870908605583165,0.0034746826106052953,1.992242342185667,0.4808702682586935
9,grid_0.9500,grid,0.95,,grid,,1.25,0.6478037334795043,0.2279024425306989,0.04864423665852719,0.0032952866529313285,1.9956735085777195,0.4810439985096683
9,grid_1.0112,grid,1.0112,,grid,,1.25,0.6468157964427051,0.22709981377278318,0.04856713593081764,0.0030071894848151537,2.0009299363071213,0.48098961447780414
9,rtp475,rtp,0.037323965686928307,475.0,grid,,1.3,0.5355089566836362,0.2428337766964732,0.050559179708667225,0.00840906339600539,2.472852307309208,0.6173130721166286
9,rtp2500,rtp,0.07893828533080166,2500.0,grid,,1.3,0.5614621712848542,0.2381900957549992,0.05045405891405245,0.00628046280172323,2.2189501468816752,0.5400998413141703
9,rtp5000,rtp,0.10469825084886594,5000.0,grid,,1.3,0.5731270276180753,0.23657036847477433,0.050370758649930104,0.005594780590360393,2.153812211093851,0.5161141469363797
9,rtp10000,rtp,0.13573457197867408,10000.0,grid,,1.3,0.5848536527563136,0.23531992857488618,0.05027759064915517,0.005097878135334355,2.108401331540104,0.5005159692531702
9,grid_0.1645,grid,0.1645,17086.887630361798,grid,,1.3,0.5940504078377172,0.23456392856431296,0.05020189899722415,0.004818337586299959,2.0818814495650244,0.4925909292469068
9,grid_0.2109,grid,0.2109,38016.34259884634,grid,,1.3,0.6063700324514423,0.2337637794056644,0.05009813802996834,0.004547366532051789,2.054405673836115,0.48586662653169416
9,grid_0.2423,grid,0.2423,60168.39835225222,grid,,1.3,0.6133883370709609,0.2333985060441892,0.050038589931678104,0.0044362726919813245,2.0416442223023377,0.4834168748869406
9,grid_0.2700,grid,0.27,90491.49965570691,grid,,1.3,0.6188709238339938,0.23313406974232126,0.04999102579182164,0.004360468682795882,2.032780370523895,0.4820124213644679
9,grid_0.2850,grid,0.285,110952.39189157447,grid,,1.3,0.6216135617259728,0.23301130079644783,0.04996708523335496,0.004327181065497732,2.0286591944470502,0.4814402307103812
9,grid_0.3100,grid,0.31,152339.71723355792,grid,,1.3,0.625883452206806,0.2328349880428655,0.049929846735047,0.004282284921874324,2.022633083320074,0.48071983182039196
9,grid_0.3300,grid,0.33,192833.76042663888,grid,,1.3,0.6290411353923333,0.23270921451973486,0.04990181726349151,0.004251761258900477,2.01843250383222,0.48028591935486153
9,grid_0.3434,grid,0.3434,224994.57905754208,grid,,1.3,0.6310503400410815,0.2326346530772217,0.049883964275604424,0.0042349175367548675,2.0158701339087766,0.4800472662731915
9,grid_0.3600,grid,0.36,276084.29674193484,grid,,1.3,0.6334271777328038,0.23254799936619117,0.0498627138828998,0.00421585812631825,2.0129469784341603,0.4798017663116473
9,grid_0.3649,grid,0.3649,292746.6504194461,grid,,1.3,0.6341034488637617,0.23252245230529775,0.04985656164810359,0.004210129177965871,2.012132247618831,0.47973765351823705
9,grid_0.4000,grid,0.4,435896.9658466642,grid,,1.3,0.6386346243358871,0.23233862233200248,0.04981366056151168,0.004167574865621193,2.0069005870568626,0.47938088608364854
9,grid_0.4500,grid,0.45,726292.3921593538,grid,,1.3,0.6443415392350754,0.23211193191536056,0.049757447699550365,0.004118501237930616,2.0008711144778824,0.47909345760002126
9,grid_0.4898,grid,0.4898,1048746.8483918863,grid,,1.3,0.6483537920546056,0.23196883213986813,0.04971643655667094,0.004093102527663373,1.9969992181167642,0.4790168595222193
9,grid_0.5000,grid,0.5,1180378.403820937,grid,,1.3,0.6493094062005387,0.23193360585351935,0.04970621257042277,0.004086984953792894,1.9961189669135728,0.4790064877299929
9,grid_0.5500,grid,0.55,2039290.7278390124,grid,,1.3,0.653566139287615,0.23176161614163895,0.049656581036792165,0.004056865679792243,1.9925344601070898,0.47905814374104083
9,grid_0.5971,grid,0.5971,3267308.5140756126,grid,,1.3,0.6569369194775333,0.2315852647193624,0.04960912089667417,0.004022613938462982,1.990196550512759,0.47919902912111206
9,grid_0.6049,grid,0.6049,3519858.417591811,grid,,1.3,0.6574202094297404,0.23154890599481323,0.04960076990220517,0.0040141259651896855,1.9899136186678525,0.47922614717009976
9,grid_0.6500,grid,0.65,5317180.27745932,grid,,1.3,0.6599025349488031,0.2313215986757807,0.04955128011804241,0.00395840189587654,1.9888608128031335,0.4793932404375886
9,grid_0.7139,grid,0.7139,,grid,,1.3,0.6629058717831996,0.23107786495714694,0.04948568179376783,0.0039112978793856,1.9883680205154264,0.479730317790316
9,grid_0.7892,grid,0.7892,,grid,,1.3,0.6655577863102626,0.23074942709866525,0.049411766908737643,0.0038335311976245845,1.9891890273993764,0.4802176471302153
9,grid_0.8000,grid,0.8,,grid,,1.3,0.6658616115701366,0.2307000848492127,0.0494013355539037,0.0038211935955302367,1.9894708573294047,0.480296889739238
9,grid_0.8904,grid,0.8904,,grid,,1.3,0.667950167312524,0.23017439010735094,0.04931952506659693,0.003660724794694037,1.992242342185667,0.4808702682586935
9,grid_0.9500,grid,0.95,,grid,,1.3,0.6683474598829591,0.22963028352906528,0.049257839686619606,0.003472227427019303,1.9956735085777195,0.4810439985096683
9,grid_1.0112,grid,1.0112,,grid,,1.3,0.6677600101707218,0.2288128988950654,0.04918450517135664,0.003170837529406778,2.0009299363071213,0.48098961447780414
9,rtp475,rtp,0.037323965686928307,475.0,grid,,1.35,0.5371018757414114,0.24466052837988672,0.05078749595244623,0.009071278194679122,2.472852307309208,0.6173130721166286
9,rtp2500,rtp,0.07893828533080166,2500.0,grid,,1.35,0.565528616238085,0.23971974323940645,0.05068541661353187,0.006780138685235082,2.2189501468816752,0.5400998413141703
9,rtp5000,rtp,0.10469825084886594,5000.0,grid,,1.35,0.5785550726275336,0.23797913729834946,0.05060588774596981,0.006028182043296859,2.153812211093851,0.5161141469363797
9,rtp10000,rtp,0.13573457197867408,10000.0,grid,,1.35,0.5917574253148382,0.23663191603926909,0.05051725649788817,0.005477407190527528,2.108401331540104,0.5005159692531702
9,grid_0.1645,grid,0.1645,17086.887630361798,grid,,1.35,0.602163878521126,0.23581621564112526,0.05044539006211398,0.005163897497187708,2.0818814495650244,0.4925909292469068
9,grid_0.2109,grid,0.2109,38016.34259884634,grid,,1.35,0.6161629086742151,0.23495208451141947,0.05034698304146138,0.00485549897479981,2.054405673836115,0.48586662653169416
9,grid_0.2423,grid,0.2423,60168.39835225222,grid,,1.35,0.6241641363018513,0.23455700511784966,0.05029054959849984,0.0047264390513551136,2.0416442223023377,0.4834168748869406
9,grid_0.2700,grid,0.27,90491.49965570691,grid,,1.35,0.6304304893391908,0.23427110082932612,0.05024548380445097,0.004637464879333308,2.032780370523895,0.4820124213644679
9,grid_0.2850,grid,0.285,110952.39189157447,grid,,1.35,0.6335697039823067,0.23413844848288418,0.05022280464711393,0.004598008410858279,2.0286591944470502,0.4814402307103812
9,grid_0.3100,grid,0.31,152339.71723355792,grid,,1.35,0.6384626689251259,0.23394787907018058,0.05018753636073951,0.004544073760696321,2.022633083320074,0.48071983182039196
9,grid_0.3300,grid,0.33,192833.76042663888,grid,,1.35,0.6420874729128977,0.23381215211728523,0.05016099539309922,0.004507127084617313,2.01843250383222,0.48028591935486153
9,grid_0.3434,grid,0.3434,224994.57905754208,grid,,1.35,0.6443958767114364,0.2337317726797521,0.050144092285687246,0.0044864492743320605,2.0158701339087766,0.4800472662731915
9,grid_0.3600,grid,0.36,276084.29674193484,grid,,1.35,0.647129157552293,0.23363845196513283,0.05012397287450189,0.004462953362161792,2.0129469784341603,0.4798017663116473
9,grid_0.3649,grid,0.3649,292746.6504194461,grid,,1.35,0.6479076748586611,0.23361098009692832,0.05011814798241922,0.004455942039428229,2.012132247618831,0.47973765351823705
9,grid_0.4000,grid,0.4,435896.9658466642,grid,,1.35,0.6531354874578265,0.2334140662098947,0.05007752794236474,0.004404598362272361,2.0069005870568626,0.47938088608364854
9,grid_0.4500,grid,0.45,726292.3921593538,grid,,1.35,0.6597420890303167,0.23317256137662062,0.05002431173583634,0.004345131643097577,2.0008711144778824,0.47909345760002126
9,grid_0.4898,grid,0.4898,1048746.8483918863,grid,,1.35,0.6644051127762424,0.23302082670100327,0.04998550964051891,0.00431319603590008,1.9969992181167642,0.4790168595222193
9,grid_0.5000,grid,0.5,1180378.403820937,grid,,1.35,0.6655190604940188,0.23298366803937895,0.04997583628627837,0.004305553286805153,1.9961189669135728,0.4790064877299929
9,grid_0.5500,grid,0.55,2039290.7278390124,grid,,1.35,0.6705079077565278,0.2328034349775361,0.04992887733948691,0.004268561997852971,1.9925344601070898,0.47905814374104083
9,grid_0.5971,grid,0.5971,3267308.5140756126,grid,,1.35,0.6745080153427984,0.2326207601306941,0.049883972280919515,0.0042284457628624095,1.990196550512759,0.47919902912111206
9,grid_0.6049,grid,0.6049,3519858.417591811,grid,,1.35,0.6750899753330654,0.23258329366950253,0.04987607092095397,0.004218917573200087,1.9899136186678525,0.47922614717009976
9,grid_0.6500,grid,0.65,5317180.27745932,grid,,1.35,0.6781171300800546,0.23235027834565458,0.04982924593452425,0.004157405912778911,1.9888608128031335,0.4793932404375886
9,grid_0.7139,grid,0.7139,,grid,,1.35,0.6818307750288933,0.23210299872749265,0.0497671744899585,0.004104627528335958,1.9883680205154264,0.479730317790316
9,grid_0.7892,grid,0.7892,,grid,,1.35,0.6852297758171653,0.2317692710060849,0.04969723301613285,0.004019761966559177,1.9891890273993764,0.4802176471302153
9,grid_0.8000,grid,0.8,,grid,,1.35,0.6856337432241434,0.23171921478007196,0.04968736247891822,0.004006432019374895,1.9894708573294047,0.480296889739238
9,grid_0.8904,grid,0.8904,,grid,,1.35,0.6884988441717597,0.23118218359577158,0.04960995568965374,0.003835246322455299,1.992242342185667,0.4808702682586935
9,grid_0.9500,grid,0.95,,grid,,1.35,0.6893480740943231,0.23062881121244314,0.04955159738751703,0.003638051173747714,1.9956735085777195,0.4810439985096683
9,grid_1.0112,grid,1.0112,,grid,,1.35,0.6891747713643244,0.22979641722574748,0.0494822212591861,0.003324172110603707,2.0009299363071213,0.48098961447780414
9,rtp475,rtp,0.037323965686928307,475.0,grid,,1.4,0.537795102812269,0.24590346186459527,0.050680593116852836,0.009787919440139625,2.472852307309208,0.6173130721166286
9,rtp2500,rtp,0.07893828533080166,2500.0,grid,,1.4,0.5688220823308878,0.2406010099402971,0.050581853621795674,0.007306992362495268,2.2189501468816752,0.5400998413141703
9,rtp5000,rtp,0.10469825084886594,5000.0,grid,,1.4,0.5832573179646107,0.23871606307576115,0.05050627264312794,0.006479086127262834,2.153812211093851,0.5161141469363797
9,rtp10000,rtp,0.13573457197867408,10000.0,grid,,1.4,0.5979785146324171,0.23725439519104746,0.050422364208306765,0.005867283829162961,2.108401331540104,0.5005159692531702
9,grid_0.1645,grid,0.1645,17086.887630361798,grid,,1.4,0.6096266316829213,0.23636851394652705,0.050354469677949744,0.005515604707339805,2.0818814495650244,0.4925909292469068
9,grid_0.2109,grid,0.2109,38016.34259884634,grid,,1.4,0.6253466707064848,0.23542961161065087,0.050261615169460795,0.005165486853681123,2.054405673836115,0.48586662653169416
9,grid_0.2423,grid,0.2423,60168.39835225222,grid,,1.4,0.6343542912155815,0.23499984868729903,0.05020840949125263,0.005016519391800811,2.0416442223023377,0.4834168748869406
9,grid_0.2700,grid,0.27,90491.49965570691,grid,,1.4,0.6414228515371163,0.23468906764304973,0.05016593236196555,0.004913026109198415,2.032780370523895,0.4820124213644679
9,grid_0.2850,grid,0.285,110952.39189157447,grid,,1.4,0.6449679142609446,0.2345449678977008,0.05014456003167849,0.004866781934455,2.0286591944470502,0.4814402307103812
9,grid_0.3100,grid,0.31,152339.71723355792,grid,,1.4,0.6504984520308196,0.23433789286399725,0.050111332396453795,0.0048029156354844615,2.022633083320074,0.48071983182039196
9,grid_0.3300,grid,0.33,192833.76042663888,grid,,1.4,0.6546012420952408,0.23419065004999198,0.05008633276327644,0.004758927807561375,2.01843250383222,0.48028591935486153
9,grid_0.3434,grid,0.3434,224994.57905754208,grid,,1.4,0.6572158043796571,0.23410352264242412,0.05007041316492947,0.0047340461486625185,2.0158701339087766,0.4800472662731915
9,grid_0.3600,grid,0.36,276084.29674193484,grid,,1.4,0.6603138163307753,0.23400246811264,0.05005146482010642,0.004705690262700679,2.0129469784341603,0.4798017663116473
9,grid_0.3649,grid,0.3649,292746.6504194461,grid,,1.4,0.6611969622463423,0.23397276671134476,0.050045978887628274,0.004697276674933082,2.012132247618831,0.47973765351823705
9,grid_0.4000,grid,0.4,435896.9658466642,grid,,1.4,0.6671377167079832,0.23376072219850152,0.0500077210114341,0.004636354231330908,2.0069005870568626,0.47938088608364854
9,grid_0.4500,grid,0.45,726292.3921593538,grid,,1.4,0.6746652843473202,0.23350200774875457,0.04995760765020526,0.004565579972494183,2.0008711144778824,0.47909345760002126
9,grid_0.4898,grid,0.4898,1048746.8483918863,grid,,1.4,0.6799947915893879,0.23334018558976827,0.04992109117530717,0.004526551035760329,1.9969992181167642,0.4790168595222193
9,grid_0.5000,grid,0.5,1180378.403820937,grid,,1.4,0.6812709542612034,0.23330075500759728,0.0499119875804595,0.004517254706655427,1.9961189669135728,0.4790064877299929
9,grid_0.5500,grid,0.55,2039290.7278390124,grid,,1.4,0.6870102739330926,0.23311079696686302,0.049867794271013205,0.004472849391512823,1.9925344601070898,0.47905814374104083
9,grid_0.5971,grid,0.5971,3267308.5140756126,grid,,1.4,0.691656278276473,0.23292061637066214,0.04982553355096639,0.004426479979522779,1.990196550512759,0.47919902912111206
9,grid_0.6049,grid,0.6049,3519858.417591811,grid,,1.4,0.6923396275425765,0.23288185024420677,0.0498180975078015,0.004415858665363648,1.9899136186678525,0.47922614717009976
9,grid_0.6500,grid,0.65,5317180.27745932,grid,,1.4,0.695927076383062,0.23264203481782766,0.049774030176802854,0.004348286187376482,1.9888608128031335,0.4793932404375886
9,grid_0.7139,grid,0.7139,,grid,,1.4,0.7003723657376646,0.23239015344826378,0.0497156112448587,0.004289572174848877,1.9883680205154264,0.479730317790316
9,grid_0.7892,grid,0.7892,,grid,,1.4,0.7045424772811842,0.23204995318254096,0.04964978504802632,0.004197395723993136,1.9891890273993764,0.4802176471302153
9,grid_0.8000,grid,0.8,,grid,,1.4,0.7050499518078015,0.23199901115351224,0.04964049531996226,0.004183045856245238,1.9894708573294047,0.480296889739238
9,grid_0.8904,grid,0.8904,,grid,,1.4,0.7087182128342576,0.23144885368306417,0.04956764644220701,0.004000925428997437,1.992242342185667,0.4808702682586935
9,grid_0.9500,grid,0.95,,grid,,1.4,0.7100369904123377,0.2308847177615092,0.04951272826627869,0.0037950246295330725,1.9956735085777195,0.4810439985096683
9,grid_1.0112,grid,1.0112,,grid,,1.4,0.7102962433628013,0.23003521859699527,0.04944744347715605,0.003468758317811349,2.0009299363071213,0.48098961447780414
9,rtp475,rtp,0.037323965686928307,475.0,grid,,1.45,0.5348399636367166,0.24890528371332415,0.051308329806711114,0.01064551045369927,2.472852307309208,0.6173130721166286
9,rtp2500,rtp,0.07893828533080166,2500.0,grid,,1.45,0.5675632070282147,0.24339347487482904,0.05121023466987747,0.008030148941766568,2.2189501468816752,0.5400998413141703
9,rtp5000,rtp,0.10469825084886594,5000.0,grid,,1.45,0.5829365382602946,0.24141268413415737,0.051136067730098204,0.007144016330760228,2.153812211093851,0.5161141469363797
9,rtp10000,rtp,0.13573457197867408,10000.0,grid,,1.45,0.5986710585298293,0.23987597831558216,0.051053955519726205,0.00648652945313144,2.108401331540104,0.5005159692531702
9,grid_0.1645,grid,0.1645,17086.887630361798,grid,,1.45,0.6111452455486974,0.23894633778662772,0.0509876148471609,0.006107737494480292,2.0818814495650244,0.4925909292469068
9,grid_0.2109,grid,0.2109,38016.34259884634,grid,,1.45,0.6280029819510465,0.23796415137998586,0.05089696636226344,0.005729970979733379,2.054405673836115,0.48586662653169416
9,grid_0.2423,grid,0.2423,60168.39835225222,grid,,1.45,0.6376710379277764,0.23751630282665687,0.050845055824359275,0.00556893828408489,2.0416442223023377,0.4834168748869406
9,grid_0.2700,grid,0.27,90491.49965570691,grid,,1.45,0.6452624603681033,0.23719303805076486,0.05080362068931396,0.005456916610437623,2.032780370523895,0.4820124213644679
9,grid_0.2850,grid,0.285,110952.39189157447,grid,,1.45,0.6490708593693507,0.23704350459243467,0.05078277558400366,0.005406847485459942,2.0286591944470502,0.4814402307103812
9,grid_0.3100,grid,0.31,152339.71723355792,grid,,1.45,0.6550135665305227,0.236829124055873,0.05075037360714867,0.005337660393923416,2.022633083320074,0.48071983182039196
9,grid_0.3300,grid,0.33,192833.76042663888,grid,,1.45,0.6594234906267161,0.236676932016486,0.050725999178487934,0.005289970970248414,2.01843250383222,0.48028591935486153
9,grid_0.3434,grid,0.3434,224994.57905754208,grid,,1.45,0.6622341099329532,0.2365871660102247,0.05071047905888848,0.005263008061861141,2.0158701339087766,0.4800472662731915
9,grid_0.3600,grid,0.36,276084.29674193484,grid,,1.45,0.6655649704822232,0.23648319691717476,0.05069200652502983,0.005232295899137429,2.0129469784341603,0.4798017663116473
9,grid_0.3649,grid,0.3649,292746.6504194461,grid,,1.45,0.6665146756964406,0.236452616094455,0.050686658295457744,0.005223181362453977,2.012132247618831,0.47973765351823705
9,grid_0.4000,grid,0.4,435896.9658466642,grid,,1.45,0.6729056775108758,0.23623404539672876,0.050649359644285345,0.0051571645602183636,2.0069005870568626,0.47938088608364854
9,grid_0.4500,grid,0.45,726292.3921593538,grid,,1.45,0.6810076140141416,0.23596834384160822,0.050600508635269714,0.0050805506600817285,2.0008711144778824,0.47909345760002126
9,grid_0.4898,grid,0.4898,1048746.8483918863,grid,,1.45,0.686746225104594,0.23580324502452896,0.05056492837629493,0.005038241987803116,1.9969992181167642,0.4790168595222193
9,grid_0.5000,grid,0.5,1180378.403820937,grid,,1.45,0.6881208358547029,0.23576308343678726,0.05055605816729408,0.005028173344327425,1.9961189669135728,0.4790064877299929
9,grid_0.5500,grid,0.55,2039290.7278390124,grid,,1.45,0.6943074244223376,0.23556952204631318,0.050512997753225514,0.004980001963902914,1.9925344601070898,0.47905814374104083
9,grid_0.5971,grid,0.5971,3267308.5140756126,grid,,1.45,0.6993234917031397,0.23537500346099752,0.0504718202824037,0.004929571971860891,1.990196550512759,0.47919902912111206
9,grid_0.6049,grid,0.6049,3519858.417591811,grid,,1.45,0.700062663051395,0.2353349917015653,0.050464574851567225,0.004917983467608578,1.9899136186678525,0.47922614717009976
9,grid_0.6500,grid,0.65,5317180.27745932,grid,,1.45,0.7039492042811649,0.23508714028514402,0.05042163715550939,0.004844326371937602,1.9888608128031335,0.4793932404375886
9,grid_0.7139,grid,0.7139,,grid,,1.45,0.7087695718100646,0.23483002971154332,0.050364714823584344,0.004780428030739969,1.9883680205154264,0.479730317790316
9,grid_0.7892,grid,0.7892,,grid,,1.45,0.713308786086602,0.23447879978930816,0.05030057490199672,0.004679732648637747,1.9891890273993764,0.4802176471302153
9,grid_0.8000,grid,0.8,,grid,,1.45,0.7138631856948301,0.2344260371575423,0.05029152316271996,0.004664043734669443,1.9894708573294047,0.480296889739238
9,grid_0.8904,grid,0.8904,,grid,,1.45,0.7178839606958046,0.23384881599023602,0.05022054150660177,0.004464727233433496,1.992242342185667,0.4808702682586935
9,grid_0.9500,grid,0.95,,grid,,1.45,0.7193675560277619,0.23325169900225018,0.05016703211855457,0.004239322968881742,1.9956735085777195,0.4810439985096683
9,grid_1.0112,grid,1.0112,,grid,,1.45,0.7197328138799304,0.23234796217873716,0.05010342257464344,0.003882152953968432,2.0009299363071213,0.48098961447780414
9,rtp475,rtp,0.037323965686928307,475.0,grid,,1.5,0.5310257554265064,0.2515517030612631,0.051730553124510865,0.011547706188511031,2.472852307309208,0.6173130721166286
9,rtp2500,rtp,0.07893828533080166,2500.0,grid,,1.5,0.5655851464983118,0.24579112004528816,0.051633322931948736,0.008779951761168525,2.2189501468816752,0.5400998413141703
9,rtp5000,rtp,0.10469825084886594,5000.0,grid,,1.5,0.5819495191921765,0.2437004186564051,0.05156070553681706,0.00782918851649006,2.153812211093851,0.5161141469363797
9,rtp10000,rtp,0.13573457197867408,10000.0,grid,,1.5,0.5987462812051579,0.2420778961653334,0.05148053269134229,0.007121175120491652,2.108401331540104,0.5005159692531702
9,grid_0.1645,grid,0.1645,17086.887630361798,grid,,1.5,0.6120831337846524,0.24109793936960472,0.05141585862505061,0.0067123577432189885,2.0818814495650244,0.4925909292469068
9,grid_0.2109,grid,0.2109,38016.34259884634,grid,,1.5,0.6301266006904038,0.24006548982416204,0.051327568217344216,0.006303871187170629,2.054405673836115,0.48586662653169416
9,grid_0.2423,grid,0.2423,60168.39835225222,grid,,1.5,0.640482377132187,0.23959629361394344,0.051277039160061454,0.006129344753477539,2.0416442223023377,0.4834168748869406
9,grid_0.2700,grid,0.27,90491.49965570691,grid,,1.5,0.648618202153199,0.2392582024514758,0.051236714806312124,0.006007772633999264,2.032780370523895,0.4820124213644679
9,grid_0.2850,grid,0.285,110952.39189157447,grid,,1.5,0.6527007976350112,0.23910214266644944,0.05121643147574705,0.005953403151940095,2.0286591944470502,0.4814402307103812
9,grid_0.3100,grid,0.31,152339.71723355792,grid,,1.5,0.6590726957720157,0.23887886169575284,0.05118490870319945,0.005878201861859167,2.022633083320074,0.48071983182039196
9,grid_0.3300,grid,0.33,192833.76042663888,grid,,1.5,0.6638025479518264,0.2387205934625081,0.051161199639412,0.005826322103680059,2.01843250383222,0.48028591935486153
9,grid_0.3434,grid,0.3434,224994.57905754208,grid,,1.5,0.666817432071883,0.2386275115584776,0.051146104542981095,0.005796984729610266,2.0158701339087766,0.4800472662731915
9,grid_0.3600,grid,0.36,276084.29674193484,grid,,1.5,0.6703909303151541,0.23851984278423105,0.051128138236524324,0.005763577165289968,2.0129469784341603,0.4798017663116473
9,grid_0.3649,grid,0.3649,292746.6504194461,grid,,1.5,0.6714100128863801,0.23848815676810514,0.05112293652064905,0.005753664397999236,2.012132247618831,0.47973765351823705
9,grid_0.4000,grid,0.4,435896.9658466642,grid,,1.5,0.6782706039770798,0.23826152310955284,0.05108665859190784,0.005681894802576137,2.0069005870568626,0.47938088608364854
9,grid_0.4500,grid,0.45,726292.3921593538,grid,,1.5,0.6869722634051192,0.23798700223920005,0.05103915036002623,0.005598662874774785,2.0008711144778824,0.47909345760002126
9,grid_0.4898,grid,0.4898,1048746.8483918863,grid,,1.5,0.6931387823152472,0.23781750336005564,0.051004564364536244,0.005552600539873831,1.9969992181167642,0.4790168595222193
9,grid_0.5000,grid,0.5,1180378.403820937,grid,,1.5,0.6946164996413718,0.23777634786793922,0.050995942024773505,0.005541649580641739,1.9961189669135728,0.4790064877299929
9,grid_0.5500,grid,0.55,2039290.7278390124,grid,,1.5,0.7012724892737053,0.2375780312907448,0.050954084878703516,0.005489236073282611,1.9925344601070898,0.47905814374104083
9,grid_0.5971,grid,0.5971,3267308.5140756126,grid,,1.5,0.7066787641647962,0.23737825956143965,0.050914058040768734,0.0054343800716494806,1.990196550512759,0.47919902912111206
9,grid_0.6049,grid,0.6049,3519858.417591811,grid,,1.5,0.7074770888731409,0.2373368552597158,0.050907015071499376,0.005421767793071908,1.9899136186678525,0.47922614717009976
9,grid_0.6500,grid,0.65,5317180.27745932,grid,,1.5,0.7116817648594559,0.23708013207737422,0.05086527720582223,0.005341711820002981,1.9888608128031335,0.4793932404375886
9,grid_0.7139,grid,0.7139,,grid,,1.5,0.7169035536198741,0.23681704552384175,0.050809945342069694,0.005272367708571646,1.9883680205154264,0.479730317790316
9,grid_0.7892,grid,0.7892,,grid,,1.5,0.721841730876522,0.23645396758327478,0.050747597561939646,0.005162881223932714,1.9891890273993764,0.4802176471302153
9,grid_0.8000,grid,0.8,,grid,,1.5,0.7224472560468157,0.23639926460616115,0.050738798742333224,0.0051458135640005676,1.9894708573294047,0.480296889739238
9,grid_0.8904,grid,0.8904,,grid,,1.5,0.7268538950949613,0.2357936884868096,0.050669800574169276,0.004928862956045332,1.992242342185667,0.4808702682586935
9,grid_0.9500,grid,0.95,,grid,,1.5,0.728524754723399,0.23516255872278732,0.050617786596190185,0.004683642428858215,1.9956735085777195,0.4810439985096683
9,grid_1.0112,grid,1.0112,,grid,,1.5,0.7290198540702251,0.23420306078285336,0.050555954810802085,0.0042951188692548214,2.0009299363071213,0.48098961447780414
9,rtp475,rtp,0.037323965686928307,475.0,grid,,1.55,0.5272608159100619,0.2538820713444856,0.051964690539733474,0.012491415610432988,2.472852307309208,0.6173130721166286
9,rtp2500,rtp,0.07893828533080166,2500.0,grid,,1.55,0.5637545061134129,0.24783761475259974,0.05186852649911087,0.009554956787147184,2.2189501468816752,0.5400998413141703
9,rtp5000,rtp,0.10469825084886594,5000.0,grid,,1.55,0.5811357695534514,0.24562634747852086,0.05179757445541153,0.008534728120227542,2.153812211093851,0.5161141469363797
9,rtp10000,rtp,0.13573457197867408,10000.0,grid,,1.55,0.5990127000093297,0.2439102900999177,0.051719460926312105,0.007772768690313903,2.108401331540104,0.5005159692531702
9,grid_0.1645,grid,0.1645,17086.887630361798,grid,,1.55,0.613222628225386,0.24287546317698533,0.05165654684378864,0.007331943769646521,2.0818814495650244,0.4925909292469068
9,grid_0.2109,grid,0.2109,38016.34259884634,grid,,1.55,0.632462742776474,0.2417880542860697,0.05157073953979408,0.0068907236556493,2.054405673836115,0.48586662653169416
9,grid_0.2423,grid,0.2423,60168.39835225222,grid,,1.55,0.6435114623091238,0.24129537321580902,0.05152166260644655,0.00670179452891001,2.0416442223023377,0.4834168748869406
9,grid_0.2700,grid,0.27,90491.49965570691,grid,,1.55,0.6521954903075291,0.2409409689284033,0.05148250522690526,0.006570045281252546,2.032780370523895,0.4820124213644679
9,grid_0.2850,grid,0.285,110952.39189157447,grid,,1.55,0.6565541160715429,0.24077769924785794,0.05146281186221435,0.006511088592877579,2.0286591944470502,0.4814402307103812
9,grid_0.3100,grid,0.31,152339.71723355792,grid,,1.55,0.663357968891805,0.24054452118822559,0.05143221191606989,0.006429454757602815,2.022633083320074,0.48071983182039196
9,grid_0.3300,grid,0.33,192833.76042663888,grid,,1.55,0.6684097847405155,0.24037947196626375,0.05140920088740669,0.006373089655373088,2.01843250383222,0.48028591935486153
9,grid_0.3434,grid,0.3434,224994.57905754208,grid,,1.55,0.671630222823064,0.24028265365950577,0.05139455157905921,0.006341202070594798,2.0158701339087766,0.4800472662731915
9,grid_0.3600,grid,0.36,276084.29674193484,grid,,1.55,0.6754478831885523,0.240170804179475,0.05137711622259613,0.006304898957619598,2.0129469784341603,0.4798017663116473
9,grid_0.3649,grid,0.3649,292746.6504194461,grid,,1.55,0.6765367839138824,0.24013787587295024,0.05137206818265147,0.006294131246120993,2.012132247618831,0.47973765351823705
9,grid_0.4000,grid,0.4,435896.9658466642,grid,,1.55,0.6838700248538635,0.2399022660228889,0.05133686098101502,0.006216236261901931,2.0069005870568626,0.47938088608364854
9,grid_0.4500,grid,0.45,726292.3921593538,grid,,1.55,0.693175480822592,0.2396178592201179,0.051290760854487596,0.006125957602744647,2.0008711144778824,0.47909345760002126
9,grid_0.4898,grid,0.4898,1048746.8483918863,grid,,1.55,0.6997729830829199,0.23944324905727488,0.05125721607776607,0.006075853441338097,1.9969992181167642,0.4790168595222193
9,grid_0.5000,grid,0.5,1180378.403820937,grid,,1.55,0.7013545955139026,0.23940093322463582,0.05124885332382504,0.006063953505001496,1.9961189669135728,0.4790064877299929
9,grid_0.5500,grid,0.55,2039290.7278390124,grid,,1.55,0.7084838804476105,0.23919712635778156,0.05120825637918071,0.006007008878639808,1.9925344601070898,0.47905814374104083
9,grid_0.5971,grid,0.5971,3267308.5140756126,grid,,1.55,0.7142842179348208,0.23899147777167576,0.05116943469545504,0.005947491752034351,1.990196550512759,0.47919902912111206
9,grid_0.6049,grid,0.6049,3519858.417591811,grid,,1.55,0.7151423871385876,0.23894857098359373,0.05116260377470256,0.005933815800398978,1.9899136186678525,0.47922614717009976
9,grid_0.6500,grid,0.65,5317180.27745932,grid,,1.55,0.719669377487974,0.23868237525658473,0.051122122531166034,0.005847153726959098,1.9888608128031335,0.4793932404375886
9,grid_0.7139,grid,0.7139,,grid,,1.55,0.7252985538560295,0.2384126654039673,0.05106845713463485,0.005772141890389215,1.9883680205154264,0.479730317790316
9,grid_0.7892,grid,0.7892,,grid,,1.55,0.7306430067986496,0.23803698652529248,0.05100798721499029,0.005653619739051985,1.9891890273993764,0.4802176471302153
9,grid_0.8000,grid,0.8,,grid,,1.55,0.731300740094878,0.2379802486535991,0.05099945340378657,0.005635145345442294,1.9894708573294047,0.480296889739238
9,grid_0.8904,grid,0.8904,,grid,,1.55,0.7361022476191464,0.23734534651630002,0.05093253280313239,0.005400280709810135,1.992242342185667,0.4808702682586935
9,grid_0.9500,grid,0.95,,grid,,1.55,0.7379674556471469,0.23667940000125115,0.05088208425872274,0.005135054126229499,1.9956735085777195,0.4810439985096683
9,grid_1.0112,grid,1.0112,,grid,,1.55,0.7386009140686531,0.23566297920140494,0.05082211306997297,0.004714926696108845,2.0009299363071213,0.48098961447780414
9,rtp475,rtp,0.037323965686928307,475.0,grid,,1.6,0.5241993520980087,0.25587746951436224,0.05200262919074842,0.013470650214324975,2.472852307309208,0.6173130721166286
9,rtp2500,rtp,0.07893828533080166,2500.0,grid,,1.6,0.5626895890123726,0.24951907114591837,0.05190776314302654,0.01035200372249534,2.2189501468816752,0.5400998413141703
9,rtp5000,rtp,0.10469825084886594,5000.0,grid,,1.6,0.5810920868306416,0.24717976208130846,0.05183860818087967,0.009259226601692594,2.153812211093851,0.5161141469363797
9,rtp10000,rtp,0.13573457197867408,10000.0,grid,,1.6,0.6000431451154542,0.24536518068668334,0.05176268962128256,0.008441382272126208,2.108401331540104,0.5005159692531702
9,grid_0.1645,grid,0.1645,17086.887630361798,grid,,1.6,0.6151165865833377,0.24427267526135057,0.051701640705619376,0.007967499173717862,2.0818814495650244,0.4925909292469068
9,grid_0.2109,grid,0.2109,38016.34259884634,grid,,1.6,0.6355362105808974,0.24312756194709534,0.05161845690669692,0.007492554471641766,2.054405673836115,0.48586662653169416
9,grid_0.2423,grid,0.2423,60168.39835225222,grid,,1.6,0.6472665146907621,0.24261020820186602,0.05157091124910213,0.007288801874650641,2.0416442223023377,0.4834168748869406
9,grid_0.2700,grid,0.27,90491.49965570691,grid,,1.6,0.656489252274313,0.2422387184953233,0.051532983743608735,0.00714661299464775,2.032780370523895,0.4820124213644679
9,grid_0.2850,grid,0.285,110952.39189157447,grid,,1.6,0.6611189891562008,0.24206789591779382,0.05151391187995482,0.007082954354113047,2.0286591944470502,0.4814402307103812
9,grid_0.3100,grid,0.31,152339.71723355792,grid,,1.6,0.6683469078505292,0.24182432190050385,0.05148428352581758,0.006994719136820926,2.022633083320074,0.48071983182039196
9,grid_0.3300,grid,0.33,192833.76042663888,grid,,1.6,0.6737146957664607,0.24165213788954407,0.051462007037106614,0.006933748709480603,2.01843250383222,0.48028591935486153
9,grid_0.3434,grid,0.3434,224994.57905754208,grid,,1.6,0.6771368189098261,0.24155137664290016,0.05144782670977687,0.006899240848303345,2.0158701339087766,0.4800472662731915
9,grid_0.3600,grid,0.36,276084.29674193484,grid,,1.6,0.681194008288582,0.24143511839346907,0.05143094990980526,0.006859966483863167,2.0129469784341603,0.4798017663116473
9,grid_0.3649,grid,0.3649,292746.6504194461,grid,,1.6,0.6823513976446804,0.24140088422195005,0.05142606354305017,0.00684832336008917,2.012132247618831,0.47973765351823705
9,grid_0.4000,grid,0.4,435896.9658466642,grid,,1.6,0.690148235732692,0.24115589911076474,0.05139198290360034,0.006764184772320991,2.0069005870568626,0.47938088608364854
9,grid_0.4500,grid,0.45,726292.3921593538,grid,,1.6,0.7000457557778574,0.24086117126924037,0.05134736378804683,0.006666740037143515,2.0008711144778824,0.47909345760002126
9,grid_0.4898,grid,0.4898,1048746.8483918863,grid,,1.6,0.7070656575635581,0.24068108260654164,0.051314912567849306,0.0066124709568076145,1.9969992181167642,0.4790168595222193
9,grid_0.5000,grid,0.5,1180378.403820937,grid,,1.6,0.7087490876102119,0.24063752065313415,0.051306822456680896,0.006599593889406674,1.9961189669135728,0.4790064877299929
9,grid_0.5500,grid,0.55,2039290.7278390124,grid,,1.6,0.716342078163588,0.2404278356326188,0.0512675491459461,0.006537995001039465,1.9925344601070898,0.47905814374104083
9,grid_0.5971,grid,0.5971,3267308.5140756126,grid,,1.6,0.7225283267439045,0.24021592778113676,0.05122999334177245,0.006473698617979862,1.990196550512759,0.47919902912111206
9,grid_0.6049,grid,0.6049,3519858.417591811,grid,,1.6,0.7234450902990249,0.24017143846737662,0.05122338514904333,0.0064589347064455405,1.9899136186678525,0.47922614717009976
9,grid_0.6500,grid,0.65,5317180.27745932,grid,,1.6,0.728287666232826,0.23989535964466754,0.05118422379714327,0.00636555978190112,1.9888608128031335,0.4793932404375886
9,grid_0.7139,grid,0.7139,,grid,,1.6,0.7343152819858668,0.23961846330430311,0.051132309354242074,0.006284698602073591,1.9883680205154264,0.479730317790316
9,grid_0.7892,grid,0.7892,,grid,,1.6,0.7400568714427233,0.2392294766092349,0.051073812565316484,0.00615692991341199,1.9891890273993764,0.4802176471302153
9,grid_0.8000,grid,0.8,,grid,,1.6,0.7407656259697853,0.2391706284397876,0.051065557200285265,0.00613703230799767,1.9894708573294047,0.480296889739238
9,grid_0.8904,grid,0.8904,,grid,,1.6,0.7459532974176039,0.2385056615768014,0.051000818926525825,0.005884131677661886,1.992242342185667,0.4808702682586935
9,grid_0.9500,grid,0.95,,grid,,1.6,0.7480088261153576,0.2378042493907953,0.05095201401721022,0.005598847011109354,1.9956735085777195,0.4810439985096683
9,grid_1.0112,grid,1.0112,,grid,,1.6,0.7487781473380819,0.23672998706519452,0.05089399604159507,0.005147090734292092,2.0009299363071213,0.48098961447780414
9,rtp475,rtp,0.037323965686928307,475.0,grid,,1.65,0.5145956496281747,0.2562805569284827,0.051973048782525316,0.013706675077047925,2.472852307309208,0.6173130721166286
9,rtp2500,rtp,0.07893828533080166,2500.0,grid,,1.65,0.5551690512146074,0.2497124638816972,0.051875466950422715,0.010480847667445226,2.2189501468816752,0.5400998413141703
9,rtp5000,rtp,0.10469825084886594,5000.0,grid,,1.65,0.5741276505767093,0.24733341590001454,0.05180352665196022,0.009370291968809341,2.153812211093851,0.5161141469363797
9,rtp10000,rtp,0.13573457197867408,10000.0,grid,,1.65,0.5934219577851804,0.24549771332673964,0.051724343748090616,0.008544783500567421,2.108401331540104,0.5005159692531702
9,grid_0.1645,grid,0.1645,17086.887630361798,grid,,1.65,0.6086533561282476,0.2443976982315657,0.05166057741797879,0.008069657482908665,2.0818814495650244,0.4925909292469068
9,grid_0.2109,grid,0.2109,38016.34259884634,grid,,1.65,0.6291728508217961,0.2432508055591359,0.05157361650181483,0.007597337903353707,2.054405673836115,0.48586662653169416
9,grid_0.2423,grid,0.2423,60168.39835225222,grid,,1.65,0.6409159866755076,0.24273636316734468,0.05152388330143269,0.00739705870227636,2.0416442223023377,0.4834168748869406
9,grid_0.2700,grid,0.27,90491.49965570691,grid,,1.65,0.6501295439889683,0.24236798748950075,0.051484203472034196,0.007258037887676594,2.032780370523895,0.4820124213644679
9,grid_0.2850,grid,0.285,110952.39189157447,grid,,1.65,0.654749181375371,0.24219902259806014,0.051464247750072176,0.007196118797383466,2.0286591944470502,0.4814402307103812
9,grid_0.3100,grid,0.31,152339.71723355792,grid,,1.65,0.6619545379852818,0.24195895919770696,0.051433240755001705,0.007110897181035913,2.022633083320074,0.48071983182039196
9,grid_0.3300,grid,0.33,192833.76042663888,grid,,1.65,0.6673004338155875,0.24178952502816026,0.05140992397604854,0.007052250437294794,2.01843250383222,0.48028591935486153
9,grid_0.3434,grid,0.3434,224994.57905754208,grid,,1.65,0.6707066451185387,0.24169062727443985,0.05139508019654726,0.007019279115764943,2.0158701339087766,0.4800472662731915
9,grid_0.3600,grid,0.36,276084.29674193484,grid,,1.65,0.6747428708074188,0.2415765316248101,0.05137741351091418,0.006981807120958694,2.0129469784341603,0.4798017663116473
9,grid_0.3649,grid,0.3649,292746.6504194461,grid,,1.65,0.6758938483450331,0.24154286927592253,0.05137229850244443,0.00697065919560097,2.012132247618831,0.47973765351823705
9,grid_0.4000,grid,0.4,435896.9658466642,grid,,1.65,0.6836416450997473,0.24130082707755285,0.05133662421872275,0.006889464929588307,2.0069005870568626,0.47938088608364854
9,grid_0.4500,grid,0.45,726292.3921593538,grid,,1.65,0.693465001022183,0.2410091642227068,0.05128991325643813,0.006795503982889528,2.0008711144778824,0.47909345760002126
9,grid_0.4898,grid,0.4898,1048746.8483918863,grid,,1.65,0.7004249487084682,0.24083233088627648,0.051255925258961534,0.0067442863411554255,1.9969992181167642,0.4790168595222193
9,grid_0.5000,grid,0.5,1180378.403820937,grid,,1.65,0.7020929901744712,0.2407894233410668,0.051247452058640966,0.006732094334282512,1.9961189669135728,0.4790064877299929
9,grid_0.5500,grid,0.55,2039290.7278390124,grid,,1.65,0.7096082290699085,0.24058206085091322,0.05120631920512225,0.00667340879815026,1.9925344601070898,0.47905814374104083
9,grid_0.5971,grid,0.5971,3267308.5140756126,grid,,1.65,0.7157173909144446,0.24037020716960183,0.05116698539934837,0.006610851095408932,1.990196550512759,0.47919902912111206
9,grid_0.6049,grid,0.6049,3519858.417591811,grid,,1.65,0.7166207395997957,0.24032527762535488,0.05116006433621741,0.006596174729486481,1.9899136186678525,0.47922614717009976
9,grid_0.6500,grid,0.65,5317180.27745932,grid,,1.65,0.7213820927287902,0.2400439038643158,0.051119048797083684,0.006502026985337195,1.9888608128031335,0.4793932404375886
9,grid_0.7139,grid,0.7139,,grid,,1.65,0.7272989738267996,0.2397634932124494,0.051064678385934176,0.006421854291502105,1.9883680205154264,0.479730317790316
9,grid_0.7892,grid,0.7892,,grid,,1.65,0.7329124281608186,0.23936719000150494,0.05100341449743581,0.006293237151780762,1.9891890273993764,0.4802176471302153
9,grid_0.8000,grid,0.8,,grid,,1.65,0.7336024211938039,0.23930684585564724,0.050994768603653935,0.0062729978697245725,1.9894708573294047,0.480296889739238
9,grid_0.8904,grid,0.8904,,grid,,1.65,0.7386395747246958,0.23862097593007753,0.050926965759801886,0.006013004394020749,1.992242342185667,0.4808702682586935
9,grid_0.9500,grid,0.95,,grid,,1.65,0.7405848984343152,0.23788774405556629,0.05087584792646207,0.005714730845384541,1.9956735085777195,0.4810439985096683
9,grid_1.0112,grid,1.0112,,grid,,1.65,0.7412252606931699,0.236759726989859,0.0508150792518638,0.0052400890724487725,2.0009299363071213,0.48098961447780414
9,rtp475,rtp,0.037323965686928307,475.0,grid,,1.7,0.5056678738909213,0.25651185521331665,0.05180864047301698,0.013989691391960546,2.472852307309208,0.6173130721166286
9,rtp2500,rtp,0.07893828533080166,2500.0,grid,,1.7,0.5483377706488185,0.24970682928680016,0.05170874874237465,0.010644751850092504,2.2189501468816752,0.5400998413141703
9,rtp5000,rtp,0.10469825084886594,5000.0,grid,,1.7,0.5678598709377486,0.24727514253773392,0.051634410034820756,0.009510586082235872,2.153812211093851,0.5161141469363797
9,rtp10000,rtp,0.13573457197867408,10000.0,grid,,1.7,0.5875067025904953,0.2454085061445135,0.05155241217686007,0.008672922711221664,2.108401331540104,0.5005159692531702
9,grid_0.1645,grid,0.1645,17086.887630361798,grid,,1.7,0.6029044742189985,0.24429533483870644,0.05148630104988979,0.008193909574065905,2.0818814495650244,0.4925909292469068
9,grid_0.2109,grid,0.2109,38016.34259884634,grid,,1.7,0.6235365794761725,0.24314138812033734,0.05139608026362318,0.007721654353461338,2.054405673836115,0.48586662653169416
9,grid_0.2423,grid,0.2423,60168.39835225222,grid,,1.7,0.635300444405125,0.24262776132741612,0.051344458884522874,0.007523771682230729,2.0416442223023377,0.4834168748869406
9,grid_0.2700,grid,0.27,90491.49965570691,grid,,1.7,0.6445113611905574,0.2422612675503997,0.05130326656972201,0.00738725518540434,2.032780370523895,0.4820124213644679
9,grid_0.2850,grid,0.285,110952.39189157447,grid,,1.7,0.6491242741042414,0.24209365491569243,0.051282547963602716,0.007326789786835652,2.0286591944470502,0.4814402307103812
9,grid_0.3100,grid,0.31,152339.71723355792,grid,,1.7,0.6563124349552253,0.24185644599300352,0.05125035095863741,0.007244189509729215,2.022633083320074,0.48071983182039196
9,grid_0.3300,grid,0.33,192833.76042663888,grid,,1.7,0.661640519322136,0.24168936009858666,0.05122613616399909,0.0071876106208652035,2.01843250383222,0.48028591935486153
9,grid_0.3434,grid,0.3434,224994.57905754208,grid,,1.7,0.6650334532051191,0.2415921088421513,0.05121071966739803,0.007156027387399844,2.0158701339087766,0.4800472662731915
9,grid_0.3600,grid,0.36,276084.29674193484,grid,,1.7,0.6690518838094075,0.2414799623373766,0.051192371149914484,0.007120201060546338,2.0129469784341603,0.4798017663116473
9,grid_0.3649,grid,0.3649,292746.6504194461,grid,,1.7,0.6701973650129818,0.24144681780534288,0.05118705878218967,0.007109507046136776,2.012132247618831,0.47973765351823705
9,grid_0.4000,grid,0.4,435896.9658466642,grid,,1.7,0.6779024527803056,0.24120745976122496,0.05115000893748995,0.007031029706973002,2.0069005870568626,0.47938088608364854
9,grid_0.4500,grid,0.45,726292.3921593538,grid,,1.7,0.687659943505024,0.24091873078112316,0.05110149237900647,0.006940342462180837,2.0008711144778824,0.47909345760002126
9,grid_0.4898,grid,0.4898,1048746.8483918863,grid,,1.7,0.6945658715636852,0.2407451068122167,0.05106617758856121,0.006892028865464417,1.9969992181167642,0.4790168595222193
9,grid_0.5000,grid,0.5,1180378.403820937,grid,,1.7,0.6962199692229881,0.24070285196541763,0.05105737366110157,0.006880489283184188,1.9961189669135728,0.4790064877299929
9,grid_0.5500,grid,0.55,2039290.7278390124,grid,,1.7,0.7036641228255357,0.24049790763409037,0.05101463552235794,0.0068246080540175225,1.9925344601070898,0.47905814374104083
9,grid_0.5971,grid,0.5971,3267308.5140756126,grid,,1.7,0.7097018886902645,0.2402862930836265,0.050973766947290944,0.006763735696579509,1.990196550512759,0.47919902912111206
9,grid_0.6049,grid,0.6049,3519858.417591811,grid,,1.7,0.7105927121917495,0.24024095392617856,0.05096657580437816,0.00674914013898209,1.9899136186678525,0.47922614717009976
9,grid_0.6500,grid,0.65,5317180.27745932,grid,,1.7,0.7152778477985191,0.23995455719024467,0.050923959635945315,0.006654229880421081,1.9888608128031335,0.4793932404375886
9,grid_0.7139,grid,0.7139,,grid,,1.7,0.7210900209268031,0.23967101620266815,0.05086747024672238,0.006574725760897238,1.9883680205154264,0.479730317790316
9,grid_0.7892,grid,0.7892,,grid,,1.7,0.7265814641700047,0.23926785363609218,0.0508038190760828,0.0064452867075396325,1.9891890273993764,0.4802176471302153
9,grid_0.8000,grid,0.8,,grid,,1.7,0.7272535183194893,0.23920610520033206,0.050794836245061835,0.0064247245200504954,1.9894708573294047,0.480296889739238
9,grid_0.8904,grid,0.8904,,grid,,1.7,0.7321467536395962,0.23849992122033,0.05072438822500109,0.006157824197102535,1.992242342185667,0.4808702682586935
9,grid_0.9500,grid,0.95,,grid,,1.7,0.7339860145136643,0.2377351214379512,0.050671272554561816,0.005846715410555592,1.9956735085777195,0.4810439985096683
9,grid_1.0112,grid,1.0112,,grid,,1.7,0.7345016977448648,0.2365535331286908,0.05060812726051047,0.005349446775156141,2.0009299363071213,0.48098961447780414
9,rtp475,rtp,0.037323965686928307,475.0,grid,,1.75,0.49706365655132545,0.2565906656519983,0.05153001481565394,0.01430875488408162,2.472852307309208,0.6173130721166286
9,rtp2500,rtp,0.07893828533080166,2500.0,grid,,1.75,0.5417519502315497,0.24954257259364276,0.05142819458418847,0.010843300952464996,2.2189501468816752,0.5400998413141703
9,rtp5000,rtp,0.10469825084886594,5000.0,grid,,1.75,0.5618179837510777,0.2470512603880651,0.05135182470358828,0.009682500555743268,2.153812211093851,0.5161141469363797
9,rtp10000,rtp,0.13573457197867408,10000.0,grid,,1.75,0.5818051966660996,0.24514822241261328,0.05126743903402399,0.00883021191804012,2.108401331540104,0.5005159692531702
9,grid_0.1645,grid,0.1645,17086.887630361798,grid,,1.75,0.5973633984627117,0.24401888495706645,0.05119933752649186,0.008345878689198172,2.0818814495650244,0.4925909292469068
9,grid_0.2109,grid,0.2109,38016.34259884634,grid,,1.75,0.6181035057700397,0.24285542867119964,0.05110634900715201,0.007872410227920124,2.054405673836115,0.48586662653169416
9,grid_0.2423,grid,0.2423,60168.39835225222,grid,,1.75,0.6298866713013489,0.2423418488491132,0.05105312433535869,0.007676447368247741,2.0416442223023377,0.4834168748869406
9,grid_0.2700,grid,0.27,90491.49965570691,grid,,1.75,0.6390943168995973,0.24197693789351346,0.051010647781688886,0.007542190690632389,2.032780370523895,0.4820124213644679
9,grid_0.2850,grid,0.285,110952.39189157447,grid,,1.75,0.6437003134380845,0.24181060890782025,0.05098928142212105,0.007483089158249745,2.0286591944470502,0.4814402307103812
9,grid_0.3100,grid,0.31,152339.71723355792,grid,,1.75,0.650871115941692,0.24157624084277782,0.05095607393916518,0.007403006200562612,2.022633083320074,0.48071983182039196
9,grid_0.3300,grid,0.33,192833.76042663888,grid,,1.75,0.6561813468656098,0.24141155156120328,0.0509310965501478,0.007348440677039714,2.01843250383222,0.48028591935486153
9,grid_0.3434,grid,0.3434,224994.57905754208,grid,,1.75,0.6595610050086659,0.24131600567670466,0.05091519370267043,0.0073182208930889225,2.0158701339087766,0.4800472662731915
9,grid_0.3600,grid,0.36,276084.29674193484,grid,,1.75,0.6635616808999035,0.24120591413193743,0.05089626620265499,0.007284026809568578,2.0129469784341603,0.4798017663116473
9,grid_0.3649,grid,0.3649,292746.6504194461,grid,,1.75,0.6647016819635193,0.24117332312262,0.05089078625093005,0.007273785535077626,2.012132247618831,0.47973765351823705
9,grid_0.4000,grid,0.4,435896.9658466642,grid,,1.75,0.6723642349363844,0.24093697179040224,0.05085256841645201,0.0071980559590770765,2.0069005870568626,0.47938088608364854
9,grid_0.4500,grid,0.45,726292.3921593538,grid,,1.75,0.6820561157338044,0.2406517340083774,0.050802518722345064,0.007110738358893753,2.0008711144778824,0.47909345760002126
9,grid_0.4898,grid,0.4898,1048746.8483918863,grid,,1.75,0.6889080185165168,0.240481719525134,0.0507660770517188,0.007065380374046415,1.9969992181167642,0.4790168595222193
9,grid_0.5000,grid,0.5,1180378.403820937,grid,,1.75,0.6905481427327191,0.2404402194544368,0.050756992246330616,0.0070545068849671155,1.9961189669135728,0.4790064877299929
9,grid_0.5500,grid,0.55,2039290.7278390124,grid,,1.75,0.6979208829049257,0.24023821854544997,0.05071289087132851,0.007001510778562869,1.9925344601070898,0.47905814374104083
9,grid_0.5971,grid,0.5971,3267308.5140756126,grid,,1.75,0.7038865687063592,0.2400273186400453,0.050670719070270605,0.00694239462325924,1.990196550512759,0.47919902912111206
9,grid_0.6049,grid,0.6049,3519858.417591811,grid,,1.75,0.7047646968738388,0.2399816325196649,0.050663298582647814,0.006927885364155673,1.9899136186678525,0.47922614717009976
9,grid_0.6500,grid,0.65,5317180.27745932,grid,,1.75,0.7093725296152793,0.2396906172967981,0.05061932316534352,0.006832268854776613,1.9888608128031335,0.4793932404375886
9,grid_0.7139,grid,0.7139,,grid,,1.75,0.7150776414606702,0.23940450223339824,0.050561035512991154,0.006753480176630022,1.9883680205154264,0.479730317790316
9,grid_0.7892,grid,0.7892,,grid,,1.75,0.7204436675115583,0.23899497616566132,0.050495358522728295,0.006623240109696726,1.9891890273993764,0.4802176471302153
9,grid_0.8000,grid,0.8,,grid,,1.75,0.7210972615890691,0.2389319068909921,0.05048608975713758,0.006602366373428148,1.9894708573294047,0.480296889739238
9,grid_0.8904,grid,0.8904,,grid,,1.75,0.725842407536469,0.23820574853863707,0.0504133957863582,0.006328582850494202,1.992242342185667,0.4808702682586935
9,grid_0.9500,grid,0.95,,grid,,1.75,0.7275722741782201,0.23740909266089896,0.05035858232860988,0.006004494949461425,1.9956735085777195,0.4810439985096683
9,grid_1.0112,grid,1.0112,,grid,,1.75,0.7279594212090992,0.2361731648122508,0.05029341669368302,0.005484347083751562,2.0009299363071213,0.48098961447780414
9,rtp475,rtp,0.037323965686928307,475.0,grid,,1.8,0.4887454537382699,0.2565195797076927,0.051142851522606544,0.01465944325080476,2.472852307309208,0.6173130721166286
9,rtp2500,rtp,0.07893828533080166,2500.0,grid,,1.8,0.5353749257739041,0.2492241733952543,0.051039477309389625,0.011073211295158147,2.2189501468816752,0.5400998413141703
9,rtp5000,rtp,0.10469825084886594,5000.0,grid,,1.8,0.5559655432684689,0.24666723069825922,0.05096143468325086,0.00988328801709737,2.153812211093851,0.5161141469363797
9,rtp10000,rtp,0.13573457197867408,10000.0,grid,,1.8,0.5762811159558412,0.2447230814062047,0.0508750775587029,0.009014309014244992,2.108401331540104,0.5005159692531702
9,grid_0.1645,grid,0.1645,17086.887630361798,grid,,1.8,0.5919938538916184,0.24357502316945118,0.0508053308883376,0.008523461023661083,2.0818814495650244,0.4925909292469068
9,grid_0.2109,grid,0.2109,38016.34259884634,grid,,1.8,0.6128373707274216,0.2424000645557688,0.050710053763243945,0.008047737533396937,2.054405673836115,0.48586662653169416
9,grid_0.2423,grid,0.2423,60168.39835225222,grid,,1.8,0.6246384017644747,0.24188597394244385,0.05065550305961611,0.00785332133046851,2.0416442223023377,0.4834168748869406
9,grid_0.2700,grid,0.27,90491.49965570691,grid,,1.8,0.6338421316314055,0.24152248632832582,0.050611964373138724,0.007721147029077613,2.032780370523895,0.4820124213644679
9,grid_0.2850,grid,0.285,110952.39189157447,grid,,1.8,0.6384410113524897,0.24135743579088725,0.05059006228295517,0.0076633495285970965,2.0286591944470502,0.4814402307103812
9,grid_0.3100,grid,0.31,152339.71723355792,grid,,1.8,0.6455942795171247,0.2411259859013694,0.05055601899190277,0.007585722085004631,2.022633083320074,0.48071983182039196
9,grid_0.3300,grid,0.33,192833.76042663888,grid,,1.8,0.6508866054394375,0.24096380356552208,0.0505304107535749,0.007533143875188608,2.01843250383222,0.48028591935486153
9,grid_0.3434,grid,0.3434,224994.57905754208,grid,,1.8,0.6542529837326555,0.24087005929711724,0.05051410557228901,0.00750427989350777,2.0158701339087766,0.4800472662731915
9,grid_0.3600,grid,0.36,276084.29674193484,grid,,1.8,0.6582359378743807,0.2407621696682607,0.05049469913808246,0.007471723205285885,2.0129469784341603,0.4798017663116473
9,grid_0.3649,grid,0.3649,292746.6504194461,grid,,1.8,0.6593704728602839,0.24073017906503316,0.05048908056648207,0.007461938546200864,2.012132247618831,0.47973765351823705
9,grid_0.4000,grid,0.4,435896.9658466642,grid,,1.8,0.6669906501478162,0.24049722320150624,0.05044989665897798,0.007389017708657131,2.0069005870568626,0.47938088608364854
9,grid_0.4500,grid,0.45,726292.3921593538,grid,,1.8,0.6766171647443706,0.24021610313536074,0.050398578847980186,0.00730519735755808,2.0008711144778824,0.47909345760002126
9,grid_0.4898,grid,0.4898,1048746.8483918863,grid,,1.8,0.6834150508718162,0.24005014395948218,0.05036120471875287,0.007262866896215248,1.9969992181167642,0.4790168595222193
9,grid_0.5000,grid,0.5,1180378.403820937,grid,,1.8,0.6850411779410017,0.24000951082832733,0.05035188751399917,0.007252677774053806,1.9961189669135728,0.4790064877299929
9,grid_0.5500,grid,0.55,2039290.7278390124,grid,,1.8,0.6923422235387449,0.2398110158316589,0.05030665828913144,0.007202665025080712,1.9925344601070898,0.47905814374104083
9,grid_0.5971,grid,0.5971,3267308.5140756126,grid,,1.8,0.6982352218689091,0.2396013240081421,0.05026340842187748,0.007145386044577207,1.990196550512759,0.47919902912111206
9,grid_0.6049,grid,0.6049,3519858.417591811,grid,,1.8,0.6991005015824939,0.23955535490446056,0.050255798202430445,0.007130969860971614,1.9899136186678525,0.47922614717009976
9,grid_0.6500,grid,0.65,5317180.27745932,grid,,1.8,0.7036300523521547,0.2392601166179109,0.05021069826988931,0.007034705134127017,1.9888608128031335,0.4793932404375886
9,grid_0.7139,grid,0.7139,,grid,,1.8,0.7092259689773632,0.23897197120806749,0.05015092414470717,0.006956678878362266,1.9883680205154264,0.479730317790316
9,grid_0.7892,grid,0.7892,,grid,,1.8,0.7144634760212971,0.23855654854128977,0.05008357272742166,0.0068256541245110824,1.9891890273993764,0.4802176471302153
9,grid_0.8000,grid,0.8,,grid,,1.8,0.7150981350105391,0.23849223447744902,0.0500740676101083,0.006804478295938221,1.9894708573294047,0.480296889739238
9,grid_0.8904,grid,0.8904,,grid,,1.8,0.7196913784199398,0.23774636990764872,0.04999951589422057,0.006523820510043965,1.992242342185667,0.4808702682586935
9,grid_0.9500,grid,0.95,,grid,,1.8,0.721308785347362,0.2369174722167722,0.04994329653481394,0.006186592106771083,1.9956735085777195,0.4810439985096683
9,grid_1.0112,grid,1.0112,,grid,,1.8,0.7215638332336126,0.23562627753930937,0.04987645719644952,0.005643285470582127,2.0009299363071213,0.48098961447780414
9,rtp475,rtp,0.037323965686928307,475.0,grid,,1.85,0.4774043801327368,0.25749169802973376,0.051260840005188636,0.015041134549046958,2.472852307309208,0.6173130721166286
9,rtp2500,rtp,0.07893828533080166,2500.0,grid,,1.85,0.5252355571461289,0.24993525741804276,0.05115567114749042,0.011311961753132871,2.2189501468816752,0.5400998413141703
9,rtp5000,rtp,0.10469825084886594,5000.0,grid,,1.85,0.5459001007657751,0.24731137973323383,0.051076185486818367,0.010086733058737418,2.153812211093851,0.5161141469363797
9,rtp10000,rtp,0.13573457197867408,10000.0,grid,,1.85,0.5660403632122759,0.2453267288036798,0.050988211616551454,0.00919699224896281,2.108401331540104,0.5005159692531702
9,grid_0.1645,grid,0.1645,17086.887630361798,grid,,1.85,0.5814893519874005,0.2441606104353688,0.05091715064653321,0.008697253041638708,2.0818814495650244,0.4925909292469068
9,grid_0.2109,grid,0.2109,38016.34259884634,grid,,1.85,0.6018527823150409,0.2429762101942324,0.050820071978199245,0.008217366742152565,2.054405673836115,0.48586662653169416
9,grid_0.2423,grid,0.2423,60168.39835225222,grid,,1.85,0.6133298732219947,0.24246317413160828,0.0507644875219954,0.008023903287979195,2.0416442223023377,0.4834168748869406
9,grid_0.2700,grid,0.27,90491.49965570691,grid,,1.85,0.6222572906406433,0.2421031509324266,0.050720123306981564,0.007893812384427767,2.032780370523895,0.4820124213644679
9,grid_0.2850,grid,0.285,110952.39189157447,grid,,1.85,0.6267113413791483,0.24194047506171462,0.050697805750598894,0.007837387722489264,2.0286591944470502,0.4814402307103812
9,grid_0.3100,grid,0.31,152339.71723355792,grid,,1.85,0.6336308232155202,0.24171362909756697,0.050663116205149725,0.007762362286366453,2.022633083320074,0.48071983182039196
9,grid_0.3300,grid,0.33,192833.76042663888,grid,,1.85,0.638743229744034,0.24155532336839025,0.05063702148805353,0.007711952759554053,2.01843250383222,0.48028591935486153
9,grid_0.3434,grid,0.3434,224994.57905754208,grid,,1.85,0.6419926261420558,0.24146417845573342,0.05062040646943198,0.007684543007870304,2.0158701339087766,0.4800472662731915
9,grid_0.3600,grid,0.36,276084.29674193484,grid,,1.85,0.6458343911755581,0.24135953719264058,0.05060063128777378,0.007653794906071876,2.0129469784341603,0.4798017663116473
9,grid_0.3649,grid,0.3649,292746.6504194461,grid,,1.85,0.6469280606302761,0.24132850789374657,0.05059490596715295,0.00764454275506915,2.012132247618831,0.47973765351823705
9,grid_0.4000,grid,0.4,435896.9658466642,grid,,1.85,0.6542647853979774,0.24110209222318285,0.05055497772761202,0.007575241146784151,2.0069005870568626,0.47938088608364854
9,grid_0.4500,grid,0.45,726292.3921593538,grid,,1.85,0.6635147263101583,0.2408294464696243,0.05050268470234674,0.0074961375845188916,2.0008711144778824,0.47909345760002126
9,grid_0.4898,grid,0.4898,1048746.8483918863,grid,,1.85,0.6700333158757692,0.24067034442497318,0.050464598819427144,0.007457615866208078,1.9969992181167642,0.4790168595222193
9,grid_0.5000,grid,0.5,1180378.403820937,grid,,1.85,0.6715906128439595,0.24063130879773567,0.05045510420445657,0.007448322569254651,1.9961189669135728,0.4790064877299929
9,grid_0.5500,grid,0.55,2039290.7278390124,grid,,1.85,0.6785658571398601,0.2404403967218131,0.050409013903196104,0.007402570472546777,1.9925344601070898,0.47905814374104083
9,grid_0.5971,grid,0.5971,3267308.5140756126,grid,,1.85,0.6841667737476174,0.2402366908994582,0.050364940838145786,0.007348726816176043,1.990196550512759,0.47919902912111206
9,grid_0.6049,grid,0.6049,3519858.417591811,grid,,1.85,0.6849847209964721,0.240191488249098,0.05035718575281841,0.007334765274498167,1.9899136186678525,0.47922614717009976
9,grid_0.6500,grid,0.65,5317180.27745932,grid,,1.85,0.6892443622537179,0.23989839881729286,0.05031122725612202,0.007240014498978875,1.9888608128031335,0.4793932404375886
9,grid_0.7139,grid,0.7139,,grid,,1.85,0.6944785620853864,0.23961576158751036,0.050250317017860625,0.007165396183301975,1.9883680205154264,0.479730317790316
9,grid_0.7892,grid,0.7892,,grid,,1.85,0.6993172839040205,0.23920555240284483,0.05018168568755991,0.007037610612790235,1.9891890273993764,0.4802176471302153
9,grid_0.8000,grid,0.8,,grid,,1.85,0.699896017223115,0.23914161018794108,0.050171999919259413,0.007016709804021748,1.9894708573294047,0.480296889739238
9,grid_0.8904,grid,0.8904,,grid,,1.85,0.7040481178936676,0.23839291601447674,0.05009602948028868,0.006735152925596677,1.992242342185667,0.4808702682586935
9,grid_0.9500,grid,0.95,,grid,,1.85,0.7053791084880876,0.2375463054697663,0.050038737978113805,0.0063895092642217155,1.9956735085777195,0.4810439985096683
9,grid_1.0112,grid,1.0112,,grid,,1.85,0.7053361942321538,0.2362204567569862,0.049970622945820255,0.0058294812446589295,2.0009299363071213,0.48098961447780414
9,rtp475,rtp,0.037323965686928307,475.0,grid,,1.9,0.4663979210150185,0.25845013231061625,0.0513098758733887,0.015486595017986354,2.472852307309208,0.6173130721166286
9,rtp2500,rtp,0.07893828533080166,2500.0,grid,,1.9,0.5153819020025757,0.2506104786336434,0.05120311001426952,0.011602501986714309,2.2189501468816752,0.5400998413141703
9,rtp5000,rtp,0.10469825084886594,5000.0,grid,,1.9,0.5361148027373672,0.24790439110766765,0.051122343573947876,0.010334243556515577,2.153812211093851,0.5161141469363797
9,rtp10000,rtp,0.13573457197867408,10000.0,grid,,1.9,0.5560819195491891,0.24586735916511718,0.05103293595380968,0.009417822349019056,2.108401331540104,0.5005159692531702
9,grid_0.1645,grid,0.1645,17086.887630361798,grid,,1.9,0.5712725121480073,0.2446764075009303,0.05096071005560373,0.008905834331957574,2.0818814495650244,0.4925909292469068
9,grid_0.2109,grid,0.2109,38016.34259884634,grid,,1.9,0.5911664437351921,0.2434763300337349,0.050862035237665415,0.008418688049030787,2.054405673836115,0.48586662653169416
9,grid_0.2423,grid,0.2423,60168.39835225222,grid,,1.9,0.60232686211332,0.2429618939747881,0.05080553515232124,0.008224946771494934,2.0416442223023377,0.4834168748869406
9,grid_0.2700,grid,0.27,90491.49965570691,grid,,1.9,0.6109841725478384,0.24260388295786453,0.050760439835828765,0.008096204190404466,2.032780370523895,0.4820124213644679
9,grid_0.2850,grid,0.285,110952.39189157447,grid,,1.9,0.6152966341727838,0.24244298098619596,0.050737754367785166,0.008040844661687807,2.0286591944470502,0.4814402307103812
9,grid_0.3100,grid,0.31,152339.71723355792,grid,,1.9,0.62198752997201,0.24221995652571351,0.05070249258106629,0.007968014758252262,2.022633083320074,0.48071983182039196
9,grid_0.3300,grid,0.33,192833.76042663888,grid,,1.9,0.6269239738083827,0.24206503861071985,0.0506759671218353,0.00791951579577399,2.01843250383222,0.48028591935486153
9,grid_0.3434,grid,0.3434,224994.57905754208,grid,,1.9,0.6300589429527214,0.24197622313301745,0.05065907777834005,0.007893414783379793,2.0158701339087766,0.4800472662731915
9,grid_0.3600,grid,0.36,276084.29674193484,grid,,1.9,0.6337625894732164,0.24187455682715228,0.05063897612637441,0.007864325113956905,2.0129469784341603,0.4798017663116473
9,grid_0.3649,grid,0.3649,292746.6504194461,grid,,1.9,0.6348162765808558,0.24184441702075016,0.05063315629666511,0.007855565747441395,2.012132247618831,0.47973765351823705
9,grid_0.4000,grid,0.4,435896.9658466642,grid,,1.9,0.6418756029338278,0.24162415289965997,0.050592569073456634,0.007789662191021618,2.0069005870568626,0.47938088608364854
9,grid_0.4500,grid,0.45,726292.3921593538,grid,,1.9,0.6507567889689757,0.24135966692177238,0.05053941271574558,0.007715076100843321,2.0008711144778824,0.47909345760002126
9,grid_0.4898,grid,0.4898,1048746.8483918863,grid,,1.9,0.657001574779551,0.2412072197409806,0.05050069680688499,0.007680226048288719,1.9969992181167642,0.4790168595222193
9,grid_0.5000,grid,0.5,1180378.403820937,grid,,1.9,0.6584913523763973,0.24116973654521948,0.05049104515846258,0.00767179666682799,1.9961189669135728,0.4790064877299929
9,grid_0.5500,grid,0.55,2039290.7278390124,grid,,1.9,0.6651466951041481,0.24098626798279724,0.05044419270989135,0.007630188646385205,1.9925344601070898,0.47905814374104083
9,grid_0.5971,grid,0.5971,3267308.5140756126,grid,,1.9,0.6704602607198592,0.24078845782882563,0.05039939106435347,0.007579690359230673,1.990196550512759,0.47919902912111206
9,grid_0.6049,grid,0.6049,3519858.417591811,grid,,1.9,0.6712315612201792,0.24074399341683583,0.0503915077605002,0.007566162605785298,1.9899136186678525,0.47922614717009976
9,grid_0.6500,grid,0.65,5317180.27745932,grid,,1.9,0.6752249643330143,0.24045295188898347,0.05034478935066603,0.007472832721459766,1.9888608128031335,0.4793932404375886
9,grid_0.7139,grid,0.7139,,grid,,1.9,0.6801015327561466,0.2401756761789398,0.050282873909859443,0.007401481518151509,1.9883680205154264,0.479730317790316
9,grid_0.7892,grid,0.7892,,grid,,1.9,0.6845450733100736,0.23977044369591693,0.050213110190669714,0.007276755479467156,1.9891890273993764,0.4802176471302153
9,grid_0.8000,grid,0.8,,grid,,1.9,0.6850683266180589,0.23970686215670775,0.05020326458912164,0.007256115175893252,1.9894708573294047,0.480296889739238
9,grid_0.8904,grid,0.8904,,grid,,1.9,0.6887826546820526,0.23895503450115768,0.05012603854424074,0.006973469969208723,1.992242342185667,0.4808702682586935
9,grid_0.9500,grid,0.95,,grid,,1.9,0.689828481459777,0.23809013282908786,0.05006779770197241,0.006619113648600294,1.9956735085777195,0.4810439985096683
9,grid_1.0112,grid,1.0112,,grid,,1.9,0.6894881157142936,0.23672872181773857,0.049998552884705054,0.006041934848755204,2.0009299363071213,0.48098961447780414
9,rtp475,rtp,0.037323965686928307,475.0,grid,,1.95,0.45570856162205187,0.2594100305719274,0.051303488985313506,0.015990074976014818,2.472852307309208,0.6173130721166286
9,rtp2500,rtp,0.07893828533080166,2500.0,grid,,1.95,0.505800467295678,0.25126837298067894,0.051195298807655186,0.011940496452702398,2.2189501468816752,0.5400998413141703
9,rtp5000,rtp,0.10469825084886594,5000.0,grid,,1.95,0.526597008533587,0.2484665230094753,0.051113396107507814,0.010622216948910301,2.153812211093851,0.5161141469363797
9,rtp10000,rtp,0.13573457197867408,10000.0,grid,,1.95,0.5463935903884275,0.24636651633422188,0.05102271836931506,0.009673742001345353,2.108401331540104,0.5005159692531702
9,grid_0.1645,grid,0.1645,17086.887630361798,grid,,1.95,0.5613313087477575,0.24514469052262264,0.05094946138802147,0.009146457903410954,2.0818814495650244,0.4925909292469068
9,grid_0.2109,grid,0.2109,38016.34259884634,grid,,1.95,0.5807664001775562,0.24392339906402513,0.05084937468986148,0.008649249921086177,2.054405673836115,0.48586662653169416
9,grid_0.2423,grid,0.2423,60168.39835225222,grid,,1.95,0.5916174048884328,0.24340540359429114,0.05079206503639174,0.008454125462508011,2.0416442223023377,0.4834168748869406
9,grid_0.2700,grid,0.27,90491.49965570691,grid,,1.95,0.6000107891296784,0.2430481421512105,0.05074632342533266,0.008326075977822367,2.032780370523895,0.4820124213644679
9,grid_0.2850,grid,0.285,110952.39189157447,grid,,1.95,0.6041848855219321,0.24288849700285983,0.0507233127635663,0.008271509212741945,2.0286591944470502,0.4814402307103812
9,grid_0.3100,grid,0.31,152339.71723355792,grid,,1.95,0.6106523675786899,0.2426686281425446,0.05068754523750379,0.008200517847080813,2.022633083320074,0.48071983182039196
9,grid_0.3300,grid,0.33,192833.76042663888,grid,,1.95,0.6154167844946111,0.24251668810137686,0.05066063912724401,0.008153704880416501,2.01843250383222,0.48028591935486153
9,grid_0.3434,grid,0.3434,224994.57905754208,grid,,1.95,0.6184398678103423,0.2424299784765742,0.0506435073780509,0.008128787086101319,2.0158701339087766,0.4800472662731915
9,grid_0.3600,grid,0.36,276084.29674193484,grid,,1.95,0.6220084502329486,0.2423310645433505,0.05062311725617403,0.008101227586539472,2.0129469784341603,0.4798017663116473
9,grid_0.3649,grid,0.3649,292746.6504194461,grid,,1.95,0.6230230337274786,0.24230175653285632,0.050617213918986964,0.008092927299920616,2.012132247618831,0.47973765351823705
9,grid_0.4000,grid,0.4,435896.9658466642,grid,,1.95,0.6298109877014922,0.24208734368698093,0.050576044422861496,0.008030237550556929,2.0069005870568626,0.47938088608364854
9,grid_0.4500,grid,0.45,726292.3921593538,grid,,1.95,0.6383312141103591,0.24183079937685786,0.050522125307878155,0.007960010219371927,2.0008711144778824,0.47909345760002126
9,grid_0.4898,grid,0.4898,1048746.8483918863,grid,,1.95,0.644307696638346,0.241684869707885,0.05048285288580178,0.007928723359915568,1.9969992181167642,0.4790168595222193
9,grid_0.5000,grid,0.5,1180378.403820937,grid,,1.95,0.6457312710022113,0.2416489091951692,0.05047306253250502,0.007921132782710116,1.9961189669135728,0.4790064877299929
9,grid_0.5500,grid,0.55,2039290.7278390124,grid,,1.95,0.6520726617293878,0.24147280974259513,0.050425536921898655,0.007883580923084887,1.9925344601070898,0.47905814374104083
9,grid_0.5971,grid,0.5971,3267308.5140756126,grid,,1.95,0.657103697585557,0.24128085782952263,0.050380091802960984,0.00783636055198933,1.990196550512759,0.47919902912111206
9,grid_0.6049,grid,0.6049,3519858.417591811,grid,,1.95,0.6578290584676983,0.2412371134400618,0.050372095254658585,0.007823249646234653,1.9899136186678525,0.47922614717009976
9,grid_0.6500,grid,0.65,5317180.27745932,grid,,1.95,0.6615600344211509,0.24094806663464696,0.05032470566691599,0.007731265148058275,1.9888608128031335,0.4793932404375886
9,grid_0.7139,grid,0.7139,,grid,,1.95,0.6660833212374629,0.24067605635556355,0.05026190277736969,0.007663061325496712,1.9883680205154264,0.479730317790316
9,grid_0.7892,grid,0.7892,,grid,,1.95,0.6701356529038346,0.2402756303862069,0.050191139367058296,0.007541239190430815,1.9891890273993764,0.4802176471302153
9,grid_0.8000,grid,0.8,,grid,,1.95,0.6706039280150825,0.24021240518285383,0.050181152657763,0.007520846945968551,1.9894708573294047,0.480296889739238
9,grid_0.8904,grid,0.8904,,grid,,1.95,0.6738843051071718,0.2394572299582699,0.05010281772879291,0.007236947250494841,1.992242342185667,0.4808702682586935
9,grid_0.9500,grid,0.95,,grid,,1.95,0.6746465866862557,0.23857354128984232,0.05004373800396564,0.006873596599610454,1.9956735085777195,0.4810439985096683
9,grid_1.0112,grid,1.0112,,grid,,1.95,0.6740097183335526,0.2371757773206229,0.04997349464179665,0.0062788547058450495,2.0009299363071213,0.48098961447780414
9,rtp475,rtp,0.037323965686928307,475.0,grid,,2.0,0.44532013029036127,0.2603878446500438,0.05125538984069957,0.01654643980079576,2.472852307309208,0.6173130721166286
9,rtp2500,rtp,0.07893828533080166,2500.0,grid,,2.0,0.4964786895621287,0.251928525207922,0.051145921513567366,0.012322060299871235,2.2189501468816752,0.5400998413141703
9,rtp5000,rtp,0.10469825084886594,5000.0,grid,,2.0,0.5173349016499034,0.2490189528542995,0.05106300818916239,0.010947430691489457,2.153812211093851,0.5161141469363797
9,rtp10000,rtp,0.13573457197867408,10000.0,grid,,2.0,0.5369639312173219,0.24684656597142357,0.05097120333822507,0.009962023793659291,2.108401331540104,0.5005159692531702
9,grid_0.1645,grid,0.1645,17086.887630361798,grid,,2.0,0.5516544212854261,0.2455885000734418,0.05089703257760276,0.009416678790720168,2.0818814495650244,0.4925909292469068
9,grid_0.2109,grid,0.2109,38016.34259884634,grid,,2.0,0.570641352038604,0.24434109806760618,0.050795695762809547,0.008906876442073997,2.054405673836115,0.48586662653169416
9,grid_0.2423,grid,0.2423,60168.39835225222,grid,,2.0,0.5811901674213085,0.24381765116587886,0.05073766975085528,0.00870937726919091,2.0416442223023377,0.4834168748869406
9,grid_0.2700,grid,0.27,90491.49965570691,grid,,2.0,0.5893257621180914,0.2434600470311853,0.050691356403048844,0.008581438097378102,2.032780370523895,0.4820124213644679
9,grid_0.2850,grid,0.285,110952.39189157447,grid,,2.0,0.593364691464206,0.2433012162672982,0.05066805811275186,0.008527423724394745,2.0286591944470502,0.4814402307103812
9,grid_0.3100,grid,0.31,152339.71723355792,grid,,2.0,0.5996138888399657,0.24308394019169097,0.050631843347004636,0.00845795863211296,2.022633083320074,0.48071983182039196
9,grid_0.3300,grid,0.33,192833.76042663888,grid,,2.0,0.6042101820264707,0.24293463732834056,0.05060460066207569,0.008412637351776664,2.01843250383222,0.48028591935486153
9,grid_0.3434,grid,0.3434,224994.57905754208,grid,,2.0,0.6071239001547593,0.2428498503898772,0.050587254598092414,0.008388795236293323,2.0158701339087766,0.4800472662731915
9,grid_0.3600,grid,0.36,276084.29674193484,grid,,2.0,0.6105604476616693,0.24275351034604192,0.05056660945037343,0.00836265733495245,2.0129469784341603,0.4798017663116473
9,grid_0.3649,grid,0.3649,292746.6504194461,grid,,2.0,0.6115367991927783,0.24272498865916511,0.05056063228806207,0.008354787831529764,2.012132247618831,0.47973765351823705
9,grid_0.4000,grid,0.4,435896.9658466642,grid,,2.0,0.6180593603350738,0.24251620312279995,0.050518948027724914,0.008295160749374253,2.0069005870568626,0.47938088608364854
9,grid_0.4500,grid,0.45,726292.3921593538,grid,,2.0,0.6262263731323017,0.24226746464075524,0.050464354685241075,0.008229169738218522,2.0008711144778824,0.47909345760002126
9,grid_0.4898,grid,0.4898,1048746.8483918863,grid,,2.0,0.6319400388698794,0.24212796945339132,0.05042459051018353,0.008201363081438873,1.9969992181167642,0.4790168595222193
9,grid_0.5000,grid,0.5,1180378.403820937,grid,,2.0,0.6332987258501114,0.24209351466783724,0.05041467759845669,0.008194592245769627,1.9961189669135728,0.4790064877299929
9,grid_0.5500,grid,0.55,2039290.7278390124,grid,,2.0,0.6393321345392075,0.24192476346743352,0.050366557217278014,0.008161033961495645,1.9925344601070898,0.47905814374104083
9,grid_0.5971,grid,0.5971,3267308.5140756126,grid,,2.0,0.6440855212453522,0.24173867571181562,0.05032054360054996,0.008117043734352403,1.990196550512759,0.47919902912111206
9,grid_0.6049,grid,0.6049,3519858.417591811,grid,,2.0,0.6447656653086543,0.24169564153206918,0.050312446999255564,0.008104336136342927,1.9899136186678525,0.47922614717009976
9,grid_0.6500,grid,0.65,5317180.27745932,grid,,2.0,0.6482381302303778,0.24140857734006443,0.050264464404975125,0.008013636808378743,1.9888608128031335,0.4793932404375886
9,grid_0.7139,grid,0.7139,,grid,,2.0,0.6524126950620789,0.2411417773009521,0.05020087780763458,0.007948478952227389,1.9883680205154264,0.479730317790316
9,grid_0.7892,grid,0.7892,,grid,,2.0,0.6560780903591908,0.24074604316082893,0.05012923161329909,0.00782942568429662,1.9891890273993764,0.4802176471302153
9,grid_0.8000,grid,0.8,,grid,,2.0,0.6564919352225527,0.24068317577333054,0.05011912029339605,0.007809270806939883,1.9894708573294047,0.480296889739238
9,grid_0.8904,grid,0.8904,,grid,,2.0,0.6593425547120775,0.23992452132536027,0.050039805736333966,0.00752397019686929,1.992242342185667,0.4808702682586935
9,grid_0.9500,grid,0.95,,grid,,2.0,0.6598232166688494,0.23902163522745046,0.04997998443054231,0.007151357676262071,1.9956735085777195,0.4810439985096683
9,grid_1.0112,grid,1.0112,,grid,,2.0,0.6588911657247233,0.2375868562723506,0.04990885812911262,0.006538656144265964,2.0009299363071213,0.48098961447780414
9,rtp475,rtp,0.037323965686928307,475.0,structure,3.0,0.566393256613228,0.40581563025804895,0.24987858965905235,0.05116987450836015,0.011269435061636912,2.472852307309208,0.6173130721166286
9,rtp2500,rtp,0.07893828533080166,2500.0,structure,3.0,0.566393256613228,0.42051312200536717,0.23985557434517862,0.05099944219154343,0.006531254352912075,2.2189501468816752,0.5400998413141703
9,rtp5000,rtp,0.10469825084886594,5000.0,structure,3.0,0.566393256613228,0.4197027277396789,0.23630706507826627,0.05084833240059296,0.0049926966053110144,2.153812211093851,0.5161141469363797
9,rtp10000,rtp,0.13573457197867408,10000.0,structure,3.0,0.566393256613228,0.4155124899248017,0.23376325009211255,0.05067585524163044,0.003969401851997123,2.108401331540104,0.5005159692531702
9,grid_0.1645,grid,0.1645,17086.887630361798,structure,3.0,0.566393256613228,0.41060435058046674,0.23232785830887626,0.05053426680435484,0.003441966942034441,2.0818814495650244,0.4925909292469068
9,grid_0.2109,grid,0.2109,38016.34259884634,structure,3.0,0.566393256613228,0.40240518509940926,0.23093617540626749,0.050339124026406216,0.0029923930848681224,2.054405673836115,0.48586662653169416
9,grid_0.2423,grid,0.2423,60168.39835225222,structure,3.0,0.566393256613228,0.3970864638036765,0.2303437593543207,0.0502267447928296,0.002831502680651604,2.0416442223023377,0.4834168748869406
9,grid_0.2700,grid,0.27,90491.49965570691,structure,3.0,0.566393256613228,0.39260762136440613,0.22995033648844024,0.0501369047614319,0.0027402524897149894,2.032780370523895,0.4820124213644679
9,grid_0.2850,grid,0.285,110952.39189157447,structure,3.0,0.566393256613228,0.39027668474150995,0.2297724607543378,0.05009165419079755,0.002703729530306148,2.0286591944470502,0.4814402307103812
9,grid_0.3100,grid,0.31,152339.71723355792,structure,3.0,0.566393256613228,0.3865364777941656,0.22952329286152479,0.050021187832732225,0.002659754133265052,2.022633083320074,0.48071983182039196
9,grid_0.3300,grid,0.33,192833.76042663888,structure,3.0,0.566393256613228,0.38366512008273657,0.22935238942308234,0.04996808840875419,0.002634430125323023,2.01843250383222,0.48028591935486153
9,grid_0.3434,grid,0.3434,224994.57905754208,structure,3.0,0.566393256613228,0.3818026183301047,0.22924924868583926,0.049934252532770104,0.0026209654902516755,2.0158701339087766,0.4800472662731915
9,grid_0.3600,grid,0.36,276084.29674193484,structure,3.0,0.566393256613228,0.379556977913283,0.229132043610809,0.049893981463645036,0.002607511945620644,2.0129469784341603,0.4798017663116473
9,grid_0.3649,grid,0.3649,292746.6504194461,structure,3.0,0.566393256613228,0.3789060511290106,0.22909889737540554,0.04988232443356539,0.0026039803450612076,2.012132247618831,0.47973765351823705
9,grid_0.4000,grid,0.4,435896.9658466642,structure,3.0,0.566393256613228,0.37437640023965046,0.22887614824098826,0.04980106011670499,0.0025832311169258493,2.0069005870568626,0.47938088608364854
9,grid_0.4500,grid,0.45,726292.3921593538,structure,3.0,0.566393256613228,0.36834376896886506,0.22860498102385224,0.04969451476875082,0.0025657225801650196,2.0008711144778824,0.47909345760002126
9,grid_0.4898,grid,0.4898,1048746.8483918863,structure,3.0,0.566393256613228,0.3638571049675958,0.22843172746002757,0.049616525134166714,0.002564528976205599,1.9969992181167642,0.4790168595222193
9,grid_0.5000,grid,0.5,1180378.403820937,structure,3.0,0.566393256613228,0.3627449905589871,0.2283885942931248,0.04959708713764486,0.002564262865544703,1.9961189669135728,0.4790064877299929
9,grid_0.5500,grid,0.55,2039290.7278390124,structure,3.0,0.566393256613228,0.35743497094572196,0.22818805938516748,0.04950275115912701,0.0025670392868417102,1.9925344601070898,0.47905814374104083
9,grid_0.5971,grid,0.5971,3267308.5140756126,structure,3.0,0.566393256613228,0.35258473246001826,0.22799913965271212,0.0494125763459329,0.002571031336444027,1.990196550512759,0.47919902912111206
9,grid_0.6049,grid,0.6049,3519858.417591811,structure,3.0,0.566393256613228,0.3517825910040692,0.22796419768569062,0.049396706516947275,0.002570968909533358,1.9899136186678525,0.47922614717009976
9,grid_0.6500,grid,0.65,5317180.27745932,structure,3.0,0.566393256613228,0.3471517508008028,0.2277425964334126,0.04930264886436694,0.0025640413658652994,1.9888608128031335,0.4793932404375886
9,grid_0.7139,grid,0.7139,,structure,3.0,0.566393256613228,0.3408952176216357,0.22748220891623983,0.04917828841814673,0.0025698669552650516,1.9883680205154264,0.479730317790316
9,grid_0.7892,grid,0.7892,,structure,3.0,0.566393256613228,0.3338215171717462,0.22717839304096096,0.049038199061212276,0.0025718232034610683,1.9891890273993764,0.4802176471302153
9,grid_0.8000,grid,0.8,,structure,3.0,0.566393256613228,0.33281484941091677,0.22713255281015915,0.04901842513411801,0.0025707714119417163,1.9894708573294047,0.480296889739238
9,grid_0.8904,grid,0.8904,,structure,3.0,0.566393256613228,0.32474491146876666,0.22670380809628635,0.04886302803186309,0.002531588573494739,1.992242342185667,0.4808702682586935
9,grid_0.9500,grid,0.95,,structure,3.0,0.566393256613228,0.3192237883858108,0.22623885767427224,0.04874546269153639,0.00243855803022322,1.9956735085777195,0.4810439985096683
9,grid_1.0112,grid,1.0112,,structure,3.0,0.566393256613228,0.31319562679781554,0.2255675969508556,0.048605518550411814,0.0022752222437718295,2.0009299363071213,0.48098961447780414
9,rtp475,rtp,0.037323965686928307,475.0,structure,5.0,0.911184483342262,0.4698668173625954,0.24010000333423623,0.04716946983012959,0.010478541770970656,2.472852307309208,0.6173130721166286
9,rtp2500,rtp,0.07893828533080166,2500.0,structure,5.0,0.911184483342262,0.4968089783245988,0.23207318881902747,0.047040497643685224,0.006817467324946758,2.2189501468816752,0.5400998413141703
9,rtp5000,rtp,0.10469825084886594,5000.0,structure,5.0,0.911184483342262,0.5038537162410035,0.22941937279150842,0.046929214587463755,0.005704034024585358,2.153812211093851,0.5161141469363797
9,rtp10000,rtp,0.13573457197867408,10000.0,structure,5.0,0.911184483342262,0.5084953349413303,0.22753901643195673,0.046802739108393845,0.0049712648904284285,2.108401331540104,0.5005159692531702
9,grid_0.1645,grid,0.1645,17086.887630361798,structure,5.0,0.911184483342262,0.5109358169769519,0.22649422388515397,0.04669912915283618,0.004600504300502073,2.0818814495650244,0.4925909292469068
9,grid_0.2109,grid,0.2109,38016.34259884634,structure,5.0,0.911184483342262,0.5130007699726573,0.22550499173190075,0.04655646173619118,0.004296039559813447,2.054405673836115,0.48586662653169416
9,grid_0.2423,grid,0.2423,60168.39835225222,structure,5.0,0.911184483342262,0.5136946833245993,0.225104166844318,0.046474348037549226,0.004197537893125325,2.0416442223023377,0.4834168748869406
9,grid_0.2700,grid,0.27,90491.49965570691,structure,5.0,0.911184483342262,0.5140048447527776,0.2248441511559114,0.046408708182393565,0.00414618412662876,2.032780370523895,0.4820124213644679
9,grid_0.2850,grid,0.285,110952.39189157447,structure,5.0,0.911184483342262,0.5140941735806864,0.2247297588065515,0.046375649399212994,0.004127815094037812,2.0286591944470502,0.4814402307103812
9,grid_0.3100,grid,0.31,152339.71723355792,structure,5.0,0.911184483342262,0.5141508346143729,0.2245748933126096,0.04632417950483285,0.00410970320153714,2.022633083320074,0.48071983182039196
9,grid_0.3300,grid,0.33,192833.76042663888,structure,5.0,0.911184483342262,0.5141185768802322,0.2244702456551728,0.04628540351746107,0.004101487667032555,2.01843250383222,0.48028591935486153
9,grid_0.3434,grid,0.3434,224994.57905754208,structure,5.0,0.911184483342262,0.5140721703041239,0.22440929026503204,0.0462606961842034,0.004098833373052002,2.0158701339087766,0.4800472662731915
9,grid_0.3600,grid,0.36,276084.29674193484,structure,5.0,0.911184483342262,0.5139877272243653,0.2243407973893739,0.04623128788601606,0.004097505487284048,2.0129469784341603,0.4798017663116473
9,grid_0.3649,grid,0.3649,292746.6504194461,structure,5.0,0.911184483342262,0.5139557679916679,0.22432110461996732,0.04622277478051506,0.0040971831974072614,2.012132247618831,0.47973765351823705
9,grid_0.4000,grid,0.4,435896.9658466642,structure,5.0,0.911184483342262,0.5136314463302788,0.22418341457136123,0.046163423093012745,0.0040947802758620755,2.0069005870568626,0.47938088608364854
9,grid_0.4500,grid,0.45,726292.3921593538,structure,5.0,0.911184483342262,0.5130008211221074,0.22401741924515303,0.046085613605294645,0.004098190519964018,2.0008711144778824,0.47909345760002126
9,grid_0.4898,grid,0.4898,1048746.8483918863,structure,5.0,0.911184483342262,0.5123846223881081,0.2239168289053263,0.04602869870442791,0.0041100475625892585,1.9969992181167642,0.4790168595222193
9,grid_0.5000,grid,0.5,1180378.403820937,structure,5.0,0.911184483342262,0.5122091111066522,0.2238911996861603,0.04601451195244857,0.004112757344459539,1.9961189669135728,0.4790064877299929
9,grid_0.5500,grid,0.55,2039290.7278390124,structure,5.0,0.911184483342262,0.5111917462105211,0.22376651047337448,0.04594565397347307,0.00412579723595774,1.9925344601070898,0.47905814374104083
9,grid_0.5971,grid,0.5971,3267308.5140756126,structure,5.0,0.911184483342262,0.509961697102227,0.22363064749225944,0.045879823243209314,0.0041308432545978935,1.990196550512759,0.47919902912111206
9,grid_0.6049,grid,0.6049,3519858.417591811,structure,5.0,0.911184483342262,0.5097160721300752,0.22360102363280485,0.04586823857469339,0.004129179194944765,1.9899136186678525,0.47922614717009976
9,grid_0.6500,grid,0.65,5317180.27745932,structure,5.0,0.911184483342262,0.508128484239057,0.22340349830513836,0.045799581146354504,0.004109541908619452,1.9888608128031335,0.4793932404375886
9,grid_0.7139,grid,0.7139,,structure,5.0,0.911184483342262,0.5057554820941,0.22318621337306588,0.045708711115392785,0.00410337472441491,1.9883680205154264,0.479730317790316
9,grid_0.7892,grid,0.7892,,structure,5.0,0.911184483342262,0.5026578291240557,0.2228994596792029,0.04560633652853505,0.004077832596745545,1.9891890273993764,0.4802176471302153
9,grid_0.8000,grid,0.8,,structure,5.0,0.911184483342262,0.5021775551437694,0.22285546218878624,0.04559188717646899,0.004072669850908539,1.9894708573294047,0.480296889739238
9,grid_0.8904,grid,0.8904,,structure,5.0,0.911184483342262,0.49816561950333677,0.22238725590666542,0.045478428356467565,0.003977663233229123,1.992242342185667,0.4808702682586935
9,grid_0.9500,grid,0.95,,structure,5.0,0.911184483342262,0.4948748605228074,0.221828567490241,0.04539270944880922,0.0038152039059631826,1.9956735085777195,0.4810439985096683
9,grid_1.0112,grid,1.0112,,structure,5.0,0.911184483342262,0.4907473147529883,0.22097143021412224,0.04529072632171486,0.0035376466491598424,2.0009299363071213,0.48098961447780414
