site,level,source,iml,rtp,T1_kind,storeys,T1,ln_saratio_mean,ln_saratio_sigma,var_within,var_between,ln_rsd595_mean,ln_rsd595_sigma
6,rtp475,rtp,0.030538289597570517,475.0,grid,,0.15,0.17007933792644628,0.2285711881128678,0.049874424567116424,0.0023703634682115844,2.4451244031657686,0.5603150301749935
6,rtp2500,rtp,0.0677784064788285,2500.0,grid,,0.15,0.13801028948822247,0.22455134215986633,0.049425173319952415,0.0009981319458449503,2.2608238692254408,0.5063436202136111
6,rtp5000,rtp,0.09034972439680984,5000.0,grid,,0.15,0.12305996840610593,0.22376626106614622,0.049300266393133195,0.0007710731983895207,2.212498804975712,0.49516830035323733
6,rtp10000,rtp,0.11814430144720972,10000.0,grid,,0.15,0.1079860997733275,0.22324230360700414,0.049202786845559905,0.0006343392742019106,2.1736581490160916,0.4880142418379648
6,grid_0.1645,grid,0.1645,25431.143952713035,grid,,0.15,0.08799693788016723,0.2227276028541352,0.04908042411319961,0.0005271609599497703,2.133249601554951,0.4823561093640923
6,grid_0.2109,grid,0.2109,54933.296481149926,grid,,0.15,0.07193887243286325,0.22233076043442268,0.048956114460462594,0.0004748525748860576,2.1086275288712657,0.4798298548062736
6,grid_0.2423,grid,0.2423,85190.94364536027,grid,,0.15,0.0625562428174597,0.2220777117613536,0.04886499098714143,0.00045351907401742185,2.097199118982936,0.4789692029311736
6,grid_0.2700,grid,0.27,124192.4961760795,grid,,0.15,0.05503604545699951,0.22185797764327828,0.0487810510320286,0.00043991121193676574,2.089472575640492,0.47854090500110297
6,grid_0.2850,grid,0.285,149920.999897958,grid,,0.15,0.05121511827696592,0.221739146600163,0.04873426131715909,0.0004339878178094879,2.0860177647660465,0.4783999102396651
6,grid_0.3100,grid,0.31,200920.06975035614,grid,,0.15,0.045186610787213095,0.22154677994288974,0.04865709271135752,0.00042588299170568484,2.081138701308212,0.4782795479516225
6,grid_0.3300,grid,0.33,249789.57411901196,grid,,0.15,0.0406399558007189,0.22139423165383823,0.04859474700624182,0.0004206588033515695,2.077934612171383,0.478262998049676
6,grid_0.3434,grid,0.3434,287654.1455485036,grid,,0.15,0.03771631975960446,0.22129270421433533,0.04855281576113664,0.0004176451773566618,2.076089494159628,0.4782789372663971
6,grid_0.3600,grid,0.36,344572.7062934788,grid,,0.15,0.03421563788225892,0.22117039104974118,0.04850188110566985,0.0004144607714255805,2.074085438649995,0.4783300502709844
6,grid_0.3649,grid,0.3649,362857.21827924356,grid,,0.15,0.03320713500084724,0.22113472677302945,0.04848696982371349,0.0004135975612688909,2.0735483284384255,0.478349912326422
6,grid_0.4000,grid,0.4,515560.1697571474,grid,,0.15,0.026289982297556934,0.2208814556248848,0.048380262862158394,0.00040835457680956126,2.0703781742728906,0.47854229959619304
6,grid_0.4500,grid,0.45,808930.1437700432,grid,,0.15,0.017260153111159113,0.22053477424322246,0.048232764821810055,0.00040282182869903543,2.0674486939827825,0.47892385415239896
6,grid_0.4898,grid,0.4898,1118622.0271335987,grid,,0.15,0.010665943295727634,0.22027586569631133,0.04812203060498877,0.000399426403270615,2.0660497153806223,0.479293614967191
6,grid_0.5000,grid,0.5,1225822.2222180285,grid,,0.15,0.009050845682044426,0.22021071068576908,0.048094152566822285,0.00039860453390921496,2.0658057988531087,0.47939122740268475
6,grid_0.5500,grid,0.55,1871605.0410051066,grid,,0.15,0.0015184652764063803,0.21990084802352117,0.04796168713914256,0.00039469582232120015,2.065147509340565,0.4798787965194817
6,grid_0.5971,grid,0.5971,2695601.035127913,grid,,0.15,-0.005051399110862783,0.21961764684314122,0.04784113873766642,0.000390772067252288,2.0652125689004226,0.4803228604924534
6,grid_0.6049,grid,0.6049,2855500.0267469506,grid,,0.15,-0.006094972902080768,0.21957111267674095,0.047821403055895315,0.00039007046620676233,2.0652792511172873,0.48039260477518914
6,grid_0.6500,grid,0.65,3929567.621157142,grid,,0.15,-0.011911814516334714,0.21930103661698,0.047707040427464646,0.0003859042338173604,2.0660164414452806,0.48077881615563506
6,grid_0.7139,grid,0.7139,,grid,,0.15,-0.019549098475989884,0.21895451563831791,0.04756056886645262,0.0003805110519577878,2.0674274909368666,0.4813231688230358
6,grid_0.7892,grid,0.7892,,grid,,0.15,-0.02781411965215379,0.21854891544833271,0.047390016502210426,0.00037361194143205355,2.0700888402550355,0.4818565499138822
6,grid_0.8000,grid,0.8,,grid,,0.15,-0.028943379112306086,0.2184905138527264,0.04736564441937639,0.00037246022425203135,2.070551753210402,0.48191914309061074
6,grid_0.8904,grid,0.8904,,grid,,0.15,-0.037961723635985496,0.2180264240832731,0.04717621803844438,0.00035930356009487375,2.074748739984651,0.48234419333239414
6,grid_0.9500,grid,0.95,,grid,,0.15,-0.04355109208487411,0.21769914571543872,0.047045289286277346,0.0003476287589544815,2.0784181071937042,0.48245575101356164
6,grid_1.0112,grid,1.0112,,grid,,0.15,-0.04908320634004278,0.21731699712995722,0.04689455407967848,0.0003321231619033563,2.0832933865670307,0.482361156922239
6,rtp475,rtp,0.030538289597570517,475.0,grid,,0.2,0.2980361887441599,0.2389890995706609,0.05369218953200754,0.003423600181587716,2.4451244031657686,0.5603150301749935
6,rtp2500,rtp,0.0677784064788285,2500.0,grid,,0.2,0.26920685585461973,0.23394691494040715,0.05310033753006161,0.0016308214800724863,2.2608238692254408,0.5063436202136111
6,rtp5000,rtp,0.09034972439680984,5000.0,grid,,0.2,0.25531634736492065,0.23293207426500517,0.05293583682236523,0.00132151439903265,2.212498804975712,0.49516830035323733
6,rtp10000,rtp,0.11814430144720972,10000.0,grid,,0.2,0.24119244528951828,0.23225381862348607,0.052807049315124296,0.0011347869500668642,2.1736581490160916,0.4880142418379648
6,grid_0.1645,grid,0.1645,25431.143952713035,grid,,0.2,0.22227187326997522,0.2315901284291273,0.052644453512003045,0.0009895340738166336,2.133249601554951,0.4823561093640923
6,grid_0.2109,grid,0.2109,54933.296481149926,grid,,0.2,0.20684170567248486,0.23108458894710188,0.052479001701003405,0.0009210855478476304,2.1086275288712657,0.4798298548062736
6,grid_0.2423,grid,0.2423,85190.94364536027,grid,,0.2,0.1977026419510028,0.2307661669945941,0.05235789545737841,0.0008951283719984826,2.097199118982936,0.4789692029311736
6,grid_0.2700,grid,0.27,124192.4961760795,grid,,0.2,0.1903063154905761,0.23049149628675403,0.052246482607061585,0.0008798472534451637,2.089472575640492,0.47854090500110297
6,grid_0.2850,grid,0.285,149920.999897958,grid,,0.2,0.18652099840899566,0.2303433349517266,0.05218443261703455,0.0008736193396487665,2.0860177647660465,0.4783999102396651
6,grid_0.3100,grid,0.31,200920.06975035614,grid,,0.2,0.1805227259398097,0.23010456699894422,0.052082182575727054,0.0008659291780445527,2.081138701308212,0.4782795479516225
6,grid_0.3300,grid,0.33,249789.57411901196,grid,,0.2,0.1759691248788233,0.2299158005111439,0.0519996372015717,0.0008616381231084207,2.077934612171383,0.478262998049676
6,grid_0.3434,grid,0.3434,287654.1455485036,grid,,0.2,0.17302730802792574,0.22978993346368773,0.05194414388896816,0.0008592696322778787,2.076089494159628,0.4782789372663971
6,grid_0.3600,grid,0.36,344572.7062934788,grid,,0.2,0.16949709477882346,0.22963819073999986,0.05187676750985907,0.0008569311364814876,2.074085438649995,0.4783300502709844
6,grid_0.3649,grid,0.3649,362857.21827924356,grid,,0.2,0.16847798123469862,0.2295939413886939,0.051857049850510054,0.0008563280718849563,2.0735483284384255,0.478349912326422
6,grid_0.4000,grid,0.4,515560.1697571474,grid,,0.2,0.16145215243891248,0.22927888841901284,0.051715999064527333,0.0008528096101308065,2.0703781742728906,0.47854229959619304
6,grid_0.4500,grid,0.45,808930.1437700432,grid,,0.2,0.15220099337296114,0.2288458274778663,0.051521158276855133,0.0008492544771742071,2.0674486939827825,0.47892385415239896
6,grid_0.4898,grid,0.4898,1118622.0271335987,grid,,0.2,0.14540112341366987,0.22852294377463303,0.05137500367219854,0.0008477321592255498,2.0660497153806223,0.479293614967191
6,grid_0.5000,grid,0.5,1225822.2222180285,grid,,0.2,0.1437279836471382,0.2284413636571487,0.05133821947516774,0.0008472371543699168,2.0658057988531087,0.47939122740268475
6,grid_0.5500,grid,0.55,1871605.0410051066,grid,,0.2,0.13589451395574043,0.22805130024513662,0.05116350003504123,0.0008438955084562189,2.065147509340565,0.4798787965194817
6,grid_0.5971,grid,0.5971,2695601.035127913,grid,,0.2,0.1290122713243001,0.22769074638720924,0.05100458562586291,0.0008384903645015235,2.0652125689004226,0.4803228604924534
6,grid_0.6049,grid,0.6049,2855500.0267469506,grid,,0.2,0.1279138083652643,0.22763106811506725,0.050978575892745744,0.0008373272784606527,2.0652792511172873,0.48039260477518914
6,grid_0.6500,grid,0.65,3929567.621157142,grid,,0.2,0.12175450330526033,0.2272815289299124,0.050827855066885114,0.000829038325833498,2.0660164414452806,0.48077881615563506
6,grid_0.7139,grid,0.7139,,grid,,0.2,0.11365784924179434,0.22683257739189885,0.05063506865514147,0.0008179495111103139,2.0674274909368666,0.4813231688230358
6,grid_0.7892,grid,0.7892,,grid,,0.2,0.10478351907956505,0.2262960721111603,0.050410598174130884,0.0007993140788085801,2.0700888402550355,0.4818565499138822
6,grid_0.8000,grid,0.8,,grid,,0.2,0.10356101326925593,0.22621751319668718,0.050378511229252215,0.0007958520476411251,2.070551753210402,0.48191914309061074
6,grid_0.8904,grid,0.8904,,grid,,0.2,0.09382045801330759,0.22558852308997365,0.05012948021273143,0.0007607015371841486,2.074748739984651,0.48234419333239414
6,grid_0.9500,grid,0.95,,grid,,0.2,0.08768836934016012,0.22513065767707457,0.04995730884180857,0.0007265041843035657,2.0784181071937042,0.48245575101356164
6,grid_1.0112,grid,1.0112,,grid,,0.2,0.08148541070139766,0.22457981318077525,0.0497589911463101,0.0006771013420018178,2.0832933865670307,0.482361156922239
6,rtp475,rtp,0.030538289597570517,475.0,grid,,0.25,0.3626762561845888,0.24806897790848528,0.05782544274653561,0.0037127750540249527,2.4451244031657686,0.5603150301749935
6,rtp2500,rtp,0.0677784064788285,2500.0,grid,,0.25,0.33911337536986574,0.2425976396178409,0.057212079617724884,0.001641535130422922,2.2608238692254408,0.5063436202136111
6,rtp5000,rtp,0.09034972439680984,5000.0,grid,,0.25,0.32705826885116307,0.24146515465280213,0.05704158244206673,0.0012638384694349247,2.212498804975712,0.49516830035323733
6,rtp10000,rtp,0.11814430144720972,10000.0,grid,,0.25,0.3146140869083659,0.24069303992107613,0.05690821985366143,0.00102491961278732,2.1736581490160916,0.4880142418379648
6,grid_0.1645,grid,0.1645,25431.143952713035,grid,,0.25,0.2977762589152265,0.23993441825835315,0.0567402490450897,0.0008282760198846523,2.133249601554951,0.4823561093640923
6,grid_0.2109,grid,0.2109,54933.296481149926,grid,,0.25,0.2839836940086254,0.23936949234735594,0.05656959580900572,0.000728158057625175,2.1086275288712657,0.4798298548062736
6,grid_0.2423,grid,0.2423,85190.94364536027,grid,,0.25,0.27581175151044784,0.23902041416032416,0.056444698382341695,0.0006860600030311886,2.097199118982936,0.4789692029311736
6,grid_0.2700,grid,0.27,124192.4961760795,grid,,0.25,0.2692032877995871,0.23872231942457517,0.056329781494875726,0.0006585642965731692,2.089472575640492,0.47854090500110297
6,grid_0.2850,grid,0.285,149920.999897958,grid,,0.25,0.2658228893527368,0.23856231529534092,0.056265770075950836,0.0006462082031228195,2.0860177647660465,0.4783999102396651
6,grid_0.3100,grid,0.31,200920.06975035614,grid,,0.25,0.26047394877693186,0.23830577127604946,0.05616027536733185,0.0006293652561409485,2.081138701308212,0.4782795479516225
6,grid_0.3300,grid,0.33,249789.57411901196,grid,,0.25,0.25641683987190333,0.23810371503676028,0.05607509688034804,0.0006182822339586974,2.077934612171383,0.478262998049676
6,grid_0.3434,grid,0.3434,287654.1455485036,grid,,0.25,0.2537966432313005,0.23796926920894393,0.05601782762806154,0.0006115454597772907,2.076089494159628,0.4782789372663971
6,grid_0.3600,grid,0.36,344572.7062934788,grid,,0.25,0.2506560074089441,0.23780780340496058,0.05594829079612848,0.0006042605641639054,2.074085438649995,0.4783300502709844
6,grid_0.3649,grid,0.3649,362857.21827924356,grid,,0.25,0.24974980434963626,0.23776079428498414,0.05592793905712154,0.0006022562419050054,2.0735483284384255,0.478349912326422
6,grid_0.4000,grid,0.4,515560.1697571474,grid,,0.25,0.24350436204581746,0.2374268308742548,0.05578233871602778,0.000589161302964214,2.0703781742728906,0.47854229959619304
6,grid_0.4500,grid,0.45,808930.1437700432,grid,,0.25,0.23528895001947375,0.23697039267306982,0.05558118427830615,0.000573782725322762,2.0674486939827825,0.47892385415239896
6,grid_0.4898,grid,0.4898,1118622.0271335987,grid,,0.25,0.22926086401396595,0.2366324964113036,0.055430268006787305,0.0005646703510583037,2.0660497153806223,0.479293614967191
6,grid_0.5000,grid,0.5,1225822.2222180285,grid,,0.25,0.22777827552100008,0.23654736203879975,0.0553922820370272,0.0005623724504878053,2.0658057988531087,0.47939122740268475
6,grid_0.5500,grid,0.55,1871605.0410051066,grid,,0.25,0.22084564045544838,0.23614270822829417,0.05521184335941257,0.000551535289980698,2.065147509340565,0.4798787965194817
6,grid_0.5971,grid,0.5971,2695601.035127913,grid,,0.25,0.21476397143742748,0.23577198463315865,0.055047708223490185,0.0005407205143682092,2.0652125689004226,0.4803228604924534
6,grid_0.6049,grid,0.6049,2855500.0267469506,grid,,0.25,0.21379357399778093,0.2357108729887285,0.05502084196390907,0.0005387736811994226,2.0652792511172873,0.48039260477518914
6,grid_0.6500,grid,0.65,3929567.621157142,grid,,0.25,0.20835400271709587,0.23535422584740445,0.05486515830211182,0.0005264533221192372,2.0660164414452806,0.48077881615563506
6,grid_0.7139,grid,0.7139,,grid,,0.25,0.20122233402408443,0.234899365948869,0.054665951043715875,0.0005117610794648023,2.0674274909368666,0.4813231688230358
6,grid_0.7892,grid,0.7892,,grid,,0.25,0.19341256230872464,0.23436066463640856,0.054434001317410316,0.0004909198114088423,2.0700888402550355,0.4818565499138822
6,grid_0.8000,grid,0.8,,grid,,0.25,0.19233681588491566,0.23428221757220244,0.05440084814569583,0.0004873093248529692,2.070551753210402,0.48191914309061074
6,grid_0.8904,grid,0.8904,,grid,,0.25,0.1838044295529363,0.23366390278977214,0.0541434381604753,0.00045538130647278935,2.074748739984651,0.48234419333239414
6,grid_0.9500,grid,0.95,,grid,,0.25,0.1784513812457436,0.23322104025146637,0.05396548677443301,0.0004265668415430815,2.0784181071937042,0.48245575101356164
6,grid_1.0112,grid,1.0112,,grid,,0.25,0.17305096268207668,0.23269487570603958,0.053760540482281495,0.0003863646975677121,2.0832933865670307,0.482361156922239
6,rtp475,rtp,0.030538289597570517,475.0,grid,,0.3,0.38067875496414894,0.24297352513359044,0.05438820476559439,0.004647929150249114,2.4451244031657686,0.5603150301749935
6,rtp2500,rtp,0.0677784064788285,2500.0,grid,,0.3,0.3583393257623904,0.23697984983655987,0.0538041982213446,0.002355251007213871,2.2608238692254408,0.5063436202136111
6,rtp5000,rtp,0.09034972439680984,5000.0,grid,,0.3,0.3466449740824038,0.23571634762796287,0.053641851593074275,0.0019203449459923583,2.212498804975712,0.49516830035323733
6,rtp10000,rtp,0.11814430144720972,10000.0,grid,,0.3,0.33448433701842956,0.23485692951128742,0.053514903999111685,0.0016428733403581475,2.1736581490160916,0.4880142418379648
6,grid_0.1645,grid,0.1645,25431.143952713035,grid,,0.3,0.3178452576820035,0.2340245997431993,0.05335526822361591,0.001412245061348738,2.133249601554951,0.4823561093640923
6,grid_0.2109,grid,0.2109,54933.296481149926,grid,,0.3,0.30398178879707954,0.23342738765031584,0.05319335185451108,0.0012949934507397454,2.1086275288712657,0.4798298548062736
6,grid_0.2423,grid,0.2423,85190.94364536027,grid,,0.3,0.2956460231043465,0.2330709763650788,0.05307491711637019,0.0012471629074009422,2.097199118982936,0.4789692029311736
6,grid_0.2700,grid,0.27,124192.4961760795,grid,,0.3,0.2888363162077093,0.2327726635486709,0.05296596539311711,0.0012171475024256306,2.089472575640492,0.47854090500110297
6,grid_0.2850,grid,0.285,149920.999897958,grid,,0.3,0.2853286592416757,0.23261411237822563,0.05290527865800721,0.0012040466195025745,2.0860177647660465,0.4783999102396651
6,grid_0.3100,grid,0.31,200920.06975035614,grid,,0.3,0.279748834206968,0.2323626070679184,0.052805270844203375,0.001187110319196466,2.081138701308212,0.4782795479516225
6,grid_0.3300,grid,0.33,249789.57411901196,grid,,0.3,0.2754901118767222,0.2321659942365731,0.05272452248214881,0.0011765263977076834,2.077934612171383,0.478262998049676
6,grid_0.3434,grid,0.3434,287654.1455485036,grid,,0.3,0.27272818506757196,0.23203532540843763,0.05267023082362314,0.001170161413776405,2.076089494159628,0.4782789372663971
6,grid_0.3600,grid,0.36,344572.7062934788,grid,,0.3,0.269407371927047,0.2318792071534629,0.05260431282311941,0.0011636538869991553,2.074085438649995,0.4783300502709844
6,grid_0.3649,grid,0.3649,362857.21827924356,grid,,0.3,0.26844703633519107,0.23183382303088823,0.052585019807412474,0.0011619016937047255,2.0735483284384255,0.478349912326422
6,grid_0.4000,grid,0.4,515560.1697571474,grid,,0.3,0.2617998251196312,0.2315112563444627,0.05244699031491078,0.0011504714992807419,2.0703781742728906,0.47854229959619304
6,grid_0.4500,grid,0.45,808930.1437700432,grid,,0.3,0.25298848935632023,0.231069907418012,0.05225629356096631,0.001137008553202326,2.0674486939827825,0.47892385415239896
6,grid_0.4898,grid,0.4898,1118622.0271335987,grid,,0.3,0.2464808768734989,0.230743870248954,0.052113223746623166,0.0011295099108429435,2.0660497153806223,0.479293614967191
6,grid_0.5000,grid,0.5,1225822.2222180285,grid,,0.3,0.24487448684137383,0.23066133884518622,0.05207721151204196,0.001127441725811848,2.0658057988531087,0.47939122740268475
6,grid_0.5500,grid,0.55,1871605.0410051066,grid,,0.3,0.23733397104974677,0.23026750072881222,0.05190615184603012,0.0011169700458634121,2.065147509340565,0.4798787965194817
6,grid_0.5971,grid,0.5971,2695601.035127913,grid,,0.3,0.23067822025492563,0.22990241460001087,0.05175054778511646,0.00110457245379883,2.0652125689004226,0.4803228604924534
6,grid_0.6049,grid,0.6049,2855500.0267469506,grid,,0.3,0.22961258160171635,0.2298416795348476,0.05172507724178073,0.0011021204096188578,2.0652792511172873,0.48039260477518914
6,grid_0.6500,grid,0.65,3929567.621157142,grid,,0.3,0.22361536123523773,0.22948360515550623,0.051577481606543525,0.0010852434286247603,2.0660164414452806,0.48077881615563506
6,grid_0.7139,grid,0.7139,,grid,,0.3,0.21572832634028974,0.2290258398350804,0.051388599252857346,0.001064236059306549,2.0674274909368666,0.4813231688230358
6,grid_0.7892,grid,0.7892,,grid,,0.3,0.20701870382968524,0.22847012484730853,0.051168670384851275,0.0010299275628934748,2.0700888402550355,0.4818565499138822
6,grid_0.8000,grid,0.8,,grid,,0.3,0.2058130246204301,0.22838758583135085,0.05113723634099701,0.0010236530208756409,2.070551753210402,0.48191914309061074
6,grid_0.8904,grid,0.8904,,grid,,0.3,0.19622375708498863,0.22772944199622916,0.05089313964253308,0.0009675591093808167,2.074748739984651,0.48234419333239414
6,grid_0.9500,grid,0.95,,grid,,0.3,0.19013689282755086,0.22724096811255962,0.050724396263364536,0.0009140613253687951,2.0784181071937042,0.48245575101356164
6,grid_1.0112,grid,1.0112,,grid,,0.3,0.18390845165171202,0.22664219762541804,0.050530064565218184,0.0008366211792608588,2.0832933865670307,0.482361156922239
6,rtp475,rtp,0.030538289597570517,475.0,grid,,0.35,0.38836435972669303,0.2377634180126767,0.052016286998061254,0.004515155947009575,2.4451244031657686,0.5603150301749935
6,rtp2500,rtp,0.0677784064788285,2500.0,grid,,0.35,0.3667321669017717,0.23174274096874642,0.05144838239541858,0.002256315596288916,2.2608238692254408,0.5063436202136111
6,rtp5000,rtp,0.09034972439680984,5000.0,grid,,0.35,0.35536318734586153,0.2304448508927797,0.05129050858572765,0.0018143207172678089,2.212498804975712,0.49516830035323733
6,rtp10000,rtp,0.11814430144720972,10000.0,grid,,0.35,0.34351763606128877,0.22954955979912223,0.051167071577594064,0.0015259288263767268,2.1736581490160916,0.4880142418379648
6,grid_0.1645,grid,0.1645,25431.143952713035,grid,,0.35,0.32730663978748004,0.22867601460421083,0.05101194078516986,0.001280778870095381,2.133249601554951,0.4823561093640923
6,grid_0.2109,grid,0.2109,54933.296481149926,grid,,0.35,0.3138277206007389,0.22805106231581815,0.0508546918166504,0.0011525952067227702,2.1086275288712657,0.4798298548062736
6,grid_0.2423,grid,0.2423,85190.94364536027,grid,,0.35,0.30574272077626513,0.22767971521367023,0.05073969699319458,0.0010983557265833999,2.097199118982936,0.4789692029311736
6,grid_0.2700,grid,0.27,124192.4961760795,grid,,0.35,0.29914969767310956,0.22736954745672716,0.05063391729599801,0.001062993814678892,2.089472575640492,0.47854090500110297
6,grid_0.2850,grid,0.285,149920.999897958,grid,,0.35,0.2957567726906227,0.22720454010810265,0.05057499832109177,0.0010469047246426527,2.0860177647660465,0.4783999102396651
6,grid_0.3100,grid,0.31,200920.06975035614,grid,,0.35,0.29036808552658355,0.22694398289667492,0.050477906805609755,0.0010256645673965281,2.081138701308212,0.4782795479516225
6,grid_0.3300,grid,0.33,249789.57411901196,grid,,0.35,0.28625915651004674,0.22674033449274236,0.05039951333054038,0.0010116659553403157,2.077934612171383,0.478262998049676
6,grid_0.3434,grid,0.3434,287654.1455485036,grid,,0.35,0.28359540577303244,0.22660480416011974,0.05034680472389751,0.0010029325445487097,2.076089494159628,0.4782789372663971
6,grid_0.3600,grid,0.36,344572.7062934788,grid,,0.35,0.2803964400074536,0.22644364216266524,0.05028281016349354,0.0009939129123996415,2.074085438649995,0.4783300502709844
6,grid_0.3649,grid,0.3649,362857.21827924356,grid,,0.35,0.27947176199254964,0.22639681584199717,0.05026407997566193,0.0009914382477332478,2.0735483284384255,0.478349912326422
6,grid_0.4000,grid,0.4,515560.1697571474,grid,,0.35,0.2730731656757942,0.22606356841801464,0.050130076080436674,0.0009746608854497157,2.0703781742728906,0.47854229959619304
6,grid_0.4500,grid,0.45,808930.1437700432,grid,,0.35,0.26459834649879926,0.22560802313509715,0.04994494076362624,0.0009540393393002861,2.0674486939827825,0.47892385415239896
6,grid_0.4898,grid,0.4898,1118622.0271335987,grid,,0.35,0.2583479374610871,0.22527341127954273,0.04980604408262293,0.0009420657468990762,2.0660497153806223,0.479293614967191
6,grid_0.5000,grid,0.5,1225822.2222180285,grid,,0.35,0.25680532493824393,0.22518866688841369,0.049771081857649835,0.0009388538373311106,2.0658057988531087,0.47939122740268475
6,grid_0.5500,grid,0.55,1871605.0410051066,grid,,0.35,0.24957047273496993,0.22478603350074305,0.049605011310565036,0.0009237495464321441,2.065147509340565,0.4798787965194817
6,grid_0.5971,grid,0.5971,2695601.035127913,grid,,0.35,0.24318937467372465,0.22441450515938333,0.049453945730456784,0.0009079243954740954,2.0652125689004226,0.4803228604924534
6,grid_0.6049,grid,0.6049,2855500.0267469506,grid,,0.35,0.24216760985208993,0.2243527286828831,0.049429217857433864,0.0009049290100215032,2.0652792511172873,0.48039260477518914
6,grid_0.6500,grid,0.65,3929567.621157142,grid,,0.35,0.2364168841023985,0.22398825955099363,0.04928592587520435,0.0008848145414789427,2.0660164414452806,0.48077881615563506
6,grid_0.7139,grid,0.7139,,grid,,0.35,0.22886877237485342,0.22352518143078962,0.04910254303909051,0.0008609636945769092,2.0674274909368666,0.4813231688230358
6,grid_0.7892,grid,0.7892,,grid,,0.35,0.2205332483113327,0.22296282263441244,0.048889017277723004,0.0008234029993814534,2.0700888402550355,0.4818565499138822
6,grid_0.8000,grid,0.8,,grid,,0.35,0.21937895579208933,0.22287915981188902,0.0488584987324539,0.0008166211459996672,2.070551753210402,0.48191914309061074
6,grid_0.8904,grid,0.8904,,grid,,0.35,0.21023111859704977,0.22222079232280414,0.04862149985695338,0.0007605806836214687,2.074748739984651,0.48234419333239414
6,grid_0.9500,grid,0.95,,grid,,0.35,0.2044334154633524,0.22173422161357895,0.048457664616095554,0.0007084004184841897,2.0784181071937042,0.48245575101356164
6,grid_1.0112,grid,1.0112,,grid,,0.35,0.19850316576830146,0.22113878384002242,0.04826898854783861,0.0006333731704055504,2.0832933865670307,0.482361156922239
6,rtp475,rtp,0.030538289597570517,475.0,grid,,0.4,0.39472552056864,0.24023823298237082,0.05237668235950671,0.005337726226985168,2.4451244031657686,0.5603150301749935
6,rtp2500,rtp,0.0677784064788285,2500.0,grid,,0.4,0.3735090924949077,0.23422974305085428,0.05185421534448226,0.003009357185186967,2.2608238692254408,0.5063436202136111
6,rtp5000,rtp,0.09034972439680984,5000.0,grid,,0.4,0.36242740135361773,0.2330128647818515,0.05170894868245477,0.0025860464713906295,2.212498804975712,0.49516830035323733
6,rtp10000,rtp,0.11814430144720972,10000.0,grid,,0.4,0.3509387628216921,0.2322136247044394,0.0515955248754636,0.0023276426229106306,2.1736581490160916,0.4880142418379648
6,grid_0.1645,grid,0.1645,25431.143952713035,grid,,0.4,0.3351901365914721,0.23147058667790063,0.05145346801697314,0.002125164480038369,2.133249601554951,0.4823561093640923
6,grid_0.2109,grid,0.2109,54933.296481149926,grid,,0.4,0.32192614112280105,0.23095750181755692,0.051309771958050705,0.0020315956877560992,2.1086275288712657,0.4798298548062736
6,grid_0.2423,grid,0.2423,85190.94364536027,grid,,0.4,0.3138520102798357,0.2306591689922874,0.051204691270735916,0.0019989609694766736,2.097199118982936,0.4789692029311736
6,grid_0.2700,grid,0.27,124192.4961760795,grid,,0.4,0.3071941808941828,0.2304130691777351,0.051108002623116336,0.0019821798247874056,2.089472575640492,0.47854090500110297
6,grid_0.2850,grid,0.285,149920.999897958,grid,,0.4,0.3037414357351625,0.2302826328092881,0.05105413274075231,0.0019759582328251063,2.0860177647660465,0.4783999102396651
6,grid_0.3100,grid,0.31,200920.06975035614,grid,,0.4,0.2982223721617194,0.23007864157467303,0.050965341558266666,0.0019708397505801972,2.081138701308212,0.4782795479516225
6,grid_0.3300,grid,0.33,249789.57411901196,grid,,0.4,0.2939836143935808,0.22991946987977444,0.050893630487163284,0.001969332142633215,2.077934612171383,0.478262998049676
6,grid_0.3434,grid,0.3434,287654.1455485036,grid,,0.4,0.29122321408676155,0.22981309780447975,0.05084540697876853,0.001968652943722851,2.076089494159628,0.4782789372663971
6,grid_0.3600,grid,0.36,344572.7062934788,grid,,0.4,0.28789533987546073,0.2296870821206411,0.05078685086062653,0.0019693048324676,2.074085438649995,0.4783300502709844
6,grid_0.3649,grid,0.3649,362857.21827924356,grid,,0.4,0.2869309989493266,0.22965044583275693,0.05076970995689347,0.0019696173142905588,2.0735483284384255,0.478349912326422
6,grid_0.4000,grid,0.4,515560.1697571474,grid,,0.4,0.2802267989949611,0.22938759744034232,0.05064705815751834,0.0019716117019342033,2.0703781742728906,0.47854229959619304
6,grid_0.4500,grid,0.45,808930.1437700432,grid,,0.4,0.27127313423322713,0.2290226284474097,0.05047756577847155,0.001973798562488721,2.0674486939827825,0.47892385415239896
6,grid_0.4898,grid,0.4898,1118622.0271335987,grid,,0.4,0.26461886790029565,0.2287515486153805,0.05035036857400506,0.0019769024199297325,2.0660497153806223,0.479293614967191
6,grid_0.5000,grid,0.5,1225822.2222180285,grid,,0.4,0.26296997521589077,0.2286819389451638,0.05031834687757301,0.00197708232214662,2.0658057988531087,0.47939122740268475
6,grid_0.5500,grid,0.55,1871605.0410051066,grid,,0.4,0.2552001128677198,0.2283462406242655,0.05016622721299372,0.0019757783942412482,2.065147509340565,0.4798787965194817
6,grid_0.5971,grid,0.5971,2695601.035127913,grid,,0.4,0.2482970651416504,0.22802661885961334,0.05002782540429592,0.0019683135042514455,2.0652125689004226,0.4803228604924534
6,grid_0.6049,grid,0.6049,2855500.0267469506,grid,,0.4,0.24718769096683024,0.22797239042303402,0.050005167760177494,0.0019662430350147614,2.0652792511172873,0.48039260477518914
6,grid_0.6500,grid,0.65,3929567.621157142,grid,,0.4,0.24091602580106128,0.22764539336191392,0.049873872967779696,0.0019485521511208234,2.0660164414452806,0.48077881615563506
6,grid_0.7139,grid,0.7139,,grid,,0.4,0.23264348643127147,0.22722422346361534,0.049705747820474405,0.0019250999081685954,2.0674274909368666,0.4813231688230358
6,grid_0.7892,grid,0.7892,,grid,,0.4,0.22341956933094267,0.22668609932783376,0.04950998345828036,0.0018766041701881592,2.0700888402550355,0.4818565499138822
6,grid_0.8000,grid,0.8,,grid,,0.4,0.22213547678890083,0.22660344963182788,0.04948200729513341,0.0018671160899109487,2.070551753210402,0.48191914309061074
6,grid_0.8904,grid,0.8904,,grid,,0.4,0.21190178548268093,0.22593850628254114,0.04926461511166208,0.001783593509523805,2.074748739984651,0.48234419333239414
6,grid_0.9500,grid,0.95,,grid,,0.4,0.2053214052965992,0.2254183772031257,0.04911435089185742,0.0016990938890332416,2.0784181071937042,0.48245575101356164
6,grid_1.0112,grid,1.0112,,grid,,0.4,0.1984829440644672,0.22475117035418524,0.04894134202747539,0.0015717465481006054,2.0832933865670307,0.482361156922239
6,rtp475,rtp,0.030538289597570517,475.0,grid,,0.45,0.3979679004554181,0.24194245235352674,0.052231498346719,0.0063046519041195515,2.4451244031657686,0.5603150301749935
6,rtp2500,rtp,0.0677784064788285,2500.0,grid,,0.45,0.3792843024044719,0.23592194374120037,0.051736637668333016,0.003922525870293098,2.2608238692254408,0.5063436202136111
6,rtp5000,rtp,0.09034972439680984,5000.0,grid,,0.45,0.3692877044050606,0.23473139776086835,0.05159903612210371,0.0034997929726672816,2.212498804975712,0.49516830035323733
6,rtp10000,rtp,0.11814430144720972,10000.0,grid,,0.45,0.35887451186785874,0.2339705955226174,0.051491640933738675,0.0032505986354695593,2.1736581490160916,0.4880142418379648
6,grid_0.1645,grid,0.1645,25431.143952713035,grid,,0.45,0.3444491197480433,0.23328747585039014,0.05135738340587741,0.00306566298276896,2.133249601554951,0.4823561093640923
6,grid_0.2109,grid,0.2109,54933.296481149926,grid,,0.45,0.33206217276787137,0.23283373518503112,0.051221825393544404,0.002989722846668791,2.1086275288712657,0.4798298548062736
6,grid_0.2423,grid,0.2423,85190.94364536027,grid,,0.45,0.3243913998483281,0.23257844334564803,0.0511227541927706,0.0029699781163142203,2.097199118982936,0.4789692029311736
6,grid_0.2700,grid,0.27,124192.4961760795,grid,,0.45,0.3179919160896104,0.23237210738590963,0.05103160915882063,0.002965187132148092,2.089472575640492,0.47854090500110297
6,grid_0.2850,grid,0.285,149920.999897958,grid,,0.45,0.3146466659944295,0.23226329627641332,0.05098082850998528,0.0029654102871996685,2.0860177647660465,0.4783999102396651
6,grid_0.3100,grid,0.31,200920.06975035614,grid,,0.45,0.30926903755229096,0.23209666196135853,0.050897134216040585,0.0029717262775645487,2.081138701308212,0.4782795479516225
6,grid_0.3300,grid,0.33,249789.57411901196,grid,,0.45,0.3051106124676661,0.23196717941916756,0.05082953810526288,0.002979234222421384,2.077934612171383,0.478262998049676
6,grid_0.3434,grid,0.3434,287654.1455485036,grid,,0.45,0.30239020494706076,0.2318800689230737,0.05078408039014863,0.0029842859736207705,2.076089494159628,0.4782789372663971
6,grid_0.3600,grid,0.36,344572.7062934788,grid,,0.45,0.2991003480846913,0.23177812277226156,0.05072888507706321,0.0029922131187703482,2.074085438649995,0.4783300502709844
6,grid_0.3649,grid,0.3649,362857.21827924356,grid,,0.45,0.29814487647335525,0.23174848815561544,0.05071272743455572,0.0029946343278577092,2.0735483284384255,0.478349912326422
6,grid_0.4000,grid,0.4,515560.1697571474,grid,,0.45,0.2914721421207242,0.2315331321895938,0.05059710710308861,0.0030104841984353037,2.0703781742728906,0.47854229959619304
6,grid_0.4500,grid,0.45,808930.1437700432,grid,,0.45,0.2824919644437064,0.23122799652425854,0.05043732703844537,0.0030290593381771536,2.0674486939827825,0.47892385415239896
6,grid_0.4898,grid,0.4898,1118622.0271335987,grid,,0.45,0.27577680797950943,0.2309996993433468,0.050317416410031034,0.0030434446866855758,2.0660497153806223,0.479293614967191
6,grid_0.5000,grid,0.5,1225822.2222180285,grid,,0.45,0.2741068248125048,0.23093991543983636,0.05028722773050118,0.0030460168128575854,2.0658057988531087,0.47939122740268475
6,grid_0.5500,grid,0.55,1871605.0410051066,grid,,0.45,0.26620887250263103,0.23064709793996796,0.05014381765550033,0.0030542661326288384,2.065147509340565,0.4798787965194817
6,grid_0.5971,grid,0.5971,2695601.035127913,grid,,0.45,0.2591506488486897,0.23035812242636922,0.0500133377118473,0.003051526855954806,2.0652125689004226,0.4803228604924534
6,grid_0.6049,grid,0.6049,2855500.0267469506,grid,,0.45,0.25801263852426276,0.23030788776060745,0.049991976174741215,0.0030497469900113428,2.0652792511172873,0.48039260477518914
6,grid_0.6500,grid,0.65,3929567.621157142,grid,,0.45,0.25155403562154494,0.229997018994389,0.04986819216721025,0.003030436579095089,2.0660164414452806,0.48077881615563506
6,grid_0.7139,grid,0.7139,,grid,,0.45,0.24301314024838327,0.2295929438867614,0.04970965718903516,0.003003262693554415,2.0674274909368666,0.4813231688230358
6,grid_0.7892,grid,0.7892,,grid,,0.45,0.23341361120220439,0.22904821832401961,0.04952505834967948,0.0029380279677282753,2.0700888402550355,0.4818565499138822
6,grid_0.8000,grid,0.8,,grid,,0.45,0.23207091018469736,0.22896181445935204,0.04949867890467136,0.0029248335758473853,2.070551753210402,0.48191914309061074
6,grid_0.8904,grid,0.8904,,grid,,0.45,0.22134532259649428,0.22825824258438632,0.04929365512066718,0.002808170187045371,2.074748739984651,0.48234419333239414
6,grid_0.9500,grid,0.95,,grid,,0.45,0.21437407924992408,0.22768150366221007,0.04915194501094989,0.0026869220989350906,2.0784181071937042,0.48245575101356164
6,grid_1.0112,grid,1.0112,,grid,,0.45,0.2070402545691135,0.2269141690494144,0.04898879609934446,0.002501244016041751,2.0832933865670307,0.482361156922239
6,rtp475,rtp,0.030538289597570517,475.0,grid,,0.5,0.40573992338408316,0.24341300596974189,0.0513609975303274,0.007888893944898195,2.4451244031657686,0.5603150301749935
6,rtp2500,rtp,0.0677784064788285,2500.0,grid,,0.5,0.3932480419594326,0.23644108384174933,0.05088843017516379,0.00501595595309734,2.2608238692254408,0.5063436202136111
6,rtp5000,rtp,0.09034972439680984,5000.0,grid,,0.5,0.3852801713812253,0.23505834121374083,0.050757025145975056,0.004495398628180353,2.212498804975712,0.49516830035323733
6,rtp10000,rtp,0.11814430144720972,10000.0,grid,,0.5,0.37667932459537895,0.23418039666710586,0.05065445521003617,0.004186002973126879,2.1736581490160916,0.4880142418379648
6,grid_0.1645,grid,0.1645,25431.143952713035,grid,,0.5,0.36433977629408715,0.23341058051326588,0.05052633523422405,0.003954163861315724,2.133249601554951,0.4823561093640923
6,grid_0.2109,grid,0.2109,54933.296481149926,grid,,0.5,0.35333631071972244,0.23292792412503993,0.05039715958768817,0.003858258249512192,2.1086275288712657,0.4798298548062736
6,grid_0.2423,grid,0.2423,85190.94364536027,grid,,0.5,0.3463418901158467,0.2326720666094563,0.05030282526451098,0.0038334653158042936,2.097199118982936,0.4789692029311736
6,grid_0.2700,grid,0.27,124192.4961760795,grid,,0.5,0.3404144119145608,0.23247334708349995,0.05021606814163447,0.003827788962570966,2.089472575640492,0.47854090500110297
6,grid_0.2850,grid,0.285,149920.999897958,grid,,0.5,0.33728480669493743,0.23237055494680398,0.0501677392042178,0.003828335602067842,2.0860177647660465,0.4783999102396651
6,grid_0.3100,grid,0.31,200920.06975035614,grid,,0.5,0.33221860048415797,0.2322175493790655,0.05008810064388425,0.0038368895957344717,2.081138701308212,0.4782795479516225
6,grid_0.3300,grid,0.33,249789.57411901196,grid,,0.5,0.328269613874877,0.23210051932102058,0.05002378661207709,0.0038468644570103516,2.077934612171383,0.478262998049676
6,grid_0.3434,grid,0.3434,287654.1455485036,grid,,0.5,0.3256725882393938,0.23202180500042335,0.04998053767231406,0.0038535803233404192,2.076089494159628,0.4782789372663971
6,grid_0.3600,grid,0.36,344572.7062934788,grid,,0.5,0.32252043973608063,0.23193129266963808,0.04992803031356717,0.0038640942058421474,2.074085438649995,0.4783300502709844
6,grid_0.3649,grid,0.3649,362857.21827924356,grid,,0.5,0.32160256102167184,0.23190507513016334,0.04991265990754732,0.0038673039635793854,2.0735483284384255,0.478349912326422
6,grid_0.4000,grid,0.4,515560.1697571474,grid,,0.5,0.3151599783205861,0.23171329932009885,0.049802675304992064,0.0038883777768136535,2.0703781742728906,0.47854229959619304
6,grid_0.4500,grid,0.45,808930.1437700432,grid,,0.5,0.30641583484064505,0.23143875379628379,0.04965069524329115,0.003913201515485715,2.0674486939827825,0.47892385415239896
6,grid_0.4898,grid,0.4898,1118622.0271335987,grid,,0.5,0.2998341181420742,0.23123347971643143,0.0495366512418145,0.003932270899954807,2.0660497153806223,0.479293614967191
6,grid_0.5000,grid,0.5,1225822.2222180285,grid,,0.5,0.2981913516530833,0.23117884124436489,0.04950793968996898,0.00393571694911829,2.0658057988531087,0.47939122740268475
6,grid_0.5500,grid,0.55,1871605.0410051066,grid,,0.5,0.29039414735570684,0.23090811582610538,0.04937155605408223,0.00394700190027987,2.065147509340565,0.4798787965194817
6,grid_0.5971,grid,0.5971,2695601.035127913,grid,,0.5,0.28338716359546734,0.23063292167673338,0.049247477497382675,0.003944067063763559,2.0652125689004226,0.4803228604924534
6,grid_0.6049,grid,0.6049,2855500.0267469506,grid,,0.5,0.2822539583385606,0.2305841128483059,0.04922716413848326,0.0039418689595570044,2.0652792511172873,0.48039260477518914
6,grid_0.6500,grid,0.65,3929567.621157142,grid,,0.5,0.2758001005021484,0.2302757785373093,0.04910945397682941,0.003917480204134502,2.0660164414452806,0.48077881615563506
6,grid_0.7139,grid,0.7139,,grid,,0.5,0.26724665229297023,0.22987288658891059,0.04895870424138605,0.003882839747332098,2.0674274909368666,0.4813231688230358
6,grid_0.7892,grid,0.7892,,grid,,0.5,0.2575666893548975,0.22930750265322306,0.0487831708386663,0.0037987599343916045,2.0700888402550355,0.4818565499138822
6,grid_0.8000,grid,0.8,,grid,,0.5,0.25620723754407193,0.2292156458068173,0.048758086610166965,0.0037817256724693576,2.070551753210402,0.48191914309061074
6,grid_0.8904,grid,0.8904,,grid,,0.5,0.24532912288602718,0.22846119429437947,0.04856313825577335,0.00363137904264086,2.074748739984651,0.48234419333239414
6,grid_0.9500,grid,0.95,,grid,,0.5,0.2381983363538022,0.22782265837477522,0.04842839107039092,0.0034747725985586203,2.0784181071937042,0.48245575101356164
6,grid_1.0112,grid,1.0112,,grid,,0.5,0.2306240302919628,0.2269533868050171,0.0482732559927913,0.0032345837894764,2.0832933865670307,0.482361156922239
6,rtp475,rtp,0.030538289597570517,475.0,grid,,0.55,0.41682422519174794,0.242443314354531,0.05174550346900129,0.0070332572062086485,2.4451244031657686,0.5603150301749935
6,rtp2500,rtp,0.0677784064788285,2500.0,grid,,0.55,0.40755307761627346,0.23586796317211906,0.05129493790968956,0.004338758141274546,2.2608238692254408,0.5063436202136111
6,rtp5000,rtp,0.09034972439680984,5000.0,grid,,0.55,0.4009582866589748,0.23449062784751812,0.05116964132666445,0.0038162132216587874,2.212498804975712,0.49516830035323733
6,rtp10000,rtp,0.11814430144720972,10000.0,grid,,0.55,0.39368645556091825,0.23357523544184033,0.051071869569270824,0.0034855210424403205,2.1736581490160916,0.4880142418379648
6,grid_0.1645,grid,0.1645,25431.143952713035,grid,,0.55,0.3830842515808344,0.23273311015804754,0.05094998553893231,0.0032147150249055845,2.133249601554951,0.4823561093640923
6,grid_0.2109,grid,0.2109,54933.296481149926,grid,,0.55,0.3735260006976455,0.23218777242118072,0.05082737409655335,0.003083787565356655,2.1086275288712657,0.4798298548062736
6,grid_0.2423,grid,0.2423,85190.94364536027,grid,,0.55,0.36742048253335263,0.2318935945794088,0.05073791091736307,0.003036728289596141,2.097199118982936,0.4789692029311736
6,grid_0.2700,grid,0.27,124192.4961760795,grid,,0.55,0.36223551475685256,0.23166300518964789,0.050655657701331985,0.0030120902721668397,2.089472575640492,0.47854090500110297
6,grid_0.2850,grid,0.285,149920.999897958,grid,,0.55,0.35949422447498386,0.23154352031619876,0.0506098412013142,0.003002560599103754,2.0860177647660465,0.4783999102396651
6,grid_0.3100,grid,0.31,200920.06975035614,grid,,0.55,0.3550563075292935,0.2313640496880884,0.050534353150840795,0.0029949703372314507,2.081138701308212,0.4782795479516225
6,grid_0.3300,grid,0.33,249789.57411901196,grid,,0.55,0.35159451974233863,0.23122677931556365,0.05047339252905052,0.002992430943597857,2.077934612171383,0.478262998049676
6,grid_0.3434,grid,0.3434,287654.1455485036,grid,,0.55,0.34931623804810175,0.23113504189996423,0.05043239821259434,0.002991009381503873,2.076089494159628,0.4782789372663971
6,grid_0.3600,grid,0.36,344572.7062934788,grid,,0.55,0.3465515506747937,0.23102935839081062,0.050382632620502084,0.0029919318179675303,2.074085438649995,0.4783300502709844
6,grid_0.3649,grid,0.3649,362857.21827924356,grid,,0.55,0.34574637730569063,0.23099880875262574,0.05036806454123643,0.0029923851038957394,2.0735483284384255,0.478349912326422
6,grid_0.4000,grid,0.4,515560.1697571474,grid,,0.55,0.3400908545113226,0.23077802338333603,0.05026381870838121,0.002994677368338375,2.0703781742728906,0.47854229959619304
6,grid_0.4500,grid,0.45,808930.1437700432,grid,,0.55,0.3324082003839878,0.2304691978234646,0.05011977009802948,0.0029962810473617707,2.0674486939827825,0.47892385415239896
6,grid_0.4898,grid,0.4898,1118622.0271335987,grid,,0.55,0.32662555450838077,0.2302423194635011,0.05001168157402952,0.0029998440979033814,2.0660497153806223,0.479293614967191
6,grid_0.5000,grid,0.5,1225822.2222180285,grid,,0.55,0.3251816660882845,0.23018296227421794,0.04998446833356451,0.002999727787769524,2.0658057988531087,0.47939122740268475
6,grid_0.5500,grid,0.55,1871605.0410051066,grid,,0.55,0.31832956042149035,0.22989497373829462,0.04985520732115967,0.002996491628971504,2.065147509340565,0.4798787965194817
6,grid_0.5971,grid,0.5971,2695601.035127913,grid,,0.55,0.31217145028553955,0.22961258059506157,0.04973761050700704,0.0029843266605165952,2.0652125689004226,0.4803228604924534
6,grid_0.6049,grid,0.6049,2855500.0267469506,grid,,0.55,0.31117512066538605,0.22956340450230317,0.049718357752124305,0.0029809989345637583,2.0652792511172873,0.48039260477518914
6,grid_0.6500,grid,0.65,3929567.621157142,grid,,0.55,0.30549829428706543,0.22925810025034007,0.04960679363117956,0.0029524828992154167,2.0660164414452806,0.48077881615563506
6,grid_0.7139,grid,0.7139,,grid,,0.55,0.29798407765241564,0.22886542647903002,0.049463895692344585,0.0029154877450837113,2.0674274909368666,0.4813231688230358
6,grid_0.7892,grid,0.7892,,grid,,0.55,0.28947411475629725,0.2283318298187855,0.04929750405703994,0.002837920451354878,2.0700888402550355,0.4818565499138822
6,grid_0.8000,grid,0.8,,grid,,0.55,0.2882781256274941,0.2282464919954213,0.04927372697258858,0.002822734135627336,2.070551753210402,0.48191914309061074
6,grid_0.8904,grid,0.8904,,grid,,0.55,0.2787292304550366,0.2275604303322038,0.04908890994220088,0.0026948395107768974,2.074748739984651,0.48234419333239414
6,grid_0.9500,grid,0.95,,grid,,0.55,0.27247099341379943,0.22699480486957166,0.04896116894155248,0.0025654724962224373,2.0784181071937042,0.48245575101356164
6,grid_1.0112,grid,1.0112,,grid,,0.55,0.2658194046140509,0.2262377608223959,0.048814107909197664,0.0023694165127339517,2.0832933865670307,0.482361156922239
6,rtp475,rtp,0.030538289597570517,475.0,grid,,0.6,0.43374838268426336,0.23608355144692472,0.04945279984378943,0.006282643420003314,2.4451244031657686,0.5603150301749935
6,rtp2500,rtp,0.0677784064788285,2500.0,grid,,0.6,0.4286166846733683,0.2299199489016182,0.04904203353210147,0.0038211493708212585,2.2608238692254408,0.5063436202136111
6,rtp5000,rtp,0.09034972439680984,5000.0,grid,,0.6,0.4238653396189453,0.22856937181207337,0.04892779676688098,0.0033161609636848666,2.212498804975712,0.49516830035323733
6,rtp10000,rtp,0.11814430144720972,10000.0,grid,,0.6,0.41841847238112884,0.22763897265694408,0.04883867714914763,0.0029808247231613016,2.1736581490160916,0.4880142418379648
6,grid_0.1645,grid,0.1645,25431.143952713035,grid,,0.6,0.41022625024548875,0.22675350988988552,0.04872778041353059,0.002689373833851816,2.133249601554951,0.4823561093640923
6,grid_0.2109,grid,0.2109,54933.296481149926,grid,,0.6,0.40264636086789246,0.22616964176713927,0.048616460524564205,0.002536246332511899,2.1086275288712657,0.4798298548062736
6,grid_0.2423,grid,0.2423,85190.94364536027,grid,,0.6,0.39773208936396476,0.2258527343548906,0.048535305744266025,0.0024741518713147503,2.097199118982936,0.4789692029311736
6,grid_0.2700,grid,0.27,124192.4961760795,grid,,0.6,0.39352539266520226,0.22560398474421567,0.04846071389924497,0.002436444033223323,2.089472575640492,0.47854090500110297
6,grid_0.2850,grid,0.285,149920.999897958,grid,,0.6,0.3912895771178727,0.22547506410682094,0.04841916853716923,0.002419835996805786,2.0860177647660465,0.4783999102396651
6,grid_0.3100,grid,0.31,200920.06975035614,grid,,0.6,0.3876618897445256,0.22528153815010266,0.048350727703185166,0.0024010437280909958,2.081138701308212,0.4782795479516225
6,grid_0.3300,grid,0.33,249789.57411901196,grid,,0.6,0.38482148573746894,0.22513370042197578,0.048295460127905185,0.002389722937786748,2.077934612171383,0.478262998049676
6,grid_0.3434,grid,0.3434,287654.1455485036,grid,,0.6,0.3829468768738928,0.2250351873990007,0.04825829409765138,0.0023825414700519854,2.076089494159628,0.4782789372663971
6,grid_0.3600,grid,0.36,344572.7062934788,grid,,0.6,0.38067031866973894,0.22492217925003774,0.04821318017463552,0.002376806543950588,2.074085438649995,0.4783300502709844
6,grid_0.3649,grid,0.3649,362857.21827924356,grid,,0.6,0.38000664110339133,0.22488957568548915,0.04819997363699322,0.0023753476150061292,2.0735483284384255,0.478349912326422
6,grid_0.4000,grid,0.4,515560.1697571474,grid,,0.6,0.37533219042978494,0.22465516984055758,0.04810546914943557,0.0023644761866541963,2.0703781742728906,0.47854229959619304
6,grid_0.4500,grid,0.45,808930.1437700432,grid,,0.6,0.3689568098686889,0.22433145770859023,0.047974883914455015,0.002349719003205991,2.0674486939827825,0.47892385415239896
6,grid_0.4898,grid,0.4898,1118622.0271335987,grid,,0.6,0.36414825532232453,0.2240968051703739,0.04787690240921199,0.0023424756783565204,2.0660497153806223,0.479293614967191
6,grid_0.5000,grid,0.5,1225822.2222180285,grid,,0.6,0.36294535446346826,0.2240359304702427,0.04785223300803829,0.002339865133629132,2.0658057988531087,0.47939122740268475
6,grid_0.5500,grid,0.55,1871605.0410051066,grid,,0.6,0.35723115801768374,0.22374493429412548,0.04773506049790824,0.002326735124374285,2.065147509340565,0.4798787965194817
6,grid_0.5971,grid,0.5971,2695601.035127913,grid,,0.6,0.3520845238762557,0.22346609031497475,0.0476284637837244,0.0023086297369360465,2.0652125689004226,0.4803228604924534
6,grid_0.6049,grid,0.6049,2855500.0267469506,grid,,0.6,0.3512503843613142,0.22341801953953333,0.047611011542453646,0.0023045999125136524,2.0652792511172873,0.48039260477518914
6,grid_0.6500,grid,0.65,3929567.621157142,grid,,0.6,0.3464877692891006,0.2231223007356073,0.047509880977388654,0.002273680108162132,2.0660164414452806,0.48077881615563506
6,grid_0.7139,grid,0.7139,,grid,,0.6,0.34019025418377763,0.2227471960205206,0.04738033265412469,0.002235980680879532,2.0674274909368666,0.4813231688230358
6,grid_0.7892,grid,0.7892,,grid,,0.6,0.33302969438991525,0.22224632340205377,0.04722948476196032,0.002163943503769958,2.0700888402550355,0.4818565499138822
6,grid_0.8000,grid,0.8,,grid,,0.6,0.3320205754078747,0.22216689234419099,0.04720792941107408,0.0021501986428012626,2.070551753210402,0.48191914309061074
6,grid_0.8904,grid,0.8904,,grid,,0.6,0.32398431874543004,0.22154274487036907,0.047040361419993154,0.002040826384704292,2.074748739984651,0.48234419333239414
6,grid_0.9500,grid,0.95,,grid,,0.6,0.3186985610148703,0.22103770457617913,0.04692454511103021,0.001933121733276033,2.0784181071937042,0.48245575101356164
6,grid_1.0112,grid,1.0112,,grid,,0.6,0.3130517585181493,0.22036912602333728,0.04679121807884001,0.0017713336254494977,2.0832933865670307,0.482361156922239
6,rtp475,rtp,0.030538289597570517,475.0,grid,,0.65,0.43251146062324264,0.23914923624082937,0.050041301940510416,0.007151055254061595,2.4451244031657686,0.5603150301749935
6,rtp2500,rtp,0.0677784064788285,2500.0,grid,,0.65,0.4324854195896424,0.23325170434266787,0.04966641524698293,0.004739942331776409,2.2608238692254408,0.5063436202136111
6,rtp5000,rtp,0.09034972439680984,5000.0,grid,,0.65,0.43009455419348414,0.23197006999735245,0.04956213732759819,0.004247976046978408,2.212498804975712,0.49516830035323733
6,rtp10000,rtp,0.11814430144720972,10000.0,grid,,0.65,0.42704260187609894,0.23109095447067468,0.04948087037374179,0.003922158864425651,2.1736581490160916,0.4880142418379648
6,grid_0.1645,grid,0.1645,25431.143952713035,grid,,0.65,0.42195637445911466,0.2302579459421632,0.04938016549516445,0.0036385561743396966,2.133249601554951,0.4823561093640923
6,grid_0.2109,grid,0.2109,54933.296481149926,grid,,0.65,0.41670663144256376,0.2297207517612854,0.04927947309776257,0.003492150692007534,2.1086275288712657,0.4798298548062736
6,grid_0.2423,grid,0.2423,85190.94364536027,grid,,0.65,0.4130538266136494,0.22943945597292562,0.04920615051194445,0.003436313445207617,2.097199118982936,0.4789692029311736
6,grid_0.2700,grid,0.27,124192.4961760795,grid,,0.65,0.40979843824732604,0.22922557762709309,0.049138773837400826,0.0034055916010736487,2.089472575640492,0.47854090500110297
6,grid_0.2850,grid,0.285,149920.999897958,grid,,0.65,0.4080245904486394,0.2291165201012937,0.049101245989657906,0.0033931337936686234,2.0860177647660465,0.4783999102396651
6,grid_0.3100,grid,0.31,200920.06975035614,grid,,0.65,0.4050987253812134,0.2289577017326924,0.04903942803099903,0.003382201151717501,2.081138701308212,0.4782795479516225
6,grid_0.3300,grid,0.33,249789.57411901196,grid,,0.65,0.4027639553780993,0.22883819191860133,0.04898950376624231,0.0033774143143323054,2.077934612171383,0.478262998049676
6,grid_0.3434,grid,0.3434,287654.1455485036,grid,,0.65,0.4012042540829085,0.2287586507791751,0.048955927875432244,0.003374592430876344,2.076089494159628,0.4782789372663971
6,grid_0.3600,grid,0.36,344572.7062934788,grid,,0.65,0.399294859872243,0.22866932299646622,0.04891517432405639,0.0033744849556058,2.074085438649995,0.4783300502709844
6,grid_0.3649,grid,0.3649,362857.21827924356,grid,,0.65,0.39873510346325086,0.22864369008165275,0.0489032431210727,0.0033746938930821757,2.0735483284384255,0.478349912326422
6,grid_0.4000,grid,0.4,515560.1697571474,grid,,0.65,0.3947482179172339,0.22845800205689146,0.04881785609649614,0.0033752026073304853,2.0703781742728906,0.47854229959619304
6,grid_0.4500,grid,0.45,808930.1437700432,grid,,0.65,0.38921249245311285,0.22819869243254287,0.04869985716144326,0.0033747860664790352,2.0674486939827825,0.47892385415239896
6,grid_0.4898,grid,0.4898,1118622.0271335987,grid,,0.65,0.38498025886845433,0.22801082837598843,0.04861131134672862,0.003377626509975834,2.0660497153806223,0.479293614967191
6,grid_0.5000,grid,0.5,1225822.2222180285,grid,,0.65,0.38391335220371103,0.22796117363432025,0.048589015048588785,0.003377281636147922,2.0658057988531087,0.47939122740268475
6,grid_0.5500,grid,0.55,1871605.0410051066,grid,,0.65,0.3788066314896143,0.22772095628201805,0.04848311434572245,0.0033737195842743206,2.065147509340565,0.4798787965194817
6,grid_0.5971,grid,0.5971,2695601.035127913,grid,,0.65,0.3741525038427855,0.2274825065329759,0.04838676498159162,0.003361525796933801,2.0652125689004226,0.4803228604924534
6,grid_0.6049,grid,0.6049,2855500.0267469506,grid,,0.65,0.37339342260666836,0.22744031478936463,0.04837098896298301,0.003358107828502266,2.0652792511172873,0.48039260477518914
6,grid_0.6500,grid,0.65,3929567.621157142,grid,,0.65,0.3690262166177227,0.22717382774726297,0.04827957199514317,0.0033283760181999356,2.0660164414452806,0.48077881615563506
6,grid_0.7139,grid,0.7139,,grid,,0.65,0.36322376712596344,0.22683373511753924,0.04816241384036767,0.0032911295470062774,2.0674274909368666,0.4813231688230358
6,grid_0.7892,grid,0.7892,,grid,,0.65,0.3565260408276246,0.2263537789975354,0.04802599079577248,0.00321004247069262,2.0700888402550355,0.4818565499138822
6,grid_0.8000,grid,0.8,,grid,,0.65,0.3555740001669171,0.2262754132199163,0.048006498752586724,0.0031940638752571415,2.070551753210402,0.48191914309061074
6,grid_0.8904,grid,0.8904,,grid,,0.65,0.3479580242011372,0.2256545770513507,0.047854895447827,0.0030650926963969732,2.074748739984651,0.48234419333239414
6,grid_0.9500,grid,0.95,,grid,,0.65,0.3428532838540861,0.2251310756462664,0.04775012280439302,0.0029338784172519006,2.0784181071937042,0.48245575101356164
6,grid_1.0112,grid,1.0112,,grid,,0.65,0.3372912988667019,0.2244158849008656,0.0476295305041988,0.0027329588916397557,2.0832933865670307,0.482361156922239
6,rtp475,rtp,0.030538289597570517,475.0,grid,,0.7,0.43634403985084613,0.23873918246950762,0.04880011227393304,0.008196284972275814,2.4451244031657686,0.5603150301749935
6,rtp2500,rtp,0.0677784064788285,2500.0,grid,,0.7,0.4421532711498272,0.233056843331188,0.048468843486400216,0.005846648737097698,2.2608238692254408,0.5063436202136111
6,rtp5000,rtp,0.09034972439680984,5000.0,grid,,0.7,0.44247511995818245,0.23183243239413928,0.04837668152350872,0.005369595186274445,2.212498804975712,0.49516830035323733
6,rtp10000,rtp,0.11814430144720972,10000.0,grid,,0.7,0.44218145801352243,0.23099486220633453,0.048304914413928375,0.0050537119517951035,2.1736581490160916,0.4880142418379648
6,grid_0.1645,grid,0.1645,25431.143952713035,grid,,0.7,0.44069356239974283,0.23020606315981104,0.048216375456128224,0.004778456059410685,2.133249601554951,0.4823561093640923
6,grid_0.2109,grid,0.2109,54933.296481149926,grid,,0.7,0.43817630213216646,0.22971470776323358,0.04812827666036845,0.004640570302379354,2.1086275288712657,0.4798298548062736
6,grid_0.2423,grid,0.2423,85190.94364536027,grid,,0.7,0.43602236766157165,0.229471496468428,0.04806423782183389,0.004592929869625867,2.097199118982936,0.4789692029311736
6,grid_0.2700,grid,0.27,124192.4961760795,grid,,0.7,0.43390956037031336,0.22929620305631063,0.04800542443049085,0.00457132430554999,2.089472575640492,0.47854090500110297
6,grid_0.2850,grid,0.285,149920.999897958,grid,,0.7,0.4326950755345269,0.22920936165277989,0.04797266990461945,0.004564261564655392,2.0860177647660465,0.4783999102396651
6,grid_0.3100,grid,0.31,200920.06975035614,grid,,0.7,0.43062535282108694,0.22909011344082175,0.04791872810562575,0.004563551970702823,2.081138701308212,0.4782795479516225
6,grid_0.3300,grid,0.33,249789.57411901196,grid,,0.7,0.4289128609240262,0.22900308871282749,0.04787516504183086,0.004567249598184275,2.077934612171383,0.478262998049676
6,grid_0.3434,grid,0.3434,287654.1455485036,grid,,0.7,0.42774313229654504,0.22894538061062697,0.047845865897107445,0.004570121405837402,2.076089494159628,0.4782789372663971
6,grid_0.3600,grid,0.36,344572.7062934788,grid,,0.7,0.4262910588293207,0.22888364271285055,0.04781030923739947,0.004577412664104358,2.074085438649995,0.4783300502709844
6,grid_0.3649,grid,0.3649,362857.21827924356,grid,,0.7,0.4258612364941854,0.22886616066768292,0.0477998988720093,0.0045798206267563535,2.0735483284384255,0.478349912326422
6,grid_0.4000,grid,0.4,515560.1697571474,grid,,0.7,0.42274047616337046,0.22873749176863759,0.047725390646653834,0.004595449493953713,2.0703781742728906,0.47854229959619304
6,grid_0.4500,grid,0.45,808930.1437700432,grid,,0.7,0.4182782836719975,0.22855402927268018,0.047622423586750375,0.0046145207100267704,2.0674486939827825,0.47892385415239896
6,grid_0.4898,grid,0.4898,1118622.0271335987,grid,,0.7,0.4147940394054209,0.2284218769295744,0.04754515963250796,0.004631394227521679,2.0660497153806223,0.479293614967191
6,grid_0.5000,grid,0.5,1225822.2222180285,grid,,0.7,0.41390519888421085,0.2283855942165135,0.047525702230138855,0.004634277415491106,2.0658057988531087,0.47939122740268475
6,grid_0.5500,grid,0.55,1871605.0410051066,grid,,0.7,0.40960259386794867,0.22820634894732847,0.04743329175020585,0.004644845949663995,2.065147509340565,0.4798787965194817
6,grid_0.5971,grid,0.5971,2695601.035127913,grid,,0.7,0.40561275379860473,0.22801680379777556,0.04734921583453037,0.004642446979622905,2.0652125689004226,0.4803228604924534
6,grid_0.6049,grid,0.6049,2855500.0267469506,grid,,0.7,0.40495601725197683,0.22798174083331674,0.04733544837660847,0.004640225776781137,2.0652792511172873,0.48039260477518914
6,grid_0.6500,grid,0.65,3929567.621157142,grid,,0.7,0.40113607948732,0.22775068487016822,0.047255670644212995,0.004614703814617677,2.0660164414452806,0.48077881615563506
6,grid_0.7139,grid,0.7139,,grid,,0.7,0.39602906591748144,0.2274536531404497,0.047153391443808146,0.00458177288312786,2.0674274909368666,0.4813231688230358
6,grid_0.7892,grid,0.7892,,grid,,0.7,0.39001020439081363,0.22699961283310374,0.04703429221682209,0.004494532009556906,2.0700888402550355,0.4818565499138822
6,grid_0.8000,grid,0.8,,grid,,0.7,0.38914464516414443,0.22692263562793247,0.04701727686145972,0.0044766056988676806,2.070551753210402,0.48191914309061074
6,grid_0.8904,grid,0.8904,,grid,,0.7,0.38218484258966295,0.22630887752680998,0.04688488310357354,0.004330824943871131,2.074748739984651,0.48234419333239414
6,grid_0.9500,grid,0.95,,grid,,0.7,0.3774061234620304,0.2257661021305158,0.04679339290723792,0.004176939963968562,2.0784181071937042,0.48245575101356164
6,grid_1.0112,grid,1.0112,,grid,,0.7,0.37207094621709147,0.2249986731554044,0.04668810375858768,0.003936299163104812,2.0832933865670307,0.482361156922239
6,rtp475,rtp,0.030538289597570517,475.0,grid,,0.75,0.4491294741669173,0.23591606552016117,0.04794571508031157,0.007710674890201413,2.4451244031657686,0.5603150301749935
6,rtp2500,rtp,0.0677784064788285,2500.0,grid,,0.75,0.4559006454898664,0.23048703499949444,0.04760681387071127,0.005517459432146904,2.2608238692254408,0.5063436202136111
6,rtp5000,rtp,0.09034972439680984,5000.0,grid,,0.75,0.45669660753425545,0.22930659097090217,0.047512536672228975,0.005068975990467656,2.212498804975712,0.49516830035323733
6,rtp10000,rtp,0.11814430144720972,10000.0,grid,,0.75,0.4568849216684602,0.2284976403759688,0.04743908895948494,0.004772082697900637,2.1736581490160916,0.4880142418379648
6,grid_0.1645,grid,0.1645,25431.143952713035,grid,,0.75,0.4560521098692655,0.22773304527912155,0.047348302546849075,0.004514037365253354,2.133249601554951,0.4823561093640923
6,grid_0.2109,grid,0.2109,54933.296481149926,grid,,0.75,0.4540819620112465,0.227250394674497,0.047257798847410715,0.0043849430323039396,2.1086275288712657,0.4798298548062736
6,grid_0.2423,grid,0.2423,85190.94364536027,grid,,0.75,0.4522572315043912,0.22700717165287512,0.04719197452274551,0.004340281459092404,2.097199118982936,0.4789692029311736
6,grid_0.2700,grid,0.27,124192.4961760795,grid,,0.75,0.45041316576420815,0.226829108190034,0.047131513530096474,0.004319930792189675,2.089472575640492,0.47854090500110297
6,grid_0.2850,grid,0.285,149920.999897958,grid,,0.75,0.4493366972128503,0.22673972424949163,0.047097841634843735,0.00431306091789177,2.0860177647660465,0.4783999102396651
6,grid_0.3100,grid,0.31,200920.06975035614,grid,,0.75,0.44748699684133386,0.2266157050096888,0.047042386680919805,0.004312291076118496,2.081138701308212,0.4782795479516225
6,grid_0.3300,grid,0.33,249789.57411901196,grid,,0.75,0.44594181211627276,0.2265238674944103,0.046997603374980726,0.004315459169644431,2.077934612171383,0.478262998049676
6,grid_0.3434,grid,0.3434,287654.1455485036,grid,,0.75,0.4448802618752406,0.2264625338478797,0.04696748476230699,0.004317794474495068,2.076089494159628,0.4782789372663971
6,grid_0.3600,grid,0.36,344572.7062934788,grid,,0.75,0.44355868180345503,0.22639657779392883,0.04693093238148944,0.004324478055313025,2.074085438649995,0.4783300502709844
6,grid_0.3649,grid,0.3649,362857.21827924356,grid,,0.75,0.44316656994210685,0.22637782757412084,0.04692023093293291,0.004326689884245477,2.0735483284384255,0.478349912326422
6,grid_0.4000,grid,0.4,515560.1697571474,grid,,0.75,0.4403055384591805,0.22623923849056762,0.046843642904011204,0.004340550128780735,2.0703781742728906,0.47854229959619304
6,grid_0.4500,grid,0.45,808930.1437700432,grid,,0.75,0.436184640174836,0.22604068368755825,0.04673780625691112,0.004356584425027649,2.0674486939827825,0.47892385415239896
6,grid_0.4898,grid,0.4898,1118622.0271335987,grid,,0.75,0.4329510271707663,0.22589658542446756,0.04665839196032172,0.004370875346112052,2.0660497153806223,0.479293614967191
6,grid_0.5000,grid,0.5,1225822.2222180285,grid,,0.75,0.43212368302086157,0.22585717738229966,0.04663839409881383,0.00437307047628574,2.0658057988531087,0.47939122740268475
6,grid_0.5500,grid,0.55,1871605.0410051066,grid,,0.75,0.4281090149803027,0.22566361351777603,0.04654341634984012,0.004380650116060064,2.065147509340565,0.4798787965194817
6,grid_0.5971,grid,0.5971,2695601.035127913,grid,,0.75,0.4243712386123967,0.22546160113139807,0.04645700735399593,0.004375926230737709,2.0652125689004226,0.4803228604924534
6,grid_0.6049,grid,0.6049,2855500.0267469506,grid,,0.75,0.42375453154176773,0.22542450906690123,0.04644285846675963,0.004373350821293809,2.0652792511172873,0.48039260477518914
6,grid_0.6500,grid,0.65,3929567.621157142,grid,,0.75,0.420158018099618,0.22518130145590545,0.04636087032502112,0.004345748200354244,2.0660164414452806,0.48077881615563506
6,grid_0.7139,grid,0.7139,,grid,,0.75,0.4153460214423455,0.22486923572104123,0.04625577896021933,0.004310394213545871,2.0674274909368666,0.4813231688230358
6,grid_0.7892,grid,0.7892,,grid,,0.75,0.4096475336324504,0.22439662658364518,0.046133406109704955,0.004220439912414942,2.0700888402550355,0.4818565499138822
6,grid_0.8000,grid,0.8,,grid,,0.75,0.4088258684885322,0.22431688914216036,0.0461159222134946,0.0042021445409216596,2.070551753210402,0.48191914309061074
6,grid_0.8904,grid,0.8904,,grid,,0.75,0.40222413359743714,0.22368815652647536,0.04597991357175072,0.004056477798462216,2.074748739984651,0.48234419333239414
6,grid_0.9500,grid,0.95,,grid,,0.75,0.39767173379548176,0.2231364585512439,0.045885921424557094,0.003903957710233885,2.0784181071937042,0.48245575101356164
6,grid_1.0112,grid,1.0112,,grid,,0.75,0.3925634581829261,0.22235931845041612,0.045777744232768175,0.0036659222689653936,2.0832933865670307,0.482361156922239
6,rtp475,rtp,0.030538289597570517,475.0,grid,,0.8,0.45647597505643367,0.23348842492761285,0.04769993754162816,0.006816907033549341,2.4451244031657686,0.5603150301749935
6,rtp2500,rtp,0.0677784064788285,2500.0,grid,,0.8,0.4646662117535853,0.22860966729394774,0.04735818969027549,0.004904190289973992,2.2608238692254408,0.5063436202136111
6,rtp5000,rtp,0.09034972439680984,5000.0,grid,,0.8,0.4662848088686966,0.2275396644591895,0.047263125137939635,0.004511173764260912,2.212498804975712,0.49516830035323733
6,rtp10000,rtp,0.11814430144720972,10000.0,grid,,0.8,0.46736483372404536,0.22679858410932682,0.04718903825875176,0.004248559495243637,2.1736581490160916,0.4880142418379648
6,grid_0.1645,grid,0.1645,25431.143952713035,grid,,0.8,0.4678195728305919,0.2260883702734746,0.047097383066696794,0.0040185681062189504,2.133249601554951,0.4823561093640923
6,grid_0.2109,grid,0.2109,54933.296481149926,grid,,0.8,0.4669889550542631,0.2256281538556823,0.04700596605977873,0.0039020977525447142,2.1086275288712657,0.4798298548062736
6,grid_0.2423,grid,0.2423,85190.94364536027,grid,,0.8,0.4658780911979514,0.22538887047878625,0.04693947795814251,0.003860664977560574,2.097199118982936,0.4789692029311736
6,grid_0.2700,grid,0.27,124192.4961760795,grid,,0.8,0.4646313683937771,0.22520925925849597,0.04687841250873987,0.00384079794702058,2.089472575640492,0.47854090500110297
6,grid_0.2850,grid,0.285,149920.999897958,grid,,0.8,0.46386650430785487,0.22511722288441435,0.046844406534613865,0.003833357504577223,2.0860177647660465,0.4783999102396651
6,grid_0.3100,grid,0.31,200920.06975035614,grid,,0.8,0.46252011389649256,0.22498795843554928,0.046788404968876166,0.003831176472120279,2.081138701308212,0.4782795479516225
6,grid_0.3300,grid,0.33,249789.57411901196,grid,,0.8,0.4613631675309786,0.2248903588548638,0.046743183603573685,0.0038324899022957326,2.077934612171383,0.478262998049676
6,grid_0.3434,grid,0.3434,287654.1455485036,grid,,0.8,0.4605548151797434,0.22482459441322597,0.04671277172613579,0.003833326526935771,2.076089494159628,0.4782789372663971
6,grid_0.3600,grid,0.36,344572.7062934788,grid,,0.8,0.45954077125479714,0.22475356047601291,0.04667586471045615,0.003838298236188642,2.074085438649995,0.4783300502709844
6,grid_0.3649,grid,0.3649,362857.21827924356,grid,,0.8,0.4592380224388881,0.22473328019057612,0.046665059853493014,0.003839987371722975,2.0735483284384255,0.478349912326422
6,grid_0.4000,grid,0.4,515560.1697571474,grid,,0.8,0.4569983681898933,0.22458266178870365,0.04658773486549168,0.0038496371106075677,2.0703781742728906,0.47854229959619304
6,grid_0.4500,grid,0.45,808930.1437700432,grid,,0.8,0.45370971141917527,0.22436645120325838,0.046480886848866025,0.003859417576678098,2.0674486939827825,0.47892385415239896
6,grid_0.4898,grid,0.4898,1118622.0271335987,grid,,0.8,0.4510984118684698,0.22420924729512684,0.046400720016324684,0.003869066556322659,2.0660497153806223,0.479293614967191
6,grid_0.5000,grid,0.5,1225822.2222180285,grid,,0.8,0.4504250798078516,0.22416654469371686,0.04638053339030014,0.0038701063696200133,2.0658057988531087,0.47939122740268475
6,grid_0.5500,grid,0.55,1871605.0410051066,grid,,0.8,0.4471380243621703,0.22395939937061693,0.046284662084032535,0.003873150482414961,2.065147509340565,0.4798787965194817
6,grid_0.5971,grid,0.5971,2695601.035127913,grid,,0.8,0.44404603515085017,0.22374816347265425,0.04619744476676248,0.003865795890623136,2.0652125689004226,0.4803228604924534
6,grid_0.6049,grid,0.6049,2855500.0267469506,grid,,0.8,0.4435327276340275,0.2237097992844482,0.04618316397833867,0.0038629103175494284,2.0652792511172873,0.48039260477518914
6,grid_0.6500,grid,0.65,3929567.621157142,grid,,0.8,0.44051777457277275,0.2234602138661286,0.04610041139504268,0.003834055786053253,2.0660164414452806,0.48077881615563506
6,grid_0.7139,grid,0.7139,,grid,,0.8,0.4364797970681502,0.2231427464599319,0.04599435633622599,0.0037983289614554605,2.0674274909368666,0.4813231688230358
6,grid_0.7892,grid,0.7892,,grid,,0.8,0.43163480644017554,0.22266860133848382,0.0458708620582674,0.003710443963769239,2.0700888402550355,0.4818565499138822
6,grid_0.8000,grid,0.8,,grid,,0.8,0.4309309567202417,0.22258921713648802,0.04585321730586123,0.003692742279573391,2.070551753210402,0.48191914309061074
6,grid_0.8904,grid,0.8904,,grid,,0.8,0.42528554625612686,0.22197784509476354,0.04571598027464593,0.0035581834382689137,2.074748739984651,0.48234419333239414
6,grid_0.9500,grid,0.95,,grid,,0.8,0.4213426529137669,0.22144930055661247,0.045621136324584526,0.0034186563924283597,2.0784181071937042,0.48245575101356164
6,grid_1.0112,grid,1.0112,,grid,,0.8,0.4168563119317045,0.22070954747408317,0.04551197228231367,0.0032007320639008963,2.0832933865670307,0.482361156922239
6,rtp475,rtp,0.030538289597570517,475.0,grid,,0.85,0.4712896483155859,0.2349101428990067,0.047933499291418186,0.0072492759454135525,2.4451244031657686,0.5603150301749935
6,rtp2500,rtp,0.0677784064788285,2500.0,grid,,0.85,0.481700686157516,0.23043412763878518,0.047594520084658413,0.005505367095989533,2.2608238692254408,0.5063436202136111
6,rtp5000,rtp,0.09034972439680984,5000.0,grid,,0.85,0.48447133530674596,0.22949668002673326,0.04750022464182774,0.005168501501465056,2.212498804975712,0.49516830035323733
6,rtp10000,rtp,0.11814430144720972,10000.0,grid,,0.85,0.486772216746203,0.228870864819383,0.04742673644093784,0.00495513632223446,2.1736581490160916,0.4880142418379648
6,grid_0.1645,grid,0.1645,25431.143952713035,grid,,0.85,0.48886565253828607,0.22829304826494312,0.04733586358789013,0.004781852298209516,2.133249601554951,0.4823561093640923
6,grid_0.2109,grid,0.2109,54933.296481149926,grid,,0.85,0.48928411724284543,0.2279307263932251,0.047245290971758246,0.0047071250623849925,2.1086275288712657,0.4798298548062736
6,grid_0.2423,grid,0.2423,85190.94364536027,grid,,0.85,0.4888475118434718,0.227748481088106,0.04717944020586777,0.0046899304320716095,2.097199118982936,0.4789692029311736
6,grid_0.2700,grid,0.27,124192.4961760795,grid,,0.85,0.48810439875669204,0.22761571301390804,0.04711896921031661,0.004689943600513141,2.089472575640492,0.47854090500110297
6,grid_0.2850,grid,0.285,149920.999897958,grid,,0.85,0.4875815825071858,0.22754774164791428,0.04708529625617931,0.004692678472886624,2.0860177647660465,0.4783999102396651
6,grid_0.3100,grid,0.31,200920.06975035614,grid,,0.85,0.48659947764953737,0.22745768914750417,0.04702984754460003,0.004707152807722603,2.081138701308212,0.4782795479516225
6,grid_0.3300,grid,0.33,249789.57411901196,grid,,0.85,0.4857011028561944,0.22738973823090308,0.04698507431475256,0.004721018737966071,2.077934612171383,0.478262998049676
6,grid_0.3434,grid,0.3434,287654.1455485036,grid,,0.85,0.4850521014295243,0.22734301047537886,0.046954964180746774,0.004729880231261446,2.076089494159628,0.4782789372663971
6,grid_0.3600,grid,0.36,344572.7062934788,grid,,0.85,0.4842224809729877,0.22729525751426713,0.04691842516568782,0.0047447089227891925,2.074085438649995,0.4783300502709844
6,grid_0.3649,grid,0.3649,362857.21827924356,grid,,0.85,0.483971606840282,0.22728170731191102,0.046907728117924395,0.004749246360692794,2.0735483284384255,0.478349912326422
6,grid_0.4000,grid,0.4,515560.1697571474,grid,,0.85,0.48207007719411676,0.22717619508014839,0.04683117510235727,0.00477784850873636,2.0703781742728906,0.47854229959619304
6,grid_0.4500,grid,0.45,808930.1437700432,grid,,0.85,0.47918168288943,0.22701536792424018,0.04672539681707832,0.004810580456699826,2.0674486939827825,0.47892385415239896
6,grid_0.4898,grid,0.4898,1118622.0271335987,grid,,0.85,0.47683581974683675,0.22689574809564383,0.046646036064706,0.004835644439175862,2.0660497153806223,0.479293614967191
6,grid_0.5000,grid,0.5,1225822.2222180285,grid,,0.85,0.4762236024977254,0.22686161633844265,0.04662605237798437,0.004840140589706388,2.0658057988531087,0.47939122740268475
6,grid_0.5500,grid,0.55,1871605.0410051066,grid,,0.85,0.47320148593002775,0.22669134720556658,0.046531147599489966,0.0048578192983847746,2.065147509340565,0.4798787965194817
6,grid_0.5971,grid,0.5971,2695601.035127913,grid,,0.85,0.47031137209418983,0.22650604509924302,0.046444811787403985,0.0048601766790963286,2.0652125689004226,0.4803228604924534
6,grid_0.6049,grid,0.6049,2855500.0267469506,grid,,0.85,0.4698275671186911,0.22647104540428828,0.04643067533905588,0.0048584590674553285,2.0652792511172873,0.48039260477518914
6,grid_0.6500,grid,0.65,3929567.621157142,grid,,0.85,0.4669589408772828,0.22623468582067435,0.0463487591592,0.004833373909179234,2.0660164414452806,0.48077881615563506
6,grid_0.7139,grid,0.7139,,grid,,0.85,0.46309472063645,0.225930040515381,0.04624377617429582,0.004800607032985876,2.0674274909368666,0.4813231688230358
6,grid_0.7892,grid,0.7892,,grid,,0.85,0.4583798776367194,0.2254466160683911,0.04612153026499182,0.004704646431696713,2.0700888402550355,0.4818565499138822
6,grid_0.8000,grid,0.8,,grid,,0.85,0.45768898745583175,0.22536363758361863,0.04610406387282916,0.004684705272091444,2.070551753210402,0.48191914309061074
6,grid_0.8904,grid,0.8904,,grid,,0.85,0.4521249119205625,0.22472109121531064,0.04596821429437081,0.004531354542629151,2.074748739984651,0.48234419333239414
6,grid_0.9500,grid,0.95,,grid,,0.85,0.4481710874612417,0.2241477924638842,0.04587432918006933,0.004367903686363167,2.0784181071937042,0.48245575101356164
6,grid_1.0112,grid,1.0112,,grid,,0.85,0.44359837724212686,0.2233278351254334,0.045766268684290554,0.004109053257522199,2.0832933865670307,0.482361156922239
6,rtp475,rtp,0.030538289597570517,475.0,grid,,0.9,0.48612305773029557,0.23501053807661032,0.04736521306051164,0.007864739946546268,2.4451244031657686,0.5603150301749935
6,rtp2500,rtp,0.0677784064788285,2500.0,grid,,0.9,0.4991454491690521,0.2308741341371743,0.047034059315143324,0.006268806498446633,2.2608238692254408,0.5063436202136111
6,rtp5000,rtp,0.09034972439680984,5000.0,grid,,0.9,0.5032421740931945,0.2300561468212101,0.046941939746761426,0.005983890943460746,2.212498804975712,0.49516830035323733
6,rtp10000,rtp,0.11814430144720972,10000.0,grid,,0.9,0.506936955371207,0.22953730646544052,0.046870146408745636,0.005817228650663919,2.1736581490160916,0.4880142418379648
6,grid_0.1645,grid,0.1645,25431.143952713035,grid,,0.9,0.510892114472846,0.22908700722405878,0.046781408096720566,0.005699448782155392,2.133249601554951,0.4823561093640923
6,grid_0.2109,grid,0.2109,54933.296481149926,grid,,0.9,0.512730581500942,0.22882351447247493,0.0466930231206848,0.005667177654850142,2.1086275288712657,0.4798298548062736
6,grid_0.2423,grid,0.2423,85190.94364536027,grid,,0.9,0.5130640450875393,0.22870094029411392,0.046628784812753205,0.005675335278658655,2.097199118982936,0.4789692029311736
6,grid_0.2700,grid,0.27,124192.4961760795,grid,,0.9,0.5128991159168703,0.2286182037400001,0.04656980318595443,0.005696479895349771,2.089472575640492,0.47854090500110297
6,grid_0.2850,grid,0.285,149920.999897958,grid,,0.9,0.5126553918069904,0.2285761484462889,0.04653696147325523,0.005710094165284674,2.0860177647660465,0.4783999102396651
6,grid_0.3100,grid,0.31,200920.06975035614,grid,,0.9,0.5120953549781856,0.22852901558890498,0.04648288577236889,0.005742625193665085,2.081138701308212,0.4782795479516225
6,grid_0.3300,grid,0.33,249789.57411901196,grid,,0.9,0.5114983021628986,0.22849374050739474,0.04643922284743164,0.005770166603629001,2.077934612171383,0.478262998049676
6,grid_0.3434,grid,0.3434,287654.1455485036,grid,,0.9,0.5110357183729318,0.2284680455249125,0.0464098597548446,0.0057877880711288965,2.076089494159628,0.4782789372663971
6,grid_0.3600,grid,0.36,344572.7062934788,grid,,0.9,0.5104227335296478,0.22844630855989215,0.04637422900833083,0.005813486886310615,2.074085438649995,0.4783300502709844
6,grid_0.3649,grid,0.3649,362857.21827924356,grid,,0.9,0.5102329597911529,0.22844030325188064,0.04636379793545217,0.005821174214359015,2.0735483284384255,0.478349912326422
6,grid_0.4000,grid,0.4,515560.1697571474,grid,,0.9,0.5087317962529407,0.22838539270494815,0.04628914879546292,0.005870738805530462,2.0703781742728906,0.47854229959619304
6,grid_0.4500,grid,0.45,808930.1437700432,grid,,0.9,0.5063228527673633,0.22828698996562283,0.04618600412748415,0.0059289456600802315,2.0674486939827825,0.47892385415239896
6,grid_0.4898,grid,0.4898,1118622.0271335987,grid,,0.9,0.5042993817667686,0.2282102150180964,0.04610862259604052,0.005971279642565275,2.0660497153806223,0.479293614967191
6,grid_0.5000,grid,0.5,1225822.2222180285,grid,,0.9,0.5037620326294002,0.2281858399965677,0.0460891372632439,0.005979640311695289,2.0658057988531087,0.47939122740268475
6,grid_0.5500,grid,0.55,1871605.0410051066,grid,,0.9,0.5010683439256417,0.22805780255015304,0.045996601819022355,0.0060137594849822285,2.065147509340565,0.4798787965194817
6,grid_0.5971,grid,0.5971,2695601.035127913,grid,,0.9,0.49843431332218396,0.22790228640835428,0.04591242355285703,0.006027028597298506,2.0652125689004226,0.4803228604924534
6,grid_0.6049,grid,0.6049,2855500.0267469506,grid,,0.9,0.4979884881314243,0.22787112667235862,0.045898640384157405,0.006026609986772707,2.0652792511172873,0.48039260477518914
6,grid_0.6500,grid,0.65,3929567.621157142,grid,,0.9,0.49531243719394474,0.2276496146459912,0.045818771344617495,0.006005575703850796,2.0660164414452806,0.48077881615563506
6,grid_0.7139,grid,0.7139,,grid,,0.9,0.4916829583529385,0.22735975086412477,0.045716412219253745,0.005976044093743138,2.0674274909368666,0.4813231688230358
6,grid_0.7892,grid,0.7892,,grid,,0.9,0.48716121098079945,0.22686495489370806,0.045597221637952476,0.005870486120971713,2.0700888402550355,0.4818565499138822
6,grid_0.8000,grid,0.8,,grid,,0.9,0.486491578100387,0.22677765237223488,0.045580191778243594,0.005847911837218611,2.070551753210402,0.48191914309061074
6,grid_0.8904,grid,0.8904,,grid,,0.9,0.48107568621786745,0.2260989189326768,0.04544773782276519,0.005672983319759961,2.074748739984651,0.48234419333239414
6,grid_0.9500,grid,0.95,,grid,,0.9,0.4771494103360684,0.22547350685164902,0.045356199362103146,0.005482102929877469,2.0784181071937042,0.48245575101356164
6,grid_1.0112,grid,1.0112,,grid,,0.9,0.472524522750736,0.22455976746030662,0.045250839725613785,0.005176249436213198,2.0832933865670307,0.482361156922239
6,rtp475,rtp,0.030538289597570517,475.0,grid,,0.95,0.5005323498341557,0.23499738004880252,0.04779476895775836,0.0074289996720429685,2.4451244031657686,0.5603150301749935
6,rtp2500,rtp,0.0677784064788285,2500.0,grid,,0.95,0.5152090691406621,0.2312178508203824,0.047467746118285435,0.005993948419711181,2.2608238692254408,0.5063436202136111
6,rtp5000,rtp,0.09034972439680984,5000.0,grid,,0.95,0.5203140935390652,0.23044818070672682,0.04737677229878832,0.005729591692251901,2.212498804975712,0.49516830035323733
6,rtp10000,rtp,0.11814430144720972,10000.0,grid,,0.95,0.5251051327689639,0.2299445277432685,0.047305881274619155,0.005568604564455626,2.1736581490160916,0.4880142418379648
6,grid_0.1645,grid,0.1645,25431.143952713035,grid,,0.95,0.530616619174453,0.2294918739489816,0.04721835447611753,0.005448165732497734,2.133249601554951,0.4823561093640923
6,grid_0.2109,grid,0.2109,54933.296481149926,grid,,0.95,0.5337872924803964,0.22921829690660114,0.04713129427556799,0.0054097333611947684,2.1086275288712657,0.4798298548062736
6,grid_0.2423,grid,0.2423,85190.94364536027,grid,,0.95,0.53493273053656,0.2290869565850633,0.047068054510850374,0.005412779166556303,2.097199118982936,0.4789692029311736
6,grid_0.2700,grid,0.27,124192.4961760795,grid,,0.95,0.5354353618346018,0.22899587910492725,0.04701000167749788,0.005429110969540574,2.089472575640492,0.47854090500110297
6,grid_0.2850,grid,0.285,149920.999897958,grid,,0.95,0.5355361452906554,0.22894901661254397,0.04697767916272016,0.005439973045130775,2.0860177647660465,0.4783999102396651
6,grid_0.3100,grid,0.31,200920.06975035614,grid,,0.95,0.5355271893643081,0.2288943343386413,0.04692446375991903,0.005468152532410675,2.081138701308212,0.4782795479516225
6,grid_0.3300,grid,0.33,249789.57411901196,grid,,0.95,0.5353513881964461,0.22885282349397623,0.046881496752625706,0.005492118068539331,2.077934612171383,0.478262998049676
6,grid_0.3434,grid,0.3434,287654.1455485036,grid,,0.95,0.5351620180124652,0.22882303130154494,0.04685260168407499,0.00550737796995282,2.076089494159628,0.4782789372663971
6,grid_0.3600,grid,0.36,344572.7062934788,grid,,0.95,0.534878891330846,0.22879681840654556,0.046817541155016205,0.005530442957941584,2.074085438649995,0.4783300502709844
6,grid_0.3649,grid,0.3649,362857.21827924356,grid,,0.95,0.5347846734524566,0.22878955402813644,0.04680727696081781,0.005537383071575752,2.0735483284384255,0.478349912326422
6,grid_0.4000,grid,0.4,515560.1697571474,grid,,0.95,0.5339445729119107,0.22872593214490014,0.0467338214887539,0.005581730546799557,2.0703781742728906,0.47854229959619304
6,grid_0.4500,grid,0.45,808930.1437700432,grid,,0.95,0.5324131784830421,0.22861712391239006,0.04663232796998614,0.00563346137598697,2.0674486939827825,0.47892385415239896
6,grid_0.4898,grid,0.4898,1118622.0271335987,grid,,0.95,0.5310405053628756,0.22853373720410022,0.046556187980730225,0.0056714810597425225,2.0660497153806223,0.479293614967191
6,grid_0.5000,grid,0.5,1225822.2222180285,grid,,0.95,0.5306636442603951,0.22850791046632682,0.04653701492165298,0.00567885022403386,2.0658057988531087,0.47939122740268475
6,grid_0.5500,grid,0.55,1871605.0410051066,grid,,0.95,0.5287245046281354,0.2283753748350505,0.04644596547495515,0.005709346356094658,2.065147509340565,0.4798787965194817
6,grid_0.5971,grid,0.5971,2695601.035127913,grid,,0.95,0.5267559560850034,0.22821931646558147,0.04636314057764374,0.005720915830373485,2.0652125689004226,0.4803228604924534
6,grid_0.6049,grid,0.6049,2855500.0267469506,grid,,0.95,0.5264164258799666,0.22818835358548398,0.04634957882875391,0.005720345883299949,2.0652792511172873,0.48039260477518914
6,grid_0.6500,grid,0.65,3929567.621157142,grid,,0.95,0.5243360159135283,0.22796957638551346,0.046270992892703366,0.005699134864687094,2.0660164414452806,0.48077881615563506
6,grid_0.7139,grid,0.7139,,grid,,0.95,0.5214950055628566,0.22768620082387547,0.0461702718552437,0.005670734190366455,2.0674274909368666,0.4813231688230358
6,grid_0.7892,grid,0.7892,,grid,,0.95,0.517835539810151,0.22720495203803942,0.04605298843916819,0.005569101791439601,2.0700888402550355,0.4818565499138822
6,grid_0.8000,grid,0.8,,grid,,0.95,0.5172843744810639,0.22712031549072462,0.046036231322676854,0.005547406385929432,2.070551753210402,0.48191914309061074
6,grid_0.8904,grid,0.8904,,grid,,0.95,0.5128213491347251,0.22647497636359418,0.045905889718012245,0.005385025200878302,2.074748739984651,0.48234419333239414
6,grid_0.9500,grid,0.95,,grid,,0.95,0.5094933645762227,0.22588425859552552,0.045815812221144496,0.005207886060105749,2.0784181071937042,0.48245575101356164
6,grid_1.0112,grid,1.0112,,grid,,0.95,0.5054704479536412,0.22502196786696457,0.0457121366696692,0.004922749353052036,2.0832933865670307,0.482361156922239
6,rtp475,rtp,0.030538289597570517,475.0,grid,,1.0,0.514563698463209,0.23423681580346437,0.047669516865465625,0.0071973690122804634,2.4451244031657686,0.5603150301749935
6,rtp2500,rtp,0.0677784064788285,2500.0,grid,,1.0,0.5311793711922684,0.23069685158512193,0.04734964961950348,0.005871387711784304,2.2608238692254408,0.5063436202136111
6,rtp5000,rtp,0.09034972439680984,5000.0,grid,,1.0,0.5374147963081094,0.2299463804230275,0.04726066332142174,0.005614674548229948,2.212498804975712,0.49516830035323733
6,rtp10000,rtp,0.11814430144720972,10000.0,grid,,1.0,0.543422399099304,0.22943679223242164,0.047191329039261994,0.005449912590641426,2.1736581490160916,0.4880142418379648
6,grid_0.1645,grid,0.1645,25431.143952713035,grid,,1.0,0.5506409194776432,0.22896214992472003,0.047105814312943806,0.005317851785206162,2.133249601554951,0.4823561093640923
6,grid_0.2109,grid,0.2109,54933.296481149926,grid,,1.0,0.5552517763612346,0.22866841742523447,0.047020868201351367,0.005268376926409912,2.1086275288712657,0.4798298548062736
6,grid_0.2423,grid,0.2423,85190.94364536027,grid,,1.0,0.5572651900195945,0.22852482234069935,0.04695919886423685,0.005264395561611346,2.097199118982936,0.4789692029311736
6,grid_0.2700,grid,0.27,124192.4961760795,grid,,1.0,0.5584761924653728,0.22842382393573651,0.04690259953355428,0.005274843807870078,2.089472575640492,0.47854090500110297
6,grid_0.2850,grid,0.285,149920.999897958,grid,,1.0,0.5589407217188248,0.228371635829275,0.04687108839022129,0.005282515661117704,2.0860177647660465,0.4783999102396651
6,grid_0.3100,grid,0.31,200920.06975035614,grid,,1.0,0.5595115908509858,0.22830936593672535,0.046819214248567054,0.005305952325862506,2.081138701308212,0.4782795479516225
6,grid_0.3300,grid,0.33,249789.57411901196,grid,,1.0,0.5597771248250165,0.22826188910660233,0.046777331590639175,0.005326158427875649,2.077934612171383,0.478262998049676
6,grid_0.3434,grid,0.3434,287654.1455485036,grid,,1.0,0.5598731483028653,0.22822822843013446,0.04674916582241122,0.0053389584299464166,2.076089494159628,0.4782789372663971
6,grid_0.3600,grid,0.36,344572.7062934788,grid,,1.0,0.5599339172157884,0.22819814279620265,0.04671499249718014,0.0053593998784559616,2.074085438649995,0.4783300502709844
6,grid_0.3649,grid,0.3649,362857.21827924356,grid,,1.0,0.5599391792026244,0.2281898216649033,0.04670498800205275,0.005365606709407611,2.0735483284384255,0.478349912326422
6,grid_0.4000,grid,0.4,515560.1697571474,grid,,1.0,0.5597852290080725,0.22811887253443544,0.0466333906258031,0.005404829380578902,2.0703781742728906,0.47854229959619304
6,grid_0.4500,grid,0.45,808930.1437700432,grid,,1.0,0.5591600944328439,0.22800156309433509,0.04653446652995919,0.005450246243500878,2.0674486939827825,0.47892385415239896
6,grid_0.4898,grid,0.4898,1118622.0271335987,grid,,1.0,0.5584569100075146,0.22791323213739953,0.046460257129026246,0.0054841842542899255,2.0660497153806223,0.479293614967191
6,grid_0.5000,grid,0.5,1225822.2222180285,grid,,1.0,0.5582447445607691,0.227886290960576,0.04644156990174646,0.005490591706021841,2.0658057988531087,0.47939122740268475
6,grid_0.5500,grid,0.55,1871605.0410051066,grid,,1.0,0.5570781400718542,0.22775079414726257,0.04635283065449718,0.005517593580211588,2.065147509340565,0.4798787965194817
6,grid_0.5971,grid,0.5971,2695601.035127913,grid,,1.0,0.5557882720438284,0.22759494209322775,0.04627210901552842,0.005527348650891273,2.0652125689004226,0.4803228604924534
6,grid_0.6049,grid,0.6049,2855500.0267469506,grid,,1.0,0.5555568925361449,0.22756418462490657,0.04625889150078891,0.005526566623209661,2.0652792511172873,0.48039260477518914
6,grid_0.6500,grid,0.65,3929567.621157142,grid,,1.0,0.5540807639094698,0.2273473753778165,0.04618230033048068,0.005504528760701122,2.0660164414452806,0.48077881615563506
6,grid_0.7139,grid,0.7139,,grid,,1.0,0.5520387250660272,0.227069563149204,0.04608413046627399,0.005476456042496358,2.0674274909368666,0.4813231688230358
6,grid_0.7892,grid,0.7892,,grid,,1.0,0.5492476452628229,0.22659756322455363,0.04596981749170771,0.005376638167597869,2.0700888402550355,0.4818565499138822
6,grid_0.8000,grid,0.8,,grid,,1.0,0.54881530811347,0.22651462680975187,0.04595348499829459,0.005355391160466572,2.070551753210402,0.48191914309061074
6,grid_0.8904,grid,0.8904,,grid,,1.0,0.5453072854076141,0.22589532156664352,0.04582643848623529,0.005202257819461986,2.074748739984651,0.48234419333239414
6,grid_0.9500,grid,0.95,,grid,,1.0,0.5425736531367942,0.22533094917912208,0.04573863915721222,0.005035397500751881,2.0784181071937042,0.48245575101356164
6,grid_1.0112,grid,1.0112,,grid,,1.0,0.5391420973814602,0.22450641055333126,0.04563758786851781,0.004765540511023125,2.0832933865670307,0.482361156922239
6,rtp475,rtp,0.030538289597570517,475.0,grid,,1.05,0.5218233875957858,0.23603043049366337,0.048723300825311205,0.006987063293712847,2.4451244031657686,0.5603150301749935
6,rtp2500,rtp,0.0677784064788285,2500.0,grid,,1.05,0.5397114359446716,0.2327639156395287,0.048411285986978025,0.0057677544368676115,2.2608238692254408,0.5063436202136111
6,rtp5000,rtp,0.09034972439680984,5000.0,grid,,1.05,0.5468636876609463,0.2320312632902288,0.048324476347201786,0.005514030796857694,2.212498804975712,0.49516830035323733
6,rtp10000,rtp,0.11814430144720972,10000.0,grid,,1.05,0.553893414307329,0.23151060093888864,0.048256862637063254,0.005340295710022092,2.1736581490160916,0.4880142418379648
6,grid_0.1645,grid,0.1645,25431.143952713035,grid,,1.05,0.5625785608088949,0.231005202858909,0.04817368290056054,0.005189720847325163,2.133249601554951,0.4823561093640923
6,grid_0.2109,grid,0.2109,54933.296481149926,grid,,1.05,0.568448442718208,0.23068555064521576,0.048091307488482074,0.005124515788004325,2.1086275288712657,0.4798298548062736
6,grid_0.2423,grid,0.2423,85190.94364536027,grid,,1.05,0.5712297694471574,0.2305275111173266,0.04803157742703118,0.005111355954917962,2.097199118982936,0.4789692029311736
6,grid_0.2700,grid,0.27,124192.4961760795,grid,,1.05,0.5730723441805414,0.23041550578743822,0.04797678134333856,0.005114523963942408,2.089472575640492,0.47854090500110297
6,grid_0.2850,grid,0.285,149920.999897958,grid,,1.05,0.573862994940719,0.23035794277512556,0.047946277766342034,0.005118504033245985,2.0860177647660465,0.4783999102396651
6,grid_0.3100,grid,0.31,200920.06975035614,grid,,1.05,0.5749554957842763,0.2302876935455667,0.04789607262499317,0.005136349173543664,2.081138701308212,0.4782795479516225
6,grid_0.3300,grid,0.33,249789.57411901196,grid,,1.05,0.5756200890861479,0.2302344994107967,0.04785553940353214,0.005152385315408015,2.077934612171383,0.478262998049676
6,grid_0.3434,grid,0.3434,287654.1455485036,grid,,1.05,0.5759750580682488,0.23019746432477264,0.04782828087995864,0.005162591701596331,2.076089494159628,0.4782789372663971
6,grid_0.3600,grid,0.36,344572.7062934788,grid,,1.05,0.5763483297420295,0.23016370189667326,0.04779521273748366,0.005180116933297008,2.074085438649995,0.4783300502709844
6,grid_0.3649,grid,0.3649,362857.21827924356,grid,,1.05,0.5764441434753754,0.23015439760658002,0.04778553159010744,0.005185515147540287,2.0735483284384255,0.478349912326422
6,grid_0.4000,grid,0.4,515560.1697571474,grid,,1.05,0.5769171780486966,0.2300776293454998,0.04771624639055312,0.005219469134692067,2.0703781742728906,0.47854229959619304
6,grid_0.4500,grid,0.45,808930.1437700432,grid,,1.05,0.5771258196493431,0.22995567929456023,0.047620519209294436,0.005259095230528199,2.0674486939827825,0.47892385415239896
6,grid_0.4898,grid,0.4898,1118622.0271335987,grid,,1.05,0.5770419317948694,0.22986588923628545,0.04754871243356369,0.005289614600824555,2.0660497153806223,0.479293614967191
6,grid_0.5000,grid,0.5,1225822.2222180285,grid,,1.05,0.5769826585247728,0.22983896015152241,0.04753062933880987,0.005295318264723237,2.0658057988531087,0.47939122740268475
6,grid_0.5500,grid,0.55,1871605.0410051066,grid,,1.05,0.5765353893970797,0.22970598107762372,0.04744476446479556,0.005320073278038073,2.065147509340565,0.4798787965194817
6,grid_0.5971,grid,0.5971,2695601.035127913,grid,,1.05,0.5758810194360823,0.22955624929087548,0.04736665974488094,0.0053294118436136295,2.0652125689004226,0.4803228604924534
6,grid_0.6049,grid,0.6049,2855500.0267469506,grid,,1.05,0.5757512925468223,0.2295268424432062,0.04735387026681395,0.00532870113513445,2.0652792511172873,0.48039260477518914
6,grid_0.6500,grid,0.65,3929567.621157142,grid,,1.05,0.5748455341389119,0.2293201728199514,0.047279759549879216,0.005307982112293164,2.0660164414452806,0.48077881615563506
6,grid_0.7139,grid,0.7139,,grid,,1.05,0.5735586769518403,0.22905823323804053,0.04718475255242956,0.005282921661703022,2.0674274909368666,0.4813231688230358
6,grid_0.7892,grid,0.7892,,grid,,1.05,0.5715956784586923,0.2286130709426194,0.04707412181058632,0.005189814395228809,2.0700888402550355,0.4818565499138822
6,grid_0.8000,grid,0.8,,grid,,1.05,0.5712772627553989,0.22853492946873513,0.047058316063088704,0.005169897924191036,2.070551753210402,0.48191914309061074
6,grid_0.8904,grid,0.8904,,grid,,1.05,0.5686821102425773,0.22796159092240187,0.046935343658223355,0.005031143277649142,2.074748739984651,0.48234419333239414
6,grid_0.9500,grid,0.95,,grid,,1.05,0.5665217942331306,0.2274412024074196,0.04685036279286178,0.004879137759671026,2.0784181071937042,0.48245575101356164
6,grid_1.0112,grid,1.0112,,grid,,1.05,0.563668834950936,0.22668035506285153,0.04675256196005186,0.004631421411368575,2.0832933865670307,0.482361156922239
6,rtp475,rtp,0.030538289597570517,475.0,grid,,1.1,0.5295696473365366,0.23720207536089205,0.049321253802503864,0.006943570753010442,2.4451244031657686,0.5603150301749935
6,rtp2500,rtp,0.0677784064788285,2500.0,grid,,1.1,0.5488638684344499,0.23410390102121728,0.04901999547340355,0.005784640999948354,2.2608238692254408,0.5063436202136111
6,rtp5000,rtp,0.09034972439680984,5000.0,grid,,1.1,0.5569975821764716,0.23336641304223998,0.04893617099851501,0.005523711737686343,2.212498804975712,0.49516830035323733
6,rtp10000,rtp,0.11814430144720972,10000.0,grid,,1.1,0.5651162744246019,0.23282038723729143,0.048870901509879876,0.005334431203442458,2.1736581490160916,0.4880142418379648
6,grid_0.1645,grid,0.1645,25431.143952713035,grid,,1.1,0.5753544977840345,0.23227372367166227,0.048790823384875094,0.005160259323424621,2.133249601554951,0.4823561093640923
6,grid_0.2109,grid,0.2109,54933.296481149926,grid,,1.1,0.5825449224771395,0.23192491158917916,0.04871179348065706,0.005077371134991515,2.1086275288712657,0.4798298548062736
6,grid_0.2423,grid,0.2423,85190.94364536027,grid,,1.1,0.5861247836848664,0.23175252454364922,0.04865457411877046,0.005054658513584276,2.097199118982936,0.4789692029311736
6,grid_0.2700,grid,0.27,124192.4961760795,grid,,1.1,0.5886201304989773,0.23163054184730256,0.04860211040784153,0.005050597508633459,2.089472575640492,0.47854090500110297
6,grid_0.2850,grid,0.285,149920.999897958,grid,,1.1,0.5897463914163024,0.2315683302288815,0.04857291033247464,0.005050981232517682,2.0860177647660465,0.4783999102396651
6,grid_0.3100,grid,0.31,200920.06975035614,grid,,1.1,0.5913740920443956,0.23149185611659293,0.048524863887516256,0.005063615560789103,2.081138701308212,0.4782795479516225
6,grid_0.3300,grid,0.33,249789.57411901196,grid,,1.1,0.5924465334988482,0.2314344616496789,0.04848607691035507,0.0050758331287216185,2.077934612171383,0.478262998049676
6,grid_0.3434,grid,0.3434,287654.1455485036,grid,,1.1,0.5930654465803405,0.23139504989098533,0.04845999293530349,0.005083676178748109,2.076089494159628,0.4782789372663971
6,grid_0.3600,grid,0.36,344572.7062934788,grid,,1.1,0.5937567351256401,0.23135907486483845,0.04842835528122763,0.0050986662410862915,2.074085438649995,0.4783300502709844
6,grid_0.3649,grid,0.3649,362857.21827924356,grid,,1.1,0.5939445803560826,0.23134922955492687,0.04841909284267027,0.005103373172987979,2.0735483284384255,0.478349912326422
6,grid_0.4000,grid,0.4,515560.1697571474,grid,,1.1,0.5950530683356965,0.23126959468809072,0.04835280316340912,0.005132822263784642,2.0703781742728906,0.47854229959619304
6,grid_0.4500,grid,0.45,808930.1437700432,grid,,1.1,0.5961027477232287,0.2311467348608846,0.048261219839433586,0.0051675931974144995,2.0674486939827825,0.47892385415239896
6,grid_0.4898,grid,0.4898,1118622.0271335987,grid,,1.1,0.5966412155374035,0.23105828345722254,0.04819252885277676,0.005195401501421448,2.0660497153806223,0.479293614967191
6,grid_0.5000,grid,0.5,1225822.2222180285,grid,,1.1,0.5967352181848973,0.23103196656925926,0.04817522963451451,0.005200539942344817,2.0658057988531087,0.47939122740268475
6,grid_0.5500,grid,0.55,1871605.0410051066,grid,,1.1,0.5970074243126928,0.23090416104851028,0.04809309440283686,0.005223637186679508,2.065147509340565,0.4798787965194817
6,grid_0.5971,grid,0.5971,2695601.035127913,grid,,1.1,0.5969861103290119,0.23076218008993388,0.048018386519586814,0.005232797240272258,2.0652125689004226,0.4803228604924534
6,grid_0.6049,grid,0.6049,2855500.0267469506,grid,,1.1,0.5969573990645631,0.23073427142735517,0.04800615289079596,0.005232151120316442,2.0652792511172873,0.48039260477518914
6,grid_0.6500,grid,0.65,3929567.621157142,grid,,1.1,0.5966167374222184,0.23053770002586474,0.04793526323142329,0.005212367901792303,2.0660164414452806,0.48077881615563506
6,grid_0.7139,grid,0.7139,,grid,,1.1,0.5960771196889296,0.23029143978113722,0.04784437217369425,0.005189775062774904,2.0674274909368666,0.4813231688230358
6,grid_0.7892,grid,0.7892,,grid,,1.1,0.5949282320119869,0.22986944208108245,0.047738533633338784,0.0051014267693293425,2.0700888402550355,0.4818565499138822
6,grid_0.8000,grid,0.8,,grid,,1.1,0.5947213593287516,0.22979520528073746,0.047723413068997064,0.005082423301019212,2.070551753210402,0.48191914309061074
6,grid_0.8904,grid,0.8904,,grid,,1.1,0.5930194936867149,0.22926107779379085,0.04760575262754521,0.004954889163625409,2.074748739984651,0.48234419333239414
6,grid_0.9500,grid,0.95,,grid,,1.1,0.5914150913271473,0.22877659635436468,0.047524445003371454,0.004814286036116444,2.0784181071937042,0.48245575101356164
6,grid_1.0112,grid,1.0112,,grid,,1.1,0.5891166234119153,0.22806589128758945,0.04743087688970406,0.004583173879098512,2.0832933865670307,0.482361156922239
6,rtp475,rtp,0.030538289597570517,475.0,grid,,1.15,0.5377009684531954,0.23787135691594355,0.049521937207581405,0.0070608452334507965,2.4451244031657686,0.5603150301749935
6,rtp2500,rtp,0.0677784064788285,2500.0,grid,,1.15,0.5585166426474238,0.23483343850046937,0.0492336626758578,0.0059130811620959345,2.2608238692254408,0.5063436202136111
6,rtp5000,rtp,0.09034972439680984,5000.0,grid,,1.15,0.5676860975554663,0.23406650807948196,0.04915344366217528,0.005633686542346916,2.212498804975712,0.49516830035323733
6,rtp10000,rtp,0.11814430144720972,10000.0,grid,,1.15,0.5769495214733298,0.23347865026761355,0.04909099567768974,0.005421284453096864,2.1736581490160916,0.4880142418379648
6,grid_0.1645,grid,0.1645,25431.143952713035,grid,,1.15,0.5888125065377205,0.2328772854161058,0.04901460186960957,0.005217228193164836,2.133249601554951,0.4823561093640923
6,grid_0.2109,grid,0.2109,54933.296481149926,grid,,1.15,0.5973740580343713,0.2324937196923745,0.048939503767503036,0.005113825928893367,2.1086275288712657,0.4798298548062736
6,grid_0.2423,grid,0.2423,85190.94364536027,grid,,1.15,0.6017773931923273,0.23230565405523937,0.04888522741605402,0.005080689489978529,2.097199118982936,0.4789692029311736
6,grid_0.2700,grid,0.27,124192.4961760795,grid,,1.15,0.6049426174393137,0.2321735367214533,0.04883549660217811,0.005069054551569918,2.089472575640492,0.47854090500110297
6,grid_0.2850,grid,0.285,149920.999897958,grid,,1.15,0.6064120765231104,0.23210679548200605,0.048807824153220665,0.005065740355705117,2.0860177647660465,0.4783999102396651
6,grid_0.3100,grid,0.31,200920.06975035614,grid,,1.15,0.6085857387040995,0.23202485201030743,0.04876230742601971,0.005073224524385356,2.081138701308212,0.4782795479516225
6,grid_0.3300,grid,0.33,249789.57411901196,grid,,1.15,0.6100729044305668,0.23196401822104937,0.048725567492016925,0.0050817382572383996,2.077934612171383,0.478262998049676
6,grid_0.3434,grid,0.3434,287654.1455485036,grid,,1.15,0.6109596229098427,0.23192275156452927,0.04870086075775254,0.005087301935509825,2.076089494159628,0.4782789372663971
6,grid_0.3600,grid,0.36,344572.7062934788,grid,,1.15,0.6119731449078633,0.23188544383680065,0.04867090031851935,0.005099958744870681,2.074085438649995,0.4783300502709844
6,grid_0.3649,grid,0.3649,362857.21827924356,grid,,1.15,0.6122541426113035,0.2318753321736515,0.048662128934750346,0.00510404073589088,2.0735483284384255,0.478349912326422
6,grid_0.4000,grid,0.4,515560.1697571474,grid,,1.15,0.614004331384732,0.2317946821408614,0.04859935334462869,0.005129421324154282,2.0703781742728906,0.47854229959619304
6,grid_0.4500,grid,0.45,808930.1437700432,grid,,1.15,0.6158999461381929,0.23167333842049254,0.04851263280728414,0.005159902927611926,2.0674486939827825,0.47892385415239896
6,grid_0.4898,grid,0.4898,1118622.0271335987,grid,,1.15,0.6170624157761064,0.23158814153272816,0.04844759933818145,0.00518546796040148,2.0660497153806223,0.479293614967191
6,grid_0.5000,grid,0.5,1225822.2222180285,grid,,1.15,0.61730978453548,0.23156284346518602,0.0484312205678942,0.0051901299057880435,2.0658057988531087,0.47939122740268475
6,grid_0.5500,grid,0.55,1871605.0410051066,grid,,1.15,0.6183004712264158,0.23144206080981328,0.04835346494827858,0.005211962563614725,2.065147509340565,0.4798787965194817
6,grid_0.5971,grid,0.5971,2695601.035127913,grid,,1.15,0.61890915154879,0.2313089530735453,0.04828274681625442,0.005221084955725153,2.0652125689004226,0.4803228604924534
6,grid_0.6049,grid,0.6049,2855500.0267469506,grid,,1.15,0.6189807567311698,0.2312826332242618,0.04827116622517608,0.005220490205972317,2.0652792511172873,0.48039260477518914
6,grid_0.6500,grid,0.65,3929567.621157142,grid,,1.15,0.6191998257356083,0.2310959786023231,0.04820406077158247,0.005201290554582905,2.0660164414452806,0.48077881615563506
6,grid_0.7139,grid,0.7139,,grid,,1.15,0.6193995195295929,0.2308651332859572,0.048118011134302405,0.005180698632840375,2.0674274909368666,0.4813231688230358
6,grid_0.7892,grid,0.7892,,grid,,1.15,0.6190515823600341,0.2304632439113254,0.048017809740455324,0.005095497053675735,2.0700888402550355,0.4818565499138822
6,grid_0.8000,grid,0.8,,grid,,1.15,0.6189540548787333,0.23039218426225364,0.048003494936715844,0.00507706363241639,2.070551753210402,0.48191914309061074
6,grid_0.8904,grid,0.8904,,grid,,1.15,0.6181274066612402,0.22989197346685766,0.047892089613655674,0.00495822985083072,2.074748739984651,0.48234419333239414
6,grid_0.9500,grid,0.95,,grid,,1.15,0.6170632377966158,0.22943710998358713,0.047815106370789735,0.0048262810668309175,2.0784181071937042,0.48245575101356164
6,grid_1.0112,grid,1.0112,,grid,,1.15,0.6152978854265065,0.22876598026977657,0.047726518922141054,0.004607354806650754,2.0832933865670307,0.482361156922239
6,rtp475,rtp,0.030538289597570517,475.0,grid,,1.2,0.5461287343701777,0.2381014664636227,0.04937400573665054,0.007318302595477111,2.4451244031657686,0.5603150301749935
6,rtp2500,rtp,0.0677784064788285,2500.0,grid,,1.2,0.568577469974393,0.23501113808627144,0.04910026100716318,0.006129974017441364,2.2608238692254408,0.5063436202136111
6,rtp5000,rtp,0.09034972439680984,5000.0,grid,,1.2,0.5788294847214059,0.23418779435378695,0.04902407829121327,0.005819844733078339,2.212498804975712,0.49516830035323733
6,rtp10000,rtp,0.11814430144720972,10000.0,grid,,1.2,0.5892839291000347,0.23353914944282902,0.048964782083701155,0.005575752238778875,2.1736581490160916,0.4880142418379648
6,grid_0.1645,grid,0.1645,25431.143952713035,grid,,1.2,0.6028299413838837,0.23286634655335256,0.04889246975854262,0.005334265598563481,2.133249601554951,0.4823561093640923
6,grid_0.2109,grid,0.2109,54933.296481149926,grid,,1.2,0.6128039693239539,0.23243971202388655,0.04882169748735945,0.005206522238387856,2.1086275288712657,0.4798298548062736
6,grid_0.2423,grid,0.2423,85190.94364536027,grid,,1.2,0.6180516957595783,0.23223293980516077,0.048770653639108354,0.005161484691439067,2.097199118982936,0.4789692029311736
6,grid_0.2700,grid,0.27,124192.4961760795,grid,,1.2,0.6219016085838086,0.2320890939361303,0.04872392380061367,0.005141423723480254,2.089472575640492,0.47854090500110297
6,grid_0.2850,grid,0.285,149920.999897958,grid,,1.2,0.6237210570436731,0.2320172054620086,0.04869792903878915,0.005134054591610759,2.0860177647660465,0.4783999102396651
6,grid_0.3100,grid,0.31,200920.06975035614,grid,,1.2,0.6264505839630276,0.231929301329185,0.048655190437723414,0.005136010377320477,2.081138701308212,0.4782795479516225
6,grid_0.3300,grid,0.33,249789.57411901196,grid,,1.2,0.6283591268790588,0.23186484245014768,0.04862069904616936,0.005140606118262447,2.077934612171383,0.478262998049676
6,grid_0.3434,grid,0.3434,287654.1455485036,grid,,1.2,0.6295175614134231,0.23182164616932097,0.048597505389355644,0.005143770243298207,2.076089494159628,0.4782789372663971
6,grid_0.3600,grid,0.36,344572.7062934788,grid,,1.2,0.6308577271658197,0.23178313483279173,0.048569387498292434,0.005154034094623672,2.074085438649995,0.4783300502709844
6,grid_0.3649,grid,0.3649,362857.21827924356,grid,,1.2,0.6312330855231993,0.2317728146520649,0.04856115566843286,0.0051574819433075625,2.0735483284384255,0.478349912326422
6,grid_0.4000,grid,0.4,515560.1697571474,grid,,1.2,0.6336323219762408,0.23169158007735025,0.048502241954701784,0.00517874632403742,2.0703781742728906,0.47854229959619304
6,grid_0.4500,grid,0.45,808930.1437700432,grid,,1.2,0.6363813290500437,0.23157248701295438,0.04842086661183339,0.005204950129531538,2.0674486939827825,0.47892385415239896
6,grid_0.4898,grid,0.4898,1118622.0271335987,grid,,1.2,0.6381719797500157,0.2314912960552493,0.04835985435078745,0.005228365798551626,2.0660497153806223,0.479293614967191
6,grid_0.5000,grid,0.5,1225822.2222180285,grid,,1.2,0.6385735368365317,0.2314671695249942,0.04834448775790795,0.0052325628100044486,2.0658057988531087,0.47939122740268475
6,grid_0.5500,grid,0.55,1871605.0410051066,grid,,1.2,0.6402856271882789,0.23135418108445627,0.048271548343473684,0.005253208761785699,2.065147509340565,0.4798787965194817
6,grid_0.5971,grid,0.5971,2695601.035127913,grid,,1.2,0.6415254561546794,0.2312303816085814,0.048205218379506504,0.005262270999343677,2.0652125689004226,0.4803228604924534
6,grid_0.6049,grid,0.6049,2855500.0267469506,grid,,1.2,0.6416974263721675,0.23120566604114184,0.04819435615777911,0.0052617038517489,2.0652792511172873,0.48039260477518914
6,grid_0.6500,grid,0.65,3929567.621157142,grid,,1.2,0.642475571480912,0.23102858355545772,0.04813141346093883,0.00524279295870228,2.0660164414452806,0.48077881615563506
6,grid_0.7139,grid,0.7139,,grid,,1.2,0.6434131435790604,0.23081277980763892,0.04805069378633857,0.005223845536191041,2.0674274909368666,0.4813231688230358
6,grid_0.7892,grid,0.7892,,grid,,1.2,0.6438617336070369,0.23042882486965147,0.047956698568424924,0.005140744762383576,2.0700888402550355,0.4818565499138822
6,grid_0.8000,grid,0.8,,grid,,1.2,0.6438726967667288,0.23036044541497025,0.04794327069435397,0.0051226641174295096,2.070551753210402,0.48191914309061074
6,grid_0.8904,grid,0.8904,,grid,,1.2,0.6439141154639676,0.2298907183132283,0.04783875662332631,0.005010985743245766,2.074748739984651,0.48234419333239414
6,grid_0.9500,grid,0.95,,grid,,1.2,0.6433829656754785,0.22946147771206243,0.0477665367847459,0.00488603296905743,2.0784181071937042,0.48245575101356164
6,grid_1.0112,grid,1.0112,,grid,,1.2,0.6421399461673226,0.2288232359688659,0.04768343394742451,0.0046766393718387644,2.0832933865670307,0.482361156922239
6,rtp475,rtp,0.030538289597570517,475.0,grid,,1.25,0.546282207642007,0.2415164974903804,0.050266401701937316,0.008063816858083606,2.4451244031657686,0.5603150301749935
6,rtp2500,rtp,0.0677784064788285,2500.0,grid,,1.25,0.5723865875543861,0.23812803051339884,0.05000107956927469,0.00670387934691552,2.2608238692254408,0.5063436202136111
6,rtp5000,rtp,0.09034972439680984,5000.0,grid,,1.25,0.5843064238041589,0.23720003136581894,0.04992723430433913,0.006336620575606355,2.212498804975712,0.49516830035323733
6,rtp10000,rtp,0.11814430144720972,10000.0,grid,,1.25,0.5964409422451169,0.23645828423201828,0.04986976445973409,0.0060427557222158534,2.1736581490160916,0.4880142418379648
6,grid_0.1645,grid,0.1645,25431.143952713035,grid,,1.25,0.6121881017075715,0.23568417228893732,0.04979989902082474,0.005747130046696747,2.133249601554951,0.4823561093640923
6,grid_0.2109,grid,0.2109,54933.296481149926,grid,,1.25,0.6238829153584993,0.23519790516715428,0.04973183379601936,0.0055862207989983426,2.1086275288712657,0.4798298548062736
6,grid_0.2423,grid,0.2423,85190.94364536027,grid,,1.25,0.6301103852548781,0.23496595947963503,0.049682850169346524,0.005526151944838964,2.097199118982936,0.4789692029311736
6,grid_0.2700,grid,0.27,124192.4961760795,grid,,1.25,0.6347309655845018,0.23480699180124096,0.04963804687446246,0.0054962765242855816,2.089472575640492,0.47854090500110297
6,grid_0.2850,grid,0.285,149920.999897958,grid,,1.25,0.6369366581782243,0.2347287587567925,0.049613132031918805,0.005484458155585681,2.0860177647660465,0.4783999102396651
6,grid_0.3100,grid,0.31,200920.06975035614,grid,,1.25,0.6402701068252522,0.23463395224944628,0.04957218828718546,0.005480903261009973,2.081138701308212,0.4782795479516225
6,grid_0.3300,grid,0.33,249789.57411901196,grid,,1.25,0.642628711076853,0.23456571812585522,0.04953915198528316,0.005481924134615013,2.077934612171383,0.478262998049676
6,grid_0.3434,grid,0.3434,287654.1455485036,grid,,1.25,0.6440739885382538,0.23452062222888223,0.04951693794744925,0.005482984303172844,2.076089494159628,0.4782789372663971
6,grid_0.3600,grid,0.36,344572.7062934788,grid,,1.25,0.645755685694914,0.2344811944298252,0.04949001567225453,0.005491414868982969,2.074085438649995,0.4783300502709844
6,grid_0.3649,grid,0.3649,362857.21827924356,grid,,1.25,0.6462290620189556,0.2344707798438643,0.04948213403812846,0.005494412562461415,2.0735483284384255,0.478349912326422
6,grid_0.4000,grid,0.4,515560.1697571474,grid,,1.25,0.6492945095271307,0.23438985820967867,0.049425727309370435,0.005512878322182835,2.0703781742728906,0.47854229959619304
6,grid_0.4500,grid,0.45,808930.1437700432,grid,,1.25,0.6529007116591836,0.23427432948837681,0.04934782597438604,0.0055366354828425,2.0674486939827825,0.47892385415239896
6,grid_0.4898,grid,0.4898,1118622.0271335987,grid,,1.25,0.655310982296998,0.23419840915199847,0.04928943206503451,0.005559462784292368,2.0660497153806223,0.479293614967191
6,grid_0.5000,grid,0.5,1225822.2222180285,grid,,1.25,0.6558631666525708,0.23417569415551284,0.04927472442825345,0.005563531304962843,2.0658057988531087,0.47939122740268475
6,grid_0.5500,grid,0.55,1871605.0410051066,grid,,1.25,0.6582728009492704,0.2340712382857542,0.04920492442268024,0.005584420169946092,2.065147509340565,0.4798787965194817
6,grid_0.5971,grid,0.5971,2695601.035127913,grid,,1.25,0.6601135128648574,0.2339563002613855,0.0491414579044187,0.005594092527576866,2.0652125689004226,0.4803228604924534
6,grid_0.6049,grid,0.6049,2855500.0267469506,grid,,1.25,0.6603802250317942,0.23393296581955803,0.049131064420859974,0.0055935680762745354,2.0652792511172873,0.48039260477518914
6,grid_0.6500,grid,0.65,3929567.621157142,grid,,1.25,0.661680752129442,0.2337632001004186,0.04907083794212496,0.005574395779063379,2.0660164414452806,0.48077881615563506
6,grid_0.7139,grid,0.7139,,grid,,1.25,0.6633025111337064,0.23355935281473092,0.04899359520022891,0.005556376087007042,2.0674274909368666,0.4813231688230358
6,grid_0.7892,grid,0.7892,,grid,,1.25,0.6644736045783394,0.23318575018238274,0.048903648463115866,0.005471945625004748,2.0700888402550355,0.4818565499138822
6,grid_0.8000,grid,0.8,,grid,,1.25,0.6645815819310591,0.23311850798920614,0.04889079919616239,0.00545343957095118,2.070551753210402,0.48191914309061074
6,grid_0.8904,grid,0.8904,,grid,,1.25,0.6653927935149727,0.2326650506799749,0.048790779506934494,0.005342246300980791,2.074748739984651,0.48234419333239414
6,grid_0.9500,grid,0.95,,grid,,1.25,0.6653183555923023,0.23224636061447568,0.04872166645423782,0.005216705564431268,2.0784181071937042,0.48245575101356164
6,grid_1.0112,grid,1.0112,,grid,,1.25,0.664503273829875,0.23161764730121517,0.048642141144807534,0.005004593396542578,2.0832933865670307,0.482361156922239
6,rtp475,rtp,0.030538289597570517,475.0,grid,,1.3,0.5469150214170893,0.24422495305668745,0.05080768357402696,0.008838144121514235,2.4451244031657686,0.5603150301749935
6,rtp2500,rtp,0.0677784064788285,2500.0,grid,,1.3,0.5767009661224947,0.24049307029516767,0.05055185650772924,0.007285060352267225,2.2608238692254408,0.5063436202136111
6,rtp5000,rtp,0.09034972439680984,5000.0,grid,,1.3,0.5902973183347627,0.23944821026319443,0.05048064779583283,0.006854797602414142,2.212498804975712,0.49516830035323733
6,rtp10000,rtp,0.11814430144720972,10000.0,grid,,1.3,0.6041195467896617,0.23860382985855033,0.05042523393156095,0.006506553691607075,2.1736581490160916,0.4880142418379648
6,grid_0.1645,grid,0.1645,25431.143952713035,grid,,1.3,0.6220779798432007,0.23771887460141092,0.050358082336358835,0.006152181005402491,2.133249601554951,0.4823561093640923
6,grid_0.2109,grid,0.2109,54933.296481149926,grid,,1.3,0.6355034055990938,0.23716726979307695,0.050292974389734756,0.0059553394713673935,2.1086275288712657,0.4798298548062736
6,grid_0.2423,grid,0.2423,85190.94364536027,grid,,1.3,0.6427175652911256,0.23690746208986355,0.05024622961677373,0.005878915977086396,2.097199118982936,0.4789692029311736
6,grid_0.2700,grid,0.27,124192.4961760795,grid,,1.3,0.6481151454285642,0.23673149840606472,0.05020351631068566,0.005838286026894957,2.089472575640492,0.47854090500110297
6,grid_0.2850,grid,0.285,149920.999897958,grid,,1.3,0.6507105877382081,0.2366460370342097,0.050179772468074806,0.005821574375921734,2.0860177647660465,0.4783999102396651
6,grid_0.3100,grid,0.31,200920.06975035614,grid,,1.3,0.6546538253879427,0.23654308258679357,0.05014077341559519,0.005811856504067459,2.081138701308212,0.4782795479516225
6,grid_0.3300,grid,0.33,249789.57411901196,grid,,1.3,0.6574672385322973,0.23647019966670885,0.05010931341108642,0.005808841919326735,2.077934612171383,0.478262998049676
6,grid_0.3434,grid,0.3434,287654.1455485036,grid,,1.3,0.6592025576063889,0.2364226686937574,0.050088160638671796,0.005807517633606374,2.076089494159628,0.4782789372663971
6,grid_0.3600,grid,0.36,344572.7062934788,grid,,1.3,0.6612297377665537,0.2363817577027414,0.0500625329720934,0.005813802402544144,2.074085438649995,0.4783300502709844
6,grid_0.3649,grid,0.3649,362857.21827924356,grid,,1.3,0.6618022950494453,0.23637109433481832,0.05005503056188561,0.0058162636751539765,2.0735483284384255,0.478349912326422
6,grid_0.4000,grid,0.4,515560.1697571474,grid,,1.3,0.6655422966193791,0.23628948695388594,0.05000133892626973,0.005831382718660905,2.0703781742728906,0.47854229959619304
6,grid_0.4500,grid,0.45,808930.1437700432,grid,,1.3,0.6700174082247707,0.23617642650767454,0.04992719969389169,0.005852104744043296,2.0674486939827825,0.47892385415239896
6,grid_0.4898,grid,0.4898,1118622.0271335987,grid,,1.3,0.6730563467178775,0.23610513603259678,0.04987164065746796,0.005873994603503074,2.0660497153806223,0.479293614967191
6,grid_0.5000,grid,0.5,1225822.2222180285,grid,,1.3,0.6737614522428543,0.23608368837270194,0.04985764660644523,0.0058778613092138055,2.0658057988531087,0.47939122740268475
6,grid_0.5500,grid,0.55,1871605.0410051066,grid,,1.3,0.6768797041713014,0.2359872384002631,0.049791245468043775,0.005898731219738829,2.065147509340565,0.4798787965194817
6,grid_0.5971,grid,0.5971,2695601.035127913,grid,,1.3,0.6793315248334043,0.235880852918895,0.04973087874552601,0.005908898028219367,2.0652125689004226,0.4803228604924534
6,grid_0.6049,grid,0.6049,2855500.0267469506,grid,,1.3,0.679694655855534,0.23585885858139022,0.04972099276226751,0.0059084084090487154,2.0652792511172873,0.48039260477518914
6,grid_0.6500,grid,0.65,3929567.621157142,grid,,1.3,0.6815272806932107,0.2356962143413451,0.04966370709943727,0.005888998355404018,2.0660164414452806,0.48077881615563506
6,grid_0.7139,grid,0.7139,,grid,,1.3,0.6838462435283629,0.23550422507773044,0.04959023135599422,0.005872008673468099,2.0674274909368666,0.4813231688230358
6,grid_0.7892,grid,0.7892,,grid,,1.3,0.6857550915896993,0.23514096238598567,0.049504670963033806,0.0057866012287737245,2.0700888402550355,0.4818565499138822
6,grid_0.8000,grid,0.8,,grid,,1.3,0.6859622688994116,0.2350748636317998,0.04949244848947374,0.005767743022035532,2.070551753210402,0.48191914309061074
6,grid_0.8904,grid,0.8904,,grid,,1.3,0.6875610750179593,0.2346381323182602,0.04939730112006888,0.005657752017732498,2.074748739984651,0.48234419333239414
6,grid_0.9500,grid,0.95,,grid,,1.3,0.6879556146905477,0.2342305171807477,0.04933155564759556,0.005532379531164977,2.0784181071937042,0.48245575101356164
6,grid_1.0112,grid,1.0112,,grid,,1.3,0.6875821433389346,0.2336121226828486,0.0492559071440912,0.0053187167202951025,2.0832933865670307,0.482361156922239
6,rtp475,rtp,0.030538289597570517,475.0,grid,,1.35,0.5478142777471338,0.24630821051173415,0.0510248196247914,0.009642914940701353,2.4451244031657686,0.5603150301749935
6,rtp2500,rtp,0.0677784064788285,2500.0,grid,,1.35,0.5813035634874927,0.24218717467610354,0.05077928446834801,0.00787534310924548,2.2608238692254408,0.5063436202136111
6,rtp5000,rtp,0.09034972439680984,5000.0,grid,,1.35,0.5965829402666267,0.24101304247605534,0.050710934723566,0.007376351919998858,2.212498804975712,0.49516830035323733
6,rtp10000,rtp,0.11814430144720972,10000.0,grid,,1.35,0.6120982313228175,0.2400562841498948,0.05065774718608127,0.0069692723737737605,2.1736581490160916,0.4880142418379648
6,grid_0.1645,grid,0.1645,25431.143952713035,grid,,1.35,0.6322747187737661,0.2390506645297746,0.05059350227449569,0.006551717937631152,2.133249601554951,0.4823561093640923
6,grid_0.2109,grid,0.2109,54933.296481149926,grid,,1.35,0.6474374016473493,0.23842780878713754,0.05053152539230663,0.0063162946107291895,2.1086275288712657,0.4798298548062736
6,grid_0.2423,grid,0.2423,85190.94364536027,grid,,1.35,0.6556430661363571,0.23813735069046454,0.05048714128350257,0.006222256510370727,2.097199118982936,0.4789692029311736
6,grid_0.2700,grid,0.27,124192.4961760795,grid,,1.35,0.6618221113694838,0.23794245126978805,0.050446628655995876,0.006169981460279583,2.089472575640492,0.47854090500110297
6,grid_0.2850,grid,0.285,149920.999897958,grid,,1.35,0.6648098023220895,0.2378488470443853,0.05042411736702815,0.006147956673315247,2.0860177647660465,0.4783999102396651
6,grid_0.3100,grid,0.31,200920.06975035614,grid,,1.35,0.6693670424602749,0.23773646592940453,0.050387163922457845,0.00613146331014508,2.081138701308212,0.4782795479516225
6,grid_0.3300,grid,0.33,249789.57411901196,grid,,1.35,0.6726387019862872,0.2376580394762029,0.05035736177159215,0.006123981956080271,2.077934612171383,0.478262998049676
6,grid_0.3434,grid,0.3434,287654.1455485036,grid,,1.35,0.6746663902280158,0.23760752424360765,0.050337325202033836,0.006120010375142759,2.076089494159628,0.4782789372663971
6,grid_0.3600,grid,0.36,344572.7062934788,grid,,1.35,0.6770419389279254,0.23756455328765655,0.05031305860630892,0.006123858372454882,2.074085438649995,0.4783300502709844
6,grid_0.3649,grid,0.3649,362857.21827924356,grid,,1.35,0.677714528237023,0.2375534843937932,0.05030595491339684,0.006125703034235319,2.0735483284384255,0.478349912326422
6,grid_0.4000,grid,0.4,515560.1697571474,grid,,1.35,0.6821352158260866,0.23747017278015026,0.05025511816568452,0.006136964794549893,2.0703781742728906,0.47854229959619304
6,grid_0.4500,grid,0.45,808930.1437700432,grid,,1.35,0.6874879039245289,0.23735845550607912,0.05018493445334713,0.006154101946884205,2.0674486939827825,0.47892385415239896
6,grid_0.4898,grid,0.4898,1118622.0271335987,grid,,1.35,0.6911622394557394,0.23729113910799546,0.0501323554826335,0.006174729216536556,2.0660497153806223,0.479293614967191
6,grid_0.5000,grid,0.5,1225822.2222180285,grid,,1.35,0.6920219773803483,0.23727080891357624,0.05011911167501048,0.006178325087492331,2.0658057988531087,0.47939122740268475
6,grid_0.5500,grid,0.55,1871605.0410051066,grid,,1.35,0.6958571351874719,0.23718181032739852,0.05005628331405769,0.006198927836124357,2.065147509340565,0.4798787965194817
6,grid_0.5971,grid,0.5971,2695601.035127913,grid,,1.35,0.6989277579382834,0.2370836287545001,0.04999917471383393,0.0062094723095676985,2.0652125689004226,0.4803228604924534
6,grid_0.6049,grid,0.6049,2855500.0267469506,grid,,1.35,0.6993885726090443,0.23706292429737386,0.049989822209374486,0.006209007867047922,2.0652792511172873,0.48039260477518914
6,grid_0.6500,grid,0.65,3929567.621157142,grid,,1.35,0.7017606461396794,0.23690713416205766,0.049935627885338195,0.006189362331540993,2.0660164414452806,0.48077881615563506
6,grid_0.7139,grid,0.7139,,grid,,1.35,0.7047866873831075,0.2367268189390813,0.04986611398058432,0.006173472824432258,2.0674274909368666,0.4813231688230358
6,grid_0.7892,grid,0.7892,,grid,,1.35,0.707444930974563,0.23637371173556693,0.04978516689793678,0.006087364701712117,2.0700888402550355,0.4818565499138822
6,grid_0.8000,grid,0.8,,grid,,1.35,0.7077529820058718,0.23630873033583225,0.04977360357060894,0.006068212462324141,2.070551753210402,0.48191914309061074
6,grid_0.8904,grid,0.8904,,grid,,1.35,0.7101530574229719,0.23588894394142212,0.04968358289600086,0.005960010977798524,2.074748739984651,0.48234419333239414
6,grid_0.9500,grid,0.95,,grid,,1.35,0.7110260711252198,0.23549269759136307,0.04962138045631412,0.005835430162543065,2.0784181071937042,0.48245575101356164
6,grid_1.0112,grid,1.0112,,grid,,1.35,0.7111048717747162,0.23488506066465797,0.04954980992675614,0.005621181796683916,2.0832933865670307,0.482361156922239
6,rtp475,rtp,0.030538289597570517,475.0,grid,,1.4,0.5477959170479544,0.24780913763805956,0.05090613589097513,0.010503232805943619,2.4451244031657686,0.5603150301749935
6,rtp2500,rtp,0.0677784064788285,2500.0,grid,,1.4,0.585106838478308,0.24323724507063146,0.05067155360646418,0.008492803783086256,2.2608238692254408,0.5063436202136111
6,rtp5000,rtp,0.09034972439680984,5000.0,grid,,1.4,0.6021099562809357,0.24191577507012726,0.05060624746495748,0.007916994762822926,2.212498804975712,0.49516830035323733
6,rtp10000,rtp,0.11814430144720972,10000.0,grid,,1.4,0.6193550800565192,0.2408316917313536,0.05055542767695615,0.007444476065229577,2.1736581490160916,0.4880142418379648
6,grid_0.1645,grid,0.1645,25431.143952713035,grid,,1.4,0.6417941311835491,0.23968937649274843,0.05049424418245596,0.006956753021026552,2.133249601554951,0.4823561093640923
6,grid_0.2109,grid,0.2109,54933.296481149926,grid,,1.4,0.6587280787816462,0.23898503070843097,0.050435529274704106,0.006678315628005582,2.1086275288712657,0.4798298548062736
6,grid_0.2423,grid,0.2423,85190.94364536027,grid,,1.4,0.667944979247725,0.23865892576373826,0.05039359438518323,0.006564488461518303,2.097199118982936,0.4789692029311736
6,grid_0.2700,grid,0.27,124192.4961760795,grid,,1.4,0.6749214187569271,0.23844155428643757,0.05035536168262552,0.006499013127906628,2.089472575640492,0.47854090500110297
6,grid_0.2850,grid,0.285,149920.999897958,grid,,1.4,0.6783095133885483,0.23833811520382184,0.050334126769954614,0.006470930388955631,2.0860177647660465,0.4783999102396651
6,grid_0.3100,grid,0.31,200920.06975035614,grid,,1.4,0.6834937665013372,0.23821395114530475,0.05029929019251339,0.006446596327744247,2.081138701308212,0.4782795479516225
6,grid_0.3300,grid,0.33,249789.57411901196,grid,,1.4,0.6872335979969605,0.23812831926594744,0.05027120329354354,0.006433893142881453,2.077934612171383,0.478262998049676
6,grid_0.3434,grid,0.3434,287654.1455485036,grid,,1.4,0.6895600775588817,0.23807378229875636,0.050252321561504006,0.0064268042565316374,2.076089494159628,0.4782789372663971
6,grid_0.3600,grid,0.36,344572.7062934788,grid,,1.4,0.6922917465734095,0.23802766005434725,0.05022946253085001,0.0064277044200978795,2.074085438649995,0.4783300502709844
6,grid_0.3649,grid,0.3649,362857.21827924356,grid,,1.4,0.6930666119852077,0.23801588715297178,0.05022277118892165,0.006428791348294549,2.0735483284384255,0.478349912326422
6,grid_0.4000,grid,0.4,515560.1697571474,grid,,1.4,0.6981834922106676,0.23792888205342702,0.05017488709578319,0.006435265819410396,2.0703781742728906,0.47854229959619304
6,grid_0.4500,grid,0.45,808930.1437700432,grid,,1.4,0.7044343172916523,0.2378162010825282,0.050108793855060965,0.006447751642264521,2.0674486939827825,0.47892385415239896
6,grid_0.4898,grid,0.4898,1118622.0271335987,grid,,1.4,0.7087593515507353,0.23775148135900104,0.05005929585688721,0.006466471031512211,2.0660497153806223,0.479293614967191
6,grid_0.5000,grid,0.5,1225822.2222180285,grid,,1.4,0.7097775041703855,0.23773194051039634,0.05004682778924172,0.006469647749596907,2.0658057988531087,0.47939122740268475
6,grid_0.5500,grid,0.55,1871605.0410051066,grid,,1.4,0.7143474451776922,0.23764911498876107,0.04998769281572692,0.0064894090392144665,2.065147509340565,0.4798787965194817
6,grid_0.5971,grid,0.5971,2695601.035127913,grid,,1.4,0.718052790528813,0.23755821847199726,0.04993395189679271,0.0064999552667964755,2.0652125689004226,0.4803228604924534
6,grid_0.6049,grid,0.6049,2855500.0267469506,grid,,1.4,0.7186138420401328,0.2375386574807879,0.04992515085618875,0.00649946294158632,2.0652792511172873,0.48039260477518914
6,grid_0.6500,grid,0.65,3929567.621157142,grid,,1.4,0.7215397533316354,0.23738886230335823,0.049874152076561463,0.006479319869121314,2.0660164414452806,0.48077881615563506
6,grid_0.7139,grid,0.7139,,grid,,1.4,0.7252921544355044,0.2372194827255954,0.04980873519516467,0.006464347789434388,2.0674274909368666,0.4813231688230358
6,grid_0.7892,grid,0.7892,,grid,,1.4,0.7287212041262959,0.23687554539688016,0.049732558910460245,0.006377465096609192,2.0700888402550355,0.4818565499138822
6,grid_0.8000,grid,0.8,,grid,,1.4,0.729133091154597,0.23681151813175041,0.04972167716677614,0.006358017953088213,2.070551753210402,0.48191914309061074
6,grid_0.8904,grid,0.8904,,grid,,1.4,0.7323586699683984,0.23640830646971517,0.04963696002223915,0.0062519273456396185,2.074748739984651,0.48234419333239414
6,grid_0.9500,grid,0.95,,grid,,1.4,0.7337258476848503,0.23602328666342368,0.04957842253345555,0.006128569313949117,2.0784181071937042,0.48245575101356164
6,grid_1.0112,grid,1.0112,,grid,,1.4,0.734273219523705,0.23542621219942655,0.0495110696473254,0.00591443174324402,2.0832933865670307,0.482361156922239
6,rtp475,rtp,0.030538289597570517,475.0,grid,,1.45,0.5445012840068748,0.2509549656345013,0.05152961565206911,0.011448779124544617,2.4451244031657686,0.5603150301749935
6,rtp2500,rtp,0.0677784064788285,2500.0,grid,,1.45,0.5844478828762225,0.24615328279090126,0.05129859418644058,0.009292844442296833,2.2608238692254408,0.5063436202136111
6,rtp5000,rtp,0.09034972439680984,5000.0,grid,,1.45,0.6026850182051933,0.24476039353509574,0.05123427588698917,0.008673374356465757,2.212498804975712,0.49516830035323733
6,rtp10000,rtp,0.11814430144720972,10000.0,grid,,1.45,0.6211859721813081,0.2436165266859712,0.0511842232038967,0.008164788870639816,2.1736581490160916,0.4880142418379648
6,grid_0.1645,grid,0.1645,25431.143952713035,grid,,1.45,0.645269737856784,0.242414225764337,0.05112409890372379,0.007640557949199156,2.133249601554951,0.4823561093640923
6,grid_0.2109,grid,0.2109,54933.296481149926,grid,,1.45,0.6634659314749493,0.24168054308473222,0.05106661214534547,0.007342872760385644,2.1086275288712657,0.4798298548062736
6,grid_0.2423,grid,0.2423,85190.94364536027,grid,,1.45,0.6733838277195885,0.24134610123992817,0.05102563323251483,0.007222307351198831,2.097199118982936,0.4789692029311736
6,grid_0.2700,grid,0.27,124192.4961760795,grid,,1.45,0.6809000148474532,0.24112675887409396,0.050988303296854096,0.007153810548271355,2.089472575640492,0.47854090500110297
6,grid_0.2850,grid,0.285,149920.999897958,grid,,1.45,0.6845541466869545,0.24102346626438004,0.05096757655348256,0.00712473473661418,2.0860177647660465,0.4783999102396651
6,grid_0.3100,grid,0.31,200920.06975035614,grid,,1.45,0.6901489146368046,0.240902780195078,0.05093358892995382,0.007100560575764248,2.081138701308212,0.4782795479516225
6,grid_0.3300,grid,0.33,249789.57411901196,grid,,1.45,0.6941894429632786,0.24082097915029566,0.05090619227757314,0.007088551721333991,2.077934612171383,0.478262998049676
6,grid_0.3434,grid,0.3434,287654.1455485036,grid,,1.45,0.6967052232338983,0.2407692746954928,0.050887775779950586,0.007082067857443086,2.076089494159628,0.4782789372663971
6,grid_0.3600,grid,0.36,344572.7062934788,grid,,1.45,0.6996602949233202,0.24072795513457407,0.05086548628601113,0.007084462097262378,2.074085438649995,0.4783300502709844
6,grid_0.3649,grid,0.3649,362857.21827924356,grid,,1.45,0.700498858948961,0.24071772044880485,0.050858961893619596,0.0070860590444493665,2.0735483284384255,0.478349912326422
6,grid_0.4000,grid,0.4,515560.1697571474,grid,,1.45,0.7060426122767275,0.24064153466389696,0.05081227385194075,0.007096074353454773,2.0703781742728906,0.47854229959619304
6,grid_0.4500,grid,0.45,808930.1437700432,grid,,1.45,0.7128286350864754,0.24054428959688148,0.050747841699349476,0.007113713558318913,2.0674486939827825,0.47892385415239896
6,grid_0.4898,grid,0.4898,1118622.0271335987,grid,,1.45,0.7175317827359547,0.24049244914318432,0.050699599586198456,0.007137018508688642,2.0660497153806223,0.479293614967191
6,grid_0.5000,grid,0.5,1225822.2222180285,grid,,1.45,0.718640491448205,0.24047590268951835,0.050687447681001294,0.007141212093337401,2.0658057988531087,0.47939122740268475
6,grid_0.5500,grid,0.55,1871605.0410051066,grid,,1.45,0.7236231359455165,0.2404076512366957,0.05062982168718328,0.007166017085961429,2.065147509340565,0.4798787965194817
6,grid_0.5971,grid,0.5971,2695601.035127913,grid,,1.45,0.7276739567243662,0.24032827902461545,0.050577459695251015,0.007180222003682402,2.0652125689004226,0.4803228604924534
6,grid_0.6049,grid,0.6049,2855500.0267469506,grid,,1.45,0.7282885433632028,0.2403102155780085,0.05056888446327782,0.0071801152478710994,2.0652792511172873,0.48039260477518914
6,grid_0.6500,grid,0.65,3929567.621157142,grid,,1.45,0.7315030302923042,0.2401661468305922,0.05051919416599213,0.007160583917461438,2.0660164414452806,0.48077881615563506
6,grid_0.7139,grid,0.7139,,grid,,1.45,0.73562845883923,0.24000542563001906,0.050455455132873424,0.0071471491989731906,2.0674274909368666,0.4813231688230358
6,grid_0.7892,grid,0.7892,,grid,,1.45,0.7394303274062277,0.2396596312945765,0.05038123263991748,0.007055506232334863,2.0700888402550355,0.4818565499138822
6,grid_0.8000,grid,0.8,,grid,,1.45,0.7398903877910822,0.23959417141291142,0.050370630017311416,0.00703473695772816,2.070551753210402,0.48191914309061074
6,grid_0.8904,grid,0.8904,,grid,,1.45,0.7434921568952237,0.2391858119177114,0.05028808509859506,0.006921767524139755,2.074748739984651,0.48234419333239414
6,grid_0.9500,grid,0.95,,grid,,1.45,0.7450592061687418,0.2387882449969968,0.050231048659530646,0.00678877728921512,2.0784181071937042,0.48245575101356164
6,grid_1.0112,grid,1.0112,,grid,,1.45,0.7457634594735821,0.23816404335939273,0.05016542309051971,0.006556688458774995,2.0832933865670307,0.482361156922239
6,rtp475,rtp,0.030538289597570517,475.0,grid,,1.5,0.5403231229322653,0.25375343975437087,0.05194715517279502,0.012443653014380107,2.4451244031657686,0.5603150301749935
6,rtp2500,rtp,0.0677784064788285,2500.0,grid,,1.5,0.5830358115254604,0.24868342354116663,0.05172016590080921,0.01012327924334605,2.2608238692254408,0.5063436202136111
6,rtp5000,rtp,0.09034972439680984,5000.0,grid,,1.5,0.6025519432207815,0.24720712918740223,0.05165696693794214,0.009454397783134838,2.212498804975712,0.49516830035323733
6,rtp10000,rtp,0.11814430144720972,10000.0,grid,,1.5,0.6223492858994277,0.24599315252577658,0.05160778301037514,0.008904848079194838,2.1736581490160916,0.4880142418379648
6,grid_0.1645,grid,0.1645,25431.143952713035,grid,,1.5,0.6481270476279795,0.24471929884500768,0.05154883290252652,0.008338702324665659,2.133249601554951,0.4823561093640923
6,grid_0.2109,grid,0.2109,54933.296481149926,grid,,1.5,0.667623716471429,0.2439485783491573,0.05149267521416965,0.008018233664405294,2.1086275288712657,0.4798298548062736
6,grid_0.2423,grid,0.2423,85190.94364536027,grid,,1.5,0.6782651692873994,0.2436019264476695,0.05145272134524265,0.007889177223773136,2.097199118982936,0.4789692029311736
6,grid_0.2700,grid,0.27,124192.4961760795,grid,,1.5,0.6863395502738192,0.24337781588348106,0.05141635610023258,0.007816405163981022,2.089472575640492,0.47854090500110297
6,grid_0.2850,grid,0.285,149920.999897958,grid,,1.5,0.6902692489480065,0.24327331489460968,0.05139617173378709,0.007785734006024836,2.0860177647660465,0.4783999102396651
6,grid_0.3100,grid,0.31,200920.06975035614,grid,,1.5,0.6962898308123674,0.24315419267334465,0.05136308870079105,0.007760872713834965,2.081138701308212,0.4782795479516225
6,grid_0.3300,grid,0.33,249789.57411901196,grid,,1.5,0.7006428213501287,0.2430748562470017,0.05133642702766737,0.007748958711833176,2.077934612171383,0.478262998049676
6,grid_0.3434,grid,0.3434,287654.1455485036,grid,,1.5,0.7033555565719204,0.24302512507688828,0.0513185058291299,0.007742705589507293,2.076089494159628,0.4782789372663971
6,grid_0.3600,grid,0.36,344572.7062934788,grid,,1.5,0.7065432997835919,0.2429876891773322,0.05129682206520008,0.007746195026539726,2.074085438649995,0.4783300502709844
6,grid_0.3649,grid,0.3649,362857.21827924356,grid,,1.5,0.7074482526185459,0.2429787394397712,0.05129047522005782,0.007748192599682402,2.0735483284384255,0.478349912326422
6,grid_0.4000,grid,0.4,515560.1697571474,grid,,1.5,0.7134375727442573,0.24291167242417047,0.05124505910698515,0.007761021492922349,2.0703781742728906,0.47854229959619304
6,grid_0.4500,grid,0.45,808930.1437700432,grid,,1.5,0.7207838141209627,0.24282785384807012,0.051182392586348144,0.007782974018111566,2.0674486939827825,0.47892385415239896
6,grid_0.4898,grid,0.4898,1118622.0271335987,grid,,1.5,0.7258838279032046,0.24278766370913601,0.05113548438176302,0.0078103652675775015,2.0660497153806223,0.479293614967191
6,grid_0.5000,grid,0.5,1225822.2222180285,grid,,1.5,0.727087749146401,0.24277381873941087,0.05112366832061098,0.00781545874470535,2.0658057988531087,0.47939122740268475
6,grid_0.5500,grid,0.55,1871605.0410051066,grid,,1.5,0.7325051956322435,0.24271898027255367,0.05106764437915197,0.007844859005396332,2.065147509340565,0.4798787965194817
6,grid_0.5971,grid,0.5971,2695601.035127913,grid,,1.5,0.7369213086878461,0.24265029373297883,0.051016745740464844,0.007862419308236057,2.0652125689004226,0.4803228604924534
6,grid_0.6049,grid,0.6049,2855500.0267469506,grid,,1.5,0.7375926219368725,0.2426335964285142,0.05100841015713848,0.00786265195869662,2.0652792511172873,0.48039260477518914
6,grid_0.6500,grid,0.65,3929567.621157142,grid,,1.5,0.7411137641820099,0.24249450792270508,0.050960108536373866,0.007843477836301016,2.0660164414452806,0.48077881615563506
6,grid_0.7139,grid,0.7139,,grid,,1.5,0.7456364703643662,0.24234181095128654,0.050898150704588176,0.007831402630560924,2.0674274909368666,0.4813231688230358
6,grid_0.7892,grid,0.7892,,grid,,1.5,0.7498383626465112,0.2419934184710143,0.05082600237706714,0.007734812206220298,2.0700888402550355,0.4818565499138822
6,grid_0.8000,grid,0.8,,grid,,1.5,0.7503503854717168,0.24192641231680068,0.0508156960517057,0.007712692924772946,2.070551753210402,0.48191914309061074
6,grid_0.8904,grid,0.8904,,grid,,1.5,0.7543593042542225,0.24151281949460807,0.05073545777055823,0.007592984209676912,2.074748739984651,0.48234419333239414
6,grid_0.9500,grid,0.95,,grid,,1.5,0.7561465196709664,0.24110286818442372,0.050680015169941806,0.007450577876813802,2.0784181071937042,0.48245575101356164
6,grid_1.0112,grid,1.0112,,grid,,1.5,0.7570290679066178,0.2404518362272601,0.05061622348538072,0.007200862059680402,2.0832933865670307,0.482361156922239
6,rtp475,rtp,0.030538289597570517,475.0,grid,,1.55,0.5362260634341095,0.2562257770721299,0.05217624413800406,0.013475404698212734,2.4451244031657686,0.5603150301749935
6,rtp2500,rtp,0.0677784064788285,2500.0,grid,,1.55,0.5817577154999859,0.25086424639488536,0.051953698835800165,0.010979171283473588,2.2608238692254408,0.5063436202136111
6,rtp5000,rtp,0.09034972439680984,5000.0,grid,,1.55,0.6025636765723987,0.24929847873037,0.05189173411557988,0.01025799738169686,2.212498804975712,0.49516830035323733
6,rtp10000,rtp,0.11814430144720972,10000.0,grid,,1.55,0.6236645770556023,0.24800953972782333,0.051843507794918565,0.009665224001088213,2.1736581490160916,0.4880142418379648
6,grid_0.1645,grid,0.1645,25431.143952713035,grid,,1.55,0.6511424442126099,0.2466590849763913,0.05178583108599846,0.009054873115392159,2.133249601554951,0.4823561093640923
6,grid_0.2109,grid,0.2109,54933.296481149926,grid,,1.55,0.6719431651050243,0.24584830033215727,0.05173108735356243,0.008710299422648171,2.1086275288712657,0.4798298548062736
6,grid_0.2423,grid,0.2423,85190.94364536027,grid,,1.55,0.683310122525998,0.24548809087790366,0.0516922157474904,0.008572187015387478,2.097199118982936,0.4789692029311736
6,grid_0.2700,grid,0.27,124192.4961760795,grid,,1.55,0.6919443142871697,0.24525834792527923,0.05165686613817929,0.008494791088858034,2.089472575640492,0.47854090500110297
6,grid_0.2850,grid,0.285,149920.999897958,grid,,1.55,0.696150449997866,0.24515225879312016,0.05163725221472169,0.008462377776647267,2.0860177647660465,0.4783999102396651
6,grid_0.3100,grid,0.31,200920.06975035614,grid,,1.55,0.7025982549267183,0.24503422553671542,0.05160511924283218,0.008436652441545733,2.081138701308212,0.4782795479516225
6,grid_0.3300,grid,0.33,249789.57411901196,grid,,1.55,0.7072648393931306,0.24495705285285924,0.05157922904318359,0.008424728699174877,2.077934612171383,0.478262998049676
6,grid_0.3434,grid,0.3434,287654.1455485036,grid,,1.55,0.7101752941503033,0.24490912436387022,0.05156182765867562,0.008418651538002031,2.076089494159628,0.4782789372663971
6,grid_0.3600,grid,0.36,344572.7062934788,grid,,1.55,0.7135966380560319,0.24487542195137382,0.05154077906269662,0.008423193213166758,2.074085438649995,0.4783300502709844
6,grid_0.3649,grid,0.3649,362857.21827924356,grid,,1.55,0.7145682520007487,0.24486772123207698,0.05153461838227288,0.008425582519117292,2.0735483284384255,0.478349912326422
6,grid_0.4000,grid,0.4,515560.1697571474,grid,,1.55,0.7210051066451478,0.2448095633205699,0.05149053588520439,0.008441186408003731,2.0703781742728906,0.47854229959619304
6,grid_0.4500,grid,0.45,808930.1437700432,grid,,1.55,0.7289143378010642,0.24473901010463342,0.05142971987572418,0.008467463191271674,2.0674486939827825,0.47892385415239896
6,grid_0.4898,grid,0.4898,1118622.0271335987,grid,,1.55,0.7344133428209427,0.24471043919830393,0.05138420879167134,0.008498990260955464,2.0660497153806223,0.479293614967191
6,grid_0.5000,grid,0.5,1225822.2222180285,grid,,1.55,0.7357130231125538,0.24469929039586752,0.05137274452332725,0.00850499819691386,2.0658057988531087,0.47939122740268475
6,grid_0.5500,grid,0.55,1871605.0410051066,grid,,1.55,0.7415679335436403,0.24465789832189558,0.051318397943036796,0.0085390892682502,2.065147509340565,0.4798787965194817
6,grid_0.5971,grid,0.5971,2695601.035127913,grid,,1.55,0.746351871651582,0.24459994396039694,0.05126903088391677,0.008560101701512557,2.0652125689004226,0.4803228604924534
6,grid_0.6049,grid,0.6049,2855500.0267469506,grid,,1.55,0.747080335502579,0.24458461486890265,0.05126094613452898,0.008560687696040459,2.0652792511172873,0.48039260477518914
6,grid_0.6500,grid,0.65,3929567.621157142,grid,,1.55,0.7509106518805897,0.24445047039660484,0.051214098001748934,0.008541934475372437,2.0660164414452806,0.48077881615563506
6,grid_0.7139,grid,0.7139,,grid,,1.55,0.7558339891806535,0.24430583826220578,0.05115400493274603,0.008531337676253026,2.0674274909368666,0.4813231688230358
6,grid_0.7892,grid,0.7892,,grid,,1.55,0.7604400347781576,0.24395465318084344,0.05108402809473439,0.00842984471385122,2.0700888402550355,0.4818565499138822
6,grid_0.8000,grid,0.8,,grid,,1.55,0.7610046307653455,0.24388604906335856,0.051074031952499446,0.008406372975235499,2.070551753210402,0.48191914309061074
6,grid_0.8904,grid,0.8904,,grid,,1.55,0.7654256836576794,0.2434670899960615,0.050996209019992945,0.008280014891157372,2.074748739984651,0.48234419333239414
6,grid_0.9500,grid,0.95,,grid,,1.55,0.7674367441708037,0.24304451772876093,0.05094243529878892,0.008128202299217069,2.0784181071937042,0.48245575101356164
6,grid_1.0112,grid,1.0112,,grid,,1.55,0.7685019749314838,0.2423661355363158,0.050880563669680114,0.007860779985127686,2.0832933865670307,0.482361156922239
6,rtp475,rtp,0.030538289597570517,475.0,grid,,1.6,0.5329040418083871,0.2583406651656914,0.05220872578222663,0.01453117349602523,2.4451244031657686,0.5603150301749935
6,rtp2500,rtp,0.0677784064788285,2500.0,grid,,1.6,0.5812473471629549,0.2526773749247609,0.05199108951720985,0.011854766281658324,2.2608238692254408,0.5063436202136111
6,rtp5000,rtp,0.09034972439680984,5000.0,grid,,1.6,0.6033277926047841,0.2510208743935363,0.05193048879408718,0.01108099058720835,2.212498804975712,0.49516830035323733
6,rtp10000,rtp,0.11814430144720972,10000.0,grid,,1.6,0.6257138932927392,0.24965652479242872,0.051883320602675594,0.010445059768756981,2.1736581490160916,0.4880142418379648
6,grid_0.1645,grid,0.1645,25431.143952713035,grid,,1.6,0.6548651080001522,0.24822965318667214,0.05182702978421738,0.009790930936958153,2.133249601554951,0.4823561093640923
6,grid_0.2109,grid,0.2109,54933.296481149926,grid,,1.6,0.6769472693492153,0.24737954540789645,0.05177379615638293,0.009422843329834563,2.1086275288712657,0.4798298548062736
6,grid_0.2423,grid,0.2423,85190.94364536027,grid,,1.6,0.6890262064451894,0.24700647726598843,0.05173607145302445,0.009276128358328806,2.097199118982936,0.4789692029311736
6,grid_0.2700,grid,0.27,124192.4961760795,grid,,1.6,0.6982092521809573,0.24677181071171383,0.051701794923461365,0.009194531638476555,2.089472575640492,0.47854090500110297
6,grid_0.2850,grid,0.285,149920.999897958,grid,,1.6,0.7026862455156656,0.24666454825288398,0.051682783055119474,0.009160616309679848,2.0860177647660465,0.4783999102396651
6,grid_0.3100,grid,0.31,200920.06975035614,grid,,1.6,0.7095523638391105,0.24654830811149964,0.05165165129739077,0.009134416935252188,2.081138701308212,0.4782795479516225
6,grid_0.3300,grid,0.33,249789.57411901196,grid,,1.6,0.7145257960158236,0.24647387248641453,0.05162657358786002,0.009122796230589314,2.077934612171383,0.478262998049676
6,grid_0.3434,grid,0.3434,287654.1455485036,grid,,1.6,0.7176296397584406,0.24642814141189234,0.05160971955764129,0.00911710932207832,2.076089494159628,0.4782789372663971
6,grid_0.3600,grid,0.36,344572.7062934788,grid,,1.6,0.7212793552019909,0.24639865718965986,0.051589339175231286,0.009122959089636229,2.074085438649995,0.4783300502709844
6,grid_0.3649,grid,0.3649,362857.21827924356,grid,,1.6,0.7223161188247945,0.24639234929649548,0.051583374329527074,0.009125815462319165,2.0735483284384255,0.478349912326422
6,grid_0.4000,grid,0.4,515560.1697571474,grid,,1.6,0.7291901586168316,0.2463441236801914,0.051540694644896,0.009144732626865437,2.0703781742728906,0.47854229959619304
6,grid_0.4500,grid,0.45,808930.1437700432,grid,,1.6,0.7376488178729877,0.24628820676087979,0.05148182428144456,0.009176056508045316,2.0674486939827825,0.47892385415239896
6,grid_0.4898,grid,0.4898,1118622.0271335987,grid,,1.6,0.7435367662206831,0.24627222293522696,0.05143778109118232,0.009212226698275816,2.0660497153806223,0.479293614967191
6,grid_0.5000,grid,0.5,1225822.2222180285,grid,,1.6,0.744929747501244,0.2462640047113337,0.05142668646754129,0.00921927354892249,2.0658057988531087,0.47939122740268475
6,grid_0.5500,grid,0.55,1871605.0410051066,grid,,1.6,0.7512105963978298,0.24623709454355847,0.05137410149685405,0.009258605232399297,2.065147509340565,0.4798787965194817
6,grid_0.5971,grid,0.5971,2695601.035127913,grid,,1.6,0.7563523053182805,0.24619066726449845,0.05132634228916287,0.009283502358976126,2.0652125689004226,0.4803228604924534
6,grid_0.6049,grid,0.6049,2855500.0267469506,grid,,1.6,0.7571363308349807,0.24617682130669333,0.05131852087491394,0.009284506473753673,2.0652792511172873,0.48039260477518914
6,grid_0.6500,grid,0.65,3929567.621157142,grid,,1.6,0.7612670388941246,0.24604818403294343,0.051273198667216795,0.009266510198692401,2.0660164414452806,0.48077881615563506
6,grid_0.7139,grid,0.7139,,grid,,1.6,0.7665792012686248,0.24591223813160354,0.051215063644093645,0.00925776521880084,2.0674274909368666,0.4813231688230358
6,grid_0.7892,grid,0.7892,,grid,,1.6,0.7715768412514639,0.24555853666668995,0.0511473669374909,0.009151627992395217,2.0700888402550355,0.4818565499138822
6,grid_0.8000,grid,0.8,,grid,,1.6,0.7721923267519016,0.24548833601113276,0.05113769648334718,0.00912682663416764,2.070551753210402,0.48191914309061074
6,grid_0.8904,grid,0.8904,,grid,,1.6,0.7770117652554813,0.24506387789424858,0.05106241013069552,0.00899389411787166,2.074748739984651,0.48234419333239414
6,grid_0.9500,grid,0.95,,grid,,1.6,0.7792384165660908,0.24462814739843758,0.051010388991736856,0.00883254150785484,2.0784181071937042,0.48245575101356164
6,grid_1.0112,grid,1.0112,,grid,,1.6,0.7804785491653782,0.24392125043776355,0.05095053357947383,0.008547042835648333,2.0832933865670307,0.482361156922239
6,rtp475,rtp,0.030538289597570517,475.0,grid,,1.65,0.5235589293448826,0.2587699373785986,0.05218744355330408,0.014774436937619762,2.4451244031657686,0.5603150301749935
6,rtp2500,rtp,0.0677784064788285,2500.0,grid,,1.65,0.5728610050103229,0.25313983220920844,0.05196183432135883,0.012117940329547383,2.2608238692254408,0.5063436202136111
6,rtp5000,rtp,0.09034972439680984,5000.0,grid,,1.65,0.5951640001659113,0.2515040140915488,0.051899017086047175,0.011355252018114825,2.212498804975712,0.49516830035323733
6,rtp10000,rtp,0.11814430144720972,10000.0,grid,,1.65,0.617702546188644,0.25015717079612276,0.05185012407578321,0.010728486024937312,2.1736581490160916,0.4880142418379648
6,grid_0.1645,grid,0.1645,25431.143952713035,grid,,1.65,0.6469585177409715,0.24874417209797905,0.05179164826547233,0.010082014887236701,2.133249601554951,0.4823561093640923
6,grid_0.2109,grid,0.2109,54933.296481149926,grid,,1.65,0.6690404086270657,0.24789720402343043,0.05173615214097472,0.009716871621659573,2.1086275288712657,0.4798298548062736
6,grid_0.2423,grid,0.2423,85190.94364536027,grid,,1.65,0.6810825440767553,0.24752363218682924,0.051696750723156326,0.009571197767804407,2.097199118982936,0.4789692029311736
6,grid_0.2700,grid,0.27,124192.4961760795,grid,,1.65,0.6902170336379877,0.24728779595711506,0.051660921698641026,0.009490332330686746,2.089472575640492,0.47854090500110297
6,grid_0.2850,grid,0.285,149920.999897958,grid,,1.65,0.6946627211004532,0.2471793217863139,0.051641042465309206,0.009456574653432914,2.0860177647660465,0.4783999102396651
6,grid_0.3100,grid,0.31,200920.06975035614,grid,,1.65,0.7014720727795902,0.24706204961346723,0.05160847615519388,0.009431180204013456,2.081138701308212,0.4782795479516225
6,grid_0.3300,grid,0.33,249789.57411901196,grid,,1.65,0.7063957934771911,0.24698632732104206,0.05158223755103381,0.009420008332503116,2.077934612171383,0.478262998049676
6,grid_0.3434,grid,0.3434,287654.1455485036,grid,,1.65,0.7094645213043629,0.24693925583491957,0.05156460223195416,0.0094143938403497,2.076089494159628,0.4782789372663971
6,grid_0.3600,grid,0.36,344572.7062934788,grid,,1.65,0.7130697274892572,0.24690873760678947,0.05154327118983437,0.009420653516744038,2.074085438649995,0.4783300502709844
6,grid_0.3649,grid,0.3649,362857.21827924356,grid,,1.65,0.7140931077683419,0.24690210634471949,0.05153702790565136,0.009423622211807814,2.0735483284384255,0.478349912326422
6,grid_0.4000,grid,0.4,515560.1697571474,grid,,1.65,0.7208674970010789,0.24685005763231865,0.05149235480321861,0.009442596149860427,2.0703781742728906,0.47854229959619304
6,grid_0.4500,grid,0.45,808930.1437700432,grid,,1.65,0.7291778402336231,0.2467860283558257,0.05143072545771375,0.00947261833392865,2.0674486939827825,0.47892385415239896
6,grid_0.4898,grid,0.4898,1118622.0271335987,grid,,1.65,0.7349469525833042,0.2467634087908251,0.05138460719372352,0.009507572724344326,2.0660497153806223,0.479293614967191
6,grid_0.5000,grid,0.5,1225822.2222180285,grid,,1.65,0.736309263511229,0.2467530842308997,0.051372990056862106,0.00951409452059937,2.0658057988531087,0.47939122740268475
6,grid_0.5500,grid,0.55,1871605.0410051066,grid,,1.65,0.7424401996675687,0.24671556809444545,0.05131791971963955,0.009550651820525391,2.065147509340565,0.4798787965194817
6,grid_0.5971,grid,0.5971,2695601.035127913,grid,,1.65,0.7474410512447186,0.246657212796876,0.05126789623811409,0.009571884386609275,2.0652125689004226,0.4803228604924534
6,grid_0.6049,grid,0.6049,2855500.0267469506,grid,,1.65,0.7482016991608524,0.2466410333550912,0.051259704043766514,0.009572095290700688,2.0652792511172873,0.48039260477518914
6,grid_0.6500,grid,0.65,3929567.621157142,grid,,1.65,0.7521957840415209,0.24649603831736483,0.05121223329388523,0.009548063612270563,2.0660164414452806,0.48077881615563506
6,grid_0.7139,grid,0.7139,,grid,,1.65,0.7573252558645027,0.24633963708131693,0.051151343545660685,0.009531873251694245,2.0674274909368666,0.4813231688230358
6,grid_0.7892,grid,0.7892,,grid,,1.65,0.7621064455870687,0.24595182760804774,0.05108043909432467,0.009411862409414162,2.0700888402550355,0.4818565499138822
6,grid_0.8000,grid,0.8,,grid,,1.65,0.7626906974394461,0.24587559672192028,0.051070310367694556,0.009384498695665822,2.070551753210402,0.48191914309061074
6,grid_0.8904,grid,0.8904,,grid,,1.65,0.7672608992479463,0.24540758761445094,0.05099145800091091,0.009233426057833505,2.074748739984651,0.48234419333239414
6,grid_0.9500,grid,0.95,,grid,,1.65,0.7693170728230511,0.24493244795857255,0.05093697260538957,0.009054931457589288,2.0784181071937042,0.48245575101356164
6,grid_1.0112,grid,1.0112,,grid,,1.65,0.7703663012310458,0.24416796522955214,0.050874281329326955,0.00874371391501283,2.0832933865670307,0.482361156922239
6,rtp475,rtp,0.030538289597570517,475.0,grid,,1.7,0.5149224831662175,0.2589775546208349,0.052030147129735894,0.015039226667651617,2.4451244031657686,0.5603150301749935
6,rtp2500,rtp,0.0677784064788285,2500.0,grid,,1.7,0.5652102561835831,0.25336830697299134,0.05179772231307111,0.012397776665288851,2.2608238692254408,0.5063436202136111
6,rtp5000,rtp,0.09034972439680984,5000.0,grid,,1.7,0.5877485668841974,0.2517500764157824,0.05173301060620525,0.011645090369147015,2.212498804975712,0.49516830035323733
6,rtp10000,rtp,0.11814430144720972,10000.0,grid,,1.7,0.6104533851401097,0.2504187646966902,0.05168264234880149,0.011026915363414824,2.1736581490160916,0.4880142418379648
6,grid_0.1645,grid,0.1645,25431.143952713035,grid,,1.7,0.6398336640972723,0.24901850532995,0.05162229028163293,0.01038792571512942,2.133249601554951,0.4823561093640923
6,grid_0.2109,grid,0.2109,54933.296481149926,grid,,1.7,0.6619314565244523,0.24817502483084203,0.05156484336835426,0.010025999581434797,2.1086275288712657,0.4798298548062736
6,grid_0.2423,grid,0.2423,85190.94364536027,grid,,1.7,0.6739462185594809,0.24780170275587318,0.05152399421190971,0.00988168967680042,2.097199118982936,0.4789692029311736
6,grid_0.2700,grid,0.27,124192.4961760795,grid,,1.7,0.6830396328228254,0.2475655746489997,0.05148682414109515,0.009801889610194292,2.089472575640492,0.47854090500110297
6,grid_0.2850,grid,0.285,149920.999897958,grid,,1.7,0.6874577972166284,0.24745643229161962,0.05146619561633625,0.009768490266160668,2.0860177647660465,0.4783999102396651
6,grid_0.3100,grid,0.31,200920.06975035614,grid,,1.7,0.6942162414849471,0.2473390670796189,0.05143238981069699,0.009744224293119219,2.081138701308212,0.4782795479516225
6,grid_0.3300,grid,0.33,249789.57411901196,grid,,1.7,0.6990946254098138,0.24726285220053415,0.051405148157575124,0.009733769920768076,2.077934612171383,0.478262998049676
6,grid_0.3434,grid,0.3434,287654.1455485036,grid,,1.7,0.7021310475489754,0.24721499385691503,0.05138683780713751,0.009728415380537037,2.076089494159628,0.4782789372663971
6,grid_0.3600,grid,0.36,344572.7062934788,grid,,1.7,0.7056950593220213,0.2471841229991347,0.051364685296647256,0.009735305366204094,2.074085438649995,0.4783300502709844
6,grid_0.3649,grid,0.3649,362857.21827924356,grid,,1.7,0.7067060068457298,0.24717737126275668,0.05135820142446323,0.009738451439903428,2.0735483284384255,0.478349912326422
6,grid_0.4000,grid,0.4,515560.1697571474,grid,,1.7,0.713387260264301,0.24712297613251025,0.05131180598272467,0.009757959349864564,2.0703781742728906,0.47854229959619304
6,grid_0.4500,grid,0.45,808930.1437700432,grid,,1.7,0.7215577340077627,0.24705290021151244,0.05124779288370297,0.009787342619216544,2.0674486939827825,0.47892385415239896
6,grid_0.4898,grid,0.4898,1118622.0271335987,grid,,1.7,0.7272140434484926,0.24702517846436836,0.051199881735524255,0.00982155705982879,2.0660497153806223,0.479293614967191
6,grid_0.5000,grid,0.5,1225822.2222180285,grid,,1.7,0.7285471580819677,0.2470131290131804,0.05118781317700311,0.009827672727878989,2.0658057988531087,0.47939122740268475
6,grid_0.5500,grid,0.55,1871605.0410051066,grid,,1.7,0.7345349528556606,0.24696675112925448,0.05113059551852043,0.00986198064481869,2.065147509340565,0.4798787965194817
6,grid_0.5971,grid,0.5971,2695601.035127913,grid,,1.7,0.7394007694138601,0.24689791678353024,0.051078615744473824,0.009879965567573201,2.0652125689004226,0.4803228604924534
6,grid_0.6049,grid,0.6049,2855500.0267469506,grid,,1.7,0.740138966775372,0.246879627522006,0.05107010322190055,0.009879447263503871,2.0652792511172873,0.48039260477518914
6,grid_0.6500,grid,0.65,3929567.621157142,grid,,1.7,0.7440015891469557,0.2467194775815182,0.051020776275940115,0.00984972434215714,2.0660164414452806,0.48077881615563506
6,grid_0.7139,grid,0.7139,,grid,,1.7,0.7489548414896006,0.24654405848633965,0.05095750731242588,0.009826465462489775,2.0674274909368666,0.4813231688230358
6,grid_0.7892,grid,0.7892,,grid,,1.7,0.7535265107061443,0.24612340485837872,0.05088383241016058,0.009692898008920814,2.0700888402550355,0.4818565499138822
6,grid_0.8000,grid,0.8,,grid,,1.7,0.7540804794132662,0.24604128471603237,0.050873307857950655,0.009663005926765056,2.070551753210402,0.48191914309061074
6,grid_0.8904,grid,0.8904,,grid,,1.7,0.7584084743090775,0.24553052749224333,0.050791376371202526,0.009493863559416726,2.074748739984651,0.48234419333239414
6,grid_0.9500,grid,0.95,,grid,,1.7,0.7602983047519878,0.2450160223748874,0.050734763060575866,0.00929808815983546,2.0784181071937042,0.48245575101356164
6,grid_1.0112,grid,1.0112,,grid,,1.7,0.7611605947894353,0.24419342373470526,0.050669622708557356,0.008960805486719958,2.0832933865670307,0.482361156922239
6,rtp475,rtp,0.030538289597570517,475.0,grid,,1.75,0.5066165840481546,0.25898713206788093,0.05175750993813828,0.015316824638607729,2.4451244031657686,0.5603150301749935
6,rtp2500,rtp,0.0677784064788285,2500.0,grid,,1.75,0.557855040037011,0.2534007757772497,0.05151936309730439,0.012692590067207576,2.2608238692254408,0.5063436202136111
6,rtp5000,rtp,0.09034972439680984,5000.0,grid,,1.75,0.5806240562680366,0.2518014508785234,0.05145306117112856,0.011950909493400885,2.212498804975712,0.49516830035323733
6,rtp10000,rtp,0.11814430144720972,10000.0,grid,,1.75,0.6034944319489323,0.2504874730110821,0.05140145352251583,0.01134252061296176,2.1736581490160916,0.4880142418379648
6,grid_0.1645,grid,0.1645,25431.143952713035,grid,,1.75,0.6330020730783695,0.2491030312194652,0.05133951770281211,0.01071280245991374,2.133249601554951,0.4823561093640923
6,grid_0.2109,grid,0.2109,54933.296481149926,grid,,1.75,0.6551199542975332,0.2482662157720808,0.05128041621799002,0.010355697675799358,2.1086275288712657,0.4798298548062736
6,grid_0.2423,grid,0.2423,85190.94364536027,grid,,1.75,0.6671099978927477,0.24789535060335546,0.05123833718118032,0.01021376766958021,2.097199118982936,0.4789692029311736
6,grid_0.2700,grid,0.27,124192.4961760795,grid,,1.75,0.6761644118307362,0.24766087772554896,0.05120002733043281,0.010135883025356507,2.089472575640492,0.47854090500110297
6,grid_0.2850,grid,0.285,149920.999897958,grid,,1.75,0.6805560820795202,0.24755212932657109,0.05117876191539936,0.010103294818720021,2.0860177647660465,0.4783999102396651
6,grid_0.3100,grid,0.31,200920.06975035614,grid,,1.75,0.6872651081281701,0.24743637697916165,0.051143902337444744,0.01008085831512906,2.081138701308212,0.4782795479516225
6,grid_0.3300,grid,0.33,249789.57411901196,grid,,1.75,0.6920992066305235,0.2473610151282579,0.05111580793535743,0.010071663869924807,2.077934612171383,0.478262998049676
6,grid_0.3434,grid,0.3434,287654.1455485036,grid,,1.75,0.6951039843171479,0.2473132689030024,0.05109692373095433,0.01006692924453445,2.076089494159628,0.4782789372663971
6,grid_0.3600,grid,0.36,344572.7062934788,grid,,1.75,0.6986275303841862,0.24728311522021582,0.051074072782661996,0.010074866290352535,2.074085438649995,0.4783300502709844
6,grid_0.3649,grid,0.3649,362857.21827924356,grid,,1.75,0.6996262481083235,0.24727655488024944,0.0510673843673459,0.010078310226099119,2.0735483284384255,0.478349912326422
6,grid_0.4000,grid,0.4,515560.1697571474,grid,,1.75,0.7062157154653596,0.24722200994781166,0.05101952472740591,0.01009919747522997,2.0703781742728906,0.47854229959619304
6,grid_0.4500,grid,0.45,808930.1437700432,grid,,1.75,0.7142479283225642,0.24714879884898824,0.05095348520465681,0.010129043567840834,2.0674486939827825,0.47892385415239896
6,grid_0.4898,grid,0.4898,1118622.0271335987,grid,,1.75,0.7197923992944061,0.24711804714186086,0.050904049917828445,0.010163279305378525,2.0660497153806223,0.479293614967191
6,grid_0.5000,grid,0.5,1225822.2222180285,grid,,1.75,0.7210965373504399,0.24710477764150504,0.050891597639301574,0.010169173493956074,2.0658057988531087,0.47939122740268475
6,grid_0.5500,grid,0.55,1871605.0410051066,grid,,1.75,0.7269420329007227,0.24705178108547,0.0508325546056449,0.010202027931858093,2.065147509340565,0.4798787965194817
6,grid_0.5971,grid,0.5971,2695601.035127913,grid,,1.75,0.7316733358633468,0.2469742523329754,0.050778911861671584,0.010217369453760616,2.0652125689004226,0.4803228604924534
6,grid_0.6049,grid,0.6049,2855500.0267469506,grid,,1.75,0.7323891563557068,0.24695412261170943,0.050770127059887385,0.010216211615031834,2.0652792511172873,0.48039260477518914
6,grid_0.6500,grid,0.65,3929567.621157142,grid,,1.75,0.7361206467525703,0.24678022575153044,0.05071922234084914,0.010181257481127193,2.0660164414452806,0.48077881615563506
6,grid_0.7139,grid,0.7139,,grid,,1.75,0.7408977234461533,0.24658739577913766,0.050653931733542476,0.010151412023594597,2.0674274909368666,0.4813231688230358
6,grid_0.7892,grid,0.7892,,grid,,1.75,0.7452596034357679,0.24613515818882087,0.050577902781812824,0.010004613314823052,2.0700888402550355,0.4818565499138822
6,grid_0.8000,grid,0.8,,grid,,1.75,0.7457832355322035,0.24604727220371814,0.05056704186955842,0.009972218289332146,2.070551753210402,0.48191914309061074
6,grid_0.8904,grid,0.8904,,grid,,1.75,0.7498678779550151,0.2454942587001821,0.0504824948343657,0.009784936220386231,2.074748739984651,0.48234419333239414
6,grid_0.9500,grid,0.95,,grid,,1.75,0.7515901155784571,0.24493999164585833,0.05042407384885131,0.009571525658621849,2.0784181071937042,0.48245575101356164
6,grid_1.0112,grid,1.0112,,grid,,1.75,0.7522637123228315,0.24405798838932571,0.05035685271445729,0.00920744898218695,2.0832933865670307,0.482361156922239
6,rtp475,rtp,0.030538289597570517,475.0,grid,,1.8,0.49860096109403035,0.25880555021191304,0.051375241700663196,0.01560507111982784,2.4451244031657686,0.5603150301749935
6,rtp2500,rtp,0.0677784064788285,2500.0,grid,,1.8,0.5507553506810833,0.2532455012575756,0.05113243911530629,0.01300084479189445,2.2608238692254408,0.5063436202136111
6,rtp5000,rtp,0.09034972439680984,5000.0,grid,,1.8,0.5737503091596893,0.2516668190720847,0.051064843620152824,0.012271344201708612,2.212498804975712,0.49516830035323733
6,rtp10000,rtp,0.11814430144720972,10000.0,grid,,1.8,0.5967852343664946,0.2503722883662559,0.051012226637236216,0.011674056144519385,2.1736581490160916,0.4880142418379648
6,grid_0.1645,grid,0.1645,25431.143952713035,grid,,1.8,0.6264227781487213,0.2490070009811617,0.050948992436439994,0.011055494101192276,2.133249601554951,0.4823561093640923
6,grid_0.2109,grid,0.2109,54933.296481149926,grid,,1.8,0.6485645213802118,0.24818011629001926,0.05088852520323816,0.010704844918489331,2.1086275288712657,0.4798298548062736
6,grid_0.2423,grid,0.2423,85190.94364536027,grid,,1.8,0.6605322959084015,0.247813921754925,0.05084542858357622,0.010566311231979875,2.097199118982936,0.4789692029311736
6,grid_0.2700,grid,0.27,124192.4961760795,grid,,1.8,0.6695496494671742,0.24758303703024662,0.05080617501685138,0.010491185208269083,2.089472575640492,0.47854090500110297
6,grid_0.2850,grid,0.285,149920.999897958,grid,,1.8,0.67391579592501,0.24747573011689386,0.05078438218828624,0.010459854808603453,2.0860177647660465,0.4783999102396651
6,grid_0.3100,grid,0.31,200920.06975035614,grid,,1.8,0.6805768222943853,0.24736326977421083,0.050748649694074124,0.01043993753931488,2.081138701308212,0.4782795479516225
6,grid_0.3300,grid,0.33,249789.57411901196,grid,,1.8,0.6853676475505658,0.24729007959018198,0.050719848883877705,0.010432534579840835,2.077934612171383,0.478262998049676
6,grid_0.3434,grid,0.3434,287654.1455485036,grid,,1.8,0.6883414213663269,0.24724332325483406,0.05070048933121152,0.010428771562882855,2.076089494159628,0.4782789372663971
6,grid_0.3600,grid,0.36,344572.7062934788,grid,,1.8,0.6918252146589834,0.24721493066218428,0.05067705971335126,0.010438162228957326,2.074085438649995,0.4783300502709844
6,grid_0.3649,grid,0.3649,362857.21827924356,grid,,1.8,0.6928119022735352,0.24720886559589475,0.05067020184217661,0.01044202138703254,2.0735483284384255,0.478349912326422
6,grid_0.4000,grid,0.4,515560.1697571474,grid,,1.8,0.6993109224679792,0.24715630323916754,0.05062112927424522,0.010465108956606128,2.0703781742728906,0.47854229959619304
6,grid_0.4500,grid,0.45,808930.1437700432,grid,,1.8,0.7072065017577124,0.24708276590740313,0.050553411107181166,0.01049648210127141,2.0674486939827825,0.47892385415239896
6,grid_0.4898,grid,0.4898,1118622.0271335987,grid,,1.8,0.7126401435109745,0.24705097355951114,0.05050271320518492,0.010531470331517356,2.0660497153806223,0.479293614967191
6,grid_0.5000,grid,0.5,1225822.2222180285,grid,,1.8,0.7139155385318705,0.24703696685389614,0.05048994308660587,0.010537319905767117,2.0658057988531087,0.47939122740268475
6,grid_0.5500,grid,0.55,1871605.0410051066,grid,,1.8,0.7196196645450413,0.246979489797875,0.050429387937258666,0.010569480443559987,2.065147509340565,0.4798787965194817
6,grid_0.5971,grid,0.5971,2695601.035127913,grid,,1.8,0.7242170787276885,0.24689495540223785,0.05037436760471118,0.010582751398361845,2.0652125689004226,0.4803228604924534
6,grid_0.6049,grid,0.6049,2855500.0267469506,grid,,1.8,0.7249106139694893,0.24687323863289345,0.05036535727029687,0.010581038682796695,2.0652792511172873,0.48039260477518914
6,grid_0.6500,grid,0.65,3929567.621157142,grid,,1.8,0.7285114140403409,0.24668690815730474,0.05031314565455276,0.01054128500165774,2.0660164414452806,0.48077881615563506
6,grid_0.7139,grid,0.7139,,grid,,1.8,0.7331125454243207,0.24647815394902464,0.050246181226985154,0.01050529914713394,2.0674274909368666,0.4813231688230358
6,grid_0.7892,grid,0.7892,,grid,,1.8,0.737264608819804,0.24599544727546557,0.05016820327290853,0.010345556807347833,2.0700888402550355,0.4818565499138822
6,grid_0.8000,grid,0.8,,grid,,1.8,0.7377578861406622,0.2459018974096157,0.050157063846838906,0.010310679302810266,2.070551753210402,0.48191914309061074
6,grid_0.8904,grid,0.8904,,grid,,1.8,0.7415983775280075,0.24530696715241862,0.05007035213187515,0.010105156001642635,2.074748739984651,0.48234419333239414
6,grid_0.9500,grid,0.95,,grid,,1.8,0.7431520414096092,0.2447124346548918,0.050010434946450945,0.009873740728273739,2.0784181071937042,0.48245575101356164
6,grid_1.0112,grid,1.0112,,grid,,1.8,0.7436355104566129,0.243769606875823,0.0499414912652428,0.0094821299711505,2.0832933865670307,0.482361156922239
6,rtp475,rtp,0.030538289597570517,475.0,grid,,1.85,0.4879322756150937,0.2594173678368302,0.051497477938911615,0.01579989279647767,2.4451244031657686,0.5603150301749935
6,rtp2500,rtp,0.0677784064788285,2500.0,grid,,1.85,0.5396420813528643,0.2539726084066224,0.05125031241245839,0.013251773408405165,2.2608238692254408,0.5063436202136111
6,rtp5000,rtp,0.09034972439680984,5000.0,grid,,1.85,0.5622655669970646,0.25244010460604344,0.05118150293020893,0.012544503483301217,2.212498804975712,0.49516830035323733
6,rtp10000,rtp,0.11814430144720972,10000.0,grid,,1.85,0.5848682100558193,0.25118493748954057,0.051127939488075834,0.011965933333548562,2.1736581490160916,0.4880142418379648
6,grid_0.1645,grid,0.1645,25431.143952713035,grid,,1.85,0.6138520027488261,0.24985715135816147,0.05106354926645251,0.0113650468183627,2.133249601554951,0.4823561093640923
6,grid_0.2109,grid,0.2109,54933.296481149926,grid,,1.85,0.6353985788775878,0.24905044244144048,0.05100195216920722,0.011024170711070036,2.1086275288712657,0.4798298548062736
6,grid_0.2423,grid,0.2423,85190.94364536027,grid,,1.85,0.6469883556507544,0.24869386614329933,0.05095804224718789,0.010890596810113395,2.097199118982936,0.4789692029311736
6,grid_0.2700,grid,0.27,124192.4961760795,grid,,1.85,0.6556871421768592,0.24847018553701686,0.05091804504486318,0.010819388055936408,2.089472575640492,0.47854090500110297
6,grid_0.2850,grid,0.285,149920.999897958,grid,,1.85,0.6598861613763352,0.24836636555425484,0.050895838834729465,0.010790012703900287,2.0860177647660465,0.4783999102396651
6,grid_0.3100,grid,0.31,200920.06975035614,grid,,1.85,0.6662771145260613,0.2482595931736105,0.05085942720669561,0.010773398396030975,2.081138701308212,0.4782795479516225
6,grid_0.3300,grid,0.33,249789.57411901196,grid,,1.85,0.6708587094105251,0.2481905849742717,0.05083007862918367,0.010768487840687513,2.077934612171383,0.478262998049676
6,grid_0.3434,grid,0.3434,287654.1455485036,grid,,1.85,0.6736955129555849,0.248146272899632,0.050810350836149085,0.010766221917829555,2.076089494159628,0.4782789372663971
6,grid_0.3600,grid,0.36,344572.7062934788,grid,,1.85,0.6770131074413598,0.24812076964938415,0.05078647499767432,0.010777441333728432,2.074085438649995,0.4783300502709844
6,grid_0.3649,grid,0.3649,362857.21827924356,grid,,1.85,0.6779514562113127,0.2481155060889791,0.05077948651993349,0.010781817841856722,2.0735483284384255,0.478349912326422
6,grid_0.4000,grid,0.4,515560.1697571474,grid,,1.85,0.6841128816264564,0.2480675821376281,0.05072947943703133,0.010808045870577543,2.0703781742728906,0.47854229959619304
6,grid_0.4500,grid,0.45,808930.1437700432,grid,,1.85,0.6915533006667821,0.24799782458664493,0.050660471082032615,0.01084244991767569,2.0674486939827825,0.47892385415239896
6,grid_0.4898,grid,0.4898,1118622.0271335987,grid,,1.85,0.6966456549626382,0.2479678403187125,0.05060880645832408,0.010879243374002423,2.0660497153806223,0.479293614967191
6,grid_0.5000,grid,0.5,1225822.2222180285,grid,,1.85,0.6978362652200825,0.2479539544683903,0.05059579290081291,0.010885370635699665,2.0658057988531087,0.47939122740268475
6,grid_0.5500,grid,0.55,1871605.0410051066,grid,,1.85,0.7031393469441459,0.24789559733418465,0.05053408260489221,0.010918144572780009,2.065147509340565,0.4798787965194817
6,grid_0.5971,grid,0.5971,2695601.035127913,grid,,1.85,0.7073791639428453,0.24780744905607335,0.05047801222860652,0.010930519579071873,2.0652125689004226,0.4803228604924534
6,grid_0.6049,grid,0.6049,2855500.0267469506,grid,,1.85,0.7080151650037684,0.2477848087152408,0.05046882996560534,0.01092848146444314,2.0652792511172873,0.48039260477518914
6,grid_0.6500,grid,0.65,3929567.621157142,grid,,1.85,0.7112907106162756,0.24759088394539217,0.05041562207832427,0.010885623734536387,2.0660164414452806,0.48077881615563506
6,grid_0.7139,grid,0.7139,,grid,,1.85,0.7154611635450823,0.24737174383053837,0.05034738095380927,0.010845398691952224,2.0674274909368666,0.4813231688230358
6,grid_0.7892,grid,0.7892,,grid,,1.85,0.7191336233704932,0.24686872589121975,0.05026791637630461,0.010676251446849583,2.0700888402550355,0.4818565499138822
6,grid_0.8000,grid,0.8,,grid,,1.85,0.7195602214188928,0.2467713232091906,0.05025656453861508,0.010639521419799736,2.070551753210402,0.48191914309061074
6,grid_0.8904,grid,0.8904,,grid,,1.85,0.7228670131292144,0.24614361160148387,0.050168200895224904,0.010418476636997243,2.074748739984651,0.48234419333239414
6,grid_0.9500,grid,0.95,,grid,,1.85,0.7240786761775824,0.24551660881909695,0.05010714204541735,0.01017126316061212,2.0784181071937042,0.48245575101356164
6,grid_1.0112,grid,1.0112,,grid,,1.85,0.7242083038130118,0.24452487889726754,0.05003688427475819,0.00975553212496516,2.0832933865670307,0.482361156922239
6,rtp475,rtp,0.030538289597570517,475.0,grid,,1.9,0.47759358068351127,0.2599504994491878,0.05155027255563004,0.01602398960825213,2.4451244031657686,0.5603150301749935
6,rtp2500,rtp,0.0677784064788285,2500.0,grid,,1.9,0.5288632765615955,0.25460749599314475,0.05129924166092841,0.013525735354970814,2.2608238692254408,0.5063436202136111
6,rtp5000,rtp,0.09034972439680984,5000.0,grid,,1.9,0.5511263512767937,0.253118332925993,0.051229356683901606,0.012839533779332224,2.212498804975712,0.49516830035323733
6,rtp10000,rtp,0.11814430144720972,10000.0,grid,,1.9,0.573311035686121,0.2519011979296382,0.051174954395107726,0.01227925912327904,2.1736581490160916,0.4880142418379648
6,grid_0.1645,grid,0.1645,25431.143952713035,grid,,1.9,0.6016632418954058,0.2506108124389708,0.051109538872512836,0.011696240438808181,2.133249601554951,0.4823561093640923
6,grid_0.2109,grid,0.2109,54933.296481149926,grid,,1.9,0.6226336335650664,0.24982531112049172,0.0510469395600299,0.011365746516420583,2.1086275288712657,0.4798298548062736
6,grid_0.2423,grid,0.2423,85190.94364536027,grid,,1.9,0.6338565114959891,0.24947938100749603,0.051002308417295424,0.011237653130587943,2.097199118982936,0.4789692029311736
6,grid_0.2700,grid,0.27,124192.4961760795,grid,,1.9,0.6422454771223245,0.24926392182352142,0.05096165191986768,0.011170850802974919,2.089472575640492,0.47854090500110297
6,grid_0.2850,grid,0.285,149920.999897958,grid,,1.9,0.646281747342673,0.24916417604027077,0.050939079263714444,0.011143707358112598,2.0860177647660465,0.4783999102396651
6,grid_0.3100,grid,0.31,200920.06975035614,grid,,1.9,0.6524093876569188,0.24906405729381795,0.05090206569690856,0.011130838938749665,2.081138701308212,0.4782795479516225
6,grid_0.3300,grid,0.33,249789.57411901196,grid,,1.9,0.6567867429072891,0.24900001488827322,0.050872231675103984,0.011128775739256302,2.077934612171383,0.478262998049676
6,grid_0.3434,grid,0.3434,287654.1455485036,grid,,1.9,0.6594897484075493,0.2489586827463859,0.050852177560199975,0.01112824815461566,2.076089494159628,0.4782789372663971
6,grid_0.3600,grid,0.36,344572.7062934788,grid,,1.9,0.6626448790594861,0.24893671278845356,0.05082790632913081,0.011141580644790205,2.074085438649995,0.4783300502709844
6,grid_0.3649,grid,0.3649,362857.21827924356,grid,,1.9,0.6635359555736325,0.24893244018561872,0.050820802128235136,0.011146557648531508,2.0735483284384255,0.478349912326422
6,grid_0.4000,grid,0.4,515560.1697571474,grid,,1.9,0.6693670025764428,0.2488905110498005,0.05076996706997114,0.011176519420659725,2.0703781742728906,0.47854229959619304
6,grid_0.4500,grid,0.45,808930.1437700432,grid,,1.9,0.6763614167304141,0.24882636342349945,0.05069981573660546,0.011214743397957971,2.0674486939827825,0.47892385415239896
6,grid_0.4898,grid,0.4898,1118622.0271335987,grid,,1.9,0.6811189263598021,0.2487994832369494,0.05064729480939185,0.011253888049581218,2.0660497153806223,0.479293614967191
6,grid_0.5000,grid,0.5,1225822.2222180285,grid,,1.9,0.6822263019441973,0.24878603389947235,0.05063406562800728,0.011260425035422128,2.0658057988531087,0.47939122740268475
6,grid_0.5500,grid,0.55,1871605.0410051066,grid,,1.9,0.687135362027038,0.2487281769701257,0.05057133223525348,0.011294373783628686,2.065147509340565,0.4798787965194817
6,grid_0.5971,grid,0.5971,2695601.035127913,grid,,1.9,0.6910234321134215,0.24863746836009282,0.05051433193233573,0.01130625874018043,2.0652125689004226,0.4803228604924534
6,grid_0.6049,grid,0.6049,2855500.0267469506,grid,,1.9,0.6916028098498638,0.2486140591745232,0.05050499741429052,0.011303953004942802,2.0652792511172873,0.48039260477518914
6,grid_0.6500,grid,0.65,3929567.621157142,grid,,1.9,0.6945580414535913,0.2484133224357891,0.050450907255781594,0.011258271507805728,2.0660164414452806,0.48077881615563506
6,grid_0.7139,grid,0.7139,,grid,,1.9,0.6983039670184118,0.24818461950893456,0.05038153574314963,0.011214069617644984,2.0674274909368666,0.4813231688230358
6,grid_0.7892,grid,0.7892,,grid,,1.9,0.7015030017874667,0.24766177609535014,0.05030075491843111,0.01103560042027224,2.0700888402550355,0.4818565499138822
6,grid_0.8000,grid,0.8,,grid,,1.9,0.7018637310188259,0.24756054700240354,0.05028921500413999,0.010997009427989257,2.070551753210402,0.48191914309061074
6,grid_0.8904,grid,0.8904,,grid,,1.9,0.7046427194630163,0.24689981964506738,0.05019938899893773,0.010760131941829065,2.074748739984651,0.48234419333239414
6,grid_0.9500,grid,0.95,,grid,,1.9,0.7055153845253104,0.24623958564832277,0.050137319456828464,0.010496614083429223,2.0784181071937042,0.48245575101356164
6,grid_1.0112,grid,1.0112,,grid,,1.9,0.7052934305960445,0.2451974097465959,0.050065898261042435,0.010055871485397605,2.0832933865670307,0.482361156922239
6,rtp475,rtp,0.030538289597570517,475.0,grid,,1.95,0.46756681149133555,0.260426488562391,0.05154720859190755,0.01627474735302961,2.4451244031657686,0.5603150301749935
6,rtp2500,rtp,0.0677784064788285,2500.0,grid,,1.95,0.5184021711633724,0.25517394979150193,0.05129275334851336,0.013820991303682584,2.2608238692254408,0.5063436202136111
6,rtp5000,rtp,0.09034972439680984,5000.0,grid,,1.95,0.540315797977971,0.25372586052320906,0.05122191561811778,0.01315489668012515,2.212498804975712,0.49516830035323733
6,rtp10000,rtp,0.11814430144720972,10000.0,grid,,1.95,0.5620965054555452,0.25254581311192165,0.05116676984560451,0.012612617874757148,2.1736581490160916,0.4880142418379648
6,grid_0.1645,grid,0.1645,25431.143952713035,grid,,1.95,0.5898386177806145,0.25129302090548655,0.05110044522882555,0.012047737126979763,2.133249601554951,0.4823561093640923
6,grid_0.2109,grid,0.2109,54933.296481149926,grid,,1.95,0.6102512264456176,0.2505298442180176,0.05103695776089664,0.011728245083007516,2.1086275288712657,0.4798298548062736
6,grid_0.2423,grid,0.2423,85190.94364536027,grid,,1.95,0.6211179945470604,0.25019558388567786,0.05099168789304494,0.011606142302850342,2.097199118982936,0.4789692029311736
6,grid_0.2700,grid,0.27,124192.4961760795,grid,,1.95,0.6292056668811067,0.2499893368122129,0.05095044774658015,0.011544220773229863,2.089472575640492,0.47854090500110297
6,grid_0.2850,grid,0.285,149920.999897958,grid,,1.95,0.6330834666514055,0.24989423141264389,0.05092755076024182,0.011519576133074194,2.0860177647660465,0.4783999102396651
6,grid_0.3100,grid,0.31,200920.06975035614,grid,,1.95,0.6389544182791455,0.2498016914038466,0.050890004564619506,0.011510880463603101,2.081138701308212,0.4782795479516225
6,grid_0.3300,grid,0.33,249789.57411901196,grid,,1.95,0.6431324376463023,0.24974336161169206,0.05085974107169128,0.011512005597417108,2.077934612171383,0.478262998049676
6,grid_0.3434,grid,0.3434,287654.1455485036,grid,,1.95,0.6457047671605761,0.24970551790143736,0.050839398285973954,0.011513447384451092,2.076089494159628,0.4782789372663971
6,grid_0.3600,grid,0.36,344572.7062934788,grid,,1.95,0.6487011174655538,0.24968769046296158,0.05081477733304999,0.011529165435677724,2.074085438649995,0.4783300502709844
6,grid_0.3649,grid,0.3649,362857.21827924356,grid,,1.95,0.6495459748647454,0.24968458764198162,0.050807570782956696,0.011534822522989707,2.0735483284384255,0.478349912326422
6,grid_0.4000,grid,0.4,515560.1697571474,grid,,1.95,0.6550537826530117,0.24964993068866162,0.050756003487939,0.011569084404914554,2.0703781742728906,0.47854229959619304
6,grid_0.4500,grid,0.45,808930.1437700432,grid,,1.95,0.6616112862382398,0.2495931093939221,0.05068484149018428,0.011611878766742079,2.0674486939827825,0.47892385415239896
6,grid_0.4898,grid,0.4898,1118622.0271335987,grid,,1.95,0.666040382498057,0.24957054322386196,0.05063156353776146,0.011653892507292096,2.0660497153806223,0.479293614967191
6,grid_0.5000,grid,0.5,1225822.2222180285,grid,,1.95,0.6670660744724666,0.2495578248713784,0.05061814374097112,0.011660964213562441,2.0658057988531087,0.47939122740268475
6,grid_0.5500,grid,0.55,1871605.0410051066,grid,,1.95,0.6715881658793683,0.24950175328823887,0.050554506002844446,0.011696618891060773,2.065147509340565,0.4798787965194817
6,grid_0.5971,grid,0.5971,2695601.035127913,grid,,1.95,0.6751303997152139,0.24940946418868037,0.050496683814838454,0.011708397012046179,2.0652125689004226,0.4803228604924534
6,grid_0.6049,grid,0.6049,2855500.0267469506,grid,,1.95,0.6756540769879209,0.24938543022741266,0.05048721473750519,0.011705878072206521,2.0652792511172873,0.48039260477518914
6,grid_0.6500,grid,0.65,3929567.621157142,grid,,1.95,0.678294018693772,0.249178611805965,0.05043234484758413,0.011657635733963667,2.0660164414452806,0.48077881615563506
6,grid_0.7139,grid,0.7139,,grid,,1.95,0.6816217155327671,0.24894110750802526,0.05036197454816225,0.011609700459159933,2.0674274909368666,0.4813231688230358
6,grid_0.7892,grid,0.7892,,grid,,1.95,0.6843537199572567,0.24839889269624132,0.05028003072561296,0.011421979167105856,2.0700888402550355,0.4818565499138822
6,grid_0.8000,grid,0.8,,grid,,1.95,0.684649424406413,0.24829386287664876,0.05026832462345177,0.011381517718756284,2.070551753210402,0.48191914309061074
6,grid_0.8904,grid,0.8904,,grid,,1.95,0.68690683290028,0.24759989010288616,0.05017720676821828,0.011128498810743015,2.074748739984651,0.48234419333239414
6,grid_0.9500,grid,0.95,,grid,,1.95,0.6874437760051636,0.2469057073428199,0.05011424434070817,0.010848183977750059,2.0784181071937042,0.48245575101356164
6,grid_1.0112,grid,1.0112,,grid,,1.95,0.6868728501805378,0.24581163902220168,0.050041795239137786,0.010381566639643403,2.0832933865670307,0.482361156922239
6,rtp475,rtp,0.030538289597570517,475.0,grid,,2.0,0.45783534566297307,0.2608676380021889,0.051502053065198464,0.01654987149164258,2.4451244031657686,0.5603150301749935
6,rtp2500,rtp,0.0677784064788285,2500.0,grid,,2.0,0.5082432331967651,0.2556962267008983,0.051244554417455505,0.014136005931621676,2.2608238692254408,0.5063436202136111
6,rtp5000,rtp,0.09034972439680984,5000.0,grid,,2.0,0.5298182498648095,0.2542874410077216,0.05117286994429794,0.013489232709957555,2.212498804975712,0.49516830035323733
6,rtp10000,rtp,0.11814430144720972,10000.0,grid,,2.0,0.5512086178512609,0.25314387375082553,0.051117063036003114,0.012964757781570801,2.1736581490160916,0.4880142418379648
6,grid_0.1645,grid,0.1645,25431.143952713035,grid,,2.0,0.5783614742043923,0.25192912522050415,0.05104993009355996,0.012418354040808488,2.133249601554951,0.4823561093640923
6,grid_0.2109,grid,0.2109,54933.296481149926,grid,,2.0,0.5982341357384423,0.25118946609570014,0.05098565405529565,0.012110493822147239,2.1086275288712657,0.4798298548062736
6,grid_0.2423,grid,0.2423,85190.94364536027,grid,,2.0,0.6087552777779208,0.2508678949081734,0.05093981774209346,0.011994882953564878,2.097199118982936,0.4789692029311736
6,grid_0.2700,grid,0.27,124192.4961760795,grid,,2.0,0.6165499657402227,0.250671825951811,0.05089806032570266,0.011938304000312372,2.089472575640492,0.47854090500110297
6,grid_0.2850,grid,0.285,149920.999897958,grid,,2.0,0.6202734723219326,0.25058190770051936,0.05087487598783182,0.01191641647899977,2.0860177647660465,0.4783999102396651
6,grid_0.3100,grid,0.31,200920.06975035614,grid,,2.0,0.6258942181826341,0.25049783366009554,0.050836858068374166,0.011912306600026734,2.081138701308212,0.4782795479516225
6,grid_0.3300,grid,0.33,249789.57411901196,grid,,2.0,0.6298777127204213,0.2504459288421356,0.05080621430906473,0.011916948964535323,2.077934612171383,0.478262998049676
6,grid_0.3434,grid,0.3434,287654.1455485036,grid,,2.0,0.6323224337480424,0.2504120569378176,0.05078561595495054,0.011920582304878247,2.076089494159628,0.4782789372663971
6,grid_0.3600,grid,0.36,344572.7062934788,grid,,2.0,0.6351636294050629,0.2503989489246773,0.05076068545356713,0.011938948169016028,2.074085438649995,0.4783300502709844
6,grid_0.3649,grid,0.3649,362857.21827924356,grid,,2.0,0.6359633053957283,0.2503971848233642,0.05075338831929011,0.011945361848175906,2.0735483284384255,0.478349912326422
6,grid_0.4000,grid,0.4,515560.1697571474,grid,,2.0,0.6411549205014132,0.2503710044266948,0.050701173013566234,0.011984466844065789,2.0703781742728906,0.47854229959619304
6,grid_0.4500,grid,0.45,808930.1437700432,grid,,2.0,0.647284521642523,0.2503231218480693,0.05062911678880842,0.012032548542954935,2.0674486939827825,0.47892385415239896
6,grid_0.4898,grid,0.4898,1118622.0271335987,grid,,2.0,0.6513916019533829,0.2503060011307682,0.050575169216008166,0.012077924986067967,2.0660497153806223,0.479293614967191
6,grid_0.5000,grid,0.5,1225822.2222180285,grid,,2.0,0.6523371564124208,0.25029428906726603,0.05056158082099015,0.01208565031869796,2.0658057988531087,0.47939122740268475
6,grid_0.5500,grid,0.55,1871605.0410051066,grid,,2.0,0.6564793316524853,0.2502412021542273,0.0504971433153254,0.012123515940267449,2.065147509340565,0.4798787965194817
6,grid_0.5971,grid,0.5971,2695601.035127913,grid,,2.0,0.6596816694255789,0.2501482469892916,0.050438594413498704,0.012135551058316929,2.0652125689004226,0.4803228604924534
6,grid_0.6049,grid,0.6049,2855500.0267469506,grid,,2.0,0.6601505759073912,0.2501237230553176,0.05042900636474885,0.012132870470304369,2.0652792511172873,0.48039260477518914
6,grid_0.6500,grid,0.65,3929567.621157142,grid,,2.0,0.6624803045666159,0.2499115095620212,0.05037344706885634,0.012082315542711886,2.0660164414452806,0.48077881615563506
6,grid_0.7139,grid,0.7139,,grid,,2.0,0.6653961739062132,0.24966591375936045,0.05030219391124753,0.012030874582048878,2.0674274909368666,0.4813231688230358
6,grid_0.7892,grid,0.7892,,grid,,2.0,0.6676677036248093,0.24910476259889805,0.05021922208952932,0.011833960659924037,2.0700888402550355,0.4818565499138822
6,grid_0.8000,grid,0.8,,grid,,2.0,0.6678992528798249,0.24899595902298716,0.05020736908132576,0.011791618528451342,2.070551753210402,0.48191914309061074
6,grid_0.8904,grid,0.8904,,grid,,2.0,0.6696415609466065,0.24826853003681282,0.05011510958510532,0.011522153421534509,2.074748739984651,0.48234419333239414
6,grid_0.9500,grid,0.95,,grid,,2.0,0.669846279425543,0.2475397353133193,0.05005135805132038,0.01122456250766779,2.0784181071937042,0.48245575101356164
6,grid_1.0112,grid,1.0112,,grid,,2.0,0.6689292807006822,0.24639243998561153,0.0499780004251072,0.010731234056955974,2.0832933865670307,0.482361156922239
6,rtp475,rtp,0.030538289597570517,475.0,structure,3.0,0.6127121513957469,0.435371311607144,0.23782251720223216,0.049985773710558734,0.006573775977847279,2.4451244031657686,0.5603150301749935
6,rtp2500,rtp,0.0677784064788285,2500.0,structure,3.0,0.6127121513957469,0.4314077152973257,0.23167869037524472,0.049582024048414185,0.004092991525574324,2.2608238692254408,0.5063436202136111
6,rtp5000,rtp,0.09034972439680984,5000.0,structure,3.0,0.6127121513957469,0.42718474889969354,0.23033607088681687,0.04946973305442777,0.0035849724971489527,2.212498804975712,0.49516830035323733
6,rtp10000,rtp,0.11814430144720972,10000.0,structure,3.0,0.6127121513957469,0.422271018153932,0.22941265491736912,0.04938215719764102,0.0032480090385948734,2.1736581490160916,0.4880142418379648
6,grid_0.1645,grid,0.1645,25431.143952713035,structure,3.0,0.6127121513957469,0.4147619321077451,0.22853533521109298,0.04927329930013893,0.0029551001399077126,2.133249601554951,0.4823561093640923
6,grid_0.2109,grid,0.2109,54933.296481149926,structure,3.0,0.6127121513957469,0.4076817477939604,0.2279603751371419,0.049164130768050235,0.0028018018646162324,2.1086275288712657,0.4798298548062736
6,grid_0.2423,grid,0.2423,85190.94364536027,structure,3.0,0.6127121513957469,0.4030303760399591,0.22765114393543226,0.04908456418947588,0.002740479145635022,2.097199118982936,0.4789692029311736
6,grid_0.2700,grid,0.27,124192.4961760795,structure,3.0,0.6127121513957469,0.39901715054443887,0.22741028596895332,0.049011434736350584,0.0027040034281305414,2.089472575640492,0.47854090500110297
6,grid_0.2850,grid,0.285,149920.999897958,structure,3.0,0.6127121513957469,0.39687346433347886,0.2272859465496462,0.04897070301821544,0.00268819848075319,2.0860177647660465,0.4783999102396651
6,grid_0.3100,grid,0.31,200920.06975035614,structure,3.0,0.6127121513957469,0.39338340821357526,0.22710056882749943,0.048903602785460416,0.002671065576313386,2.081138701308212,0.4782795479516225
6,grid_0.3300,grid,0.33,249789.57411901196,structure,3.0,0.6127121513957469,0.39063998770241415,0.22695945243399718,0.04884941585063646,0.002661177198503367,2.077934612171383,0.478262998049676
6,grid_0.3434,grid,0.3434,287654.1455485036,structure,3.0,0.6127121513957469,0.3888247868636936,0.22686544433837824,0.04881297547532032,0.0026549543595294767,2.076089494159628,0.4782789372663971
6,grid_0.3600,grid,0.36,344572.7062934788,structure,3.0,0.6127121513957469,0.3866165544389953,0.22675808795970087,0.04876874267531464,0.002650487779824795,2.074085438649995,0.4783300502709844
6,grid_0.3649,grid,0.3649,362857.21827924356,structure,3.0,0.6127121513957469,0.38597202667315356,0.22672715017800404,0.04875579371528253,0.002649406912556662,2.0735483284384255,0.478349912326422
6,grid_0.4000,grid,0.4,515560.1697571474,structure,3.0,0.6127121513957469,0.38142161735797625,0.22650436653701853,0.048663129642655865,0.0026410984176801766,2.0703781742728906,0.47854229959619304
6,grid_0.4500,grid,0.45,808930.1437700432,structure,3.0,0.6127121513957469,0.3751913799214285,0.22619594768666007,0.048535082965311144,0.00262952378455511,2.0674486939827825,0.47892385415239896
6,grid_0.4898,grid,0.4898,1118622.0271335987,structure,3.0,0.6127121513957469,0.37047820217978605,0.22597239922418383,0.04843900279700139,0.002624522414132524,2.0660497153806223,0.479293614967191
6,grid_0.5000,grid,0.5,1225822.2222180285,structure,3.0,0.6127121513957469,0.3692971648940135,0.225914164439991,0.04841481132532126,0.0026223983692980346,2.0658057988531087,0.47939122740268475
6,grid_0.5500,grid,0.55,1871605.0410051066,structure,3.0,0.6127121513957469,0.363677274391642,0.22563500409058065,0.04829990820967287,0.0026112468612834727,2.065147509340565,0.4798787965194817
6,grid_0.5971,grid,0.5971,2695601.035127913,structure,3.0,0.6127121513957469,0.3586021497683647,0.22536530523950474,0.048195373304760945,0.002594147500934202,2.0652125689004226,0.4803228604924534
6,grid_0.6049,grid,0.6049,2855500.0267469506,structure,3.0,0.6127121513957469,0.3577784440343346,0.22531852708670883,0.048178258167435054,0.0025901804810888884,2.0652792511172873,0.48039260477518914
6,grid_0.6500,grid,0.65,3929567.621157142,structure,3.0,0.6127121513957469,0.35306735190827315,0.22502895407970488,0.04807908113843619,0.002558949035769739,2.0660164414452806,0.48077881615563506
6,grid_0.7139,grid,0.7139,,structure,3.0,0.6127121513957469,0.346830777039124,0.22466108059279746,0.047952018998551026,0.002520582134572416,2.0674274909368666,0.4813231688230358
6,grid_0.7892,grid,0.7892,,structure,3.0,0.6127121513957469,0.33971517026475023,0.22416317669867064,0.047804065307611825,0.0024450644800276117,2.0700888402550355,0.4818565499138822
6,grid_0.8000,grid,0.8,,structure,3.0,0.6127121513957469,0.338710416549465,0.22408362321700065,0.04778292416176349,0.0024305460322952277,2.070551753210402,0.48191914309061074
6,grid_0.8904,grid,0.8904,,structure,3.0,0.6127121513957469,0.3306996093572069,0.22345691150468533,0.047618553002926396,0.0023144382962863724,2.074748739984651,0.48234419333239414
6,grid_0.9500,grid,0.95,,structure,3.0,0.6127121513957469,0.3254071331218493,0.22294418619005443,0.04750494913913995,0.0021991610168057146,2.0784181071937042,0.48245575101356164
6,grid_1.0112,grid,1.0112,,structure,3.0,0.6127121513957469,0.3197267158756437,0.2222596281642296,0.04737417561944491,0.0020251666922566913,2.0832933865670307,0.482361156922239
6,rtp475,rtp,0.030538289597570517,475.0,structure,5.0,0.911184483342262,0.48877331514523126,0.23501254645469064,0.047497927200019795,0.007732969791098332,2.4451244031657686,0.5603150301749935
6,rtp2500,rtp,0.0677784064788285,2500.0,structure,5.0,0.911184483342262,0.5021344767670041,0.2309725794903623,0.04716744015137675,0.006180892325054976,2.2608238692254408,0.5063436202136111
6,rtp5000,rtp,0.09034972439680984,5000.0,structure,5.0,0.911184483342262,0.5064440521659503,0.23016921152606867,0.04707550529256878,0.005902360641963367,2.212498804975712,0.49516830035323733
6,rtp10000,rtp,0.11814430144720972,10000.0,structure,5.0,0.911184483342262,0.5103716421628617,0.2296564555249566,0.047003858045366914,0.0057382295189194465,2.1736581490160916,0.4880142418379648
6,grid_0.1645,grid,0.1645,25431.143952713035,structure,5.0,0.911184483342262,0.5146598354935323,0.22920806822943532,0.04691532146184894,0.005621017079620538,2.133249601554951,0.4823561093640923
6,grid_0.2109,grid,0.2109,54933.296481149926,structure,5.0,0.911184483342262,0.5167863453866669,0.2289435137010836,0.046827163164305616,0.005587969301492635,2.1086275288712657,0.4798298548062736
6,grid_0.2423,grid,0.2423,85190.94364536027,structure,5.0,0.911184483342262,0.5172968358465982,0.22881934431100842,0.04676309732903794,0.005595195001881881,2.097199118982936,0.4789692029311736
6,grid_0.2700,grid,0.27,124192.4961760795,structure,5.0,0.911184483342262,0.517278252309406,0.22873486180190808,0.046704276627828674,0.005615360375709311,2.089472575640492,0.47854090500110297
6,grid_0.2850,grid,0.285,149920.999897958,structure,5.0,0.911184483342262,0.5171103413702225,0.22869175297871458,0.04667152494991858,0.005628392930558834,2.0860177647660465,0.4783999102396651
6,grid_0.3100,grid,0.31,200920.06975035614,structure,5.0,0.911184483342262,0.5166718794510899,0.22864284779867786,0.04661759865185808,0.0056599531976312956,2.081138701308212,0.4782795479516225
6,grid_0.3300,grid,0.33,249789.57411901196,structure,5.0,0.911184483342262,0.5161680610021145,0.2286060724344035,0.04657405662320642,0.005686679730677324,2.077934612171383,0.478262998049676
6,grid_0.3434,grid,0.3434,287654.1455485036,structure,5.0,0.911184483342262,0.5157660834362451,0.22857938752211726,0.046544774832036485,0.005703761567949772,2.076089494159628,0.4782789372663971
6,grid_0.3600,grid,0.36,344572.7062934788,structure,5.0,0.911184483342262,0.5152263670225651,0.22855651282433675,0.04650924323162385,0.005728836322797359,2.074085438649995,0.4783300502709844
6,grid_0.3649,grid,0.3649,362857.21827924356,structure,5.0,0.911184483342262,0.5150578398827018,0.22855018262149993,0.04649884117053059,0.005736344805790383,2.0735483284384255,0.478349912326422
6,grid_0.4000,grid,0.4,515560.1697571474,structure,5.0,0.911184483342262,0.5137039991407882,0.22849303619418024,0.04642439951111285,0.005784668078122113,2.0703781742728906,0.47854229959619304
6,grid_0.4500,grid,0.45,808930.1437700432,structure,5.0,0.911184483342262,0.511491358553254,0.22839193700065652,0.046321541890104415,0.005841334996807446,2.0674486939827825,0.47892385415239896
6,grid_0.4898,grid,0.4898,1118622.0271335987,structure,5.0,0.911184483342262,0.5096138703763173,0.22831337830861376,0.04624437628961704,0.005882622425075146,2.0660497153806223,0.479293614967191
6,grid_0.5000,grid,0.5,1225822.2222180285,structure,5.0,0.911184483342262,0.5091125878915399,0.2282886169747668,0.046224945249672404,0.005890747390579376,2.0658057988531087,0.47939122740268475
6,grid_0.5500,grid,0.55,1871605.0410051066,structure,5.0,0.911184483342262,0.5065887554365057,0.22815930126020298,0.04613266828116812,0.005923998470375946,2.065147509340565,0.4798787965194817
6,grid_0.5971,grid,0.5971,2695601.035127913,structure,5.0,0.911184483342262,0.5041049748566073,0.2280035334430924,0.04604872546850513,0.005936885794030233,2.0652125689004226,0.4803228604924534
6,grid_0.6049,grid,0.6049,2855500.0267469506,structure,5.0,0.911184483342262,0.503683192092526,0.2279724159010123,0.046034980812029946,0.005936441599714182,2.0652792511172873,0.48039260477518914
6,grid_0.6500,grid,0.65,3929567.621157142,structure,5.0,0.911184483342262,0.5011421784186489,0.22775164418249383,0.04595533494907571,0.005915476478753567,2.0660164414452806,0.48077881615563506
6,grid_0.7139,grid,0.7139,,structure,5.0,0.911184483342262,0.497691571815645,0.2274633871275538,0.04585326040792678,0.005886332075612621,2.0674274909368666,0.4813231688230358
6,grid_0.7892,grid,0.7892,,structure,5.0,0.911184483342262,0.4933664048552921,0.22697234423359028,0.04573440114227673,0.005782043904614675,2.0700888402550355,0.4818565499138822
6,grid_0.8000,grid,0.8,,structure,5.0,0.911184483342262,0.49272386622759035,0.22688580022308855,0.04571741867721851,0.005759747665652737,2.070551753210402,0.48191914309061074
6,grid_0.8904,grid,0.8904,,structure,5.0,0.911184483342262,0.48752594680391076,0.2262157710038792,0.04558533130609477,0.005588243744784754,2.074748739984651,0.48234419333239414
6,grid_0.9500,grid,0.95,,structure,5.0,0.911184483342262,0.4837374662373126,0.2255995166720658,0.04549404644645433,0.005401095476215367,2.0784181071937042,0.48245575101356164
6,grid_1.0112,grid,1.0112,,structure,5.0,0.911184483342262,0.4792524107029165,0.22469957672701762,0.045388979277410584,0.005100920503890299,2.0832933865670307,0.482361156922239
