site,level,source,iml,rtp,T1_kind,storeys,T1,ln_saratio_mean,ln_saratio_sigma,var_within,var_between,ln_rsd595_mean,ln_rsd595_sigma
26,rtp475,rtp,0.02233688765396187,475.0,grid,,0.15,0.18236616236133843,0.2274992766162299,0.049744031352477354,0.0020118895084305366,2.5412707730027373,0.5417026010863322
26,rtp2500,rtp,0.052045454201970515,2500.0,grid,,0.15,0.14355209125225052,0.22389977883627363,0.04866402231014786,0.0014670886527843804,2.3921523279780708,0.5242997560128784
26,rtp5000,rtp,0.06947845061835717,5000.0,grid,,0.15,0.12952007775233704,0.2233745648114086,0.04845387467774861,0.0014423215269375837,2.3445421418656682,0.5247444781481421
26,rtp10000,rtp,0.09064405095511868,10000.0,grid,,0.15,0.11662973247774547,0.22313230430001427,0.04833692526789824,0.0014510999543359288,2.299894641777599,0.5270990536098217
26,grid_0.1645,grid,0.1645,58012.50658495081,grid,,0.15,0.08822486573472602,0.22296876530094498,0.04828970531005131,0.0014253649897765742,2.1916800777119425,0.5335732774528571
26,grid_0.2109,grid,0.2109,134207.26849614628,grid,,0.15,0.07629896826031246,0.2228400468372784,0.048314961709385706,0.0013427247650547253,2.14355339429601,0.5342859690121994
26,grid_0.2423,grid,0.2423,216569.70915289148,grid,,0.15,0.06945393950524817,0.22271455293302425,0.048327608914383396,0.0012741631737734592,2.1166420050047297,0.5337640323781624
26,grid_0.2700,grid,0.27,327633.12501194235,grid,,0.15,0.06397598732989639,0.22258260737588678,0.04833190172530534,0.0012111153809428342,2.095963254327332,0.5328823254492111
26,grid_0.2850,grid,0.285,402893.9625313691,grid,,0.15,0.0611863010818162,0.22250895124600056,0.04833323780396209,0.001176995580632961,2.0857499641360824,0.5322891380539223
26,grid_0.3100,grid,0.31,555710.52112422,grid,,0.15,0.05677387599572285,0.22237956394135444,0.048331626660013845,0.0011210437987331109,2.0701087327945187,0.5311804542654136
26,grid_0.3300,grid,0.33,705816.5067182615,grid,,0.15,0.0534271612696906,0.2222728779607182,0.048327580837276014,0.0010776514396643073,2.0587017051758396,0.5302126223236022
26,grid_0.3434,grid,0.3434,822689.7267557766,grid,,0.15,0.051260927065696064,0.22220124013902445,0.048323689883688056,0.0010497012356323623,2.0515757473626866,0.5295441404298534
26,grid_0.3600,grid,0.36,991758.3943167739,grid,,0.15,0.0486689591288962,0.22211108109919672,0.04831748038845124,0.0010158519586027075,2.0432074796819197,0.5286946767871968
26,grid_0.3649,grid,0.3649,1046287.5481974519,grid,,0.15,0.047916905968904175,0.2220845598703778,0.04831535833413955,0.0010061933986798728,2.0408512667639456,0.5284418849800627
26,grid_0.4000,grid,0.4,1505092.7916595435,grid,,0.15,0.04275180420972319,0.2218927821011225,0.0482970912206364,0.0009393155279398416,2.0250434708111738,0.5265904251393198
26,grid_0.4500,grid,0.45,2399274.8892340166,grid,,0.15,0.035968423102389305,0.22163483875793719,0.04826937887144834,0.0008526228798084704,2.0053325065907623,0.5239923220963815
26,grid_0.4898,grid,0.4898,3355867.254800157,grid,,0.15,0.030938360418180877,0.2214375942291623,0.048242356537286896,0.0007922516007122336,1.9918634245739133,0.5220409351754646
26,grid_0.5000,grid,0.5,3677467.8876924147,grid,,0.15,0.02969288503129932,0.22138752798286943,0.048234466792364886,0.0007779707540009134,1.9886997023694335,0.5215600948391594
26,grid_0.5500,grid,0.55,5614816.52972846,grid,,0.15,0.02386549768617768,0.22114868537768043,0.04819432205033572,0.0007124189939405666,1.9743475441644218,0.5192635902052011
26,grid_0.5971,grid,0.5971,8086804.56325916,grid,,0.15,0.018740010942559424,0.22092713270796574,0.04815160240746424,0.0006571955590988624,1.962455699464237,0.5172215938439984
26,grid_0.6049,grid,0.6049,8566501.529528376,grid,,0.15,0.017911942268627516,0.22089085097706185,0.04814368767664327,0.0006490803687272716,1.9606927141276465,0.5169177681360984
26,grid_0.6500,grid,0.65,11788704.133040529,grid,,0.15,0.013353811526492659,0.22070412430506206,0.0481071236430922,0.0006031868421720773,1.9506153538428408,0.5151199276416888
26,grid_0.7139,grid,0.7139,,grid,,0.15,0.007269250026847503,0.22045162449506864,0.048051591979651746,0.0005473267628630025,1.9382990354657088,0.5128976246401084
26,grid_0.7892,grid,0.7892,,grid,,0.15,0.0006100434270034904,0.22016692823466563,0.047980362148723366,0.0004931141395650444,1.9259652631040003,0.5104158449541643
26,grid_0.8000,grid,0.8,,grid,,0.15,-0.0003228652833068954,0.22012507964072095,0.04796811845154456,0.00048693223528918113,1.9245053334635813,0.5101317875602588
26,grid_0.8904,grid,0.8904,,grid,,0.15,-0.0076687882139680535,0.2197641418562748,0.047860226199868725,0.0004360518459561431,1.9128225228120612,0.5074563137543379
26,grid_0.9500,grid,0.95,,grid,,0.15,-0.012232203125045861,0.21946681743236116,0.04776167777908856,0.0004040061748007755,1.9062951682589633,0.5055622630479715
26,grid_1.0112,grid,1.0112,,grid,,0.15,-0.016573583390193703,0.21924854236732094,0.0476976254406363,0.00037229788955862896,1.899160430955127,0.5035923371851746
26,rtp475,rtp,0.02233688765396187,475.0,grid,,0.2,0.3072685168695031,0.2373269670782988,0.05352281663634578,0.0028012726662381415,2.5412707730027373,0.5417026010863322
26,rtp2500,rtp,0.052045454201970515,2500.0,grid,,0.2,0.269371718471964,0.23322766339728648,0.05209658705077796,0.0022985559229800057,2.3921523279780708,0.5242997560128784
26,rtp5000,rtp,0.06947845061835717,5000.0,grid,,0.2,0.25592695633406304,0.2327603031026128,0.05181955392854296,0.00235780477187722,2.3445421418656682,0.5247444781481421
26,rtp10000,rtp,0.09064405095511868,10000.0,grid,,0.2,0.24388195165288926,0.2326453034533326,0.051665225893268656,0.0024586113256245545,2.299894641777599,0.5270990536098217
26,grid_0.1645,grid,0.1645,58012.50658495081,grid,,0.2,0.21874871624952796,0.2327910442537197,0.05160098491337665,0.002590685371360625,2.1916800777119425,0.5335732774528571
26,grid_0.2109,grid,0.2109,134207.26849614628,grid,,0.2,0.2086884919459872,0.2326831411919106,0.051632646938516616,0.002508797256417991,2.14355339429601,0.5342859690121994
26,grid_0.2423,grid,0.2423,216569.70915289148,grid,,0.2,0.20295395754832737,0.23251966399904023,0.05164825385950723,0.002417140286719334,2.1166420050047297,0.5337640323781624
26,grid_0.2700,grid,0.27,327633.12501194235,grid,,0.2,0.19834476876076695,0.23233124705145583,0.051653017424886906,0.002324790931597695,2.095963254327332,0.5328823254492111
26,grid_0.2850,grid,0.285,402893.9625313691,grid,,0.2,0.1959925725373344,0.2322223294007006,0.0516543321424975,0.0022728781297899903,2.0857499641360824,0.5322891380539223
26,grid_0.3100,grid,0.31,555710.52112422,grid,,0.2,0.19225053033328798,0.23202778101543098,0.05165150713721302,0.0021853840257317694,2.0701087327945187,0.5311804542654136
26,grid_0.3300,grid,0.33,705816.5067182615,grid,,0.2,0.18939362455317088,0.23186446431362373,0.051645657085122476,0.0021154727263212186,2.0587017051758396,0.5302126223236022
26,grid_0.3434,grid,0.3434,822689.7267557766,grid,,0.2,0.18753334086168472,0.2317538385131347,0.05164020514076382,0.0020696365248082937,2.0515757473626866,0.5295441404298534
26,grid_0.3600,grid,0.36,991758.3943167739,grid,,0.2,0.18529870285835204,0.23161380623466835,0.05163163600993821,0.0020133192285722856,2.0432074796819197,0.5286946767871968
26,grid_0.3649,grid,0.3649,1046287.5481974519,grid,,0.2,0.18464710421960945,0.23157246256672517,0.051628731652991894,0.0019970737662254323,2.0408512667639456,0.5284418849800627
26,grid_0.4000,grid,0.4,1505092.7916595435,grid,,0.2,0.1801501988309537,0.23127118872232727,0.051603917679495626,0.0018824450535426876,2.0250434708111738,0.5265904251393198
26,grid_0.4500,grid,0.45,2399274.8892340166,grid,,0.2,0.17420192795263714,0.23086465772483988,0.05156653962835234,0.0017319505580551432,2.0053325065907623,0.5239923220963815
26,grid_0.4898,grid,0.4898,3355867.254800157,grid,,0.2,0.16972498871426533,0.23055617063661088,0.05153037672797853,0.001625771090639501,1.9918634245739133,0.5220409351754646
26,grid_0.5000,grid,0.5,3677467.8876924147,grid,,0.2,0.16860560140167669,0.23047822951503302,0.05151984534124112,0.0016003689391431222,1.9886997023694335,0.5215600948391594
26,grid_0.5500,grid,0.55,5614816.52972846,grid,,0.2,0.1633392551597544,0.23010647717431446,0.05146635836681849,0.0014826324707548182,1.9743475441644218,0.5192635902052011
26,grid_0.5971,grid,0.5971,8086804.56325916,grid,,0.2,0.1586524205471445,0.22976357850543863,0.05140959167718738,0.0013817103304374842,1.962455699464237,0.5172215938439984
26,grid_0.6049,grid,0.6049,8566501.529528376,grid,,0.2,0.15788397131723003,0.22970846806832318,0.051399084651834806,0.0013668956504610426,1.9606927141276465,0.5169177681360984
26,grid_0.6500,grid,0.65,11788704.133040529,grid,,0.2,0.15369075240920552,0.22942183166556845,0.05135063041301645,0.0012837464317679882,1.9506153538428408,0.5151199276416888
26,grid_0.7139,grid,0.7139,,grid,,0.2,0.14801495015874103,0.22904055761613495,0.05127713707192759,0.001182439961182443,1.9382990354657088,0.5128976246401084
26,grid_0.7892,grid,0.7892,,grid,,0.2,0.14169943983321845,0.22860938366922567,0.051182812335240434,0.0010794379663827854,1.9259652631040003,0.5104158449541643
26,grid_0.8000,grid,0.8,,grid,,0.2,0.14079511728254518,0.22854755842378935,0.05116660300394023,0.001067383457535185,1.9245053334635813,0.5101317875602588
26,grid_0.8904,grid,0.8904,,grid,,0.2,0.1336148150174344,0.22800094902159213,0.05102344432695966,0.0009609884277869928,1.9128225228120612,0.5074563137543379
26,grid_0.9500,grid,0.95,,grid,,0.2,0.12900980663668773,0.22754917866590338,0.05089265594976462,0.0008859727617625962,1.9062951682589633,0.5055622630479715
26,grid_1.0112,grid,1.0112,,grid,,0.2,0.12478204751684543,0.22722258597310757,0.05080819529934294,0.0008219082769633269,1.899160430955127,0.5035923371851746
26,rtp475,rtp,0.02233688765396187,475.0,grid,,0.25,0.3708680765973681,0.24556494817151092,0.05764827017303861,0.002653873597438239,2.5412707730027373,0.5417026010863322
26,rtp2500,rtp,0.052045454201970515,2500.0,grid,,0.25,0.33767527623579413,0.2412647392418911,0.05617455707715808,0.0020341173242996308,2.3921523279780708,0.5242997560128784
26,rtp5000,rtp,0.06947845061835717,5000.0,grid,,0.25,0.32599777294800164,0.24065577158925974,0.055888146405700126,0.002027053993521835,2.3445421418656682,0.5247444781481421
26,rtp10000,rtp,0.09064405095511868,10000.0,grid,,0.25,0.31555370594909665,0.24039543851146697,0.05572858586334265,0.0020613809937778393,2.299894641777599,0.5270990536098217
26,grid_0.1645,grid,0.1645,58012.50658495081,grid,,0.25,0.29370413139934476,0.24026716250530808,0.055662474003470845,0.0020658353748812808,2.1916800777119425,0.5335732774528571
26,grid_0.2109,grid,0.2109,134207.26849614628,grid,,0.25,0.28486927211735985,0.24011539325452325,0.05569555672573863,0.0019598453520357217,2.14355339429601,0.5342859690121994
26,grid_0.2423,grid,0.2423,216569.70915289148,grid,,0.25,0.2797967018831705,0.23995327920400744,0.05571194417778059,0.0018656320229757661,2.1166420050047297,0.5337640323781624
26,grid_0.2700,grid,0.27,327633.12501194235,grid,,0.25,0.2756978542616182,0.2397783627508007,0.05571709288082391,0.0017765703626306528,2.095963254327332,0.5328823254492111
26,grid_0.2850,grid,0.285,402893.9625313691,grid,,0.25,0.2736010537315579,0.23968074878747028,0.05571857012398176,0.0017282912153406826,2.0857499641360824,0.5322891380539223
26,grid_0.3100,grid,0.31,555710.52112422,grid,,0.25,0.27025717233829627,0.23950850950031138,0.05571584126894113,0.001648484854119614,2.0701087327945187,0.5311804542654136
26,grid_0.3300,grid,0.33,705816.5067182615,grid,,0.25,0.2676976099754952,0.2393652109575901,0.05570993804456688,0.001585766172204739,2.0587017051758396,0.5302126223236022
26,grid_0.3434,grid,0.3434,822689.7267557766,grid,,0.25,0.2660275712931242,0.2392687833063548,0.05570439348221586,0.0015451571826874955,2.0515757473626866,0.5295441404298534
26,grid_0.3600,grid,0.36,991758.3943167739,grid,,0.25,0.2640195786065161,0.23914666432743717,0.05569564528975098,0.0014954817691889277,2.0432074796819197,0.5286946767871968
26,grid_0.3649,grid,0.3649,1046287.5481974519,grid,,0.25,0.2634332492454924,0.23911071962500965,0.055692673934594095,0.0014812623049958867,2.0408512667639456,0.5284418849800627
26,grid_0.4000,grid,0.4,1505092.7916595435,grid,,0.25,0.25938160339391986,0.2388484384239982,0.0556672381042987,0.001381338433283752,2.0250434708111738,0.5265904251393198
26,grid_0.4500,grid,0.45,2399274.8892340166,grid,,0.25,0.2540205503068589,0.23849992195177996,0.055628875621146455,0.0012533371498586743,2.0053325065907623,0.5239923220963815
26,grid_0.4898,grid,0.4898,3355867.254800157,grid,,0.25,0.24997531972017248,0.23823605533271888,0.055591681385613684,0.0011647366748806093,1.9918634245739133,0.5220409351754646
26,grid_0.5000,grid,0.5,3677467.8876924147,grid,,0.25,0.24896201804940277,0.23816923959539538,0.055580841897374604,0.0011437447920742486,1.9886997023694335,0.5215600948391594
26,grid_0.5500,grid,0.55,5614816.52972846,grid,,0.25,0.24419051539419967,0.23785063042634735,0.05552576176653646,0.0010471606276744108,1.9743475441644218,0.5192635902052011
26,grid_0.5971,grid,0.5971,8086804.56325916,grid,,0.25,0.23993660732022792,0.2375552841628565,0.05546726094409895,0.0009652520895965591,1.962455699464237,0.5172215938439984
26,grid_0.6049,grid,0.6049,8566501.529528376,grid,,0.25,0.23923741948751462,0.23750756927600838,0.05545643000838263,0.0009534154550152954,1.9606927141276465,0.5169177681360984
26,grid_0.6500,grid,0.65,11788704.133040529,grid,,0.25,0.2354248069450344,0.23726387404304408,0.05540645739964377,0.0008876885262697129,1.9506153538428408,0.5151199276416888
26,grid_0.7139,grid,0.7139,,grid,,0.25,0.23025605919757092,0.23693767226052787,0.05533063322942871,0.0008088273068086044,1.9382990354657088,0.5128976246401084
26,grid_0.7892,grid,0.7892,,grid,,0.25,0.2244853014104984,0.23656274999174895,0.055233333207213436,0.0007286014764452814,1.9259652631040003,0.5104158449541643
26,grid_0.8000,grid,0.8,,grid,,0.25,0.22365929915724067,0.23650738324672002,0.05521661137426346,0.0007191309559474446,1.9245053334635813,0.5101317875602588
26,grid_0.8904,grid,0.8904,,grid,,0.25,0.21706979544315885,0.2360157769994265,0.05506901896525092,0.0006344280273920949,1.9128225228120612,0.5074563137543379
26,grid_0.9500,grid,0.95,,grid,,0.25,0.21282929310450888,0.23559993302716145,0.05493418789634808,0.0005731405460548747,1.9062951682589633,0.5055622630479715
26,grid_1.0112,grid,1.0112,,grid,,0.25,0.2089737572807342,0.2353141424179259,0.05484695886831811,0.0005257867535658003,1.899160430955127,0.5035923371851746
26,rtp475,rtp,0.02233688765396187,475.0,grid,,0.3,0.38972971824824865,0.23883399996192337,0.054218080402194814,0.002823599135617194,2.5412707730027373,0.5417026010863322
26,rtp2500,rtp,0.052045454201970515,2500.0,grid,,0.3,0.3530291682396971,0.23561066268527356,0.052819488670578826,0.002692895700414935,2.3921523279780708,0.5242997560128784
26,rtp5000,rtp,0.06947845061835717,5000.0,grid,,0.3,0.3406648982365774,0.23536271376632684,0.052547611196048734,0.002847995835401157,2.3445421418656682,0.5247444781481421
26,rtp10000,rtp,0.09064405095511868,10000.0,grid,,0.3,0.3299318521177614,0.2354271008110454,0.052396093289094024,0.0030298265072001146,2.299894641777599,0.5270990536098217
26,grid_0.1645,grid,0.1645,58012.50658495081,grid,,0.3,0.30882919498935596,0.23583512319224503,0.05233317754659678,0.00328502778450461,2.1916800777119425,0.5335732774528571
26,grid_0.2109,grid,0.2109,134207.26849614628,grid,,0.3,0.30080389477547453,0.23573524888798028,0.05236457938484432,0.003206528183433685,2.14355339429601,0.5342859690121994
26,grid_0.2423,grid,0.2423,216569.70915289148,grid,,0.3,0.29625393647884696,0.23554292363670803,0.05238016518196132,0.0031003036933667516,2.1166420050047297,0.5337640323781624
26,grid_0.2700,grid,0.27,327633.12501194235,grid,,0.3,0.29257275435139923,0.23531563479995102,0.052385092962773584,0.002988355018530328,2.095963254327332,0.5328823254492111
26,grid_0.2850,grid,0.285,402893.9625313691,grid,,0.3,0.2906865931511987,0.23518326374862622,0.052386523475016905,0.0029246440724389755,2.0857499641360824,0.5322891380539223
26,grid_0.3100,grid,0.31,555710.52112422,grid,,0.3,0.28766408615452066,0.2349467510135263,0.05238398570138622,0.0028159901104257007,2.0701087327945187,0.5311804542654136
26,grid_0.3300,grid,0.33,705816.5067182615,grid,,0.3,0.2853371718390107,0.23474792789748125,0.05237842532233306,0.0027281643298279895,2.0587017051758396,0.5302126223236022
26,grid_0.3434,grid,0.3434,822689.7267557766,grid,,0.3,0.2838107881419872,0.23461331912234018,0.052373191027113755,0.0026702184824872743,2.0515757473626866,0.5295441404298534
26,grid_0.3600,grid,0.36,991758.3943167739,grid,,0.3,0.28196916322808857,0.23444289322564943,0.05236492336651993,0.00259854681749333,2.0432074796819197,0.5286946767871968
26,grid_0.3649,grid,0.3649,1046287.5481974519,grid,,0.3,0.2814289098882763,0.23439270157982925,0.05236211345346363,0.0025778251004272557,2.0408512667639456,0.5284418849800627
26,grid_0.4000,grid,0.4,1505092.7916595435,grid,,0.3,0.27767987012007866,0.23402659452061414,0.052338045806523445,0.0024304011363924932,2.0250434708111738,0.5265904251393198
26,grid_0.4500,grid,0.45,2399274.8892340166,grid,,0.3,0.27267943684312385,0.23353536247614767,0.05230175649776525,0.0022370090291004285,2.0053325065907623,0.5239923220963815
26,grid_0.4898,grid,0.4898,3355867.254800157,grid,,0.3,0.2688555998850911,0.233166877213983,0.05226654755820502,0.0021002450715155996,1.9918634245739133,0.5220409351754646
26,grid_0.5000,grid,0.5,3677467.8876924147,grid,,0.3,0.2678899451881726,0.2330745075148337,0.05225628405557435,0.0020674419977079195,1.9886997023694335,0.5215600948391594
26,grid_0.5500,grid,0.55,5614816.52972846,grid,,0.3,0.2633205604362613,0.23263515668586482,0.05220412129812847,0.0019149948281284024,1.9743475441644218,0.5192635902052011
26,grid_0.5971,grid,0.5971,8086804.56325916,grid,,0.3,0.25920780350510303,0.23223355555361352,0.05214870458609094,0.0017837197389823645,1.962455699464237,0.5172215938439984
26,grid_0.6049,grid,0.6049,8566501.529528376,grid,,0.3,0.2585241803596808,0.2321701348454389,0.0521384436674365,0.001764527846712785,1.9606927141276465,0.5169177681360984
26,grid_0.6500,grid,0.65,11788704.133040529,grid,,0.3,0.25481792609301984,0.23183706421177389,0.05209109284283812,0.0016573314994960536,1.9506153538428408,0.5151199276416888
26,grid_0.7139,grid,0.7139,,grid,,0.3,0.24973644362023154,0.23140117550175607,0.052019237465831196,0.001527266557763321,1.9382990354657088,0.5128976246401084
26,grid_0.7892,grid,0.7892,,grid,,0.3,0.24399610928461604,0.23091133088125376,0.05192703566727698,0.0013930070620748816,1.9259652631040003,0.5104158449541643
26,grid_0.8000,grid,0.8,,grid,,0.3,0.2431600990176409,0.23084267051173518,0.05191118960971629,0.0013771489192732425,1.9245053334635813,0.5101317875602588
26,grid_0.8904,grid,0.8904,,grid,,0.3,0.23647579757955925,0.23022728912403514,0.0517713579399407,0.0012332467174613684,1.9128225228120612,0.5074563137543379
26,grid_0.9500,grid,0.95,,grid,,0.3,0.23209513676807175,0.2297195078530803,0.051643619256849196,0.0011274330314122172,1.9062951682589633,0.5055622630479715
26,grid_1.0112,grid,1.0112,,grid,,0.3,0.22816815289922232,0.22935697088685592,0.051560926269932944,0.0010436938244611296,1.899160430955127,0.5035923371851746
26,rtp475,rtp,0.02233688765396187,475.0,grid,,0.35,0.39836705680438766,0.2328151783506973,0.051850335758092926,0.0023525715123740576,2.5412707730027373,0.5417026010863322
26,rtp2500,rtp,0.052045454201970515,2500.0,grid,,0.35,0.36185422925208705,0.2295959209263684,0.05049198123913081,0.002222305666896407,2.3921523279780708,0.5242997560128784
26,rtp5000,rtp,0.06947845061835717,5000.0,grid,,0.35,0.34964549481872864,0.22925585602100745,0.050227902921916735,0.002330344598008169,2.3445421418656682,0.5247444781481421
26,rtp10000,rtp,0.09064405095511868,10000.0,grid,,0.35,0.338998974743569,0.22921550516477654,0.050080710987035336,0.002459036820908367,2.299894641777599,0.5270990536098217
26,grid_0.1645,grid,0.1645,58012.50658495081,grid,,0.35,0.31769956004355293,0.2294330213693808,0.05001953372909371,0.0026199775655890295,2.1916800777119425,0.5335732774528571
26,grid_0.2109,grid,0.2109,134207.26849614628,grid,,0.35,0.3094280658592656,0.22932216797365998,0.05005002760245707,0.0025386291216824564,2.14355339429601,0.5342859690121994
26,grid_0.2423,grid,0.2423,216569.70915289148,grid,,0.35,0.30471608354852714,0.2291487787950254,0.050065173191207436,0.0024439896320440496,2.1166420050047297,0.5337640323781624
26,grid_0.2700,grid,0.27,327633.12501194235,grid,,0.35,0.30090166490247366,0.22894782514859327,0.05006997102540949,0.0023471356148613426,2.095963254327332,0.5328823254492111
26,grid_0.2850,grid,0.285,402893.9625313691,grid,,0.35,0.2989495987906802,0.22883343673643664,0.050071369190676146,0.0022933725779326064,2.0857499641360824,0.5322891380539223
26,grid_0.3100,grid,0.31,555710.52112422,grid,,0.35,0.2958249101547216,0.22862945326904285,0.050068920922879644,0.0022025059792218082,2.0701087327945187,0.5311804542654136
26,grid_0.3300,grid,0.33,705816.5067182615,grid,,0.35,0.293422813645145,0.2284579908074493,0.05006353403580157,0.002129519527975021,2.0587017051758396,0.5302126223236022
26,grid_0.3434,grid,0.3434,822689.7267557766,grid,,0.35,0.29184956620873476,0.22834211629653986,0.05005845932210736,0.00208166275267517,2.0515757473626866,0.5295441404298534
26,grid_0.3600,grid,0.36,991758.3943167739,grid,,0.35,0.28995256640328615,0.22819484561894932,0.05005044086906423,0.0020224466979918837,2.0432074796819197,0.5286946767871968
26,grid_0.3649,grid,0.3649,1046287.5481974519,grid,,0.35,0.2893968564806493,0.22815152534169658,0.050047715087016456,0.002005403428726363,2.0408512667639456,0.5284418849800627
26,grid_0.4000,grid,0.4,1505092.7916595435,grid,,0.35,0.28554237238610797,0.22783401210730556,0.05002436363257831,0.0018839734403335445,2.0250434708111738,0.5265904251393198
26,grid_0.4500,grid,0.45,2399274.8892340166,grid,,0.35,0.28042063906510534,0.22741510814348745,0.04998915878486412,0.0017284726270499762,2.0053325065907623,0.5239923220963815
26,grid_0.4898,grid,0.4898,3355867.254800157,grid,,0.35,0.27651780859371594,0.22710131377013143,0.04995499394146101,0.0016200127746586745,1.9918634245739133,0.5220409351754646
26,grid_0.5000,grid,0.5,3677467.8876924147,grid,,0.35,0.27553375327367746,0.22702237263826333,0.04994503394213753,0.001594123736168962,1.9886997023694335,0.5215600948391594
26,grid_0.5500,grid,0.55,5614816.52972846,grid,,0.35,0.27088099180422054,0.22664659981282337,0.04989441057645967,0.0014742706302544317,1.9743475441644218,0.5192635902052011
26,grid_0.5971,grid,0.5971,8086804.56325916,grid,,0.35,0.2666972609962743,0.22630075866134952,0.049840624519748716,0.0013714088509536454,1.962455699464237,0.5172215938439984
26,grid_0.6049,grid,0.6049,8566501.529528376,grid,,0.35,0.2660034265769746,0.2262457131573624,0.04983066520871086,0.0013564575133726414,1.9606927141276465,0.5169177681360984
26,grid_0.6500,grid,0.65,11788704.133040529,grid,,0.35,0.2622402067374617,0.22596279500757752,0.049784703500233105,0.0012744812274033956,1.9506153538428408,0.5151199276416888
26,grid_0.7139,grid,0.7139,,grid,,0.35,0.2570937617886721,0.2255890244133886,0.049714953061267046,0.0011754548745173954,1.9382990354657088,0.5128976246401084
26,grid_0.7892,grid,0.7892,,grid,,0.35,0.25128105834096365,0.22516084236301653,0.04962545398313438,0.0010719509504888008,1.9259652631040003,0.5104158449541643
26,grid_0.8000,grid,0.8,,grid,,0.35,0.2504382725735409,0.22509880603182958,0.049610072292410885,0.001059400184544354,1.9245053334635813,0.5101317875602588
26,grid_0.8904,grid,0.8904,,grid,,0.35,0.24366222114297525,0.22453550377488488,0.049474348548930056,0.0009418439065112805,1.9128225228120612,0.5074563137543379
26,grid_0.9500,grid,0.95,,grid,,0.35,0.2391960755423161,0.22405435762484877,0.04935036341200536,0.0008499917586782604,1.9062951682589633,0.5055622630479715
26,grid_1.0112,grid,1.0112,,grid,,0.35,0.23522289725016055,0.22373420342976513,0.049270083072864464,0.0007869107114870655,1.899160430955127,0.5035923371851746
26,rtp475,rtp,0.02233688765396187,475.0,grid,,0.4,0.40607416207796454,0.23398612012617057,0.05222211686375091,0.002527387547947818,2.5412707730027373,0.5417026010863322
26,rtp2500,rtp,0.052045454201970515,2500.0,grid,,0.4,0.3641216813093812,0.23209632133486202,0.0509771866742898,0.002891515702885733,2.3921523279780708,0.5242997560128784
26,rtp5000,rtp,0.06947845061835717,5000.0,grid,,0.4,0.350402467533645,0.23220080039334598,0.05073495972310198,0.0031822519802085225,2.3445421418656682,0.5247444781481421
26,rtp10000,rtp,0.09064405095511868,10000.0,grid,,0.4,0.33870391539725886,0.23256377945075296,0.0505999512117178,0.003485960300700669,2.299894641777599,0.5270990536098217
26,grid_0.1645,grid,0.1645,58012.50658495081,grid,,0.4,0.3166965747620496,0.23356256540490208,0.05054431329196909,0.004007158666550076,2.1916800777119425,0.5335732774528571
26,grid_0.2109,grid,0.2109,134207.26849614628,grid,,0.4,0.3088615037656274,0.23364846634484776,0.050572778624372455,0.004018827200927,2.14355339429601,0.5342859690121994
26,grid_0.2423,grid,0.2423,216569.70915289148,grid,,0.4,0.3045534797665352,0.23353313676992338,0.05058701920008798,0.003950706769511758,2.1166420050047297,0.5337640323781624
26,grid_0.2700,grid,0.27,327633.12501194235,grid,,0.4,0.3011152803929747,0.23334980378617215,0.05059172501774115,0.0038604059093038934,2.095963254327332,0.5328823254492111
26,grid_0.2850,grid,0.285,402893.9625313691,grid,,0.4,0.29937067232763415,0.23323443087013174,0.050593166157708494,0.0038051335856057605,2.0857499641360824,0.5322891380539223
26,grid_0.3100,grid,0.31,555710.52112422,grid,,0.4,0.29658438261682313,0.233017684421603,0.0505911762732789,0.003706064979926871,2.0701087327945187,0.5311804542654136
26,grid_0.3300,grid,0.33,705816.5067182615,grid,,0.4,0.2944465623480728,0.23282816464306047,0.050586427272883816,0.0036225269781722524,2.0587017051758396,0.5302126223236022
26,grid_0.3434,grid,0.3434,822689.7267557766,grid,,0.4,0.2930472434133799,0.23269670708424434,0.050581893988364025,0.0035658634994865795,2.0515757473626866,0.5295441404298534
26,grid_0.3600,grid,0.36,991758.3943167739,grid,,0.4,0.2913581406933504,0.2325281627510908,0.05057468524736119,0.0034946612250365827,2.0432074796819197,0.5286946767871968
26,grid_0.3649,grid,0.3649,1046287.5481974519,grid,,0.4,0.290863044664185,0.23247791177768748,0.05057222615987019,0.003473753304644056,2.0408512667639456,0.5284418849800627
26,grid_0.4000,grid,0.4,1505092.7916595435,grid,,0.4,0.287425384156551,0.23210649362961383,0.05055109256323879,0.0033223318217951714,2.0250434708111738,0.5265904251393198
26,grid_0.4500,grid,0.45,2399274.8892340166,grid,,0.4,0.2828453261325652,0.23159985961244198,0.050519160497412556,0.003119334475090274,2.0053325065907623,0.5239923220963815
26,grid_0.4898,grid,0.4898,3355867.254800157,grid,,0.4,0.27933100047034337,0.23121274541417694,0.050488066289408176,0.00297126735255282,1.9918634245739133,0.5220409351754646
26,grid_0.5000,grid,0.5,3677467.8876924147,grid,,0.4,0.27844070112743696,0.2311146682098524,0.050478991178278566,0.002934998683471593,1.9886997023694335,0.5215600948391594
26,grid_0.5500,grid,0.55,5614816.52972846,grid,,0.4,0.274221850080626,0.2306447333134666,0.05043282781923715,0.002764165186002976,1.9743475441644218,0.5192635902052011
26,grid_0.5971,grid,0.5971,8086804.56325916,grid,,0.4,0.27040445651075945,0.23021097053173942,0.0503837230626379,0.0026133678905274904,1.962455699464237,0.5172215938439984
26,grid_0.6049,grid,0.6049,8566501.529528376,grid,,0.4,0.2697660624710425,0.2301420147075078,0.050374626677669954,0.002590720255960785,1.9606927141276465,0.5169177681360984
26,grid_0.6500,grid,0.65,11788704.133040529,grid,,0.4,0.2663336853645407,0.22977773157169004,0.05033261476495032,0.002465191161281313,1.9506153538428408,0.5151199276416888
26,grid_0.7139,grid,0.7139,,grid,,0.4,0.2615968502502158,0.22929965313153447,0.05026882164915585,0.0023095092770861747,1.9382990354657088,0.5128976246401084
26,grid_0.7892,grid,0.7892,,grid,,0.4,0.2562036403120499,0.22875660967316916,0.05018698791302636,0.002142598556136313,1.9259652631040003,0.5104158449541643
26,grid_0.8000,grid,0.8,,grid,,0.4,0.2554054860349907,0.2286815974468491,0.05017292203075859,0.002122350980084148,1.9245053334635813,0.5101317875602588
26,grid_0.8904,grid,0.8904,,grid,,0.4,0.2490061177470538,0.22799395659241672,0.05004893099327676,0.001932313249388043,1.9128225228120612,0.5074563137543379
26,grid_0.9500,grid,0.95,,grid,,0.4,0.24471247911606317,0.2274223061220762,0.04993567433327585,0.0017852309886074863,1.9062951682589633,0.5055622630479715
26,grid_1.0112,grid,1.0112,,grid,,0.4,0.24095412421840126,0.22701239647188493,0.04986213245029646,0.0016724957016118064,1.899160430955127,0.5035923371851746
26,rtp475,rtp,0.02233688765396187,475.0,grid,,0.45,0.4056342784922191,0.23615141961432248,0.05208376082380554,0.0036837321620542818,2.5412707730027373,0.5417026010863322
26,rtp2500,rtp,0.052045454201970515,2500.0,grid,,0.45,0.36608485111364697,0.2348422276756534,0.05090880187083725,0.004242070028826178,2.3921523279780708,0.5242997560128784
26,rtp5000,rtp,0.06947845061835717,5000.0,grid,,0.45,0.35334836221562504,0.23526730135461932,0.05068011876815312,0.004670584318532137,2.3445421418656682,0.5247444781481421
26,rtp10000,rtp,0.09064405095511868,10000.0,grid,,0.45,0.3427913516228539,0.23594679163742358,0.05055261366996424,0.00511827481402953,2.299894641777599,0.5270990536098217
26,grid_0.1645,grid,0.1645,58012.50658495081,grid,,0.45,0.3244909173043371,0.23750641832439334,0.05049998579731627,0.005909312947965456,2.1916800777119425,0.5335732774528571
26,grid_0.2109,grid,0.2109,134207.26849614628,grid,,0.45,0.31864641129267895,0.23765145030516746,0.05052689256389235,0.005951319268257121,2.14355339429601,0.5342859690121994
26,grid_0.2423,grid,0.2423,216569.70915289148,grid,,0.45,0.31551867043303056,0.23750447378558534,0.050540386818682635,0.005867988249485159,2.1166420050047297,0.5337640323781624
26,grid_0.2700,grid,0.27,327633.12501194235,grid,,0.45,0.3130128614506275,0.23726327860987714,0.05054488526248352,0.005748978114224659,2.095963254327332,0.5328823254492111
26,grid_0.2850,grid,0.285,402893.9625313691,grid,,0.45,0.31173825759032914,0.23710935237491126,0.050546280962427394,0.005674564021222447,2.0857499641360824,0.5322891380539223
26,grid_0.3100,grid,0.31,555710.52112422,grid,,0.45,0.3096791436002519,0.2368203368573708,0.050544465016385175,0.005539406932853402,2.0701087327945187,0.5311804542654136
26,grid_0.3300,grid,0.33,705816.5067182615,grid,,0.45,0.3080780832649077,0.2365677307417246,0.05054003183789638,0.005424259390392733,2.0587017051758396,0.5302126223236022
26,grid_0.3434,grid,0.3434,822689.7267557766,grid,,0.45,0.30701755645617274,0.2363923800396158,0.0505357851344459,0.005345572206348251,2.0515757473626866,0.5295441404298534
26,grid_0.3600,grid,0.36,991758.3943167739,grid,,0.45,0.30572700236593986,0.23616818846058518,0.05052902084775508,0.005246392392999399,2.0432074796819197,0.5286946767871968
26,grid_0.3649,grid,0.3649,1046287.5481974519,grid,,0.45,0.30534495556721997,0.23610134994061927,0.05052671120979234,0.0052171362339904215,2.0408512667639456,0.5284418849800627
26,grid_0.4000,grid,0.4,1505092.7916595435,grid,,0.45,0.30266746701758884,0.2356086012485419,0.05050684517030924,0.005004567811985189,2.0250434708111738,0.5265904251393198
26,grid_0.4500,grid,0.45,2399274.8892340166,grid,,0.45,0.2990452861774598,0.2349342663474287,0.05047683130559382,0.004717278198610744,2.0053325065907623,0.5239923220963815
26,grid_0.4898,grid,0.4898,3355867.254800157,grid,,0.45,0.29619106811685014,0.23442093049294047,0.05044757599843683,0.004505596654739194,1.9918634245739133,0.5220409351754646
26,grid_0.5000,grid,0.5,3677467.8876924147,grid,,0.45,0.29545628679401414,0.23429143750503695,0.050439034623622536,0.0044534430645540996,1.9886997023694335,0.5215600948391594
26,grid_0.5500,grid,0.55,5614816.52972846,grid,,0.45,0.2919437840664327,0.23367178247963666,0.05039557546669102,0.004206926460519608,1.9743475441644218,0.5192635902052011
26,grid_0.5971,grid,0.5971,8086804.56325916,grid,,0.45,0.28870885271253427,0.23310376692250048,0.050349330720462,0.0039880354329974305,1.962455699464237,0.5172215938439984
26,grid_0.6049,grid,0.6049,8566501.529528376,grid,,0.45,0.288156703260702,0.2330143466539005,0.05034076301891179,0.003954922727632315,1.9606927141276465,0.5169177681360984
26,grid_0.6500,grid,0.65,11788704.133040529,grid,,0.45,0.28522612083772125,0.23253445831366423,0.05030118349579002,0.0037710908074392313,1.9506153538428408,0.5151199276416888
26,grid_0.7139,grid,0.7139,,grid,,0.45,0.28110074795782625,0.23191172432705737,0.05024107328487709,0.0035419745954719667,1.9382990354657088,0.5128976246401084
26,grid_0.7892,grid,0.7892,,grid,,0.45,0.2763103222429309,0.23121081943648772,0.05016397004231608,0.0032944729821760416,1.9259652631040003,0.5104158449541643
26,grid_0.8000,grid,0.8,,grid,,0.45,0.2755803976677152,0.23111707807156362,0.05015071680278507,0.0032643869735521636,1.9245053334635813,0.5101317875602588
26,grid_0.8904,grid,0.8904,,grid,,0.45,0.2697107708197665,0.23025130443775343,0.05003392433890202,0.0029817388563850022,1.9128225228120612,0.5074563137543379
26,grid_0.9500,grid,0.95,,grid,,0.45,0.26566081473003955,0.22954420652891894,0.04992724608420888,0.002763296666782114,1.9062951682589633,0.5055622630479715
26,grid_1.0112,grid,1.0112,,grid,,0.45,0.2622132949792095,0.22902090107007153,0.04985791614636038,0.0025926569805871102,1.899160430955127,0.5035923371851746
26,rtp475,rtp,0.02233688765396187,475.0,grid,,0.5,0.41205216835640723,0.23580366736503405,0.05121903177658038,0.004384337766219243,2.5412707730027373,0.5417026010863322
26,rtp2500,rtp,0.052045454201970515,2500.0,grid,,0.5,0.3749199153491861,0.23538741423011386,0.05010027794573335,0.005306956832205861,2.3921523279780708,0.5242997560128784
26,rtp5000,rtp,0.06947845061835717,5000.0,grid,,0.5,0.36339373823303306,0.23616321006982813,0.04988253041188767,0.005890531378598102,2.3445421418656682,0.5247444781481421
26,rtp10000,rtp,0.09064405095511868,10000.0,grid,,0.5,0.35421500878763795,0.23717203941160073,0.04976106354899206,0.006489512729665831,2.299894641777599,0.5270990536098217
26,grid_0.1645,grid,0.1645,58012.50658495081,grid,,0.5,0.34007931046194506,0.23930561043160994,0.0497106215050387,0.007556553679006761,2.1916800777119425,0.5335732774528571
26,grid_0.2109,grid,0.2109,134207.26849614628,grid,,0.5,0.3363525754249029,0.2395166053993992,0.04973607246183383,0.007632131800217684,2.14355339429601,0.5342859690121994
26,grid_0.2423,grid,0.2423,216569.70915289148,grid,,0.5,0.3344603996148515,0.2393429147224164,0.04974883605919721,0.007536194768624674,2.1166420050047297,0.5337640323781624
26,grid_0.2700,grid,0.27,327633.12501194235,grid,,0.5,0.33292479187987234,0.2390483727156743,0.049753059803961185,0.00739106469405075,2.095963254327332,0.5328823254492111
26,grid_0.2850,grid,0.285,402893.9625313691,grid,,0.5,0.33213635307275574,0.23885821982172575,0.04975436552330104,0.007298883653102814,2.0857499641360824,0.5322891380539223
26,grid_0.3100,grid,0.31,555710.52112422,grid,,0.5,0.3308282525432898,0.23850075452597602,0.04975260656433314,0.007130003345126729,2.0701087327945187,0.5311804542654136
26,grid_0.3300,grid,0.33,705816.5067182615,grid,,0.5,0.3297804796221571,0.23818810322357825,0.04974836700921145,0.006985205508034512,2.0587017051758396,0.5302126223236022
26,grid_0.3434,grid,0.3434,822689.7267557766,grid,,0.5,0.3290685781855785,0.2379709445892584,0.04974431341096591,0.00688585705773799,2.0515757473626866,0.5295441404298534
26,grid_0.3600,grid,0.36,991758.3943167739,grid,,0.5,0.32818843472440085,0.23769353319486347,0.049737862549659825,0.006760353172997835,2.0432074796819197,0.5286946767871968
26,grid_0.3649,grid,0.3649,1046287.5481974519,grid,,0.5,0.32792266669020687,0.23761087741843304,0.04973566091920028,0.006723268148357331,2.0408512667639456,0.5284418849800627
26,grid_0.4000,grid,0.4,1505092.7916595435,grid,,0.5,0.32602721968286197,0.23700200919330763,0.04971673164049886,0.006453220721165817,2.0250434708111738,0.5265904251393198
26,grid_0.4500,grid,0.45,2399274.8892340166,grid,,0.5,0.32338838502551587,0.2361662412429724,0.049688167441248626,0.006086326061585212,2.0053325065907623,0.5239923220963815
26,grid_0.4898,grid,0.4898,3355867.254800157,grid,,0.5,0.3212122856283287,0.23553194049150994,0.04966033400492904,0.005814960986767148,1.9918634245739133,0.5220409351754646
26,grid_0.5000,grid,0.5,3677467.8876924147,grid,,0.5,0.320637610565412,0.2353725082154574,0.04965220843268538,0.005748009190950185,1.9886997023694335,0.5215600948391594
26,grid_0.5500,grid,0.55,5614816.52972846,grid,,0.5,0.31785199452216706,0.23461016521169112,0.04961086736705074,0.005431062253606261,1.9743475441644218,0.5192635902052011
26,grid_0.5971,grid,0.5971,8086804.56325916,grid,,0.5,0.3152191003622231,0.233914690451623,0.04956688021558403,0.005149202193494573,1.962455699464237,0.5172215938439984
26,grid_0.6049,grid,0.6049,8566501.529528376,grid,,0.5,0.31475672548010175,0.2338061207829505,0.049558731028670824,0.00510657108690081,1.9606927141276465,0.5169177681360984
26,grid_0.6500,grid,0.65,11788704.133040529,grid,,0.5,0.31233948460659094,0.23321712586288978,0.04952108700446777,0.004869140791279203,1.9506153538428408,0.5151199276416888
26,grid_0.7139,grid,0.7139,,grid,,0.5,0.3088438017044799,0.2324591433638637,0.04946391866601563,0.004573334667445708,1.9382990354657088,0.5128976246401084
26,grid_0.7892,grid,0.7892,,grid,,0.5,0.3046784963116865,0.2316126690804527,0.049390587561118256,0.004253840917453025,1.9259652631040003,0.5104158449541643
26,grid_0.8000,grid,0.8,,grid,,0.5,0.3040225528030534,0.23150191643024814,0.04937798281700345,0.004215154493874149,1.9245053334635813,0.5101317875602588
26,grid_0.8904,grid,0.8904,,grid,,0.5,0.29872466382182855,0.23047485161674194,0.04926689718308172,0.0038517600446774936,1.9128225228120612,0.5074563137543379
26,grid_0.9500,grid,0.95,,grid,,0.5,0.2949630799009513,0.22964578291509674,0.049165430868180766,0.003571754742506969,1.9062951682589633,0.5055622630479715
26,grid_1.0112,grid,1.0112,,grid,,0.5,0.29184446755575305,0.2290194680785226,0.049099501745171206,0.003350415013798236,1.899160430955127,0.5035923371851746
26,rtp475,rtp,0.02233688765396187,475.0,grid,,0.55,0.4211319758253447,0.2356536540952615,0.05160870938024824,0.0039239353082009265,2.5412707730027373,0.5417026010863322
26,rtp2500,rtp,0.052045454201970515,2500.0,grid,,0.55,0.3901032035331824,0.2346655803763517,0.05054675610638266,0.004521178506987328,2.3921523279780708,0.5242997560128784
26,rtp5000,rtp,0.06947845061835717,5000.0,grid,,0.55,0.380656545436897,0.2351712445186544,0.050340005909158714,0.004965508339294017,2.3445421418656682,0.5247444781481421
26,rtp10000,rtp,0.09064405095511868,10000.0,grid,,0.55,0.37327448551212017,0.23591011458581032,0.05022461233826875,0.00542896982562141,2.299894641777599,0.5270990536098217
26,grid_0.1645,grid,0.1645,58012.50658495081,grid,,0.55,0.36250063657832565,0.23750372727673086,0.0501764966854873,0.00623152378485245,2.1916800777119425,0.5335732774528571
26,grid_0.2109,grid,0.2109,134207.26849614628,grid,,0.55,0.35988906459868797,0.2375995826869652,0.050200616757760254,0.006252944935259769,2.14355339429601,0.5342859690121994
26,grid_0.2423,grid,0.2423,216569.70915289148,grid,,0.55,0.3585673652014711,0.23740702509541844,0.050212739329944404,0.006149356234712244,2.1166420050047297,0.5337640323781624
26,grid_0.2700,grid,0.27,327633.12501194235,grid,,0.55,0.35746114338605056,0.23712199921825383,0.05021676896186342,0.006010073551398154,2.095963254327332,0.5328823254492111
26,grid_0.2850,grid,0.285,402893.9625313691,grid,,0.55,0.35688317210716475,0.23694478829449797,0.0502180269278283,0.00592480577209617,2.0857499641360824,0.5322891380539223
26,grid_0.3100,grid,0.31,555710.52112422,grid,,0.55,0.3559011624456467,0.2366173875691925,0.05021639418126103,0.005771393918808432,2.0701087327945187,0.5311804542654136
26,grid_0.3300,grid,0.33,705816.5067182615,grid,,0.55,0.3550952145278731,0.2363344905145526,0.05021240110419879,0.005641590302574356,2.0587017051758396,0.5302126223236022
26,grid_0.3434,grid,0.3434,822689.7267557766,grid,,0.55,0.35453736747146375,0.23613957661062696,0.05020857444026749,0.005553325201578668,2.0515757473626866,0.5295441404298534
26,grid_0.3600,grid,0.36,991758.3943167739,grid,,0.55,0.3538409627653796,0.23589123552917857,0.050202478169288474,0.005442196830193924,2.0432074796819197,0.5286946767871968
26,grid_0.3649,grid,0.3649,1046287.5481974519,grid,,0.55,0.35362802543570837,0.23581757006789242,0.05020039624268213,0.00540953011004322,2.0408512667639456,0.5284418849800627
26,grid_0.4000,grid,0.4,1505092.7916595435,grid,,0.55,0.35209348799884105,0.23527608024923102,0.050182485974514204,0.0051723479629283975,2.0250434708111738,0.5265904251393198
26,grid_0.4500,grid,0.45,2399274.8892340166,grid,,0.55,0.3499278701021076,0.2345424628860214,0.0501554765624342,0.004854690334206532,2.0053325065907623,0.5239923220963815
26,grid_0.4898,grid,0.4898,3355867.254800157,grid,,0.55,0.3481033618064779,0.23399029147336348,0.050129138690387855,0.004622317813401736,1.9918634245739133,0.5220409351754646
26,grid_0.5000,grid,0.5,3677467.8876924147,grid,,0.55,0.3476160227894165,0.23385197712323813,0.0501214476407559,0.004565299563691588,1.9886997023694335,0.5215600948391594
26,grid_0.5500,grid,0.55,5614816.52972846,grid,,0.55,0.3452392670683249,0.23319233690014823,0.05008230971631489,0.004296356272637344,1.9743475441644218,0.5192635902052011
26,grid_0.5971,grid,0.5971,8086804.56325916,grid,,0.55,0.34296979984964127,0.23259227534134055,0.050040655105539456,0.004058511442922519,1.962455699464237,0.5172215938439984
26,grid_0.6049,grid,0.6049,8566501.529528376,grid,,0.55,0.34256700874660423,0.23249896818114169,0.050032937264794325,0.004022832940501209,1.9606927141276465,0.5169177681360984
26,grid_0.6500,grid,0.65,11788704.133040529,grid,,0.55,0.34046797987836896,0.2319959272000225,0.04999727920365282,0.003824831033745313,1.9506153538428408,0.5151199276416888
26,grid_0.7139,grid,0.7139,,grid,,0.55,0.3374059557739831,0.23135034985767824,0.04994311942366974,0.0035798649556003787,1.9382990354657088,0.5128976246401084
26,grid_0.7892,grid,0.7892,,grid,,0.55,0.3337218635982159,0.23062840856961137,0.04987365171212329,0.003315811127228299,1.9259652631040003,0.5104158449541643
26,grid_0.8000,grid,0.8,,grid,,0.55,0.3331385795162498,0.23053309247572676,0.049861710723494525,0.0032837960029274554,1.9245053334635813,0.5101317875602588
26,grid_0.8904,grid,0.8904,,grid,,0.55,0.32840188384665403,0.22964851503001787,0.04975649947852391,0.002981940976968439,1.9128225228120612,0.5074563137543379
26,grid_0.9500,grid,0.95,,grid,,0.55,0.3250161196479625,0.22892834201044338,0.049660401016264295,0.0027477847593862376,1.9062951682589633,0.5055622630479715
26,grid_1.0112,grid,1.0112,,grid,,0.55,0.3222374261784565,0.22840075417048308,0.04959791779718437,0.002568986708461077,1.899160430955127,0.5035923371851746
26,rtp475,rtp,0.02233688765396187,475.0,grid,,0.6,0.4352555744058351,0.23013924603639496,0.04932686223576099,0.0036372103304393444,2.5412707730027373,0.5417026010863322
26,rtp2500,rtp,0.052045454201970515,2500.0,grid,,0.6,0.41131918728432315,0.22867542268889557,0.0483627807857739,0.003929668156171157,2.3921523279780708,0.5242997560128784
26,rtp5000,rtp,0.06947845061835717,5000.0,grid,,0.6,0.4043134269035381,0.2289605851086235,0.04817503938671733,0.004247910146565892,2.3445421418656682,0.5247444781481421
26,rtp10000,rtp,0.09064405095511868,10000.0,grid,,0.6,0.3990836243877855,0.22947832301754886,0.04807019985318368,0.004590100881762815,2.299894641777599,0.5270990536098217
26,grid_0.1645,grid,0.1645,58012.50658495081,grid,,0.6,0.39259885257707344,0.2306333451296468,0.04802629352411008,0.0051654463615807,2.1916800777119425,0.5335732774528571
26,grid_0.2109,grid,0.2109,134207.26849614628,grid,,0.6,0.3915627423639838,0.23064039268508793,0.048048138959791056,0.005146851778140504,2.14355339429601,0.5342859690121994
26,grid_0.2423,grid,0.2423,216569.70915289148,grid,,0.6,0.39109134200700685,0.23043616840255457,0.04805913887023643,0.005041688837814057,2.1166420050047297,0.5337640323781624
26,grid_0.2700,grid,0.27,327633.12501194235,grid,,0.6,0.3906437947306046,0.2301615142122414,0.04806280535790902,0.004911517266562776,2.095963254327332,0.5328823254492111
26,grid_0.2850,grid,0.285,402893.9625313691,grid,,0.6,0.39039529187108185,0.22999641856837638,0.04806395885906718,0.004834393695212602,2.0857499641360824,0.5322891380539223
26,grid_0.3100,grid,0.31,555710.52112422,grid,,0.6,0.3899288775879377,0.22969577030860555,0.04806250151208808,0.0046976453855755995,2.0701087327945187,0.5311804542654136
26,grid_0.3300,grid,0.33,705816.5067182615,grid,,0.6,0.3895094740691732,0.22943856246347702,0.04805889840672383,0.004583155538583017,2.0587017051758396,0.5302126223236022
26,grid_0.3434,grid,0.3434,822689.7267557766,grid,,0.6,0.38919989631189306,0.22926247037168948,0.04805543958469516,0.00450584073623464,2.0515757473626866,0.5295441404298534
26,grid_0.3600,grid,0.36,991758.3943167739,grid,,0.6,0.3887998811229142,0.2290385798415699,0.04804992494058464,0.004408746115258544,2.0432074796819197,0.5286946767871968
26,grid_0.3649,grid,0.3649,1046287.5481974519,grid,,0.6,0.3886725649427191,0.228972381372075,0.048048040742077074,0.004380310689121897,2.0408512667639456,0.5284418849800627
26,grid_0.4000,grid,0.4,1505092.7916595435,grid,,0.6,0.3877241489471028,0.22848645217415406,0.04803182450605214,0.004174234321079856,2.0250434708111738,0.5265904251393198
26,grid_0.4500,grid,0.45,2399274.8892340166,grid,,0.6,0.3863296482042483,0.22783764158211603,0.04800738750555578,0.003902603416144984,2.0053325065907623,0.5239923220963815
26,grid_0.4898,grid,0.4898,3355867.254800157,grid,,0.6,0.38507783841581456,0.2273522978615789,0.04798354401569676,0.003705523327243332,1.9918634245739133,0.5220409351754646
26,grid_0.5000,grid,0.5,3677467.8876924147,grid,,0.6,0.3847324170484187,0.22723091776739868,0.04797657981941867,0.0036573101699956256,1.9886997023694335,0.5215600948391594
26,grid_0.5500,grid,0.55,5614816.52972846,grid,,0.6,0.3830202617002423,0.2266531603052372,0.047941135049180406,0.0034305200271711467,1.9743475441644218,0.5192635902052011
26,grid_0.5971,grid,0.5971,8086804.56325916,grid,,0.6,0.38133800993277217,0.22612819772562825,0.04790340247821588,0.003230559328424948,1.962455699464237,0.5172215938439984
26,grid_0.6049,grid,0.6049,8566501.529528376,grid,,0.6,0.38103063582938024,0.22604666640638027,0.0478964107375144,0.003200684655922964,1.9606927141276465,0.5169177681360984
26,grid_0.6500,grid,0.65,11788704.133040529,grid,,0.6,0.3794523616268347,0.2256104662915916,0.04786410254628004,0.0030359799540293497,1.9506153538428408,0.5151199276416888
26,grid_0.7139,grid,0.7139,,grid,,0.6,0.37709182098631777,0.22505129891759673,0.04781502526394757,0.0028330618805499086,1.9382990354657088,0.5128976246401084
26,grid_0.7892,grid,0.7892,,grid,,0.6,0.37417880660178615,0.224422415103607,0.047752079709491246,0.002613340691444449,1.9259652631040003,0.5104158449541643
26,grid_0.8000,grid,0.8,,grid,,0.6,0.3737069344621846,0.22433847158291148,0.04774125959998958,0.002586490232167199,1.9245053334635813,0.5101317875602588
26,grid_0.8904,grid,0.8904,,grid,,0.6,0.36983814207817467,0.22355646954696237,0.04764594262201491,0.0023315524542870114,1.9128225228120612,0.5074563137543379
26,grid_0.9500,grid,0.95,,grid,,0.6,0.3670075454431247,0.22291311415564505,0.04755888304113757,0.0021313734214300772,1.9062951682589633,0.5055622630479715
26,grid_1.0112,grid,1.0112,,grid,,0.6,0.3647561441292354,0.22245822809037927,0.04750224594339318,0.0019854173017180288,1.899160430955127,0.5035923371851746
26,rtp475,rtp,0.02233688765396187,475.0,grid,,0.65,0.43105343805470636,0.23349368743719026,0.04992421212102182,0.00459508995199448,2.5412707730027373,0.5417026010863322
26,rtp2500,rtp,0.052045454201970515,2500.0,grid,,0.65,0.40991795003174686,0.23279130015298286,0.04905089772009397,0.005140891706822193,2.3921523279780708,0.5242997560128784
26,rtp5000,rtp,0.06947845061835717,5000.0,grid,,0.65,0.40435808799775513,0.23334861389292647,0.04888070235602127,0.005570873249728797,2.3445421418656682,0.5247444781481421
26,rtp10000,rtp,0.09064405095511868,10000.0,grid,,0.65,0.40077704590860946,0.23411577713652204,0.048785596359407164,0.006024600744830494,2.299894641777599,0.5270990536098217
26,grid_0.1645,grid,0.1645,58012.50658495081,grid,,0.65,0.39936728154446977,0.23573165755638997,0.04874571545321127,0.006823698921071847,2.1916800777119425,0.5335732774528571
26,grid_0.2109,grid,0.2109,134207.26849614628,grid,,0.65,0.4010377055748529,0.23582203071184346,0.04876563553351179,0.006846394635545844,2.14355339429601,0.5342859690121994
26,grid_0.2423,grid,0.2423,216569.70915289148,grid,,0.65,0.4022097875381363,0.2356202443929857,0.04877572744152889,0.0067411721262814195,2.1166420050047297,0.5337640323781624
26,grid_0.2700,grid,0.27,327633.12501194235,grid,,0.65,0.40309647278261396,0.23532295629864594,0.048779173613415425,0.006597720147719005,2.095963254327332,0.5328823254492111
26,grid_0.2850,grid,0.285,402893.9625313691,grid,,0.65,0.4035323776751438,0.23513863290902717,0.04878029173771758,0.006509884948608657,2.0857499641360824,0.5322891380539223
26,grid_0.3100,grid,0.31,555710.52112422,grid,,0.65,0.4041460619473284,0.2347980141850754,0.04877909597966714,0.0063510114855877264,2.0701087327945187,0.5311804542654136
26,grid_0.3300,grid,0.33,705816.5067182615,grid,,0.65,0.404542299080864,0.23450349245211782,0.04877592839176005,0.006215959580480435,2.0587017051758396,0.5302126223236022
26,grid_0.3434,grid,0.3434,822689.7267557766,grid,,0.65,0.4047580505744574,0.23429992198968674,0.048772857166759,0.006123596277614302,2.0515757473626866,0.5295441404298534
26,grid_0.3600,grid,0.36,991758.3943167739,grid,,0.65,0.40498354225729083,0.23404099280685675,0.04876793754761488,0.006007248766404294,2.0432074796819197,0.5286946767871968
26,grid_0.3649,grid,0.3649,1046287.5481974519,grid,,0.65,0.40503661431495364,0.23396394608629476,0.04876625229118759,0.005972875777083053,2.0408512667639456,0.5284418849800627
26,grid_0.4000,grid,0.4,1505092.7916595435,grid,,0.65,0.40532063689864317,0.23339835230448253,0.048751714389467224,0.005723076468980126,2.0250434708111738,0.5265904251393198
26,grid_0.4500,grid,0.45,2399274.8892340166,grid,,0.65,0.40552608750933095,0.23263260376240294,0.04872980137601984,0.005388126957255324,2.0053325065907623,0.5239923220963815
26,grid_0.4898,grid,0.4898,3355867.254800157,grid,,0.65,0.4054346073688267,0.23205258075169508,0.04870836377423188,0.005140036459290093,1.9918634245739133,0.5220409351754646
26,grid_0.5000,grid,0.5,3677467.8876924147,grid,,0.65,0.4053720787108848,0.23190671378898822,0.04870209656446093,0.005078627335946773,1.9886997023694335,0.5215600948391594
26,grid_0.5500,grid,0.55,5614816.52972846,grid,,0.65,0.40497451621906677,0.23121032752342016,0.04867017827970748,0.004788037273779744,1.9743475441644218,0.5192635902052011
26,grid_0.5971,grid,0.5971,8086804.56325916,grid,,0.65,0.4044288215897592,0.2305758018568034,0.048636167958592214,0.00452903244331565,1.962455699464237,0.5172215938439984
26,grid_0.6049,grid,0.6049,8566501.529528376,grid,,0.65,0.40430003307886325,0.23047665730534336,0.04862986378279348,0.0044896257798512085,1.9606927141276465,0.5169177681360984
26,grid_0.6500,grid,0.65,11788704.133040529,grid,,0.65,0.4037313994858063,0.22993939905523905,0.04860071473416465,0.004271412503719818,1.9506153538428408,0.5151199276416888
26,grid_0.7139,grid,0.7139,,grid,,0.65,0.4026796252390427,0.22924987698735594,0.04855641592372752,0.003999090174990311,1.9382990354657088,0.5128976246401084
26,grid_0.7892,grid,0.7892,,grid,,0.65,0.4011605101575503,0.22847495444002505,0.048499610757639096,0.0037011940487324257,1.9259652631040003,0.5104158449541643
26,grid_0.8000,grid,0.8,,grid,,0.65,0.4008698044011262,0.228373836219219,0.04848984529521766,0.0036647637742650008,1.9245053334635813,0.5101317875602588
26,grid_0.8904,grid,0.8904,,grid,,0.65,0.398453721531387,0.22743322305464542,0.048403886648747375,0.00332198430027672,1.9128225228120612,0.5074563137543379
26,grid_0.9500,grid,0.95,,grid,,0.65,0.3964839114316556,0.22667885003243166,0.048325380576482016,0.003057920475543624,1.9062951682589633,0.5055622630479715
26,grid_1.0112,grid,1.0112,,grid,,0.65,0.3951092859437843,0.2261162584092591,0.04827419316569877,0.002854369151304076,1.899160430955127,0.5035923371851746
26,rtp475,rtp,0.02233688765396187,475.0,grid,,0.7,0.43164731226168696,0.23353936139954004,0.04869440758505799,0.005846225737846988,2.5412707730027373,0.5417026010863322
26,rtp2500,rtp,0.052045454201970515,2500.0,grid,,0.7,0.4141051051907124,0.2335116633195634,0.04792989574626295,0.006597801160006189,2.3921523279780708,0.5242997560128784
26,rtp5000,rtp,0.06947845061835717,5000.0,grid,,0.7,0.4102746351540838,0.23430311963722017,0.04778080019195445,0.007117151679779055,2.3445421418656682,0.5247444781481421
26,rtp10000,rtp,0.09064405095511868,10000.0,grid,,0.7,0.40859595309516983,0.23528157605287303,0.04769739582134249,0.00766002420858139,2.299894641777599,0.5270990536098217
26,grid_0.1645,grid,0.1645,58012.50658495081,grid,,0.7,0.4127944738122432,0.23727744163218148,0.04766218276902926,0.008638401538484025,2.1916800777119425,0.5335732774528571
26,grid_0.2109,grid,0.2109,134207.26849614628,grid,,0.7,0.4173936563866387,0.2374261921899018,0.04767961439769846,0.008691582340097731,2.14355339429601,0.5342859690121994
26,grid_0.2423,grid,0.2423,216569.70915289148,grid,,0.7,0.4203406021548938,0.2372158689919912,0.04768849371941972,0.008582874782205818,2.1166420050047297,0.5337640323781624
26,grid_0.2700,grid,0.27,327633.12501194235,grid,,0.7,0.42266960249039737,0.23688816394288,0.04769156979002682,0.008424432426201972,2.095963254327332,0.5328823254492111
26,grid_0.2850,grid,0.285,402893.9625313691,grid,,0.7,0.4238464549944265,0.2366813555649976,0.04769259094596284,0.008325473126121974,2.0857499641360824,0.5322891380539223
26,grid_0.3100,grid,0.31,555710.52112422,grid,,0.7,0.42563133840016637,0.23629582774827462,0.04769162228762645,0.008144095923615813,2.0701087327945187,0.5311804542654136
26,grid_0.3300,grid,0.33,705816.5067182615,grid,,0.7,0.4269137604923213,0.2359605075463638,0.047688912866663755,0.007988448254873853,2.0587017051758396,0.5302126223236022
26,grid_0.3434,grid,0.3434,822689.7267557766,grid,,0.7,0.4277013837071567,0.23572722080699135,0.047686266336311636,0.007881056293076422,2.0515757473626866,0.5295441404298534
26,grid_0.3600,grid,0.36,991758.3943167739,grid,,0.7,0.4286084459540271,0.235430638357808,0.04768201250599754,0.007745572971567444,2.0432074796819197,0.5286946767871968
26,grid_0.3649,grid,0.3649,1046287.5481974519,grid,,0.7,0.4288584152525361,0.23534196238669233,0.04768055249857256,0.007705286761446745,2.0408512667639456,0.5284418849800627
26,grid_0.4000,grid,0.4,1505092.7916595435,grid,,0.7,0.43048919422057574,0.23469154323730707,0.04766793590401485,0.007412184563093921,2.0250434708111738,0.5265904251393198
26,grid_0.4500,grid,0.45,2399274.8892340166,grid,,0.7,0.4324493905494362,0.2338031301927038,0.04764893711636469,0.007014966571541714,2.0053325065907623,0.5239923220963815
26,grid_0.4898,grid,0.4898,3355867.254800157,grid,,0.7,0.4336369143059007,0.23312300816897502,0.047630311231572804,0.006716025706179185,1.9918634245739133,0.5220409351754646
26,grid_0.5000,grid,0.5,3677467.8876924147,grid,,0.7,0.4338871325101237,0.23295108089494587,0.04762486192654967,0.006641344163573953,1.9886997023694335,0.5215600948391594
26,grid_0.5500,grid,0.55,5614816.52972846,grid,,0.7,0.43494551576902096,0.23212839085123002,0.04759709424318366,0.006286495595997754,1.9743475441644218,0.5192635902052011
26,grid_0.5971,grid,0.5971,8086804.56325916,grid,,0.7,0.435662671552386,0.23137654135770075,0.0475674838283717,0.0059676200622801046,1.962455699464237,0.5172215938439984
26,grid_0.6049,grid,0.6049,8566501.529528376,grid,,0.7,0.4357332823253012,0.23125817073924687,0.04756199368289497,0.005918347850767697,1.9606927141276465,0.5169177681360984
26,grid_0.6500,grid,0.65,11788704.133040529,grid,,0.7,0.4362900775554776,0.23061168485797431,0.0475365956678618,0.005645153525171864,1.9506153538428408,0.5151199276416888
26,grid_0.7139,grid,0.7139,,grid,,0.7,0.43670466475311304,0.2297794210208184,0.04749798290947547,0.005300599415187041,1.9382990354657088,0.5128976246401084
26,grid_0.7892,grid,0.7892,,grid,,0.7,0.43675431616558646,0.22884132879376612,0.047448477311251236,0.004919876452845334,1.9259652631040003,0.5104158449541643
26,grid_0.8000,grid,0.8,,grid,,0.7,0.43666947156117786,0.22872054688302274,0.04743996611688387,0.004873122449585127,1.9245053334635813,0.5101317875602588
26,grid_0.8904,grid,0.8904,,grid,,0.7,0.43589965825891713,0.22759739914172308,0.04736509614665197,0.0044354799494248365,1.9128225228120612,0.5074563137543379
26,grid_0.9500,grid,0.95,,grid,,0.7,0.43490841347222386,0.22671290336751737,0.04729672158558096,0.004102018967748311,1.9062951682589633,0.5055622630479715
26,grid_1.0112,grid,1.0112,,grid,,0.7,0.4345290807758053,0.22602764873162406,0.047252058329935044,0.0038364396612113882,1.899160430955127,0.5035923371851746
26,rtp475,rtp,0.02233688765396187,475.0,grid,,0.75,0.44302457355565766,0.23136659652900118,0.0478384761230849,0.00569202586632872,2.5412707730027373,0.5417026010863322
26,rtp2500,rtp,0.052045454201970515,2500.0,grid,,0.75,0.4284018838946779,0.2310282055278376,0.04705358930064112,0.00632044244877164,2.3921523279780708,0.5242997560128784
26,rtp5000,rtp,0.06947845061835717,5000.0,grid,,0.75,0.42543537899806544,0.23173820066488532,0.04690057377094081,0.006802019876457843,2.3445421418656682,0.5247444781481421
26,rtp10000,rtp,0.09064405095511868,10000.0,grid,,0.75,0.4244976883161533,0.23265181262937207,0.04681500511115322,0.007311860808579235,2.299894641777599,0.5270990536098217
26,grid_0.1645,grid,0.1645,58012.50658495081,grid,,0.75,0.43017278068761855,0.2345540869792326,0.046778909367947416,0.008236710350713994,2.1916800777119425,0.5335732774528571
26,grid_0.2109,grid,0.2109,134207.26849614628,grid,,0.75,0.43532024059426505,0.23469477519534834,0.04679675711358767,0.008284880390407423,2.14355339429601,0.5342859690121994
26,grid_0.2423,grid,0.2423,216569.70915289148,grid,,0.75,0.43856047265472753,0.23448934535020097,0.04680582336347465,0.00817942971929117,2.1166420050047297,0.5337640323781624
26,grid_0.2700,grid,0.27,327633.12501194235,grid,,0.75,0.4411127649532095,0.23416969816920727,0.046808931971496985,0.008026515569160647,2.095963254327332,0.5328823254492111
26,grid_0.2850,grid,0.285,402893.9625313691,grid,,0.75,0.44239951922225546,0.23396846943793798,0.04680995096133636,0.007931293729794953,2.0857499641360824,0.5322891380539223
26,grid_0.3100,grid,0.31,555710.52112422,grid,,0.75,0.4443535004058401,0.23359311437530222,0.04680890626048962,0.007756836823063412,2.0701087327945187,0.5311804542654136
26,grid_0.3300,grid,0.33,705816.5067182615,grid,,0.75,0.4457605053329116,0.233266532236634,0.046806085591343895,0.007607189470360709,2.0587017051758396,0.5302126223236022
26,grid_0.3434,grid,0.3434,822689.7267557766,grid,,0.75,0.44662665807288743,0.23303944835817597,0.04680334334888785,0.007504041142195106,2.0515757473626866,0.5295441404298534
26,grid_0.3600,grid,0.36,991758.3943167739,grid,,0.75,0.4476266585621907,0.23275036322998283,0.0467989452600845,0.007373786323604442,2.0432074796819197,0.5286946767871968
26,grid_0.3649,grid,0.3649,1046287.5481974519,grid,,0.75,0.447903092644219,0.23266401152745164,0.04679743755094378,0.007335104709102369,2.0408512667639456,0.5284418849800627
26,grid_0.4000,grid,0.4,1505092.7916595435,grid,,0.75,0.4497130355869822,0.232029561238995,0.04678442273285126,0.0070532945559092786,2.0250434708111738,0.5265904251393198
26,grid_0.4500,grid,0.45,2399274.8892340166,grid,,0.75,0.4519005324148007,0.23116421712703406,0.04676482519240036,0.006672070087554188,2.0053325065907623,0.5239923220963815
26,grid_0.4898,grid,0.4898,3355867.254800157,grid,,0.75,0.45324835780201417,0.23050260873605566,0.046745635834394415,0.006385816799732741,1.9918634245739133,0.5220409351754646
26,grid_0.5000,grid,0.5,3677467.8876924147,grid,,0.75,0.45353718591272174,0.23033544161203756,0.04674002404385574,0.006314391618756632,1.9886997023694335,0.5215600948391594
26,grid_0.5500,grid,0.55,5614816.52972846,grid,,0.75,0.4547723841214942,0.22953536013025652,0.04671143701415475,0.005975044535971807,1.9743475441644218,0.5192635902052011
26,grid_0.5971,grid,0.5971,8086804.56325916,grid,,0.75,0.4556396434609089,0.2288039606347065,0.04668096602114997,0.005670286380978357,1.962455699464237,0.5172215938439984
26,grid_0.6049,grid,0.6049,8566501.529528376,grid,,0.75,0.4557335725646845,0.22868911488591082,0.046675317202394956,0.005623394064906362,1.9606927141276465,0.5169177681360984
26,grid_0.6500,grid,0.65,11788704.133040529,grid,,0.75,0.45641667404888947,0.22806297652318056,0.046649192568526156,0.005363528692086644,1.9506153538428408,0.5151199276416888
26,grid_0.7139,grid,0.7139,,grid,,0.75,0.45699406757319516,0.2272585833450331,0.04660948350624543,0.005036980197745927,1.9382990354657088,0.5128976246401084
26,grid_0.7892,grid,0.7892,,grid,,0.75,0.45721485010938323,0.2263495978519793,0.04655856757259968,0.004675572875153078,1.9259652631040003,0.5104158449541643
26,grid_0.8000,grid,0.8,,grid,,0.75,0.4571540361326454,0.22623214802828479,0.0465498142614097,0.004631170540082052,1.9245053334635813,0.5101317875602588
26,grid_0.8904,grid,0.8904,,grid,,0.75,0.45656358215487963,0.2251351627935652,0.04647278666120209,0.00421305486488302,1.9128225228120612,0.5074563137543379
26,grid_0.9500,grid,0.95,,grid,,0.75,0.4556771019824715,0.2242636961073455,0.046402439225141215,0.0038917661665865966,1.9062951682589633,0.5055622630479715
26,grid_1.0112,grid,1.0112,,grid,,0.75,0.45539630265643266,0.22359707339725876,0.046356534484361556,0.003639116747457566,1.899160430955127,0.5035923371851746
26,rtp475,rtp,0.02233688765396187,475.0,grid,,0.8,0.44869385154877756,0.2297615411956646,0.04759209013671621,0.005198275675890873,2.5412707730027373,0.5417026010863322
26,rtp2500,rtp,0.052045454201970515,2500.0,grid,,0.8,0.4384608910641434,0.22867137987062292,0.04679990775506369,0.00549069221687104,2.3921523279780708,0.5242997560128784
26,rtp5000,rtp,0.06947845061835717,5000.0,grid,,0.8,0.4367309690298656,0.22908579398734988,0.04664550342870275,0.005834797578111756,2.3445421418656682,0.5247444781481421
26,rtp10000,rtp,0.09064405095511868,10000.0,grid,,0.8,0.4367531753629198,0.2297216984723183,0.04655915640786329,0.006212902341143439,2.299894641777599,0.5270990536098217
26,grid_0.1645,grid,0.1645,58012.50658495081,grid,,0.8,0.4438848004560594,0.2311535030910758,0.046522647465913745,0.006909294525362236,2.1916800777119425,0.5335732774528571
26,grid_0.2109,grid,0.2109,134207.26849614628,grid,,0.8,0.44942007040236615,0.23125288080887133,0.04654057171962201,0.006937323162780035,2.14355339429601,0.5342859690121994
26,grid_0.2423,grid,0.2423,216569.70915289148,grid,,0.8,0.45285925484579587,0.2310796172245139,0.046549660722878264,0.006848128773749601,2.1166420050047297,0.5337640323781624
26,grid_0.2700,grid,0.27,327633.12501194235,grid,,0.8,0.45557055867130425,0.23081152662603133,0.046552745686170086,0.006721215137269088,2.095963254327332,0.5328823254492111
26,grid_0.2850,grid,0.285,402893.9625313691,grid,,0.8,0.4569408478671358,0.23064539475486676,0.04655374709785167,0.006643551023776645,2.0857499641360824,0.5322891380539223
26,grid_0.3100,grid,0.31,555710.52112422,grid,,0.8,0.4590317855256427,0.23033457865961618,0.04655264981206515,0.006501368314237754,2.0701087327945187,0.5311804542654136
26,grid_0.3300,grid,0.33,705816.5067182615,grid,,0.8,0.4605475644650477,0.23006342081809514,0.046549771242103806,0.00637940635642012,2.0587017051758396,0.5302126223236022
26,grid_0.3434,grid,0.3434,822689.7267557766,grid,,0.8,0.4614873876904213,0.22987459573953115,0.046546983712825646,0.006295346053587225,2.0515757473626866,0.5295441404298534
26,grid_0.3600,grid,0.36,991758.3943167739,grid,,0.8,0.46257731103788363,0.2296334833803108,0.046542521199899475,0.0061890154894760074,2.0432074796819197,0.5286946767871968
26,grid_0.3649,grid,0.3649,1046287.5481974519,grid,,0.8,0.46288089359041235,0.22956138791618635,0.04654099291774109,0.0061574379042647065,2.0408512667639456,0.5284418849800627
26,grid_0.4000,grid,0.4,1505092.7916595435,grid,,0.8,0.464881555469074,0.2290296283487149,0.04652781222711909,0.005926758434431384,2.0250434708111738,0.5265904251393198
26,grid_0.4500,grid,0.45,2399274.8892340166,grid,,0.8,0.46733933693891005,0.22831170887678703,0.04650797729317475,0.005618259117064012,2.0053325065907623,0.5239923220963815
26,grid_0.4898,grid,0.4898,3355867.254800157,grid,,0.8,0.4689069383606235,0.22776057407780012,0.04648857370732036,0.00538630539692872,1.9918634245739133,0.5220409351754646
26,grid_0.5000,grid,0.5,3677467.8876924147,grid,,0.8,0.46925281580754674,0.22762053947845523,0.04648290102704276,0.005328208965420245,1.9886997023694335,0.5215600948391594
26,grid_0.5500,grid,0.55,5614816.52972846,grid,,0.8,0.4707625849861142,0.226949212173765,0.04645401022838191,0.005051934677910708,1.9743475441644218,0.5192635902052011
26,grid_0.5971,grid,0.5971,8086804.56325916,grid,,0.8,0.47188199775231254,0.2263313969623974,0.046423225216511876,0.00480267603443843,1.962455699464237,0.5172215938439984
26,grid_0.6049,grid,0.6049,8566501.529528376,grid,,0.8,0.47201933875498,0.2262335128538857,0.04641751884464419,0.00476408349356508,1.9606927141276465,0.5169177681360984
26,grid_0.6500,grid,0.65,11788704.133040529,grid,,0.8,0.4729388297108751,0.22570732779453828,0.04639113356015411,0.004552664259997036,1.9506153538428408,0.5151199276416888
26,grid_0.7139,grid,0.7139,,grid,,0.8,0.47385246152711885,0.22502672067240634,0.04635103454525444,0.004285990471322748,1.9382990354657088,0.5128976246401084
26,grid_0.7892,grid,0.7892,,grid,,0.8,0.47445918306023344,0.22424479445700823,0.04629961504737527,0.003986112793690599,1.9259652631040003,0.5104158449541643
26,grid_0.8000,grid,0.8,,grid,,0.8,0.47445700343017705,0.2241414236611718,0.04629077542957479,0.003948602371282112,1.9245053334635813,0.5101317875602588
26,grid_0.8904,grid,0.8904,,grid,,0.8,0.47431405249898173,0.22316575447178424,0.04621296765154808,0.0035899863174126134,1.9128225228120612,0.5074563137543379
26,grid_0.9500,grid,0.95,,grid,,0.8,0.47370123109158047,0.2223709857405792,0.0461419058958601,0.00330694940337678,1.9062951682589633,0.5055622630479715
26,grid_1.0112,grid,1.0112,,grid,,0.8,0.4736926057337224,0.22179155126557906,0.046095570206783676,0.003095922006008306,1.899160430955127,0.5035923371851746
26,rtp475,rtp,0.02233688765396187,475.0,grid,,0.85,0.46123283507470647,0.23202106005970596,0.04782621472162463,0.006007557589605056,2.5412707730027373,0.5417026010863322
26,rtp2500,rtp,0.052045454201970515,2500.0,grid,,0.85,0.45317194634571434,0.23117076470067563,0.047041564139976864,0.006398358312318275,2.3921523279780708,0.5242997560128784
26,rtp5000,rtp,0.06947845061835717,5000.0,grid,,0.85,0.4522174976891967,0.23169391694238906,0.04688862292706849,0.006793448221038195,2.3445421418656682,0.5247444781481421
26,rtp10000,rtp,0.09064405095511868,10000.0,grid,,0.85,0.4530669863822695,0.2324352991490911,0.046803075252974974,0.007223093037552503,2.299894641777599,0.5270990536098217
26,grid_0.1645,grid,0.1645,58012.50658495081,grid,,0.85,0.46271000121067757,0.234083423209899,0.04676681507228264,0.008028233949382041,2.1916800777119425,0.5335732774528571
26,grid_0.2109,grid,0.2109,134207.26849614628,grid,,0.85,0.4696126635605113,0.23423259119854214,0.046784524503528,0.00808038227605537,2.14355339429601,0.5342859690121994
26,grid_0.2423,grid,0.2423,216569.70915289148,grid,,0.85,0.473893122655915,0.23406779212691337,0.04679350653451622,0.00799422477665171,2.1166420050047297,0.5337640323781624
26,grid_0.2700,grid,0.27,327633.12501194235,grid,,0.85,0.47729189066331734,0.2337939628267183,0.04679654887876582,0.007863068175455123,2.095963254327332,0.5328823254492111
26,grid_0.2850,grid,0.285,402893.9625313691,grid,,0.85,0.47901689563486055,0.23362138557820186,0.04679753632886725,0.007781415470611619,2.0857499641360824,0.5322891380539223
26,grid_0.3100,grid,0.31,555710.52112422,grid,,0.85,0.4816688539652757,0.23329496271751307,0.04679644467460515,0.007630094954760663,2.0701087327945187,0.5311804542654136
26,grid_0.3300,grid,0.33,705816.5067182615,grid,,0.85,0.4836097378891673,0.2330082852825004,0.04679359110211441,0.007499269908176676,2.0587017051758396,0.5302126223236022
26,grid_0.3434,grid,0.3434,822689.7267557766,grid,,0.85,0.484824110786412,0.23280761039444214,0.04679082907380594,0.007408554383764421,2.0515757473626866,0.5295441404298534
26,grid_0.3600,grid,0.36,991758.3943167739,grid,,0.85,0.48624088312956937,0.2325509098767492,0.046786408376243316,0.007293517308260611,2.0432074796819197,0.5286946767871968
26,grid_0.3649,grid,0.3649,1046287.5481974519,grid,,0.85,0.48663895374557375,0.23247392435033823,0.04678489456759323,0.007259230935253547,2.0408512667639456,0.5284418849800627
26,grid_0.4000,grid,0.4,1505092.7916595435,grid,,0.85,0.48928520645324347,0.2319052406635157,0.04677183990567134,0.0070082007415318,2.0250434708111738,0.5265904251393198
26,grid_0.4500,grid,0.45,2399274.8892340166,grid,,0.85,0.49258204471668293,0.23113202402741845,0.04675220432222287,0.006669808208788264,2.0053325065907623,0.5239923220963815
26,grid_0.4898,grid,0.4898,3355867.254800157,grid,,0.85,0.49475838309983805,0.23053379858021045,0.046732996535636714,0.0064128357521843204,1.9918634245739133,0.5220409351754646
26,grid_0.5000,grid,0.5,3677467.8876924147,grid,,0.85,0.49525258851747395,0.23038118282888068,0.04672738111349359,0.006348108288140558,1.9886997023694335,0.5215600948391594
26,grid_0.5500,grid,0.55,5614816.52972846,grid,,0.85,0.4974511017612352,0.2296479671506457,0.04669878198644311,0.006039406829980942,1.9743475441644218,0.5192635902052011
26,grid_0.5971,grid,0.5971,8086804.56325916,grid,,0.85,0.49916301072992225,0.22897083725719136,0.04666830785767977,0.005759336456579445,1.962455699464237,0.5172215938439984
26,grid_0.6049,grid,0.6049,8566501.529528376,grid,,0.85,0.4993932576432337,0.22886296050994892,0.04666265911771466,0.005715595575663784,1.9606927141276465,0.5169177681360984
26,grid_0.6500,grid,0.65,11788704.133040529,grid,,0.85,0.5008417753088483,0.22828215842547045,0.046636540363022096,0.005476203492369491,1.9506153538428408,0.5151199276416888
26,grid_0.7139,grid,0.7139,,grid,,0.85,0.5024394235250919,0.22752868593009554,0.04659684646300965,0.00517245645806641,1.9382990354657088,0.5128976246401084
26,grid_0.7892,grid,0.7892,,grid,,0.85,0.5037715173425876,0.2266587728378742,0.04654594641861594,0.004828252885755113,1.9259652631040003,0.5104158449541643
26,grid_0.8000,grid,0.8,,grid,,0.85,0.5038621794828042,0.2265439747344105,0.04653719610324083,0.004784976385224404,1.9245053334635813,0.5101317875602588
26,grid_0.8904,grid,0.8904,,grid,,0.85,0.5044561022853264,0.22545633377419086,0.046460174192803655,0.004370384246095704,1.9128225228120612,0.5074563137543379
26,grid_0.9500,grid,0.95,,grid,,0.85,0.5042531772544424,0.2245707003680616,0.04638983015218843,0.004042169311613275,1.9062951682589633,0.5055622630479715
26,grid_1.0112,grid,1.0112,,grid,,0.85,0.5046816225608672,0.22391725817111063,0.04634396276119303,0.003794975745674778,1.899160430955127,0.5035923371851746
26,rtp475,rtp,0.02233688765396187,475.0,grid,,0.9,0.4736290681471442,0.23292035735650157,0.047260113988858404,0.006991778882221994,2.5412707730027373,0.5417026010863322
26,rtp2500,rtp,0.052045454201970515,2500.0,grid,,0.9,0.4679922118213984,0.23233015706129276,0.046494623263539404,0.007482678616585553,2.3921523279780708,0.5242997560128784
26,rtp5000,rtp,0.06947845061835717,5000.0,grid,,0.9,0.467939387149188,0.23296548132966868,0.04634541224019221,0.007927503250971996,2.3445421418656682,0.5247444781481421
26,rtp10000,rtp,0.09064405095511868,10000.0,grid,,0.9,0.46974673635062886,0.23381320129982602,0.04626193320244207,0.008406679899630898,2.299894641777599,0.5270990536098217
26,grid_0.1645,grid,0.1645,58012.50658495081,grid,,0.9,0.48223981744771116,0.2356695474806191,0.0462264648589041,0.009313670750815684,2.1916800777119425,0.5335732774528571
26,grid_0.2109,grid,0.2109,134207.26849614628,grid,,0.9,0.49066909105397805,0.2358590680612346,0.046243699182627024,0.009385800804087074,2.14355339429601,0.5342859690121994
26,grid_0.2423,grid,0.2423,216569.70915289148,grid,,0.9,0.49588424036746026,0.23569541928923804,0.04625244197473974,0.00929988869918999,2.1166420050047297,0.5337640323781624
26,grid_0.2700,grid,0.27,327633.12501194235,grid,,0.9,0.5000451941601218,0.23540868030722467,0.046255397058551015,0.009161849705438097,2.095963254327332,0.5328823254492111
26,grid_0.2850,grid,0.285,402893.9625313691,grid,,0.9,0.5021631571041637,0.23522596949660832,0.04625635598770486,0.009074900737914449,2.0857499641360824,0.5322891380539223
26,grid_0.3100,grid,0.31,555710.52112422,grid,,0.9,0.5054363308802293,0.23487759812979309,0.04625528611598222,0.008912199987238356,2.0701087327945187,0.5311804542654136
26,grid_0.3300,grid,0.33,705816.5067182615,grid,,0.9,0.5078476647779167,0.23457030424213912,0.046252499733768715,0.00877072789848099,2.0587017051758396,0.5302126223236022
26,grid_0.3434,grid,0.3434,822689.7267557766,grid,,0.9,0.5093658041421866,0.23435436015331973,0.046249804047537285,0.00867216207533461,2.0515757473626866,0.5295441404298534
26,grid_0.3600,grid,0.36,991758.3943167739,grid,,0.9,0.5111441755534932,0.23407780911670306,0.0462454905325502,0.008546930188325474,2.0432074796819197,0.5286946767871968
26,grid_0.3649,grid,0.3649,1046287.5481974519,grid,,0.9,0.5116467693479594,0.2339946798963584,0.046244013583458025,0.008509496636341207,2.0408512667639456,0.5284418849800627
26,grid_0.4000,grid,0.4,1505092.7916595435,grid,,0.9,0.5150070025040824,0.23338007677492004,0.046231278015196595,0.00823498222027097,2.0250434708111738,0.5265904251393198
26,grid_0.4500,grid,0.45,2399274.8892340166,grid,,0.9,0.5192327841010747,0.2325401658326654,0.046212131644933596,0.007862797080549933,2.0053325065907623,0.5239923220963815
26,grid_0.4898,grid,0.4898,3355867.254800157,grid,,0.9,0.522083649917496,0.23188588527639734,0.04619340329677351,0.007577660493645,1.9918634245739133,0.5220409351754646
26,grid_0.5000,grid,0.5,3677467.8876924147,grid,,0.9,0.5227422638424727,0.2317183599639982,0.04618792806777171,0.007505470276633341,1.9886997023694335,0.5215600948391594
26,grid_0.5500,grid,0.55,5614816.52972846,grid,,0.9,0.5257043815214674,0.23091210275563206,0.046160043043449936,0.007160356155577641,1.9743475441644218,0.5192635902052011
26,grid_0.5971,grid,0.5971,8086804.56325916,grid,,0.9,0.5280735752908193,0.23016520752742603,0.04613032999470561,0.006845692761437483,1.962455699464237,0.5172215938439984
26,grid_0.6049,grid,0.6049,8566501.529528376,grid,,0.9,0.528406980802386,0.23004555444335442,0.04612482234073412,0.00679613477841623,1.9606927141276465,0.5169177681360984
26,grid_0.6500,grid,0.65,11788704.133040529,grid,,0.9,0.5304426769864131,0.22940085995600434,0.046099356032428214,0.006525398516126102,1.9506153538428408,0.5151199276416888
26,grid_0.7139,grid,0.7139,,grid,,0.9,0.5328004616800222,0.22856202658962596,0.046060653787924094,0.006179946210832787,1.9382990354657088,0.5128976246401084
26,grid_0.7892,grid,0.7892,,grid,,0.9,0.5349385951363714,0.22758857723477244,0.046011025300272825,0.005785535187475155,1.9259652631040003,0.5104158449541643
26,grid_0.8000,grid,0.8,,grid,,0.9,0.5351328041729926,0.22746021321259077,0.04600249358464425,0.005735655010073004,1.9245053334635813,0.5101317875602588
26,grid_0.8904,grid,0.8904,,grid,,0.9,0.5365463445728514,0.22623942570241487,0.04592739549135755,0.005256882250800954,1.9128225228120612,0.5074563137543379
26,grid_0.9500,grid,0.95,,grid,,0.9,0.5368000889229876,0.22524517760958196,0.0458588084411914,0.004876581595180729,1.9062951682589633,0.5055622630479715
26,grid_1.0112,grid,1.0112,,grid,,0.9,0.5377172382586846,0.2245053948331799,0.04581408725638666,0.004588585052815342,1.899160430955127,0.5035923371851746
26,rtp475,rtp,0.02233688765396187,475.0,grid,,0.95,0.4869168498604544,0.23334941169561288,0.047690382982817144,0.006761564955871491,2.5412707730027373,0.5417026010863322
26,rtp2500,rtp,0.052045454201970515,2500.0,grid,,0.95,0.48425789827788274,0.23228138151580804,0.046936444712773716,0.00701819548611865,2.3921523279780708,0.5242997560128784
26,rtp5000,rtp,0.06947845061835717,5000.0,grid,,0.95,0.4852007586843272,0.23268033225070597,0.046789464401203525,0.007350672615095394,2.3445421418656682,0.5247444781481421
26,rtp10000,rtp,0.09064405095511868,10000.0,grid,,0.95,0.4878544717570618,0.23329219686425312,0.04670720491077032,0.007718044206979108,2.299894641777599,0.5270990536098217
26,grid_0.1645,grid,0.1645,58012.50658495081,grid,,0.95,0.5019437340840976,0.23471277573325106,0.04667215121534533,0.008417935877062077,2.1916800777119425,0.5335732774528571
26,grid_0.2109,grid,0.2109,134207.26849614628,grid,,0.95,0.5109770216591943,0.234840542154332,0.04668909298337386,0.008460987255966723,2.14355339429601,0.5342859690121994
26,grid_0.2423,grid,0.2423,216569.70915289148,grid,,0.95,0.5165475548861387,0.23468728328701663,0.04669769696507527,0.008380423971565132,2.1166420050047297,0.5337640323781624
26,grid_0.2700,grid,0.27,327633.12501194235,grid,,0.95,0.5210052432883643,0.23443036359276545,0.04670060818984765,0.008256987184388553,2.095963254327332,0.5328823254492111
26,grid_0.2850,grid,0.285,402893.9625313691,grid,,0.95,0.5232802753750633,0.2342700704103514,0.04670155674166314,0.008180909148407856,2.0857499641360824,0.5322891380539223
26,grid_0.3100,grid,0.31,555710.52112422,grid,,0.95,0.5268100964366077,0.2339646700257961,0.04670051296732749,0.008038953852952169,2.0701087327945187,0.5311804542654136
26,grid_0.3300,grid,0.33,705816.5067182615,grid,,0.95,0.5294233439950644,0.2336956028182639,0.046697777810701335,0.007915856965890422,2.0587017051758396,0.5302126223236022
26,grid_0.3434,grid,0.3434,822689.7267557766,grid,,0.95,0.5310765215568171,0.23350644419959798,0.04669512928161419,0.007830130201125773,2.0515757473626866,0.5295441404298534
26,grid_0.3600,grid,0.36,991758.3943167739,grid,,0.95,0.5330187906664418,0.2332639592389438,0.04669088946031676,0.007721185219510873,2.0432074796819197,0.5286946767871968
26,grid_0.3649,grid,0.3649,1046287.5481974519,grid,,0.95,0.5335701601279311,0.2331910085130628,0.04668943737152888,0.007688609079810449,2.0408512667639456,0.5284418849800627
26,grid_0.4000,grid,0.4,1505092.7916595435,grid,,0.95,0.53727121457401,0.23265098772224718,0.046676913305151016,0.007449568782986193,2.0250434708111738,0.5265904251393198
26,grid_0.4500,grid,0.45,2399274.8892340166,grid,,0.95,0.5419662565332755,0.23191876694963245,0.046658094935132594,0.007128219528305335,2.0053325065907623,0.5239923220963815
26,grid_0.4898,grid,0.4898,3355867.254800157,grid,,0.95,0.5451857466233557,0.23134491604538293,0.04663968127666022,0.00688078890338506,1.9918634245739133,0.5220409351754646
26,grid_0.5000,grid,0.5,3677467.8876924147,grid,,0.95,0.5459383932095618,0.23119712753253122,0.04663429735962462,0.006817814419668888,1.9886997023694335,0.5215600948391594
26,grid_0.5500,grid,0.55,5614816.52972846,grid,,0.95,0.5493495766903206,0.23048493472760073,0.04660687487694322,0.006516430259443151,1.9743475441644218,0.5192635902052011
26,grid_0.5971,grid,0.5971,8086804.56325916,grid,,0.95,0.5521262073055737,0.22982136888775603,0.04657765087600405,0.006240210721437989,1.962455699464237,0.5172215938439984
26,grid_0.6049,grid,0.6049,8566501.529528376,grid,,0.95,0.5525279293402559,0.2297139478376996,0.04657223361455598,0.006196264216625391,1.9606927141276465,0.5169177681360984
26,grid_0.6500,grid,0.65,11788704.133040529,grid,,0.95,0.5549405397401682,0.2291411157924212,0.04654718310545815,0.005958467841137627,1.9506153538428408,0.5151199276416888
26,grid_0.7139,grid,0.7139,,grid,,0.95,0.5578200362036426,0.22839058258239026,0.04650911033377081,0.005653147878552811,1.9382990354657088,0.5128976246401084
26,grid_0.7892,grid,0.7892,,grid,,0.95,0.5605474453654989,0.2275078695185916,0.04646029042915435,0.005299540263734137,1.9259652631040003,0.5104158449541643
26,grid_0.8000,grid,0.8,,grid,,0.95,0.5608270423930608,0.22738963650465585,0.046451897613995596,0.005254149175723921,1.9245053334635813,0.5101317875602588
26,grid_0.8904,grid,0.8904,,grid,,0.95,0.5629132865274142,0.22625938449178945,0.046378030242829806,0.004815278827773606,1.9128225228120612,0.5074563137543379
26,grid_0.9500,grid,0.95,,grid,,0.95,0.5635896385848272,0.22532776431580007,0.04631056791066816,0.0044620334608885814,1.9062951682589633,0.5055622630479715
26,grid_1.0112,grid,1.0112,,grid,,0.95,0.5649202176687184,0.22465270935098144,0.046266566305710057,0.004202273513026489,1.899160430955127,0.5035923371851746
26,rtp475,rtp,0.02233688765396187,475.0,grid,,1.0,0.4996786456263507,0.23292808012671018,0.04756684702136828,0.006688643490146834,2.5412707730027373,0.5417026010863322
26,rtp2500,rtp,0.052045454201970515,2500.0,grid,,1.0,0.5000934451974497,0.23142463852410433,0.046831320740392646,0.006726042575619706,2.3921523279780708,0.5242997560128784
26,rtp5000,rtp,0.06947845061835717,5000.0,grid,,1.0,0.5020997438575296,0.23161289661837894,0.0466879107611128,0.006956623118843097,2.3445421418656682,0.5247444781481421
26,rtp10000,rtp,0.09064405095511868,10000.0,grid,,1.0,0.5056821010087754,0.23201394965441025,0.04660762166499201,0.007222851169247202,2.299894641777599,0.5270990536098217
26,grid_0.1645,grid,0.1645,58012.50658495081,grid,,1.0,0.5216312123331194,0.23303440717325397,0.046573303171122765,0.007731731755467153,2.1916800777119425,0.5335732774528571
26,grid_0.2109,grid,0.2109,134207.26849614628,grid,,1.0,0.5314090755425646,0.23309464245379885,0.046589795680231944,0.0077433166604323755,2.14355339429601,0.5342859690121994
26,grid_0.2423,grid,0.2423,216569.70915289148,grid,,1.0,0.5374193055092666,0.2329414010226882,0.04659818016260282,0.007663516147810023,2.1166420050047297,0.5337640323781624
26,grid_0.2700,grid,0.27,327633.12501194235,grid,,1.0,0.5422412341020296,0.23270246622586366,0.046601018710287836,0.007549419077311381,2.095963254327332,0.5328823254492111
26,grid_0.2850,grid,0.285,402893.9625313691,grid,,1.0,0.5447077945400788,0.23255777477624198,0.04660194689982297,0.007481171709054324,2.0857499641360824,0.5322891380539223
26,grid_0.3100,grid,0.31,555710.52112422,grid,,1.0,0.54854816894826,0.2322833647933703,0.04660093642808425,0.007354625131645698,2.0701087327945187,0.5311804542654136
26,grid_0.3300,grid,0.33,705816.5067182615,grid,,1.0,0.5514036293592764,0.23204261914980878,0.04659827561330905,0.007245501488594153,2.0587017051758396,0.5302126223236022
26,grid_0.3434,grid,0.3434,822689.7267557766,grid,,1.0,0.5532176042437197,0.23187358087133464,0.04659569720215308,0.007169660303942282,2.0515757473626866,0.5295441404298534
26,grid_0.3600,grid,0.36,991758.3943167739,grid,,1.0,0.5553542533463139,0.23165681266147858,0.046591568261102376,0.0070733105913730054,2.0432074796819197,0.5286946767871968
26,grid_0.3649,grid,0.3649,1046287.5481974519,grid,,1.0,0.5559631359210749,0.23159160006424354,0.04659015384999334,0.00704451537032319,2.0408512667639456,0.5284418849800627
26,grid_0.4000,grid,0.4,1505092.7916595435,grid,,1.0,0.560064192276174,0.23110855063625171,0.04657795246401012,0.0068332097131788005,2.0250434708111738,0.5265904251393198
26,grid_0.4500,grid,0.45,2399274.8892340166,grid,,1.0,0.5653049341867185,0.23046064299538538,0.04655962926660176,0.006552478703244713,2.0053325065907623,0.5239923220963815
26,grid_0.4898,grid,0.4898,3355867.254800157,grid,,1.0,0.5689475520279569,0.22994988910760744,0.04654169492741212,0.006335256573188841,1.9918634245739133,0.5220409351754646
26,grid_0.5000,grid,0.5,3677467.8876924147,grid,,1.0,0.569807335175603,0.22981754868089269,0.046536450563518406,0.006279655118176075,1.9886997023694335,0.5215600948391594
26,grid_0.5500,grid,0.55,5614816.52972846,grid,,1.0,0.5737279578247426,0.2291791170768772,0.04650973671916128,0.0060133309849756955,1.9743475441644218,0.5192635902052011
26,grid_0.5971,grid,0.5971,8086804.56325916,grid,,1.0,0.5769631625233078,0.22858072940065108,0.04648126461667495,0.005767885236658721,1.962455699464237,0.5172215938439984
26,grid_0.6049,grid,0.6049,8566501.529528376,grid,,1.0,0.5774410622976447,0.22848274251753298,0.04647598651214826,0.005728377116185013,1.9606927141276465,0.5169177681360984
26,grid_0.6500,grid,0.65,11788704.133040529,grid,,1.0,0.5802759140165209,0.227966316749431,0.046451577630250145,0.005517063942051759,1.9506153538428408,0.5151199276416888
26,grid_0.7139,grid,0.7139,,grid,,1.0,0.5837346645380718,0.22728455803271563,0.046414477928341975,0.005243792391784907,1.9382990354657088,0.5128976246401084
26,grid_0.7892,grid,0.7892,,grid,,1.0,0.5871104005117428,0.22647095596836073,0.04636690698077,0.004922186916453186,1.9259652631040003,0.5104158449541643
26,grid_0.8000,grid,0.8,,grid,,1.0,0.5874826908789172,0.22636016626753125,0.046358728788279006,0.004880196084385391,1.9245053334635813,0.5101317875602588
26,grid_0.8904,grid,0.8904,,grid,,1.0,0.590298089037061,0.22529513416566863,0.046286757346744214,0.0044711401319824096,1.9128225228120612,0.5074563137543379
26,grid_0.9500,grid,0.95,,grid,,1.0,0.5914261652940657,0.22440656535849707,0.046221027151399405,0.004137279424598017,1.9062951682589633,0.5055622630479715
26,grid_1.0112,grid,1.0112,,grid,,1.0,0.593205022611849,0.22378120246033384,0.046178143419842825,0.0038998831547500945,1.899160430955127,0.5035923371851746
26,rtp475,rtp,0.02233688765396187,475.0,grid,,1.05,0.5059042479580885,0.23510538915795312,0.04862187112477983,0.0066526728863327556,2.5412707730027373,0.5417026010863322
26,rtp2500,rtp,0.052045454201970515,2500.0,grid,,1.05,0.5087215298932216,0.23328379187649556,0.0479086315330295,0.006512696019246589,2.3921523279780708,0.5242997560128784
26,rtp5000,rtp,0.06947845061835717,5000.0,grid,,1.05,0.5116093147633374,0.23329270127486193,0.04776951650941997,0.0066559679587019915,2.3445421418656682,0.5247444781481421
26,rtp10000,rtp,0.09064405095511868,10000.0,grid,,1.05,0.5159632513384055,0.23350649461336717,0.04769157407086479,0.006833708955757689,2.299894641777599,0.5270990536098217
26,grid_0.1645,grid,0.1645,58012.50658495081,grid,,1.05,0.5334324091179731,0.23414434368763792,0.04765806506662249,0.007165508614292215,2.1916800777119425,0.5335732774528571
26,grid_0.2109,grid,0.2109,134207.26849614628,grid,,1.05,0.54381201866143,0.2341254376514381,0.047674010509566926,0.007140710045910492,2.14355339429601,0.5342859690121994
26,grid_0.2423,grid,0.2423,216569.70915289148,grid,,1.05,0.5501812500142849,0.23396137930915326,0.047682140045165806,0.007055786963075683,2.1166420050047297,0.5337640323781624
26,grid_0.2700,grid,0.27,327633.12501194235,grid,,1.05,0.5553047806919326,0.23373100964558766,0.047684905341892715,0.006945279528053072,2.095963254327332,0.5328823254492111
26,grid_0.2850,grid,0.285,402893.9625313691,grid,,1.05,0.5579313212411733,0.23359645866498593,0.0476858195813665,0.006881485919455976,2.0857499641360824,0.5322891380539223
26,grid_0.3100,grid,0.31,555710.52112422,grid,,1.05,0.5620335784345001,0.2333444124486138,0.047684869282117945,0.006764745538870853,2.0701087327945187,0.5311804542654136
26,grid_0.3300,grid,0.33,705816.5067182615,grid,,1.05,0.5650952284322734,0.2331254533831305,0.04768231465969172,0.006665162355398435,2.0587017051758396,0.5302126223236022
26,grid_0.3434,grid,0.3434,822689.7267557766,grid,,1.05,0.5670472424255516,0.23297238351216276,0.04767983187183389,0.006596299607504352,2.0515757473626866,0.5295441404298534
26,grid_0.3600,grid,0.36,991758.3943167739,grid,,1.05,0.5693514723795594,0.2327765156828608,0.047675850680571306,0.006509055572881839,2.0432074796819197,0.5286946767871968
26,grid_0.3649,grid,0.3649,1046287.5481974519,grid,,1.05,0.5700102294397145,0.23271766330573546,0.04767448579475762,0.006483025019724031,2.0408512667639456,0.5284418849800627
26,grid_0.4000,grid,0.4,1505092.7916595435,grid,,1.05,0.5744599433028861,0.23228267203132544,0.04766270325032946,0.006292536475682842,2.0250434708111738,0.5265904251393198
26,grid_0.4500,grid,0.45,2399274.8892340166,grid,,1.05,0.5801809785400768,0.23170637436758929,0.04764502703881986,0.006042816883753577,2.0053325065907623,0.5239923220963815
26,grid_0.4898,grid,0.4898,3355867.254800157,grid,,1.05,0.5842016951465483,0.231250246753801,0.04762770941871449,0.0058489672049793495,1.9918634245739133,0.5220409351754646
26,grid_0.5000,grid,0.5,3677467.8876924147,grid,,1.05,0.5851580113432928,0.23113148547397636,0.04762264360707982,0.005799119970327116,1.9886997023694335,0.5215600948391594
26,grid_0.5500,grid,0.55,5614816.52972846,grid,,1.05,0.5895402426600626,0.2305586040402262,0.04759683275942898,0.005560437137548835,1.9743475441644218,0.5192635902052011
26,grid_0.5971,grid,0.5971,8086804.56325916,grid,,1.05,0.5931953301809347,0.23001937870645886,0.04756931316000296,0.005339601420502382,1.962455699464237,0.5172215938439984
26,grid_0.6049,grid,0.6049,8566501.529528376,grid,,1.05,0.5937437148435055,0.2299300431681945,0.04756421095738289,0.005303613793944895,1.9606927141276465,0.5169177681360984
26,grid_0.6500,grid,0.65,11788704.133040529,grid,,1.05,0.5969683994147879,0.22946422281143136,0.047540609931693394,0.0051132196187608225,1.9506153538428408,0.5151199276416888
26,grid_0.7139,grid,0.7139,,grid,,1.05,0.6009668732404142,0.22884439067760393,0.04750473177937833,0.004865023365225485,1.9382990354657088,0.5128976246401084
26,grid_0.7892,grid,0.7892,,grid,,1.05,0.6049531435143998,0.22809614198621728,0.04745873079332544,0.004569119195671156,1.9259652631040003,0.5104158449541643
26,grid_0.8000,grid,0.8,,grid,,1.05,0.6054135131629631,0.2279927994575502,0.0474508222310863,0.004529894373404397,1.9245053334635813,0.5101317875602588
26,grid_0.8904,grid,0.8904,,grid,,1.05,0.6089288528977412,0.2269983504849608,0.04738124467692334,0.00414700644596977,1.9128225228120612,0.5074563137543379
26,grid_0.9500,grid,0.95,,grid,,1.05,0.610502022737944,0.22616417388917673,0.047317702598308545,0.003832530952665225,1.9062951682589633,0.5055622630479715
26,grid_1.0112,grid,1.0112,,grid,,1.05,0.6127148266877945,0.22558958118708408,0.04727621063330801,0.003614448506855994,1.899160430955127,0.5035923371851746
26,rtp475,rtp,0.02233688765396187,475.0,grid,,1.1,0.512530857371845,0.23657227284349477,0.049221946513729145,0.006744493764607784,2.5412707730027373,0.5417026010863322
26,rtp2500,rtp,0.052045454201970515,2500.0,grid,,1.1,0.5177696903616239,0.2344522668975593,0.04853792971373689,0.006429935739667492,2.3921523279780708,0.5242997560128784
26,rtp5000,rtp,0.06947845061835717,5000.0,grid,,1.1,0.5215570381159751,0.23429872121667017,0.048404467917764024,0.006491422846002903,2.3445421418656682,0.5247444781481421
26,rtp10000,rtp,0.09064405095511868,10000.0,grid,,1.1,0.5267101747973773,0.23434220513906512,0.04832962497619612,0.006586644133243558,2.299894641777599,0.5270990536098217
26,grid_0.1645,grid,0.1645,58012.50658495081,grid,,1.1,0.5458140992070701,0.23462053796965657,0.04829719351697753,0.006749603320193531,2.1916800777119425,0.5335732774528571
26,grid_0.2109,grid,0.2109,134207.26849614628,grid,,1.1,0.556866156231957,0.23451695942311898,0.048312398645363595,0.006685805611701234,2.14355339429601,0.5342859690121994
26,grid_0.2423,grid,0.2423,216569.70915289148,grid,,1.1,0.5636386852420845,0.2343338568307087,0.048320172018785905,0.006592184438369175,2.1166420050047297,0.5337640323781624
26,grid_0.2700,grid,0.27,327633.12501194235,grid,,1.1,0.5690998918343638,0.23410295926267768,0.0483228200073441,0.0064813755281988294,2.095963254327332,0.5328823254492111
26,grid_0.2850,grid,0.285,402893.9625313691,grid,,1.1,0.571905104147361,0.23397341466454796,0.04832370355669143,0.00641985521309707,2.0857499641360824,0.5322891380539223
26,grid_0.3100,grid,0.31,555710.52112422,grid,,1.1,0.576298605262764,0.23373477476504909,0.048322811151042436,0.006309133783425791,2.0701087327945187,0.5311804542654136
26,grid_0.3300,grid,0.33,705816.5067182615,grid,,1.1,0.5795885215282981,0.23353027298012072,0.04832037953546658,0.006216008862703126,2.0587017051758396,0.5302126223236022
26,grid_0.3434,grid,0.3434,822689.7267557766,grid,,1.1,0.5816927495893965,0.23338830294062946,0.04831801169617178,0.006152088253335242,2.0515757473626866,0.5295441404298534
26,grid_0.3600,grid,0.36,991758.3943167739,grid,,1.1,0.5841813073809049,0.23320721466641692,0.048314211477897065,0.006071393494571198,2.0432074796819197,0.5286946767871968
26,grid_0.3649,grid,0.3649,1046287.5481974519,grid,,1.1,0.5848947552256036,0.23315295633348465,0.04831290790716984,0.006047393139873958,2.0408512667639456,0.5284418849800627
26,grid_0.4000,grid,0.4,1505092.7916595435,grid,,1.1,0.589725679034769,0.23275322790095734,0.04830164908487863,0.0058724160134363546,2.0250434708111738,0.5265904251393198
26,grid_0.4500,grid,0.45,2399274.8892340166,grid,,1.1,0.5959691653670551,0.2322318018261633,0.04828478389388311,0.005646825885543272,2.0053325065907623,0.5239923220963815
26,grid_0.4898,grid,0.4898,3355867.254800157,grid,,1.1,0.6003978909768976,0.23181815165561453,0.04826824807864636,0.005471407358379143,1.9918634245739133,0.5220409351754646
26,grid_0.5000,grid,0.5,3677467.8876924147,grid,,1.1,0.6014578857798814,0.23171000004427958,0.048263409508791114,0.005426114611728927,1.9886997023694335,0.5215600948391594
26,grid_0.5500,grid,0.55,5614816.52972846,grid,,1.1,0.6063344915500887,0.23118867983408478,0.04823875118554761,0.005209454497879351,1.9743475441644218,0.5192635902052011
26,grid_0.5971,grid,0.5971,8086804.56325916,grid,,1.1,0.6104367065046273,0.230696226670357,0.048212452344193475,0.0050082966557472575,1.962455699464237,0.5172215938439984
26,grid_0.6049,grid,0.6049,8566501.529528376,grid,,1.1,0.6110596995348684,0.23061367195169677,0.04820757592789051,0.004975089763154306,1.9606927141276465,0.5169177681360984
26,grid_0.6500,grid,0.65,11788704.133040529,grid,,1.1,0.6146985934205246,0.2301883021607013,0.04818501475385141,0.004801639697774918,1.9506153538428408,0.5151199276416888
26,grid_0.7139,grid,0.7139,,grid,,1.1,0.6192672294938835,0.22961780174817384,0.04815071223676287,0.004573622642900788,1.9382990354657088,0.5128976246401084
26,grid_0.7892,grid,0.7892,,grid,,1.1,0.6238943483110908,0.2289207702685212,0.048106734394719186,0.004297984665613874,1.9259652631040003,0.5104158449541643
26,grid_0.8000,grid,0.8,,grid,,1.1,0.6244462893821028,0.2288230797619445,0.04809917343465386,0.004260828397087357,1.9245053334635813,0.5101317875602588
26,grid_0.8904,grid,0.8904,,grid,,1.1,0.6286872908476544,0.22788153508862144,0.04803267107190472,0.003897322962441885,1.9128225228120612,0.5074563137543379
26,grid_0.9500,grid,0.95,,grid,,1.1,0.6307149659995342,0.22708708385331947,0.04797193890888678,0.0035966047441177706,1.9062951682589633,0.5055622630479715
26,grid_1.0112,grid,1.0112,,grid,,1.1,0.6333771443276569,0.22655317501966543,0.04793225269127261,0.003394088420218544,1.899160430955127,0.5035923371851746
26,rtp475,rtp,0.02233688765396187,475.0,grid,,1.15,0.5194706364824813,0.2374569683844777,0.04942544504124731,0.006960366793099526,2.5412707730027373,0.5417026010863322
26,rtp2500,rtp,0.052045454201970515,2500.0,grid,,1.15,0.5271463288154165,0.2350415264121557,0.0487759290538583,0.006468590084297787,2.3921523279780708,0.5242997560128784
26,rtp5000,rtp,0.06947845061835717,5000.0,grid,,1.15,0.5318481250232204,0.23473593133229909,0.048649155688923015,0.006451801769518817,2.3445421418656682,0.5247444781481421
26,rtp10000,rtp,0.09064405095511868,10000.0,grid,,1.15,0.5378235613346939,0.23461988944765577,0.0485779860579406,0.00646850646648961,2.299894641777599,0.5270990536098217
26,grid_0.1645,grid,0.1645,58012.50658495081,grid,,1.15,0.5586592694786584,0.23454939670508762,0.04854683299987508,0.006466586494845494,2.1916800777119425,0.5335732774528571
26,grid_0.2109,grid,0.2109,134207.26849614628,grid,,1.15,0.5704436826717298,0.23435248021611102,0.048561146757993764,0.006359938225448947,2.14355339429601,0.5342859690121994
26,grid_0.2423,grid,0.2423,216569.70915289148,grid,,1.15,0.5776569925985944,0.2341412272202821,0.04856848413383855,0.0062536301503812175,2.1166420050047297,0.5337640323781624
26,grid_0.2700,grid,0.27,327633.12501194235,grid,,1.15,0.5834863534433484,0.23390051819596944,0.04857097885848631,0.006138473553856716,2.095963254327332,0.5328823254492111
26,grid_0.2850,grid,0.285,402893.9625313691,grid,,1.15,0.5864860103955887,0.2337708992945939,0.04857181771354459,0.006077015643458583,2.0857499641360824,0.5322891380539223
26,grid_0.3100,grid,0.31,555710.52112422,grid,,1.15,0.5911955031676039,0.23353699202065822,0.048570979447478416,0.005968547194578566,2.0701087327945187,0.5311804542654136
26,grid_0.3300,grid,0.33,705816.5067182615,grid,,1.15,0.5947322684931073,0.2333399868765254,0.04856868213398276,0.005878867341554295,2.0587017051758396,0.5302126223236022
26,grid_0.3434,grid,0.3434,822689.7267557766,grid,,1.15,0.5970006273036579,0.23320455417634037,0.048566443008751854,0.00581792107983381,2.0515757473626866,0.5295441404298534
26,grid_0.3600,grid,0.36,991758.3943167739,grid,,1.15,0.5996875828903125,0.23303255005761603,0.04856284792320234,0.005741321463152982,2.0432074796819197,0.5286946767871968
26,grid_0.3649,grid,0.3649,1046287.5481974519,grid,,1.15,0.6004597637087957,0.2329812553521023,0.048561614325894835,0.005718651019546661,2.0408512667639456,0.5284418849800627
26,grid_0.4000,grid,0.4,1505092.7916595435,grid,,1.15,0.6056991947823648,0.23260507811281528,0.0485509568845003,0.0055541654793686,2.0250434708111738,0.5265904251393198
26,grid_0.4500,grid,0.45,2399274.8892340166,grid,,1.15,0.6125004128921422,0.23212343093793728,0.04853502483117015,0.0053462623592291925,2.0053325065907623,0.5239923220963815
26,grid_0.4898,grid,0.4898,3355867.254800157,grid,,1.15,0.617362099566017,0.23174145782154218,0.048519394660287395,0.005184708612966216,1.9918634245739133,0.5220409351754646
26,grid_0.5000,grid,0.5,3677467.8876924147,grid,,1.15,0.618531721975352,0.23164129897581204,0.04851481994521685,0.005142871445984687,1.9886997023694335,0.5215600948391594
26,grid_0.5500,grid,0.55,5614816.52972846,grid,,1.15,0.6239299427828354,0.23115929730078966,0.04849150210289729,0.004943118625697573,1.9743475441644218,0.5192635902052011
26,grid_0.5971,grid,0.5971,8086804.56325916,grid,,1.15,0.6285018709171449,0.23070288486642898,0.048466626566313724,0.00475719451937906,1.962455699464237,0.5172215938439984
26,grid_0.6049,grid,0.6049,8566501.529528376,grid,,1.15,0.6292028778957103,0.230625500415121,0.048462013634136165,0.0047261078075888086,1.9606927141276465,0.5169177681360984
26,grid_0.6500,grid,0.65,11788704.133040529,grid,,1.15,0.6332761453098721,0.23023188460703153,0.048440667901731974,0.004566052787973507,1.9506153538428408,0.5151199276416888
26,grid_0.7139,grid,0.7139,,grid,,1.15,0.6384400241012594,0.22969999208154135,0.04840820931941348,0.004353877042846677,1.9382990354657088,0.5128976246401084
26,grid_0.7892,grid,0.7892,,grid,,1.15,0.6437328444444551,0.2290422205270316,0.04836659783622797,0.0040937409477254105,1.9259652631040003,0.5104158449541643
26,grid_0.8000,grid,0.8,,grid,,1.15,0.6443791914429298,0.22894865330427386,0.04835944354276207,0.004058042307078513,1.9245053334635813,0.5101317875602588
26,grid_0.8904,grid,0.8904,,grid,,1.15,0.6493666629196887,0.22804513050026548,0.04829653146100275,0.0037080500838803654,1.9128225228120612,0.5074563137543379
26,grid_0.9500,grid,0.95,,grid,,1.15,0.651856188857517,0.22727817266314304,0.04823907922726556,0.0034162885418319022,1.9062951682589633,0.5055622630479715
26,grid_1.0112,grid,1.0112,,grid,,1.15,0.6549801792771999,0.22677672348261882,0.04820151340409686,0.0032261689094152946,1.899160430955127,0.5035923371851746
26,rtp475,rtp,0.02233688765396187,475.0,grid,,1.2,0.5266356279893835,0.23783224178633353,0.04928084004032534,0.007283335192787677,2.5412707730027373,0.5417026010863322
26,rtp2500,rtp,0.052045454201970515,2500.0,grid,,1.2,0.5368090096136653,0.23510742585323544,0.04866939604202563,0.006606105649308969,2.3921523279780708,0.5242997560128784
26,rtp5000,rtp,0.06947845061835717,5000.0,grid,,1.2,0.5424518124593576,0.23465437265801353,0.04855001355616466,0.006512661051361224,2.3445421418656682,0.5247444781481421
26,rtp10000,rtp,0.09064405095511868,10000.0,grid,,1.2,0.5492802197232233,0.23438424775477815,0.04848290741625111,0.006453068179322119,2.299894641777599,0.5270990536098217
26,grid_0.1645,grid,0.1645,58012.50658495081,grid,,1.2,0.5719463439224926,0.23396517614704135,0.04845316918950782,0.006286534460008264,2.1916800777119425,0.5335732774528571
26,grid_0.2109,grid,0.2109,134207.26849614628,grid,,1.2,0.584516659558727,0.23366375694092031,0.048466486715888754,0.006132264591856729,2.14355339429601,0.5342859690121994
26,grid_0.2423,grid,0.2423,216569.70915289148,grid,,1.2,0.5922030323987361,0.23341464422760072,0.04847333177427071,0.006009064365626704,2.1166420050047297,0.5337640323781624
26,grid_0.2700,grid,0.27,327633.12501194235,grid,,1.2,0.5984263669902814,0.2331548635897648,0.0484756467380393,0.005885543677522531,2.095963254327332,0.5328823254492111
26,grid_0.2850,grid,0.285,402893.9625313691,grid,,1.2,0.6016336488761262,0.23302021482063487,0.04847643019278645,0.005821990322268378,2.0857499641360824,0.5322891380539223
26,grid_0.3100,grid,0.31,555710.52112422,grid,,1.2,0.6066796875510287,0.2327827652953364,0.04847564146949032,0.005712174349053356,2.0701087327945187,0.5311804542654136
26,grid_0.3300,grid,0.33,705816.5067182615,grid,,1.2,0.610478628917113,0.2325867458059722,0.04847348452479736,0.005623109799814563,2.0587017051758396,0.5302126223236022
26,grid_0.3434,grid,0.3434,822689.7267557766,grid,,1.2,0.6129208851747159,0.23245364291651538,0.04847138242012092,0.0055633136850379294,2.0515757473626866,0.5295441404298534
26,grid_0.3600,grid,0.36,991758.3943167739,grid,,1.2,0.6158177636848953,0.2322855164596935,0.0484680075885476,0.005488553568398946,2.0432074796819197,0.5286946767871968
26,grid_0.3649,grid,0.3649,1046287.5481974519,grid,,1.2,0.6166519736097585,0.2322357082338107,0.04846684947618396,0.005466574702675697,2.0408512667639456,0.5284418849800627
26,grid_0.4000,grid,0.4,1505092.7916595435,grid,,1.2,0.6223221552617689,0.23187258490614057,0.04845684353416464,0.005308052096890725,2.0250434708111738,0.5265904251393198
26,grid_0.4500,grid,0.45,2399274.8892340166,grid,,1.2,0.6297096105939883,0.23141733447423926,0.048441923789849566,0.0051120589053123555,2.0053325065907623,0.5239923220963815
26,grid_0.4898,grid,0.4898,3355867.254800157,grid,,1.2,0.6350242882735712,0.23105766122777352,0.04842728060623386,0.0049603622058146946,1.9918634245739133,0.5220409351754646
26,grid_0.5000,grid,0.5,3677467.8876924147,grid,,1.2,0.6363083071113351,0.23096325880136576,0.04842299389581185,0.0049210330203348085,1.9886997023694335,0.5215600948391594
26,grid_0.5500,grid,0.55,5614816.52972846,grid,,1.2,0.6422499429654653,0.23051021565789193,0.048401140873770836,0.004733818648877008,1.9743475441644218,0.5192635902052011
26,grid_0.5971,grid,0.5971,8086804.56325916,grid,,1.2,0.6473097104314645,0.23008093936940255,0.04837782318304265,0.004559415478064044,1.962455699464237,0.5172215938439984
26,grid_0.6049,grid,0.6049,8566501.529528376,grid,,1.2,0.6480914647423531,0.23000741905740985,0.048373498812438465,0.004529914009012481,1.9606927141276465,0.5169177681360984
26,grid_0.6500,grid,0.65,11788704.133040529,grid,,1.2,0.6526150318485187,0.22963845125750226,0.048353485634314894,0.004380332661629349,1.9506153538428408,0.5151199276416888
26,grid_0.7139,grid,0.7139,,grid,,1.2,0.6583939669590861,0.2291365710721749,0.048323050276697484,0.004180517926016369,1.9382990354657088,0.5128976246401084
26,grid_0.7892,grid,0.7892,,grid,,1.2,0.6643722682768487,0.2285087528257991,0.04828403430891323,0.003932215809088924,1.9259652631040003,0.5104158449541643
26,grid_0.8000,grid,0.8,,grid,,1.2,0.6651153473609428,0.22841813811992331,0.0482773261325465,0.0038975196896258724,1.9245053334635813,0.5101317875602588
26,grid_0.8904,grid,0.8904,,grid,,1.2,0.6708666802239188,0.22754154454227535,0.04821834723715185,0.0035568072555324237,1.9128225228120612,0.5074563137543379
26,grid_0.9500,grid,0.95,,grid,,1.2,0.6738254216569585,0.22679328022328632,0.048164487730579235,0.0032707042238588335,1.9062951682589633,0.5055622630479715
26,grid_1.0112,grid,1.0112,,grid,,1.2,0.6774215027018804,0.2263183008839932,0.04812925365140506,0.003090719663612629,1.899160430955127,0.5035923371851746
26,rtp475,rtp,0.02233688765396187,475.0,grid,,1.25,0.5239566846920843,0.24145084353175789,0.05017458227858163,0.008123927563615796,2.5412707730027373,0.5417026010863322
26,rtp2500,rtp,0.052045454201970515,2500.0,grid,,1.25,0.5385604303277503,0.23844806726992984,0.04958726053612932,0.0072702202486356615,2.3921523279780708,0.5242997560128784
26,rtp5000,rtp,0.06947845061835717,5000.0,grid,,1.25,0.5458686624655649,0.23792013010507224,0.04947255059937824,0.007133437709836266,2.3445421418656682,0.5247444781481421
26,rtp10000,rtp,0.09064405095511868,10000.0,grid,,1.25,0.5543022713965231,0.23757938012002816,0.04940798359939837,0.007035978258818465,2.299894641777599,0.5270990536098217
26,grid_0.1645,grid,0.1645,58012.50658495081,grid,,1.25,0.580855368531734,0.2369807548818631,0.049378992025233714,0.006780886159143962,2.1916800777119425,0.5335732774528571
26,grid_0.2109,grid,0.2109,134207.26849614628,grid,,1.25,0.5951807928750078,0.23659548985952442,0.04939161481143922,0.006585811010429099,2.14355339429601,0.5342859690121994
26,grid_0.2423,grid,0.2423,216569.70915289148,grid,,1.25,0.6038849096658286,0.23629861269330982,0.049398120045754924,0.0064389143150279105,2.1166420050047297,0.5337640323781624
26,grid_0.2700,grid,0.27,327633.12501194235,grid,,1.25,0.6109196096462877,0.23600067821269635,0.0494003040465275,0.00629601607032515,2.095963254327332,0.5328823254492111
26,grid_0.2850,grid,0.285,402893.9625313691,grid,,1.25,0.6145394978779711,0.2358478062697698,0.04940104741213127,0.006223140310131603,2.0857499641360824,0.5322891380539223
26,grid_0.3100,grid,0.31,555710.52112422,grid,,1.25,0.6202344147061652,0.235581922225251,0.04940028571381208,0.006098556365532137,2.0701087327945187,0.5311804542654136
26,grid_0.3300,grid,0.33,705816.5067182615,grid,,1.25,0.6245218486740945,0.2353649062106022,0.04939821634309189,0.0059984227324336725,2.0587017051758396,0.5302126223236022
26,grid_0.3434,grid,0.3434,822689.7267557766,grid,,1.25,0.6272784129809478,0.23521859534209588,0.049396200961391655,0.005931586633316999,2.0515757473626866,0.5295441404298534
26,grid_0.3600,grid,0.36,991758.3943167739,grid,,1.25,0.6305496251000905,0.23503475858271392,0.04939296648768261,0.005848371254352003,2.0432074796819197,0.5286946767871968
26,grid_0.3649,grid,0.3649,1046287.5481974519,grid,,1.25,0.6314918578587596,0.2349805019578749,0.04939185660688872,0.0058239796934861365,2.0408512667639456,0.5284418849800627
26,grid_0.4000,grid,0.4,1505092.7916595435,grid,,1.25,0.6379000384709842,0.2345872428480716,0.049382267963923795,0.005648906543136323,2.0250434708111738,0.5265904251393198
26,grid_0.4500,grid,0.45,2399274.8892340166,grid,,1.25,0.646250805209175,0.23409725166921605,0.049368010819902504,0.005433512419177777,2.0053325065907623,0.5239923220963815
26,grid_0.4898,grid,0.4898,3355867.254800157,grid,,1.25,0.6522702814048422,0.23371289160251443,0.04935401360222724,0.005267702098981419,1.9918634245739133,0.5220409351754646
26,grid_0.5000,grid,0.5,3677467.8876924147,grid,,1.25,0.6537270460434813,0.23361241681232583,0.04934991528970798,0.005224845999187877,1.9886997023694335,0.5215600948391594
26,grid_0.5500,grid,0.55,5614816.52972846,grid,,1.25,0.6604738329902761,0.23313174794360406,0.04932902012730907,0.005021391771931061,1.9743475441644218,0.5192635902052011
26,grid_0.5971,grid,0.5971,8086804.56325916,grid,,1.25,0.6662346389468701,0.23267857162678215,0.04930672059193269,0.004832597102346903,1.962455699464237,0.5172215938439984
26,grid_0.6049,grid,0.6049,8566501.529528376,grid,,1.25,0.6671278580656109,0.23260107601529673,0.0493025847792126,0.0048006757842612435,1.9606927141276465,0.5169177681360984
26,grid_0.6500,grid,0.65,11788704.133040529,grid,,1.25,0.6722762716658495,0.23221162199688136,0.049283442043103975,0.004638795347318536,1.9506153538428408,0.5151199276416888
26,grid_0.7139,grid,0.7139,,grid,,1.25,0.6788764578251646,0.23168306821996928,0.04925432794029045,0.004422716159528495,1.9382990354657088,0.5128976246401084
26,grid_0.7892,grid,0.7892,,grid,,1.25,0.6857383859099067,0.2310235188806211,0.049217007157550244,0.00415485911843444,1.9259652631040003,0.5104158449541643
26,grid_0.8000,grid,0.8,,grid,,1.25,0.6866005472131734,0.23092865944058305,0.049210590334636144,0.004117455416388638,1.9245053334635813,0.5101317875602588
26,grid_0.8904,grid,0.8904,,grid,,1.25,0.6932939861932179,0.23001381399759951,0.04915418129169535,0.003752173338026965,1.9128225228120612,0.5074563137543379
26,grid_0.9500,grid,0.95,,grid,,1.25,0.6968212778074887,0.2292386354529044,0.0491026692868948,0.0034476826974148,1.9062951682589633,0.5055622630479715
26,grid_1.0112,grid,1.0112,,grid,,1.25,0.7009923473617761,0.22874568279145588,0.049068956836529155,0.0032556305592001955,1.899160430955127,0.5035923371851746
26,rtp475,rtp,0.02233688765396187,475.0,grid,,1.3,0.5217448772737693,0.24434220815619342,0.05071763546824802,0.008985479218396542,2.5412707730027373,0.5417026010863322
26,rtp2500,rtp,0.052045454201970515,2500.0,grid,,1.3,0.54086054141195,0.24103139790803288,0.050156659458594766,0.007939475318905709,2.3921523279780708,0.5242997560128784
26,rtp5000,rtp,0.06947845061835717,5000.0,grid,,1.3,0.5498572772042165,0.2404210458907296,0.050047060818740025,0.007755218488452287,2.3445421418656682,0.5247444781481421
26,rtp10000,rtp,0.09064405095511868,10000.0,grid,,1.3,0.5599139046613584,0.24000323331061504,0.04998528086565561,0.007616271133893904,2.299894641777599,0.5270990536098217
26,grid_0.1645,grid,0.1645,58012.50658495081,grid,,1.3,0.5903788198810049,0.23921135324119266,0.04995714215727552,0.007264929362207129,2.1916800777119425,0.5335732774528571
26,grid_0.2109,grid,0.2109,134207.26849614628,grid,,1.3,0.6064636092413188,0.23873698764314677,0.04996901403952552,0.007026335229398495,2.14355339429601,0.5342859690121994
26,grid_0.2423,grid,0.2423,216569.70915289148,grid,,1.3,0.6161866904660455,0.23838968570007965,0.049975148431139364,0.0068544938170433944,2.1166420050047297,0.5337640323781624
26,grid_0.2700,grid,0.27,327633.12501194235,grid,,1.3,0.6240333564354642,0.23805167586745787,0.04997718747507922,0.006691412908226002,2.095963254327332,0.5328823254492111
26,grid_0.2850,grid,0.285,402893.9625313691,grid,,1.3,0.6280660081453504,0.23787971629574745,0.049977884839021325,0.006608874585923963,2.0857499641360824,0.5322891380539223
26,grid_0.3100,grid,0.31,555710.52112422,grid,,1.3,0.6344099905240538,0.23758413649642174,0.04997714799823983,0.006469073916510526,2.0701087327945187,0.5311804542654136
26,grid_0.3300,grid,0.33,705816.5067182615,grid,,1.3,0.6391860200360168,0.23734526488537117,0.04997517022938552,0.006357604534121486,2.0587017051758396,0.5302126223236022
26,grid_0.3434,grid,0.3434,822689.7267557766,grid,,1.3,0.6422569342349661,0.237185246389096,0.049973246791994774,0.0062835943126614,2.0515757473626866,0.5295441404298534
26,grid_0.3600,grid,0.36,991758.3943167739,grid,,1.3,0.6459025533243842,0.23698512580547532,0.049970162020678444,0.00619178783235852,2.0432074796819197,0.5286946767871968
26,grid_0.3649,grid,0.3649,1046287.5481974519,grid,,1.3,0.6469528277072306,0.23692627031308594,0.04996910375806599,0.006164953806403473,2.0408512667639456,0.5284418849800627
26,grid_0.4000,grid,0.4,1505092.7916595435,grid,,1.3,0.6540991901981872,0.23650191434314424,0.04995996306541632,0.005973192422555618,2.0250434708111738,0.5265904251393198
26,grid_0.4500,grid,0.45,2399274.8892340166,grid,,1.3,0.6634134598561024,0.2359762594941643,0.049946414926453936,0.005738380118403219,2.0053325065907623,0.5239923220963815
26,grid_0.4898,grid,0.4898,3355867.254800157,grid,,1.3,0.6701379607713127,0.23556672409062393,0.04993311147916746,0.005558570019620679,1.9918634245739133,0.5220409351754646
26,grid_0.5000,grid,0.5,3677467.8876924147,grid,,1.3,0.6717675567579434,0.23546008236514426,0.049929215782006785,0.00551223460539374,1.9886997023694335,0.5215600948391594
26,grid_0.5500,grid,0.55,5614816.52972846,grid,,1.3,0.6793199432190414,0.2349514436464544,0.04990935176907513,0.005292829102477914,1.9743475441644218,0.5192635902052011
26,grid_0.5971,grid,0.5971,8086804.56325916,grid,,1.3,0.6857823927528922,0.23447420153571216,0.049888149826316036,0.005090001359493723,1.962455699464237,0.5172215938439984
26,grid_0.6049,grid,0.6049,8566501.529528376,grid,,1.3,0.686787209658925,0.2343927186794415,0.04988421738692896,0.0050557291830108375,1.9606927141276465,0.5169177681360984
26,grid_0.6500,grid,0.65,11788704.133040529,grid,,1.3,0.6925607834078674,0.23398274840732222,0.04986601435586651,0.004881912196377736,1.9506153538428408,0.5151199276416888
26,grid_0.7139,grid,0.7139,,grid,,1.3,0.6999829403287952,0.233427596780819,0.049838327626967216,0.004650115311901404,1.9382990354657088,0.5128976246401084
26,grid_0.7892,grid,0.7892,,grid,,1.3,0.7077297476923272,0.2327364547571277,0.049802837616424865,0.004363419756491682,1.9259652631040003,0.5104158449541643
26,grid_0.8000,grid,0.8,,grid,,1.3,0.7087113299749297,0.23263736937624604,0.04979673549253489,0.004323410137765049,1.9245053334635813,0.5101317875602588
26,grid_0.8904,grid,0.8904,,grid,,1.3,0.7163496621692749,0.23168450925105186,0.04974309894839147,0.003934612878509269,1.9128225228120612,0.5074563137543379
26,grid_0.9500,grid,0.95,,grid,,1.3,0.7204485064756646,0.2308826680560429,0.049694119275019086,0.0036126871336578104,1.9062951682589633,0.5055622630479715
26,grid_1.0112,grid,1.0112,,grid,,1.3,0.7251959802454075,0.2303720660200696,0.049662053811444694,0.0034092349909106145,1.899160430955127,0.5035923371851746
26,rtp475,rtp,0.02233688765396187,475.0,grid,,1.35,0.5198102584419635,0.24658489464435704,0.050936892022029424,0.00986721824473924,2.5412707730027373,0.5417026010863322
26,rtp2500,rtp,0.052045454201970515,2500.0,grid,,1.35,0.5434808014667112,0.24293613690460128,0.05040380052556243,0.008614166088568742,2.3921523279780708,0.5242997560128784
26,rtp5000,rtp,0.06947845061835717,5000.0,grid,,1.35,0.5541785101196358,0.24223566533757385,0.05029961814497375,0.008378499416563323,2.3445421418656682,0.5247444781481421
26,rtp10000,rtp,0.09064405095511868,10000.0,grid,,1.35,0.5658672233100606,0.2417341943948503,0.05024079934584561,0.008194621393881663,2.299894641777599,0.5270990536098217
26,grid_0.1645,grid,0.1645,58012.50658495081,grid,,1.35,0.6002526319369932,0.24073510396444722,0.05021359466806889,0.0077397956127043255,2.1916800777119425,0.5335732774528571
26,grid_0.2109,grid,0.2109,134207.26849614628,grid,,1.35,0.618095638567937,0.2401662954170525,0.050224678867385006,0.007455170586965931,2.14355339429601,0.5342859690121994
26,grid_0.2423,grid,0.2423,216569.70915289148,grid,,1.35,0.6288361823186746,0.23976585306681228,0.050230421409537505,0.007257242887318716,2.1166420050047297,0.5337640323781624
26,grid_0.2700,grid,0.27,327633.12501194235,grid,,1.35,0.6374934082879776,0.23938578701537944,0.050232305787487455,0.007073249237485146,2.095963254327332,0.5328823254492111
26,grid_0.2850,grid,0.285,402893.9625313691,grid,,1.35,0.6419380226781335,0.23919384864799145,0.05023295281058447,0.006980744420453766,2.0857499641360824,0.5322891380539223
26,grid_0.3100,grid,0.31,555710.52112422,grid,,1.35,0.6489298027205105,0.238867261598404,0.050232238716504576,0.00682532994701579,2.0701087327945187,0.5311804542654136
26,grid_0.3300,grid,0.33,705816.5067182615,grid,,1.35,0.6541934752536575,0.23860563267291648,0.05023035477059022,0.006702293172652529,2.0587017051758396,0.5302126223236022
26,grid_0.3434,grid,0.3434,822689.7267557766,grid,,1.35,0.6575781252656184,0.23843137775569606,0.050228526490117185,0.006620995408362251,2.0515757473626866,0.5295441404298534
26,grid_0.3600,grid,0.36,991758.3943167739,grid,,1.35,0.6615974480676988,0.23821436134247623,0.05022559735484554,0.006520484594958298,2.0432074796819197,0.5286946767871968
26,grid_0.3649,grid,0.3649,1046287.5481974519,grid,,1.35,0.6627555638525536,0.23815074506825243,0.05022459289445137,0.006491184482112389,2.0408512667639456,0.5284418849800627
26,grid_0.4000,grid,0.4,1505092.7916595435,grid,,1.35,0.6706388043711161,0.2376942446938524,0.05021592016375367,0.006282633796827308,2.0250434708111738,0.5265904251393198
26,grid_0.4500,grid,0.45,2399274.8892340166,grid,,1.35,0.6809149160928787,0.2371319057383666,0.050203110699873106,0.006028430019236475,2.0053325065907623,0.5239923220963815
26,grid_0.4898,grid,0.4898,3355867.254800157,grid,,1.35,0.6883433646850937,0.23669661999925132,0.050190532096064125,0.005834757823005854,1.9918634245739133,0.5220409351754646
26,grid_0.5000,grid,0.5,3677467.8876924147,grid,,1.35,0.6901455611909486,0.23658369189024378,0.05018684830855251,0.005784994959865286,1.9886997023694335,0.5215600948391594
26,grid_0.5500,grid,0.55,5614816.52972846,grid,,1.35,0.6985025372069311,0.2360466163185683,0.05016806354581294,0.005549941529632452,1.9743475441644218,0.5192635902052011
26,grid_0.5971,grid,0.5971,8086804.56325916,grid,,1.35,0.7056659591481257,0.23554501476515527,0.050148011616196496,0.005333442364520713,1.962455699464237,0.5172215938439984
26,grid_0.6049,grid,0.6049,8566501.529528376,grid,,1.35,0.7067823044612763,0.23545950701749727,0.050144292345798994,0.005296887099123848,1.9606927141276465,0.5169177681360984
26,grid_0.6500,grid,0.65,11788704.133040529,grid,,1.35,0.7131803029337119,0.2350288755295457,0.050127074972570504,0.005111497360112183,1.9506153538428408,0.5151199276416888
26,grid_0.7139,grid,0.7139,,grid,,1.35,0.7214237650909848,0.2344470214889566,0.05010088619855402,0.004864519686489266,1.9382990354657088,0.5128976246401084
26,grid_0.7892,grid,0.7892,,grid,,1.35,0.7300551551098746,0.2337241789126763,0.05006731704068415,0.004559674767720567,1.9259652631040003,0.5104158449541643
26,grid_0.8000,grid,0.8,,grid,,1.35,0.7311562630526739,0.2336208469589243,0.05006154513346513,0.004517155000340001,1.9245053334635813,0.5101317875602588
26,grid_0.8904,grid,0.8904,,grid,,1.35,0.7397403681073838,0.23262981880413028,0.05001081520513214,0.0041058173917103424,1.9128225228120612,0.5074563137543379
26,grid_0.9500,grid,0.95,,grid,,1.35,0.7444123408123932,0.23180121401361958,0.0499644901375191,0.0037673126806687662,1.9062951682589633,0.5055622630479715
26,grid_1.0112,grid,1.0112,,grid,,1.35,0.7497365507377656,0.23127309603583246,0.04993415559466323,0.0035530893553361587,1.899160430955127,0.5035923371851746
26,rtp475,rtp,0.02233688765396187,475.0,grid,,1.4,0.5171121953135104,0.2481933959020925,0.050820657613212895,0.010779304156199931,2.5412707730027373,0.5417026010863322
26,rtp2500,rtp,0.052045454201970515,2500.0,grid,,1.4,0.5452380216864869,0.24416384223612025,0.05031658781840796,0.009299394037097064,2.3921523279780708,0.5242997560128784
26,rtp5000,rtp,0.06947845061835717,5000.0,grid,,1.4,0.5576223819579951,0.24335900491207055,0.05021804823610984,0.009005557035683343,2.3445421418656682,0.5247444781481421
26,rtp10000,rtp,0.09064405095511868,10000.0,grid,,1.4,0.5709332445163542,0.24276115528954176,0.05016232254805253,0.008770655969460472,2.299894641777599,0.5270990536098217
26,grid_0.1645,grid,0.1645,58012.50658495081,grid,,1.4,0.6092184002586374,0.24152889695869992,0.05013612465641484,0.008200083409671433,2.1916800777119425,0.5335732774528571
26,grid_0.2109,grid,0.2109,134207.26849614628,grid,,1.4,0.6288114521625418,0.240856911742707,0.050146398990232224,0.007865652944001933,2.14355339429601,0.5342859690121994
26,grid_0.2423,grid,0.2423,216569.70915289148,grid,,1.4,0.6405658225891759,0.24039932962163205,0.050151736186945954,0.0076401014955841395,2.1166420050047297,0.5337640323781624
26,grid_0.2700,grid,0.27,327633.12501194235,grid,,1.4,0.6500315363228397,0.23997447314538092,0.05015345985381444,0.00743428790758871,2.095963254327332,0.5328823254492111
26,grid_0.2850,grid,0.285,402893.9625313691,grid,,1.4,0.654887381167827,0.23976143481092116,0.05015405357257184,0.007331492050019761,2.0857499641360824,0.5322891380539223
26,grid_0.3100,grid,0.31,555710.52112422,grid,,1.4,0.6625262529296,0.2394022632993218,0.0501533607352102,0.007160082937627599,2.0701087327945187,0.5311804542654136
26,grid_0.3300,grid,0.33,705816.5067182615,grid,,1.4,0.6682774138262007,0.23911685969149732,0.0501515721393344,0.007025300449388816,2.0587017051758396,0.5302126223236022
26,grid_0.3434,grid,0.3434,822689.7267557766,grid,,1.4,0.6719759173474538,0.2389278116259979,0.050149841250863275,0.006936657917525069,2.0515757473626866,0.5295441404298534
26,grid_0.3600,grid,0.36,991758.3943167739,grid,,1.4,0.6763692107739832,0.23869326555285922,0.05014707188965154,0.006827403130636234,2.0432074796819197,0.5286946767871968
26,grid_0.3649,grid,0.3649,1046287.5481974519,grid,,1.4,0.6776353026888964,0.2386247314865962,0.050146122760638685,0.00679563971641145,2.0408512667639456,0.5284418849800627
26,grid_0.4000,grid,0.4,1505092.7916595435,grid,,1.4,0.6862566250505218,0.23813510398715626,0.05013793204455547,0.006570395706418264,2.0250434708111738,0.5265904251393198
26,grid_0.4500,grid,0.45,2399274.8892340166,grid,,1.4,0.6974971897441413,0.23753551911320056,0.05012588088100508,0.00629724195937259,2.0053325065907623,0.5239923220963815
26,grid_0.4898,grid,0.4898,3355867.254800157,grid,,1.4,0.7056324662582,0.23707431286241024,0.0501140479796928,0.006090181839491171,1.9918634245739133,0.5220409351754646
26,grid_0.5000,grid,0.5,3677467.8876924147,grid,,1.4,0.7076081035165919,0.2369550775195371,0.05011058237786539,0.0060371263844244405,1.9886997023694335,0.5215600948391594
26,grid_0.5500,grid,0.55,5614816.52972846,grid,,1.4,0.716773973275289,0.23638959520344882,0.05009290947701352,0.005787131243436883,1.9743475441644218,0.5192635902052011
26,grid_0.5971,grid,0.5971,8086804.56325916,grid,,1.4,0.7246427185347659,0.2358637620320307,0.050074043297942156,0.005557670941960247,1.962455699464237,0.5172215938439984
26,grid_0.6049,grid,0.6049,8566501.529528376,grid,,1.4,0.7258714083373696,0.2357742336402821,0.05007054388769258,0.005518945360969751,1.9606927141276465,0.5169177681360984
26,grid_0.6500,grid,0.65,11788704.133040529,grid,,1.4,0.7328982086257422,0.23532323135098385,0.05005434366946277,0.005322679544005893,1.9506153538428408,0.5151199276416888
26,grid_0.7139,grid,0.7139,,grid,,1.4,0.7419696447814687,0.23471498810671607,0.050029701348394365,0.0050614242935415055,1.9382990354657088,0.5128976246401084
26,grid_0.7892,grid,0.7892,,grid,,1.4,0.751493543591234,0.23396055552157596,0.04999811487162605,0.004739426668338376,1.9259652631040003,0.5104158449541643
26,grid_0.8000,grid,0.8,,grid,,1.4,0.7527154541751937,0.2338529310117548,0.049992683837017333,0.004694509505771216,1.9245053334635813,0.5101317875602588
26,grid_0.8904,grid,0.8904,,grid,,1.4,0.7622550195315289,0.23282317757935625,0.04994495222648764,0.004261679791660811,1.9128225228120612,0.5074563137543379
26,grid_0.9500,grid,0.95,,grid,,1.4,0.7675065046822684,0.23196705935145018,0.04990136533429702,0.003907351289862193,1.9062951682589633,0.5055622630479715
26,grid_1.0112,grid,1.0112,,grid,,1.4,0.7734137532821179,0.23142189702479576,0.049872819765292356,0.003683274657262814,1.899160430955127,0.5035923371851746
26,rtp475,rtp,0.02233688765396187,475.0,grid,,1.45,0.5130765639737345,0.2513457470876807,0.05144443001360479,0.011730254565459564,2.5412707730027373,0.5417026010863322
26,rtp2500,rtp,0.052045454201970515,2500.0,grid,,1.45,0.5424170076227032,0.24717369192484973,0.05095160295171859,0.010143231028041932,2.3921523279780708,0.5242997560128784
26,rtp5000,rtp,0.06947845061835717,5000.0,grid,,1.45,0.5554538388538148,0.24630327454143955,0.05085524250650662,0.009810060543329113,2.3445421418656682,0.5247444781481421
26,rtp10000,rtp,0.09064405095511868,10000.0,grid,,1.45,0.5694711133944855,0.24563728643610322,0.050800684413842875,0.009536992073849337,2.299894641777599,0.5270990536098217
26,grid_0.1645,grid,0.1645,58012.50658495081,grid,,1.45,0.6097566014302691,0.2442284154505493,0.05077473639546646,0.00887278251801965,2.1916800777119425,0.5335732774528571
26,grid_0.2109,grid,0.2109,134207.26849614628,grid,,1.45,0.6303778004229467,0.24347661837790413,0.05078463349783817,0.008496230198901389,2.14355339429601,0.5342859690121994
26,grid_0.2423,grid,0.2423,216569.70915289148,grid,,1.45,0.6427599313034824,0.24297451034274659,0.05078978419051523,0.008246828485782232,2.1166420050047297,0.5337640323781624
26,grid_0.2700,grid,0.27,327633.12501194235,grid,,1.45,0.6527400564831285,0.24251382526418647,0.05079142649420062,0.008021528950067747,2.095963254327332,0.5328823254492111
26,grid_0.2850,grid,0.285,402893.9625313691,grid,,1.45,0.6578626910064439,0.24228402963184353,0.05079199314096779,0.007909557873676254,2.0857499641360824,0.5322891380539223
26,grid_0.3100,grid,0.31,555710.52112422,grid,,1.45,0.6659259343043269,0.2418983378340246,0.050791301539958124,0.007723504306905771,2.0701087327945187,0.5311804542654136
26,grid_0.3300,grid,0.33,705816.5067182615,grid,,1.45,0.6720005682071237,0.2415933221385657,0.05078954638387881,0.007577786918069984,2.0587017051758396,0.5302126223236022
26,grid_0.3434,grid,0.3434,822689.7267557766,grid,,1.45,0.675909416313893,0.24139197907290327,0.050787851720479595,0.007482235840253371,2.0515757473626866,0.5295441404298534
26,grid_0.3600,grid,0.36,991758.3943167739,grid,,1.45,0.6805539055610672,0.2411425597755807,0.05078514328918556,0.007364590845933938,2.0432074796819197,0.5286946767871968
26,grid_0.3649,grid,0.3649,1046287.5481974519,grid,,1.45,0.6818930184167896,0.24106984072793608,0.05078421548804909,0.007330452620543382,2.0408512667639456,0.5284418849800627
26,grid_0.4000,grid,0.4,1505092.7916595435,grid,,1.45,0.6910148008609915,0.24055137343557093,0.05077621233275103,0.007088750928988474,2.0250434708111738,0.5265904251393198
26,grid_0.4500,grid,0.45,2399274.8892340166,grid,,1.45,0.7029161445435343,0.2399188774701656,0.05076447001799688,0.006796597748547462,2.0053325065907623,0.5239923220963815
26,grid_0.4898,grid,0.4898,3355867.254800157,grid,,1.45,0.7115405040305349,0.23943338576498743,0.05075294194459491,0.006575404274290375,1.9918634245739133,0.5220409351754646
26,grid_0.5000,grid,0.5,3677467.8876924147,grid,,1.45,0.7136365874700175,0.23930798301500597,0.05074956555828858,0.006518745176421814,1.9886997023694335,0.5215600948391594
26,grid_0.5500,grid,0.55,5614816.52972846,grid,,1.45,0.7233656509197657,0.2387139440386275,0.05073234738821718,0.006251999690259802,1.9743475441644218,0.5192635902052011
26,grid_0.5971,grid,0.5971,8086804.56325916,grid,,1.45,0.7317253993148116,0.23816208527835575,0.05071396630258234,0.006007212561552455,1.962455699464237,0.5172215938439984
26,grid_0.6049,grid,0.6049,8566501.529528376,grid,,1.45,0.7330325269310042,0.23806788885800953,0.05071055684740674,0.0059657628579028454,1.9606927141276465,0.5169177681360984
26,grid_0.6500,grid,0.65,11788704.133040529,grid,,1.45,0.7405037186032442,0.23759462482683472,0.050694772875755974,0.005756432870848371,1.9506153538428408,0.5151199276416888
26,grid_0.7139,grid,0.7139,,grid,,1.45,0.7501609174088497,0.2369551995062434,0.05067076349581674,0.005477003077226872,1.9382990354657088,0.5128976246401084
26,grid_0.7892,grid,0.7892,,grid,,1.45,0.7603141468527795,0.2361604346669162,0.05063998845363829,0.005131762448428501,1.9259652631040003,0.5104158449541643
26,grid_0.8000,grid,0.8,,grid,,1.45,0.7616195993955794,0.23604677973686647,0.050634696928503746,0.0050833852956410075,1.9245053334635813,0.5101317875602588
26,grid_0.8904,grid,0.8904,,grid,,1.45,0.7718160764158511,0.23495869204731776,0.05058819213992311,0.0046173948286631905,1.9128225228120612,0.5074563137543379
26,grid_0.9500,grid,0.95,,grid,,1.45,0.777444191430671,0.23405373386027886,0.050545725599084976,0.004235424734853277,1.9062951682589633,0.5055622630479715
26,grid_1.0112,grid,1.0112,,grid,,1.45,0.7837523949242704,0.2334807148871044,0.05051791251159475,0.003995331712598582,1.899160430955127,0.5035923371851746
26,rtp475,rtp,0.02233688765396187,475.0,grid,,1.5,0.5082620288806722,0.2541904262797296,0.05186248016775104,0.0127502926445196,2.5412707730027373,0.5417026010863322
26,rtp2500,rtp,0.052045454201970515,2500.0,grid,,1.5,0.5387894272097976,0.24979986684045344,0.05138175342922067,0.011018220044287597,2.3921523279780708,0.5242997560128784
26,rtp5000,rtp,0.06947845061835717,5000.0,grid,,1.5,0.5524860892384165,0.24884449341777268,0.05128774144191853,0.01063584046242938,2.3445421418656682,0.5247444781481421
26,rtp10000,rtp,0.09064405095511868,10000.0,grid,,1.5,0.5672186917424789,0.24809441683386751,0.05123444910363099,0.010316390560505817,2.299894641777599,0.5270990536098217
26,grid_0.1645,grid,0.1645,58012.50658495081,grid,,1.5,0.6095217112016321,0.246477897866561,0.05120880600696052,0.009542548129758355,2.1916800777119425,0.5335732774528571
26,grid_0.2109,grid,0.2109,134207.26849614628,grid,,1.5,0.6311765077147052,0.2456358569951473,0.05121831145325946,0.009118662788481002,2.14355339429601,0.5342859690121994
26,grid_0.2423,grid,0.2423,216569.70915289148,grid,,1.5,0.644189703179485,0.2450844249740949,0.051223267354607104,0.008843108010275658,2.1166420050047297,0.5337640323781624
26,grid_0.2700,grid,0.27,327633.12501194235,grid,,1.5,0.6546872521827038,0.2445846746102559,0.05122482548094035,0.008596837573264404,2.095963254327332,0.5328823254492111
26,grid_0.2850,grid,0.285,402893.9625313691,grid,,1.5,0.6600783626489328,0.24433676609497454,0.05122536379229554,0.008475091473454766,2.0857499641360824,0.5322891380539223
26,grid_0.3100,grid,0.31,555710.52112422,grid,,1.5,0.6685689099620559,0.24392265284581893,0.05122467391196668,0.00827358665937522,2.0701087327945187,0.5311804542654136
26,grid_0.3300,grid,0.33,705816.5067182615,grid,,1.5,0.674969462754489,0.24359680145089327,0.05122295457142903,0.008116447105676883,2.0587017051758396,0.5302126223236022
26,grid_0.3434,grid,0.3434,822689.7267557766,grid,,1.5,0.6790903699918275,0.24338250380315798,0.05122129859818595,0.008013744559308256,2.0515757473626866,0.5295441404298534
26,grid_0.3600,grid,0.36,991758.3943167739,grid,,1.5,0.6839881961463811,0.24311745892985007,0.05121865516210969,0.007887443674397643,2.0432074796819197,0.5286946767871968
26,grid_0.3649,grid,0.3649,1046287.5481974519,grid,,1.5,0.6854009865366668,0.2430403707220471,0.05121775010868306,0.007850871692027028,2.0408512667639456,0.5284418849800627
26,grid_0.4000,grid,0.4,1505092.7916595435,grid,,1.5,0.6950279324339432,0.24249190579740673,0.051209946970639936,0.007592377406618445,2.0250434708111738,0.5265904251393198
26,grid_0.4500,grid,0.45,2399274.8892340166,grid,,1.5,0.7075969626744809,0.24182569441223398,0.05119853089289901,0.007281135585060161,2.0053325065907623,0.5239923220963815
26,grid_0.4898,grid,0.4898,3355867.254800157,grid,,1.5,0.716716209011663,0.24131565517228198,0.05118732519019569,0.007045920241032011,1.9918634245739133,0.5220409351754646
26,grid_0.5000,grid,0.5,3677467.8876924147,grid,,1.5,0.7189342698556387,0.24118405804965748,0.051184043210825744,0.0069857066464747986,1.9886997023694335,0.5215600948391594
26,grid_0.5500,grid,0.55,5614816.52972846,grid,,1.5,0.729233974632929,0.24056148495193982,0.051167306439869456,0.006702521602412914,1.9743475441644218,0.5192635902052011
26,grid_0.5971,grid,0.5971,8086804.56325916,grid,,1.5,0.7380917524102913,0.23998377070345417,0.05114943921275413,0.006442770988293933,1.962455699464237,0.5172215938439984
26,grid_0.6049,grid,0.6049,8566501.529528376,grid,,1.5,0.739478540242186,0.23988493253611143,0.05114612506815828,0.00639865578969645,1.9606927141276465,0.5169177681360984
26,grid_0.6500,grid,0.65,11788704.133040529,grid,,1.5,0.7474006628480997,0.23938979188729362,0.051130782302967026,0.00617669015687472,1.9506153538428408,0.5151199276416888
26,grid_0.7139,grid,0.7139,,grid,,1.5,0.7576530254550663,0.23871966725456772,0.051107444019132385,0.005879635514999149,1.9382990354657088,0.5128976246401084
26,grid_0.7892,grid,0.7892,,grid,,1.5,0.7684464021124375,0.23788493223719195,0.05107752921033932,0.005511711775154082,1.9259652631040003,0.5104158449541643
26,grid_0.8000,grid,0.8,,grid,,1.5,0.769837086307174,0.23776523191185453,0.05107238559329694,0.005459919912801037,1.9245053334635813,0.5101317875602588
26,grid_0.8904,grid,0.8904,,grid,,1.5,0.7807035295125293,0.23661861092172976,0.05102718081454261,0.004961186219986313,1.9128225228120612,0.5074563137543379
26,grid_0.9500,grid,0.95,,grid,,1.5,0.7867171938273521,0.23566439624766192,0.05098590140358864,0.004551806255186364,1.9062951682589633,0.5055622630479715
26,grid_1.0112,grid,1.0112,,grid,,1.5,0.793434721508669,0.23506422094594495,0.05095886559775186,0.004296322371172168,1.899160430955127,0.5035923371851746
26,rtp475,rtp,0.02233688765396187,475.0,grid,,1.55,0.5035845237238805,0.256779639343857,0.05209228003966002,0.013843503141901248,2.5412707730027373,0.5417026010863322
26,rtp2500,rtp,0.052045454201970515,2500.0,grid,,1.55,0.5352693545751417,0.25211102932928264,0.05162436760249699,0.011935603506973425,2.3921523279780708,0.5242997560128784
26,rtp5000,rtp,0.06947845061835717,5000.0,grid,,1.55,0.5496202384463461,0.2510578325952177,0.05153284528305291,0.011497190024355453,2.3445421418656682,0.5247444781481421
26,rtp10000,rtp,0.09064405095511868,10000.0,grid,,1.55,0.5650641972651869,0.250213612085475,0.05148090129475159,0.011125950378108984,2.299894641777599,0.5270990536098217
26,grid_0.1645,grid,0.1645,58012.50658495081,grid,,1.55,0.6093780939290789,0.24836941961627476,0.051455612691741225,0.010231755908783946,2.1916800777119425,0.5335732774528571
26,grid_0.2109,grid,0.2109,134207.26849614628,grid,,1.55,0.6320642234085032,0.24742927948939722,0.05146471607833553,0.009756532270306706,2.14355339429601,0.5342859690121994
26,grid_0.2423,grid,0.2423,216569.70915289148,grid,,1.55,0.6457073442227165,0.24682438533559034,0.051469471000769186,0.0094528061955228,2.1166420050047297,0.5337640323781624
26,grid_0.2700,grid,0.27,327633.12501194235,grid,,1.55,0.6567215320681695,0.24628247761618943,0.051470943047140526,0.009184115733628317,2.095963254327332,0.5328823254492111
26,grid_0.2850,grid,0.285,402893.9625313691,grid,,1.55,0.6623807181082092,0.24601499515098785,0.05147145210367038,0.009051925735470201,2.0857499641360824,0.5322891380539223
26,grid_0.3100,grid,0.31,555710.52112422,grid,,1.55,0.6712979921476769,0.24557023829001118,0.05147076446928708,0.0088339774645258,2.0701087327945187,0.5311804542654136
26,grid_0.3300,grid,0.33,705816.5067182615,grid,,1.55,0.6780240711417443,0.24522197398667045,0.05146908296614562,0.008664733559773652,2.0587017051758396,0.5302126223236022
26,grid_0.3434,grid,0.3434,822689.7267557766,grid,,1.55,0.6823567949016113,0.24499377624977842,0.05146746774396741,0.00855448265715908,2.0515757473626866,0.5295441404298534
26,grid_0.3600,grid,0.36,991758.3943167739,grid,,1.55,0.6875077011280702,0.2447119851236849,0.05146489267515527,0.00841906298801931,2.0432074796819197,0.5286946767871968
26,grid_0.3649,grid,0.3649,1046287.5481974519,grid,,1.55,0.6889940967568715,0.2446302242291117,0.051464011543559895,0.008379935062825583,2.0408512667639456,0.5284418849800627
26,grid_0.4000,grid,0.4,1505092.7916595435,grid,,1.55,0.6991257896161484,0.24404972812095768,0.05145641869565335,0.008103851100260018,2.0250434708111738,0.5265904251393198
26,grid_0.4500,grid,0.45,2399274.8892340166,grid,,1.55,0.7123619493286734,0.24334740360883755,0.05144534282238231,0.007772616020780165,2.0053325065907623,0.5239923220963815
26,grid_0.4898,grid,0.4898,3355867.254800157,grid,,1.55,0.7219757114822617,0.24281123476839012,0.051434473595043814,0.007522822134706453,1.9918634245739133,0.5220409351754646
26,grid_0.5000,grid,0.5,3677467.8876924147,grid,,1.55,0.7243156753116391,0.24267308000286633,0.051431290200488915,0.007458933557588643,1.9886997023694335,0.5215600948391594
26,grid_0.5500,grid,0.55,5614816.52972846,grid,,1.55,0.7351857136689396,0.24202035406126382,0.05141505630448233,0.007158795475457169,1.9743475441644218,0.5192635902052011
26,grid_0.5971,grid,0.5971,8086804.56325916,grid,,1.55,0.744541395732954,0.24141546152255125,0.05139772612138396,0.006883698940762462,1.962455699464237,0.5172215938439984
26,grid_0.6049,grid,0.6049,8566501.529528376,grid,,1.55,0.7460078339821876,0.241311780863123,0.05139451160547402,0.006836863977857877,1.9606927141276465,0.5169177681360984
26,grid_0.6500,grid,0.65,11788704.133040529,grid,,1.55,0.754380600146497,0.24079371797738802,0.0513796301834975,0.0066019844338763845,1.9506153538428408,0.5151199276416888
26,grid_0.7139,grid,0.7139,,grid,,1.55,0.7652278351335072,0.24009160017037207,0.05135699379102205,0.0062869826813477525,1.9382990354657088,0.5128976246401084
26,grid_0.7892,grid,0.7892,,grid,,1.55,0.7766612729987226,0.23921540345105718,0.05132797859389699,0.005896030654355067,1.9259652631040003,0.5104158449541643
26,grid_0.8000,grid,0.8,,grid,,1.55,0.7781372460412321,0.23908945032265264,0.051322989662807676,0.005840775592780512,1.9245053334635813,0.5101317875602588
26,grid_0.8904,grid,0.8904,,grid,,1.55,0.7896744054228673,0.23788244097153094,0.05127914391447157,0.0053089118081023345,1.9128225228120612,0.5074563137543379
26,grid_0.9500,grid,0.95,,grid,,1.55,0.7960750914379021,0.23687758087203822,0.05123910548159628,0.0048718828381927315,1.9062951682589633,0.5055622630479715
26,grid_1.0112,grid,1.0112,,grid,,1.55,0.8032023126092546,0.23624928749458537,0.05121288315845946,0.004600842683239792,1.899160430955127,0.5035923371851746
26,rtp475,rtp,0.02233688765396187,475.0,grid,,1.6,0.49970232689368976,0.2590937801961498,0.052125699146563634,0.015003887789767162,2.5412707730027373,0.5417026010863322
26,rtp2500,rtp,0.052045454201970515,2500.0,grid,,1.6,0.5325143843546163,0.25410867800709697,0.05167140365911624,0.01289981657939826,2.3921523279780708,0.5242997560128784
26,rtp5000,rtp,0.06947845061835717,5000.0,grid,,1.6,0.5475042179487558,0.2529509205361787,0.05158252956608796,0.012401638634012224,2.3445421418656682,0.5247444781481421
26,rtp10000,rtp,0.09064405095511868,10000.0,grid,,1.6,0.56364570537599,0.252007631856752,0.05153202685495335,0.011975819659094888,2.299894641777599,0.5270990536098217
26,grid_0.1645,grid,0.1645,58012.50658495081,grid,,1.6,0.6099443090354313,0.2499250335431913,0.051507149885112166,0.01095537250645312,2.1916800777119425,0.5335732774528571
26,grid_0.2109,grid,0.2109,134207.26849614628,grid,,1.6,0.6336525721303607,0.2488813243524277,0.0515158405300838,0.01042607308133453,2.14355339429601,0.5342859690121994
26,grid_0.2423,grid,0.2423,216569.70915289148,grid,,1.6,0.647920429223012,0.24821959836937862,0.05152038812654514,0.010092580888110492,2.1166420050047297,0.5337640323781624
26,grid_0.2700,grid,0.27,327633.12501194235,grid,,1.6,0.6594470453453681,0.24763276671483306,0.051521772436291316,0.009800214714551614,2.095963254327332,0.5328823254492111
26,grid_0.2850,grid,0.285,402893.9625313691,grid,,1.6,0.6653720497773378,0.2473442788836903,0.0515222514314037,0.009656940865089059,2.0857499641360824,0.5322891380539223
26,grid_0.3100,grid,0.31,555710.52112422,grid,,1.6,0.6747123885050439,0.24686658384808677,0.051521566973442304,0.009421543247382147,2.0701087327945187,0.5311804542654136
26,grid_0.3300,grid,0.33,705816.5067182615,grid,,1.6,0.6817611377551689,0.24649418852451216,0.051519925821448265,0.00923945915490948,2.0587017051758396,0.5302126223236022
26,grid_0.3434,grid,0.3434,822689.7267557766,grid,,1.6,0.6863037571987891,0.2462510058435414,0.05151835381340713,0.009121204065548727,2.0515757473626866,0.5295441404298534
26,grid_0.3600,grid,0.36,991758.3943167739,grid,,1.6,0.6917054405684298,0.2459511622276586,0.05151585107143883,0.0089761231296972,2.0432074796819197,0.5286946767871968
26,grid_0.3649,grid,0.3649,1046287.5481974519,grid,,1.6,0.6932647525503961,0.24586436021074504,0.051514995227615046,0.008934288394223944,2.0408512667639456,0.5284418849800627
26,grid_0.4000,grid,0.4,1505092.7916595435,grid,,1.6,0.7038964649230581,0.24524931335737055,0.051507624523700515,0.008639601178561218,2.0250434708111738,0.5265904251393198
26,grid_0.4500,grid,0.45,2399274.8892340166,grid,,1.6,0.7177930173077371,0.24450748652010937,0.05149690484468877,0.008287006119692686,2.0053325065907623,0.5239923220963815
26,grid_0.4898,grid,0.4898,3355867.254800157,grid,,1.6,0.7278959023913213,0.24394273613604425,0.05148638809750596,0.008021670416033744,1.9918634245739133,0.5220409351754646
26,grid_0.5000,grid,0.5,3677467.8876924147,grid,,1.6,0.7303563996062824,0.24379743328400855,0.05148330801557672,0.007953880460293883,1.9886997023694335,0.5215600948391594
26,grid_0.5500,grid,0.55,5614816.52972846,grid,,1.6,0.7417902376291264,0.24311181260004672,0.051467601250832544,0.0076357521748476875,1.9743475441644218,0.5192635902052011
26,grid_0.5971,grid,0.5971,8086804.56325916,grid,,1.6,0.751638001406278,0.24247737622664997,0.051450834229041995,0.007344443752718366,1.962455699464237,0.5172215938439984
26,grid_0.6049,grid,0.6049,8566501.529528376,grid,,1.6,0.7531831082773349,0.24236848889881438,0.05144772420126971,0.007294760209825002,1.9606927141276465,0.5169177681360984
26,grid_0.6500,grid,0.65,11788704.133040529,grid,,1.6,0.7620008328493014,0.241825423579854,0.05143332674483832,0.007046208744737492,1.9506153538428408,0.5151199276416888
26,grid_0.7139,grid,0.7139,,grid,,1.6,0.7734350553679287,0.24108870948755678,0.05141142679663768,0.0067123390457378695,1.9382990354657088,0.5128976246401084
26,grid_0.7892,grid,0.7892,,grid,,1.6,0.7854999789957382,0.24016817014702485,0.051383355419171585,0.006297394532598699,1.9259652631040003,0.5104158449541643
26,grid_0.8000,grid,0.8,,grid,,1.6,0.7870600421584575,0.24003561107321242,0.05137852878134845,0.006238565801942042,1.9245053334635813,0.5101317875602588
26,grid_0.8904,grid,0.8904,,grid,,1.6,0.7992591699010889,0.2387650928645452,0.0513361084507004,0.0056726611199144905,1.9128225228120612,0.5074563137543379
26,grid_0.9500,grid,0.95,,grid,,1.6,0.8060426261396116,0.23770744298790372,0.05129737157783347,0.005207456874014027,1.9062951682589633,0.5055622630479715
26,grid_1.0112,grid,1.0112,,grid,,1.6,0.8135737662611937,0.2370487787661105,0.05127200321779099,0.004920120296713404,1.899160430955127,0.5035923371851746
26,rtp475,rtp,0.02233688765396187,475.0,grid,,1.65,0.49168275746661066,0.259512339605297,0.052102300503243874,0.015244353904171143,2.5412707730027373,0.5417026010863322
26,rtp2500,rtp,0.052045454201970515,2500.0,grid,,1.65,0.5228577845529485,0.254418543905645,0.05162807263077703,0.01310072285229158,2.3921523279780708,0.5242997560128784
26,rtp5000,rtp,0.06947845061835717,5000.0,grid,,1.65,0.5375126256682925,0.2532530805521742,0.051535318177223996,0.012601804631942048,2.3445421418656682,0.5247444781481421
26,rtp10000,rtp,0.09064405095511868,10000.0,grid,,1.65,0.5534427837242981,0.2523221700519663,0.051482670909325984,0.012183806590407409,2.299894641777599,0.5270990536098217
26,grid_0.1645,grid,0.1645,58012.50658495081,grid,,1.65,0.5995860399058769,0.2503281778336469,0.051457012091708526,0.011207184525805436,2.1916800777119425,0.5335732774528571
26,grid_0.2109,grid,0.2109,134207.26849614628,grid,,1.65,0.623328865106573,0.24933055959567765,0.051466218739973625,0.010699509208320135,2.14355339429601,0.5342859690121994
26,grid_0.2423,grid,0.2423,216569.70915289148,grid,,1.65,0.6376278167760197,0.2486912745808506,0.05147102633894458,0.01037632371370345,2.1166420050047297,0.5337640323781624
26,grid_0.2700,grid,0.27,327633.12501194235,grid,,1.65,0.6491788674052029,0.2481177777099673,0.05147250928287608,0.01008992233285666,2.095963254327332,0.5328823254492111
26,grid_0.2850,grid,0.285,402893.9625313691,grid,,1.65,0.6551159948932347,0.24783524916208022,0.05147302107222653,0.009949289655003857,2.0857499641360824,0.5322891380539223
26,grid_0.3100,grid,0.31,555710.52112422,grid,,1.65,0.664472991850103,0.24736464186848156,0.05147231804630381,0.009716948000418335,2.0701087327945187,0.5311804542654136
26,grid_0.3300,grid,0.33,705816.5067182615,grid,,1.65,0.6715320092317615,0.24699574888185613,0.05147060956840902,0.009536290397299918,2.0587017051758396,0.5302126223236022
26,grid_0.3434,grid,0.3434,822689.7267557766,grid,,1.65,0.6760798711017733,0.2467539132145154,0.05146896996725723,0.00941852371941937,2.0515757473626866,0.5295441404298534
26,grid_0.3600,grid,0.36,991758.3943167739,grid,,1.65,0.6814865968166851,0.2464548293515731,0.05146635719285134,0.009273625717861667,2.0432074796819197,0.5286946767871968
26,grid_0.3649,grid,0.3649,1046287.5481974519,grid,,1.65,0.6830469232460707,0.24636803905574545,0.05146546336979731,0.009231747298376003,2.0408512667639456,0.5284418849800627
26,grid_0.4000,grid,0.4,1505092.7916595435,grid,,1.65,0.6936821659016043,0.24575068103974104,0.0514577627940959,0.008935634437400641,2.0250434708111738,0.5265904251393198
26,grid_0.4500,grid,0.45,2399274.8892340166,grid,,1.65,0.7075766081203261,0.2450047235028493,0.051446532952532265,0.008580781586175368,2.0053325065907623,0.5239923220963815
26,grid_0.4898,grid,0.4898,3355867.254800157,grid,,1.65,0.7176683413805486,0.2444336052341887,0.051435514983522404,0.0083122723842608,1.9918634245739133,0.5220409351754646
26,grid_0.5000,grid,0.5,3677467.8876924147,grid,,1.65,0.7201245025160364,0.24428609341689403,0.051432288240583136,0.008243407196304342,1.9886997023694335,0.5215600948391594
26,grid_0.5500,grid,0.55,5614816.52972846,grid,,1.65,0.7315330048019028,0.24358813093029277,0.05141583407024013,0.00791934345987333,1.9743475441644218,0.5192635902052011
26,grid_0.5971,grid,0.5971,8086804.56325916,grid,,1.65,0.7413495869643686,0.24293922490412334,0.05139826993357645,0.007621197063439777,1.962455699464237,0.5172215938439984
26,grid_0.6049,grid,0.6049,8566501.529528376,grid,,1.65,0.7428881346037016,0.2428276119990842,0.05139501210336562,0.007570237045812167,1.9606927141276465,0.5169177681360984
26,grid_0.6500,grid,0.65,11788704.133040529,grid,,1.65,0.7516738362897649,0.2422714967970864,0.051379930834030384,0.007315547326270266,1.9506153538428408,0.5151199276416888
26,grid_0.7139,grid,0.7139,,grid,,1.65,0.7630537922605051,0.24151544994640634,0.05135699121235354,0.006972721350461564,1.9382990354657088,0.5128976246401084
26,grid_0.7892,grid,0.7892,,grid,,1.65,0.7750422696279369,0.24056747845154797,0.05132758691699343,0.006545124771542565,1.9259652631040003,0.5104158449541643
26,grid_0.8000,grid,0.8,,grid,,1.65,0.776588887160629,0.24043081370829722,0.05132253111456683,0.006484445065867095,1.9245053334635813,0.5101317875602588
26,grid_0.8904,grid,0.8904,,grid,,1.65,0.7886696993435213,0.2391145726675253,0.051278095133969324,0.005897683728003922,1.9128225228120612,0.5074563137543379
26,grid_0.9500,grid,0.95,,grid,,1.65,0.7953542707883058,0.23801189200936526,0.051237517495359826,0.0054121432425179306,1.9062951682589633,0.5055622630479715
26,grid_1.0112,grid,1.0112,,grid,,1.65,0.8028105746435109,0.2373282977641432,0.051210946288244734,0.005113774631381074,1.899160430955127,0.5035923371851746
26,rtp475,rtp,0.02233688765396187,475.0,grid,,1.7,0.48433215350640313,0.25972703472740855,0.05194323782680817,0.01551489474148432,2.5412707730027373,0.5417026010863322
26,rtp2500,rtp,0.052045454201970515,2500.0,grid,,1.7,0.5139213796136983,0.2545088778891329,0.051451831590914834,0.01332293733347073,2.3921523279780708,0.5242997560128784
26,rtp5000,rtp,0.06947845061835717,5000.0,grid,,1.7,0.5282543625553661,0.2533357299140921,0.051355734789896273,0.01282325726120953,2.3445421418656682,0.5247444781481421
26,rtp10000,rtp,0.09064405095511868,10000.0,grid,,1.7,0.5439852665557902,0.25241770386583484,0.051301241923813336,0.01241345530108695,2.299894641777599,0.5270990536098217
26,grid_0.1645,grid,0.1645,58012.50658495081,grid,,1.7,0.5900053882564792,0.2505115445727964,0.051274914697070656,0.011481119267177486,2.1916800777119425,0.5335732774528571
26,grid_0.2109,grid,0.2109,134207.26849614628,grid,,1.7,0.6137999222655487,0.24955790909932268,0.051284566168676896,0.010994583825348903,2.14355339429601,0.5342859690121994
26,grid_0.2423,grid,0.2423,216569.70915289148,grid,,1.7,0.628140718500838,0.24893934563244433,0.0512895970362347,0.01068120076767487,2.1166420050047297,0.5337640323781624
26,grid_0.2700,grid,0.27,327633.12501194235,grid,,1.7,0.639725218353177,0.2483776114526555,0.05129116391522954,0.01040027395569676,2.095963254327332,0.5328823254492111
26,grid_0.2850,grid,0.285,402893.9625313691,grid,,1.7,0.6456791481644226,0.248100164548744,0.05129170320265925,0.010261988446454595,2.0857499641360824,0.5322891380539223
26,grid_0.3100,grid,0.31,555710.52112422,grid,,1.7,0.6550603302152823,0.24763519423806665,0.05129098276271704,0.010032206662607956,2.0701087327945187,0.5311804542654136
26,grid_0.3300,grid,0.33,705816.5067182615,grid,,1.7,0.6621354263990735,0.24726868999994916,0.05128921511349366,0.009852589940797296,2.0587017051758396,0.5302126223236022
26,grid_0.3434,grid,0.3434,822689.7267557766,grid,,1.7,0.6666923305261621,0.24702748108995382,0.05128751649863504,0.009735059915012445,2.0515757473626866,0.5295441404298534
26,grid_0.3600,grid,0.36,991758.3943167739,grid,,1.7,0.6721086808916656,0.2467282886227261,0.05128480793971549,0.009590040466983751,2.0432074796819197,0.5286946767871968
26,grid_0.3649,grid,0.3649,1046287.5481974519,grid,,1.7,0.6736713594354652,0.24664126289319963,0.05128388110876981,0.009548031452782602,2.0408512667639456,0.5284418849800627
26,grid_0.4000,grid,0.4,1505092.7916595435,grid,,1.7,0.6843194370312194,0.24601991267781328,0.0512758942505479,0.00924990318345098,2.0250434708111738,0.5265904251393198
26,grid_0.4500,grid,0.45,2399274.8892340166,grid,,1.7,0.698223957323112,0.2452674653896606,0.05126422140898353,0.008891908169684826,2.0053325065907623,0.5239923220963815
26,grid_0.4898,grid,0.4898,3355867.254800157,grid,,1.7,0.7083136400660294,0.2446882691287683,0.051252768927116256,0.008619580122116277,1.9918634245739133,0.5220409351754646
26,grid_0.5000,grid,0.5,3677467.8876924147,grid,,1.7,0.7107677382973742,0.24453814066084295,0.05124941511723501,0.008549487120627197,1.9886997023694335,0.5215600948391594
26,grid_0.5500,grid,0.55,5614816.52972846,grid,,1.7,0.7221616321929509,0.24382595646783395,0.05123231366689602,0.008218783380558037,1.9743475441644218,0.5192635902052011
26,grid_0.5971,grid,0.5971,8086804.56325916,grid,,1.7,0.7319566343295453,0.24316100444731914,0.05121405961355123,0.00791321447027793,1.962455699464237,0.5172215938439984
26,grid_0.6049,grid,0.6049,8566501.529528376,grid,,1.7,0.7334901790054031,0.2430464290848867,0.051210673885711995,0.007860892805202857,1.9606927141276465,0.5169177681360984
26,grid_0.6500,grid,0.65,11788704.133040529,grid,,1.7,0.7422524071287014,0.24247584331831631,0.051195001127173206,0.007599533465755481,1.9506153538428408,0.5151199276416888
26,grid_0.7139,grid,0.7139,,grid,,1.7,0.7535895229516723,0.24169873770446906,0.05117116246487302,0.007247117343060716,1.9382990354657088,0.5128976246401084
26,grid_0.7892,grid,0.7892,,grid,,1.7,0.7655144335406787,0.2407215540725732,0.05114060539961735,0.006806261195497432,1.9259652631040003,0.5104158449541643
26,grid_0.8000,grid,0.8,,grid,,1.7,0.7670493822546872,0.24058059410556368,0.051135351416142505,0.006743670844043481,1.9245053334635813,0.5101317875602588
26,grid_0.8904,grid,0.8904,,grid,,1.7,0.7790268616120526,0.23921698791054238,0.05108917143159184,0.006135595873400734,1.9128225228120612,0.5074563137543379
26,grid_0.9500,grid,0.95,,grid,,1.7,0.7856227970758051,0.2380683083441352,0.05104700102847946,0.005629518409358769,1.9062951682589633,0.5055622630479715
26,grid_1.0112,grid,1.0112,,grid,,1.7,0.7930131141609684,0.23735843394301262,0.05101939051957389,0.005319635644305598,1.899160430955127,0.5035923371851746
26,rtp475,rtp,0.02233688765396187,475.0,grid,,1.75,0.4772813691431342,0.25976685990422504,0.05166916064090523,0.01580966086359603,2.5412707730027373,0.5417026010863322
26,rtp2500,rtp,0.052045454201970515,2500.0,grid,,1.75,0.50529938653756,0.25441947325660386,0.05116319354509254,0.013566074827075225,2.3921523279780708,0.5242997560128784
26,rtp5000,rtp,0.06947845061835717,5000.0,grid,,1.75,0.5193090785134632,0.2532408564504337,0.05106426557079139,0.0130666658049578,2.3445421418656682,0.5247444781481421
26,rtp10000,rtp,0.09064405095511868,10000.0,grid,,1.75,0.5348385684893786,0.2523379091660337,0.051008210943090146,0.012666209459195332,2.299894641777599,0.5270990536098217
26,grid_0.1645,grid,0.1645,58012.50658495081,grid,,1.75,0.5807336261783452,0.25052200039766187,0.050981322271284164,0.011779950411961948,2.1916800777119425,0.5335732774528571
26,grid_0.2109,grid,0.2109,134207.26849614628,grid,,1.75,0.6045822873064234,0.24961146672370824,0.05099135071371761,0.011314533606243293,2.14355339429601,0.5342859690121994
26,grid_0.2423,grid,0.2423,216569.70915289148,grid,,1.75,0.6189674375825616,0.2490125750774887,0.05099656991174088,0.011010692634981056,2.1166420050047297,0.5337640323781624
26,grid_0.2700,grid,0.27,327633.12501194235,grid,,1.75,0.6305879913284986,0.2484615439644174,0.050998206782176404,0.010734932047005707,2.095963254327332,0.5328823254492111
26,grid_0.2850,grid,0.285,402893.9625313691,grid,,1.75,0.6365602155681922,0.24818855032734313,0.050998768575017804,0.010598787938570331,2.0857499641360824,0.5322891380539223
26,grid_0.3100,grid,0.31,555710.52112422,grid,,1.75,0.6459681630792236,0.2477281423600797,0.0509980319080065,0.010371200609169406,2.0701087327945187,0.5311804542654136
26,grid_0.3300,grid,0.33,705816.5067182615,grid,,1.75,0.6530614822731956,0.247363185718593,0.050996212917766695,0.010192332731084441,2.0587017051758396,0.5302126223236022
26,grid_0.3434,grid,0.3434,822689.7267557766,grid,,1.75,0.657628908766338,0.24712205352878788,0.050994463498714566,0.010074845841570534,2.0515757473626866,0.5295441404298534
26,grid_0.3600,grid,0.36,991758.3943167739,grid,,1.75,0.6630567073550733,0.24682208048386,0.05099167276934593,0.009929466645035134,2.0432074796819197,0.5286946767871968
26,grid_0.3649,grid,0.3649,1046287.5481974519,grid,,1.75,0.664622290114296,0.2467346272188488,0.05099071767687462,0.009887258591949666,2.0408512667639456,0.5284418849800627
26,grid_0.4000,grid,0.4,1505092.7916595435,grid,,1.75,0.6752871506325369,0.24610796422830555,0.05098248612399277,0.009586643932608163,2.0250434708111738,0.5265904251393198
26,grid_0.4500,grid,0.45,2399274.8892340166,grid,,1.75,0.6892070790180798,0.24534708571445377,0.050970434423604945,0.009224758044970582,2.0053325065907623,0.5239923220963815
26,grid_0.4898,grid,0.4898,3355867.254800157,grid,,1.75,0.6992989339891492,0.24475836593893036,0.05095861107987842,0.008948046617216932,1.9918634245739133,0.5220409351754646
26,grid_0.5000,grid,0.5,3677467.8876924147,grid,,1.75,0.7017520605570045,0.24460527100719348,0.050955148892837844,0.008876589711664717,1.9886997023694335,0.5215600948391594
26,grid_0.5500,grid,0.55,5614816.52972846,grid,,1.75,0.713136602382568,0.24387723435907888,0.050937495645146436,0.00853860979348664,1.9743475441644218,0.5192635902052011
26,grid_0.5971,grid,0.5971,8086804.56325916,grid,,1.75,0.7229148667486995,0.24319483357312327,0.05091865386883063,0.008225073207828504,1.962455699464237,0.5172215938439984
26,grid_0.6049,grid,0.6049,8566501.529528376,grid,,1.75,0.7244442238381918,0.24307707527776964,0.05091515921666809,0.008171305308926402,1.9606927141276465,0.5169177681360984
26,grid_0.6500,grid,0.65,11788704.133040529,grid,,1.75,0.7331874953320442,0.24249074301279985,0.05089898295321978,0.007902777493679958,1.9506153538428408,0.5151199276416888
26,grid_0.7139,grid,0.7139,,grid,,1.75,0.7444879820567829,0.24169095962252207,0.050874379251882165,0.007540140711373433,1.9382990354657088,0.5128976246401084
26,grid_0.7892,grid,0.7892,,grid,,1.75,0.756356613571676,0.24068281336683073,0.050842841082175856,0.007085375567996821,1.9259652631040003,0.5104158449541643
26,grid_0.8000,grid,0.8,,grid,,1.75,0.7578808921550605,0.24053735211273358,0.050837418441409515,0.007020799319995663,1.9245053334635813,0.5101317875602588
26,grid_0.8904,grid,0.8904,,grid,,1.75,0.7697637408357693,0.23912449498034136,0.050789753370584244,0.006390770729019057,1.9128225228120612,0.5074563137543379
26,grid_0.9500,grid,0.95,,grid,,1.75,0.7762768980819723,0.23792848083341017,0.05074622658999273,0.0058637354017017085,1.9062951682589633,0.5055622630479715
26,grid_1.0112,grid,1.0112,,grid,,1.75,0.7836061845537363,0.23719087297822325,0.05071773254583655,0.00554177767833508,1.899160430955127,0.5035923371851746
26,rtp475,rtp,0.02233688765396187,475.0,grid,,1.8,0.4704911454043637,0.25964013498162714,0.05128577111958165,0.01612722857369589,2.5412707730027373,0.5417026010863322
26,rtp2500,rtp,0.052045454201970515,2500.0,grid,,1.8,0.4969527700700699,0.25415831048748766,0.05076779201926883,0.013828654770585341,2.3921523279780708,0.5242997560128784
26,rtp5000,rtp,0.06947845061835717,5000.0,grid,,1.8,0.5106381027239076,0.2529762288377657,0.05066653054840898,0.013330441808568627,2.3445421418656682,0.5247444781481421
26,rtp10000,rtp,0.09064405095511868,10000.0,grid,,1.8,0.5259642747834917,0.25209044721665985,0.05060919060257585,0.012940402975319731,2.299894641777599,0.5270990536098217
26,grid_0.1645,grid,0.1645,58012.50658495081,grid,,1.8,0.5717320994109062,0.2503674723315463,0.05058184541375909,0.012102025787928516,2.1916800777119425,0.5335732774528571
26,grid_0.2109,grid,0.2109,134207.26849614628,grid,,1.8,0.5956367441806801,0.24949948609413342,0.050592185289425,0.011657808271811676,2.14355339429601,0.5342859690121994
26,grid_0.2423,grid,0.2423,216569.70915289148,grid,,1.8,0.6100683225337717,0.24891943836999414,0.05059755911366587,0.011363327684767444,2.1166420050047297,0.5337640323781624
26,grid_0.2700,grid,0.27,327633.12501194235,grid,,1.8,0.6217271376222384,0.24837823172965212,0.05059925264711296,0.011092493350035815,2.095963254327332,0.5328823254492111
26,grid_0.2850,grid,0.285,402893.9625313691,grid,,1.8,0.6277189350450464,0.24810915798161493,0.05059983219986224,0.010958322074483717,2.0857499641360824,0.5322891380539223
26,grid_0.3100,grid,0.31,555710.52112422,grid,,1.8,0.6371558775004068,0.24765238566203754,0.05059908063442639,0.010732623489672188,2.0701087327945187,0.5311804542654136
26,grid_0.3300,grid,0.33,705816.5067182615,grid,,1.8,0.6442692868572868,0.24728824334035937,0.05059721804983777,0.010554257244523024,2.0587017051758396,0.5302126223236022
26,grid_0.3434,grid,0.3434,822689.7267557766,grid,,1.8,0.6488485321983748,0.24704670464290687,0.050595425894413994,0.010436648380505675,2.0515757473626866,0.5295441404298534
26,grid_0.3600,grid,0.36,991758.3943167739,grid,,1.8,0.6542893799597432,0.24674535730197872,0.05059256633620829,0.010290705013872858,2.0432074796819197,0.5286946767871968
26,grid_0.3649,grid,0.3649,1046287.5481974519,grid,,1.8,0.6558583535822121,0.24665730605826577,0.050591587627083594,0.0102482390048374,2.0408512667639456,0.5284418849800627
26,grid_0.4000,grid,0.4,1505092.7916595435,grid,,1.8,0.6665434860431059,0.24602415092731383,0.05058315202844991,0.00994473081105579,2.0250434708111738,0.5265904251393198
26,grid_0.4500,grid,0.45,2399274.8892340166,grid,,1.8,0.680483556964931,0.24525308564926723,0.050570784064574215,0.009578291955912588,2.0053325065907623,0.5239923220963815
26,grid_0.4898,grid,0.4898,3355867.254800157,grid,,1.8,0.6905813631596632,0.24465351861697274,0.05055865190715074,0.009296692264514683,1.9918634245739133,0.5220409351754646
26,grid_0.5000,grid,0.5,3677467.8876924147,grid,,1.8,0.6930344983030461,0.24449713425897648,0.050555099555849185,0.009223749105002788,1.9886997023694335,0.5215600948391594
26,grid_0.5500,grid,0.55,5614816.52972846,grid,,1.8,0.7044144204097045,0.24375173023023458,0.05053698753447947,0.008877918455753586,1.9743475441644218,0.5192635902052011
26,grid_0.5971,grid,0.5971,8086804.56325916,grid,,1.8,0.714180320931398,0.24305056225789431,0.05051765756266085,0.008555918251217709,1.962455699464237,0.5172215938439984
26,grid_0.6049,grid,0.6049,8566501.529528376,grid,,1.8,0.7157062302963597,0.24292941169626983,0.05051407246214455,0.008500626604951211,1.9606927141276465,0.5169177681360984
26,grid_0.6500,grid,0.65,11788704.133040529,grid,,1.8,0.7244346443893764,0.2423261274125591,0.050497478352449714,0.008224473674318111,1.9506153538428408,0.5151199276416888
26,grid_0.7139,grid,0.7139,,grid,,1.8,0.7357041613630353,0.24150212343872998,0.05047224004988933,0.007851035575526244,1.9382990354657088,0.5128976246401084
26,grid_0.7892,grid,0.7892,,grid,,1.8,0.7475231752332282,0.2404613244882045,0.05043988788811383,0.0073817606865077545,1.9259652631040003,0.5104158449541643
26,grid_0.8000,grid,0.8,,grid,,1.8,0.749037699964586,0.2403111608359137,0.050434325329836736,0.007315128692467643,1.9245053334635813,0.5101317875602588
26,grid_0.8904,grid,0.8904,,grid,,1.8,0.7608338932453549,0.23884717805426567,0.050385427287351535,0.006662547177134548,1.9128225228120612,0.5074563137543379
26,grid_0.9500,grid,0.95,,grid,,1.8,0.7672696328749469,0.23760245546009331,0.05034077431156255,0.0061141525291030785,1.9062951682589633,0.5055622630479715
26,grid_1.0112,grid,1.0112,,grid,,1.8,0.7745424397099749,0.23683567950556225,0.05031154828693666,0.005779590799924739,1.899160430955127,0.5035923371851746
26,rtp475,rtp,0.02233688765396187,475.0,grid,,1.85,0.4598456128290544,0.26001550769004217,0.051406518370930285,0.0162015458683801,2.5412707730027373,0.5417026010863322
26,rtp2500,rtp,0.052045454201970515,2500.0,grid,,1.85,0.48523664517116577,0.2549436183200932,0.05087882899609758,0.014117419526043784,2.3921523279780708,0.5242997560128784
26,rtp5000,rtp,0.06947845061835717,5000.0,grid,,1.85,0.4986100192444811,0.2539236015465889,0.05077567326367958,0.01370152215871126,2.3445421418656682,0.5247444781481421
26,rtp10000,rtp,0.09064405095511868,10000.0,grid,,1.85,0.5137213931825021,0.253199343398584,0.05071726712560414,0.013392640371869935,2.299894641777599,0.5270990536098217
26,grid_0.1645,grid,0.1645,58012.50658495081,grid,,1.85,0.5593086022708663,0.2518302403662264,0.050689438324625725,0.012729031638285648,2.1916800777119425,0.5335732774528571
26,grid_0.2109,grid,0.2109,134207.26849614628,grid,,1.85,0.5832141197795515,0.25106208876778185,0.050699981390828965,0.012332191025612615,2.14355339429601,0.5342859690121994
26,grid_0.2423,grid,0.2423,216569.70915289148,grid,,1.85,0.5976395597709379,0.25051385153272376,0.05070545889882554,0.012051730910934033,2.1166420050047297,0.5337640323781624
26,grid_0.2700,grid,0.27,327633.12501194235,grid,,1.85,0.6092812467880825,0.2499837644467205,0.050707185203057635,0.011784697283895806,2.095963254327332,0.5328823254492111
26,grid_0.2850,grid,0.285,402893.9625313691,grid,,1.85,0.6152591241564532,0.24971552203382139,0.05070777530827251,0.01165006663635143,2.0857499641360824,0.5322891380539223
26,grid_0.3100,grid,0.31,555710.52112422,grid,,1.85,0.6246658331265049,0.2492543723424306,0.05070700837757635,0.011420733754242685,2.0701087327945187,0.5311804542654136
26,grid_0.3300,grid,0.33,705816.5067182615,grid,,1.85,0.6317491096351785,0.24888231463470772,0.050705109522173,0.011237297015756653,2.0587017051758396,0.5302126223236022
26,grid_0.3434,grid,0.3434,822689.7267557766,grid,,1.85,0.6363046480638496,0.24863344628273362,0.05070328275659258,0.01111530785383641,2.0515757473626866,0.5295441404298534
26,grid_0.3600,grid,0.36,991758.3943167739,grid,,1.85,0.6417146332890241,0.24832188868003427,0.050700368184299564,0.010963392213319767,2.0432074796819197,0.5286946767871968
26,grid_0.3649,grid,0.3649,1046287.5481974519,grid,,1.85,0.6432734686941367,0.2482303881355967,0.05069937069600995,0.010918954897939037,2.0408512667639456,0.5284418849800627
26,grid_0.4000,grid,0.4,1505092.7916595435,grid,,1.85,0.6538827624435823,0.2475697691665262,0.05069077361928048,0.010600016985886584,2.0250434708111738,0.5265904251393198
26,grid_0.4500,grid,0.45,2399274.8892340166,grid,,1.85,0.6677041133857546,0.2467548037708056,0.05067816623595066,0.010209766948018117,2.0053325065907623,0.5239923220963815
26,grid_0.4898,grid,0.4898,3355867.254800157,grid,,1.85,0.677693621495214,0.24611790284592983,0.05066580022171219,0.009908221879566359,1.9918634245739133,0.5220409351754646
26,grid_0.5000,grid,0.5,3677467.8876924147,grid,,1.85,0.6801170235569525,0.2459515600092026,0.050662179514418024,0.009829990356542362,1.9886997023694335,0.5215600948391594
26,grid_0.5500,grid,0.55,5614816.52972846,grid,,1.85,0.6913490823434197,0.24515675165717704,0.05064371940370199,0.00945811347939679,1.9743475441644218,0.5192635902052011
26,grid_0.5971,grid,0.5971,8086804.56325916,grid,,1.85,0.7009716063734657,0.24440829506540393,0.05062401859097119,0.009111396105806358,1.962455699464237,0.5172215938439984
26,grid_0.6049,grid,0.6049,8566501.529528376,grid,,1.85,0.7024716166393584,0.24427955548390481,0.050620364755466656,0.00905213647194747,1.9606927141276465,0.5169177681360984
26,grid_0.6500,grid,0.65,11788704.133040529,grid,,1.85,0.7110605152775651,0.24363317074783616,0.050603452866790036,0.00875366902185426,1.9506153538428408,0.5151199276416888
26,grid_0.7139,grid,0.7139,,grid,,1.85,0.7221241164983481,0.24275302754230735,0.05057773166543197,0.008351300715524257,1.9382990354657088,0.5128976246401084
26,grid_0.7892,grid,0.7892,,grid,,1.85,0.7336957387120229,0.241647891528615,0.05054476025382688,0.007848943226398397,1.9259652631040003,0.5104158449541643
26,grid_0.8000,grid,0.8,,grid,,1.85,0.7351719577635438,0.24148992996717783,0.05053909124077967,0.007778295034772786,1.9245053334635813,0.5101317875602588
26,grid_0.8904,grid,0.8904,,grid,,1.85,0.7466613296360587,0.23995028378879585,0.05048925601526303,0.007086882675060635,1.9128225228120612,0.5074563137543379
26,grid_0.9500,grid,0.95,,grid,,1.85,0.7528919606299215,0.2386459893266793,0.050443747096681035,0.0065081611250285,1.9062951682589633,0.5055622630479715
26,grid_1.0112,grid,1.0112,,grid,,1.85,0.7599773149850223,0.23782846744172095,0.05041396320047334,0.006148416725204386,1.899160430955127,0.5035923371851746
26,rtp475,rtp,0.02233688765396187,475.0,grid,,1.9,0.44953476176688284,0.260334579678966,0.0514579951011826,0.01631609827544131,2.5412707730027373,0.5417026010863322
26,rtp2500,rtp,0.052045454201970515,2500.0,grid,,1.9,0.4738550456079201,0.2556849025724034,0.05092170276556861,0.01445306663789081,2.3921523279780708,0.5242997560128784
26,rtp5000,rtp,0.06947845061835717,5000.0,grid,,1.9,0.486914821105563,0.2548324069415402,0.050816869195336276,0.014122686432282455,2.3445421418656682,0.5247444781481421
26,rtp10000,rtp,0.09064405095511868,10000.0,grid,,1.9,0.5018096507295442,0.2542741235922347,0.0507575184938493,0.013897811434749774,2.299894641777599,0.5270990536098217
26,grid_0.1645,grid,0.1645,58012.50658495081,grid,,1.9,0.5472149391999758,0.2532598325295279,0.05072925933613555,0.013411283436748966,2.1916800777119425,0.5335732774528571
26,grid_0.2109,grid,0.2109,134207.26849614628,grid,,1.9,0.571124076535607,0.2525858005086362,0.05073998083098232,0.013059605787606232,2.14355339429601,0.5342859690121994
26,grid_0.2423,grid,0.2423,216569.70915289148,grid,,1.9,0.5855463765372605,0.2520645724803152,0.050745549189624956,0.012790999510059131,2.1166420050047297,0.5337640323781624
26,grid_0.2700,grid,0.27,327633.12501194235,grid,,1.9,0.5971741470281896,0.25154123054550664,0.05074730370193481,0.012525686962412907,2.095963254327332,0.5328823254492111
26,grid_0.2850,grid,0.285,402893.9625313691,grid,,1.9,0.6031400117801651,0.25127144026753484,0.050747902751532604,0.012389433942588735,2.0857499641360824,0.5322891380539223
26,grid_0.3100,grid,0.31,555710.52112422,grid,,1.9,0.6125198385706743,0.250802009328445,0.050747121585291544,0.012154526297893875,2.0701087327945187,0.5311804542654136
26,grid_0.3300,grid,0.33,705816.5067182615,grid,,1.9,0.6195758089396032,0.25041903026478174,0.05074519014527077,0.011964500573482917,2.0587017051758396,0.5302126223236022
26,grid_0.3434,grid,0.3434,822689.7267557766,grid,,1.9,0.6241096221203708,0.25016092045841914,0.050743332439238654,0.011837153685364865,2.0515757473626866,0.5295441404298534
26,grid_0.3600,grid,0.36,991758.3943167739,grid,,1.9,0.629491191511165,0.24983681661229146,0.05074036880182665,0.0116780661331371,2.0432074796819197,0.5286946767871968
26,grid_0.3649,grid,0.3649,1046287.5481974519,grid,,1.9,0.6310406375650249,0.24974121145819053,0.05073935458640443,0.011631318114200206,2.0408512667639456,0.5284418849800627
26,grid_0.4000,grid,0.4,1505092.7916595435,grid,,1.9,0.6415794355680788,0.24904856419056692,0.050730613842754194,0.011294573482628745,2.0250434708111738,0.5265904251393198
26,grid_0.4500,grid,0.45,2399274.8892340166,grid,,1.9,0.6552895329585315,0.2481835992278461,0.05071779368491378,0.010877305240774349,2.0053325065907623,0.5239923220963815
26,grid_0.4898,grid,0.4898,3355867.254800157,grid,,1.9,0.6651767835425869,0.24750515877224438,0.05070522009186304,0.010553583527010857,1.9918634245739133,0.5220409351754646
26,grid_0.5000,grid,0.5,3677467.8876924147,grid,,1.9,0.667572020355398,0.24732788162367123,0.05070153873352887,0.010469542294923861,1.9886997023694335,0.5215600948391594
26,grid_0.5500,grid,0.55,5614816.52972846,grid,,1.9,0.6786637704035774,0.24647918808259991,0.050682769856623525,0.010069220301234139,1.9743475441644218,0.5192635902052011
26,grid_0.5971,grid,0.5971,8086804.56325916,grid,,1.9,0.688149844710826,0.24567971275952183,0.0506627402292599,0.009695781032341255,1.962455699464237,0.5172215938439984
26,grid_0.6049,grid,0.6049,8566501.529528376,grid,,1.9,0.6896251332848454,0.24554286095363145,0.05065902545728737,0.009632271108007018,1.9606927141276465,0.5169177681360984
26,grid_0.6500,grid,0.65,11788704.133040529,grid,,1.9,0.6980810679685462,0.24485033329555597,0.05064183191930576,0.00930985379563909,1.9506153538428408,0.5151199276416888
26,grid_0.7139,grid,0.7139,,grid,,1.9,0.7089478543582313,0.24391045987375085,0.0506156828068731,0.008876629628951527,1.9382990354657088,0.5128976246401084
26,grid_0.7892,grid,0.7892,,grid,,1.9,0.7202825630177122,0.24273745338491926,0.050582162610777436,0.008339308665018419,1.9259652631040003,0.5104158449541643
26,grid_0.8000,grid,0.8,,grid,,1.9,0.7217219432799905,0.2425712938249423,0.05057639926022992,0.008264433327676568,1.9245053334635813,0.5101317875602588
26,grid_0.8904,grid,0.8904,,grid,,1.9,0.7329165161299237,0.24095258054701937,0.0505257332451727,0.0075324128270951585,1.9128225228120612,0.5074563137543379
26,grid_0.9500,grid,0.95,,grid,,1.9,0.738949479297152,0.23958649954192252,0.05047946553007236,0.006922225232679269,1.9062951682589633,0.5055622630479715
26,grid_1.0112,grid,1.0112,,grid,,1.9,0.7458543404917065,0.2387158985688433,0.05044918755821501,0.0065360926713152745,1.899160430955127,0.5035923371851746
26,rtp475,rtp,0.02233688765396187,475.0,grid,,1.95,0.4395393860361061,0.26061681914946533,0.05145376212011535,0.01646736430346976,2.5412707730027373,0.5417026010863322
26,rtp2500,rtp,0.052045454201970515,2500.0,grid,,1.95,0.4627913061476678,0.2564015714348891,0.05090985829692245,0.014831907537358108,2.3921523279780708,0.5242997560128784
26,rtp5000,rtp,0.06947845061835717,5000.0,grid,,1.95,0.4755368428319076,0.25572198601380886,0.05080354062606919,0.014590193504777471,2.3445421418656682,0.5247444781481421
26,rtp10000,rtp,0.09064405095511868,10000.0,grid,,1.95,0.4902142484317121,0.2553341391895998,0.05074335406311219,0.014452168572581747,2.299894641777599,0.5270990536098217
26,grid_0.1645,grid,0.1645,58012.50658495081,grid,,1.95,0.5354376698846667,0.25467648013861166,0.050714711306630036,0.014145398229162609,2.1916800777119425,0.5335732774528571
26,grid_0.2109,grid,0.2109,134207.26849614628,grid,,1.95,0.5593533508727053,0.25409176606417055,0.05072558863907153,0.013837036942537628,2.14355339429601,0.5342859690121994
26,grid_0.2423,grid,0.2423,216569.70915289148,grid,,1.95,0.5737754833123645,0.2535933870348919,0.05073123616294814,0.013578369784880362,2.1166420050047297,0.5337640323781624
26,grid_0.2700,grid,0.27,327633.12501194235,grid,,1.95,0.5853924638748843,0.2530729616782982,0.05073301467164566,0.013312909260979722,2.095963254327332,0.5328823254492111
26,grid_0.2850,grid,0.285,402893.9625313691,grid,,1.95,0.5913481607110446,0.25279952749010504,0.05073362118328214,0.013173979915938216,2.0857499641360824,0.5322891380539223
26,grid_0.3100,grid,0.31,555710.52112422,grid,,1.95,0.6007043345878227,0.25231836330759366,0.05073282674668088,0.012931729715541962,2.0701087327945187,0.5311804542654136
26,grid_0.3300,grid,0.33,705816.5067182615,grid,,1.95,0.607735713707325,0.2519217951425295,0.05073086599940937,0.012733724868425222,2.0587017051758396,0.5302126223236022
26,grid_0.3434,grid,0.3434,822689.7267557766,grid,,1.95,0.6122497012027401,0.2516527426871982,0.050728980628732726,0.012600122273256464,2.0515757473626866,0.5295441404298534
26,grid_0.3600,grid,0.36,991758.3943167739,grid,,1.95,0.6176051985675346,0.25131401064339637,0.05072597324636949,0.012432758699299662,2.0432074796819197,0.5286946767871968
26,grid_0.3649,grid,0.3649,1046287.5481974519,grid,,1.95,0.6191459719086332,0.251213715907985,0.05072494414044483,0.012383386919852968,2.0408512667639456,0.5284418849800627
26,grid_0.4000,grid,0.4,1505092.7916595435,grid,,1.95,0.6296193830777368,0.25048495754821737,0.05071607568307415,0.012026638274858115,2.0250434708111738,0.5265904251393198
26,grid_0.4500,grid,0.45,2399274.8892340166,grid,,1.95,0.6432253670299779,0.2495645052684671,0.05070306670765459,0.011579375582240148,2.0053325065907623,0.5239923220963815
26,grid_0.4898,grid,0.4898,3355867.254800157,grid,,1.95,0.6530161337910195,0.24884072470667495,0.05069030916990371,0.011231397102639484,1.9918634245739133,0.5220409351754646
26,grid_0.5000,grid,0.5,3677467.8876924147,grid,,1.95,0.6553847033772205,0.2486516293560524,0.05068657409037901,0.01114105869104065,1.9886997023694335,0.5215600948391594
26,grid_0.5500,grid,0.55,5614816.52972846,grid,,1.95,0.6663433617339103,0.24774498067333656,0.05066753181500807,0.01071004363382383,1.9743475441644218,0.5192635902052011
26,grid_0.5971,grid,0.5971,8086804.56325916,grid,,1.95,0.6756996034072884,0.2468910854491386,0.05064721117255155,0.01030799690170231,1.962455699464237,0.5172215938439984
26,grid_0.6049,grid,0.6049,8566501.529528376,grid,,1.95,0.6771512950440155,0.24674564362402607,0.050643442478344645,0.010239970169090229,1.9606927141276465,0.5169177681360984
26,grid_0.6500,grid,0.65,11788704.133040529,grid,,1.95,0.6854805206218557,0.2460041819827655,0.05062599978755961,0.00989205776544999,1.9506153538428408,0.5151199276416888
26,grid_0.7139,grid,0.7139,,grid,,1.95,0.6961591846286349,0.24500127385467044,0.05059947222262126,0.009426151967789953,1.9382990354657088,0.5128976246401084
26,grid_0.7892,grid,0.7892,,grid,,1.95,0.7072669830985024,0.24375714160380088,0.050565466621649346,0.008852077461206087,1.9259652631040003,0.5104158449541643
26,grid_0.8000,grid,0.8,,grid,,1.95,0.7086709284271342,0.24358241732861197,0.05055961983242525,0.008772774199224842,1.9245053334635813,0.5101317875602588
26,grid_0.8904,grid,0.8904,,grid,,1.95,0.7195821851041263,0.24188151204199526,0.05050821872172739,0.007998447145994514,1.9128225228120612,0.5074563137543379
26,grid_0.9500,grid,0.95,,grid,,1.95,0.7254245956636406,0.24045161380447946,0.05046127958665938,0.007355698994519155,1.9062951682589633,0.5055622630479715
26,grid_1.0112,grid,1.0112,,grid,,1.95,0.7321556318109321,0.2395257477866511,0.05043056492157066,0.0069420189311837355,1.899160430955127,0.5035923371851746
26,rtp475,rtp,0.02233688765396187,475.0,grid,,2.0,0.42984187370920285,0.2608827486122206,0.05140756292583271,0.016652245597634396,2.5412707730027373,0.5417026010863322
26,rtp2500,rtp,0.052045454201970515,2500.0,grid,,2.0,0.45202997862589794,0.2571139246228896,0.05085691573771556,0.015250654497269395,2.3921523279780708,0.5242997560128784
26,rtp5000,rtp,0.06947845061835717,5000.0,grid,,2.0,0.46446149363986444,0.25661249204055175,0.05074928355187841,0.015100687519383815,2.3445421418656682,0.5247444781481421
26,rtp10000,rtp,0.09064405095511868,10000.0,grid,,2.0,0.47892133991623775,0.25639946189647767,0.0506883560714731,0.015052327989330205,2.299894641777599,0.5270990536098217
26,grid_0.1645,grid,0.1645,58012.50658495081,grid,,2.0,0.523964110462677,0.25610083990011984,0.050659369565654186,0.014928270631892615,2.1916800777119425,0.5335732774528571
26,grid_0.2109,grid,0.2109,134207.26849614628,grid,,2.0,0.5478893996911746,0.255601404890004,0.0506703824531916,0.014661695728552138,2.14355339429601,0.5342859690121994
26,grid_0.2423,grid,0.2423,216569.70915289148,grid,,2.0,0.5623143040498069,0.2551222723444194,0.0506760986747679,0.014411275171412219,2.1166420050047297,0.5337640323781624
26,grid_0.2700,grid,0.27,327633.12501194235,grid,,2.0,0.5739235372415507,0.2546014192727621,0.05067789733741559,0.014143985358289202,2.095963254327332,0.5328823254492111
26,grid_0.2850,grid,0.285,402893.9625313691,grid,,2.0,0.579870850464415,0.2543224991810017,0.050678509959797946,0.014001423629872667,2.0857499641360824,0.5322891380539223
26,grid_0.3100,grid,0.31,555710.52112422,grid,,2.0,0.5892064844931025,0.25382655856666,0.05067770303784772,0.013750218795946345,2.0701087327945187,0.5311804542654136
26,grid_0.3300,grid,0.33,705816.5067182615,grid,,2.0,0.5962158816604424,0.25341404227754927,0.05067571582142884,0.013542961002018683,2.0587017051758396,0.5302126223236022
26,grid_0.3434,grid,0.3434,822689.7267557766,grid,,2.0,0.6007118658363807,0.25313253962186233,0.050673805639923915,0.01340227697548979,2.0515757473626866,0.5295441404298534
26,grid_0.3600,grid,0.36,991758.3943167739,grid,,2.0,0.6060435383686856,0.25277733182076795,0.05067075916004761,0.013225620322379006,2.0432074796819197,0.5286946767871968
26,grid_0.3649,grid,0.3649,1046287.5481974519,grid,,2.0,0.6075763254362274,0.25267182778659325,0.050669716769978564,0.013173335787039275,2.0408512667639456,0.5284418849800627
26,grid_0.4000,grid,0.4,1505092.7916595435,grid,,2.0,0.617989239704798,0.2519033247341942,0.050660734567227333,0.012794550444913566,2.0250434708111738,0.5265904251393198
26,grid_0.4500,grid,0.45,2399274.8892340166,grid,,2.0,0.6314979449334083,0.2509224728138751,0.05064755785885455,0.012314529504175331,2.0053325065907623,0.5239923220963815
26,grid_0.4898,grid,0.4898,3355867.254800157,grid,,2.0,0.6411977520314803,0.2501499374699743,0.05063463718778733,0.011940354028444733,1.9918634245739133,0.5220409351754646
26,grid_0.5000,grid,0.5,3677467.8876924147,grid,,2.0,0.6435410871747517,0.24994822850666468,0.050630854489637715,0.01184326244398215,1.9886997023694335,0.5215600948391594
26,grid_0.5500,grid,0.55,5614816.52972846,grid,,2.0,0.6543735555424218,0.24897995312269408,0.05061156996271097,0.01137944709426797,1.9743475441644218,0.5192635902052011
26,grid_0.5971,grid,0.5971,8086804.56325916,grid,,2.0,0.663606292355603,0.24806856039710895,0.0505909915957547,0.010947019061739394,1.962455699464237,0.5172215938439984
26,grid_0.6049,grid,0.6049,8566501.529528376,grid,,2.0,0.6650354626174406,0.24791409606929204,0.05058717515698875,0.010874223872865407,1.9606927141276465,0.5169177681360984
26,grid_0.6500,grid,0.65,11788704.133040529,grid,,2.0,0.6732439570856685,0.2471211609188303,0.050569511935354916,0.0104993562385155,1.9506153538428408,0.5151199276416888
26,grid_0.7139,grid,0.7139,,grid,,2.0,0.6837428096297837,0.24605220446392734,0.05054264948086724,0.00999903784069106,1.9382990354657088,0.5128976246401084
26,grid_0.7892,grid,0.7892,,grid,,2.0,0.6946332582073754,0.24473397950013137,0.050508214298790766,0.009386506423179952,1.9259652631040003,0.5104158449541643
26,grid_0.8000,grid,0.8,,grid,,2.0,0.6960031133447148,0.24455035839523295,0.050502293670463876,0.009302584120773005,1.9245053334635813,0.5101317875602588
26,grid_0.8904,grid,0.8904,,grid,,2.0,0.7066420327322309,0.24276443213484292,0.05045024174597075,0.008484327763781996,1.9128225228120612,0.5074563137543379
26,grid_0.9500,grid,0.95,,grid,,2.0,0.7123007011206253,0.24126888734331983,0.05040270814696141,0.0078079678529221486,1.9062951682589633,0.5055622630479715
26,grid_1.0112,grid,1.0112,,grid,,2.0,0.7188643065821007,0.2402857322630995,0.05037160733524067,0.007365625793973263,1.899160430955127,0.5035923371851746
26,rtp475,rtp,0.02233688765396187,475.0,structure,3.0,0.6498880648969265,0.43105343805470636,0.23349368743719026,0.04992421212102182,0.00459508995199448,2.5412707730027373,0.5417026010863322
26,rtp2500,rtp,0.052045454201970515,2500.0,structure,3.0,0.6498880648969265,0.40991795003174686,0.23279130015298286,0.04905089772009397,0.005140891706822193,2.3921523279780708,0.5242997560128784
26,rtp5000,rtp,0.06947845061835717,5000.0,structure,3.0,0.6498880648969265,0.40435808799775513,0.23334861389292647,0.04888070235602127,0.005570873249728797,2.3445421418656682,0.5247444781481421
26,rtp10000,rtp,0.09064405095511868,10000.0,structure,3.0,0.6498880648969265,0.40077704590860946,0.23411577713652204,0.048785596359407164,0.006024600744830494,2.299894641777599,0.5270990536098217
26,grid_0.1645,grid,0.1645,58012.50658495081,structure,3.0,0.6498880648969265,0.39936728154446977,0.23573165755638997,0.04874571545321127,0.006823698921071847,2.1916800777119425,0.5335732774528571
26,grid_0.2109,grid,0.2109,134207.26849614628,structure,3.0,0.6498880648969265,0.4010377055748529,0.23582203071184346,0.04876563553351179,0.006846394635545844,2.14355339429601,0.5342859690121994
26,grid_0.2423,grid,0.2423,216569.70915289148,structure,3.0,0.6498880648969265,0.4022097875381363,0.2356202443929857,0.04877572744152889,0.0067411721262814195,2.1166420050047297,0.5337640323781624
26,grid_0.2700,grid,0.27,327633.12501194235,structure,3.0,0.6498880648969265,0.40309647278261396,0.23532295629864594,0.048779173613415425,0.006597720147719005,2.095963254327332,0.5328823254492111
26,grid_0.2850,grid,0.285,402893.9625313691,structure,3.0,0.6498880648969265,0.4035323776751438,0.23513863290902717,0.04878029173771758,0.006509884948608657,2.0857499641360824,0.5322891380539223
26,grid_0.3100,grid,0.31,555710.52112422,structure,3.0,0.6498880648969265,0.4041460619473284,0.2347980141850754,0.04877909597966714,0.0063510114855877264,2.0701087327945187,0.5311804542654136
26,grid_0.3300,grid,0.33,705816.5067182615,structure,3.0,0.6498880648969265,0.404542299080864,0.23450349245211782,0.04877592839176005,0.006215959580480435,2.0587017051758396,0.5302126223236022
26,grid_0.3434,grid,0.3434,822689.7267557766,structure,3.0,0.6498880648969265,0.4047580505744574,0.23429992198968674,0.048772857166759,0.006123596277614302,2.0515757473626866,0.5295441404298534
26,grid_0.3600,grid,0.36,991758.3943167739,structure,3.0,0.6498880648969265,0.40498354225729083,0.23404099280685675,0.04876793754761488,0.006007248766404294,2.0432074796819197,0.5286946767871968
26,grid_0.3649,grid,0.3649,1046287.5481974519,structure,3.0,0.6498880648969265,0.40503661431495364,0.23396394608629476,0.04876625229118759,0.005972875777083053,2.0408512667639456,0.5284418849800627
26,grid_0.4000,grid,0.4,1505092.7916595435,structure,3.0,0.6498880648969265,0.40532063689864317,0.23339835230448253,0.048751714389467224,0.005723076468980126,2.0250434708111738,0.5265904251393198
26,grid_0.4500,grid,0.45,2399274.8892340166,structure,3.0,0.6498880648969265,0.40552608750933095,0.23263260376240294,0.04872980137601984,0.005388126957255324,2.0053325065907623,0.5239923220963815
26,grid_0.4898,grid,0.4898,3355867.254800157,structure,3.0,0.6498880648969265,0.4054346073688267,0.23205258075169508,0.04870836377423188,0.005140036459290093,1.9918634245739133,0.5220409351754646
26,grid_0.5000,grid,0.5,3677467.8876924147,structure,3.0,0.6498880648969265,0.4053720787108848,0.23190671378898822,0.04870209656446093,0.005078627335946773,1.9886997023694335,0.5215600948391594
26,grid_0.5500,grid,0.55,5614816.52972846,structure,3.0,0.6498880648969265,0.40497451621906677,0.23121032752342016,0.04867017827970748,0.004788037273779744,1.9743475441644218,0.5192635902052011
26,grid_0.5971,grid,0.5971,8086804.56325916,structure,3.0,0.6498880648969265,0.4044288215897592,0.2305758018568034,0.048636167958592214,0.00452903244331565,1.962455699464237,0.5172215938439984
26,grid_0.6049,grid,0.6049,8566501.529528376,structure,3.0,0.6498880648969265,0.40430003307886325,0.23047665730534336,0.04862986378279348,0.0044896257798512085,1.9606927141276465,0.5169177681360984
26,grid_0.6500,grid,0.65,11788704.133040529,structure,3.0,0.6498880648969265,0.4037313994858063,0.22993939905523905,0.04860071473416465,0.004271412503719818,1.9506153538428408,0.5151199276416888
26,grid_0.7139,grid,0.7139,,structure,3.0,0.6498880648969265,0.4026796252390427,0.22924987698735594,0.04855641592372752,0.003999090174990311,1.9382990354657088,0.5128976246401084
26,grid_0.7892,grid,0.7892,,structure,3.0,0.6498880648969265,0.4011605101575503,0.22847495444002505,0.048499610757639096,0.0037011940487324257,1.9259652631040003,0.5104158449541643
26,grid_0.8000,grid,0.8,,structure,3.0,0.6498880648969265,0.4008698044011262,0.228373836219219,0.04848984529521766,0.0036647637742650008,1.9245053334635813,0.5101317875602588
26,grid_0.8904,grid,0.8904,,structure,3.0,0.6498880648969265,0.398453721531387,0.22743322305464542,0.048403886648747375,0.00332198430027672,1.9128225228120612,0.5074563137543379
26,grid_0.9500,grid,0.95,,structure,3.0,0.6498880648969265,0.3964839114316556,0.22667885003243166,0.048325380576482016,0.003057920475543624,1.9062951682589633,0.5055622630479715
26,grid_1.0112,grid,1.0112,,structure,3.0,0.6498880648969265,0.3951092859437843,0.2261162584092591,0.04827419316569877,0.002854369151304076,1.899160430955127,0.5035923371851746
26,rtp475,rtp,0.02233688765396187,475.0,structure,5.0,0.8960235194066521,0.47298196867776726,0.23298099071229844,0.04736480022073929,0.006915341812544801,2.5412707730027373,0.5417026010863322
26,rtp2500,rtp,0.052045454201970515,2500.0,structure,5.0,0.8960235194066521,0.4671477217264589,0.23236882431031425,0.04659687878495672,0.007398391726400971,2.3921523279780708,0.5242997560128784
26,rtp5000,rtp,0.06947845061835717,5000.0,structure,5.0,0.8960235194066521,0.4670217123866832,0.23299541053684117,0.046447194272431,0.007839667058800154,2.3445421418656682,0.5247444781481421
26,rtp10000,rtp,0.09064405095511868,10000.0,structure,5.0,0.8960235194066521,0.46875217157698756,0.23383506589783543,0.046363451708997645,0.008315386334447394,2.299894641777599,0.5270990536098217
26,grid_0.1645,grid,0.1645,58012.50658495081,structure,5.0,0.8960235194066521,0.4810204257257379,0.2356760252773739,0.04632787802066841,0.009215310869872984,2.1916800777119425,0.5335732774528571
26,grid_0.2109,grid,0.2109,134207.26849614628,structure,5.0,0.8960235194066521,0.4893304015210247,0.23586268919989853,0.04634517043557829,0.00928603772102965,2.14355339429601,0.5342859690121994
26,grid_0.2423,grid,0.2423,216569.70915289148,structure,5.0,0.8960235194066521,0.4944725948764784,0.23569905877548597,0.04635394257693141,0.009200103730718584,2.1166420050047297,0.5337640323781624
26,grid_0.2700,grid,0.27,327633.12501194235,structure,5.0,0.8960235194066521,0.49857403748000567,0.23541338758607613,0.04635690808918537,0.009062554965566738,2.095963254327332,0.5328823254492111
26,grid_0.2850,grid,0.285,402893.9625313691,structure,5.0,0.8960235194066521,0.500661309302733,0.23523148562081658,0.046357870426413095,0.00897598140096334,2.0857499641360824,0.5322891380539223
26,grid_0.3100,grid,0.31,555710.52112422,structure,5.0,0.8960235194066521,0.5038859340512585,0.2348848476299922,0.04635679757005993,0.008814094076104728,2.0701087327945187,0.5311804542654136
26,grid_0.3300,grid,0.33,705816.5067182615,structure,5.0,0.8960235194066521,0.5062604744568981,0.23457916867418277,0.04635400255924466,0.008673383816626024,2.0587017051758396,0.5302126223236022
26,grid_0.3434,grid,0.3434,822689.7267557766,structure,5.0,0.8960235194066521,0.5077548393471061,0.23436441689920526,0.046351298415241673,0.008575381493262813,2.0515757473626866,0.5295441404298534
26,grid_0.3600,grid,0.36,991758.3943167739,structure,5.0,0.8960235194066521,0.5095048978183397,0.23408941356653573,0.04634697128243462,0.00845088226148999,2.0432074796819197,0.5286946767871968
26,grid_0.3649,grid,0.3649,1046287.5481974519,structure,5.0,0.8960235194066521,0.5099993023487709,0.23400676274923168,0.04634548965725638,0.008413675355118833,2.0408512667639456,0.5284418849800627
26,grid_0.4000,grid,0.4,1505092.7916595435,structure,5.0,0.8960235194066521,0.5133035670741203,0.23339572883206883,0.04633271366300604,0.008140852574046564,2.0250434708111738,0.5265904251393198
26,grid_0.4500,grid,0.45,2399274.8892340166,structure,5.0,0.8960235194066521,0.5174564462290889,0.2325609909460825,0.04631350579274334,0.007771108717080533,2.0053325065907623,0.5239923220963815
26,grid_0.4898,grid,0.4898,3355867.254800157,structure,5.0,0.8960235194066521,0.5202542671096339,0.2319110708574265,0.04629471720350963,0.007488027582728651,1.9918634245739133,0.5220409351754646
26,grid_0.5000,grid,0.5,3677467.8876924147,structure,5.0,0.8960235194066521,0.5208999347812785,0.23174470732878102,0.04628922435931548,0.0074163850155868905,1.9886997023694335,0.5215600948391594
26,grid_0.5500,grid,0.55,5614816.52972846,structure,5.0,0.8960235194066521,0.5238018772408377,0.23094414318797926,0.046261249608262604,0.007073947664567259,1.9743475441644218,0.5192635902052011
26,grid_0.5971,grid,0.5971,8086804.56325916,structure,5.0,0.8960235194066521,0.5261191898283577,0.2302026940145981,0.04623144093000931,0.006761839401569381,1.962455699464237,0.5172215938439984
26,grid_0.6049,grid,0.6049,8566501.529528376,structure,5.0,0.8960235194066521,0.5264444337167788,0.23008396468925732,0.046225915548615104,0.006712715258512303,1.9606927141276465,0.5169177681360984
26,grid_0.6500,grid,0.65,11788704.133040529,structure,5.0,0.8960235194066521,0.5284337366049405,0.22944427190298658,0.04620036726050117,0.00644430664859047,1.9506153538428408,0.5151199276416888
26,grid_0.7139,grid,0.7139,,structure,5.0,0.8960235194066521,0.5307313226588786,0.22861213996406018,0.04616154041456708,0.006101970124379963,1.9382990354657088,0.5128976246401084
26,grid_0.7892,grid,0.7892,,structure,5.0,0.8960235194066521,0.5328054643868557,0.2276468549102895,0.04611175215619378,0.005711338394352616,1.9259652631040003,0.5104158449541643
26,grid_0.8000,grid,0.8,,structure,5.0,0.8960235194066521,0.5329914117232168,0.22751956418870312,0.04610319297354662,0.00566195911507078,1.9245053334635813,0.5101317875602588
26,grid_0.8904,grid,0.8904,,structure,5.0,0.8960235194066521,0.5343395470540668,0.22630933538506992,0.04602785315315809,0.005188062129273974,1.9128225228120612,0.5074563137543379
26,grid_0.9500,grid,0.95,,structure,5.0,0.8960235194066521,0.5345566276922166,0.2253237229065501,0.04595904533753296,0.004811734766934805,1.9062951682589633,0.5055622630479715
26,grid_1.0112,grid,1.0112,,structure,5.0,0.8960235194066521,0.5354347832396962,0.22459078702691274,0.04591418013109621,0.00452684148627186,1.899160430955127,0.5035923371851746
