,GM_RSD595_None_Delta,"rotD50_AvgSA([0, 3])_3.0_Delta","rotD50_AvgSA([0, 6])_6.0_Delta",rotD50_PGA_None_Delta,rotD50_SA_0.025_Delta,rotD50_SA_0.04_Delta,rotD50_SA_0.05_Delta,rotD50_SA_0.07_Delta,rotD50_SA_0.1_Delta,rotD50_SA_0.15_Delta,rotD50_SA_0.2_Delta,rotD50_SA_0.25_Delta,rotD50_SA_0.3_Delta,rotD50_SA_0.35_Delta,rotD50_SA_0.4_Delta,rotD50_SA_0.45_Delta,rotD50_SA_0.5_Delta,rotD50_SA_0.6_Delta,rotD50_SA_0.7_Delta,rotD50_SA_0.75_Delta,rotD50_SA_0.8_Delta,rotD50_SA_0.9_Delta,rotD50_SA_1.0_Delta,rotD50_SA_1.2_Delta,rotD50_SA_1.4_Delta,rotD50_SA_1.6_Delta,rotD50_SA_1.8_Delta,rotD50_SA_2.0_Delta,rotD50_SA_2.5_Delta,rotD50_SA_3.0_Delta,rotD50_SA_3.5_Delta,rotD50_SA_4.0_Delta,rotD50_SA_4.5_Delta,rotD50_SA_5.0_Delta,rotD50_SA_6.0_Delta,rotD50_SA_7.0_Delta,rotD50_SA_8.0_Delta,event_id,station_code,max_usable_T
0,-0.12360909982905932,-1.4329992293195506,-0.9457246706822868,-1.110400695648658,-1.187481535116845,-1.3303425759610787,-1.400723865415185,-1.5166540609686843,-1.3490360855614982,-1.10739592356102,-0.9917582524141482,-0.9194259032150089,-0.5651605873845806,-0.4967508474242557,-0.6847916712823752,-0.9153175558332753,-1.1518643129334567,-1.4507951010023472,-1.6260348961857645,-1.7295215880263237,-1.801476136699109,-1.9334658781263911,-1.9558099554125015,-1.898795495630881,-1.852164388794609,-1.9154644133989578,-1.8362877021965112,-1.6727348592522162,-1.3769751290182377,-1.0483259064863812,-0.8192480873515358,-0.591280455709235,-0.3776831211570961,-0.24330420186358914,-0.025334049171926054,0.17275424027521957,0.3122977913232976,EMSC-20051021_0000107,VRI,1.6
1,-0.7571282288897279,-1.976504175122436,-1.5647518548841717,-1.1965684999950659,-1.27043088497323,-1.4025233579660839,-1.4576126701037362,-1.5414676286151163,-1.3395362886234832,-1.2005746285638654,-0.7878044810085241,-0.545143781219565,-0.6348046374710865,-1.2475892552281493,-1.4438779463181532,-1.4793483949665083,-1.710429906859071,-1.9927535094804893,-2.082022617597877,-2.1742018256329994,-2.2622267630670256,-2.245119103545104,-2.2813335868542177,-2.449049338708506,-2.456794066442077,-2.314917257974029,-2.291717793461464,-2.403562111654402,-2.129989847224243,-1.823986704074608,-1.5415156085248558,-1.304955361810899,-1.058084945652471,-0.9518759768940406,-0.7185796728779543,-0.5250263143125586,-0.3841994567056286,EMSC-20051026_0000051,VRI,1.6
2,0.3624064241931868,0.11023771387189107,0.3635459481390839,0.35735721685287913,0.28514303107085226,0.18869756417814187,0.13984314544492982,0.11741240772255335,0.3202886191861918,1.1709710057399505,0.5187647625769767,-0.10426269116247955,-0.29731611958492365,-0.15347790201047395,0.03989523614932988,0.22913441425580316,0.17900278048199958,0.19044951004995436,0.22449686401194402,0.30103628605265964,0.365194810480193,0.5033219977816348,0.3129790132287402,0.06634573826143875,-0.005769089280160955,-0.04098294705179484,-0.09561491584914883,-0.0539911405386988,0.10501258704419669,0.2659267766320106,0.33487493478264874,0.45139880688537914,0.5697634548019259,0.6416140346327666,0.8366613083852492,0.9965809356933697,1.0917364231255817,EMSC-20051213_0000038,IAS,2.2857
3,-1.390215275177259,0.5659391607592621,0.8402944987867871,0.7549771980493141,0.6734537524743693,0.5166567341877517,0.4636243414067458,0.30920997576514253,0.22624007848552097,0.6308394937139465,0.9539861226096438,1.3122441257710373,1.4951543764412336,1.327268135462338,1.0014112651177571,0.6291986771321723,0.7789014425284426,0.8449891193551657,0.612748203698203,0.5502587619169805,0.47719395789607866,0.24530466117522298,0.1728737565458145,0.32653927732384425,0.2123154368803455,0.32676705218402624,0.3447178973835774,0.30636784976622256,0.5037653043099377,0.7156282173890123,0.8940394853460383,1.0175325163654048,1.1482043193057727,1.2253154911992574,1.4572341267027316,1.5933289281604956,1.7547506823717178,EMSC-20051213_0000038,VRI,8.0
4,-0.5576459793250388,-1.176654025353697,-0.9285822483549513,-0.8711332595700574,-0.9453290267275065,-1.0898721211015259,-1.1112261692053904,-1.1465202010563829,-1.061114299004391,-0.5975943924068208,-0.694955863134572,-0.5688590143995471,-0.010531998072710103,-0.3615529480146531,-0.5523466784310989,-0.6858225604546639,-0.9238190586349235,-0.727384388866521,-1.0375741289033913,-1.132740042454225,-1.1408795522082187,-1.069508696475319,-1.2005150382658245,-1.520075263698197,-1.6012738529509587,-1.6511501281943985,-1.568542313468484,-1.4278006948432633,-1.4138053780736612,-1.1800633525754787,-0.9820977056562423,-0.750001664516784,-0.6279743762785692,-0.4823029062081208,-0.3625665695449314,-0.20186956471996353,-0.11453096864046763,EMSC-20051218_0000030,VRI,2.2857
5,0.5946076654583279,-2.894435475360286,-2.4492918664212855,-1.9411347227682443,-1.764043430138904,-1.0122242435051296,-1.2385194877565553,-1.1979602267954892,-1.5674479341779533,-2.2268080870250264,-2.2839089721930357,-2.116136060500395,-2.1818803990839557,-2.40439920270381,-2.6198663460209524,-2.750874916992162,-2.880573836644963,-2.9263158617635048,-3.1053894072356805,-3.134034898109375,-3.132937889634875,-3.2053427303381445,-3.2832072321722663,-3.3732800509668905,-3.291978656807462,-3.2678728263435755,-3.179478809080676,-3.3221764763404593,-2.9292014535579725,-2.623029113867899,-2.458195558751388,-2.225665374694172,-2.017669711174234,-1.8595909610551065,-1.6053635398450492,-1.4092686413813258,-1.285846956042338,EMSC-20060902_0000059,TIRR,2.6667
6,0.46993434517402033,-0.9315631619070253,-0.5043723051255533,0.38786465362577527,0.39303636715386236,0.4605518970788749,0.5540672509214142,0.6051853700687353,0.4413162496997449,0.8186980751797979,0.1348056105211599,-0.09371306658825151,-0.5810435101925879,-0.5781246674686278,-0.7772943127717067,-1.06779797389422,-1.2324477275858658,-1.1658297451403055,-1.29486115197781,-1.3389806339438417,-1.3072090819867332,-1.357394417362273,-1.4200941967119451,-1.414086978046905,-1.2936872854305275,-1.2528416586566404,-1.228030319879732,-1.184901669531298,-1.0062034608249402,-0.7467123966764362,-0.5608242008746789,-0.3468877549286802,-0.13075927110685548,-0.011907069155441263,0.21170621611796037,0.3610710943407156,0.5463531778503086,EMSC-20060923_0000041,TIRR,5.3333
7,0.3650631221647802,-0.573029264578004,-0.04886596278210398,0.8364034307581099,0.8028134945868803,1.0575881823331148,1.5654484244731028,1.224557768994238,0.8572894101101536,1.4719611162903856,0.48898053526326013,0.0005965977741526629,-0.09591950012555817,-0.004471228768045066,-0.13744624586624887,-0.2117148676091043,-0.44470089894934883,-0.7358283525429421,-0.8546355875672367,-0.9954403795377571,-1.0818203621767957,-1.01368974960638,-1.1749528948684436,-1.2065128866478414,-1.0883028599775209,-1.1303410434683627,-1.0263385758706178,-0.8603381835009998,-0.6305085075523298,-0.27946396589175215,0.003683223287703541,0.17777175117641342,0.4519364401657615,0.5174777535310522,0.7816191130002714,0.9916751870632439,1.1492147315006065,EMSC-20060923_0000041,IAS,2.2857
8,0.03781647371221508,-2.3500707110523678,-2.0476375198721826,-2.752241006338579,-2.8471520368388115,-3.0271215275969627,-3.0348630249356505,-3.1432781697142733,-3.2425705500812425,-2.521570582562471,-2.203692019723916,-2.1150499684384485,-2.3945390041961154,-2.5715910272232616,-2.5474682153975747,-2.414306200246564,-2.3039912443248456,-2.100633333069668,-2.1610673699226197,-2.275950238821034,-2.4023364135979124,-2.600566011678133,-2.6075802989017562,-2.505989164574215,-2.3455016594057962,-2.2835876886963202,-2.330341700901558,-2.2278174340797587,-2.257237849892208,-2.139909689937083,-1.9770012794684302,-1.8825467642461913,-1.70018187977551,-1.6887515247439193,-1.5334043847692254,-1.3820221404954367,-1.258607802862013,EMSC-20060923_0000041,MLR,3.2
9,0.11137312609680228,-1.8957015593458113,-1.4668369490156152,-1.2216629231758045,-1.2911440280653164,-1.401903431589166,-1.4193013306780813,-1.3972502538539695,-1.4798119354624726,-0.5481994456692467,-0.8910231894600109,-1.000070885588034,-0.9065395438658364,-1.1764915045825104,-1.5421047681118623,-1.618431591210987,-1.8138396611271954,-2.024580304098696,-2.1892612753921643,-2.1655552352939598,-2.282251200995689,-2.457499790089315,-2.527970171437559,-2.2746031505717577,-2.3305416448874805,-2.206408964821472,-2.1210937334032884,-2.0856788645081927,-1.9489229557131509,-1.6218377286808625,-1.3718522735256382,-1.1869013021292059,-1.0212754447595263,-0.8988762743051968,-0.6724289603526881,-0.4777825251284078,-0.3477058179730381,EMSC-20060923_0000041,VRI,2.2857
10,0.5845985446115094,-3.160125835152776,-2.5178953646413476,-1.4167496141985065,-1.1980895494035009,-0.7648245242949052,-0.9523635124124681,-0.6761852004646158,-0.9923804745226841,-1.6090731952025301,-1.3437505184908902,-1.9660376150724002,-2.4501611122578026,-2.8895693380772896,-3.127392805759672,-3.2466681065233507,-3.436685495304074,-3.6758709789655644,-3.5838698184672717,-3.59241552180334,-3.57472525949903,-3.670270512707712,-3.837335391913996,-3.7806409937835195,-3.8068770501408284,-3.72086163408782,-3.6396199232504305,-3.5040744539651048,-3.1136630260768943,-2.7918201887576917,-2.5125978327489378,-2.1959200528665495,-2.007967640704136,-1.7666165870302866,-1.4846473752495424,-1.2742240388927382,-1.1224974902674862,EMSC-20061118_0000084,TIRR,2.2857
11,-0.20655537066086627,-2.8751919698648454,-2.45170647678229,-3.0274415016797427,-3.1149079834130182,-3.3025473380928885,-3.357656068250386,-3.547913199891261,-3.349086293727816,-2.8402577572604297,-2.49976081270691,-2.8427620732465595,-2.760676938474032,-2.7096718256614185,-2.8400340863039633,-2.9969220459380246,-3.0602881860082327,-3.0002883831058504,-3.036686171243737,-3.168916591811766,-3.306763185123576,-3.3930368173052816,-3.427559101543727,-3.080746625742332,-2.942790407026555,-2.989667752637823,-2.8741706748223397,-2.82833917223315,-2.651949123130871,-2.5069819064913315,-2.2446841602051872,-2.2056524228698606,-2.0458466520820675,-1.9374798766099168,-1.6864750342399422,-1.5462786500284214,-1.4590309280004217,EMSC-20061118_0000084,MLR,2.6667
12,0.5349883515382214,-2.74559786040143,-2.133562823168438,-0.8848309146739366,-0.6454165849081441,-0.025683906151797053,-0.21973078887053532,-0.6389153298857178,-0.5584976021014265,-1.167601407359526,-1.4446571868871425,-1.84881945847801,-2.270028171005362,-2.0175385595379884,-2.167972459599989,-2.3497870605528632,-2.5350598952438697,-2.830461481823054,-3.1646966045545355,-3.301334298127391,-3.4008435795887673,-3.3363169431568203,-3.2488299421319597,-3.2765407002244302,-3.268313595850204,-3.347272684998508,-3.294205487820383,-3.2419926134273,-2.913262574981209,-2.550449784140172,-2.206151312764339,-1.8360264630958945,-1.642381262317878,-1.3522594440647353,-1.14967513159025,-1.029254525147742,-0.8410059998791972,EMSC-20061119_0000081,TIRR,5.3333
13,-0.17434969851552617,-3.153899041778949,-2.8036126330614017,-3.2329972724562284,-3.2799112150236747,-3.371901009399691,-3.4036115619193357,-3.2116902871102697,-2.832702514006143,-2.827957792163522,-2.9309014022618882,-2.92573492194407,-2.812577688266515,-2.8569624226178973,-2.9034929189222174,-2.6519063105420084,-2.837615566689288,-2.8752390278782984,-2.9498213227067422,-3.0039992005781873,-3.178389051687401,-3.3235100772113277,-3.5085636028958467,-3.6401945134020757,-3.4460413578083138,-3.3506094647711855,-3.2479077056125565,-3.216942768548435,-3.057284327264872,-2.9102629254833,-2.7564735873773003,-2.5520716015105,-2.4336252247966303,-2.347166214114221,-2.1412821614209445,-2.01848690372943,-1.9079736037859831,EMSC-20061119_0000081,MLR,2.2857
14,0.4507282884363435,-1.4566074146351564,-0.991453876510823,-0.5135189528353807,-0.30316644947266713,0.3330225244101159,0.2027602568448108,0.12949278164901568,-0.5251245922648886,-0.5562294942339445,-0.6933221776894465,-0.4946924270983901,-0.6446964158603077,-1.1519379527549276,-1.2082745120472271,-1.5261780265615625,-1.5719058933713006,-1.520847742271016,-1.4356791537121456,-1.4422752642799166,-1.4946244753828504,-1.6113548365283465,-1.7043789509406508,-1.7777674525398552,-1.8783868712651959,-1.9061968641034284,-1.8604807427869314,-1.8166197970096434,-1.5686134178255458,-1.2739469055768318,-1.0167470034569313,-0.7562490534824047,-0.5387042977351459,-0.4279251669431581,-0.15373679405362495,0.07890850085029477,0.13702603958012993,EMSC-20070117_0000067,TIRR,8.0
15,0.8212898485059585,-0.757080536752742,-0.3552227242590593,0.44131485701027007,0.4062986312915644,0.4484615404505492,0.8215312262073162,0.619335786222627,0.6466283521467613,0.6878719541058445,0.21120866551903816,-0.4334802801698645,-0.3558147594265151,-0.45839178480439813,-0.5312599073207078,-0.5082830163679288,-0.7414270118247739,-0.9728496136512508,-1.0609715701101496,-1.117797081709413,-1.047656171834074,-0.8817250408063746,-1.1101446480143764,-1.2413446845818932,-1.2800163034913705,-1.3355274211062653,-1.110785882837824,-1.0092687406964682,-0.6896573162496349,-0.5221403792884125,-0.41717710730815405,-0.16290349486370204,0.038801130804552386,0.12308799064634712,0.2782568723180123,0.39732039903232774,0.5847561343684493,EMSC-20070117_0000067,IAS,2.6667
16,-0.02372972577950705,-1.9170831892344564,-1.5716380752163328,-2.6252113998236632,-2.7261192379928127,-2.904455635657799,-2.7752452583188436,-2.8264666217398693,-2.490381465399353,-2.3281240400172862,-2.242049131034614,-2.2569069491208076,-2.228624783422859,-2.1320840396082676,-2.0719072309665743,-2.093550656900441,-2.121272132512379,-2.0185502205115524,-1.9493346692943785,-2.0728951784574727,-2.22246023983413,-2.426799189218908,-2.3354858992191776,-1.8782306877344874,-1.7150507712091771,-1.742397011218669,-1.797115484538617,-1.7297855844522676,-1.612944013567759,-1.596180890080845,-1.4029405383902933,-1.339116163964576,-1.1901271385920236,-1.114679743047276,-1.0048747206442687,-0.857339844624839,-0.8124754210658853,EMSC-20070117_0000067,MLR,8.0
17,-0.01660822806750062,-1.6695619101271912,-1.2488522200517878,-1.0605686623059807,-1.126157696578571,-1.2403027524125747,-1.1759640185721478,-1.316433753824242,-0.8977166719035994,-1.2576519640398907,-1.0826718838503844,-1.1218869886194875,-0.7988123247170007,-0.8754937704136028,-1.1233375385846367,-1.371998104045331,-1.5687302836244923,-1.7294212176268298,-1.8872485132388812,-1.903130703657288,-1.948351869585644,-2.0132184627291156,-2.100950433003006,-2.032560107289691,-1.950122655795533,-2.0485121254114134,-2.01499014977661,-2.010527082326652,-1.6816184662703666,-1.4659166735425817,-1.2200343635299564,-1.0061751003411974,-0.7653385583935624,-0.6184057453432246,-0.45107145512091584,-0.24981271096828372,-0.12273782927789689,EMSC-20070117_0000067,VRI,2.2857
18,0.2977062757671165,-0.7224937312917845,-0.2887296571775977,0.9485086433924383,0.9373112966133998,1.2642536708251582,1.3081448499338784,1.2489500327824787,1.540223736318537,0.7124531751410128,-0.15353389827249764,-0.0893108920836081,-0.08091563454037232,-0.06054393981248296,-0.20729617401604106,-0.3912721151589027,-0.5408127861794405,-0.7891733256584219,-0.9423767884864205,-1.0414207779835252,-1.179768557485656,-1.2463746562542308,-1.368528455472358,-1.2764175078703222,-1.273436772867667,-1.2031981651806234,-1.2241697466567345,-1.2507008536517539,-0.7418555631414829,-0.5586130659279842,-0.33943705125116885,-0.16935556396800955,0.03454551054513466,0.2015988702497431,0.43374002193256445,0.5997347895284051,0.7208850438561178,EMSC-20070215_0000030,IAS,2.2857
19,0.11745959899038061,-2.0622347707414024,-1.729857373137122,-1.9220933456874647,-1.9884054597997567,-2.023185840198779,-1.5457332151594052,-2.218868811808501,-1.9568670418904093,-1.918562303975273,-1.8682710612118134,-1.6096173705584533,-1.5591387902284017,-1.2311052733096766,-1.2504091819895482,-1.4107231146599792,-1.516925819310928,-1.9151975904039436,-2.17384870191251,-2.3411908601344367,-2.364552552254784,-2.514586534678747,-2.5092880365393295,-2.4924533362643295,-2.341478233592552,-2.271920584838891,-2.2847450326924132,-2.176913426375595,-1.9980899078731156,-1.9253429699239302,-1.7033987993247788,-1.4753478051646507,-1.3996367033276567,-1.2395232072680678,-1.0208547160561867,-0.8755679190067909,-0.7550303303075356,EMSC-20070215_0000030,VRI,2.2857
20,-0.3699378421110944,-2.8652103360162666,-2.487033126528633,-3.0230159481872434,-3.104862605510177,-3.2690574138725106,-3.309323370703283,-3.4860379904574623,-3.351435772442035,-2.524267858753875,-2.9105952918600266,-2.941875129740728,-2.955483268678832,-3.099541774923079,-2.998880237346685,-3.2081709531368237,-2.8796390907534075,-2.718646141613295,-2.7631766870558003,-2.8684339083124533,-2.9890469726370847,-3.1716722389361127,-3.330842688002937,-3.2295540998069114,-3.064580287572362,-2.926212726362742,-2.841935258754148,-2.797953625315076,-2.659658241117647,-2.4368224192008796,-2.3437056248940547,-2.324880011403204,-2.0886067472993908,-2.0262057892978174,-1.8910456614825613,-1.7450759576044046,-1.6155702013334121,EMSC-20070328_0000047,MLR,2.2857
21,0.26613260543345785,-1.1126755705103442,-0.5624961571387495,0.7545592351289212,1.0135683083912959,1.826551116657054,1.4400639348824313,0.9419614769940399,1.0508555956237986,0.18654403592015356,-0.42002938861283745,-0.3239087724523815,-0.30347368424569954,-0.8304484632392972,-0.8400780020775871,-0.7974742175280554,-1.0659987044542278,-1.394381268473392,-1.4973894611870637,-1.577782820900345,-1.6132959069061208,-1.5069339006144888,-1.5628091602599508,-1.6895445284752881,-1.668277198457794,-1.6977369670748086,-1.6296514304911636,-1.5169508859991403,-1.2712905552456313,-0.8850992444419461,-0.5986033003414608,-0.3379492647961797,-0.10723067785471052,0.05376687887526721,0.3171612634136167,0.5201518464282877,0.6591589798397948,EMSC-20070405_0000059,TIRR,2.2857
22,0.09091351352271682,-0.8480945075796118,-0.21858200514318682,1.0532325725487182,1.0421553174321359,1.3894197126476895,1.6468769192503006,1.6397729325529804,0.9672687803987072,1.290152337771877,0.15416220143627957,-0.5037115019291303,-0.6264800093923766,-0.8667836011322887,-1.3004887742487368,-1.401703315950054,-1.2734369953690061,-1.1757972493742521,-1.1879260504911784,-1.2465150818031656,-1.0900926393555785,-1.2460154152161156,-1.3939935200399383,-1.566582740538303,-1.5508415857700903,-1.4231348322711792,-1.2712204520692314,-1.1868335117377171,-0.8416947299739075,-0.43630738750392695,-0.1903707764510738,0.05700665727866827,0.2876016418421319,0.4363757278112601,0.7032740100497747,0.8911562615301349,1.025730850882315,EMSC-20070405_0000059,IAS,1.7778
23,-0.556323470410375,-1.966190473528954,-1.68425100087644,-2.634519573494985,-2.7317358968654224,-2.923397382526182,-2.998310519972125,-3.1926794741266926,-3.3345883110207923,-2.7456910442800577,-2.42353259013108,-2.092678079405972,-2.0375553562039768,-2.1571972694994237,-2.120779359950804,-1.7459580352185604,-1.8416703662689606,-2.1201767760161214,-1.9362979902739497,-1.900896219947322,-1.9104075337540545,-2.021107856823141,-2.0209889010275566,-1.9798839327456221,-1.9603052371087788,-1.8988720880348797,-1.859586940060959,-1.83800460710677,-1.8187459684152536,-1.6565977521624102,-1.559544072399266,-1.419717724184581,-1.2856748087783867,-1.2630898337858625,-1.1643723444788794,-1.0074147259461075,-0.9358176290788176,EMSC-20070405_0000059,MLR,3.2
24,1.1213408709799393,-1.1215698227874746,-0.6563240957039724,0.029128181500807315,-0.0090337468627677,0.13067900604410365,0.2709456971170612,0.3448301903377029,0.1748367706344336,0.4495882779421656,-0.27458507697939094,-0.3693152719542754,-0.5193921965434463,-0.7691549567252824,-1.098789543588099,-1.285348929125477,-1.3778287605639292,-1.260024523130804,-1.4217159476649144,-1.5010803101052748,-1.527715330691544,-1.4691242716645032,-1.7192203292263368,-1.7488224646565715,-1.7939163721602966,-1.7611775202637965,-1.600543954574725,-1.3464409816536396,-0.8376042368974819,-0.8387688555593495,-0.6295003662585064,-0.3820218882659159,-0.10054391967850407,-0.1652465919838697,0.007711689439421576,0.1710445675854544,0.31737314573463493,EMSC-20070503_0000085,IAS,1.7778
25,0.3060645009833882,-2.0492741506780483,-1.3257449426799095,0.3044049883035411,0.6087238662002434,1.441430591475127,1.1143612975817474,0.9613216210735152,0.24015497640479921,0.005243937073803551,-0.9667519632364554,-1.0772850756645989,-1.5425472600282264,-1.781045948020191,-1.993699128677056,-2.1833330782709623,-2.272957068739106,-2.652601315589391,-2.7802116248507502,-2.912779275338096,-2.933936423757764,-3.007749355406755,-3.0753510881026607,-2.9340128837221844,-2.8036502562679484,-2.7045547620946806,-2.5112423043979675,-2.474527020257465,-1.9251778377576283,-1.481677065549393,-1.2642322398343584,-0.9999575716088565,-0.6969650088392072,-0.5490394646332302,-0.3149942031140416,-0.12097145827564937,0.04395712417450781,EMSC-20070505_0000103,TIRR,3.2
26,1.0039476874733264,-0.6351204944310513,-0.10535484073248469,0.8611171128491835,0.8464024135112522,0.9400518203644248,0.9462065162488287,0.8994142565221308,0.9131863111507688,0.952485001628455,0.3095184944513658,-0.18337810369593655,-0.15275065242990848,-0.4231312471523907,-0.6933875347833478,-0.949893203575737,-1.0706185706522966,-1.0872320399767101,-1.2321359937539231,-1.2840830013569526,-1.2796689080290626,-1.211360704239322,-1.385703509283779,-1.4934285509380238,-1.5868410160919257,-1.1400412706776262,-1.0365983445751077,-0.7785606840781867,-0.25575574596333794,-0.23657810424436398,-0.0068449220186970194,0.16254391057642792,0.3274245542571581,0.5179278577891324,0.7455527018825716,0.9252622368001759,1.0381156341696496,EMSC-20070505_0000103,IAS,2.2857
27,-0.05031515606377113,-2.466800066236736,-2.058111066830717,-3.0922399374320904,-3.1766235807566376,-3.376268976952928,-3.447338730458646,-3.1593825841664085,-3.30463754813706,-3.2016920223463003,-2.684625118453434,-2.894354088523155,-2.5408970086897575,-2.418092784834746,-2.48511585174247,-2.2110665839123307,-2.2835109135347995,-2.111765329749736,-2.1974727512507926,-2.309214986877178,-2.3434939764717253,-2.4871612477019056,-2.706350482712068,-2.621651143096475,-2.62847671648308,-2.611019188925015,-2.5221419827158886,-2.4073826545499895,-2.301713304435779,-2.099687699510522,-1.9732883399824477,-1.7704697143479144,-1.518480632312583,-1.4510587687414613,-1.3841559296403112,-1.3048368259440295,-1.2050982933279712,EMSC-20070505_0000103,MLR,3.2
28,0.5424306431838426,-2.7279314824794323,-2.0458218002801143,-0.4807585330485509,-0.43313456526920113,0.3612486843369487,0.0679875720062455,0.14852422664766252,-0.12182253347118888,-0.9808365324318791,-0.90409184180261,-1.6038716270951596,-2.0687528165742,-2.327626147579119,-2.622632823475077,-2.8250719311098216,-2.9523044246865835,-3.383396044044578,-3.414155092340481,-3.48749754745607,-3.5446657542338302,-3.465465037712524,-3.6205493522292214,-3.512576107717228,-3.437854666377442,-3.3570341696938257,-3.2486365665535786,-3.070194508653074,-2.67900738359522,-2.3471322387653792,-2.0361535119232723,-1.7517183230682374,-1.4873183814855064,-1.2257350004608814,-1.0573154437203343,-0.7323473697687106,-0.528586829160524,EMSC-20070512_0000109,TIRR,5.3333
29,-0.06875985705116694,-2.9609216773531966,-2.5691120852243223,-3.028789443075528,-3.1136387922520994,-3.291603488234073,-3.319979742376141,-3.273293827949529,-3.1108241127838525,-2.632948169729074,-2.9531908260584085,-2.5930357454368647,-2.8238707783687103,-2.8600943086238964,-2.809020704758603,-2.723718147325343,-2.553077496453734,-2.684572370844309,-2.8637175679996947,-3.0150544263467074,-3.1440581335712006,-3.1683765644918065,-3.270994338049256,-3.392810648356173,-3.150397570316576,-3.096394083550244,-3.1107258185283087,-3.0083267089786467,-2.847698218004357,-2.669997206494637,-2.5752187299456377,-2.3387657601793883,-2.101934803018679,-2.023023923769067,-1.8771424529030085,-1.7234550228905299,-1.5923366364757836,EMSC-20070512_0000109,MLR,3.2
30,-0.007795812864778817,-2.9547869915706,-2.4985132598997293,-3.087657792683073,-3.1641431219150773,-3.355416158644414,-3.422929451695846,-3.2630826979168903,-3.42589165319371,-3.1334757782954306,-3.3292191084983607,-2.837582297468561,-2.710020943474258,-2.678341672042693,-2.630241321964019,-2.6141200502047894,-2.633434001362419,-2.704326450147086,-2.862805167852189,-3.0094389318300045,-3.1727814011052606,-3.2311702700803906,-3.2761115618943535,-3.378112739093538,-3.252597280143675,-3.1418557732075136,-3.129309609917101,-3.04529561904638,-2.8195900821358286,-2.607554913981774,-2.399765331329032,-2.0945675317375443,-1.9098663496184756,-1.922329636883811,-1.7120772530345292,-1.568100168193645,-1.470661919258422,EMSC-20070527_0000041,MLR,2.6667
31,0.49999921768496813,-2.334181762165869,-1.6729980818364627,-0.2936654006819026,-0.2510642401243368,0.2530818141675324,0.4361659511793592,0.16718699616394606,-0.2566041079138852,-0.4098541152523518,-0.8666939435009748,-1.481321455873296,-1.8447761580916682,-2.2162968242088557,-2.386423239191287,-2.3615016325787996,-2.4093401672607033,-2.747720980300077,-2.775712956130591,-2.7520673639425874,-2.7345025205091638,-2.819129037236544,-2.9274435789256463,-2.9518890419207455,-2.9892426756006163,-2.9376060094107874,-2.8370378040639377,-2.6974151588128006,-2.32500013049917,-2.0490485726264662,-1.7206856302259101,-1.3991303002512971,-1.0914514299725564,-0.9173293779610745,-0.7014538614052839,-0.48470385085965795,-0.358037314088385,EMSC-20070922_0000066,TIRR,3.2
32,-0.12574845103690047,-3.992092023349109,-3.569208076411096,-3.2250487253118605,-3.265226992542135,-3.3522248301141984,-3.2396867704004295,-2.960961667738757,-2.8377274668893717,-3.4112498431669955,-3.2388544340337884,-3.3693495249571033,-3.7606637236119758,-3.865248098738329,-3.9421430825726036,-4.02578709459798,-4.12143069658133,-4.136152785669666,-4.040765097128826,-4.202699014851867,-4.304422065573601,-4.388727955422141,-4.543886860225906,-4.355391467803329,-4.160791503356284,-4.0991038286724155,-4.231865828069688,-4.163044127117333,-4.026400310218385,-3.754601079218146,-3.569170579020435,-3.338593899721083,-3.1989530115653206,-3.062783306021988,-2.961763068055559,-2.658780562500352,-2.64122152542517,EMSC-20070922_0000066,MLR,2.6667
33,0.47054035403015915,-2.335588821052914,-1.583534767280078,-0.3397487287884271,-0.09126380261260891,0.8170431398382467,0.40320208725454343,-0.27299837057483156,-0.6097632836226765,-0.5119577172479168,-0.9456896772032479,-1.4372783419167225,-2.000014943876465,-2.2460516282627205,-2.24319654768993,-2.4968931285395417,-2.8021422370664375,-2.7815894246413446,-2.9790883409140374,-3.029700749189069,-3.0856926847714927,-3.0965185998993245,-3.2199726345076876,-3.0136602345915815,-2.815439832813883,-2.8182253910677435,-2.7980652575121905,-2.7374621901472143,-2.206149475263329,-1.8613955893116785,-1.4680669770326187,-1.223629492074675,-0.9501480594065583,-0.7956256844414735,-0.5002970333699839,-0.2641877455093269,-0.09736298568412316,EMSC-20071030_0000049,TIRR,2.2857
34,-0.35245840424509245,-2.9547340440531524,-2.5136344717449717,-3.359083370147564,-3.4523827371928713,-3.6465313668162453,-3.720303646765454,-3.904521367103852,-3.919439968733177,-3.2392109448212754,-3.134394347274224,-2.9367267452731625,-2.733250968661598,-2.993368212950365,-2.6110646882457775,-2.4289045149069537,-2.5570771717716863,-2.9453277547402443,-3.0315356981509876,-3.024515961142326,-3.1246258171456134,-3.2616686495285148,-3.301308678947679,-3.1437029421151284,-2.9963481549170563,-2.948894132234173,-2.943862456909109,-2.8978964939976937,-2.7676219121506573,-2.6090076065164176,-2.4242631418350555,-2.1891930973804694,-2.0247852079695683,-1.9108632780930321,-1.6687769367333765,-1.5463257511421595,-1.443599551296277,EMSC-20071030_0000049,MLR,2.6667
35,0.3629091431848481,-1.6567271417407152,-1.0836095085595936,0.9376610500233875,1.2021007718436545,2.067734429501873,2.0091393434858116,1.5911783715058112,0.439092117570147,0.3765839186143918,-0.1424807464526161,-0.5605500335814213,-0.98125902524714,-1.2815903475161612,-1.5362841969802732,-1.5614353228458873,-1.6915777518628117,-1.9451322326297946,-2.3526011919401455,-2.429187199993507,-2.3825882998169083,-2.4911178225465918,-2.557961788591027,-2.4528695839458052,-2.405104993351456,-2.28841468061875,-2.205202320106398,-2.0339156024851803,-1.7390709825122546,-1.408923995385921,-1.168624610688239,-0.9254722765750607,-0.6987405017567614,-0.5325986689811142,-0.25614049029888797,-0.03368629978508686,0.12477266211792859,EMSC-20081217_0000052,TIRR,4.0
36,-0.9875046812518966,-0.9742806181303827,-0.4618633332365345,0.8961838280456043,0.8683369901800431,0.8229773162401424,0.8462806735756097,1.1831905092935147,1.1069146273437251,0.9310438347864807,0.5898129259117093,0.3044143246958928,0.13285419354864736,-0.3672818581382611,-0.8124756298359728,-0.9633029697031121,-1.0952000788304836,-1.4127235602571933,-1.493324506425842,-1.5197479364084572,-1.552268650717588,-1.637620795018739,-1.6977399631906192,-1.7597476799182212,-1.7279209448933006,-1.5718536705697694,-1.4624605909791626,-1.3234998182290223,-1.0331148649419895,-0.6773023181005922,-0.446386056066606,-0.20711595703181018,-0.00292315107774499,0.1487408381294788,0.3524712913900725,0.5208148894044555,0.646607097718876,EMSC-20081217_0000052,CNCR,2.2857
37,0.22503329638481961,-1.8517196719371203,-1.5307102838968678,-1.404393019720529,-1.454824823527379,-1.5509753580106418,-1.5532657402808834,-1.5433640504232482,-1.2641667648291879,-1.2002893747826864,-1.2530760610089704,-0.9834200656472962,-1.120554047475915,-1.317578876679578,-1.3525237497593725,-1.6301692238335894,-1.8182855791582968,-2.0186836380612005,-2.0110984616119953,-2.0246512082673913,-2.0875382123107356,-2.0016619805281914,-2.2080113709890528,-2.228432717112039,-1.9603963411490755,-1.993820716008731,-2.0480642982418757,-1.993813609715719,-1.935735128760868,-1.7857093855734032,-1.548869195671541,-1.326861452412933,-1.1503399190268695,-1.0443133014445056,-0.925986321059078,-0.8126848780200202,-0.7296045294848543,EMSC-20081217_0000052,GHRR,2.2857
38,-0.623521705266374,-1.0637706266721842,-0.5429689785106131,0.742125601278544,0.7128617450046209,0.7517167104034188,0.9062538629204484,1.2044413558212437,1.164636794683406,1.1005255577444562,0.3497370440359058,0.2357845444258695,-0.22997925752084392,-0.5710161781332088,-0.7840698004585613,-0.8506378904420817,-1.0433815905347563,-1.308861496172951,-1.6537375832773602,-1.669224260157077,-1.6706931856999914,-1.66401005979853,-1.8141996757656909,-1.7965347914482788,-1.7622733482698756,-1.6379760473451483,-1.4744239873754115,-1.3618116706062793,-1.0763466709704517,-0.7530162183279252,-0.5082678427530052,-0.2879110924844799,-0.09543221206977393,0.03716447335390427,0.251297642923328,0.40888449089884027,0.5282852316520632,EMSC-20081217_0000052,HUMR,2.2857
39,1.3778315705750122,-1.1767119886578463,-0.8588160640852482,-0.2861741437743923,-0.30929363733244575,-0.2917638899194879,-0.1000559715674374,-0.02062012823743764,-0.12755466819522354,0.20586472216285578,-0.33670611321551025,-0.5081647515105079,-0.7260103403878162,-0.9094916103813775,-1.0949665048132635,-1.0567772702801328,-1.1567813578752766,-0.9674922400377497,-1.257579560020882,-1.2195465108224965,-1.1722224532004422,-1.142940816734539,-1.2829437569403215,-1.507675663332627,-1.5893218875047133,-1.565732451924811,-1.5276988027993532,-1.4516334496688401,-1.3164289861374758,-1.0682127019767051,-0.9290920179675233,-0.7448172297652533,-0.6038931184109781,-0.3985727497708851,-0.3092150021954083,-0.20117094349900633,-0.11703018131750653,EMSC-20081217_0000052,IAS,3.2
40,0.42981515404224213,-1.7392238418251171,-1.1450812983092522,0.48369541295962204,0.4988845449033894,0.6271810933531592,0.8503262638602367,1.1734629090065019,0.7249331315606966,0.47402904224281084,-0.631505042612746,-1.0026810365989256,-1.2136158920059215,-1.5387277128122596,-1.4183029445391755,-1.6140629882631785,-1.6180010564193843,-1.7782662610518791,-2.1630608106489513,-2.4434362465912995,-2.559855373192491,-2.5148428057476915,-2.5182983739073626,-2.5795422078507872,-2.5073338691316955,-2.2285405380048626,-2.2702239175640617,-2.068751410652057,-1.858587162049707,-1.4432871031277283,-1.1453383087764948,-0.9196180791746986,-0.6443187767910938,-0.5746769172848634,-0.3384676899047818,-0.09723842654749326,0.008362732754473967,EMSC-20081217_0000052,LEOM,2.0
41,0.7146534824993909,-2.4995459746603874,-2.1653319349860958,-1.5669029680002318,-1.6061567012247782,-1.7443934749036805,-1.7302580433646284,-1.918381959356024,-1.5672248033236835,-1.344922094263402,-1.043365065341411,-1.2386554893515163,-1.2976847405710439,-1.7044012830585302,-2.108791765098151,-2.015039895061868,-2.076061811359642,-2.2337280487048563,-2.7329091366951985,-2.845963378687582,-2.90295340728988,-2.8832165788540003,-3.0153833560251186,-2.9863098602681823,-3.112282668033833,-3.1037516925054813,-2.9795291383187426,-2.746763682733839,-2.563032889826202,-2.33067801420842,-2.159386550233064,-1.9479894376036047,-1.838632306312796,-1.702704151163907,-1.6223451757838294,-1.502475615954415,-1.4116303725227848,EMSC-20081217_0000052,LOT,3.2
42,-0.029058653150792146,-1.80042172017456,-1.5677598983059458,-2.320458430866805,-2.416452786834652,-2.6035144520736324,-2.648752693965627,-2.6190910851331175,-2.5188523307545596,-2.0726443123758997,-2.231798817505881,-2.076140861451133,-1.5670808526068942,-1.6017640388792866,-1.8399705027710818,-1.710146925494561,-1.6381772049750962,-1.602439973420176,-1.5715736713715165,-1.6784713171798842,-1.6645004390665203,-1.8178158927540302,-1.8421495973097617,-1.9763459735215436,-2.051896451738033,-1.9459450482300902,-1.8693997529013195,-1.869442345721085,-1.6431646940076767,-1.561005564007706,-1.4207778219943616,-1.326801213036953,-1.2234416982225103,-1.1887778881501614,-1.1286117278356897,-0.9872021817118668,-0.9207247837924672,EMSC-20081217_0000052,MLR,4.0
43,0.3086780758266854,-2.5629698440809365,-2.217128800323117,-1.445424749031691,-1.4331854243928106,-1.0767534529860905,-1.1759028499019415,-0.47544631445321883,-1.4491098305357983,-1.6562350161813661,-1.6590729211988933,-1.43370587424889,-1.6523156010854745,-1.9325791426096863,-2.332990536487129,-2.458554512721676,-2.5220937677632786,-2.76087455213643,-2.8597410753200316,-2.8976012787944487,-2.9337635087176146,-2.9572518621439423,-2.9569776691011196,-2.754869807884856,-2.9970877981901225,-3.0412078204841357,-3.006965864208487,-2.9581489685536795,-2.613557594866281,-2.423082879979983,-2.2502655776532894,-2.035622209259678,-1.8786729108862765,-1.7995992805690992,-1.5910716468573725,-1.393419996406383,-1.2441701669892478,EMSC-20081217_0000052,PETR,2.0
44,0.21048464463812566,-2.204069011680386,-1.912904475254292,-2.0875063661211595,-2.1597716338070354,-2.292429863847522,-2.3364041073204778,-2.2831639854193098,-2.311451875137287,-1.6279764544519786,-1.4126536752908505,-1.8637849344976134,-1.5207925522745391,-1.489239864758562,-1.6231697279811286,-1.4954075834637814,-1.3937574152286851,-1.8547298375496952,-2.0731525116071348,-2.026909443188062,-2.0401557709444633,-2.2395371409330282,-2.4409102448357336,-2.5076256774914176,-2.7009217486003108,-2.5268435009189236,-2.4799095501843453,-2.379423831766328,-2.1805878621197063,-2.1197953412874355,-1.9114748659974108,-1.680008689547627,-1.5283746305350014,-1.4460874551872944,-1.3349099419256358,-1.196787362112639,-1.1157942342442393,EMSC-20081217_0000052,PLOR,3.2
45,0.30389977656392597,-2.1617371614132077,-1.9020698023226075,-2.0520952928477554,-2.137698989676246,-2.293003868618114,-2.3366324498644317,-2.371979654987711,-2.0849476218499685,-1.8240843397541608,-1.7662507473094164,-1.4123314246099428,-1.6188969133248303,-1.4442744102613805,-1.3625684700463392,-1.1886712067105858,-1.3151535125492817,-1.856653835500948,-2.2182880621240093,-2.273855411839846,-2.2609967800705375,-2.299038733518432,-2.4806598672375806,-2.464069007416562,-2.52893417667626,-2.3149066113440373,-2.302168219148143,-2.2802465229266122,-2.1780815602561674,-2.0716657923533983,-1.797503972507121,-1.7488365074193002,-1.5886705823637826,-1.5204096535368716,-1.3224015855821083,-1.1370751165261215,-1.031883069826197,EMSC-20081217_0000052,PLOR1,4.0
46,0.20738464463812578,-2.2133629272861244,-1.915198016466368,-2.0959537873249365,-2.167632502422851,-2.2990811764759345,-2.342459231515166,-2.2886049752530084,-2.317681610774061,-1.635884892912654,-1.4226747515216989,-1.8748591565173127,-1.5331087810957431,-1.5024931684783445,-1.6372443141841666,-1.5099381170538049,-1.4086715658812574,-1.870421489560278,-2.089331614998498,-2.043484992585137,-2.056526702978627,-2.2556116010270033,-2.4569262840880564,-2.523614227825937,-2.714967474520096,-2.5382858664226946,-2.4926653610463934,-2.385324943654002,-2.1871420744788086,-2.1170931921426224,-1.8992177054934238,-1.6879317888538559,-1.525923512964896,-1.4221212763671325,-1.3358216367596452,-1.1944407772834662,-1.129496024788759,EMSC-20081217_0000052,PLOR4,4.0
47,-0.31956730207577433,-0.6613964844653495,-0.24600295577708486,0.2936957656712389,0.27574466410052256,0.24476914894242885,0.30488236430915183,0.7285344484820886,0.49710227280947183,0.1321337733111081,0.07997282152935714,0.09233393727119577,-0.056709263555973166,-0.05998343335570322,-0.22162243885226474,-0.3254214240195621,-0.45855626365050917,-0.7594024645544639,-0.8675864845797276,-0.920696738411368,-0.9737776209441797,-1.1053208567056458,-1.1739457162929083,-1.1409781685308937,-1.1516895318572082,-1.1035785374843474,-1.0113106459431762,-0.9294527829570249,-0.6646871969048007,-0.4037665391346863,-0.19079303776451262,0.0019250788002942443,0.17624678277928574,0.2710901996673485,0.42237816610520795,0.5543536161652174,0.6452861628157329,EMSC-20081217_0000052,SULR,3.2
48,-0.298948637351772,-2.3775827832075223,-2.0011778717047903,-1.4646269473272486,-1.5273313894568634,-1.6322887988701558,-1.6037905444857499,-1.456298288264616,-1.510943299958094,-1.5916141979865115,-0.9185870624316523,-1.0411616033241318,-1.1935533637203584,-1.5911197295696429,-1.7465181556088165,-1.7748273269396426,-2.10048534700425,-2.503387206659456,-2.615831583468168,-2.689731501797522,-2.767025392150815,-2.867775963634707,-3.0646770533687064,-2.938810387161368,-2.9138466892960597,-2.7645443442803845,-2.54726900920018,-2.564831156251909,-2.4316744950689326,-2.2331136881809606,-1.9875875231486138,-1.7861913210020912,-1.6027762083712194,-1.4996118089582673,-1.2996251406501091,-1.1247277500496224,-1.0244588337552845,EMSC-20081217_0000052,TESR,3.2
49,-0.08365391621378615,-1.7154118856407532,-1.3322938408429739,-1.3005964959431138,-1.3831145124208426,-1.5493151835356702,-1.5888868079413818,-1.8314797831044922,-1.7841702731962013,-1.376815722617863,-0.9358464305688168,-0.6119251051378187,-0.5747650701289739,-0.6825350423145924,-0.910767379006268,-1.181241022468944,-1.2760479815007955,-1.696424905942468,-1.883337481581579,-1.9225558198982613,-2.019550427240519,-2.2015412592031343,-2.364799613408594,-2.0947897807442297,-2.147899877918598,-2.104083129032766,-2.045113434024847,-1.9963932312434043,-1.670436518137766,-1.4700293486351281,-1.303704517998714,-1.0687692831152749,-0.8616217342840198,-0.7357175704403449,-0.5802756779759939,-0.4267084411899553,-0.31186446599891404,EMSC-20081217_0000052,VRI,4.0
50,0.18421161278288745,0.5756512886753447,0.6686900264091102,1.198674494896335,1.293871566687237,1.7581027712621031,1.77080983676669,1.2945843752921373,1.0860070323926205,1.0193979489200347,0.5910175599357661,0.8718286799797959,1.2006910264081418,1.0111251843786828,0.6890640944494724,0.6291940175039494,0.45703977458563116,0.4157337446044327,0.49395703158794024,0.5574963885855277,0.6082404946164406,0.6360099294592114,0.5090284038534358,0.3909452078259372,0.3813183128641855,0.4298485828300276,0.41333842305013757,0.36497001908790505,0.4018174535142114,0.47869849762386885,0.5468354930836874,0.6223833077862864,0.7534910609182912,0.8338007965768739,0.9910966920767326,1.144764172082608,1.2155707172423345,EMSC-20090425_0000080,TIRR,8.0
51,1.0893389639120845,0.2998511198830194,0.12361982816856276,1.0386932643024096,1.0242571392114446,1.0263833815398637,1.0454121458605918,0.9842731300378471,0.8824261226625705,0.7708327685759855,0.6331915882279979,0.47991070001116665,0.6759594683513397,0.9234510003931877,0.8294539544288169,0.7039690379023398,0.8696375943204009,0.9719473559455469,0.5909687538781174,0.5498104857194335,0.5526127451972105,0.5021424492979909,0.2088111660122447,0.16208637129160053,0.07316590988694216,-0.048809762380980004,0.1319615985411957,0.039112060532136894,0.14360143156621952,-0.13886694148712841,-0.19761107980029458,-0.13365326111465947,-0.09915372117440846,-0.1332111996456895,-0.17441450935212544,-0.004950637697552551,-0.038518416108427544,EMSC-20090425_0000080,BMR,8.0
52,-0.4635332361206741,0.652879980801238,0.9088489912951196,0.7542945676310602,0.690657291032239,0.6055939082299124,0.7701228968402347,0.676623587956831,0.6627746781400434,0.7577169711735401,1.1410840452301714,0.5859706006164807,0.40569279821962745,0.2204883780376683,0.3426094509956359,0.543032008577117,0.828892139020156,0.9021031125322239,0.8150962378999953,0.7575043058443516,0.6899477716654889,0.6056711412055789,0.5082440355546067,0.6856492249053492,0.7721579897687763,0.7796447906563237,0.6275218167420933,0.640716782462925,0.6071754290365119,0.7259524975051992,0.8438471076349447,0.9413271497085276,1.1162759853973583,1.1557833061245457,1.3321659294679513,1.4378436793135823,1.4476373834229435,EMSC-20090425_0000080,BUC1,8.0
53,0.9351629473720702,-0.9363933913364129,-0.6895331374662774,-1.1436795232721924,-1.1682611784891144,-1.1853501779546356,-1.1642099751210973,-1.3095233751731126,-1.435575713535668,-1.454259638756696,-1.435904807878309,-0.9554248846034632,-1.0924280579355896,-1.0063845543025272,-0.9808691750395635,-0.8301302809094304,-0.8286798676717133,-0.8383410780305418,-1.194560338697821,-1.219104042442031,-1.205877517902624,-1.0742196852526487,-1.169842991935484,-0.9994756731020562,-0.7149769452196937,-0.5606454357076025,-0.9671211271948774,-0.922013620152951,-0.8099954966445715,-0.8593317524694477,-0.7374854591710758,-0.47062201452491337,-0.28672520376295374,-0.40034331028608783,-0.2315289576335786,-0.4063745564541854,-0.5097750862265809,EMSC-20090425_0000080,BUR01,8.0
54,-1.1216490053368733,0.4096367657200677,0.7089154640158215,1.3962157255890553,1.3738979633455797,1.2893213884550665,1.3531527957124547,1.5001655634760964,1.7989250769938288,1.3851915416492515,1.7242360282524278,0.8798764539878099,0.39353338775131297,0.0035583207145615248,-0.09156133744223105,-0.009824142340553621,-0.03840859380683437,0.2262619769895764,0.40548856518036924,0.33664997462155455,0.33058895225975515,0.3707517315739146,0.34964239398347097,0.2044226407748928,0.18501886785409472,0.16095396998225553,0.22331742796398757,0.341471126349262,0.2722148737832857,0.480444884010482,0.6263182864721912,0.7653994316611445,0.9051316174101096,0.965281443399455,1.14117113135398,1.2660801588583475,1.3471990579245645,EMSC-20090425_0000080,CNCR,8.0
55,-0.1868744970647418,-0.20511611583095846,-0.018750345264926693,0.7542773331360921,0.7019704695793356,0.6116935792887119,0.6240577038411139,0.7310861253057697,1.1094679428717216,0.9579759452408476,1.3176885248784416,0.7304732746700999,0.34992987698282896,0.021223848794019062,-0.3316061315546248,-0.283509784066057,-0.24367891879838233,-0.09268488169835187,0.03808319207051003,-0.023552764932253112,0.020040342707275727,-0.06001299373108271,-0.22170154305917844,-0.5660370121177944,-0.7523703605935479,-0.7406819805080529,-0.5641113901693853,-0.4296829420671564,-0.3690032830040675,-0.23316969567351364,-0.21618343485486946,0.012705199290531155,0.04443022172986666,0.2165149066133374,0.32279097446534344,0.42297009119373996,0.5337688441903552,EMSC-20090425_0000080,CRAR,8.0
56,0.8814469408451884,-0.717328679114857,-0.5565905605103953,-0.35692217640600177,-0.3731478009139497,-0.3811459856561701,-0.37748564143842067,-0.3905056783362397,-0.31229343286404543,-0.521964461438003,-0.3985798500137445,-0.46576057676268157,-0.5056588054427067,0.030978327003603923,-0.22272273796202313,-0.30671385725412215,-0.4214071402695918,-0.5793580557772486,-0.7289787415420133,-0.6243593402221332,-0.6748854760233272,-0.5347898531976689,-0.6746019953754914,-0.7613900952961821,-1.123661701880673,-1.1023515468345604,-0.9382578747654975,-0.8546978735955157,-0.7519268423758909,-0.8554817211763712,-0.6956973715123045,-0.46686487136866006,-0.3048254393703633,-0.06494498005548799,-0.3259215715682906,-0.16839718570000173,-0.15883914101062224,EMSC-20090425_0000080,DRGR,8.0
57,-0.5056590729505719,0.6156024143389702,0.7206324975997909,0.6762280980256756,0.609683781670439,0.4839435113725803,0.4482801136555361,0.4102319356498283,0.5397980417133645,0.8268145486353813,0.849086306506591,1.2968850072426084,1.0983810341303784,0.6966433729740147,0.4412557321837536,0.3240306552611125,0.3697876803306963,0.44712804748929447,0.7174361881805194,0.6816578545136212,0.6826673957376794,0.6985314434785606,0.6067146605686258,0.3569832569104605,0.466302483827878,0.47867524000316397,0.46052550130825054,0.5694564465700545,0.6127979078622854,0.6729067133693025,0.6661077492394849,0.7344176894893373,0.8606767661828965,0.9032829477622997,1.0143014863953184,1.1231815665637868,1.2105474199833424,EMSC-20090425_0000080,GHRR,8.0
58,0.445413010379792,-1.171556393842442,-1.0078536700824792,0.021080148375840047,-0.056805530485021904,-0.18660734625838415,-0.15393781438896426,0.21138938444121447,0.7386635869819482,0.3723767844780408,-0.1176111920246008,0.15473448555538472,-0.3840434155531609,-0.7875979522340035,-1.1684458787720828,-1.45635367126585,-1.4733452988537739,-1.524544026754901,-1.436310456874688,-1.5357010099792348,-1.4984519360486237,-1.4941852801829931,-1.3528372158055468,-1.4702038332044918,-1.6008538329512216,-1.3857686684927053,-1.356543430588145,-1.2592842859008613,-1.377829573826478,-1.3904770796049561,-1.1192468024062574,-1.1299568630653596,-0.8798939904270462,-0.8565587940554664,-0.5177655156352294,-0.46352953949194386,-0.3901003478786258,EMSC-20090425_0000080,GZR,8.0
59,-1.09043231009331,0.4455472307879269,0.7062547969442008,1.6455151500658003,1.5958740228365702,1.457093023127709,1.5965238287365398,1.8512717317736018,1.9994896029621452,1.9700568632012194,1.139354518209739,1.6687352098398445,1.079478913231008,0.6924577894399766,0.5251150246601908,0.4181443019028759,0.33578318379004823,0.33405439675462834,0.2941599895021687,0.2333492171381346,0.2147022799169962,0.08381366805723722,-0.026972920367024145,-0.008918430056894522,0.06321395332394619,0.19738517633511954,0.27646513830122643,0.2883188773636949,0.34299957643461276,0.42423134990807654,0.5869839403300539,0.72672363283856,0.8851337643714885,0.9727732699100748,1.1640835351109562,1.306140687499786,1.3923290047630328,EMSC-20090425_0000080,HUMR,8.0
60,-0.490901677706423,0.90996708962978,1.0389372260911651,2.044887728284242,2.0098119618124617,2.107048306029973,2.515591062576236,2.0513885722946137,2.1114046217907627,2.5064545412297434,1.775616495978623,1.9822847224272606,1.6903689311772765,1.6166173317610717,1.544374398925425,1.4289772216940095,1.2838816156157877,1.2624556782855114,1.0455452755864618,1.0484187224092363,1.0826289526486077,0.9715946639699435,0.7260498472310912,0.5657818094280715,0.46406148559059446,0.45896338717337315,0.5371904023367335,0.549638436136731,0.6032734951302139,0.7607744002149346,0.8510906997693279,0.957253803857661,1.0828028277838655,1.163090631864545,1.367541785649438,1.535888002172081,1.6415442173438333,EMSC-20090425_0000080,IAS,8.0
61,-0.21585237412544478,-0.28486247055118863,-0.05425796546176809,1.435521375909497,1.4477814868284593,1.4992540201946123,1.7071303111513267,2.0288547654250415,2.035734812962843,1.3047195209171352,0.7381759271666364,0.33094216651201513,0.2643774046542111,-0.04154823297952337,-0.13316409458566092,-0.006820394478142866,-0.009382341439160946,-0.05152479401849863,-0.4566901488355146,-0.555010782157769,-0.6308070082667037,-0.652318774682481,-0.6943489949326214,-0.6071743929959341,-0.7828119438678991,-0.7860082043361531,-0.6602627322139059,-0.6321642616997565,-0.4668187875958667,-0.32363201520547236,-0.21219981845359115,-0.14893141410114374,0.029363840291932064,0.11314868044267357,0.2605675184655265,0.4028621248652531,0.5214170659280306,EMSC-20090425_0000080,LEOM,8.0
62,0.33619148826642187,-1.3369088176119357,-1.403728633204505,-0.981392292378648,-1.0295922326582811,-0.9526455784853445,-0.9840102315741133,-1.1398290320330613,-0.9294012136930405,-0.8750336472142504,-0.32523739252173645,-0.3928833330620005,-0.7806215346619938,-0.8178237173030736,-1.1759017008124752,-1.0427622975968438,-0.9506780981422311,-1.220368424966214,-0.9556119838493933,-1.29966777672868,-1.1844393406428235,-1.3742300106752978,-1.4264719659581466,-1.4986335936595294,-1.654405265083156,-1.463770214879176,-1.3504414178344852,-1.3600538292528626,-1.5043827270463659,-1.7253434319903231,-1.7308265915250711,-1.6224295537395417,-1.458367961500871,-1.4007244068785258,-1.338599316162762,-1.2159397163339207,-1.0805178974517275,EMSC-20090425_0000080,LOT,2.6667
63,-0.2880948866871549,0.38212914085606453,0.5085111425006055,-0.3451683023601442,-0.4490846998549092,-0.6504785024494986,-0.7389151357213315,-0.9714181648852289,-1.1373557310511995,-0.8775664988237244,-0.6813232376354676,-0.7834882665100817,-0.49367526747538815,-0.05078318670597426,0.3309419993950735,0.5667693951341817,0.6986106337212039,0.6618291162516181,0.5617340431394098,0.6208446525353226,0.6368309589116912,0.548824436634237,0.564043948325657,0.6380192644824012,0.6315284426187118,0.5662587186313166,0.4803123622955594,0.4761575331695278,0.47511485465751413,0.5504005797204652,0.5616607847540944,0.5760101042192058,0.6653739994019787,0.650973503110805,0.7205087366678118,0.8226002024286885,0.8759546097333715,EMSC-20090425_0000080,MLR,16.0
64,0.10587502329276699,-0.3858848623544322,-0.11060554225625552,0.10158728131717609,0.04555423025992145,0.05935581249180277,0.17378058434511434,0.48152597479554604,0.3199323070954274,0.42048502092186,0.04861208413025642,-0.3070834169389407,-0.45563048754703406,-0.31246583314972165,-0.11587514428150802,-0.16463574473812237,-0.311543727048206,-0.45993465372177855,-0.5965704359131054,-0.6649004477671623,-0.6230370631971445,-0.5981382174923526,-0.5766692612257893,-0.4636288054377893,-0.4422057482647901,-0.47396831594580213,-0.4757774306276428,-0.43929951743736684,-0.41398985418670975,-0.33438783237242387,-0.16719413830564012,-0.017468371358148715,0.14124350185867662,0.21258961343936456,0.38623222378899946,0.5022574746306407,0.5819469365529208,EMSC-20090425_0000080,PETR,8.0
65,-0.0980116919638232,-0.3036255240370682,-0.17333207941991713,-0.4770037740656834,-0.557551857912844,-0.7112704537881234,-0.7717977781610466,-0.9364504075249069,-0.8002062179446092,-0.3606284480055457,-0.48569562980619185,-0.3872987152303464,-0.44090972294126507,-0.004280744888808474,0.2395480459050452,0.15867361063458896,0.02257105397913417,-0.01197497823692295,-0.01996334037040537,-0.054641818711261614,-0.12881855517809893,-0.3422436947401035,-0.26577891653134333,-0.2985166321700312,-0.2976645424898301,-0.3643527980428747,-0.39626215012187327,-0.3594771700471453,-0.43673157624215,-0.31875710308037064,-0.18926833410696808,-0.14246540913621075,-0.041946489247498775,-0.006873519827594876,0.14100701466533927,0.280350921463997,0.3505218442844722,EMSC-20090425_0000080,PLOR,11.4286
66,-0.04361151304591626,-0.1815997209334519,-0.08095570664439489,-0.3930423065245501,-0.47722378012732314,-0.6368973634866544,-0.70370888406506,-0.9138986341813604,-0.7623557676943404,-0.19303669072578167,-0.3087682561680851,-0.3454850714484303,-0.1368486262372035,0.1468286577570499,0.5933723604943317,0.3740417620800307,-0.15217427430532648,0.26143661422913844,0.07694852204668834,0.035981523372473845,-0.06874031639413403,-0.0958906014478842,-0.11884722083339838,-0.07748794641131873,-0.1347020927958411,-0.18137057090474684,-0.2744243595306104,-0.39237571794609316,-0.3136756230748974,-0.1942524124558167,-0.08582968962648785,-0.016159314789609525,0.05087591251003687,0.06692789375516384,0.17060905038374763,0.27685073296104434,0.33280728084673683,EMSC-20090425_0000080,PLOR1,10.0
67,-0.10111169196382308,-0.31811636877605043,-0.1870228162079517,-0.48507222030741826,-0.5650077947253447,-0.7174428901221086,-0.7773624466308853,-0.9411819882538826,-0.8057002140349159,-0.36802212200071693,-0.4952968356788401,-0.3980451599806947,-0.4529191797240162,-0.017465088139307916,0.22547218871494046,0.1441573826763789,0.0076592593777258244,-0.02773453205608778,-0.036373947681900276,-0.07135154770074514,-0.14551031517226765,-0.3588580268955255,-0.2823400242870262,-0.3149789726691301,-0.3137649293202429,-0.38007598467406467,-0.4115280297110884,-0.37448628073660384,-0.4515077912886758,-0.3337372313502218,-0.20463967095009927,-0.15717813402280534,-0.05402455365736003,-0.024343208829840535,0.13266186995842055,0.2689193969849022,0.33738600947964414,EMSC-20090425_0000080,PLOR4,10.0
68,-0.8533900637557292,0.9419893362580787,1.183061981044176,1.3303938586043196,1.2886853727344634,1.325152102465979,1.298471056907105,1.4017993413541427,1.4249243690348274,1.0380525203109934,1.2749270000740953,1.0216025903474937,0.8686567417428046,1.0475911771444264,1.1732559429547478,1.3183263382051273,1.358830762988747,1.3466409696698816,1.2684137640660809,1.1779003697671158,1.126599446468345,1.0212575625425782,0.8804199519541411,0.8041082354895419,0.7018183945032348,0.7342189470674931,0.7559207934915877,0.7843730197212277,0.8324577368779682,0.9443693603209953,1.101288052640486,1.2267768021375707,1.3788592867034968,1.4505114139258497,1.5992908721597026,1.7222775557053804,1.7914652815325844,EMSC-20090425_0000080,SULR,8.0
69,-0.7469535476194635,-0.3911246208050647,-0.21506817404869505,0.15056830675041777,0.07079822841807548,-0.07814990836452917,-0.11746498108780834,-0.16593600924986518,-0.1690555912189451,-0.19772319371546931,0.2797750674464967,0.5650571417100863,0.45431943951640896,0.4622712625967291,0.062269112635806145,-0.04389162889121234,-0.14973255130029273,-0.1861297048849364,-0.5178635996264225,-0.6231632275831345,-0.5759987761311409,-0.4649309659538243,-0.5905122029274263,-0.6873965777704258,-0.7377754666764007,-0.8614225361519541,-0.8018653287126281,-0.6288936464609396,-0.5186873766350395,-0.3491739338713735,-0.21900224519811218,-0.10900035738186631,0.026058884479789768,0.042700892581944316,0.14496465662608848,0.27396461000717487,0.35586528419872643,EMSC-20090425_0000080,TESR,8.0
70,-0.5121660544236537,-1.6980571801996387,-1.5449525172704908,-1.7576724658376977,-1.822733636899633,-1.9292367692320767,-1.957584635754305,-1.9854642159153002,-1.9838656530925123,-1.7413460330755592,-1.203164746616153,-1.2966368340760468,-1.7239305089190147,-2.0986239415632406,-2.049446222951288,-1.7740258755796896,-1.7507914944529217,-2.0047156773079227,-1.8569005227123796,-1.7438118126802769,-1.4296091988457658,-1.3783892402544549,-1.6386404241494805,-1.658233073871493,-1.5385654698314886,-1.5575350044323626,-1.517959780815814,-1.6710927792198795,-1.663900853526111,-1.6299605371516463,-1.6369967274681034,-1.5316111866713893,-1.3628275971062305,-1.2701149373485627,-1.18264475607881,-1.2340750472097284,-1.2278240951646335,EMSC-20090425_0000080,VOIR,8.0
71,-0.12249385519375577,-0.14223898323255124,0.02380531495725169,-0.16801208696928072,-0.24538078162688493,-0.38403567999336463,-0.41285245073339993,-0.5741239797549436,-0.6246808996611422,-0.09874199502124803,0.2570469093315171,0.4758797648643971,0.4352547840730825,0.47987832828442123,0.08479642102493168,-0.216428120998172,-0.052169537724910064,-0.13971371528692167,-0.013106316353370673,0.045825104707375885,-0.05130872050488211,-0.20903930643168778,-0.3191210641114628,-0.43862255793451865,-0.4833560077739456,-0.42674670493574496,-0.406973032944534,-0.3019516766557713,-0.10951942841575324,0.041919471847837286,0.12548671039432158,0.14862210399332376,0.27827711787511333,0.3001245757884359,0.39072513584784296,0.47372529468154134,0.5125646283091481,EMSC-20090425_0000080,VRI,8.0
72,0.38196415274732276,-1.6303984360036488,-1.1694515049067764,-0.10009004733092741,-0.06845908386607302,0.3153103955056036,0.5357577511386049,0.275744901097033,0.8958719327867151,-0.36630706000576385,-1.2740963268337087,-1.2184475886965815,-0.9974941580536347,-1.3149113973585518,-1.0718632151158696,-0.9802869203095135,-1.0917428262160094,-1.3567380499309571,-1.5484362651379548,-1.7190972976555905,-1.8286890566055902,-1.9687753529685912,-2.0157653029071323,-2.044307054808108,-2.1591504591089796,-2.1525758351803503,-2.1085433476226285,-2.07112124200585,-1.8504535536968074,-1.537981278286436,-1.2834672308042787,-1.0569596129212222,-0.831279840593588,-0.6932106989156477,-0.40736237106813,-0.18765224266907055,-0.037197503351322325,EMSC-20090724_0000055,TIRR,3.2
73,0.6714139475546901,-1.4137892286564941,-0.989843581729339,-0.3264530172094062,-0.37458648113581017,-0.30277670914861776,-0.35087237117087167,-0.17963123911714884,-0.07586438575262822,-0.09260395348059003,-0.9675822774788561,-1.088662748486958,-1.3436488361667305,-1.3131706549794693,-1.2609534566860212,-1.1284784124609102,-1.132436616842445,-1.3261792610023502,-1.436413607253387,-1.4231218048560752,-1.398625332314408,-1.536947924888194,-1.6950019179042766,-1.9249419275579722,-1.8145776042064838,-1.776763153947794,-1.7675650113525645,-1.5603371720128223,-1.5328471696413999,-1.2635972870208505,-1.0396248642978811,-0.8411090487813002,-0.6405556763941753,-0.5388941510192762,-0.32881417502779264,-0.1427492103735286,-0.015574090280466635,EMSC-20090724_0000055,IAS,2.6667
74,-0.17325827776509417,-2.143386601978059,-1.8352994422747404,-2.0966906626811,-2.1394603518185358,-2.149158130584195,-2.042320776821705,-1.6680829729621562,-2.2336782756854383,-1.8010843907026066,-1.9160371168447972,-1.7645449269010767,-1.783259014047026,-2.059361067991966,-2.15707577222127,-2.0664666809249077,-1.9564469196855878,-1.9631454137276787,-2.1796529691757076,-2.2488666452073964,-2.2491618347256024,-2.276416391511651,-2.4782430454650433,-2.528932719967715,-2.267673363407403,-2.1863571884538455,-2.2455040221885394,-2.1861660204235047,-2.1004104455677552,-1.9123444364840392,-1.8216364727602485,-1.625677200165521,-1.469861339667931,-1.4287008049186234,-1.2933735698786109,-1.1816715706847543,-1.042176991295797,EMSC-20090724_0000055,MLR,8.0
75,-0.798918192904047,-1.3717303814191322,-0.9990569807649159,-0.7737297979541378,-0.8481338883607332,-0.988943274489511,-1.0110191989450534,-1.1113575502654482,-0.690272777463659,-0.6060974019987206,-0.5681749516311676,-0.9342072299449544,-0.5348236754679405,-0.15439186320011355,-0.25729418298979123,-0.5644077960665443,-0.8918164127936512,-1.3140681388171034,-1.5883940623216422,-1.76769349897961,-1.9006650742591331,-1.980141455695783,-1.9950280039566266,-1.8998020322318814,-1.834289536644902,-1.7180179288448354,-1.6735681906312045,-1.6066326455948214,-1.427807082778985,-1.2026113042977027,-0.9861055173251962,-0.7835463806141547,-0.5875312138075621,-0.44743116698726837,-0.19881724506393184,-0.048647021593291484,0.09530912000854919,EMSC-20090724_0000055,VRI,8.0
76,0.6158838393406021,-2.7524260664746762,-2.1751466436665563,-0.5603507019781997,-0.23779871611239844,0.768325820569344,0.23732842020260936,-0.1843059797285207,-0.2043072850623382,-0.9155099492296621,-1.569462267362379,-2.008306149525268,-2.191332987821486,-2.386923771361209,-2.558648393383333,-2.6201964011039793,-2.722182948735699,-3.194794595981964,-3.3361970388233626,-3.3424483208912017,-3.268189125948332,-3.374296192210478,-3.4999679295942645,-3.470888422673722,-3.3969638559360256,-3.3129548598036003,-3.209859931541059,-3.1295377600224086,-2.7801118401134772,-2.4885658617617388,-2.1875058679588975,-1.886448975260942,-1.7289260286443238,-1.6520033882063228,-1.3005108306445958,-1.0791798442690155,-0.8833279336638977,EMSC-20091226_0000040,TIRR,4.0
77,0.1652642494989478,-2.308997459403617,-2.0254595439274716,-2.145131307203739,-2.221830525363706,-2.3096243777513283,-2.297224716030433,-2.423042499465339,-2.427990145732789,-2.09894967038219,-1.8407064935160795,-1.4849438763670504,-1.7412389590366972,-1.8464912391476194,-1.7510810869458577,-1.7828420183214817,-2.1381387369419436,-2.509590706272199,-2.6563088612893013,-2.7800589621920135,-2.7079273597998315,-2.8034865368353117,-2.7764128088720454,-2.6360761527596033,-2.44882386677328,-2.6400812977715837,-2.475211990491303,-2.276203628844314,-2.1718039298838168,-2.0743474214755047,-1.9962611074156236,-1.8347214868767647,-1.6660564191745717,-1.6576636591584037,-1.4942372184386148,-1.2597718960704967,-1.1437050049301654,EMSC-20091226_0000040,ARR,2.2857
78,-0.8801591460956422,-0.8508157920758919,-0.3096218117661227,0.19781501613690722,0.1778303936982848,0.18681295899079675,0.412918946548138,0.7671452812515414,0.3636146556336586,0.4756298920943829,0.48546393019101686,-0.19958698711709388,-0.5138632169575343,-0.7628848461575055,-0.8123785822945502,-0.9021967197997984,-0.7119909839833278,-0.8047014717452301,-0.955930768981391,-1.1138347910788022,-1.2624881541433828,-1.311847628183079,-1.3818646414261568,-1.315730422477067,-1.259449028612412,-1.1732999690855408,-1.2264359757207757,-1.170711155420248,-0.9269293983051075,-0.3879481683819961,-0.20623788603917959,-0.02733833279586584,0.11227414467286323,0.323832122689355,0.49428374123269414,0.7042361262098549,0.8864051085611546,EMSC-20091226_0000040,BUC1,2.6667
79,-0.9315596843939704,-1.137863847616897,-0.5410409524549546,0.5456541228027403,0.5573440125312841,0.6248265279298355,0.7715295684058345,1.2951431313310948,1.0768535786427496,0.6255891339205206,0.6069128533828767,-0.15086409300749715,-0.5467657067930034,-0.787450178695865,-0.944342428258997,-1.1648751163880542,-1.2988163587112336,-1.4123816494516586,-1.547088323050664,-1.679129177845704,-1.7191926862682791,-1.716088470578101,-1.7638198985511506,-1.8178852770310634,-1.840816907422587,-1.7673258356717323,-1.5781649290999358,-1.4896352220753641,-1.1233725827399006,-0.731234101597666,-0.5016417057229141,-0.25695126976929394,-0.022039707403003206,0.1691654666715845,0.3729120341275234,0.6180369221804991,0.758813541009177,EMSC-20091226_0000040,CNCR,2.6667
80,-1.1103892013720709,-0.27865662951265247,0.2903456514822018,0.5883422338256024,0.5215179284457605,0.39530934905632,0.3724444019294575,0.18756343362077654,0.6410994640379206,0.7862812782000255,0.9846197875176959,0.30232704275128075,0.2862618991037911,0.2661365743944346,0.37797227115374366,0.2639828059426339,0.08399009671465052,-0.4074042681538588,-0.7213300674950984,-0.7915366456476569,-0.8739193320185166,-0.8888296092931567,-0.8651622705522577,-0.8635210334600867,-0.8668312154097224,-0.7225376545245457,-0.5775228493901459,-0.4608421642413738,-0.19638527594407051,0.15518011534279808,0.45764126016691087,0.6878484595276024,0.9011823320418753,1.0213776926329068,1.220654411198117,1.410847049269229,1.5414375068841615,EMSC-20091226_0000040,GHRR,8.0
81,-0.9897292580971428,-0.30427522148564634,0.32857195265142636,1.4374973378167288,1.4220741449018792,1.434908577682319,1.612116531647498,1.8882680873074245,1.6641146511839278,1.8695090145135538,0.880797086095316,0.9081530279714709,0.3073949712020463,0.10142409020385035,-0.008430104611301559,-0.11949558086911605,-0.34233790247442464,-0.7104570375962149,-1.0592303540445185,-1.1520423785177778,-1.1562275764251666,-1.1716598498069493,-1.161466367239992,-0.9890687265613209,-0.9505063786796217,-0.8658634580911571,-0.724466131789546,-0.5602092122808653,-0.20331962779811086,0.1577867847771035,0.41699512198370847,0.6736389816688337,0.8836889025257655,1.046160658456932,1.2860327244700205,1.496966848739044,1.6293899982328597,EMSC-20091226_0000040,HUMR,4.0
82,0.33704577700534166,-0.4311650518314458,0.09416319844106091,1.1361194127818273,1.0751235974233468,1.0291056007556536,1.1530033048944581,0.9612927125987527,1.3205040169931692,1.6729014785473,0.5119487641815121,0.27945576531784866,0.11725464800333096,0.19023990770340848,-0.025584386267647474,-0.0933712016497843,-0.17039636085593823,-0.5287611203407776,-0.7327641695124925,-0.8252948639924949,-0.9080450269933502,-0.9545608211094443,-1.0295121658877289,-0.9912115092892986,-1.0035743433344546,-0.934066233231821,-0.9478589526290815,-0.8338568309181085,-0.5173382017378305,-0.1663229971441691,0.07752906681186111,0.30164044548646274,0.5264762977862567,0.699063929824014,0.9846007402592338,1.215039221307153,1.3791536833700775,EMSC-20091226_0000040,IAS,3.2
83,-0.1554038448069397,-1.3250391508195367,-0.9821086970908084,-1.7378270811932062,-1.8311383637550254,-2.014662095165881,-2.083986325269482,-2.1117970763366554,-1.9044517333537998,-1.8472523842650785,-1.124296093578657,-1.3886601070844176,-1.136598451074935,-1.246386089303611,-1.2133544507267802,-0.9897592314130401,-0.8516604796831508,-0.8930319291155131,-1.130358260621704,-1.1991919192974096,-1.2312953150554495,-1.3452393301732677,-1.466055350973309,-1.4620189004538524,-1.5204797588564265,-1.4509156596747577,-1.3589406167506688,-1.3329825614225523,-1.2676378525204104,-1.0803929976351672,-0.8830145924849386,-0.7274110105121814,-0.570816440429823,-0.49820789222802375,-0.35995356423966385,-0.22709007430700368,-0.12746274152314285,EMSC-20091226_0000040,MLR,2.6667
84,-0.829729762726898,-1.4589260713698247,-0.8996444673014281,-0.32717111999093795,-0.3664588913582181,-0.43647006562370105,-0.3991160295436096,-0.3389511862362342,-0.2007489960427007,-0.08207337495584088,0.029979987926647134,0.17146340142644778,-0.45850887830414955,-0.9037805938389782,-1.2231108720689479,-1.4320551404929125,-1.4444012770456718,-1.7928894288570394,-2.0085101544207546,-2.1029727412870933,-2.092551709842298,-2.0811968664644205,-2.1211578288172444,-2.0765204419693735,-2.008023028885437,-1.9511190266282004,-1.8356736753261869,-1.7371295463633079,-1.4074544166006806,-1.0197032464247417,-0.7631722660988469,-0.5676940757151065,-0.3223044001760993,-0.19682069769006105,0.07280039716419218,0.2989867953699612,0.46584830548541767,EMSC-20091226_0000040,PETR,2.6667
85,-0.045385940324515595,-1.592447293265458,-1.1862000364287102,-1.2453444235076692,-1.309947776660768,-1.4406330411664978,-1.4791170927531985,-1.5573405346128624,-1.318211895446722,-0.7212123425887507,-1.2087995837065968,-1.0999818980706664,-0.9312591164292972,-0.5697791565330288,-0.7358397493377726,-0.8964871091834405,-1.0858312721736576,-1.2805783188790532,-1.4431018956168469,-1.62699306349639,-1.6795091200665917,-1.7084640689407067,-1.9789929862289082,-2.0401634924032086,-2.04903632187853,-2.069845725646285,-1.9997853587355205,-1.9077495991752702,-1.652208362700934,-1.3674042832646602,-1.149620187069619,-0.894070080644477,-0.7238187068120077,-0.6178576655220276,-0.4076767345920249,-0.17974858800787707,-0.022409380947577162,EMSC-20091226_0000040,PLOR,8.0
86,0.03725064903403341,-1.4169207513358808,-1.0119458696146069,-1.059769588670476,-1.1347651589824723,-1.2802285681635022,-1.3074325083446006,-1.4529449500034346,-1.2262927119219311,-0.7314002103426516,-0.9060014112344117,-1.1746040490283578,-0.8974159398226824,-0.7949864659256489,-0.7186507681035019,-0.7378365961836533,-1.0931435916778476,-1.1850975006634021,-1.377037517671316,-1.6343168512143986,-1.638421663961549,-1.6123904000926323,-1.6407262901713002,-1.825382136304353,-1.8100865896993739,-1.7710848523451723,-1.7473729277352739,-1.659756345941238,-1.4705723656275094,-1.2129673624616828,-0.8860433788777904,-0.6648068828305753,-0.5624426304076184,-0.4995960976150329,-0.29672460431466163,-0.13562308846196558,-0.014042077322240942,EMSC-20091226_0000040,PLOR1,8.0
87,-0.048485940324515475,-1.6067157816960664,-1.1992025629181686,-1.2536237726330635,-1.3176447961065092,-1.4471026395746955,-1.4850035323772204,-1.5624348998994595,-1.3241443915022861,-0.7289997459305093,-1.2187638024299234,-1.111059935810875,-0.9435680436514602,-0.5830490176682037,-0.7499137714112702,-0.9110033371416506,-1.100743066775066,-1.2963525263768414,-1.4595125029283418,-1.6436885028346433,-1.6961899374456584,-1.725118201191112,-1.99562324781831,-2.056477443711663,-2.0650828366550575,-2.085559991100533,-2.015111713538987,-1.922728956077318,-1.6665752872189614,-1.3807776445380107,-1.1625037514903251,-0.9065293637327265,-0.7359528385144376,-0.6297009393985764,-0.41892387052176794,-0.19047408474605731,-0.03279441886610357,EMSC-20091226_0000040,PLOR4,8.0
88,-1.1342389086269309,-0.320058843363368,0.2514785031074478,1.1969446392456753,1.1521371417600195,1.181291329119409,1.3477518286304848,1.7151525669162275,1.5901878535332692,1.4878428103341728,0.7162399249029656,0.2792626706735506,0.4644969006082773,0.33401033928637514,0.17574770190173972,-0.009244772706015425,-0.26324966818182727,-0.4554484324214849,-0.7246910361728398,-0.8807983681655243,-0.9441326608305856,-1.0796007982729163,-1.1269976346699284,-0.9996320911581158,-0.8950058368583544,-0.8013992973991666,-0.7133602559065242,-0.6217373534812562,-0.3806596289243487,-0.013789906793711282,0.2575343372196208,0.5389322901649454,0.7746947269070272,0.9286749854359577,1.1760244770923531,1.4195617412400257,1.535570397296409,EMSC-20091226_0000040,SULR,8.0
89,-0.8676898625982226,-1.2548858053432337,-0.774317802144818,-0.3736972542780901,-0.4349730538228975,-0.5765008803305101,-0.5448448787590863,-0.5848813730904476,-0.46321161906107644,-0.0019308929692547494,0.003583126142610027,-0.7208073571689928,-0.6736174188693402,-0.8458248354169564,-1.0958043909773654,-1.1646175312679379,-1.2630627054072505,-1.3920262568077577,-1.5235289330348696,-1.5970396944592062,-1.669360054743679,-1.6760740328051487,-1.7810431414960464,-1.714818675903678,-1.6554315543669151,-1.593941980605802,-1.5183845240582148,-1.4586694660546016,-1.2357928470205763,-1.000407788992451,-0.7723410679130307,-0.5597238935894797,-0.3513764199277958,-0.16974547315032673,0.1277224552630969,0.35341650744069497,0.4566150568664096,EMSC-20091226_0000040,TESR,8.0
90,-0.17515987934420574,-3.0125239768355936,-2.5629772717780117,-1.960682807101211,-2.0114672866727705,-2.097996942627667,-2.0943133833862095,-1.8597378290807534,-1.675291873461739,-1.3575215073427076,-1.7975355883621926,-1.8869625261707448,-1.9065000547516373,-2.3225968369240606,-2.5548222269425525,-2.7564130596272847,-2.724422532078841,-3.220768818893557,-3.4736244756873322,-3.5701741658989894,-3.5282119201839075,-3.338311635917499,-3.4062164319925374,-3.630614881315763,-3.606265209416417,-3.512238545047774,-3.349644657146511,-3.245212352248018,-3.1323610418165977,-2.741458724299349,-2.616160251083098,-2.331130626466683,-2.074243290259137,-1.9138711051999717,-1.6321636146318035,-1.445349941457021,-1.2730603011557822,EMSC-20091226_0000040,VOIR,2.6667
91,-0.046995869885804176,-1.1013604655291376,-0.6529821496592856,-0.7979581682118848,-0.8760904562802487,-1.0162975143883788,-1.073662046186361,-1.2143542950688797,-1.2592795241660815,-0.7384853840832424,-0.4798975046170346,-0.3934917860258773,-0.2051337613565476,-0.0645214084906911,-0.15716557536296172,-0.45732890665940484,-0.8537295365231259,-1.1139632973636973,-1.4186363307810996,-1.5926906757310864,-1.6651837169689916,-1.766232237524358,-1.8621690246584688,-1.681762083154128,-1.6347001456051835,-1.5504054039862787,-1.4284738706838258,-1.2294142851066958,-0.9322537141341982,-0.6937441295202618,-0.4946321690454081,-0.33029455311351974,-0.12626916794082277,-0.0032472043756257563,0.190201101850608,0.3772968841793567,0.5143867221834739,EMSC-20091226_0000040,VRI,8.0
92,0.19298582092942818,-1.25256893937566,-0.7284381607984312,0.5123734693659872,0.532003994839843,1.3146375916734456,1.041576961563293,1.0265276197786495,1.0196321074116348,0.5105347671580445,0.13382269617802756,0.019810245356482348,-0.3275252323209985,-0.6220236905340943,-0.9116221740010158,-1.0310459150486615,-1.0536169565683124,-1.3614336694054012,-1.507250687619611,-1.6652995783759197,-1.7047210548955603,-1.8137334775766014,-1.8848846130423444,-1.8210771621650101,-1.8189531096003666,-1.855292546635157,-1.8209097560132737,-1.67445043879707,-1.4410647714029086,-1.0475691816291377,-0.7805081391113937,-0.5388160985357437,-0.3158919479162865,-0.16554781867129797,0.15485919787955105,0.4038241262360778,0.5382593426022204,EMSC-20100608_0000054,TIRR,4.0
93,-0.13019407972159858,-1.916009425124411,-1.732742659471585,-1.9235611808661588,-2.015129162527532,-2.1889411535070007,-2.2439232657774912,-2.305373503982988,-2.2979277624381806,-1.8208778191454984,-1.490956057187657,-1.2882095910820057,-1.1145822821229787,-1.3080035640614023,-1.2718467285607025,-1.6108781430055252,-2.1276974331574703,-2.103794952106499,-2.0945761562951715,-2.002065401176573,-2.1240907086420666,-2.0783325261928614,-2.1182692881012724,-2.21549677195571,-2.0730206461763103,-2.0809820620859636,-1.9727107089442093,-1.9628315806164611,-1.9289921264932133,-1.8488468840913725,-1.803312693934858,-1.6820696615197601,-1.4747136923720081,-1.3507836565321565,-1.1457596677152058,-1.0555696549384699,-0.9372299337724588,EMSC-20100608_0000054,ARR,4.0
94,-0.9086350440097521,-0.4861324889454135,-0.054432708788507256,0.2244882455783701,0.17008767694499216,0.0876522340093624,0.26894435841021025,0.33544515721798085,0.40297815208962895,0.619567777921116,0.449045323374083,0.30825827832348107,0.2662011425670521,-0.15817712092901726,-0.22891680989881724,-0.49360881527293277,-0.5551046544915863,-0.39407542540385965,-0.44102436154319413,-0.45817278901863645,-0.5167688531004551,-0.7589436175186854,-0.7942223619002204,-0.8063387555212138,-0.8121764091101129,-0.8569364264353165,-0.8354886032112514,-0.7774327323077763,-0.5680394729377269,-0.3299242753090095,-0.10140220087648899,0.16338405620309437,0.38611252011641817,0.4944201069420142,0.714372470422866,0.9054443344487328,1.019681174371593,EMSC-20100608_0000054,BUC1,2.6667
95,-0.5248650392468357,-1.206449082168767,-0.6256701786028263,0.7154328349404118,0.7033944187404959,0.8996331291965145,1.0957332188617759,1.6179146920383296,1.0365299096460978,0.8932605701435508,0.47159773030151797,0.5846681995220928,0.021584677197190594,-0.5291009597158274,-0.8889357764377719,-0.9303943800994254,-1.1164719271719052,-1.607907185665928,-1.7655711012953326,-1.8799378557655233,-1.9519007918393791,-2.010367649343894,-2.0339309124496774,-1.9938598590250711,-1.947326565455275,-1.8307952725062293,-1.7175270580582644,-1.5957074136699632,-1.2586207858474445,-0.8781044091569434,-0.6036813307789757,-0.3486405215235209,-0.11838038378570559,0.06278781220035334,0.33635388064477745,0.5640671829382597,0.7189888571157503,EMSC-20100608_0000054,CFR,3.2
96,-1.5841489653333463,-0.11341438571857765,0.4275893857583455,1.1757624527351336,1.123352578264659,1.0421361209584559,1.024895554861737,1.0394395573539033,1.3966662703407282,1.2748060328044497,1.1106481820736231,1.1904919228979152,0.879590972243264,0.5909813346779336,0.4480919530988787,0.2695694899892631,0.1717963089938559,-0.21652363882060666,-0.3982777012605405,-0.4534528087663183,-0.5440662771212743,-0.7041076227896106,-0.854892074895532,-0.948043976869136,-0.8542500237770927,-0.6837808204930536,-0.5282430171141606,-0.41660069980437875,-0.08443362043284175,0.2532067300904206,0.5174977799392995,0.7401973250402438,0.9580531524132994,1.0966366524902291,1.322947107891343,1.5126955276554988,1.6271558212589934,EMSC-20100608_0000054,CIOR,4.0
97,-1.2475668885423392,-0.6656988138588433,-0.1623059609426356,0.8963412567797873,0.8746625169761764,0.841896644421742,1.030885894066321,1.6143469561880863,1.3646346683458797,1.164374141034969,0.2961124543576519,-0.1866623023266234,-0.3064072889608269,-0.574843770748144,-0.5511506876005292,-0.49209523076117634,-0.7123363303247565,-0.655248139865809,-0.7273714187182625,-0.8378708403468886,-0.883056236736385,-1.048451814500159,-1.132150652740206,-1.2128921558798584,-1.2410745286647522,-1.219201238856125,-1.1100028875383074,-1.0042953926766476,-0.7317759710479823,-0.4103198148847813,-0.21457491608111567,0.01181615597405461,0.21967226672029483,0.3409965088333511,0.5860311920100063,0.7873888387098908,0.9190136812462182,EMSC-20100608_0000054,CNCR,2.6667
98,-1.0929894916351741,-0.17454220382748176,0.3616807058861653,1.26647429988168,1.2466419732379705,1.2864663752437888,1.442692257877872,1.8213620802368595,1.706324184006344,1.5957903151714836,0.938166845519075,0.8347163626577698,0.5949354542630756,0.371781759753647,0.17963089944977106,-0.09566178674624126,-0.23143337705333256,-0.4879412658025002,-0.648927734451795,-0.7344636910891831,-0.7950138335353856,-0.8909152994125948,-0.950242418377746,-0.8715472254183219,-0.7828015174205607,-0.6682778329035148,-0.5470631257475294,-0.4381554979821658,-0.13351625867667138,0.18547575223523438,0.4350601235308176,0.6550638270408768,0.8612118375538405,0.9829367813394363,1.2126657768149993,1.4020938822948317,1.526484925325228,EMSC-20100608_0000054,HUMR,2.6667
99,0.8206808779737242,-0.8106658055580347,-0.4582760649819928,0.2365193014419571,0.18740130615255968,0.25219823242589534,0.5903720160569135,0.5007262818628453,0.37601121913727553,0.6060255088603146,0.493333595575689,-0.2737858675364988,-0.28675113745218805,-0.1435521890526168,-0.32183066693869034,-0.4388517893648114,-0.6808324768381446,-0.6167183850311204,-0.759407834036109,-0.6187792325027699,-0.7489496576863441,-0.812978029765306,-0.9327307999442844,-1.2164354184978663,-1.3922813391555735,-1.3958239036892124,-1.2087841010995426,-1.1817334562614867,-0.9881439802600447,-0.7406672718211453,-0.5175527528074095,-0.3263807768372615,-0.13941116141193888,-0.025194500562594868,0.2307525807457793,0.4400006215508405,0.576787629949175,EMSC-20100608_0000054,IAS,2.6667
100,0.31947217894609414,-1.2263132036864732,-0.9146757520713802,-0.8680989444279392,-0.9429996045940916,-0.8289265853671504,-0.7529051661698523,-0.40479414676657566,-0.7932023287351164,-0.32675288289964755,-0.6074646046575518,-0.7692847973134702,-0.9780012031348573,-1.2288850397571824,-1.1060526182085386,-1.2286557922977641,-1.0998261185775542,-1.3404578331190535,-1.0741178078083609,-1.0440789081416346,-1.026224605481202,-1.1157027816929803,-1.3518504617309866,-1.3649115937426926,-1.4179988715587521,-1.4010381911157328,-1.4278086041585105,-1.3538260085460987,-1.2195981455224505,-1.1534790261964911,-1.013770597248838,-0.7754885455106884,-0.589751006807484,-0.5158096736977775,-0.34655950485629994,-0.17158449348563742,-0.06670423695339522,EMSC-20100608_0000054,ISR,4.0
101,0.47862079934988966,-1.855386433524309,-1.483840567185581,-0.9739590470077548,-1.0500250715187471,-1.1531158841768558,-1.0882400999684956,-1.045795774318223,-0.8883996696856782,-0.6879498517325953,-0.3239791345492975,-0.9216998373033247,-1.3741168539274016,-1.3050408816512569,-1.2800486431551672,-1.4751851128688376,-1.8140910804486383,-1.7890312883401833,-1.9557094737519787,-1.8885889278012655,-1.9482678232310429,-2.3684635019007736,-2.3627363255065212,-2.2833438056020245,-2.26770890249286,-2.0926939888787643,-2.0686600527950567,-2.133536553359095,-1.9394153006959378,-1.6806510882269947,-1.5303155145196534,-1.2891554713482662,-1.1139385229001597,-0.9976716603427391,-0.8521423222468432,-0.6597870204729865,-0.5601472393696465,EMSC-20100608_0000054,LOT,3.2
102,-0.12486361938396229,-1.2853663995261453,-0.8936141113659559,-1.7782410613715678,-1.8805361384634418,-2.0705515297601345,-2.1433502716441364,-1.8850078474697511,-2.1456615725129877,-1.8270476623343992,-1.7983904569808313,-1.6225949182304031,-1.4180350858385777,-1.1766067452173443,-0.7707723744171124,-0.5360097488356619,-0.5305437374736925,-1.0559611469403443,-1.3292420413107884,-1.4418700940813531,-1.5334324699132909,-1.6483688797380047,-1.6317013098198778,-1.637522836901562,-1.4367745853568499,-1.3510301860448806,-1.4030892818009075,-1.236685821908381,-1.0200140062422278,-0.8297923837895098,-0.6493243744537835,-0.5447116977968616,-0.3969421190798954,-0.37336775768521413,-0.27810722358342055,-0.16776777879559468,-0.07751084438782208,EMSC-20100608_0000054,MLR,8.0
103,-0.2822334945146876,-1.3666900950409158,-0.857371162892246,-0.350373890736706,-0.38729436021406993,-0.30075135967331246,-0.37640884690110443,-0.35495197847754945,-0.30081340412748503,0.23839636695219024,-0.11839696997994853,-0.5212116541825189,-0.7176543374402087,-0.7811720464974918,-0.9882704717481845,-1.1706662083770842,-1.3221021431960382,-1.4969288647267351,-1.7255265177841856,-1.8244265828956312,-1.8582208752984979,-1.9199000429044952,-1.956986699241332,-1.8819201118513158,-1.9183419226902618,-1.8355681894009672,-1.7280966181509676,-1.6116464868060838,-1.3404103591222167,-1.0129767260168396,-0.7659477363097569,-0.565778795267482,-0.34145422173644846,-0.2187977497128184,-0.005729036073134353,0.18872808836089305,0.31409068614809854,EMSC-20100608_0000054,PETR,2.6667
104,-0.07699854142840001,-1.360368099122323,-1.0006582407362608,-1.1935716614844862,-1.265756184474637,-1.397558170593821,-1.440350459274148,-1.5125330181344045,-1.3291519509792753,-1.3100007067878732,-0.9909227227291026,-0.9754728356685121,-0.7313937682848834,-0.5636480201395582,-0.36407677097454627,-0.7282669657295573,-1.0252957813831847,-1.107889005965074,-0.9765960032616086,-0.9535398435036706,-1.1564844500901454,-1.4890214115082294,-1.7625303524141573,-1.8462686739995924,-1.771149976064807,-1.7336465397010725,-1.6705971891131899,-1.5887260476921412,-1.3692987537550962,-1.197259254832277,-1.0207160254403718,-0.7554227750160987,-0.5833991331983679,-0.527152270742322,-0.29076782841882753,-0.08273662081601074,0.06036331179131338,EMSC-20100608_0000054,PLOR,4.0
105,-0.008721427750548738,-1.161224477775077,-0.8207570861869495,-0.9385285907507575,-1.0214873098946455,-1.1777381436610304,-1.2458647730023085,-1.3678180752464133,-1.1747683271692537,-1.0592663199547845,-0.7387500665165598,-0.4274598081536807,-0.6075595967079908,-0.2626490297172621,-0.2953524491271109,-0.5454495861510988,-0.5395473604498395,-0.7661749624956116,-0.9147656147121399,-1.008244640682494,-1.0476835289000173,-1.261778774064843,-1.45620791361835,-1.5656722254196476,-1.5873685571167844,-1.5347752637390535,-1.4892371407506726,-1.4206299720210964,-1.2347488043882677,-1.0304619574194014,-0.814332217710346,-0.6137630350476471,-0.4339699994786965,-0.32515587872340035,-0.12276255230174549,0.07196477515748612,0.19754647993135954,EMSC-20100608_0000054,PLOR1,4.0
106,-0.0800985414283999,-1.3879039142691925,-1.0353186199152766,-1.2020360656248625,-1.27362810843126,-1.4041662287875116,-1.4465632482664361,-1.5176110428446465,-1.3343607525885783,-1.3174426419867178,-1.0009731230940702,-0.986443621974348,-0.7436967002196555,-0.5769395595233178,-0.3781301818752425,-0.7431849035892188,-1.0403474343464438,-1.1243515779790405,-0.9937715797183264,-0.9710547486153605,-1.1740892365476219,-1.5077299933271364,-1.781765497748613,-1.8662674886881003,-1.7952998814710943,-1.7561993981131359,-1.7182693385915773,-1.625944366792929,-1.4262313605168533,-1.2262036986755778,-1.0793055623886865,-0.8545509895750758,-0.6747668249033314,-0.5242277647611715,-0.296722613286148,-0.10433137669162917,0.03396084654112563,EMSC-20100608_0000054,PLOR4,2.6667
107,-0.9861704226282528,-0.19466344833999738,0.2508747927521746,0.8568041358974048,0.8293507423337525,0.9483352832620007,0.8753182769165102,1.3893966384013243,1.4623496151363091,1.251228101735757,0.41836827597712656,0.6318632065067087,0.5905656446772287,0.5491453649887363,0.5511859671644483,0.4481441931295942,0.18288358440944208,-0.2699951953998214,-0.3261402398172084,-0.451409203610452,-0.5370318558525087,-0.6054079076169447,-0.6720507292851075,-0.6858488613538789,-0.7063303946342856,-0.6863456464537041,-0.6218071902211229,-0.5532213192505431,-0.2772322170574313,0.03185339532556952,0.2711611884551157,0.49109553554877117,0.6958520420968028,0.8032554896816961,1.045206307891652,1.2419269621895825,1.3781687325808853,EMSC-20100608_0000054,SULR,8.0
108,-0.3109372081210062,-1.4046272111007054,-1.136111321144476,-1.1948990742235903,-1.2692917239408228,-1.3870206671083052,-1.3881942032169263,-1.4911821754330434,-1.2298048768049332,-1.227930108622429,-0.9332052292875508,-0.9687911086350356,-0.7466047821858615,-0.7412328446524787,-0.7769101747362939,-0.8326528207495683,-0.9371285639744853,-1.3070053397788506,-1.4560620446340673,-1.4867723194161195,-1.513514523987852,-1.4768579932619321,-1.61171454698367,-1.710659613936076,-1.6955760371852406,-1.6497083373286223,-1.6437771031164115,-1.61221162203047,-1.4402599250650159,-1.2848418917699682,-1.1206857820253244,-0.9531681531704912,-0.797618356294338,-0.7010707443702131,-0.5542731116715824,-0.36836043423499376,-0.20989805510651038,EMSC-20100608_0000054,TESR,4.0
109,0.1348719889062604,-1.1310948096341544,-0.7788433216630697,0.09105982368439847,0.10110805580308924,0.0904031514317234,0.15557158960282802,0.3951177886877888,0.605494965309382,0.21360216048948644,-0.010589350638861461,-0.3277636154982124,-0.16139665310184892,-0.3474990255222279,-0.47320701063466064,-0.6890251235198859,-0.9431791849353299,-1.149597185702369,-1.3640008796076692,-1.443640904291124,-1.5326000644807127,-1.4950326427139995,-1.5217005533429555,-1.6393109413407085,-1.5864900640924944,-1.574614416716818,-1.5167896041659272,-1.4712094219410439,-1.32386686853277,-1.0935526536426057,-0.909375916013845,-0.6909098171207848,-0.45135173284590735,-0.2895873793940975,-0.040604901620426403,0.2013773360039366,0.3604722187814602,EMSC-20100608_0000054,TLB,4.0
110,-0.8249761505245878,-2.444927561265424,-2.0783940546304684,-1.923803584133183,-1.980030463815842,-2.0874130625468705,-2.098858499624405,-1.9981098816535505,-1.7430527727164922,-1.5503280214835842,-1.8351854707777582,-1.565115841477959,-2.019597159423652,-2.2876855962397817,-2.5459697120337133,-2.5229773868343104,-2.4262560863283635,-2.3557339057515287,-2.497252219487839,-2.552798045930656,-2.647261905826017,-2.6587599010098355,-2.719089657773303,-2.5863415302991344,-2.6159532090424227,-2.656215740814222,-2.6125660310653487,-2.68811197174249,-2.506446920021748,-2.2706859396212202,-2.011211645194104,-1.9045176709022655,-1.7237710719714325,-1.6387701088484867,-1.4554008107117564,-1.3888377311647577,-1.289335646772738,EMSC-20100608_0000054,VOIR,4.0
111,-0.19484546660888435,-0.922386174577503,-0.5438642086127388,-0.5432252031094063,-0.6272220793650387,-0.7656284438735916,-0.8257930184376026,-0.9705675917521388,-0.8737075891276778,-0.6590450830116721,-0.10543893819621886,0.03534587122112587,0.07643119807278875,0.12054057617795877,-0.2330112923907084,-0.43504445260773483,-0.684413215605054,-0.8208516934221812,-0.9985492016800945,-1.1088059646208306,-1.1929449560392067,-1.2765910529165518,-1.3283592274030926,-1.312183214375115,-1.2807122296994944,-1.305749444659094,-1.2636992995449408,-1.2055027595257428,-1.0078708293673238,-0.7695678084776905,-0.5006633851674192,-0.26791413049457447,-0.07286493983694875,0.025537439825511044,0.23132344317000708,0.4273256116541617,0.5695987888828231,EMSC-20100608_0000054,VRI,4.0
112,0.38804164939970454,-0.9667245875602877,-0.5004746149374011,0.3741531828567073,0.37887365040916166,0.8637853641338831,0.7098814185535662,0.7422198568542759,0.850628900989129,0.8436965350699763,0.24389349278646844,-0.19776557064342803,-0.5464777395344091,-0.4575852220322698,-0.6004985722722678,-1.0926647007437138,-1.3041425038720442,-1.415026625990519,-1.5058519061023414,-1.529766740338954,-1.4728946747448264,-1.3700195197113398,-1.407579637674826,-1.4903006091692124,-1.4052331856800038,-1.3644398436527165,-1.3063596517956846,-1.2392253119605474,-0.9867872606471177,-0.7247211015924755,-0.550933348249302,-0.2801232597068726,-0.0646789020110905,0.0872634824533467,0.3515885530268559,0.5744027147702919,0.7114566780007348,EMSC-20100930_0000013,TIRR,4.0
113,-1.0309610865597767,-0.4004464064070845,0.09304407266259851,0.6486630025477869,0.6080024756791786,0.5967781516734387,0.7068810599154158,0.8759166071905922,1.3336978356345464,0.8074909006285056,0.028177311702383356,0.1331476471338604,0.04727611554095379,0.0856505198467099,0.05178713640415289,-0.10216392357907367,-0.2730791671564283,-0.4895073032502859,-0.6763195770534587,-0.7037750537703973,-0.716642411830958,-0.7467448113026744,-0.8249307167296349,-0.8999239106249606,-0.9601153567400793,-0.8578600012970021,-0.7497153933217806,-0.6577662053135285,-0.43617030154898906,-0.08169678599207053,0.16468303875920398,0.3937462942462506,0.5839015015371647,0.6898659075172091,0.9089060959041966,1.0943890560720142,1.2116685889614498,EMSC-20100930_0000013,CNCR,2.6667
114,-0.1609849181556715,-0.4416565893821556,0.002450294225180727,0.7067323145166773,0.6485288541703795,0.5677966497689102,0.5445388949830683,0.7337203519403017,1.0532242275680224,1.2617688381189929,1.2365759271032752,0.7594196971322118,0.3845713116391529,0.19892394158799753,-0.3237987093846231,-0.5377212884276936,-0.6324096386644316,-0.8254182306688937,-0.7296044701694564,-0.6797267340598871,-0.6185886344022649,-0.8196357073813179,-0.8841873833936207,-0.8941123409804552,-0.9675934415593757,-0.930565943261561,-0.8676862285664431,-0.7650197769560876,-0.47209837076757566,-0.21040371141740977,0.028640372694964,0.22600292485648055,0.4275233160537404,0.598513661670184,0.8021714296868687,0.9961071972854434,1.1264857588834047,EMSC-20100930_0000013,GHRR,8.0
115,0.09438124784368718,-0.5101009090490098,-0.07947171625383653,0.5553087488907007,0.49520211688710525,0.3937971901626698,0.35640989668043144,0.45126173904710765,0.7676806605450066,0.7343244451900084,0.375503138094059,0.741028677107824,0.32950299328723176,0.05653902103622688,0.027665044760288637,-0.002575534449917427,-0.14173850817417044,-0.3941895377122675,-0.4253441304510499,-0.49862754148809874,-0.5698666462453064,-0.7689558911786234,-0.8581397684236922,-0.977797059708843,-0.9671256276011579,-0.9683246359135751,-0.9195534997842252,-0.8867846281837757,-0.6776473381147259,-0.42479478700969864,-0.14573233438644806,0.12552090568546426,0.33707068772609183,0.4594642304343797,0.6756738537770097,0.8799901085602819,1.0615303775734546,EMSC-20100930_0000013,HUMR,8.0
116,0.1946554553353801,-0.3261310803975803,0.20494627613330785,1.1280538544682637,1.064081722720979,0.9991997416892824,1.3468267931861169,1.1890653203605845,1.355719203708711,1.671966457725632,0.7295280010875755,0.3597496886406475,0.06787832219532408,-0.06107519730741462,-0.10659245898637781,-0.042309856944519275,-0.1497637116343844,-0.44963074822671967,-0.665437609486144,-0.7383310438027921,-0.7294222840586073,-0.6291365844632466,-0.757800523422377,-0.8348929638702334,-0.8379420824145427,-0.7848419578773864,-0.691612637566779,-0.6433137236953339,-0.3830907045187928,-0.07752152043453009,0.19555184203470333,0.4302152346461625,0.6712024921904227,0.823700266560861,1.070592155889793,1.3449561721302974,1.474201952726279,EMSC-20100930_0000013,IAS,8.0
117,0.5307710780058237,-2.528185664896613,-2.168089600366182,-1.5280321006835411,-1.5664627454237126,-1.3738403539292978,-1.2755868191062651,-1.4198240305528387,-1.2686581208728356,-1.0983639413336421,-1.4831209662842095,-1.7692982626274034,-1.831481050495877,-2.103349184798301,-2.2368859479664502,-2.3265437330959333,-2.328931021630666,-2.0757537702458206,-2.269649525161725,-2.5651841515868146,-2.5176344174366907,-2.7214527628919036,-2.918027453853906,-2.8757775654152766,-2.887974592293128,-2.86297290555723,-2.9277098326201187,-2.9695843464517786,-2.7411200810155165,-2.458830587839781,-2.2659024538992885,-2.0905189069934043,-1.9009804572739242,-1.7769513101855807,-1.5184924738246721,-1.2900291007056115,-1.1682117978634814,EMSC-20100930_0000013,LOT,2.0
118,-0.05999188855562165,-2.003380724969851,-1.6899527213627454,-2.154230905654212,-2.233156236871616,-2.3624083391963957,-2.4514585304356,-2.418930107053293,-2.0606903114783632,-1.7332967951661828,-1.9333714125365375,-1.9799430263798161,-2.0338434426188865,-2.157661995218522,-2.2420101779061676,-2.2682228000447306,-2.1007552201249027,-2.0403362069524897,-1.975918143184999,-2.183705710940801,-2.222885169875547,-2.3595370668639593,-2.1834811176299898,-2.155110308144769,-2.0417864121520584,-2.0599452895347508,-1.9210262640349782,-1.996924807687563,-1.9378033974868458,-1.7147802747813774,-1.6304605190828756,-1.439510097333402,-1.3293962143501634,-1.2776644486531712,-1.1912883200783284,-1.0932275836833227,-0.9575663234566658,EMSC-20100930_0000013,MLR,8.0
119,0.018489189446178944,-1.6255743387553574,-1.2558786451812889,-1.098057494959943,-1.1729259949716795,-1.3027455850693395,-1.354327930212345,-1.413561776839729,-1.1499287808817131,-0.8899720546155914,-0.914585738790219,-1.1658203179991258,-0.7362145274233951,-0.5863068991903182,-0.8713815489776522,-0.9473652021260115,-1.0480040707814204,-1.622718435998622,-1.689819750115249,-1.7500318724385053,-1.8394822885265114,-1.9314492974654929,-2.1292815085522543,-2.123391573479684,-2.1112776638496804,-2.1840432638413176,-2.150768657281345,-2.056697557670738,-1.623476509707018,-1.1783092138315627,-1.149607788064774,-1.0430153060528191,-0.9198177916817887,-0.706570553137464,-0.5008781030537062,-0.314752553814726,-0.1769381750304717,EMSC-20100930_0000013,PLOR,2.2857
120,0.05422892932225798,-1.5189335573741793,-1.1434878417940961,-1.0058659858640677,-1.0809916289975412,-1.2253733473970705,-1.2541059410879134,-1.3214598141190983,-1.002169082752216,-0.8189926066538424,-0.8879650669611321,-0.6329733683647936,-1.0786242399525854,-0.6415915370184164,-0.5509533861006437,-0.7030294316951347,-0.9470877331467884,-1.2548578127729213,-1.5065404418303556,-1.576896314438911,-1.527333585241065,-1.6341674170692375,-1.676889493684186,-1.8588204024965043,-2.0340834914397448,-1.9826208151449851,-1.9340786488796606,-1.7890264517139958,-1.5823561939337552,-1.4239722392638932,-1.1796935082812254,-0.981020236805568,-0.7083409556789686,-0.6178876334445356,-0.31679851419456817,-0.1079882022101799,0.05424828907427326,EMSC-20100930_0000013,PLOR1,8.0
121,0.01445433194385215,-1.689335443779548,-1.3156978193303814,-1.1063379427850482,-1.1805595208595872,-1.3093275837143805,-1.3601417514600662,-1.4183270808949722,-1.1557393897980317,-0.8978092799149113,-0.9246258278642197,-1.1769076144297088,-0.7485635311315164,-0.5996184786344934,-0.8855241715663658,-0.9621017003525747,-1.0633349418090061,-1.6388340988583447,-1.707149434526002,-1.768877226496416,-1.8575642173464146,-1.954239296344051,-2.1475286522279005,-2.143400231244386,-2.1470909742738717,-2.2264154725699576,-2.18243374501699,-2.147899456210629,-1.767420873564813,-1.327117512590041,-1.2637498309229755,-1.1442654315744516,-0.9190775614510702,-0.7450307907299223,-0.5314533492752833,-0.33375127480405276,-0.19152249379055597,EMSC-20100930_0000013,PLOR4,2.0
122,-0.04883553205535218,-0.5718090555285835,-0.08605411825127618,0.24110997373248022,0.21173199222912054,0.542802908378544,0.24316960335868565,0.8259557849969585,0.721840284653986,0.051583369505687315,-0.12509415117958955,-0.042394177165385294,0.08446233710896056,-0.08898199236272042,-0.2901964870307747,-0.40319800978895337,-0.49890203120696164,-0.6991567300055515,-0.7990666131325845,-0.860283898519949,-0.9404248589675603,-1.0935137497033187,-1.0548510755524543,-1.0064247804866904,-0.9804243207281118,-0.9357500816488464,-0.8751757853435276,-0.8289183538738687,-0.5909446048976292,-0.264973947656177,-0.011386313257538916,0.22397299849700758,0.4105571209607941,0.5325014225818592,0.7397648974642301,0.9102889954485622,1.028945585706614,EMSC-20100930_0000013,SULR,8.0
123,-0.5210732969784346,-0.5267220574296196,-0.12145095616900647,0.5141799697769383,0.4552725427164477,0.39499036397909837,0.31795245669057337,0.666774659364231,1.0751988253539055,0.8715344105649185,0.5592974193795257,0.5648016584401638,0.47107616597656854,0.03536583340970445,0.08715170066499933,-0.052799441640099865,-0.09814259394436586,-0.5451648851577104,-0.8757324356134308,-0.9526528219386332,-0.9441386210458944,-0.986049245175697,-1.1117943860549753,-0.9872230677875251,-0.9268516063959833,-0.8491094395441365,-0.7979277510767471,-0.7781973815447163,-0.6195142795751654,-0.3646114220589993,-0.16738996693170982,0.04086274677488433,0.2706436196601665,0.40036009907256087,0.6492727471452024,0.881311043840876,1.0369265454425332,EMSC-20100930_0000013,TLB,4.0
124,-0.2237264070399121,-3.176628093513621,-2.7596717875274575,-2.4399013742536804,-2.4908120132983225,-2.5720178860708494,-2.27915575197372,-1.9388565279561112,-2.071560586534705,-2.243122376653883,-2.365068130277737,-2.404777259944166,-2.950086267197582,-3.089333205962949,-3.095499441501943,-3.0680187260806386,-3.1351073296828265,-2.9086547009796426,-2.804188220708822,-3.076052647226697,-3.4289284408358256,-3.6646904908108393,-3.6017210239276505,-3.392394198620541,-3.4369064983223323,-3.5028266443985245,-3.435554100799255,-3.459718543824785,-3.286320774808642,-2.9923471638890415,-2.7923150673514687,-2.651491470271047,-2.4422959570829317,-2.3468977327763216,-2.1050130332261148,-1.9162326599841837,-1.7760053105571565,EMSC-20100930_0000013,VOIR,2.2857
125,-0.06528596217070648,-1.4520677122543288,-0.9717087139269349,-0.6150410229478629,-0.6807106269812575,-0.787801993026779,-0.6790263180851452,-0.712869782411337,-0.4359798185354977,-0.06660709573767498,-0.44112683052690205,-0.47659775233742696,-0.40891343505420163,-0.5046772906238575,-0.8144345634512273,-0.8740493191778285,-1.1019909140939657,-1.3778675040035973,-1.5654838407181506,-1.696303072243147,-1.8026320985743238,-1.8900516865430195,-2.0040969936031585,-1.9949798676351778,-2.0295706236404136,-2.007701214017329,-1.8499583110246114,-1.7654850576370613,-1.552504337665649,-1.1788747458844622,-0.8933438654388759,-0.6734706271521507,-0.464871385265182,-0.33651074624761,-0.09153629991546985,0.03704576555070638,0.13375584530013107,EMSC-20100930_0000013,VRI,8.0
126,0.4062101513733811,0.15706654880171023,0.4765772248524893,1.1439665975674131,1.2533243697314775,1.7872254012080342,1.792951491220916,1.6013224492924634,1.2836171532855696,1.4032360786112248,1.1129747901941451,1.0205083734709923,1.1149348295530705,0.6539988357312199,0.3997093879144744,0.5822233181499126,0.36375368694538857,-0.06360258196199364,-7.023377034620637e-05,0.0233042056344388,0.07289688296846641,-0.052857983777164996,-0.04658868352021628,-0.10569416973437118,-0.27103908917453445,-0.24850751962643614,-0.2039003695081476,-0.13504047930801732,-0.006260518284124217,0.20976723062107538,0.4115121029000228,0.5974184210796274,0.801049985804994,0.9038238970262036,1.1279218335471146,1.318840851058047,1.4362190464337807,EMSC-20110501_0000004,TIRR,8.0
127,0.2681861104273069,-1.334269421404347,-0.9636896996148483,-1.6637758725436074,-1.7317603401041213,-1.781574798880463,-1.8243420513251145,-1.8472013486993006,-1.742348755450971,-1.432189212981787,-1.1380781627245247,-0.850331165350604,-1.3837645662237748,-1.436906589213157,-1.2872691078691965,-1.1517418915702438,-1.6288539934152375,-1.5571096757047798,-1.330396657008916,-1.2556644382217144,-1.3619732644770828,-1.5813516813853088,-1.5832883144647756,-1.541351374579368,-1.2542017114071093,-1.252543109232425,-1.27313632083243,-1.2870428643501395,-1.30066439978612,-0.9392846508646606,-0.8566107633085203,-0.6900447647763244,-0.424554921416588,-0.5139269517097809,-0.31567606777645985,-0.3535559635674943,-0.3245511564173711,EMSC-20110501_0000004,ARR,5.3333
128,-0.21340875822528282,-0.3688662376342835,-0.026305277313612763,0.3891113985511607,0.3396433183456242,0.26993281441594963,0.24027109490964715,0.09288180273618885,0.44368037918612213,0.37518080224417627,0.5606879089126258,0.9137605789889429,0.10531722920607489,-0.10611487257066532,-0.08160813589806448,-0.27609073598464295,-0.4758524249887639,-0.5782317416988185,-0.8576230810402539,-0.898768872256511,-0.8872961836782842,-0.7855248526696279,-0.6526882470248445,-0.6138971994425706,-0.6404230443425725,-0.5283115414609441,-0.4881133905408399,-0.5251157836083689,-0.4042013644255871,-0.2111264471455474,-0.02374484066883298,0.13632737214632584,0.31701367501886857,0.4381817684317255,0.6497532218905899,0.8356068459218964,0.9740065691825635,EMSC-20110501_0000004,BAC,3.2
129,-0.7497473744026086,0.7126956081553777,1.0752121371435948,1.2090159468196076,1.131060867670409,0.9922053679449805,0.9387891266729351,0.8391151979252207,0.7531598715365506,1.1433898472167225,1.2839650856382931,1.3713545174995332,1.3578650429057868,1.546032224162854,1.589457192988002,1.4305606924262824,1.2864787905389239,1.0393932649011264,0.747870460429386,0.6650600577892742,0.5351233128412343,0.35422844777130447,0.31370483212940137,0.4229809402726996,0.4115424704631989,0.3891392315243394,0.39189078649062914,0.41020005969491535,0.5809444868895497,0.8325157701253438,1.1032597603254004,1.2503908950734761,1.4673194062844566,1.5623132969480853,1.7713811633424292,1.9626284698655176,2.1016043633150296,EMSC-20110501_0000004,BUC1,4.0
130,0.28435894967427844,-0.4969836688923719,-0.09437450394173652,0.8382883498874474,0.8550101119055453,0.9446167524464091,1.1525665544594759,1.2735566232541613,1.5815930156019506,0.8798683719746512,0.44031407275275036,0.6371722033681406,0.3066554138706632,0.16259503045799395,0.18562712428244144,0.08869267264647274,-0.06276606617133762,-0.2921247594081926,-0.5215253588470112,-0.6894591078806034,-0.7924375284683451,-0.9158257709907014,-1.2137199765571163,-1.2034735394296172,-1.194221067336863,-1.0067799015704715,-0.8585944969608263,-0.7748214857400502,-0.5785862254362968,-0.3317663702632352,-0.1463721478992337,0.05927944205494917,0.24985131751165213,0.33993005297201506,0.5485839911327464,0.7552612258627533,0.9029534830077761,EMSC-20110501_0000004,CFR,8.0
131,-1.1129292663234729,0.28036793423951867,0.7318528904050652,1.5560435702306457,1.5071765996669155,1.416908464431006,1.3497346864674027,1.4833821614053724,1.609700853402825,1.9811353600197945,1.1612722384524465,1.2299334596918134,1.0560332218157278,0.8922110955027671,0.7559852954113948,0.5945828783178309,0.38449952678342836,0.150264204675989,0.08365105584295929,0.031607282483758325,-0.04372844065115178,-0.21949068018357387,-0.23036953753055478,-0.21537370785929344,-0.18650828936781672,-0.16837834526650575,-0.10093064248445849,-0.03832062383690982,0.15458507869450422,0.42749030109977504,0.694723740651062,0.9143973260603762,1.1474890973602268,1.2635138103638077,1.5402031611201021,1.7132369871177513,1.8493330273905215,EMSC-20110501_0000004,CIOR,8.0
132,-0.2726725741145497,0.29059957846075246,0.8101451377499664,1.654979239913466,1.6350816911996677,1.6249717477163257,1.648919836656133,1.91330323652071,1.9683547963584407,1.9661179625189713,1.4026384735404687,0.9870901719102818,0.634314718439728,0.48301134788393085,0.4586347346183981,0.4188971407274513,0.39779489463905193,0.18398370570888467,0.11218682771673283,0.029149265271980696,-0.00981527199311838,-0.08742110705454831,-0.202567496002386,-0.27947367092915076,-0.3100782597005063,-0.2554044066808183,-0.10890848913423312,0.017117198987143922,0.2909748926212785,0.6278496818417345,0.8544136748077769,1.0454627899844304,1.2350633547291423,1.3423551930246305,1.6170591368094396,1.8011468060265745,1.940094902808923,EMSC-20110501_0000004,CNCR,4.0
133,0.15991779709875553,0.5657484167636158,0.9925987756463162,1.4416175954184949,1.3793976648249453,1.3237590497524723,1.2641046349304288,1.1286145092386848,1.2901066421699214,2.023267736688191,1.7541402891121587,1.3150406106980652,1.1607646127285722,1.0755302192660299,1.0054715588693925,0.911696373387672,0.9820115451134122,0.7215535446098063,0.47263466547163535,0.3919439920837764,0.3175940705524276,0.31990014560525104,0.16023049999399763,0.07328194899540907,0.023866141151803077,0.11603784530191597,0.22287003379496007,0.3087286331861936,0.5292539708107284,0.7842740042880845,1.007876243377174,1.1999077203629547,1.4005113439126902,1.5220333318289345,1.750503175781521,1.9301896232081877,2.042226928894948,EMSC-20110501_0000004,CVD1,8.0
134,-0.36815305060231784,0.8651263377761671,1.0689260720820695,1.050234852635202,0.9807268912545197,0.87254011132217,0.8445221118876454,0.7130979190525988,1.0066869225074528,1.210666500518478,1.3290736734706523,1.354623161913259,1.2220440625644446,1.1710282550321844,0.7080492736109454,0.7683489090799878,0.8015154606956374,0.6210218917076924,0.43098045312127287,0.43231151309697413,0.5009739201654879,0.7058920264058637,0.7512003372828371,0.7704057720420652,0.8093750037467107,0.8069427691396172,0.7375401444941838,0.7853921424179431,0.8773359290527267,0.9971554373427676,1.068558391265885,1.2028913449413903,1.3600121633551883,1.4107009863400073,1.5289338579825902,1.660069189317836,1.7509991927884219,EMSC-20110501_0000004,GHRR,8.0
135,-0.9375919893600653,0.6333175985965225,0.9919403656599926,1.3670099507997096,1.3317364225060428,1.2467896066721513,1.4517784007851464,1.6404507472138397,1.7086377041668426,1.6093230534847063,1.3263883770671505,1.4298576811023516,0.9568806139525474,0.8116852241427353,0.7172197866157397,0.7482561598305288,0.7020873691799343,0.5076811246973776,0.5191383294024767,0.4792435683280232,0.48995537308437953,0.6079967989902739,0.49319644225332926,0.3692799984605051,0.3427797747706327,0.29444557157411744,0.3520740955092929,0.3709125795862711,0.5828100708843813,0.8388090098139536,1.0197203731123388,1.1688320076454648,1.3552563457453477,1.4321134173639667,1.6044885489452465,1.7851854824976936,1.9136635967848683,EMSC-20110501_0000004,HUMR,8.0
136,-0.11240327613921108,0.7351352566925975,1.1176651552845147,1.8664034622601413,1.79728865379668,1.7164152845474137,1.6239062482685132,1.7765847552198908,2.0474050312657788,2.5401204105262187,2.0670797662399565,1.544263133327255,1.2945466865761803,1.225111587475503,1.047926880257216,0.9055399553782948,0.8051550444976963,0.6817290171916168,0.6937387771895276,0.6936505852193733,0.6501766121172938,0.678029967498385,0.4932173354921314,0.2986121053459474,0.25101234067195044,0.2599780653725823,0.3380596904028401,0.3876803676840037,0.5701739729794628,0.8865464148971931,1.0719275070076684,1.2761745443416181,1.475985081463758,1.5831175566604934,1.7955771755103367,1.9638802701394429,2.068744280445001,EMSC-20110501_0000004,IAS,4.0
137,0.42843977919662946,0.09931521316882286,0.36103479656881277,-0.10919892199286085,-0.15938043936547608,0.4032518259435607,0.0783206403027581,0.06584282243499207,-0.3737250745598688,-0.06910510586515972,0.20982591883192114,0.13968424804005775,0.435636536379989,0.34261020712981516,0.21174161215408205,0.5491503333571703,0.45743811813720026,0.49509385473227496,0.355740372047344,0.3978703369700094,0.24651806993378145,0.13335090941167582,0.07287746344605583,-0.2943374856591241,-0.14600372856235921,-0.16740388578245557,-0.0812081036678105,-0.04159002264677092,0.12909502867415412,0.3225068314541044,0.517497047078411,0.5968053882832027,0.6786303739585673,0.6691406386747634,0.8617507031290916,1.0071976957118949,1.0294312757567994,EMSC-20110501_0000004,ISR,8.0
138,0.052115758035294224,-0.8258618521794201,-0.6014327766989904,-0.1762991596216512,-0.2389179114963369,-0.2115177577443612,-0.1190478996964286,-0.2544266955982071,-0.005613678965768365,0.03969125582577604,0.11441397649929552,-0.151865467793729,-0.6698155911480921,-0.7209246227976855,-0.9418233412873498,-0.7599016836229664,-0.9367913144519155,-0.9633478674688662,-0.9460649364458362,-1.0630706125839904,-0.9868618750000957,-0.9799343837795025,-0.9438503738791635,-0.9388193398603732,-0.940060570573511,-0.8382193032939984,-0.843137837733078,-1.0135616713747524,-0.9509111686577203,-0.8437369549490441,-0.6653182309397359,-0.5555405037022485,-0.3912133182348967,-0.3396608464989601,-0.1341944479209154,0.00013574211254585578,0.10257745148418884,EMSC-20110501_0000004,LOT,3.2
139,0.03133573675157164,-1.020465992308906,-0.7569767191882057,-1.1198881289634297,-1.207771549363116,-1.3534500744755933,-1.458715893058292,-1.4723436315379113,-1.3076690868757224,-1.0248593840657465,-0.9231207824942507,-0.9841533208204636,-0.7440893685333076,-0.7922518461746142,-0.6026230996322743,-0.5418687963304372,-0.6269068617947484,-0.7096287290481813,-0.6670327246338443,-0.8655567095154355,-0.9056928531486443,-1.065947559661372,-1.1072575815061292,-1.1631531080251154,-1.131436521610425,-1.2243542002417325,-1.1673660624983242,-1.3308235126110937,-1.0020764543609104,-0.8276418578770226,-0.7584781779592618,-0.6358746778050133,-0.46801187109488573,-0.37870993752449067,-0.21391299592922408,-0.0821669016866391,0.03598692859503139,EMSC-20110501_0000004,MLR,8.0
140,0.1748027917762527,-0.07210889584356384,0.4010568573860702,0.4419281573906275,0.4181684748170458,0.5749255316527506,0.5360007198265464,0.385218728937355,0.39197277734289493,0.5650661313917507,0.678151250071549,0.28173295479075744,-0.31954096623580863,-0.15409304059950646,-0.09859283040955091,-0.09764121577865303,-0.03502545562040993,-0.15983869720678978,-0.18146360581327503,-0.209879894620304,-0.21243147254127503,-0.15883394262440564,-0.20877713389034724,-0.32314565526524675,-0.328414587906507,-0.30821802341058646,-0.278978637774415,-0.23887593247053118,-0.027455281838252077,0.27663507768257034,0.49246772797752847,0.6853965277475584,0.857980803908946,0.973107165349667,1.1548041337168389,1.316431959552835,1.4026079610495668,EMSC-20110501_0000004,PETR,8.0
141,0.021024233549589155,-0.1245787719273812,0.17232422224489952,-0.3600791121562139,-0.4400242645586916,-0.5903149591602022,-0.6426261700306908,-0.6824410344748042,-0.8384234618651112,-0.4328415398563301,-0.2950170141272457,-0.08436381465485887,0.08463002850821688,0.3020356977176819,0.3820764284825433,0.5201386232150265,0.47082290619887424,0.2739036943736579,0.09141582194768283,0.1483946903663913,0.04683307758578614,-0.16827280813114953,-0.33347934676407665,-0.37889089472362514,-0.32310703861318313,-0.25976809661482303,-0.23191438471311177,-0.19692248698035186,-0.12095008162553,0.03200391331308339,0.18077744037276133,0.4151318767318841,0.5744194469329571,0.609888418673556,0.7190305844265232,0.8559006072764941,0.977808170195015,EMSC-20110501_0000004,PLOR,8.0
142,0.11797623065278406,-0.04607411408299367,0.29202876343592443,-0.3565918428378323,-0.4412402271764986,-0.5997757627435831,-0.6621657936588576,-0.7211256975900486,-0.599463989984371,-0.1696742002827074,-0.1261999978379329,0.3574161924946946,0.12851775483735484,0.3230266457853386,0.5388225728785807,0.5809521642984512,0.4007285386852155,0.3580193216446812,0.14986362150190136,0.1502368018246827,0.17079548028800584,-0.02246259545403273,-0.09694450612540884,-0.24256889382662905,-0.281670892411781,-0.2823789734748594,-0.2527436111636554,-0.22555025510202675,0.0073542915819526655,0.23102184400939407,0.38055345067079216,0.5667907956184965,0.7822594760828476,0.7683409806862294,0.9307737174993012,1.042203638184004,1.1319391026036172,EMSC-20110501_0000004,PLOR1,8.0
143,0.017924233549589275,-0.13884544682427613,0.1593224881396047,-0.3683505374399463,-0.44771258761230825,-0.5967741123096131,-0.6485012758805979,-0.6875228284183681,-0.8443426026493137,-0.44061582261839227,-0.3049689075590569,-0.09543039681242949,0.07233176576130784,0.28876865367055693,0.3680024064090457,0.5056223952568164,0.4559111115974659,0.2581294868758697,0.07500521463618792,0.13169925102813806,0.03015226020671946,-0.18492694038155477,-0.3501096083534785,-0.3952048460320796,-0.33915355338971054,-0.27548236206907184,-0.24724073951657832,-0.21190184388239786,-0.13531700614355735,0.01863055203973296,0.16789387595205518,0.4026725936436346,0.5622853152305272,0.5980451447970072,0.7077834484967802,0.8451751105383138,0.9674231322764886,EMSC-20110501_0000004,PLOR4,8.0
144,-0.09535013247005386,0.2292059804217228,0.7123282702119145,1.1277121385330178,1.1194828888352513,1.7849712615463513,1.1879400731765228,1.6350805067938463,1.4265836959900398,1.3491747685829605,1.1644145581111562,0.9609345915192087,0.8393424184969716,0.5479307457510441,0.3843786631174444,0.32468475447510237,0.2608358587366144,0.18813822279135461,0.08396081868746474,-0.09571489138230582,-0.13951999125630277,-0.14171414223620094,-0.2397632941763863,-0.27916039140476556,-0.2902885489254752,-0.1355190743862691,-0.12086047923227206,-0.007091706857925928,0.23094235258653306,0.5370942952275009,0.7693940232058001,1.0014341839801961,1.1769346517562465,1.2992204878586389,1.5131111076248516,1.690335592603013,1.8081613316281686,EMSC-20110501_0000004,SULR,8.0
145,-0.2150861562409041,-1.6686922294642388,-1.33049211153776,-1.4887591113921852,-1.5354975098413055,-1.6096677637368035,-1.3704949190914917,-1.4527446569555984,-0.9889326521214494,-1.1380600033767525,-1.3717535176030813,-1.6898034036411556,-1.999753966609723,-1.9399911661729412,-1.7906688516390927,-1.465217529799971,-1.6222819137819426,-1.6069989820748747,-1.3667035257573161,-1.3976060993226316,-1.581769628436259,-1.7266095202054386,-1.7850945083951721,-1.695144236825386,-1.7913246495465218,-1.7549723065324496,-1.7128828661923947,-1.7323804351333347,-1.659775151676877,-1.5189163466882345,-1.4066874778707312,-1.1852842762977627,-1.0856550633800062,-0.914617773205002,-0.7809591089111159,-0.5926722051903166,-0.49916766676567903,EMSC-20110501_0000004,VOIR,4.0
146,-0.1331822728849641,-0.015975023555610868,0.33559492344609865,-0.11367662618948504,-0.198140727432075,-0.3249607246467603,-0.4316093105682155,-0.5114385271297426,-0.4505906254847618,0.06799873123019395,0.04138197552618461,0.43611136686951024,0.6709996038582133,0.5196203220362019,0.2768960725272027,0.3382428443219583,0.33402339013807136,0.44248676540592946,0.2336301567199799,0.13390147285728293,-0.011776652251639597,-0.11099277490598247,-0.33329163947532425,-0.3762029401256237,-0.4361205711154943,-0.5003182468159206,-0.35301544864654044,-0.1374371370081775,0.06794880243507961,0.24895569155513897,0.455057181985838,0.5728859901633729,0.7485147203030529,0.8174177319862981,0.9557069414392707,1.0716314168641148,1.175009071068521,EMSC-20110501_0000004,VRI,8.0
147,0.537547394084601,-0.13321997108075134,0.20507042032659584,0.7586208626701332,0.927027635733709,1.4510543658737909,1.842312468283346,1.390123262429798,1.1506070708782303,0.2012766766070584,-0.06859016418844366,0.2557705713841276,0.1724545761169063,-0.015440188961790113,-0.13865871276910813,0.1004941638613257,0.15838622393305446,-0.11338461177602177,-0.11556465394068471,-0.13659290038510807,-0.13485983481835184,-0.1914914979104987,-0.2576057233789779,-0.24979104085649073,-0.28079783281293835,-0.3559045388203721,-0.40271730374594483,-0.4466242974643535,-0.3351763401228016,-0.09280990547239476,0.09947670714387336,0.2853469951797667,0.48982013843835226,0.5878353717338296,0.8243259545782902,1.0305253979920437,1.1369696475555457,EMSC-20111004_0000009,TIRR,8.0
148,-0.48750105121859866,-1.097925181082207,-0.8734713627478765,-0.9048591097964804,-0.9870742323818824,-1.1379648767416173,-1.2027588736897092,-1.4094811932430753,-1.3643907316293316,-0.9098032141748948,-0.3561323147288231,-0.24498806257412742,-0.23072180229792671,-0.6564893511028878,-0.43957853586383155,-0.5025718557160852,-0.7930849101714594,-1.0628572565140066,-1.1059396563108725,-1.3092885162371193,-1.4760447765697151,-1.3305473633330172,-1.525878462779719,-1.4137445494193894,-1.1759216199381122,-1.3081601779653464,-1.1572195580849733,-1.1878742064917365,-1.204465837967943,-0.9620418246038049,-0.9633834088391939,-0.8004451366782739,-0.6455790714154332,-0.5035803729550175,-0.38660437067374964,-0.2386220857979673,-0.09454464447558664,EMSC-20111004_0000009,ARR,4.0
149,-1.3899541231677421,0.696852992836507,1.145781862703899,1.7558674667131466,1.6842188628930606,1.5588057764328926,1.5134765673839956,1.4478074633855087,1.5318885494279675,1.879967561896994,1.964092398621149,1.9510840021098392,1.7578432964769646,1.4986426716742374,1.2225359869638375,1.0448921803382794,0.9171220844941637,0.6813950813441423,0.5212200881358129,0.48022964950962166,0.36657410927854084,0.2680186291545752,0.1708119389514744,0.17174498796903848,0.16570550892838298,0.1982367097378681,0.2632821268729266,0.3355139273981642,0.5914856742859449,0.9122450983231598,1.1456763952242834,1.350311654630902,1.577427926222704,1.7295711335008086,2.0130568694918907,2.2317664908909887,2.3918072219421873,EMSC-20111004_0000009,BUC1,4.0
150,-0.02198309641976648,-0.5687506833766642,-0.19954943164387906,0.6110068360957426,0.5996437645832797,0.6572690036095423,0.8916364461149158,1.1927575415240552,1.2858733252304066,0.21330220768051866,0.004479673712550536,-0.11990526967182547,0.2963740644992008,0.30159070980604064,0.218636561188144,-0.01651913876584299,-0.20211282518370854,-0.4884280367008298,-0.588227923718752,-0.6326499695222232,-0.7003574023334558,-0.852486995858369,-1.0626040899918383,-1.1787627994953978,-1.0523912675357936,-1.065971328898267,-1.0083329285303577,-1.0041162135950348,-0.7055458289173,-0.4503307374164027,-0.23955913179760913,-0.056977136600123046,0.14449033375478315,0.2767228846262615,0.46412127845309037,0.6689081425379904,0.7851439854898761,EMSC-20111004_0000009,CFR,8.0
151,-1.1043058055455917,0.04511802584205693,0.567821972796688,1.6334086673130077,1.6045245244123496,1.566288196435079,1.6438730580725007,2.1365515084174818,2.08676056260725,1.7313016966269283,1.4267053294340402,1.059738977560455,0.3946753136218213,0.12360104346598089,-0.12543967099453468,0.012113955913088503,-0.020224386898825664,-0.11411566753212199,-0.1756319643345483,-0.2945595298718402,-0.3787670305015025,-0.46015279601338577,-0.4638790754159734,-0.48165645596222184,-0.5015188938351942,-0.4974109721851043,-0.38139529847158116,-0.2564059998960282,0.03964675290395192,0.31679811881413755,0.521821053261327,0.7414782094129144,0.9575522381585397,1.0975698206551634,1.383607093153266,1.576446520684133,1.712396616351393,EMSC-20111004_0000009,CNCR,5.3333
152,0.6618039363062804,-0.22211385830686936,0.09386637887221205,0.06287138364484601,0.010991608979389333,0.10479833018708984,-0.13020768571109098,-0.09460064755771302,-0.2318941047390135,0.41607593952708566,0.3355220032606967,0.5466478386797311,0.44362700437401603,0.18276386965823566,0.16802046724633524,0.007823568664450775,-0.009378961421662169,-0.07565931540884385,-0.23423312384976036,-0.35592098061237376,-0.31581755743324713,-0.30492791381708706,-0.3684458592070534,-0.4119245194031782,-0.5122711927357582,-0.5608925461273842,-0.5009369794842371,-0.46224780379846386,-0.2750067898571551,-0.03264905985569122,0.12624966193959786,0.234448950332526,0.4167067222494758,0.5350106557455963,0.7719323283539534,0.969669734247594,1.1607115842851758,EMSC-20111004_0000009,CVD1,8.0
153,-0.27449231773944716,0.48646306088051183,0.8195402169094361,0.6590460789755719,0.5905107119407731,0.4892285572096293,0.4638541440211288,0.4634540606094282,0.8065129965894702,0.7663065621296337,0.8108733355777149,0.5133634909743741,0.30611380921155895,0.5029271990043087,0.749010659871459,1.0697854274388758,1.10862630429369,0.7410952242068527,0.636817953637526,0.6600048573775714,0.6653655275079924,0.6096515286514741,0.49344157629205654,0.4626320028359059,0.4194952750043006,0.3573084812927281,0.2688338299762698,0.329507680976473,0.414893371029077,0.6072297117586327,0.7641136898408529,0.947650100699688,1.144589387939524,1.2592472681934108,1.4237187655137262,1.6167916079788043,1.7335655136650505,EMSC-20111004_0000009,GHRR,8.0
154,-0.8621344838467877,0.820192963871361,1.2134163059685026,1.8846508915583513,1.8385504883889094,1.8030745126696877,1.894602591981056,2.040485814232735,2.0599581862911203,2.474471178364697,1.850090763492843,1.4459149899993182,1.4230953781412312,1.3047337886114265,1.2510957386602817,1.1214259751291005,1.099988040292665,0.9559627343610826,0.7213288631435812,0.6661489756688308,0.5724527465124236,0.4829053371963825,0.37876637438621064,0.4504100098235275,0.4132354719535005,0.4082295389506241,0.44604564479852193,0.5020681005835144,0.711285861547946,0.9671109640418809,1.157432216497515,1.344617482840146,1.550969337325709,1.6780288883341505,1.8996361226707137,2.095993316944332,2.246727156735334,EMSC-20111004_0000009,HUMR,8.0
155,0.2199749676503009,0.3548077528799478,0.750613251274828,1.032919467713353,0.9855186903918227,0.9403855693611742,1.015118546144473,0.9087053510400249,1.2292122789576707,1.3835606156092677,1.102673852759879,0.5328997351645555,0.1890199797487897,0.26066155693617166,0.45014946840844505,0.5375335112885118,0.497071939591315,0.5276446475431067,0.5932248990407647,0.4683842782135059,0.4150655218802557,0.30457794744528144,0.17170606463301574,0.013868804293387882,-0.008299517400399026,0.033234184375737996,0.10704590185219409,0.10635701507517403,0.3630725617554944,0.6089511750216747,0.7539485132865185,0.8987355988546568,1.0764317838443649,1.1706010013050214,1.362024651595405,1.5273441195696105,1.6496701642613623,EMSC-20111004_0000009,IAS,8.0
156,0.12829028463572278,0.1440712993043629,0.43237748198182935,0.4523311896227744,0.38709338023685724,0.4719954032153373,0.43771997616864144,0.6742237432473752,0.28234932331033846,0.6128546027363138,0.6486696543180539,1.0165286904121542,0.8580755492291923,0.5062200289242957,0.39251431924022917,0.3188745302555036,0.2866190447237775,0.3037647532984167,0.3106376516807625,0.21293747377619,0.24779085881861196,0.1309305305090911,0.06577107689299488,-0.05788050303185077,-0.08397295736818666,-0.10230735798254376,-0.14764488789224295,-0.02959442562827519,-0.006225636181060423,0.1409212525397976,0.3563511536558224,0.5501182929222033,0.7331044049885982,0.8531556153444537,1.055221159563425,1.2180528015634327,1.3310911087387787,EMSC-20111004_0000009,ISR,8.0
157,-0.17051403007685773,0.38866962990070775,0.7323075454260586,1.383614068006632,1.3635322918660142,1.4425427365465486,1.6147568870631703,2.391592766664754,1.7350490384812183,1.2866670171490968,0.4655047665577179,0.34715945710557783,-0.008294270311560048,0.11943433578156704,0.043609898274631576,0.24650758355052904,0.20797857806217657,0.31483828599278496,0.3363708349429997,0.2985583975285433,0.3077701558255672,0.24420937210322702,0.16624970592952337,0.14336677565286848,0.15711819576295838,0.20665263075049722,0.22754739764318366,0.25981969377949277,0.345145965986525,0.5382539953785646,0.6607001405767754,0.8056829977004778,0.9830734755184025,1.0789341643649397,1.188742019280058,1.3268215955780605,1.496407453479291,EMSC-20111004_0000009,LEOM,4.0
158,0.17687442995659586,-0.5880729442572594,-0.2585713818490607,0.5019988031564209,0.4277885151105263,0.2959148506044613,0.41235781446505637,0.36814728276777586,0.40918225332962077,0.8164103461425585,0.985169263773563,0.902537163038021,0.555657180942914,0.13885657169704846,0.00011527434734937003,0.09665952268265254,-0.11890215940724058,-0.47697326455572053,-0.6180164557531294,-0.716049746905723,-0.6479009454517302,-0.7480339198648398,-0.855190583953636,-1.0541971676789164,-1.122426529359494,-1.0302395129715496,-0.9603320121327972,-1.0085362970754908,-0.8383513157261877,-0.5311642695262471,-0.3167673655248411,-0.1485765929588485,0.06477182051217945,0.17803695575698342,0.4511811524243896,0.6104996501529563,0.7296176613533358,EMSC-20111004_0000009,LOT,8.0
159,-0.18727219192379208,-0.1869026550559436,0.05373618330167318,-0.7146711525626426,-0.8059159254477919,-0.9829831256141954,-1.0531377864031732,-1.200818062521229,-1.1927648132915314,-0.3906554067784116,-0.14164659747678865,-0.6389834314019707,-0.4756950085932363,-0.30460963920769224,-0.1579122539183766,0.07959899929236336,0.177263020824995,-0.0636158020774582,-0.16470885951523595,-0.2187702033992247,-0.3723976630575754,-0.6370778911273405,-0.569864971538137,-0.26618418767256724,-0.08918680848712768,-0.1078921044491814,0.03007283461721144,0.04893921681246738,-0.04541308664254906,0.055634251920988476,0.10310791816212728,0.1932518335206197,0.2969127979785888,0.32623834437947075,0.4865891914484308,0.5904357584862314,0.6687720250354143,EMSC-20111004_0000009,MLR,10.0
160,-0.2048067229356043,-0.05664127128873364,0.4073446391577207,0.5590916590459871,0.5558188448874954,0.6405800185854549,0.7508892938005483,1.027586781654752,0.6045765286779066,0.26668646341664815,0.6256499676104132,0.7696780199943984,0.4990416221064571,0.5088848102833481,0.6870864050245302,0.6066031058459105,0.3888387776942661,0.0480382274016149,-0.2368704955433154,-0.3203442579107847,-0.3194267318334516,-0.36850670795700413,-0.4634048487357463,-0.4933378182340862,-0.5551201410316287,-0.5102860065993138,-0.3977172970589189,-0.30508816571362374,-0.021893790217927034,0.2824658490569867,0.5077320301173671,0.7068936306831226,0.8977571210767525,1.0145934045185356,1.2156402261342514,1.424570028839712,1.5368272494077146,EMSC-20111004_0000009,PETR,4.0
161,0.1357040726064529,-0.9216377355210694,-0.5994428690271576,-0.7669433765083022,-0.8444430851048352,-0.991955066403782,-1.0454441680800555,-1.0446049168334284,-1.0423580970293234,-0.7152848438116379,-0.5266354858626592,-0.4680849606751778,-0.25662317453545924,0.0665994063267652,-0.03275973327627746,-0.19945373641754305,-0.33687551240451175,-0.3586454430681716,-0.759845214170821,-0.921935657435224,-0.9787702642966138,-1.1115748325474764,-1.235069790669793,-1.325348983820665,-1.3449379646804207,-1.3567942778658209,-1.2384725233301515,-1.1948245573486371,-0.9719784786635284,-0.7801445859974176,-0.5619753450178653,-0.4411600894206149,-0.23188818955264345,-0.11050105582487468,0.10483796987381666,0.31151553196569814,0.43318241348419306,EMSC-20111004_0000009,PLOR,8.0
162,0.22285147021000107,-0.7610527025480911,-0.4090431666196679,-0.5033737789440851,-0.5854800236834148,-0.7389587975729395,-0.8032032788978682,-0.8525643026885579,-0.8878777788270433,-0.7027428899649397,-0.28437103220182536,-0.06205073462350885,-0.42148360410113295,0.07943365962039817,-0.07791477248353207,0.14598758825156377,-0.17660733756527058,-0.39748910187906894,-0.6112383499648972,-0.7907189229680487,-0.8219136399367164,-0.9658762482973744,-1.0566000091153738,-1.1363911115649454,-1.0541678227963978,-1.0467229621333782,-1.08568854291486,-1.0426980431232522,-0.8423419110863826,-0.6039348355042282,-0.40576305515634203,-0.21521892075557325,-0.011191098446962755,0.07968700750416602,0.3102755061765503,0.48944082826575297,0.5895407836163642,EMSC-20111004_0000009,PLOR1,8.0
163,0.13260407260645302,-0.9359026040784233,-0.61244381399435,-0.7752069104110273,-0.8521227477014506,-0.998403818250071,-1.0513079882646537,-1.0496741930650133,-1.048263939007871,-0.7230460598703763,-0.5365751033949904,-0.4791401323558695,-0.2689108142755421,0.053335168496797536,-0.046833755349775075,-0.2139699643757531,-0.3517873070059201,-0.3744196505659598,-0.7762558214823159,-0.9386310967734772,-0.9954510816756805,-1.1282289647978816,-1.2517000522591948,-1.3416629351291194,-1.3609844794569481,-1.3725085433200697,-1.253798878133618,-1.209803914250685,-0.9863454031815557,-0.7935179472707681,-0.5748589094385714,-0.4536193725088644,-0.2440223212550734,-0.1223443297014235,0.09359083394407364,0.3007900352275179,0.42279737556566666,EMSC-20111004_0000009,PLOR4,8.0
164,-1.122720481120223,0.358385554537076,0.7905650264845274,1.5932081387476638,1.5430099848662522,1.543142725912512,1.5223171394841488,1.9635511786232431,2.0896652575205126,1.7989488519051715,1.24013028758154,1.4089317506101389,1.231422842893907,1.1510940803653407,1.0386093883061616,0.9540187123451318,0.8181441071320474,0.4903874831980133,0.3656346774263941,0.26826038076331926,0.16407363992524804,-0.03906659735641593,-0.13761106998962536,-0.2107996344658627,-0.2495609319410752,-0.18831526835474133,-0.0926204990405175,-0.026450994261905336,0.18514236209124135,0.5123212505601042,0.7719525496914628,0.9845681970039752,1.1856798061362568,1.311779453951761,1.5444479465489334,1.7548464678178544,1.8919355063275844,EMSC-20111004_0000009,SULR,8.0
165,-0.01215581471447491,0.45572933329995813,0.748259468290625,1.0621160936884202,0.9967354067287806,0.9028059198288556,0.8475827962839615,0.938418841210737,0.7685083830220867,0.5248655432641334,0.7360968946826727,1.0198958667547213,1.5008463369247345,1.3445405019854348,1.0905230773398156,0.9268000770241915,0.7634096703627815,0.5184958527045458,0.3688065970448289,0.3151656868384176,0.2762953093194671,0.2707362941522069,0.1565348258024457,0.2231470814435763,0.18899385674829094,0.17572799683109608,0.15306585460822042,0.130031344660976,0.24342364225996427,0.46164329614187416,0.6663540495829139,0.8948437944921963,1.0901579117256315,1.2143645571306205,1.409417305118355,1.5838271882614876,1.713078306767855,EMSC-20111004_0000009,TLB,8.0
166,-1.2020567181890467,-1.308717754951994,-0.9347696510387422,-0.8210488206340134,-0.8866533746193443,-1.008188374710473,-1.0510999967286416,-1.1588570058179224,-0.8629795147068267,-0.5332294704411522,-0.32019807519942933,-0.28221748257386725,-0.5197484176173601,-0.8213775879563361,-1.0596196871156147,-0.9045066081741782,-1.2735462422846435,-1.0007115615243656,-1.0741828037786467,-1.2059732266605154,-1.3337146524396095,-1.5580083043986814,-1.7177683478146903,-1.440054146004715,-1.5639271059890918,-1.6554337718874983,-1.6136702885525978,-1.565280341585538,-1.4791358852774454,-1.1982810867990725,-0.980752147121521,-0.7652825898410676,-0.5869382471593578,-0.46044799527421354,-0.2821586580761437,-0.12085831551512172,-0.02641171188233926,EMSC-20111004_0000009,VOIR,8.0
167,-0.007328928748282948,-0.5894184182009186,-0.2893898853189807,-0.22830646687854994,-0.30909937342006266,-0.4578010966792547,-0.15696606385555256,0.052712977490928736,-0.4944989102450643,-0.3533630645923216,-0.06644415141993765,0.4476235057311957,0.3432043729167482,0.15823035209553638,-0.06371275927770093,-0.2917314435025533,-0.5047654248252975,-0.5747286575932788,-0.6818637017761713,-0.8064737259601422,-0.8148652100072411,-0.8295396741464538,-0.9557079159655055,-0.9400516862359769,-1.181226397644843,-1.0024541559657383,-0.8223169454094146,-0.7566699375439381,-0.5116275045683025,-0.4441721823774767,-0.2510140722111647,-0.10938727154492334,0.07725607276857716,0.1801839067286135,0.3586010981342671,0.48277258606341,0.5862761727652277,EMSC-20111004_0000009,VRI,8.0
168,0.48228292167433384,-1.5723994272827024,-1.0341043412450723,0.09450853159550388,0.1741050288573085,0.8493993218824167,0.628421969833151,0.6451851379352318,0.6610068654575265,0.37615846577056367,-0.24798957123673482,-0.7834259533735004,-1.2303981082326185,-1.3427175951055625,-1.5564857857764638,-1.7415270264279146,-1.957421694496853,-2.34823149791268,-2.3368088536765077,-2.3709383020429193,-2.435546500208903,-2.369754113719023,-2.3727011686577155,-2.2147786944842434,-2.097186138976424,-1.9521184343189262,-1.8247383581393333,-1.735708956605464,-1.4903249795602225,-1.1223715233443539,-0.9680907070088249,-0.7888769664615882,-0.5661905525826416,-0.4690294433906903,-0.1843564121704695,-0.02002939136028381,0.14850704666165626,EMSC-20120110_0000049,TIRR,8.0
169,-0.17223041891787494,-2.161147565802657,-1.6428366217807309,-0.7233806394524525,-0.7619196500511078,-0.8370437383242422,-0.8420373347540719,-0.8185294277629058,-0.591836563121781,-0.25127172665358355,-1.1058383549750106,-1.2098912920394609,-1.6290770494028193,-1.7617154718129848,-1.7003609444107068,-1.6960720695322786,-1.6947977250222905,-2.248666151697366,-2.4409393513157003,-2.534665301430141,-2.6259584762888117,-2.724642997942368,-2.9219286758060443,-2.929224403356753,-2.7005554408343295,-2.626905662939299,-2.6958073384828083,-2.439560869293528,-2.10480534681283,-1.821604743546672,-1.6237015563896477,-1.451465631858083,-1.2743845315734053,-1.0624362429172791,-0.8192282349983468,-0.6273715445760377,-0.45756136777795575,EMSC-20120110_0000049,BAC,2.6667
170,-1.623506866495547,-0.7220098420886156,-0.21642593244164487,0.6001197512405989,0.5801532492978163,0.6423877172392922,0.7196927145162553,1.2773332705905407,0.8621697368885206,0.7519516977858913,0.3239326619078433,0.24273468718215607,0.024885502394158543,0.13175748899741446,-0.12834110542919142,-0.3604395102982956,-0.4963173966761856,-0.8534716975265857,-1.0937170666415463,-1.2063139700676198,-1.254958329954948,-1.2487151886841978,-1.2791985587374288,-1.3541060135944392,-1.412848486500411,-1.340896981976071,-1.2150565470882526,-1.0884207534406158,-0.7433395650731356,-0.398126174342579,-0.15693899512489118,0.08218741271013386,0.2708765057326499,0.4132826244065839,0.6571130949631225,0.8483525805436329,0.9812538423700836,EMSC-20120110_0000049,CNCR,2.2857
171,-0.21538798321575348,-0.6551831788617637,-0.16452550904362795,0.5034015934766325,0.46025325990593124,0.3812143900788296,0.36882039792850563,0.5224685876196471,0.8935605587897566,1.2119322380173347,0.78580695113149,0.5641465216675448,0.09496545114409471,-0.1291074672965653,-0.35561254593250435,-0.4943621372915077,-0.6440559287121035,-0.5217630749516289,-0.8987177413944609,-1.0752972316425842,-1.0535791207798244,-0.9849525823915348,-1.0212528822452382,-1.0021377063714416,-1.1130801954629224,-1.2185084711342462,-1.1088203361934958,-1.083517645139521,-0.7511682522880871,-0.40919811893216185,-0.1636541950230388,0.034580496595321364,0.3017177403018554,0.44726450586741606,0.7055954884677558,0.968738673933121,1.1092187713712587,EMSC-20120110_0000049,GHRR,4.0
172,-0.036097720088230645,-1.7740717682943554,-1.2672541616748525,-0.6298204772110019,-0.6685880609632759,-0.6771522597718844,-0.6207878632260613,-0.4053105340104688,-0.5830704444466956,-0.22146374736339602,-0.7210440325585745,-0.3628170221364524,-0.69577189625989,-1.0026621351355107,-1.2163545606120634,-1.305708616011131,-1.5154293323571535,-1.9542628580339398,-2.042248972752672,-2.116706320947938,-2.1718637412072592,-2.321386725826077,-2.4694330512143825,-2.470134063413763,-2.3696004873249237,-2.279436267243044,-2.1778275257351147,-2.081899140022495,-1.8130712290095605,-1.4480559813375713,-1.1820006632001885,-0.9988021665518563,-0.7572304037792446,-0.6244526361038076,-0.3738236331225071,-0.1868989142927333,-0.06684156412158337,EMSC-20120110_0000049,HUMR,3.2
173,0.4718680694752204,-0.7889183093273129,-0.3045811132252272,0.29659681694082174,0.23915733958872476,0.15070565806279745,0.22692481305127998,0.2795235948166548,0.2365785784353962,0.8833019760432324,0.17447724354995753,-0.10137756396501363,-0.44649464590079635,-0.5647783433090732,-0.37815302682395124,-0.42173367217738367,-0.5202703790599417,-0.7487013616031373,-0.8374840368100056,-0.8871982629103234,-0.9564184117932779,-0.9152334033854412,-1.0032966385745166,-1.2493512943091893,-1.3039427220840398,-1.2891278307086278,-1.239652498617735,-1.0536017630318586,-0.8664041075618041,-0.5805796794257461,-0.2852344142236163,-0.09056464451068713,0.12219281086187728,0.26629959844208706,0.4940586977539585,0.7264076303757836,0.8270727380826681,EMSC-20120110_0000049,IAS,4.0
174,-0.055151944994801916,-0.6258207096169883,-0.24782797680653523,0.12871887188123754,0.059573652557430634,-0.05674369198499196,-0.0790400286557249,-0.22402838781816303,-0.05318558492957859,0.5483448103709287,0.5421717286169478,0.7162635776421364,0.656026376151079,-0.04886870453302983,-0.3886509771305082,-0.7287694427652776,-0.5488727589450342,-0.7300642709791889,-0.6524105657492933,-0.5489149746001711,-0.6226641349615285,-0.5146290531755326,-0.5441785008913325,-0.6838518202927322,-1.1147556508967753,-1.2245877167132573,-1.0288823643108085,-0.9985352936604954,-0.8721644884850583,-0.580904485994159,-0.3305434522373254,-0.07122738578931198,0.16447222396637606,0.33193442471522516,0.6108732636968792,0.8242266271268921,0.9578427605323618,EMSC-20120110_0000049,ICOR,4.0
175,0.042361333169619986,-0.1325474355371714,0.39208251309831965,1.5392313701403681,1.531334321392177,1.5439234685762244,1.744388221743348,2.0746916924536594,1.999007267316494,1.2296988866531935,0.6925241398643252,0.6252888059521275,0.6053489356166137,0.3262026899678876,0.23625922817427103,0.2119755245028383,0.07724744178129583,-0.21249952526817228,-0.5297621165305726,-0.5171043218349336,-0.509113902775578,-0.629677720830597,-0.7477135154126122,-0.8036583459827202,-0.7590891432219067,-0.6567149532122727,-0.6086021689308634,-0.46639188279813126,-0.19976196309774785,0.11014847998684552,0.27648759675395773,0.627513991805225,0.9101433342175724,0.9355118436734671,1.2808777008234493,1.5450633727425291,1.5855209251585762,EMSC-20120110_0000049,LEOM,8.0
176,0.6054255886250499,-3.3340638129758577,-2.9922257687586136,-2.4035135661815215,-2.418013942560978,-2.0556615511306635,-1.8712190854417896,-2.0948265114404903,-2.405205877886811,-2.1931477601883316,-1.8369601596516123,-2.1928816173080605,-2.516591389202299,-2.972521725146912,-3.3190378545821497,-3.339027538948626,-3.481754936823317,-3.33405049258565,-3.453190535049237,-3.563921227167053,-3.528710945883528,-3.4717813154411274,-3.5707963671563476,-3.6948572954121275,-3.682015396211307,-3.6897905710235843,-3.6856068819125802,-3.6277439855971974,-3.5330591155736304,-3.1911614623293385,-3.1109894398194715,-2.88265654390049,-2.651044212871154,-2.5579684289498115,-2.3018852500550633,-2.076003215970891,-1.9108766106708348,EMSC-20120110_0000049,LOT,2.2857
177,-0.18972196805045538,-2.212704027515981,-1.8534333915025574,-2.482895481273024,-2.5744160608304796,-2.7539190364806077,-2.830220219819119,-2.8483924210723828,-2.716718249301234,-2.1085146076936443,-1.901655926494965,-2.07924390839006,-1.9715384333444437,-2.23935243569853,-2.4168269138516925,-2.2978699802749087,-2.229234367148625,-2.447708821370176,-2.6484825039236544,-2.6895909256305623,-2.77900594087481,-2.7936306414275656,-2.669524425590348,-2.4212936407236665,-2.1554627608310035,-2.1312658587092237,-2.094613205118149,-2.1389896122022662,-2.001618771332467,-1.8017961127323243,-1.6732064259708412,-1.5419297891212143,-1.3910398906147776,-1.3832378334936912,-1.2184181068952267,-0.9426066408006335,-1.0624200212215396,EMSC-20120110_0000049,MLR,8.0
178,0.10795200724166643,-2.349612969292677,-1.8200947477579348,-0.8049165374962532,-0.8005031228977053,-0.5928355879729708,-0.35635147466083783,-0.10435211426626001,-0.3342643154895333,-0.3983147673936047,-0.8477237658619972,-1.1739237991367073,-1.3035800940339666,-1.6779943564690374,-2.091602315408662,-2.3368049297895883,-2.6989092513996127,-2.8900047720734614,-2.712334702205065,-2.7742901830480955,-2.8276988047768308,-2.8900906422846013,-2.989362916159971,-2.975861080441404,-3.0663487081668768,-2.9719437919870577,-2.7536270793591626,-2.7019430235506103,-2.4092376888958444,-2.005334068919595,-1.808896409041406,-1.5221571186609086,-1.379063915186748,-1.1759442982269892,-0.8743082032959855,-0.6564226196895913,-0.5117920244118608,EMSC-20120110_0000049,PETR,2.2857
179,-0.009529546042751136,-2.10543657156712,-1.7118496707710449,-1.5479302902423404,-1.6165167399562081,-1.7447078557162783,-1.7977547591944107,-1.7911542232863429,-1.4250046817880033,-0.8697047099122122,-1.2472116595301896,-1.4159367866570047,-1.1242136258036712,-1.1786046931897216,-1.3422288305610843,-1.2477711560029823,-1.2452198146928541,-1.7551776963268688,-2.009505852468622,-2.064803913307699,-2.1506312300539374,-2.355811312597763,-2.5827444118136578,-2.671015455884156,-2.5822848194337897,-2.592479913859618,-2.4414194232126363,-2.339988622734877,-2.261487476865282,-1.9439251321580766,-1.6953162767241192,-1.470964083473401,-1.288933546441923,-1.1845470517237402,-0.966071218862675,-0.7850501215122883,-0.6380318060139079,EMSC-20120110_0000049,PLOR,3.2
180,-0.00016369574128116682,-1.9039480240352376,-1.511569718432316,-1.3076826176073402,-1.383052789122618,-1.5244534731552575,-1.5844851706750118,-1.5927146875784821,-1.4022754786676206,-1.026390428008292,-0.8533048691683982,-0.9657904777363093,-1.2185644433984075,-1.0946646681631345,-1.1811098838393832,-1.0871128729331891,-1.1994025247331868,-1.509925924239103,-1.9668302384867742,-2.067694168272201,-2.1813957302512517,-2.2581740336315272,-2.3984015142826163,-2.2698171260645,-2.4215794992837054,-2.2856509864281627,-2.2471553203304087,-2.182208672376696,-1.9935184427477015,-1.6592616467490657,-1.4467002708035501,-1.328434947338776,-1.125967126041811,-0.99034314692687,-0.7600264814508204,-0.5286059400171208,-0.34853264783514604,EMSC-20120110_0000049,PLOR1,8.0
181,-0.01301822260397012,-2.108525090320315,-1.7015101228463916,-1.5563914256935751,-1.6244053924645288,-1.7513853796329437,-1.8041334917458114,-1.7972133599690183,-1.4317867704331864,-0.8779814583013055,-1.2574465332549005,-1.427097228019516,-1.1365766005338944,-1.191832795781381,-1.3563260199194502,-1.262236352979774,-1.2601267758529247,-1.770841943692143,-2.0255420190545284,-2.081030390138727,-2.167035845117816,-2.371762981178944,-2.598777325466119,-2.682999663115451,-2.5924641575312988,-2.6015750913370077,-2.4470984478101343,-2.3393766676051886,-2.25419120432813,-1.9209736525324423,-1.6785061493141722,-1.4224303364857551,-1.2525523176505633,-1.1604583163742248,-0.9588404579961853,-0.6980759510487626,-0.6092355388696404,EMSC-20120110_0000049,PLOR4,8.0
182,-0.05398568408215443,-1.261672293133346,-0.7625466894121082,0.08131875910048336,0.09694030387862451,0.92910067118334,0.3073319171708899,1.0169673614963175,0.48954878982472394,-0.3895708012680492,-0.5816418735778592,-0.9727479680154918,-0.8135945126233262,-0.7722781002417305,-0.7319846324629014,-0.9513950010092085,-1.1422310135525837,-1.4132471084715652,-1.6244766576483318,-1.6503969498684015,-1.6736379041152087,-1.7218917150033413,-1.778440288092333,-1.7266284968172299,-1.7315449108427412,-1.7758911883126913,-1.6568969236340134,-1.5431004733242464,-1.3233772452880714,-1.0002168809713865,-0.7839138429536607,-0.519636312559383,-0.29944445814127185,-0.16583083938375687,0.025038964030621003,0.1822211954139341,0.26778599568032746,EMSC-20120110_0000049,SULR,4.0
183,-0.16036475323922073,-2.4629249331818084,-2.0016291394874255,-1.5965610086945548,-1.6628331190620136,-1.7722688388835577,-1.7582369348584788,-1.6457825740713217,-1.7553346651283475,-1.4657142858756886,-1.209414745985975,-1.5786217444737547,-1.5554845459452329,-1.757951259192252,-2.093719490885757,-2.5502969189149427,-2.7005899699667815,-3.0816991892681447,-3.283505129587689,-3.280856184830058,-3.230956503272435,-3.0356612925880606,-3.0068622251126698,-2.9768707132669787,-2.9480392760400864,-2.8334316364582364,-2.6958805026924004,-2.593164544819741,-2.359433763630955,-2.1104344086411864,-1.8410930893108297,-1.61082600327717,-1.430966204142063,-1.359658917978976,-1.1727539191779073,-0.9599725023943524,-0.8892674107454788,EMSC-20120110_0000049,TESR,3.2
184,-0.04320716685869641,-4.199781883830035,-3.7790195979186514,-3.259277739822169,-3.299276654893558,-3.335692535770579,-3.2021088891205247,-3.0410056000890133,-2.809279231298353,-2.7745113429908113,-3.2883790236643007,-3.6377838398437943,-3.5920134160124695,-4.032078827583829,-4.1444967223227565,-4.2352660423904975,-4.2282985041965855,-4.239606034378834,-4.345551485530387,-4.454283084199127,-4.5555489549177395,-4.629019082374222,-4.756018426405335,-4.480373077148298,-4.535486695814012,-4.603099314125899,-4.564465633384531,-4.47328101512352,-4.3136908687440325,-3.75715338939297,-3.7264879032828215,-3.6170463359017564,-3.5244136621014253,-3.336701445947787,-3.0798188052459246,-2.9272719778463667,-2.862077346474008,EMSC-20120110_0000049,VOIR,3.2
185,-0.18611820954912472,-1.5525896744915864,-1.0850669763178011,-0.8608023374136895,-0.929506512760339,-1.0574589613839125,-1.0577540813866282,-1.1508754888608186,-0.837860207860639,-0.4790209171073716,-0.3933383558617374,-0.24467881064671193,-0.6339269840491522,-0.5410194789001226,-0.5916435832212352,-0.8087782127624585,-1.2296631584610767,-1.374612302330255,-1.5299148179576258,-1.654285019192713,-1.7891745612153445,-1.9133537607968805,-2.0367629292935616,-2.017080534138013,-1.9977184441895393,-2.0184985211468103,-1.9629584461870735,-1.9338426865546587,-1.6827222991806252,-1.3453531550823943,-1.0251255774553414,-0.8008457167575376,-0.5794102951598088,-0.4411842323755266,-0.21469207664991075,-0.009279087023301713,0.12896607368606006,EMSC-20120110_0000049,VRI,3.2
186,0.34720151889485784,-0.7908030852886228,-0.3126844919734779,1.1736978567503593,1.353845513251554,1.4287258110612422,1.568890963628931,1.0452699833592627,1.2616030186458405,1.1879649800814303,0.67511303319165,0.4036589136599886,0.33256986457744464,-0.09049817188001796,-0.4669392852331944,-0.7436788827151553,-1.1463023946917348,-1.2526791840622957,-1.3637854706856123,-1.3365250161823186,-1.3359811349040562,-1.5221043816577149,-1.4550024557184278,-1.5676522203436267,-1.4953384369590008,-1.4001225763577754,-1.2914164028109951,-1.1803077308202,-0.8827067402765589,-0.5704747024800785,-0.3729088670679346,-0.1400709685224264,0.08006481510130214,0.23884878003389964,0.5608316438122092,0.8262576555561196,0.9811996330834969,EMSC-20120706_0000080,TIRR,8.0
187,0.5583637594849984,-0.9574776887362688,-0.6035779640097569,-0.8143057001490392,-0.8531897328174312,-0.7972597794869607,-0.6457792629205619,-0.6437257514893826,-0.9603577922407842,-0.6591343891856436,-1.0490590894261604,-0.6279308595439792,-0.6831555859370448,-0.5120971028460266,-0.6938674945798446,-0.8291108707820785,-0.754638711436983,-0.7110808236443713,-0.8593271567677832,-0.8692941458578796,-0.9263649482795824,-1.0172906709900147,-1.1925334194371011,-1.216299902839352,-1.1253771925169733,-1.139591607307091,-1.203856704538886,-1.2523810999017098,-0.9427928423335175,-0.7384711625169764,-0.5448908462647015,-0.31710068836789596,-0.17223719155127704,-0.137007299001219,0.005727563733840313,0.18459973861002688,0.25099499791872937,EMSC-20120706_0000080,BUC1,2.6667
188,-0.33914655071557887,-1.0631178761679765,-0.4977880561585284,0.5492537955851153,0.5446678410551247,0.6079257600061476,0.9521641157863749,1.4504594755234104,0.7359347648997074,0.8713364809779929,1.0120759429963568,0.46506372607862634,-0.1601905871025151,-0.6435199935686287,-0.5014576470766858,-0.67329151276481,-0.8356414976446702,-1.165031826578077,-1.5020000937150835,-1.5952483996939089,-1.6998443279949749,-1.893588812905179,-1.8595282923316807,-1.7259767045299945,-1.6532261874614242,-1.5539271161436918,-1.4707246865171584,-1.3654214916804577,-1.0629754228066712,-0.788150413939686,-0.5294072976779205,-0.25772642474248464,-0.01587891982406653,0.15745160861548335,0.4213722174535164,0.638243640451055,0.7871329414074193,EMSC-20120706_0000080,CFR,3.2
189,-0.004532885447554147,-1.1994024373465404,-0.7010970547452811,0.0637457934843022,0.040387739906791786,0.08748495894334418,0.12464208939461319,0.41502837168559736,0.7072722453367044,0.30584411082442475,-0.09733349138048641,-0.23959479497910063,-0.8232861956219031,-1.14809250856496,-1.2441130852950248,-1.2814828529756541,-1.2183281124426752,-1.3894095295985798,-1.481911346187493,-1.5203451149927707,-1.553761515449338,-1.6515495052060905,-1.6899267118338956,-1.6727629330220726,-1.6841223511495809,-1.6885964404406995,-1.5712586311201768,-1.4237646801002768,-1.1500869996177236,-0.8692979238417102,-0.6600169058798357,-0.4500873841351698,-0.23675976704702073,-0.19159410752100037,0.017298976159331403,0.17951691702691974,0.3150733462128663,EMSC-20120706_0000080,CNCR,2.6667
190,-0.3043574855551565,-0.41238423973466354,-0.05199239231606434,0.4545037866589636,0.39413911660735756,0.2780308609901967,0.23693802600242808,0.17997027763255247,0.29932827405752693,0.8743023739161133,0.7070276238514719,0.4649301420310721,0.6280643574994391,0.29409550249397665,-0.08501205157329572,-0.1524668706203709,-0.257644038575517,-0.6564821300042727,-0.8777767055266965,-0.9376555819627796,-0.8643805173071399,-0.7331865200495233,-0.7312559946985466,-0.768681316603792,-0.6830039176310319,-0.6564519484602354,-0.6487734695174954,-0.6805138205547969,-0.5875031465032965,-0.32676097875325283,-0.0773212850187015,0.14045139778045623,0.35706415772083133,0.4936156226479351,0.7267896821736279,0.9323889245347683,1.0794048315044797,EMSC-20120706_0000080,GHRR,4.0
191,-0.2823262981173613,-1.2782038574925068,-0.8493576844524124,-0.015859625308567438,-0.0069492703167970404,0.19009780653258446,0.48212182171991014,0.32730115312960084,0.3208906582150428,0.16438895973853462,-0.6827233589013684,-0.6059722339058231,-0.9716517586030484,-1.020258137264527,-0.9168902661782266,-1.0342356482384165,-0.9933413632846646,-1.1569662973318762,-1.2906158076178693,-1.421287972197855,-1.4764692366844834,-1.6406866899146806,-1.7699840156880526,-1.848599622782264,-1.8031275928841772,-1.7331193491415569,-1.6353100061976953,-1.5427165849542828,-1.3228362003743346,-1.0858431523347374,-0.9075340813666681,-0.7008335483638408,-0.5232476660624243,-0.4020441276996731,-0.18784393661533016,0.00028237090011629107,0.12345072537396184,EMSC-20120706_0000080,HUMR,2.6667
192,-0.41573164211966196,0.7596382700583959,1.1871811091218483,2.164711575338738,2.1249476783857055,2.179631584166585,2.4367365362538944,2.0957241683389345,2.4060387689087435,2.5452429675849295,1.8633158526129412,1.3820066996075555,1.5054562146191213,1.5741052644627471,1.3846264276139522,1.1844381168325828,1.0485110969182498,0.6893457573102948,0.4676228733600647,0.419954573677523,0.36640638883001486,0.30732930484022525,0.25271170706648416,0.2400637839332509,0.24231188424689876,0.2634079214583842,0.3134555822320806,0.35881384482912004,0.6143154989637054,0.9203304521507611,1.153324532813075,1.3793753210497535,1.5792099382505445,1.7133519292012647,1.939785613829148,2.1242489657821952,2.2547537089218572,EMSC-20120706_0000080,IAS,8.0
193,0.4677632229769011,-0.43189129662924586,-0.09791136487447005,0.820479939491042,0.762421527144733,0.691042066292785,0.7789929699318359,1.0802650893243326,1.1480062140508265,1.3918748817815336,1.073206954620609,0.9432561972226186,0.8501857827320256,0.43254345710193576,0.048073202320471076,-0.11535662390458157,-0.058663301342691376,-0.17952907346079439,-0.31942638801449963,-0.3784698942978304,-0.2825303385248574,-0.25843253434386515,-0.6246805289542241,-0.7897098259005357,-0.9935390243399649,-1.0116081622471587,-1.0794409215872918,-0.986803736752563,-0.7241512485298927,-0.4622115001079852,-0.20158337617284694,0.007266706001521683,0.22336867290275464,0.3342847935068516,0.5835351743386692,0.8185250719196429,0.9570657028534111,EMSC-20120706_0000080,ICOR,8.0
194,0.28569384656672714,-0.8959039123172543,-0.6474022575930878,-1.0592600250580855,-1.0353097681882586,-0.47574323797954143,-0.6361214399441257,-0.6780544243327631,-0.9525314786260033,-0.6759763760712891,-1.1236874057836959,-0.7228600235907194,-0.7046840068001146,-0.7706608541137152,-0.6202003259974562,-0.47416060183408604,-0.4446643527431595,-0.8249056800192545,-0.8936674006378755,-0.81445124519822,-0.9940867658081913,-1.0533294290926651,-0.9884272684002005,-0.9667114593972794,-1.0567538429919878,-0.9378971555177191,-0.9403769016129591,-1.0201570467733099,-0.8546223001246034,-0.6514905485728022,-0.536748116219762,-0.43919085894203924,-0.3038325963532049,-0.2635198319293526,-0.20354955268147634,-0.10398841210465726,-0.05618205402099363,EMSC-20120706_0000080,ISR,4.0
195,-0.3157934633876862,-0.162173212290746,0.39443740588527554,2.053919626878921,2.064350285837379,2.22507260565674,2.2727300150627103,2.665337007716377,2.5723532235298543,1.2417335778787502,0.7545285801212342,0.34962000942772864,0.475340108712083,0.13373912317909742,-0.24257414081159556,-0.29869316281664293,-0.241559256214801,-0.13152460627605933,-0.41458099453661923,-0.4824896637117764,-0.5376958543253831,-0.6641966686640108,-0.7671828494161543,-0.8244133288005546,-0.8993426425697493,-0.8484684832147593,-0.7384988392142038,-0.6040318223913097,-0.3224682451942318,0.03185012225666206,0.3012757193878528,0.5596719637215397,0.7894336758083114,0.9396869354507515,1.2105556737399752,1.4296467475756351,1.5754082560912064,EMSC-20120706_0000080,LEOM,2.2857
196,-0.44373538455317707,-1.1004192638754713,-0.5366699771598284,1.0166859141193418,1.0046363656988735,1.1675440946388296,1.4335321547937552,1.3383927375392055,1.8985944514945823,1.1394668552116913,-0.041043154084487554,-0.36294183382536893,-0.1901692947356759,-0.71290698991419,-1.188409562943912,-1.4867830302862926,-1.6939598825602227,-1.7580037919753249,-1.8464290003358022,-1.8990736435485962,-1.8554368575280664,-1.9611173506764574,-1.9016136701896054,-1.7637333734240492,-1.705009164634422,-1.5745567147655617,-1.5504630907487869,-1.4504519772033913,-1.1315283195367751,-0.8057348552667047,-0.5723838097817513,-0.2767984692015002,-0.07854049594056178,0.08522139152671038,0.3622868447410603,0.5381239342286825,0.6920099219259832,EMSC-20120706_0000080,MILM,8.0
197,-0.08449134808205949,-1.2223070765838902,-0.9883639423423531,-2.0048406785417248,-2.1029001778607395,-2.296483709081725,-2.3604168101273872,-2.563373056731213,-2.658697078834246,-2.154842592627211,-2.0764886451159956,-1.8247930008401108,-1.3048926217620913,-1.3290667087211148,-1.3022816471960734,-1.3395726912020205,-1.0531651156650748,-0.5813339255572254,-0.7909605416367906,-1.0450113905249694,-1.1214141021786572,-1.2637687855897966,-1.154951414546174,-1.2146892951747637,-1.303332998722917,-1.290943225499353,-1.3430907228552922,-1.3029145391160277,-1.0597727313941512,-0.997231795507302,-0.8991015063766099,-0.8444690327298137,-0.7059535606104195,-0.6357463865517765,-0.5249214188343405,-0.41194795076325263,-0.34073972777480854,EMSC-20120706_0000080,MLR,5.3333
198,-0.1899890923095544,-0.8122071997850071,-0.33054113325259493,0.489556432055692,0.4627660328008245,0.410432265036758,0.4561190963219328,0.7837054149189688,0.34380306321061305,0.6964951893369924,0.5804681980293767,0.1732586510071723,-0.35056451394594657,-0.3325863514594065,-0.3264565743570902,-0.34838593904487336,-0.5035601518455906,-0.9817950036679051,-1.152472150613015,-1.253909820381213,-1.2514973746250488,-1.266879700457193,-1.379979770155206,-1.390701534512102,-1.3928787852308409,-1.2497672789371244,-1.1280453371017405,-1.0409637884459455,-0.8359008474588148,-0.5517362829917936,-0.3336755588287783,-0.09992779885561553,0.11376041147387816,0.23077407385559567,0.4736792265191134,0.6989771849093973,0.8495224188665293,EMSC-20120706_0000080,PETR,2.6667
199,0.25904676433204576,-1.73105716580472,-1.3739037670191454,-1.675853822775223,-1.7537308286958444,-1.8981463070307063,-1.9677203855641148,-1.5511297043548486,-1.9399333702086077,-1.4552701078432788,-1.4307785475562804,-1.3818711414561342,-1.1216305296233022,-1.1009331444339843,-0.8445406323251845,-0.9927469477309705,-1.3374977688401684,-1.3931974909703264,-1.3962005070441386,-1.6109403588144708,-1.813463745985957,-2.062626640171361,-2.1237039976082697,-2.1792264014253915,-2.052274810997474,-2.0244279858922924,-1.9341932832660778,-1.8944299244468272,-1.7529301772770989,-1.5733730282040579,-1.4227008782893744,-1.1514188689506923,-0.972862458211841,-0.8454263600917873,-0.6822971692639239,-0.5226999588206258,-0.4098991888246015,EMSC-20120706_0000080,PLOR,4.0
200,0.32847223864211816,-1.7297125487811966,-1.3954021581314482,-1.704245432016977,-1.7880854564116335,-1.927232783181438,-1.9282677193580202,-1.5568888432987045,-1.6231631988981574,-1.304447807537052,-1.545359590156023,-1.0983965634404678,-1.303644480675116,-1.1252604755002515,-0.8886655955594698,-0.9122341309702442,-1.183075632310687,-1.4307695039856227,-1.504070992326425,-1.6040442122826963,-1.7445420704945347,-2.0562961472254617,-2.212042473521672,-2.085729350780391,-1.9220957200474373,-1.9033241245088135,-1.7819208321045092,-1.7813969412097155,-1.87919258809195,-1.5277841345901049,-1.403645176781568,-1.1944533648806406,-1.0212495126778016,-0.9607131056596216,-0.7579832380274141,-0.5896383130287717,-0.47115278387527937,EMSC-20120706_0000080,PLOR1,4.0
201,0.2559467643320459,-1.7453193433504683,-1.3869035365504327,-1.6841056023189216,-1.7613975919533233,-1.9045795680989004,-1.9735673986459679,-1.5561803391640217,-1.945819406614448,-1.4630118610387202,-1.440699877872909,-1.3929093136450055,-1.1339023420887013,-1.1141932011118714,-0.8586146543986821,-1.0072631756891806,-1.3524095634415767,-1.4089716984681147,-1.4126111143556335,-1.627635798152724,-1.8301445633650237,-2.0792807724217663,-2.1403342591976715,-2.195540352733846,-2.0683213257740016,-2.0401422513465413,-1.9495196380695443,-1.909409281348875,-1.7672971017951262,-1.5867463894774083,-1.4355844427100806,-1.1638781520389418,-0.984996589914271,-0.8572696339683361,-0.6935443051936669,-0.533425455558806,-0.42028422674312793,EMSC-20120706_0000080,PLOR4,4.0
202,-0.02380774879253611,-0.5911693291886353,-0.18784186487406096,0.060006878131911634,0.0720314465079035,0.49216366688469737,0.3620272854066089,0.5849284579579956,0.38634181682722435,-0.10908695142759584,-0.55651131049967,-0.12770105591955172,-0.00865736128994321,0.06617616483967748,0.08471364894669264,-0.1486647664012013,-0.25286013400373086,-0.4271530806207009,-0.5508944398070463,-0.6466794571990757,-0.7256210112700456,-0.8787025481329751,-0.999088895678768,-1.0710464168923224,-1.0672470892581662,-1.0439568981972673,-0.9688959559888932,-0.8667523280346465,-0.6331630739109873,-0.3432482979572864,-0.13787590547694428,0.048063171426237616,0.22676129264852385,0.32482691290281984,0.5121534659015854,0.6767922367983381,0.787608830323018,EMSC-20120706_0000080,SULR,2.6667
203,-1.0753743476831734,-1.152205551116797,-0.6870084109326857,-0.09484257735449297,-0.15012772652730177,-0.22088599274105647,-0.24464326841737005,-0.02396823571493023,-0.5141892348570973,-0.03718567842305642,0.30329920691326695,0.05974388496916472,-0.3170677449767778,-0.416977274368187,-0.7159210640442559,-0.8968479131975142,-1.0436092427410673,-1.3521972958388773,-1.5109573199771322,-1.5753499938960642,-1.5917000832982522,-1.639870655115768,-1.6419610854108306,-1.7198868220208254,-1.739331830084537,-1.6390998259625764,-1.5329151887561263,-1.4608407150674942,-1.1754471495564474,-0.8504029704460336,-0.6075589958478389,-0.39649219105744216,-0.19371802452085518,-0.07848424776527274,0.14601903256402693,0.3174967355142808,0.4365662902362182,EMSC-20120706_0000080,TESR,4.0
204,0.2527555119264422,-0.825030623543169,-0.45810676905292524,0.2310226952815242,0.18087392159349225,0.090471085185583,0.13782852905691279,0.42675672383548413,0.564276611653864,0.1461546624642578,0.5253710723486149,0.5950689508359899,0.03613754217869314,0.0051173154031127766,-0.3023805645616804,-0.437175506769683,-0.5729412832121978,-0.7853332300564366,-0.9493049905221156,-0.9751700090688802,-1.024833484228724,-1.0314036044196273,-1.189179328476306,-1.2664098952826937,-1.2957330480727371,-1.3181887861805386,-1.2687374781897454,-1.238026659457164,-0.9753423396677778,-0.6862601034568705,-0.5058146516588184,-0.29377021030150274,-0.10536609166033273,0.0340318852965531,0.25487808066618634,0.433136490448101,0.5527547497429826,EMSC-20120706_0000080,TLB,3.2
205,0.3593615036494331,-3.7813881428957483,-3.397173259351698,-3.233153115370304,-3.283758187020979,-3.326754366579701,-3.414683199262196,-3.3191302667357423,-3.1372206364545345,-3.0916182497566718,-3.1205346991489193,-3.113873237035752,-3.3782477397601722,-3.4678033743072234,-3.3286020723265652,-3.5378367399456847,-3.8804631253857993,-3.853881203043878,-4.001775053189153,-4.0636214161401325,-3.996142530305491,-4.080489406830415,-4.154923327471675,-4.003452222853737,-4.090180140554734,-4.0013143187066,-4.107453793525567,-3.90617880994885,-3.780911591841395,-3.547212614282003,-3.3704800436193967,-3.1537212001699597,-3.0177054800951666,-2.898793705207698,-2.748316713481044,-2.689952949083855,-2.5308025050537584,EMSC-20120706_0000080,VOIR,3.2
206,0.1288083204920465,-1.8502650713324797,-1.503778576639336,-1.2167654601726978,-1.2863716011691588,-1.3156669043203753,-0.6448489459189668,-1.1043132507578202,-1.2259835920210795,-1.007480129967269,-0.6924275239633566,-0.9201633760210362,-0.8645681363038937,-1.0972976375619954,-1.188511302083123,-1.487651090172455,-1.4883340951478834,-1.559994909272655,-2.0120854106985835,-2.0611119001511176,-2.169752826328831,-2.2840683848433105,-2.3015216228474573,-2.3225271989972214,-2.280912098756284,-2.235256845220496,-2.1598595297075427,-2.089976831643213,-1.935927294384694,-1.7045516933915028,-1.5522359574887847,-1.3459733343639293,-1.1440105884499552,-1.011074234121807,-0.7755107225232614,-0.5728644023198548,-0.42942437905205466,EMSC-20120706_0000080,VRI,2.2857
207,0.44635729507227184,-1.0960796296551898,-0.5083313989782017,0.6900323388233209,0.9039604846111047,1.3232653141936614,1.41878852099949,1.0817292265564067,0.7113515131343524,0.07799016480979315,-0.09487718538398848,0.15671015318175385,-0.45339863130050073,-0.8795945775157925,-0.7567098614376313,-0.9040419852800667,-1.0500642583365556,-1.5110068935139012,-1.4901671500782214,-1.4643510636051627,-1.402080127210107,-1.427883558393252,-1.5532902953127738,-1.6801617658280783,-1.7128277140965462,-1.687766678976713,-1.5788056148139642,-1.5288855057728252,-1.123783800122375,-0.764610406194647,-0.5479500350354289,-0.2798706284936259,-0.04339917061893317,0.18071390030478618,0.49581754247247467,0.6607971894801086,0.8815101367613352,EMSC-20120712_0000008,TIRR,8.0
208,0.9906219589385508,-2.768959610630688,-2.4890975085579417,-3.028582940448727,-3.118063359487942,-3.203097600309863,-3.224799065263319,-3.4423281753069315,-3.471043777045953,-3.188988000694401,-2.9386857193659255,-2.6700567347347457,-2.0778424457129967,-2.4924495315395827,-2.3535250712399876,-2.2467266441639424,-2.50452961864546,-2.5178112725236765,-2.479985286620087,-2.5804929767374,-2.7177314786267575,-3.062568394142069,-3.1612836939920097,-3.218984827934859,-3.0861466558879656,-3.1130893866315557,-2.9027891323280492,-2.743377049517415,-2.5316279603415897,-2.6189680457817524,-2.3501413443861434,-2.362896791382438,-2.1737864597923267,-2.134615214785997,-1.9436134001714862,-1.7498153244980639,-1.6735687257343592,EMSC-20120712_0000008,ARR,2.2857
209,-0.7003644759608618,-1.3677587290166038,-0.8197401419508594,0.10446064828645074,0.13450795153848194,0.21194279765903534,0.4148461392985894,0.7482804591793171,0.5276894814043072,0.5420276626101819,-0.6046939325770415,-0.7305482699989545,-0.8607889227990908,-1.1511804379777848,-1.1509385769795593,-1.2060644012173283,-1.2783299843275682,-1.4317152745838424,-1.6238220410752335,-1.791772574409193,-1.7770075506131349,-1.8097189453547022,-1.8659768800602254,-1.898761877871853,-1.9327325273190308,-1.9229720934958028,-1.7562796583412492,-1.6706571181228576,-1.4363134426474282,-1.0619866451320323,-0.7720784928937192,-0.5804302649663171,-0.3342729614302016,-0.219132578027752,0.006042444417262871,0.1843515568003422,0.31168001038494353,EMSC-20120712_0000008,CNCR,2.2857
210,-0.8446488453635812,-0.3307628237802369,0.14808014057590135,0.4662864654453598,0.40548710677921207,0.304252304306293,0.2729169407511396,0.3235931481995218,0.5665460191714073,0.8964856166376878,0.4623448263187777,0.12944151564695883,0.04928633125277404,0.06335434717769939,0.045436660531944284,-0.034582500180804665,-0.28642004233010887,-0.24473587526486185,-0.4392889522718768,-0.4492930074934911,-0.5942390394024928,-0.5990273659243472,-0.7390944623738749,-0.6545720400969612,-0.6581526889358651,-0.6400025622848773,-0.6742202727382054,-0.6071238412039328,-0.39600577987732954,-0.08721031913207078,0.15632782998514472,0.40459044956389967,0.6122356274480936,0.7352094952252664,0.9596479024818194,1.1556268824351719,1.3168808829708283,EMSC-20120712_0000008,GHRR,8.0
211,-0.3973521617072313,-1.5414206078501227,-1.0573001755325304,-0.07387469439462091,-0.05647889315991428,0.04041100086855476,0.20174565254571863,0.4270983745894803,0.20280165828327235,-0.14757727610809113,-0.7653943491767405,-1.2465813218403756,-1.1544343551378002,-1.4422398028617494,-1.2435699594042795,-1.2230423995038926,-1.517875170848388,-1.8615150484524072,-2.028989709046014,-2.0538275237112105,-2.064472772028555,-2.121668364281165,-2.1220727760478404,-2.0584772488570913,-2.024348141625145,-1.9852355394104535,-1.8941487860776967,-1.7650782541261343,-1.501594775953297,-1.198126288622543,-1.0548213409520706,-0.8500956834138407,-0.6928395789257387,-0.5254751055087343,-0.32145721705836294,-0.11735588622149962,-0.026423245959943387,EMSC-20120712_0000008,HUMR,4.0
212,0.2638600816856784,-0.49018186799996677,0.04126162781237319,0.7512190232835323,0.6902433241719237,0.6353566841242486,0.9052960303538446,1.0928824193008806,1.0333379525157742,1.3725332583176701,0.38331525066444616,0.09211213610892433,0.08843577289805626,0.04945253048255882,0.09261625518104033,0.10065409264888192,-0.24869491024916357,-0.6043886317955405,-0.729557777242559,-0.7599947106969811,-0.8035303339602446,-0.8421629668527384,-0.948031877796705,-1.0022074983271612,-1.0595483923914255,-0.9985864447614414,-0.9017599427925802,-0.8133174769481695,-0.5507520820195655,-0.22303842860891265,0.06788077068491205,0.3160129903016262,0.5348835224493769,0.692141959201221,0.9490465812140361,1.1440141925430733,1.2695221857251635,EMSC-20120712_0000008,IAS,3.2
213,0.5410226040499468,-0.39249908743127015,-0.043699667690852095,0.08084056715978871,0.010081418083789373,-0.09157767809172501,-0.08773986325132554,-0.11841175288257855,0.08525158028376456,0.4209092331869986,0.25080945362095974,0.6951057607491364,1.0275761173244806,0.7177666553563418,0.2087825062678732,-0.051880596110322585,-0.05075127326542095,-0.16954035175992654,-0.047227601566695476,-0.0765121053264588,-0.14287628633287852,-0.3584599461283897,-0.5599347978347513,-0.5575525397311285,-0.9811986051896007,-1.0297297398611178,-0.9343907998668932,-0.8581722276355368,-0.5988719596690011,-0.33366066518848747,-0.07665007763698561,0.1749061094393749,0.3733853227870796,0.5096660507689741,0.7216944365620588,0.9174094889480386,1.0358789098844703,EMSC-20120712_0000008,ICOR,2.6667
214,-0.6286484686218081,0.518162633966436,1.118214412108852,2.3729458470225895,2.3537494573945192,2.3961309501817363,2.573478213829259,3.030937732475776,3.0310555553505294,2.2427661720220953,1.5734679140812409,1.3204132146682372,1.0254393981459495,0.7833542899430608,0.6546475275432879,0.4925324283867667,0.4694455159963944,0.29550506210705585,0.05215968319922659,-0.019663808839951002,-0.019169671843822123,-0.1286633791571994,-0.20454362535450699,-0.1858529143572598,-0.1334656561345593,-0.018487249048019905,0.0977435087642764,0.19379291002821297,0.5177355479588499,0.8650219298117339,1.125451591132265,1.3716483105250727,1.6095343764235377,1.7570297879097492,2.036479327841052,2.2748229962430706,2.436350002784227,EMSC-20120712_0000008,LEOM,2.6667
215,0.9486095804420174,-2.914029445066756,-2.6307837905987785,-2.6123843634032777,-2.6292031047579787,-2.3508274600586985,-2.207364236304162,-2.3514542931818347,-2.1368771897990406,-2.253677306601623,-2.503485263294171,-2.643008268387785,-2.849414380863821,-2.7257738696267797,-2.7351493315516944,-2.840152901328576,-2.7346269308358124,-2.8040129217484058,-3.1500653445876505,-3.1017800237752393,-3.0399552707518556,-3.0781509255348727,-2.9824761920228156,-3.0511442474682227,-2.9037817703216984,-2.92393588804687,-3.1305205306703883,-3.118284553797219,-3.006964515796538,-2.7535919319354996,-2.5928830036696553,-2.5317761222232704,-2.352706046103119,-2.2686345831864543,-2.0201874391384713,-1.865107385531827,-1.7884604825247727,EMSC-20120712_0000008,LOT,2.0
216,-0.13205003896794176,-1.460531572175416,-0.9636020010195434,0.14209378208280654,0.1666063702824454,0.3335466283038482,0.39433209159842786,0.3907692396139666,0.6838262646828017,0.059913883586516725,-0.597834972374983,-0.5821457160353463,-0.7369878669076755,-1.2139143009273452,-1.6778356990511272,-2.012131311324854,-2.0508250518627102,-1.9437691204956655,-1.9544561509558607,-1.8086852979567185,-1.9796797368261965,-1.9637236484450167,-1.9937372639848139,-1.888546903241597,-1.8816980247577195,-1.8595830618878502,-1.8762048728943377,-1.805296719806794,-1.482572477309029,-1.2460326539941402,-0.9691383589801568,-0.7759249661229823,-0.5179062879673904,-0.39192362184371987,-0.15322083814398724,0.04641392495589969,0.17998115054296626,EMSC-20120712_0000008,MILM,2.6667
217,-0.006112907201178519,-1.6503196327768617,-1.3227847354241522,-2.2741697976433732,-2.372030746122328,-2.5602750049236214,-2.6461850301882253,-2.761918989722105,-2.7524034542624314,-2.652874092073227,-2.19201642721955,-2.097569771197242,-1.5941015567540395,-1.622343353623136,-1.4308847250413184,-1.106287862489789,-1.2530503009567893,-1.3936181049534397,-1.4074841670823366,-1.5925940483095937,-1.6418139452085985,-1.522309693049575,-1.4934630133125344,-1.7482633736578697,-1.9111078575630778,-1.8635172608981314,-1.8389091968575482,-1.736713437524008,-1.4417828790794882,-1.3601470977222618,-1.1457727373906401,-1.0182846572495468,-0.8873872891039305,-0.8427390178435274,-0.6867755994742559,-0.5615380538652346,-0.4703442235327149,EMSC-20120712_0000008,MLR,8.0
218,-0.4351460329327561,-1.0658121658726643,-0.4917234428247692,0.07075463312148322,0.019307499202942502,-0.019865413137777566,0.0632092640160744,-0.009225718946836103,-0.17949754871929624,0.3987537164768291,0.3669810151796993,0.09759514349448484,-0.4930394462261951,-0.4853629285891037,-0.4736977256279218,-0.6606428690984636,-0.917930314967367,-1.251902775824946,-1.5076409385391,-1.631108623696071,-1.5857656110367175,-1.5263829714553534,-1.567217788949601,-1.6323898698565076,-1.6130752048763117,-1.5426482348462995,-1.4448845879935668,-1.3396803562175528,-1.0748310380896928,-0.7095942985895078,-0.41395814169440115,-0.16150118718552875,0.08711350017320285,0.23459782239262772,0.5127527914926961,0.738285794243172,0.894634613431263,EMSC-20120712_0000008,PETR,2.2857
219,0.1398685685997898,-1.8056349127688014,-1.4224210613343704,-1.4797301854358125,-1.5480105393343297,-1.6851150774157695,-1.7440577610614492,-1.7284047101857585,-1.8167627938418933,-1.0914195125695185,-1.4990882427770513,-1.1796731369960627,-0.9001226806818963,-1.0316194488625658,-1.0071001719062567,-1.2164094980616165,-1.3948506111114867,-1.8009002907605387,-2.043735291969904,-2.178795700323886,-2.135386862953477,-2.236756989761669,-2.264852155724869,-2.3065777712202493,-2.1183837018150964,-2.1003580061638463,-2.0944511844088893,-2.0479136385530605,-1.7868748128753555,-1.5094287016570007,-1.4129953757320166,-1.164984717843378,-0.9709505798525839,-0.8101092449009375,-0.6253383285200833,-0.5005536257533176,-0.3653917352259235,EMSC-20120712_0000008,PLOR,4.0
220,0.22783612002400933,-1.5646580858795396,-1.1490324584183718,-1.4471208593648344,-1.5202839451456587,-1.6626711873352598,-1.722112982721626,-1.6909805345718505,-1.6802247705910869,-1.0715747378446574,-1.0104540831077546,-1.1861471758530682,-1.1981471906280845,-0.9841969129201917,-0.9363827167744398,-0.9093114397132664,-0.9349658548564328,-1.502945154771429,-1.7707163074353884,-1.9330891162036572,-1.9652190900643438,-1.8577964902911708,-1.9246674640073094,-2.0444861698359054,-1.8728424476935537,-1.8560354754877046,-1.827777643289485,-1.7269735993655289,-1.4478086210351009,-1.1772127040299676,-1.0072939744137592,-0.8434963857518074,-0.6811147848410091,-0.5511442566315914,-0.3577687522311894,-0.2221779801925461,-0.06129587394396907,EMSC-20120712_0000008,PLOR1,8.0
221,0.13676856859978992,-1.819903665122367,-1.4354237031478494,-1.4880106878013875,-1.5557088244836361,-1.6915861961303493,-1.7499458503499135,-1.733500905291205,-1.8226972337780447,-1.0992088254981507,-1.509054255237726,-1.1907528418350593,-0.9124331598314122,-1.044889719942109,-1.0211741939797543,-1.2309257260198265,-1.409762405712895,-1.816674498258327,-2.060145899281399,-2.1954911396621393,-2.152067680332544,-2.253411122012074,-2.2814824173142707,-2.322891722528704,-2.134430216591624,-2.116072271618094,-2.109777539212356,-2.0628929954551083,-1.801241737393383,-1.5228020629303511,-1.4258789401527228,-1.1774440009316276,-0.9830847115550139,-0.8219525187774863,-0.6365854644498263,-0.5112791224914979,-0.3757767731444499,EMSC-20120712_0000008,PLOR4,4.0
222,-0.751783721999967,-0.8596617963665114,-0.32614349374258644,0.22753297927173133,0.21474676682568372,0.35402782058930615,0.5374180613520023,1.1235859416001936,0.5968311495993266,0.007696276531667046,-0.6765491841683655,-0.6360028408919831,-0.41187983285118523,-0.394878527757073,-0.4899306643825039,-0.5624542638467043,-0.7899320002637626,-0.9574287056981134,-1.0328054318508242,-1.1465982729540878,-1.2317850516895215,-1.3407874702356164,-1.3653306119699664,-1.328323270139399,-1.34660014445741,-1.3602788687629577,-1.2663585124385843,-1.1709545718608432,-0.8568547918493987,-0.5406764544106153,-0.2647899367176354,-0.006264755438316172,0.1986915405975953,0.2839911707017091,0.51298045576997,0.6882511353946672,0.7947134657574235,EMSC-20120712_0000008,SULR,8.0
223,-0.2054473211236214,-1.5899704107840247,-1.107034741923032,-0.8800002754726224,-0.9457597201423376,-1.0651409167831822,-1.145575237285681,-1.0816642952382747,-1.191531146007585,-0.873870206390162,-0.36039829173266824,-0.7338870552903627,-0.937521549332109,-1.0111857762616037,-1.2219882764199603,-1.2096289669006666,-1.4418360425605474,-1.6714544451784388,-1.9428325205445445,-2.028810046941852,-2.0511903842554897,-2.0432128071627096,-2.111211615271002,-2.0509742821372923,-1.9942606145748982,-1.9311362678192676,-1.8671336805508503,-1.8232301149116275,-1.5558732401901594,-1.2631961088379047,-1.009734049785692,-0.7873624015791965,-0.5871685694805944,-0.47424564851709405,-0.25398782596826663,-0.03305527091574767,0.105384061521125,EMSC-20120712_0000008,TESR,4.0
224,0.1738836624786213,-1.1746340896998344,-0.5963197584323243,0.3074937567211071,0.26085709420288783,0.18555309126536024,0.373714733009777,0.6057926065987838,0.9258160949737304,0.0887714345032613,0.11271515956648415,0.09198412038863246,-0.2546236582809449,-0.9232223366888714,-1.1573487308053627,-1.458892635352118,-1.4908022524939009,-1.5409579068547758,-1.5023715126057864,-1.486211501586241,-1.6581053158255674,-1.6580794518721582,-1.795268192633566,-1.8577165028094402,-1.8502286905827194,-1.7395455347266413,-1.6377390949241963,-1.4736475672484008,-1.1547653439122065,-0.771037129848434,-0.5264085879214004,-0.28647015700511425,-0.057427121068407416,0.0698412789058036,0.31250923005524633,0.493200337204998,0.6260332024215547,EMSC-20120712_0000008,TLB,3.2
225,0.054118995438360074,-3.4933919953240142,-3.153890301203761,-3.150855486295126,-3.188322446073382,-3.249427609145844,-3.210866312113617,-2.923368209018176,-2.7489680313151403,-2.7555132011000083,-3.2917966571076978,-3.0748033332663507,-3.4111315967991427,-3.30074693589117,-3.4429380668780425,-3.182746715552451,-3.5320657342087376,-3.861901333240821,-4.003064198661726,-3.8611491895932835,-3.732567059170168,-3.626585178761384,-3.7323726432693727,-3.622627335768658,-3.650862147470715,-3.5986340091732956,-3.587692357804693,-3.5698197887243808,-3.3940634897752133,-3.208555361081583,-3.065412805492498,-2.9493792270023373,-2.691186301254227,-2.6955854556755146,-2.535229085129947,-2.3241605011253874,-2.2321805613460235,EMSC-20120712_0000008,VOIR,2.2857
226,0.054624169309806625,-1.501942966218011,-1.075649253394035,-1.069786306687491,-1.1366154324737865,-1.2574272956258064,-1.3313513903635465,-1.4724898142572966,-1.4380690685253308,-1.0613436785465282,-0.507979419313572,-0.6089114616158451,-0.6640525088071305,-0.8356338169636892,-0.954360534856165,-1.2351986942443878,-1.3073688944822068,-1.557366426420236,-1.4632478220273795,-1.4895166101738146,-1.5637069020336174,-1.789015134007851,-2.003394160654862,-2.027746487554105,-1.9843150460437062,-1.8240474533008157,-1.8071084727016746,-1.7798594462410762,-1.4235403042726649,-1.2226684415448972,-0.9392415591810845,-0.7419092257405691,-0.564763347659202,-0.4852042630887272,-0.34765002276420454,-0.16768946679461827,-0.09519390934792504,EMSC-20120712_0000008,VRI,8.0
227,-0.3193741672116168,-0.9688215059292009,-0.6867467292460621,0.7310774335283767,0.7081027577768628,0.7675201975166095,1.0370146579967985,1.4901229448496753,1.1540487627208398,0.23364771211700575,0.21861616601619538,0.4516165273512929,0.9725697981287871,0.1735369460036278,-0.2221996476544028,-0.38561356758668985,-0.7545714313227716,-1.07380825552836,-1.2513776967063084,-1.4156599232475529,-1.5126990296672522,-1.6026018917790301,-1.578574399489173,-1.711949869506923,-1.7303927040912814,-1.5951204326983408,-1.475970966089319,-1.3967993888519707,-1.250002031406762,-0.9916324712779367,-0.7910829671694604,-0.6388354230885582,-0.42679142089412814,-0.29568482767285253,-0.06226880137078261,0.10642109659722365,0.2088354489485802,EMSC-20121201_0000093,KUBB,5.3333
228,-0.3562497047040969,-1.1379169761186372,-0.8473755400672491,0.6772331519966421,0.6552449714230795,0.6736955701952017,0.9356253738694447,1.4208871800095366,1.1035633559963811,-0.08561172646782822,0.16637964125851834,0.7118608993449023,0.5555856854380403,-0.18220926982641306,-0.30711288221915556,-0.4758672355567475,-0.7050678818467251,-1.03418589515634,-1.3317681114202866,-1.4991669577028937,-1.5677055345565787,-1.6783848885723174,-1.771263937593372,-1.7868488700647331,-1.7162172160849538,-1.6695360739484517,-1.6500421410374884,-1.6148618720497367,-1.4919284362776075,-1.2094646490394663,-1.0133974914135084,-0.8014881005870631,-0.615387870402202,-0.5245169104184217,-0.29189856021515936,-0.12822473685693403,0.03062013279029685,EMSC-20121201_0000093,SILAM,8.0
229,0.2612255282021203,-1.5509497673331385,-1.1677679967756838,0.5777300475118405,0.7226951869743186,1.6478869156941558,1.0296210408479354,1.4631016528389669,0.9020258364856542,0.060205075484200954,-0.3023764696985838,-0.3029585712739875,-0.6880086887905312,-1.263918022292363,-1.355435728174064,-1.3439087751418537,-1.376021918630597,-1.4382748540294603,-1.7870039585877109,-1.8940674794713406,-2.0056358111129615,-2.0806579568943073,-2.169760061940397,-2.1584572528013304,-2.1034428418017415,-2.033772010599855,-1.9611409087839693,-1.9113952497882458,-1.8491309267865184,-1.5525021830937948,-1.3295140589218573,-1.1368752650946004,-0.956570535945735,-0.839661907362208,-0.6163271273199946,-0.452368442637038,-0.3490299160996404,EMSC-20121201_0000093,TIRR,4.0
230,0.45168092902788404,-2.840847335070853,-2.7658833612221905,-2.94039670387947,-3.0291065615981037,-3.1126495052517456,-3.132614581517344,-3.3418842138763427,-3.5015760629310835,-2.857511965903953,-2.309999318291352,-2.377334261474462,-2.112584323786372,-2.309850686797901,-2.1878153505836275,-2.4651952267923978,-2.259059035530873,-2.3659615466761803,-2.7516041971609138,-2.7801922579821916,-2.839298069832707,-2.789638111105573,-2.7811505532100185,-2.940387780550095,-2.963680116856679,-2.9792111378904007,-2.958110592610277,-2.962309654356984,-3.0062270338262422,-2.9781021424282006,-2.8061655216146644,-2.6975470634653878,-2.579148801000235,-2.5696909340330514,-2.524726125646767,-2.488558348544972,-2.4304825541253194,EMSC-20121201_0000093,ARR,2.6667
231,-0.4922532282513816,-0.9853628654688409,-0.7649049810510871,-0.4887650548429727,-0.5498728944237508,-0.6139648353742979,-0.5695785490400942,-0.6193205140017408,-0.5109398375682748,-0.3782734538275365,0.04974199169140103,0.002489554512267844,0.07146463520096091,-0.42511043153210704,-0.7057173575564573,-0.6809850379835822,-0.6361453061057762,-0.556351888501669,-0.8727986593230028,-1.0844237770397651,-1.1459258443010123,-1.148842055508883,-1.212541721396434,-1.2511493199150179,-1.3104168925365425,-1.221724073718656,-1.3079413800580806,-1.3508699685189036,-1.1637351477671594,-0.9533600418677999,-0.8362051558388934,-0.671874091885007,-0.5003185223463049,-0.43233156339734435,-0.28691742288095945,-0.1529568739120606,-0.07445613458977718,EMSC-20121201_0000093,BUC1,3.2
232,0.11320215039826964,-1.76850879160372,-1.3666357791585924,0.07526201241803943,0.08792918487853285,0.2856041046814948,0.3925992202415012,0.4551565690798247,0.48645299860448965,0.520986966544144,-0.549129223457772,-0.75795443513337,-1.0194736445798638,-1.434502640977402,-1.189626700181651,-1.2763410889310833,-1.4197446757215815,-1.9288248247358677,-2.164696944701551,-2.130119150326885,-2.0829099932591593,-2.2667629576928583,-2.3195305427829576,-2.234316122532708,-2.2357199090797204,-2.2511302004948837,-2.1382331708301736,-2.094099233829903,-1.956799425357314,-1.686483148747815,-1.4488110969062493,-1.2540376879302713,-1.074762293107332,-0.9528239817744382,-0.784590333232341,-0.6295271788118662,-0.5193499207086525,EMSC-20121201_0000093,CFR,4.0
233,-0.16168957787054072,-0.8498083064289661,-0.6353859934978932,-0.09223698681175385,-0.15562018153871726,-0.22809817738003346,-0.09953702670813325,-0.07018502004758709,-0.15229936314417003,-0.2798194024024667,-0.32518235891669356,-0.35850091722592925,0.13035869060833782,0.37668931270811346,0.2581637596617803,-0.0038583575496291544,-0.1979408695013234,-0.5589333592721184,-0.838249237281504,-0.9368638387274544,-0.9871099692318728,-1.0854902054320617,-1.1950886888289967,-1.2178016882156566,-1.3262659350381103,-1.2803894721344973,-1.2421511025243426,-1.2122388324954958,-1.0892409694193042,-0.8768502116489056,-0.7300726492875302,-0.562155693046277,-0.38953069413539687,-0.3034304570431292,-0.09748912611673255,-0.025605723190057716,0.10280752544236726,EMSC-20121201_0000093,CLISU,8.0
234,-0.7376862610313388,-1.2472230801201833,-0.9682742227582235,0.13366661723755957,0.11384626770411721,0.07051961463468714,0.22463590724955385,0.605385116476719,0.45274739756773563,0.29052286828106144,-0.29024334484829684,-0.21749259157291423,-0.4244612944797499,-0.8532009239035787,-1.126952521562509,-1.0871016724602551,-1.1061283615970101,-1.0843223841985594,-1.3794247210371289,-1.3726973355034122,-1.4113755550202738,-1.6571824507111792,-1.7338392075518696,-1.6434755904777791,-1.6856561829935721,-1.7049960878240444,-1.685921771514053,-1.593829705757015,-1.3837726920963647,-1.1851093575922,-1.0418402377959666,-0.9434118972488221,-0.812358279045478,-0.7106546943473759,-0.5293536452531793,-0.3587912398590003,-0.2641840111146365,EMSC-20121201_0000093,CNCR,3.2
235,-0.25405850510328465,-1.3780046705580595,-1.1089037539826236,-0.38000651577424094,-0.41844722547596636,-0.4109245342124934,-0.1417390186704317,0.0791024760278356,0.005249320314820061,-0.26526302196632834,-0.0328195228181567,-0.535235217354515,-0.8211730504324404,-0.8291558678461755,-0.7310305474147532,-0.8277399943658788,-1.2348956869219494,-1.3801285476731247,-1.5068250154402305,-1.680214969954963,-1.7411872230128047,-1.649744964778722,-1.699300120360025,-1.635872600568618,-1.7805499656303478,-1.8830379603243443,-1.7596904563918727,-1.6892489611061166,-1.5124306091877582,-1.2032074576198788,-1.2061142271993663,-1.0251279040133348,-0.8481510486413999,-0.7890633343303559,-0.6512263474575803,-0.5495276940643432,-0.48026045676746776,EMSC-20121201_0000093,COPA,5.3333
236,-0.019095517021440855,-1.023420277034976,-0.8720373075960914,-0.8237214321811415,-0.8842178213908314,-0.9588568736507019,-0.8881450914456845,-0.9404867513328625,-0.698299568416596,-0.6267566136261431,-0.9396711418814423,-0.7617021206692929,-0.763723018274348,-0.7440118688447672,-1.0810813744516894,-0.9173899247917285,-0.728618907944873,-0.626425358857646,-0.71316822964351,-0.7576743848908558,-0.8523825566009622,-0.9347215542820289,-1.0204078879709524,-1.2177353945111493,-1.2788865431675305,-1.227086629008748,-1.2043750908848763,-1.2113405652853446,-1.1625582802213472,-1.0126989805621687,-0.9076290106894405,-0.8209760966570911,-0.7016812966181512,-0.6709794517979208,-0.5745391491600813,-0.44130450764853535,-0.3460992224197632,EMSC-20121201_0000093,GHRR,8.0
237,-0.3215434911602877,-0.9606655311872556,-0.6420551889188637,0.4891284373774738,0.43169000622658427,0.34074382218489685,0.31690382733590816,0.20965490775306694,0.019954626225013428,0.21358736546953327,0.7632104342771706,1.171567775936576,1.0521240214002434,0.30044681233350357,-0.17177990972648516,-0.41099891614366424,-0.7745534072440687,-1.1249907725018033,-1.2340434729146477,-1.276516620331602,-1.2668710396365634,-1.3804327888598253,-1.5805892390774252,-1.7319265663892445,-1.681918861840125,-1.6356817679137041,-1.5697840842680986,-1.4706682352582288,-1.1467797441206606,-0.8316156389614235,-0.6469277351271501,-0.47503648030264145,-0.3124492577875948,-0.20016372069163602,0.03828670995674166,0.24327894010771978,0.3583842400350168,EMSC-20121201_0000093,GRISU,5.3333
238,-0.5622375592256574,-0.9147824896483385,-0.6318169964646057,0.19678537151768616,0.14505898710924736,0.13754961567839086,0.26165390703589164,0.1321197709476012,0.08773296325246704,0.49832770697589446,0.5210042919359701,-0.053361099417429614,-0.021503532228630107,0.00012340221126638795,-0.22959988384671437,-0.5014757104128789,-0.4966803596710383,-0.775651839131382,-1.0468031647867129,-1.0880860119374134,-1.1375122590233735,-1.2969712098163537,-1.4151117022869641,-1.362760980604575,-1.387747153327827,-1.35523045068987,-1.307787923808009,-1.3051598590029414,-1.089860823396677,-0.8177451974925294,-0.6713913022742783,-0.5119759430586885,-0.3518930370709512,-0.2743785550230786,-0.1288363490308555,0.024271522820633606,0.09580092714358912,EMSC-20121201_0000093,HUMR,4.0
239,-0.39849127465399814,-0.2484181730947732,0.03121907084566722,0.9962626002400734,0.9559135275257127,1.1111456082196067,1.3762252124526748,0.9220022105638108,0.8478768229042988,1.159375491304952,1.1656883888630434,0.9256234269629111,0.7598616429092733,0.41337686711444466,0.2645912234163932,0.04829371782567993,-0.11954491662860978,-0.07515166871903656,-0.1789419341180336,-0.19710681204002345,-0.15833710592868488,-0.24144160030760276,-0.4932248868053568,-0.6409014213402209,-0.7215736176314191,-0.7332339876773712,-0.671616464414301,-0.6933273610753421,-0.5250722407383623,-0.2844663509308365,-0.0996254460470638,0.08512007955639156,0.2697620632591242,0.376243460445048,0.5815472579002456,0.7530908861319876,0.8613253014209814,EMSC-20121201_0000093,IAS,3.2
240,0.29492252729933854,-0.2585548073134927,-0.10535658785286905,0.46281597707151967,0.3858964158873315,0.26577235448696346,0.20737177172276322,0.13417005976558283,-0.0015114396850828271,0.1961409817483828,0.5368470052523904,1.3084593440020393,1.4164545910950626,0.8285792486658945,0.31612507719252214,0.16187064770993143,0.31267822948940616,-0.04191922362791711,-0.15118009316354097,-0.16257468724387714,-0.2483783107902875,-0.27388901627980555,-0.3505053533092335,-0.51445815143349,-0.6976658679729741,-0.7609925791842471,-0.7816632004140445,-0.7335745541563483,-0.5903618486992244,-0.3593058444885404,-0.24729334920683144,-0.09538187706171364,0.11226814407618768,0.19291149715176914,0.41669811933505585,0.5451451042697908,0.6389492177694613,EMSC-20121201_0000093,ICOR,5.3333
241,0.12112586767731814,-1.0546468082991405,-0.9838387807716344,-0.97145592026546,-1.0282318518151783,-1.1044750427692112,-0.9232923582497596,-0.9367460429683447,-1.2607276281925826,-1.1103819307276188,-0.770985736609421,-0.47814383653652737,-0.47225651456011875,-0.5931856104134461,-0.7122178262771683,-0.605746026029033,-0.6989149954735652,-0.7190389708412166,-0.7783173679436173,-0.9902908772111028,-1.1643154708384609,-1.2706977426993173,-1.3432511724183147,-1.2121535494548814,-1.0650737601893665,-1.1554754807230587,-1.2052568796564413,-1.1969796334427194,-1.1959109394660832,-1.1113999464104012,-1.0745331067620398,-0.987654109737738,-0.8817015394446983,-0.8971818989162266,-0.8304650043528738,-0.7165343163126199,-0.603827525514145,EMSC-20121201_0000093,ISR,4.0
242,-0.5712289686647325,-0.7773686652536567,-0.5324067143888058,0.585934571014918,0.5533493981443618,0.5018232624040442,0.599896874553921,0.7726013818442183,0.767878201226087,0.2840589265947244,0.2846412063882253,0.37533588015526487,0.2629120487869496,-0.05520916764934469,-0.33182854193321365,-0.5872651344404627,-0.5859688620761441,-0.6731079948173511,-0.8175760932727796,-0.8972235423496793,-0.9524648184530369,-1.0657471657224473,-1.147916481069724,-1.1899488915603875,-1.2420196377911132,-1.2283988516197333,-1.2166842349097609,-1.1709891327106519,-1.036286176284504,-0.8553482270801922,-0.6710912402982387,-0.49809950883205545,-0.33756472439410246,-0.2650027972659643,-0.06530675137313935,0.06861618816722626,0.16769300113561592,EMSC-20121201_0000093,LEHL,8.0
243,-0.3436687119664157,-1.7310496369482529,-1.305017332793824,0.7525183874967123,0.7802581470677881,0.9991052215506198,1.3658333360859398,1.921476898912657,1.077801424680394,-0.06560606035007233,-1.0009200378831,-1.022280678849623,-1.0113055307968564,-1.4076277171103584,-1.7087714072140896,-1.6988800892476768,-1.7580614110296384,-1.766498253802788,-2.0893847833858556,-2.2034239563528635,-2.2524886385008633,-2.3427434135489973,-2.4665981376545956,-2.344137903627254,-2.226258084920893,-2.2247652558325157,-2.236082867142085,-2.1972640704817437,-1.9935222836963682,-1.7223699508496981,-1.454657194825117,-1.1567445966558232,-1.0790025454517949,-1.010837796519688,-0.7964275955210187,-0.5244118181810205,-0.3945175572709072,EMSC-20121201_0000093,LEOM,3.2
244,-0.05298180018613907,-1.8011560444901296,-1.7183308077551906,-1.9372982122514202,-2.034688837967799,-2.2262933457300695,-2.3043797122932546,-2.499349760909718,-2.6558522407342195,-1.961937979295378,-1.5522095104323217,-1.4574535228336112,-1.3989355253779499,-1.4717759123627356,-1.296567870351378,-1.3611774031013448,-1.3541845959502945,-1.4847879159580843,-2.09521247861154,-2.1850161121924634,-2.1453811234469473,-2.0031794221857027,-2.0155075186241067,-1.7487777204698736,-1.6384796331808928,-1.677287803539774,-1.780359773779594,-1.8503878938184588,-1.9075795436892662,-1.7685370103612534,-1.6851064149198187,-1.6574889733757203,-1.5624278946578354,-1.5760014287064283,-1.5107882022079817,-1.4078633831075198,-1.344495252121268,EMSC-20121201_0000093,MLR,4.0
245,-0.2654587591062372,-1.558364039963121,-1.275748523180905,-0.6715952621028389,-0.7226113961588707,-0.7572692532561582,-0.6433417611590544,-0.4561183624179561,-0.5731296068988829,-0.5474367954275867,-0.5436827804613014,-0.6784721356521652,-1.1050391892735707,-0.9531379592104479,-0.8571090411503377,-0.9179201456949393,-1.0656614120163574,-1.4585044008487564,-1.7080644712835777,-1.7342835154418141,-1.75017830381827,-1.794358618014158,-1.8698082765196178,-1.898663985679641,-1.911278317051333,-1.87377105572007,-1.825815184603372,-1.7875333108143394,-1.690298209890532,-1.5367468058161382,-1.3507846866987077,-1.180097391304523,-1.0204941867814927,-0.9300039776112339,-0.7223178074822698,-0.5459622294373574,-0.426061584903886,EMSC-20121201_0000093,PETR,2.2857
246,0.020766628577953306,-1.7485775731954103,-1.5561268058550723,-1.6401075014615865,-1.720130205265594,-1.8718115330234104,-1.9143033398518137,-2.035973030937212,-1.9606105501891227,-1.7857109407481095,-1.5035145909209362,-1.459428308891268,-1.1801088267404065,-1.2009471263529097,-0.8191978395225732,-1.0797723174825613,-1.0645597469824182,-1.1389810580894286,-1.2820007996406266,-1.4327342155984972,-1.5297913586402174,-1.7230277734962618,-1.9554024027794332,-2.1271633537247503,-2.077302180180517,-2.0891643042732557,-1.8547724683680986,-1.851930640535354,-1.9654631049855453,-1.7296155013530239,-1.6821655594750364,-1.518253193947043,-1.3438487715051313,-1.2636842935037595,-1.1374687023316987,-1.019043223765257,-0.9120597853183359,EMSC-20121201_0000093,PLOR,5.3333
247,0.17483778672640238,-1.6725740646057004,-1.5157746700918882,-1.5723668824137462,-1.6538245516342984,-1.809387074847371,-1.8378575671970783,-2.027531001821089,-1.858806009664863,-1.5386099818322423,-1.2108417467057846,-1.3489434407708467,-1.4359857198411285,-1.3180571026448566,-1.0962345155419788,-1.0258935167625314,-1.0450089559150246,-1.1759791685851386,-1.3390295289796228,-1.4627315930812141,-1.3858516503715599,-1.5580471299866305,-1.6912938491894653,-1.9970710988830254,-1.8982290169376679,-1.7413123871666683,-1.8520739474868293,-1.8659921085602926,-1.8055171087092052,-1.6893343368818314,-1.5670916098260559,-1.477105781714151,-1.3635986496189894,-1.3210718511944268,-1.094466323127465,-0.9458966980995065,-0.8884374697817865,EMSC-20121201_0000093,PLOR1,8.0
248,0.017666628577953425,-1.7611943826883119,-1.5650244922918368,-1.6483456933528347,-1.7277761265425884,-1.8782143513950071,-1.9201326320081593,-2.0410671675194134,-1.9666689575300138,-1.7934378333630345,-1.513398688362214,-1.4703814866127258,-1.1923004749528907,-1.2141814643990179,-0.8332875573331613,-1.0942916538254837,-1.0794767418323987,-1.1547481853313366,-1.2984080161733447,-1.4493861233023058,-1.5463581716532753,-1.7396208313528803,-1.972342706813615,-2.1437419033884293,-2.0929391820538426,-2.1023605849594054,-1.8693262218786177,-1.8650550882984467,-1.9769018346829785,-1.7368654158484524,-1.6806902539964437,-1.5320333067082323,-1.3482645390818089,-1.266580489137386,-1.1407752782397438,-1.012189314046493,-0.8928482554035444,EMSC-20121201_0000093,PLOR4,8.0
249,-0.43420668305437715,-0.9424860245704103,-0.6739497091859867,0.514655796556764,0.5195764533871463,0.4929232333524354,0.7912971452642221,1.1127670882331095,0.602155376900317,0.2582891811544572,0.10815174012555939,0.6011858726152077,0.37398314111402087,0.18397766459207432,-0.20774046594736273,-0.5950294687355555,-0.8867859772035365,-1.103265764726352,-1.2831268288341118,-1.35929023471299,-1.3637285121807867,-1.419272273886361,-1.4982707302051512,-1.4229946019426718,-1.3975631488113471,-1.3805505994978722,-1.4492555020009723,-1.3997825193300422,-1.1906681091553573,-0.93036563708778,-0.7481814712197377,-0.5801542401286923,-0.40707061620159024,-0.3187443162218777,-0.13633493918162465,0.03803536519459172,0.16054242299346022,EMSC-20121201_0000093,RASA,8.0
250,-0.7903072629367327,-0.7185366380653395,-0.5155494234481104,0.08761500479294337,0.0672057320955961,0.06987959639032582,0.1902944526974064,0.6752381202058402,0.5068688867703504,-0.16215576472562354,-0.21316494192201496,-0.3339540073813234,-0.28051087162002375,-0.17595490638813072,-0.4101510183577295,-0.8052901704324533,-0.9134426947184799,-0.8073707833364274,-0.7201968265211987,-0.6322181273321448,-0.6153624100767532,-0.7604049640747395,-0.9235359388887554,-0.9315558542402727,-1.0097011085031493,-1.0402478521588794,-1.0442946113361948,-1.0372043778581563,-0.8444761359277706,-0.6695217772872866,-0.5775886450336696,-0.46105059170971785,-0.32092083569238206,-0.26710989313242806,-0.13186131293335812,-0.012663312169514995,0.0768157988962841,EMSC-20121201_0000093,SULR,2.6667
251,0.20087054940480487,-1.0001780754373364,-0.8425327354271666,-0.047224266034493034,-0.10012268435682703,0.1330066135020287,0.2687814582493866,0.2881581264466586,0.23343530891607855,-0.1484948155341046,-0.29582057792259064,0.2684753486006315,-0.12006374728946945,-0.18577507764644263,-0.3704256602360738,-0.6713966101971831,-0.598159908378241,-0.7335925475649283,-0.9778860977425801,-1.0826419624757193,-1.1377372753683481,-1.246307224124676,-1.3090352850296272,-1.3952045246025788,-1.2740654246125498,-1.3418812911956994,-1.3752956846431363,-1.3743040065883996,-1.2598312353316121,-1.081645505181399,-0.9847351272994658,-0.8622917401434282,-0.704798862133476,-0.6460320127086927,-0.47574207404060864,-0.32895650395612464,-0.22976571302688065,EMSC-20121201_0000093,TLB,4.0
252,0.05835945404310161,-3.585206172371991,-3.486984729054674,-2.8590230734182915,-2.917917778254157,-3.0414116188609874,-3.0494942375057956,-3.1548160788666557,-3.114366182610919,-2.367726084498538,-2.577965585574926,-2.4904617060573173,-2.9433938365011985,-2.848925888595489,-3.201064586284194,-3.474989923200148,-3.3209742744425697,-3.325033208520943,-3.6339176351479425,-3.725483985649654,-3.700883549936216,-3.868961820240796,-3.7843951259018276,-3.7829220894450826,-3.9006603172518286,-3.8682467609619584,-3.8200173433584528,-3.8720670813946114,-3.766242116257434,-3.701672419642472,-3.6273903654218778,-3.5206684391032894,-3.370178588881174,-3.4059709177549102,-3.1604957797590956,-3.0371122110282194,-2.9171952381082225,EMSC-20121201_0000093,VOIR,3.2
253,-0.08325588989025112,-1.1337274585438673,-0.8820438381861262,-1.0475899670282196,-1.1350335919624728,-1.2901904883185882,-1.3460344956460046,-1.5324104794180355,-1.476420259928255,-1.564553023956191,-0.8868390826856016,-0.6306197242981515,-0.318839898303966,-0.3214530889991387,-0.7741093777615786,-1.0844268617905692,-1.066752163122934,-0.6834749278489634,-0.7453345058229637,-0.855914080908895,-0.9461196491991526,-1.2130370300508355,-1.4723115323676517,-1.4314096804328011,-1.3966954431933907,-1.4033076348880247,-1.3754441033427112,-1.3741131577544277,-1.3225663123468046,-1.0597760858763134,-0.8915114092654548,-0.751379436325065,-0.5945146177094109,-0.5085526885020926,-0.34895839767493086,-0.19658992780296103,-0.09013245713539852,EMSC-20121201_0000093,VRI,8.0
254,0.5152369312507972,0.22964187883876264,0.43957414910753556,-0.32342000171443086,-0.40030653378419867,-0.5213784900483711,-0.5503474518900004,-0.5393907359483574,-0.6221568708926988,-0.4346048717882125,-0.1845771741972726,-0.17503537305297723,-0.13931569226106966,-0.2712729024388647,-0.2884469987757985,-0.033975111442993366,-0.1350883822697302,-0.19263867427145254,-0.10768372509817326,0.23280361090528245,0.4466184203056951,0.5021438865713419,0.38037687421420685,0.5446461398778499,0.43400576519458856,0.444432181242691,0.3760286355609894,0.31273716950079145,0.47258091367012867,0.46888127081331454,0.5322780992784661,0.6459366621056049,0.7587393130150666,0.7187391383786572,0.8830477458430046,0.9263507697874047,1.0218661977213763,EMSC-20131006_0000002,DOBAM,8.0
255,0.5149783184728212,-0.16447795381490238,0.10076114031035921,0.18813435307732274,0.1909124971848879,0.29188437371847886,0.41587979471118697,0.6639791644593478,0.9364176166614806,0.2645108078778877,-0.39654366114260764,-0.12436415551457802,-0.4170354280341906,-0.6573847540879756,-0.7415889725419875,-0.6601600008523372,-0.6137431180403521,-0.6374176403065688,-0.6654559144410594,-0.6639599141707428,-0.579576023194357,-0.41093620611581017,-0.32111611948528207,-0.08877433878311525,-0.0532428046781952,0.03508869373784407,0.01866821449332079,-0.08517592003711805,-0.12617996997056657,0.00019577242030344166,0.026810621711996774,0.1656816764166713,0.3429557595271717,0.42337057227900843,0.6250097062849562,0.7387658469875706,0.8024417153522201,EMSC-20131006_0000002,ELND,8.0
256,0.5807103926273607,-0.15993381864992173,0.3879176741782935,-0.8264703673040596,-0.872082283308921,-0.903964265312041,-0.9260185247963477,-0.8868179329752479,-0.7573868428965875,-0.9440897444383607,-0.965214247288336,-0.8640192923894219,-0.4081109038578088,-0.8110427229248014,-1.1596846655449857,-1.1451722386216208,-0.8853030110097624,-0.6834731576986703,-0.6688534297654689,-0.580101019290967,-0.3952848584984512,-0.6485917433585602,-0.7467635176821954,-0.49114080748477296,-0.07616178461158807,-0.13135849101729136,-0.23085019722434286,-0.05976998755288765,0.41281156449392675,0.894971311999953,1.0273070175616912,1.1032330746537689,1.1597480374748095,1.0915720137813238,0.8152506657384713,0.8604785619365245,0.8709179356752443,EMSC-20131006_0000002,KALB,8.0
257,-0.07509569958372353,0.019932864407327777,0.21877920626343084,0.7331354837766186,0.6868346825587706,0.6243082247471383,0.7107533429786788,0.888168164461149,0.8832632390192598,0.8315362782277882,0.758772679346043,1.236905557231243,1.2210072590563867,0.8422682363500487,0.3096185291247142,-0.023980077093513685,-0.2793451486094769,-0.31168338307344,-0.23539140260835278,-0.18454545422173574,-0.23301663563397312,-0.4989247769377503,-0.5048686183481808,-0.5065479373411854,-0.4608144903126634,-0.2317158596614366,-0.173314225252029,-0.13064550402495456,-0.0303935318375661,0.0952510871427883,0.17447865704741794,0.4161985506302148,0.5194093520993857,0.5170903934760425,0.6320639917722595,0.7232589866116594,0.7975192361863392,EMSC-20131006_0000002,KUBB,8.0
258,0.009651758592496673,0.2007078408989056,0.394621826081508,1.1037502090552938,1.0516876828940465,0.9969707748789123,0.9594981643963783,0.9862362258373008,1.0464095248563172,0.9672066903168597,1.026865081693452,1.5636199916411573,1.8192028956651733,1.3736216273647184,1.2941656312118228,0.6487975781194777,0.3482272176326653,0.0014018278094640735,-0.13742995439586547,-0.13916827895836725,-0.23349260242159353,-0.32290487323325756,-0.24163120834497942,-0.20364642792081966,-0.15273812035037082,-0.1410842268592356,-0.22420680683577476,-0.19443328058425458,-0.029708713216738403,0.23402459607191162,0.3864599765961021,0.41698931487136015,0.6553111939039962,0.6336914311546717,1.0319436252793501,1.0393058153916872,1.2202478546131257,EMSC-20131006_0000002,LOZB,8.0
259,0.12417503992949008,-0.2500384180776072,-0.06403232489365251,0.4269867391124693,0.37227672700156766,0.3031688236378436,0.2881289969509355,0.2946276102360832,0.30134857333718745,0.622751399970455,0.27296116556172656,1.0246977166326205,0.8153179174472713,0.42526644182803874,0.036680983377736176,0.0769515952770714,-0.3825406043592441,-0.5824032300223516,-0.5169557818088952,-0.5865968888342472,-0.4687702981480193,-0.4585266928835816,-0.6598742946563583,-0.7262155720645742,-0.8522386287729056,-0.7038379546524567,-0.3434967296244045,-0.22177497172401583,-0.24785659310733443,-0.22842682665423908,-0.08250995990404775,-0.0070619056584178,0.1286728577088727,0.19502757580425722,0.42044419802582667,0.5987655792248052,0.715249093533119,EMSC-20131006_0000002,RAZAM,8.0
260,0.4926429784109323,0.36249296813223797,0.5754330798008684,0.7368097424176288,0.6764912471070339,0.6709790115022249,0.8205205007982332,1.0594498331399818,0.7516031130865937,1.0481570237518119,0.3937828046207388,0.7195281000833864,0.665482866892904,0.4647660322152092,0.26710661341934294,0.37648831132740135,0.539488953739296,0.6295352313811895,0.5365845397143811,0.5554654567490465,0.5709046632958099,0.5344245394372926,0.48882287010250014,0.3052122739525247,0.18551683054153578,0.1698322063460287,0.18751826038293906,0.10797219607758102,0.17081030272393427,0.36710362630158677,0.4857975733427189,0.6043008482141445,0.7473514303053754,0.8550393606430102,1.0777402948879171,1.2336748671730131,1.3431075259223597,EMSC-20131006_0000002,RAZG,8.0
261,0.10279057079663367,-0.8972620263072573,-0.543670898400487,-0.3356606393902446,-0.38753758647858305,-0.46191499302237293,-0.5050216317630154,-0.44436751441819844,-0.6892871543117876,-0.032178876954755964,-0.3266990041141895,0.15180621408367045,-0.21020227212809406,-0.4743105497431026,-0.8370726289905699,-0.7482473012319515,-1.0241088960955747,-0.9965074827756322,-1.0209952613905777,-1.0886223313496064,-1.0871001928071653,-1.3105373367374646,-1.3883343419957956,-1.4304704028028379,-1.3712308241003521,-1.2699552241986956,-1.1783845152219836,-1.0575871818849514,-0.7960448718237041,-0.589734176865587,-0.4444943118738873,-0.3143781548190834,-0.1823815166669256,-0.10819045184743104,0.06257014540307715,0.2165988333042037,0.2876291729065841,EMSC-20131006_0000002,RUSAM,8.0
262,-0.3695882889482949,0.122530659634279,0.34528900414314023,1.0261310114506879,0.9633153401481893,0.8615898195855713,0.8377638083628822,0.8984619656882114,0.7730967583247734,0.7321795637702646,1.162681256162747,1.7305504679611752,1.599863231852055,1.0966282330019355,0.6513724157302168,0.2799293408541299,0.19815689574183626,0.03890587883142871,0.09196199378413983,0.019115434808838927,-0.033561009325562274,-0.2535360418267567,-0.264211759799994,-0.3461468617910599,-0.34580570987994896,-0.27947964071573583,-0.3148612587722468,-0.21785318912737495,-0.12178196957187204,0.1308932920279986,0.306988604513462,0.4494295365074894,0.6024571689212639,0.6651899980044647,0.8615247669304598,1.0022966131601692,1.1118842166437766,EMSC-20131006_0000002,SILAM,8.0
263,0.5142229157186229,-0.22841328869843736,0.013437916874243783,-0.3552379886739496,-0.42512969097091347,-0.5243957063169633,-0.564121362895829,-0.47866829324628757,-0.1406816130580264,-0.42466609530101174,-0.1045957673228699,-0.4010205244019298,-0.28048842972925847,-0.207143292405366,-0.14721257217779193,-0.21296529526604946,-0.4017229896071228,-0.5776604070011446,-0.40611239886720973,-0.3548955857922005,-0.2771305311429506,-0.3520631398684646,-0.336555436847207,-0.4812533983465297,-0.49184935992898726,-0.36959304873313137,-0.17749966053308697,-0.13308600149473904,-0.03132828486896422,0.058863798328161465,0.03925937999143514,0.2113001129150316,0.3614444001590691,0.43138464923273645,0.45389846266711764,0.7026942293427982,0.7431643975494424,EMSC-20131006_0000002,VETAM,3.2
264,0.3001251093170598,0.22317981233201944,0.580004547683914,0.864126250816617,0.857615586261173,1.148945453761299,1.2638781803548618,0.9303736121342778,0.9210024602874904,1.3148330195307922,0.901392014621734,0.4193110008182215,0.15202671437904502,-0.38275421544333543,-0.6416257239010585,-0.3590225207116493,-0.3933203774440033,-0.13291050389207104,-0.04300051626215584,0.026952631927464665,0.060131823179268906,0.1802923841324997,0.2850984719513816,0.19068458022397472,0.11888246534461722,0.09771801326940377,0.05996399474387548,0.04216815632427462,0.2742023002534646,0.5020915076391974,0.5682243249340928,0.7153264480878896,0.8983706188383085,0.9832019336745628,1.1914392706607586,1.3357742357669249,1.4142668249313406,EMSC-20131006_0000002,TIRR,8.0
265,-0.6515784340769852,0.07980151473818431,0.3353772918966911,0.8412043464441981,0.7879935923028554,0.685193995468178,0.6794356291203583,0.6432207646017445,0.7150967108639255,0.8872954134849338,1.1523417664762454,1.4813455562951425,0.7815254473525184,0.23066046410255847,-0.043773039877284425,0.0942871927702793,0.13884771178404964,-0.15081533459560337,-0.1543061567454398,-0.216502362385957,-0.2785332041386468,-0.2244479471596632,-0.30694283599296046,-0.15274504996424643,-0.13613227512464032,-0.20005385191230207,-0.168995791358995,-0.07389850134112486,0.05914222733664243,0.2347308194105926,0.33593967880513986,0.40898382932503097,0.5671760855936618,0.5873564648859642,0.7849154244019303,0.9592361527007363,1.1062614252430407,EMSC-20131006_0000002,BAC,8.0
266,0.34915532947304406,-0.22147584813879373,0.043417955127956986,0.3491839816962612,0.3318688244817194,0.5970237843393189,0.9626900937371561,0.5911381246822494,1.1312820201070464,0.3406837470768709,0.1334158119466844,0.6668047707628535,0.25596306150888637,-0.017423796548396098,-0.4055363567192547,-0.6131937241163978,-0.7961153931270735,-1.0979220228577589,-0.7096115622116228,-0.692224624225763,-0.6944685422911894,-0.6709721728492504,-0.6976283531614671,-0.600959750118303,-0.5231936074717654,-0.48869741447286685,-0.1971717663634358,-0.2398237891891455,-0.04666558480186467,0.13551944842426522,0.19608496610355886,0.2626594937740432,0.42895404849787866,0.3264188338253522,0.45349967021432924,0.813341660832922,0.6121458029887776,EMSC-20131006_0000002,BAIL,8.0
267,0.3547404836415442,0.13249062705896808,0.27063999009417383,-0.26782432298950276,-0.33542231719687265,-0.4548962831971277,-0.43786165222835294,-0.29064877675676204,-0.08194919124157396,0.1059702607717452,-0.567365402556324,0.08469762581245055,-0.14229083665946218,-0.11518801076348995,-0.0844807319580747,0.27095668057044175,0.40161225718313043,0.6221063807678782,0.40572444644934613,0.5420578372730089,0.4738111252581554,0.609786798508809,0.51882385450513,0.16281245186791704,0.3181548921667794,0.1457042388621259,0.1449530167082056,0.12796911352845175,-0.013586178136750782,0.09008379613915718,0.37898384106021243,0.253611530143127,0.33687052272521356,0.5337181954928578,0.5612025855539233,0.6995298476477867,0.7474020364980696,EMSC-20131006_0000002,BISRR,8.0
268,1.32478423175387,0.13704802314227926,0.08280585837821697,0.4219877990769856,0.4116377097996544,0.4308636112892348,0.4377549852648297,0.38819996082764874,0.4236327204393593,0.551228288082422,0.7041092668572118,0.7587514522088048,0.9490299334951926,0.62210922180628,0.325455867428869,0.1905389723148998,0.0729491902578907,-0.26571651869769575,-0.17852557448072925,-0.17768476990895898,-0.18416664722674803,-0.14384790839101136,-0.24853606760199298,0.056768119790914895,-0.10845400834699959,-0.14060364936720404,0.13698507842870633,0.16089001991467988,0.15040061991188303,0.25014028816308986,0.2829438283962169,-0.10262944105177851,-0.01271192009763844,0.071158683095776,0.04114357147160774,0.05136784591452681,0.060126147507284955,EMSC-20131006_0000002,BMR,4.0
269,1.1331196025996317,-0.7429656763427452,-0.428917569242218,-1.0922032280923428,-1.1098664835496646,-1.1290852525492534,-1.119751851755285,-1.2138235601563565,-1.3216208757549408,-1.3532659623285372,-1.3376082048343072,-0.7408015429380619,-0.9380024649508538,-0.6957302842745898,-0.9910892946623422,-1.0148508736329562,-0.9974088489015172,-1.555424288623776,-1.3999999779846437,-1.250202978473327,-1.2295393161668224,-1.1308499821748992,-0.8545082762746503,-0.7809429846663454,-0.8756814881743296,-0.7852045934178786,-0.768928062441633,-0.7063576224000503,-0.4611234566263889,-0.07396513879741917,-0.1521883923856997,-0.13049875336447236,-0.055755824855459934,0.10052233198890725,0.22089466629152632,0.233893303180027,0.07848259469996854,EMSC-20131006_0000002,BUR01,8.0
270,1.2402852417483956,-0.25714453569029594,-0.17603320485720353,-0.4161706172150623,-0.4232833391023423,-0.41667225616014036,-0.40574089380441514,-0.467097396096273,-0.3888183673562864,-0.144142421157734,-0.5314621143676179,-0.17289629563143194,-0.20540752496501824,-0.008781873849593502,-0.2926387896605691,-0.7863848220515788,-0.7914465217454163,-0.8605342928457409,-0.7993528344016125,-0.8226088998575971,-0.7332039196713946,-0.560130384123882,-0.3770748833253874,-0.2288165971219982,-0.41519977648810524,-0.33501467343334923,-0.24837828321223832,-0.24472223534421822,0.04261110881020258,0.015388731107453424,0.2048588815478869,-0.06735477194212791,0.13891243603971404,-0.0846934962215542,-0.05848404901395021,0.014318483326551501,0.11483470759445602,EMSC-20131006_0000002,CJR,8.0
271,0.12951619693026606,0.5368620602559044,0.7502754730804275,0.722765602206195,0.660498536370346,0.5544939024868736,0.5323571769185103,0.5538395934376492,0.5674162730434853,1.3410136955988428,0.8505052414866316,0.4185486056230543,0.9117501318164813,0.8709703781051004,0.7989623266446175,0.7298814382112786,0.7003705616962037,0.6236190839749041,0.593430253914228,0.6216069995514397,0.652628496544926,0.5595737071332092,0.5793596791104063,0.418736118516037,0.3297515379629372,0.27066386622031846,0.2735391341419078,0.32353365592187266,0.4679645011125375,0.6412746489311196,0.7307869383496683,0.8303910734290181,0.9902802500699579,1.0484826961444362,1.2655107873510616,1.4128581118876173,1.5200663305692466,EMSC-20131006_0000002,CLISU,8.0
272,-1.0355795068734692,0.6049180998174934,0.9389471216894405,1.4618758471077853,1.4081648880338036,1.3338722586080474,1.411895168925477,1.555829171105302,1.4056800458436922,1.5929913360129953,1.368056849513252,1.7110904289226663,1.125769108417892,0.7159285022702804,0.47570022755692776,0.4574843005086864,0.498467415704722,0.4722290144851504,0.4108173788143823,0.37180474890149906,0.3564248342073615,0.34448486241783804,0.3493279949209276,0.3649782119118177,0.2844166298948032,0.29391092673852537,0.3452668290298897,0.4973399607317557,0.5280396556446805,0.6937398122025904,0.8851665608048291,1.0420674199408415,1.2193960760148306,1.3250489001782508,1.546912148376279,1.7127117289322396,1.8171663744399602,EMSC-20131006_0000002,CNCR,8.0
273,-0.7303253689062643,0.4814012992704937,0.7344793097231266,1.6140959836483635,1.571508282122128,1.5066633981633837,1.5201368221856368,1.4657697832229846,1.7631745498657034,1.8176866882687657,0.7721749473395088,0.9053549899593492,0.9293428138583382,0.8711905674686671,0.8395170056276795,0.9539822616152103,0.9553104349564068,0.7630907801082509,0.6210345994044113,0.555355894784813,0.4945949538823964,0.3190086975378019,0.2342006944035866,0.15496762618294735,0.06624995056056004,0.07224781160841864,0.09161457181608679,0.1154852778547566,0.2359584630934064,0.5450191299868887,0.6358224976978768,0.7214511499547793,0.8865022182894933,0.9723424259848947,1.1859862538652965,1.3800352173484391,1.5059278062808996,EMSC-20131006_0000002,COPA,8.0
274,0.40948770069466844,0.2242815438997079,0.42057265199592386,0.08943487485542168,0.02617047883593493,-0.045535913473965905,-0.051555947925187695,0.09326830937624297,-0.018162028969950228,0.47503839675200776,0.5108018832234826,-0.022528453008653138,0.06334332514289631,0.15754696112758815,-0.13782118854942826,0.04311289041311106,0.2643207447276197,0.36551244222876367,0.45117862315026347,0.24047618463449894,0.2858027443417894,0.4331903099670589,0.4948017578770507,0.4589469267325894,0.33130947337943084,0.18378154736069163,0.10902630573551875,0.060946017428185506,0.10902241272618163,0.23537085663349444,0.33575833637736174,0.4366193871474682,0.6203538178254835,0.7130482213123202,0.9006077952645448,1.0291073786328404,1.0868083560089516,EMSC-20131006_0000002,CTISU,8.0
275,0.6027095474800701,0.5452769253249894,0.83963224188272,1.1818062964542753,1.1275065431048512,1.050865385132571,1.0646679258470302,0.8737827990932843,1.2051033578518449,1.3593269504472834,0.968067618531741,1.1114205028985946,0.4867392861855393,0.41443806037657893,0.5467844545318838,0.4042430823216261,0.4434775603695913,0.4550166227527406,0.592590431708274,0.5538403342214462,0.5663572044411573,0.5694598160240112,0.5130753522130194,0.4801476087033256,0.39420457403511566,0.34151992198716385,0.3683214338106149,0.39443223159011787,0.4794316564925367,0.597380526686484,0.758338485917319,0.9093158712672906,1.0729936589759976,1.1635126456776526,1.3488311483412936,1.499865824681292,1.589565113368426,EMSC-20131006_0000002,CVD1,8.0
276,0.7976011246412589,0.2227299455907037,0.2934312838877364,0.31550941295133406,0.3126870978253251,0.6697405549073512,0.44996219912497537,0.4420584011239317,0.5902263063839008,0.6031007783338422,0.44967711144429856,0.08771910185657017,-0.020305184831600265,-0.3493185788504771,-0.5254296710876174,-0.6027409070580827,-0.7220133303134562,-0.6828351682372773,-0.421178357879354,-0.3115357241769523,-0.22773006962514586,0.05544108590996366,0.34913676462093246,0.6170538849279037,0.5923440906028068,0.524604010215235,0.46502292715976346,0.3906293588340244,0.3009088363437229,0.19244224801937193,0.21408829712464694,0.25710994209355675,0.3822759561727942,0.4057005276352843,0.5336989164992048,0.5870539171775739,0.6040716809355047,EMSC-20131006_0000002,DEV,4.0
277,0.15378151519028016,-0.09328877104801236,0.08365514785438677,0.3597177533914806,0.325050240731942,0.27960552600514355,0.26130048194858624,0.4254420608727205,0.598789759838322,0.4496411692555675,0.28408259931826674,0.4015055894247501,0.5144806250571214,0.3081163298707912,-0.03754083266810415,-0.2361141280749699,-0.3997186860561266,-0.4603542246579231,-0.2801341977659524,-0.29579648432246497,-0.20299968513157118,-0.1532873103436998,-0.28240405777800337,-0.13193258621227955,-0.20285832822381256,-0.3748007843123773,-0.3580887833513202,-0.2982982353747623,-0.11524190309278559,0.010252522193161084,0.08824819191569766,0.08112528815259701,0.26216204347284133,0.32999987621401594,0.5080256754896286,0.6691590200202278,0.7015759720850081,EMSC-20131006_0000002,DJISU,3.2
278,1.1047308139593155,-1.0228084419372312,-0.6670555405942942,-0.5615903540551823,-0.5776247283852189,-0.5807388453932525,-0.5707917391969399,-0.6294553042037183,-0.599669404964235,-0.5553379552764248,-0.5454764763642768,-0.3804164174766207,-0.18095136127454126,-0.5283676366358172,-0.480570838334204,-0.8370390328810533,-1.0740317537911395,-1.3748106794784052,-1.5251727722641775,-1.3464082026086235,-1.2406307694725331,-1.1731846226805498,-1.2060111299294327,-0.8574520380864321,-1.0450799711618615,-1.0365702270303103,-1.235702386803105,-1.1430476016569635,-1.1399898460096463,-1.1010971056178622,-0.6468809371324671,-0.37115889246525846,-0.24369628305378477,-0.058966982484916386,-0.018378964646846185,-0.16299726331266484,-0.17257225685150246,EMSC-20131006_0000002,DRGR,8.0
279,-1.1198703623790505,0.9534558520068561,1.091028397594699,1.7068898714567853,1.6452446679688455,1.5166927737836162,1.4485627495233921,1.3525103838495638,1.3948236817487234,1.8114105842470782,1.9387837918489237,2.2809227974308293,2.077483178313598,1.4207636689230743,1.132801710960258,0.7958686171940745,0.49765701949078167,0.4525190816553515,0.5400951769264273,0.5959637659482739,0.5936894334852836,0.6579281056382253,0.5350265202571203,0.5689849599424965,0.7018024875895161,0.8357635873627025,0.8597789696426759,0.8388568647843506,0.9013202750736982,0.9594685174376023,0.999598016738048,1.0833424826359348,1.2521022578603684,1.3233932708680616,1.5061620482301148,1.6393446235917466,1.7339435591975612,EMSC-20131006_0000002,GHRR,5.3333
280,-0.1867669623448056,-0.25378786685255417,0.019074002249254818,0.7726880834671999,0.7181904642065895,0.6344032299594913,0.6123948433626616,0.48385431884432784,0.31996379407473263,0.47102471216709496,0.6345283756479443,1.3521039179203909,1.5990968230067226,0.8115443974158918,0.19290033650742355,-0.14646811534101367,-0.33683068278866024,-0.3423110865104819,-0.4420565488083881,-0.4692290955344056,-0.5293866747805227,-0.6602495687695207,-0.6815531784934734,-0.6962926826027447,-0.7649363496851338,-0.7366097233004005,-0.7058736550108939,-0.6929350162558938,-0.4938224094435535,-0.21422352840537862,-0.029713450726761792,0.1504383281848316,0.35584796125424845,0.4507290286898833,0.6555923223626543,0.8350429887961734,0.9481372041189093,EMSC-20131006_0000002,GRISU,8.0
281,0.3159978862127666,-1.0233493998999244,-0.6815083810925575,-0.003494239464100879,-0.08438256150860823,-0.23865905228085893,-0.16448177395171637,-0.005317592636229662,0.15402533626053572,0.08632513717164958,0.33880332494058596,0.20683470772522483,-0.12084307978488429,-0.6638575034401697,-1.1155349095216938,-1.2288866812012982,-1.2809567318479553,-1.8117172965327848,-1.8124711317683975,-1.64191766518831,-1.643513363675738,-1.5995067551241444,-1.4080852208465133,-1.5540103865904449,-1.479936268784682,-1.1648350431314984,-1.0780910098320025,-0.9019875536611455,-1.1819886758441758,-0.8611796418197546,-0.6499114946626126,-0.499582986189516,-0.3339814293120078,-0.17278399592770555,0.043488576131380796,0.30055993885867593,0.2863923599918934,EMSC-20131006_0000002,GZR,8.0
282,-1.1414634107880985,0.6153953288029692,0.8334042181924142,1.8565335462521557,1.809808907600913,1.7405794984090153,1.7429979467595098,1.7601915737293572,2.0906816505047345,2.097938810041212,1.2782014015325265,1.4115244863381688,1.22306546064143,1.0439864908458474,0.6167862453736612,0.41423887637295564,0.5155672237584525,0.45729631167845586,0.37577248359118354,0.355600120785021,0.3255395204929039,0.28186577969248283,0.23119469308676788,0.3199099734623978,0.3237912766585307,0.37096022981718413,0.3639108625051639,0.3686063407077418,0.44355920240545643,0.5611110305385836,0.652302156651384,0.7957606185884654,0.9746882575020255,1.0779604220950318,1.2867453580298953,1.4467369990333498,1.5451808025774163,EMSC-20131006_0000002,HUMR,8.0
283,-0.15470409471717295,0.967130269875927,1.1227030197937333,1.993276129399204,1.9264846258110704,1.8060191741923721,1.8027752564752317,1.768975128395422,1.918937241607947,2.568558226796972,2.2014632624952264,1.7164278131039028,1.1426811475861003,1.3939495160664515,1.4556784058887033,1.2618184062179374,1.0824786453110482,0.9213817854224073,0.8013524945793797,0.747733588054257,0.7308252486431632,0.940942672725126,0.7906095200773944,0.6014661653163751,0.5771366493438856,0.6388302621261177,0.716723875916859,0.8016057703961987,0.8056854333450367,0.9812136860618326,1.0068072841444362,1.0360724578901515,1.2040250628217795,1.2899975289361514,1.4815345888050313,1.6356789932794928,1.7300436972412818,EMSC-20131006_0000002,IAS,4.0
284,-0.06847753655756295,1.335628830768921,1.4273567863134664,1.40754897575672,1.3323395860870368,1.1993732913276949,1.1592959475300297,1.0058492017235698,1.142342343371321,1.5422983981753315,1.4239203758780672,1.8593769479505773,1.836268081534795,1.3466855331566059,1.1129137261060622,1.1394993524829875,1.318404242208274,1.519933994828362,1.7186192701217955,1.696825246454166,1.6717289249276668,1.971775251008041,1.8233033807257142,1.4468212900751487,1.1364769368637093,1.0590760748948922,1.028063428924674,1.0482063892504465,1.1390466027881656,1.2879879713201499,1.3360975555159271,1.4161462030853276,1.50873831187514,1.5438619845792783,1.8075320145957132,1.964498922265408,2.014654924027578,EMSC-20131006_0000002,ICOR,8.0
285,-1.3049547369268373,1.2000744667414542,1.511209107119595,1.6489752558354724,1.5797463268925687,1.4713541248127981,1.4518138469110982,1.4172899495875222,1.2504317308260386,1.3242714872446557,1.8230774242876415,1.9179252389611392,1.516191209373201,1.5670058953988857,1.3515369374725856,1.2558725582119061,1.2088065442807387,1.1463424526430357,1.0900077364591656,1.0563099631999342,1.0792213989348438,1.11412055417696,1.0793788197909313,1.0724615554631827,1.0080294308947186,0.9761220566305706,0.9878986473752196,0.9931710623493935,1.0882305013836762,1.3442388971667363,1.5171976404234773,1.6584903037312007,1.8342070478628063,1.9367074758383778,2.1302477351181164,2.277871412265677,2.368433824417517,EMSC-20131006_0000002,LEHL,8.0
286,0.26621057324416686,-0.9506602883382271,-0.7751872648812554,-0.8467937706697501,-0.8707989222583867,-0.876266863795685,-0.6304455373586295,-0.7052646025837577,-0.40391143612402036,-0.8362370708560283,-0.5032094284731103,-0.8295604068405851,-0.7906727386021375,-0.9820951379324043,-1.154431231771535,-1.3100127579705525,-1.39670796030968,-1.3453860375654978,-1.3395989670090085,-1.3065216381094817,-1.2109547390161168,-1.3741518545336682,-1.3423384110639942,-1.0916381915962,-1.072415850169846,-1.006218825830711,-0.8246336558627831,-0.7360233692700238,-0.762641816102434,-0.8044184333369255,-0.8207613427443778,-0.7427277212711445,-0.5888490886570761,-0.5188751336384065,-0.4060460239230217,-0.2786367723551706,-0.260666762273134,EMSC-20131006_0000002,LOT,8.0
287,-0.47181863418865566,0.22364823989796534,0.4471805859447038,1.38060339964216,1.3204151734298186,1.2508005333905023,1.2771258447904357,1.394512740232278,1.697987082215246,1.6517915054590824,1.2229993314906533,1.5216839842535688,1.4250266506140257,1.0486566434873357,0.5978318396197757,0.10351430298372666,-0.170754309477676,-0.3880126297861217,-0.2841333554681409,-0.29245535597153705,-0.2612811945648197,-0.21255674880255793,-0.05207127690327429,0.023377129293573162,0.0371450443848893,-0.11793861079682344,-0.08940815816540315,-0.1722956751288347,-0.010328802549905092,0.24932670698252757,0.3719617638585557,0.5305961886038695,0.7089686087746223,0.7821045233741604,0.9873574089514747,1.1564456834210564,1.279670655939368,EMSC-20131006_0000002,MILM,8.0
288,-0.5874448203414095,0.3135361794515452,0.5194091319993825,-0.30497662125109404,-0.404551428594627,-0.596582758786802,-0.6755294697954861,-0.8789526290471272,-0.9119207485228751,-0.6872879396896723,-0.4493816917338158,0.019334514060649788,0.01826193397414322,-0.18108701013059125,0.05207799523559942,0.4510947199779567,0.7523365314738193,0.708658978875139,0.4277915218767401,0.27521563597619547,0.20263358812791576,0.22707192356101213,0.206258434615898,0.11776009394814935,0.31410926908189385,0.4786936557121031,0.4629741937930474,0.5049280314835158,0.5384404764656594,0.5082298860934502,0.5748157310954696,0.6824239831866805,0.7724887618135448,0.7928754654863237,0.8370623371890975,0.8685519560310428,0.9187042258435998,EMSC-20131006_0000002,MLR,26.6667
289,-0.6636964477793343,-0.02811030544631965,0.21273752237554966,1.2587106145038298,1.2298738877632287,1.1700314302361505,1.3515919281503734,1.5002352568593267,1.6395280465410869,1.1065799096546343,1.3902803327228876,1.1620969539070183,0.8756326487549622,0.365230405918477,-0.0683267735078017,-0.35511113239654435,-0.5288702175476745,-0.9754531907537567,-1.0053180560234916,-0.9813433037014692,-0.8323054231368481,-0.6519855926589715,-0.49491104679315345,-0.3495811759736638,-0.2727110937002424,-0.22883134222008472,-0.14423290142252299,-0.09137284930133216,-0.06411961837182467,0.0608724453837759,0.17459817762136254,0.2863803780447274,0.45380472655701,0.5361767498293606,0.7303079000671602,0.8890671912057115,0.9881912445360239,EMSC-20131006_0000002,OTISU,8.0
290,-0.7446951949128096,0.125572879754138,0.45220792351253536,1.0596357223001327,1.0230340167644525,0.9330548081198455,0.9981442248247747,1.131248679323178,1.221689992447371,1.5542695426607436,1.2128919648506047,1.2125934535875436,0.7479307959930432,0.3184696502959832,0.2828417397406895,0.37277065352174477,0.3082789353083908,0.102429942626582,0.06609045790201407,-0.03584385598709883,-0.0472044695956253,-0.13610290414248105,-0.19381968562043816,-0.08640856242635486,-0.17668038032209843,-0.30867071169122795,-0.23050962736219027,-0.12178210555075353,0.06708869986810306,0.23399742256669853,0.3865642553694686,0.5309617337378869,0.7060730853757544,0.8083121234408157,1.0077582665432896,1.1552400579372364,1.2968330806584625,EMSC-20131006_0000002,PETR,8.0
291,-0.014926760131928951,-0.6733835931872312,-0.5687686567848518,-0.3635097183508149,-0.44886210597496046,-0.6090846882416159,-0.6651849893017365,-0.6724682855433195,-0.6286963253070357,-0.11814807742887368,-0.2629684554119365,-0.18727838161140697,0.13380862227962975,0.4309207997546549,0.31267177080798936,0.18339545745503738,0.11993310691532866,-0.09184357948821731,-0.48290115691139146,-0.5512300926234115,-0.495829360908159,-0.7291365331555975,-0.9323981952753844,-0.9376833549059826,-0.928807937859923,-0.8277107985911867,-0.7706873288243035,-1.0076302000574486,-0.9718247437989964,-0.8034102636867972,-0.7577079937548898,-0.5043830811341792,-0.4162514168488496,-0.34030750068540705,-0.1945825722536334,0.03321229166957984,0.16138085120550016,EMSC-20131006_0000002,PLOR,8.0
292,0.010388341194756734,-0.5959899773501114,-0.47152815469094733,-0.25355742041976015,-0.33763226184316597,-0.48301676174550234,-0.5475209512513892,-0.5057394841149776,-0.5051715221829247,-0.018586301376234182,-0.09274587024650716,0.1874408606458764,-0.07528017368368634,0.234501810253549,0.4721029298155788,0.2936488526539387,-0.010214567039658284,-0.33182085416168405,-0.5137612713095043,-0.6776825261053352,-0.5461966380710015,-0.7073097927518193,-0.8105097742574294,-0.6447467659615747,-0.7805208350159978,-0.6522024513691296,-0.5411434675463846,-0.8424455074536246,-0.8851712542597765,-0.7160547768313741,-0.605318154727053,-0.40883179269407677,-0.32722308042755444,-0.2650810868046367,-0.07977710634085255,0.09642308982011372,0.2716304082625971,EMSC-20131006_0000002,PLOR1,13.3333
293,-0.018026760131928832,-0.6876155482360975,-0.5817552407294686,-0.37162964202777005,-0.4563842163832774,-0.6153443563943854,-0.670843721116686,-0.6773101308488609,-0.6343604562796514,-0.12567152297569306,-0.27268447980247856,-0.19812558296772043,0.12171469162187076,0.41770774748837614,0.29859774873449263,0.16887922949682732,0.10502131231392031,-0.10761778698600555,-0.49931176422288637,-0.5679255319616647,-0.5125101782872257,-0.7457906654060027,-0.9490284568647862,-0.9539973062144371,-0.9448544526364504,-0.8434250640454355,-0.78601368362777,-1.0226095569594955,-0.9861916683170238,-0.8167836249601486,-0.7705915581755978,-0.5168423642224287,-0.4283855485512795,-0.35215077456195587,-0.20582970818337643,0.0224867949313996,0.15099581328697376,EMSC-20131006_0000002,PLOR4,8.0
294,-0.3670536674213487,-0.39664627330464164,-0.145281410145639,1.2408268240316298,1.2415559979647766,1.283483459069834,1.6781789505324252,1.7289193689968183,2.066546040633482,1.7005158755664942,1.0052848307268833,0.8420788386253459,0.7794338260045031,0.49103346241639656,0.02552714774340803,-0.4135299572427078,-0.6113150559552833,-1.009521224904102,-1.1363728641915136,-1.1609952352023605,-1.1214865298325147,-1.0257574640078513,-1.1588399095123183,-1.1896526416575446,-1.10387811153364,-0.923868403829263,-0.7255366342483072,-0.6643044343743796,-0.42485105677677026,-0.10387794250520166,-0.21961790205645393,-0.1008734259868671,0.08434474685946469,0.1601935789782658,0.4037535127120542,0.5750873997848984,0.6612115888142771,EMSC-20131006_0000002,PUNG,8.0
295,0.2221167857433648,0.17286497204060325,0.3691596841303513,0.32110070671808444,0.2910700667083379,0.33391104956783213,0.3388139427239176,0.7110308671825694,0.3874534035055719,0.43804043668640524,0.23686564929461884,0.3622364388492265,0.16302808521187817,-0.036729251967206444,-0.278056651731732,-0.33792412140787675,-0.2429273500002438,-0.412654891851548,-0.12942130859582957,-0.40114710759653693,-0.41520368424168286,-0.330722594875005,-0.15345554083283197,0.42798179298721806,0.4803525366082839,0.3508567929992443,0.23282459264043442,0.20779264248340645,0.19761396079304383,0.30069185605076765,0.39558666064954906,0.4257950567054767,0.526900795452196,0.5657648004328895,0.7070006278200651,0.8312229643023024,0.9168850161419915,EMSC-20131006_0000002,RASA,8.0
296,-0.8855948661345598,0.9323465651134715,1.1287718888952298,1.2444858228369649,1.1994868611094471,1.1696229481391134,1.2207936191364976,1.5739072110083812,1.158809057812006,1.284708620726684,0.8328727204213289,1.144483433105326,1.4328413441669436,1.3580834869272667,1.4105267814622526,1.2249734683222298,1.1210920558590707,1.1644272329739818,1.000950531854543,0.9657154084278643,0.9462233796890063,0.8502883137931212,0.7769463803587682,0.7760176904485991,0.7566826003980527,0.7178061735620798,0.7087481095197621,0.7069480260095968,0.8312265717691192,0.9735738612185862,1.0177331419405684,1.153189934950099,1.3203118302877543,1.416658005835325,1.609938116874222,1.7876864105769261,1.904222001640754,EMSC-20131006_0000002,SULR,13.3333
297,-0.036852872557335825,-0.6341115068662369,-0.42364020529862234,-0.49195895389779487,-0.5702257560801405,-0.693914696679526,-0.46671197194268377,-0.5239564074874012,-0.6141204006457377,-0.6120627439582185,-0.05643454889941424,0.04992767792649566,-0.24078324258390715,-0.44442278359080856,-0.6895202094151953,-0.7195575017938429,-0.6981549090829278,-0.8021087523667143,-0.8553475467142633,-0.8046686065904209,-0.6987814865830879,-0.6424554328563481,-0.7503705983854561,-0.6150731981087478,-0.8013111734679725,-0.7290837667868937,-0.7188389841533374,-0.7061655430437757,-0.6807245781211648,-0.4565586032687108,-0.357843132351535,-0.2864015135549991,-0.15177983703496345,-0.1301551542822299,0.010390515498603037,0.15052362662205532,0.21500966338651217,EMSC-20131006_0000002,TESR,8.0
298,0.1668745386941044,0.514787713288392,0.7587841447499262,0.7142656393689242,0.6365231093407102,0.5409614459122185,0.5427319312164967,0.5653169459808334,0.6070847872691889,0.6520115518047485,0.42828153142172454,0.7240968002246664,0.3205939829643487,0.1648581611983353,0.1918609700207572,0.36023252298805897,0.43365651770982705,0.4622038249402056,0.7930778086424599,0.8163250316422737,0.7926017262694858,0.5347036431600785,0.24983036865412078,0.38140714670335196,0.3740933185673576,0.42327897025789074,0.5499373748748582,0.5403321078922918,0.5180938052966297,0.7440986153142806,0.8311410917345672,0.859868183717488,0.9356949981014022,0.9424801984853879,1.0588891525615125,1.1567074128506931,1.221922517154681,EMSC-20131006_0000002,TLB,8.0
299,-0.15930788976591748,0.27057110006624896,0.45833373536355726,0.5437344078064772,0.49436066021310143,0.4411803375960943,0.4775423708029045,0.4379293849688013,0.6331452485324576,0.8109161146806345,0.7373479990496561,0.794399768128379,0.72100444152625,0.519477537750431,0.3168159912185269,-0.032301991532374785,-0.03266729608488639,0.2744232417143069,-0.017012021161088242,-0.0928224857066704,-0.18985063206018982,-0.15845457635379656,-0.14091410379903824,0.04862822881342055,0.08909909713646247,0.05989758071597251,0.17028759256125436,0.2041898966925686,0.4452607156468975,0.42064513959735805,0.4496098112144864,0.4949331237954553,0.6492941908250724,0.697773116023372,0.8532733658732958,0.9690722975632653,1.036749698944341,EMSC-20131006_0000002,TRISU,8.0
300,0.03614861459500718,-0.08368379726425434,0.21743535396128344,0.5482389959564102,0.4950512692482496,0.46830098920344376,0.5371480126298538,1.1605553834411548,0.8761043068600536,0.7076626252891307,0.44484467873960565,0.5633105291956904,0.43116989205200085,0.4680567030228602,0.2323726332904439,0.10799929998240287,-0.06448148015929434,-0.3702758225596172,-0.3532387876205698,-0.4464828317499929,-0.42483307805587867,-0.484560610103383,-0.6106098661971169,-0.5133915403714386,-0.43529510789042813,-0.44595560213739294,-0.23694767475230893,-0.2818954834495706,-0.1580185460983916,0.38683354272648884,0.4393866183440256,0.5130299273590051,0.7316199914614767,0.5845371865872728,0.4925144861669999,0.5580312722550911,0.6414659923173041,EMSC-20131006_0000002,VLAD,8.0
301,-0.7958794443901258,-1.6199776411030005,-1.394710800481529,-1.5899692588560974,-1.6469007500975685,-1.761362611286196,-1.7684526286258144,-1.7397142002490575,-1.637796603847959,-1.3120739496715421,-1.3863150467432588,-1.3386249965609363,-1.1155610983587225,-1.7382874880534853,-2.170665913843065,-2.2622708263345404,-2.2968796928267636,-2.078386837976635,-1.9427252149641117,-1.8057178630937205,-1.8285333121444216,-1.7075404560659235,-1.7569098747157632,-1.6147462303000104,-1.4766563967657946,-1.5538202747398024,-1.561974281959806,-1.6127878190318938,-1.5922983314344163,-1.5169624207320425,-1.4006200750508917,-1.2123487331347746,-1.1488610987006425,-1.0411820640802834,-0.9358128030343842,-0.780602092045509,-0.7038767076788783,EMSC-20131006_0000002,VOIR,8.0
302,-0.1465595835036102,-0.24493352739652074,-0.023753274763053334,0.5630192512710508,0.48309848730151783,0.344044683231735,0.26035998474799316,0.007853235748647602,0.031540290282630945,0.5817598897624516,0.5634318882262321,0.8486947948636443,1.2040545683908346,0.9602466017975728,0.5126219124538993,0.17269933293888862,-0.006818572690045599,-0.1442119671973101,-0.3173720567353575,-0.3806564309078242,-0.44425661386403714,-0.6403752731482673,-0.6871300174407411,-0.8861264455650488,-0.7609385738087093,-0.6167318755506024,-0.6424664148574974,-0.687221710834848,-0.37995187796762675,-0.22034811042501357,-0.11516121278459757,0.031105359412299194,0.21449150157676122,0.3775937389033537,0.6269253880584849,0.8257030036253337,0.9548054307238107,EMSC-20131006_0000002,VRI,4.0
303,0.4054768873149195,-1.4519603078892827,-1.104713246193107,-0.39836330492374916,-0.42087890419682505,-0.44412302445688834,-0.3263990676142585,0.39239549755343806,-0.3955353646456743,-0.5023212202127185,-0.7204034118341838,-0.5727669753000537,-0.15222832573025347,-0.16580143788228607,-0.7500414124819192,-1.1745254733577397,-1.5679314912452922,-1.888905466192604,-2.0148900192136114,-1.953332919818827,-1.9527420831901452,-2.3242758461246007,-2.403260169047565,-2.2519608343787034,-2.0764509905917787,-1.802361902335596,-1.661090578065286,-1.6141871490263746,-1.4736513506620046,-1.2118381970751724,-1.029914632499672,-0.9000167517707354,-0.7274777646442079,-0.6438975415181307,-0.3468678817273414,-0.22330664498940322,-0.11391833592039546,EMSC-20131015_0000091,KUBB,8.0
304,0.4386857120089025,-2.2229643015072647,-1.7777872706723201,-1.4788297371570414,-1.5194640038666885,-1.5609375107833028,-1.5650821893983249,-1.3837151114532107,-1.6998210754414034,-1.4877544523950226,-1.0564268696554775,-0.8524448544940784,-1.2819334475060886,-1.3457794382728432,-1.4226149820751877,-1.765560626212583,-1.9033846879384066,-2.4287854146260743,-2.571097443300949,-2.621870577736062,-2.6008177258217566,-2.674612722160872,-2.7286313315993898,-2.6925658196681086,-2.6902250488884842,-2.745766027891629,-2.727000390504063,-2.509587736328333,-2.21297410533683,-1.8651359948973294,-1.6590926460553188,-1.4332501071684298,-1.2872652285693036,-1.2049543257341035,-0.9725741704077002,-0.7480644325621633,-0.6328942220536824,EMSC-20131015_0000091,RUSAM,8.0
305,0.3786711450906579,-1.796853070268753,-1.5190363889940315,-0.8441697875162317,-0.8831248804760152,-0.5492401560261424,-0.5253510972305966,-0.5344285159796325,-0.5343044019014984,-0.9535513291844122,-0.5719920154865674,-0.3068180625315984,-0.7579413254061862,-0.8734289540758544,-1.0259041867625909,-1.3189467445448342,-1.5526338576714807,-1.8612661314132453,-2.17242937976519,-2.379799173472205,-2.511562278634539,-2.515805078998045,-2.5259625160284624,-2.364413815205852,-2.3396191126917767,-2.2637119793890292,-2.1779071312517697,-1.9442958257084033,-1.772016251122876,-1.647165167682715,-1.5439748801225655,-1.4300285579354632,-1.2697965424110649,-1.1788302995999587,-0.9469452504407805,-0.7699984919524745,-0.6060273725361487,EMSC-20131015_0000091,SILAM,4.0
306,0.3975079102942032,-1.6379912944028607,-1.2407903140334327,-0.07001764561814561,-0.03393770654621697,0.5900557106598452,0.4020085773582549,0.35971788161153206,0.06507157849292078,-0.298681705596441,-0.816422988398692,-1.248824520704126,-1.4455930048108891,-1.5490406485071802,-1.82299175630542,-2.0791718599624778,-2.203871659821104,-2.3035127054756988,-2.216011766861641,-2.298629881689405,-2.195911204638316,-1.9584193739314957,-2.015885132257508,-1.8965896291001663,-1.861293558829944,-1.861631161664838,-1.880645085466564,-1.86482348477724,-1.7652112990464932,-1.4956167027785163,-1.2897534584688408,-1.1153255006475202,-0.9118338410660449,-0.8331190821823427,-0.6061665659529574,-0.41481420005951897,-0.27704051559749665,EMSC-20131015_0000091,TIRR,8.0
307,0.37492774815242447,-1.9373851418505925,-1.6028570102067157,-1.4549742047399778,-1.5075836458185856,-1.5928063615744241,-1.466869371392093,-1.441022463540195,-1.2336764606497104,-0.9980510489193923,-1.4599985794378956,-1.5992868188318035,-1.6959661418064744,-2.159407527979911,-2.1437996469703258,-2.121377489190327,-2.1388394523815393,-2.4082739710071834,-2.527089129001082,-2.6392927828289654,-2.5569308918717972,-2.4360393705066103,-2.3331556737998014,-2.107450976499565,-2.0448037461610102,-2.0302556527148967,-1.9862220712050513,-1.8896688441346141,-1.7639658795912183,-1.6374173662877638,-1.5303935597390783,-1.4226514216281956,-1.2425500264306901,-1.204517798259074,-1.0721378071645375,-0.9729980394892088,-0.8601369256016334,EMSC-20131015_0000091,BAC,3.2
308,0.19645705596706575,-1.147632177100233,-0.9127070824800576,-1.527605047389354,-1.60296198816779,-1.7532079484659944,-1.7715114435137602,-1.812087064608507,-1.624435769547535,-1.84710204985449,-1.3917670952948367,-1.2678383093194698,-1.0800664701606584,-0.8815640717327158,-0.9411683784117688,-1.1219765454897939,-0.8756856922293679,-1.0114488867979539,-1.3701245617137703,-1.1875537217370598,-1.001254521420969,-1.3329816228100437,-1.4352487518165749,-1.287037034571635,-1.023146593704232,-1.0451762353764487,-1.1149727429826317,-1.0387386444641624,-1.0730729073722127,-1.0175752416458792,-0.789935252065531,-0.8029990136716378,-0.6223525165866128,-0.6086693334406288,-0.3687272701974109,-0.2689765677284299,-0.2541770819566409,EMSC-20131015_0000091,BISRR,8.0
309,-0.9397148891842351,-0.7309093718314088,-0.36093466014559006,0.06325882585964582,-0.010854719653346834,-0.14532485271029127,-0.18873095731131073,-0.2466545001076783,-0.49519834032498,-0.007269733984867521,0.41618923685797604,0.39989067998394745,0.3106690739789242,0.29283027698321273,-0.04140581771894514,-0.43400847476197235,-0.6381333856543341,-0.9229359745452008,-1.0720359699957038,-1.143375006308772,-1.2093349206786028,-1.1962032238310423,-1.2912713827803328,-1.2890168055159652,-1.1120457841400802,-1.1052124576514677,-1.0757476518632831,-1.016143695326626,-0.7908228556010855,-0.5405753430499587,-0.3175840242756909,-0.12726313798318856,0.06569012696841803,0.1892670990133798,0.3670062529181344,0.5257537594904012,0.5967861617793968,EMSC-20131015_0000091,BUC1,4.0
310,0.18326511917084698,-1.5692044323009675,-1.136007606484462,-0.1137176332748453,-0.15140285130988662,-0.04900680143404834,0.16929710869828618,0.6644050329817341,-0.03559017920227969,-0.278910934185455,-0.18133828873549707,-0.8365172285201812,-0.9711530279912264,-1.2021897252269254,-1.2840615591969415,-1.2521669241339701,-1.377329205264597,-1.8054407557576706,-1.9334096990147573,-1.9907630963095446,-2.041670053228297,-2.1530970342374847,-2.2618643292543705,-2.1374661462129074,-2.0042021785885327,-1.862135036215327,-1.855622901526357,-1.899086884845632,-1.5687180836331667,-1.3565371491707978,-1.1783636331707878,-0.9745665937074275,-0.7808470160055112,-0.6558299102512422,-0.42195061747023566,-0.23299413125345758,-0.10209867099104564,EMSC-20131015_0000091,CFR,8.0
311,0.43970370470487286,-1.2072154714299588,-0.9574715912092451,-0.7766395615443287,-0.8427926233986351,-0.9436709207115737,-0.9782773406055831,-0.8831769049080851,-1.1465053363547,-1.116843706996983,-1.020301603437857,-0.5288882375335779,-0.3494755097084834,-0.2648770596844372,-0.42105794370905425,-0.7317168785260186,-0.9138462644591163,-1.2972273189877912,-1.5403356464170557,-1.6111883540866767,-1.5963876211660066,-1.462768360807864,-1.347561980852369,-1.3435824887318226,-1.4721842934597715,-1.6171964495182198,-1.5608801288616831,-1.4536540147537433,-1.3504781647427517,-1.1008383542040434,-0.9666229018779458,-0.8193367087275494,-0.6489165292834418,-0.5301440366015786,-0.32785481209192646,-0.12255469691703169,-0.08054428368999211,EMSC-20131015_0000091,CLISU,8.0
312,-0.2499728000721122,-1.3259753834261518,-0.9821089478703637,-0.025730847452107852,-0.0534307457584422,-0.08214655495191447,-0.039878176417869504,0.23629562670681015,0.10610640363772106,-0.3130465557697457,0.058864179465626165,-0.454845502466406,-0.6392273976559393,-1.12805994349383,-1.1791416722673507,-1.1572396555485716,-1.3225302245035886,-1.5259932262717255,-1.4458174184441654,-1.4694803997735884,-1.4584952091816374,-1.4373923864242766,-1.5658637905736992,-1.7090431759459177,-1.7988509447815533,-1.7864388390923445,-1.7523576354610668,-1.6077881725009817,-1.4691837906272003,-1.2207141129103913,-0.9993601233478344,-0.8580165720115325,-0.6963976490310078,-0.647038360213072,-0.42031792117985134,-0.26631350826478695,-0.15594053499816063,EMSC-20131015_0000091,CNCR,3.2
313,-0.3295756817552369,-0.7720267012623516,-0.4183279429107465,-0.019600907672245427,-0.07359664310886416,-0.0967668043490626,0.09286306917131082,0.10464892753392263,0.43541448002343053,0.14330423436955986,-0.08051815120350447,0.02730852223358582,-0.31270475558392175,-0.5501267442635447,-0.5706184182495795,-0.8910860182221887,-0.8501461290822352,-1.0170680223822446,-1.1301865006619911,-1.1364475369485474,-1.0644900061227336,-0.9466734851458236,-1.044421282951248,-0.9608015736167257,-1.0129484303541734,-0.9984200173511582,-1.0013299687464166,-0.9604868937142275,-0.842366304110163,-0.5514009722481887,-0.3978294555993198,-0.24571069987135452,-0.03252961505872243,0.043588161399592096,0.1954104848416396,0.34478193178120975,0.42856498188149494,EMSC-20131015_0000091,COPA,8.0
314,-0.5815798323910881,-0.5554994088590348,-0.18654483831272195,-0.09812069964738424,-0.15772150066072665,-0.24940418665424247,-0.2441133790795993,-0.05050446618464477,-0.0665764657692618,-0.19170341992201134,-0.2372164496762128,0.11331015582272119,0.12481206676973144,-0.13026996888657916,-0.2356597827899769,-0.22497357409151775,-0.3724158946156777,-0.46173823333644304,-0.6767334864412629,-0.8721319473929947,-0.9671645065447496,-1.0236300757235606,-1.0873270715274863,-0.9521002518391963,-0.8745214217477661,-0.7554152016602433,-0.7778259372850922,-0.7664687552407505,-0.5111947668457582,-0.2947491907018769,-0.09745274893008471,0.0696389079634514,0.21383224108548937,0.3030831130633942,0.41307525732269745,0.5398052401306455,0.6395680101860819,EMSC-20131015_0000091,GHRR,8.0
315,-1.1338905352413189,-0.3652711116096974,-0.011903895014661714,0.6513309802969047,0.5895653358191231,0.6035784514992102,0.6350569710404965,0.6684826472650585,0.7438051963189691,1.1361616725567787,0.36921691015339597,0.29345279473615893,0.24679693327854935,-0.26069209915073177,-0.36647136299805805,-0.460404314444248,-0.5830330942504363,-0.7434460267661445,-0.789081002423508,-0.7804996475354677,-0.7501123330825452,-0.5272406669345377,-0.5919338171685702,-0.7178725684010709,-0.7691884257538506,-0.7070886719913521,-0.6371583752071235,-0.5569928310165739,-0.3756547097541958,-0.1577690399555216,0.0003181517317969451,0.16209640710540718,0.3489936050983342,0.41874091096683763,0.6093432414835078,0.8189907934208396,0.9605345568916448,EMSC-20131015_0000091,HUMR,8.0
316,0.5641365460264058,-0.8076999503700026,-0.5430200980722582,-0.1610710350100515,-0.19737518357067252,-0.2812892548700239,0.020510698095047353,-0.243915064730591,-0.33247133852160804,0.17216575071503026,-0.4875302147668954,-0.5405610566462133,-0.9800132109419248,-0.943984091537402,-0.7743128425275732,-0.6556785511962762,-0.7877049276278241,-0.8024751918920163,-0.8668841841517381,-0.8614646917096387,-0.9272691017871395,-0.8964934588086786,-0.935257923856998,-1.1840839201859383,-1.1121171093586284,-1.0095367766891936,-1.1346254022573365,-0.8914787718264865,-0.7462673478325463,-0.6350945654113893,-0.5951821201868874,-0.5075150264724009,-0.339436412967812,-0.26331329751547905,-0.09184748129080944,0.11065508290972659,0.20562948444177032,EMSC-20131015_0000091,IAS,8.0
317,0.5351317473800443,-0.827847014115763,-0.6643687545422399,-0.45739646226773356,-0.526099047981667,-0.49062519041868846,-0.46151880011441637,-0.5894667668503395,-0.48197654785112487,0.0777171893326738,-0.0465234502720433,0.028019793731874465,0.24977673314397997,-0.01913514043035569,-0.2670928653864877,-0.4599167109135047,-0.3845471046880782,-0.7481536572554264,-0.6532233198892747,-0.5323313234706433,-0.34283489261701217,-0.30639512155149706,-0.7151524372547291,-0.8074386198880132,-0.9935070977331177,-1.1650312978695414,-1.2424196470870577,-1.1904410052830166,-1.1174848219313773,-1.0003516910545933,-0.8137226294922897,-0.6165833866808654,-0.4687188388661063,-0.36165518102421856,-0.13262585005260696,0.05773827727081837,0.19414950253275087,EMSC-20131015_0000091,ICOR,1.7778
318,0.28328768511077485,-1.2609740741482618,-1.0495625084274742,-1.4393647350661807,-1.4802523375740426,-1.101372954065262,-1.0720706617927753,-1.1008437552757284,-1.4072791533766429,-1.5613841876163272,-1.3182339100554685,-1.0565144188191855,-0.7411945326004812,-0.9272995912730506,-1.0402655799660554,-1.065500075038421,-0.874952727687468,-1.1892773291004177,-1.2034063950341913,-1.2234689394126024,-1.2064248269020794,-1.4432861698706843,-1.4397854360165283,-1.4414176174153637,-1.510277818230735,-1.3851032568383754,-1.3100992055581644,-1.405917367616068,-1.2181416283389552,-1.0210975516824927,-0.9443424004223431,-0.8480734011675466,-0.7398411462812895,-0.7194262479628488,-0.6165037779929996,-0.5370055929850412,-0.4701490688987704,EMSC-20131015_0000091,ISR,8.0
319,-0.08105103371796529,-0.8524078316643564,-0.5001509835398146,-0.33495734983600034,-0.3667787934575166,-0.4174661119875953,-0.38084334918355367,0.09525408199928442,-0.47607175397858637,-0.7782228513373779,-0.3872713747806573,-0.5167479945967894,-0.6871531839964113,-0.43546014018661516,-0.5516536873441833,-0.5008358691841037,-0.5458587330651579,-0.9145150523524199,-1.0110694897431598,-1.053406356211104,-1.091030046760169,-1.1842371098110451,-1.1934401886105226,-1.0859409428411713,-1.122480423841563,-1.0903115912197503,-1.0254381536169648,-0.9598643925723014,-0.909637429764917,-0.6479433851732601,-0.4752606936236816,-0.32619801662360715,-0.1542550041048596,-0.09575251264341667,0.16526121963620533,0.2759771711262502,0.40722711620615115,EMSC-20131015_0000091,LEHL,8.0
320,-0.01507114674294563,-1.7119994538063992,-1.509796151103954,-1.2518860292777712,-1.2983073461060988,-1.3275007061897925,-1.1616485514199217,-1.0692092159364597,-1.075114219366589,-0.9913750104889427,-0.9361260347552784,-1.0673454136101963,-1.3535698511132273,-1.6868861473794965,-1.7525924859213111,-2.0505004178449866,-2.0011745637371012,-1.6061173747276403,-1.698497116952523,-1.644538136369741,-1.7064745168103785,-1.7032551339400417,-1.756586487662756,-1.7509227676101258,-1.8116863230997193,-1.8641408196618485,-1.8053613712017356,-1.8561221164530863,-1.9313766649401973,-1.6676510434403085,-1.5591447072027638,-1.4321287313671913,-1.3239953064849495,-1.317278794454916,-1.12555916387387,-1.0157204013970969,-0.9516141255658521,EMSC-20131015_0000091,LOT,3.2
321,-0.19045822081746389,-1.6886074467020151,-1.4852871513423302,-2.273322207310886,-2.374162184137245,-2.572643974944498,-2.644550055327894,-2.815099852104,-2.8476771376018837,-2.518179008417909,-2.151655546579355,-1.76113002737491,-1.6011912252074838,-1.5475037143361279,-1.2439406688766148,-1.1401177542978846,-1.103505704824296,-1.3708886561387068,-1.3829361980635193,-1.4863250985014664,-1.4684763399433054,-1.7005286230178545,-1.7650126919674305,-1.8288787850581611,-1.6183171044155857,-1.6586986277590778,-1.707309543984735,-1.614259091019136,-1.761951237973575,-1.557935687918297,-1.4583804276491676,-1.3575669469819154,-1.2246257761957953,-1.171123947934694,-1.055357808087141,-0.9675453470995699,-0.8552240245512461,EMSC-20131015_0000091,MLR,8.0
322,-0.6340226813307694,-0.7686594084831322,-0.4603867033760256,-0.10198809503909079,-0.13033365095579974,-0.0883175355543484,0.13720511557937343,0.08331798376312971,0.3207020290966076,-0.12451011104358933,0.2763558548918521,-0.014969838169977656,-0.6462685036495692,-0.9685096531776596,-1.1559948931609618,-1.3039086351281304,-1.1394607045440903,-1.0958411993884596,-1.0377512485312455,-1.0301144147766381,-1.0282249961541154,-0.9007004444790176,-0.9632487229266857,-0.9860371219769233,-0.986537582753102,-0.968512728368423,-0.8587537446017901,-0.787242580465934,-0.7298907223589399,-0.6033528502198706,-0.5068781884846452,-0.3598659953477181,-0.18596313717402957,-0.1024520144491543,0.07396817542644385,0.20587277183243202,0.26961513026726003,EMSC-20131015_0000091,OTISU,8.0
323,-1.014354814047692,-1.149222306940465,-0.7200901478203079,-0.1860790929494902,-0.21404858195759235,-0.22560370703397492,-0.17668153849850654,0.014950326855145413,-0.055627711244055966,-0.017486919816815494,-0.051516712904344786,-0.0694040431838534,-0.2749384696138666,-0.6213200120360245,-0.7071800808220905,-0.7406351620529978,-0.933297308695586,-1.2976771494842207,-1.4067161120469107,-1.4638803993160332,-1.5207232386334644,-1.6539393833828662,-1.7597172801271945,-1.7795904466861519,-1.650685308834709,-1.5336439384384795,-1.437444451775475,-1.3926135671975448,-1.1443794779669858,-0.8508832994709081,-0.6528873814920804,-0.48060050540961363,-0.305791248090463,-0.16978714727653887,0.014478238587694037,0.2126523008036454,0.31898956263508893,EMSC-20131015_0000091,PETR,4.0
324,-0.11060992226262734,-1.530641653174623,-1.2319152860399818,-1.328738238502444,-1.4120747506914757,-1.5628618373546495,-1.6352514422879771,-1.8276560574204144,-1.6331420729834534,-1.602216508732993,-1.2454095080090104,-1.0116045636722957,-0.5609830473658661,-0.7022278185003783,-0.7264789639770939,-0.7173922324171862,-0.96335824931516,-1.4411623325599727,-1.7024679485760315,-1.6358522598435519,-1.7832512072417286,-1.8760933864195142,-1.8156473981401948,-1.8618735748562392,-1.8448971300005397,-1.7658924599933234,-1.7583415355710015,-1.614230239691727,-1.610148655393969,-1.513828809911617,-1.2467500294715546,-0.9650323671849534,-0.7495242732243401,-0.7179591703313584,-0.6406532459399603,-0.4592398875984056,-0.31886527414357246,EMSC-20131015_0000091,PLOR,8.0
325,0.009358006590368007,-1.4592252759913693,-1.1696869925705595,-1.4957475616710418,-1.5756880528741846,-1.7231689045062106,-1.7655451876582378,-1.8720669099497824,-1.6601251258615592,-1.3900273378714987,-1.3643126692062681,-1.2098368136117381,-1.1957549076758065,-0.8201814696243632,-0.34134828023568353,-0.6453976878848566,-0.9467722805407357,-1.2987067186890338,-1.477987780405189,-1.5471321867409014,-1.5369235097819374,-1.5976150247137149,-1.7144145245851954,-1.7952964872396233,-1.7092552562283778,-1.6297310997835268,-1.6898147314714285,-1.5620908127876483,-1.4088344912919055,-1.2795386965261475,-1.1492353020495987,-0.9913974016534457,-0.803603053345034,-0.7268786231164075,-0.5331023727519337,-0.38881078343799835,-0.29973149076894856,EMSC-20131015_0000091,PLOR1,8.0
326,-0.11370992226262722,-1.5449004366144425,-1.2449135733476844,-1.3369751958102647,-1.4197252488714476,-1.5692755682440884,-1.6410772669254774,-1.8326831921365185,-1.639003140116177,-1.609933719676203,-1.2553077746918664,-1.0226212937601868,-0.5732348946414065,-0.7154826006340924,-0.7405529860505915,-0.7319084603753963,-0.9782700439165684,-1.456936540057761,-1.7188785558875264,-1.652547699181805,-1.7999320246207953,-1.8927475186699194,-1.8322776597295967,-1.8781875261646936,-1.860943644777067,-1.7816067254475723,-1.773667890374468,-1.6292095965937738,-1.6245155799119964,-1.5272021711849675,-1.2596335938922607,-0.977491650273203,-0.7616584049267701,-0.7298024442079072,-0.6519003818697033,-0.46996538433658586,-0.32925031206209887,EMSC-20131015_0000091,PLOR4,8.0
327,0.3379964067883017,-1.561582734171055,-1.28715320248447,-0.8018361736310213,-0.728016148538245,-0.33648097961992995,0.00788399175092458,0.058129302692510265,-0.5078988941106681,-1.094832354795698,-0.9386402145028745,-1.0614876729595686,-1.4868507996666676,-1.1872542037873384,-1.3709060633584764,-1.4448965335207244,-1.3477648233054609,-2.089419360719564,-2.485681230424218,-2.530022316093852,-2.642700494336723,-2.3007275782838885,-2.1054313350075518,-1.4964610731933252,-1.300256491712969,-1.4490928802544571,-1.6024813935917033,-1.6502990125225807,-1.6336336578444737,-1.39482042770004,-1.2737167520040682,-1.1412026142942207,-0.9851862121926018,-0.9592441404849801,-0.837568260629503,-0.6840134480230038,-0.5793770179423845,EMSC-20131015_0000091,RASA,8.0
328,-0.025650849396571918,-1.1519527699054386,-0.8173804235727165,-0.23866254835797385,-0.23074958739855767,0.7959024073923748,-0.2688000898290692,0.4143517015015252,-0.2194937822187253,-0.5064705911949892,-0.8878697864026304,-0.5297545571312083,-0.27332178461311507,-0.3535449950011911,-0.5426949136305907,-0.6905197843467672,-0.832693338813522,-0.9876896569044504,-1.2738850241947057,-1.3245420279637186,-1.3816785302729357,-1.4267405410432135,-1.497278070795212,-1.6274435013312143,-1.578610761038025,-1.5759471082106895,-1.5181874455646316,-1.5279062602164188,-1.296021424548444,-1.0506515881141123,-0.8809110757713317,-0.6661802568113213,-0.48031635034810805,-0.3606903957865324,-0.1320814844382756,0.06207425179104753,0.17789543529559992,EMSC-20131015_0000091,SULR,8.0
329,0.5618133431030117,-2.5909052631674108,-2.158620168961262,-2.441128984998988,-2.467574417624565,-2.3196556869408314,-1.975929427240489,-2.1454777634650304,-2.3950069015531286,-2.5812711515145237,-1.9802747765256923,-2.2022987145051562,-2.640362693633933,-2.764274552780239,-2.6535796320181593,-2.602362300760211,-2.894918373661696,-3.271448489308664,-3.3713922585721736,-3.3325563203745627,-3.297436528594548,-3.1819118540443654,-3.053836039980891,-2.748726409250988,-2.7096063368087755,-2.5926291853332124,-2.4951577340681377,-2.442079189479191,-2.2573000082308727,-2.1334042525773906,-1.942072037983742,-1.7888167816661227,-1.7214368455780615,-1.5966381505982685,-1.4461084758926646,-1.398603244840638,-1.3646165679321847,EMSC-20131015_0000091,TESR,8.0
330,-0.1896977335616441,-0.8262122808126113,-0.49214129914629723,-0.2038799310814925,-0.25587905776962305,-0.2794182133009686,-0.28150021722506136,-0.45138180498345726,-0.28870648253739706,0.1825936173146534,0.1296941813144752,-0.28481043026799924,-0.49206339479220773,-0.7608719493354235,-0.8616862465795245,-1.0975351528580202,-1.4282729694682663,-1.482528322930773,-1.5801816714334507,-1.7595238113873721,-1.783668177231374,-1.576714787701306,-1.3915365220182565,-1.223156817259226,-1.0407652994136702,-0.95242052571081,-0.877582408643006,-0.7852638246055239,-0.5452091741217941,-0.514275544583235,-0.3915951566807525,-0.3489490408686997,-0.17052900551103534,-0.07151748917915945,0.1323842673238076,0.22487198633769445,0.3240917522609372,EMSC-20131015_0000091,TRISU,8.0
331,-0.30039773915972834,-2.82477970622244,-2.5693379299344183,-2.49306100396221,-2.5459605699250965,-2.6175296045530576,-2.6958597949240986,-2.5148014605607143,-2.496074511222848,-1.9544697436351317,-2.0545612116203813,-2.324926635396218,-2.5055730763546507,-2.7788866379988084,-3.2362063144337823,-3.0011222470714074,-3.1958766543124923,-3.178363529848851,-3.3887917150966897,-3.2700067478241044,-3.2863940861155676,-3.0382039774820715,-2.9573351648070583,-2.91659319785166,-2.8166340144658593,-2.919304835724942,-2.9823214119948798,-2.9688128347311142,-2.727448839989435,-2.584663600592199,-2.651601111399364,-2.388621727235069,-2.2846111435389282,-2.206628065756318,-2.0075526667850827,-1.9369128348374485,-2.0582499553869376,EMSC-20131015_0000091,VOIR,8.0
332,-0.11021038816503426,-1.2474466136814817,-0.9469673834761583,-1.0665892475316783,-1.1485427467764726,-1.311985018579839,-1.3517314494752553,-1.4825756124147222,-1.4346529469985247,-1.2655051368937382,-0.7897041361042403,-0.5471219438852497,-0.3994135575664135,-0.5659524582878834,-0.7758628627831436,-1.0839800016386922,-1.0910955242346985,-1.444299491594399,-1.456795032274611,-1.5680828499667525,-1.7129307871762194,-1.7971282357173024,-1.9793268940350348,-2.113405402715773,-1.7146154293587301,-1.5784220664414867,-1.3058912186204976,-1.1815193446147827,-1.0247693460840779,-0.9220224384445981,-0.7844942894396176,-0.668288079714582,-0.594253921534067,-0.5724636885098278,-0.378083898023883,-0.21986775337683895,-0.03516092839552343,EMSC-20131015_0000091,VRI,4.0
333,0.32283565367428,-1.0378758723860884,-0.5648085145351924,0.8101974671892709,0.828769767921691,1.0266785443303261,1.2549069756660485,1.682000515090313,1.1311347751541927,0.8573258669978019,0.16694472657089854,0.15588155732051767,0.4507926882322417,-0.2793439560944879,-0.578075000910335,-0.8366625889504347,-1.24534421164096,-1.3562877702823322,-1.5975245520676102,-1.6723188859724658,-1.7669273399755792,-1.8409167978838656,-1.8698270647340145,-1.7647741294219017,-1.803985749336496,-1.6279386762598538,-1.5347022863746584,-1.419433989148791,-1.0975789430050948,-0.8004641231263605,-0.5485255585157507,-0.3729198517638235,-0.22583714473702265,0.00984718668426332,0.2796811140494384,0.3719209988141561,0.49877253478385164,EMSC-20131121_0000017,KUBB,8.0
334,-0.7696690844887422,-0.8476818704211553,-0.4352967337910112,0.6781690210990226,0.6817347467973986,0.8045872630139428,0.9276114604495387,1.138657629374804,1.3712780775382205,0.22123874595631143,0.21546630758750496,0.7094649555581718,0.4426109718590894,-0.13320741253735058,-0.38195293423229604,-0.5477845209913346,-0.7333834632469838,-0.9661630285448739,-1.1533604356538616,-1.2746102205372827,-1.2779652595583029,-1.3489795901661061,-1.419688175556792,-1.3993220431641102,-1.42703428924119,-1.380726990821227,-1.3350147946723645,-1.246307502503786,-1.0077510283522848,-0.7189804837276856,-0.47145177778054403,-0.257216601825105,-0.03520997444272389,0.07062364102919005,0.2686550660521938,0.41931140700564384,0.5623031240674123,EMSC-20131121_0000017,SILAM,8.0
335,0.043693152928933277,-0.7114469088816762,-0.22902199107959298,1.2260975561171152,1.3609739566230221,2.038292565370046,1.464342225271941,1.4908599206189006,1.2933953237241669,1.241643563541011,0.6557640278667849,0.3848532757745575,-0.22607063950588735,-0.5230369348414206,-0.805936548474727,-0.6370246314404628,-0.5920385679149023,-0.5249058855245172,-0.9031201426038535,-1.0701898142855022,-1.1548219823686363,-1.1948303383442287,-1.3576583988239044,-1.3177259712457623,-1.3721358749934538,-1.2669264989675835,-1.0616995022826288,-0.9648371608229525,-0.8886585737297974,-0.600259580850901,-0.34199666012345453,-0.1075075944491708,0.07928220295620214,0.2191584538766964,0.44581136293853874,0.6166044351127145,0.692694253388991,EMSC-20131121_0000017,TIRR,8.0
336,1.3270295834490398,-2.4533191778054704,-2.2635474216550957,-3.0365719140123257,-3.1093681907035844,-3.236933921384022,-3.2276515623540245,-3.437260670036001,-3.6666515301492755,-3.398581979034997,-2.9912177815842513,-2.728275612368404,-2.679953066554879,-2.6982715645858404,-2.4728247929481,-2.2369020234098826,-2.061503189172285,-2.055682254651108,-2.241076653930869,-2.1286645521807195,-2.2214334587689066,-2.1304407287208207,-2.2832765541983537,-2.360316072145894,-2.397962766868547,-2.2243739379629304,-2.265975074336291,-2.3907534319024695,-2.5853573990274104,-2.3426797771039123,-2.251226887898536,-2.1560483503279215,-2.0064919719897727,-1.9583500651463002,-1.8335859649905935,-1.7581236533577709,-1.7256841769245757,EMSC-20131121_0000017,ARR,2.0
337,-0.4428773016505083,-1.1906240170560078,-0.8193460108575366,-0.45598068788539337,-0.5092327593823223,-0.604863438125748,-0.5629949942931276,-0.3974762473558906,-0.33583728015956993,0.2953061729134223,-0.475466992334475,-0.5420721007719189,-1.1862941205016977,-1.2559202070828093,-1.1777354256731076,-1.002139023457028,-0.8901592612131548,-1.182353692107176,-1.3474979891098435,-1.2706150489687307,-1.2684980908447656,-1.2217814901683068,-1.3012722904245368,-1.4566759932979823,-1.522555381731216,-1.3843698343600241,-1.5203684468421734,-1.3529877716162453,-1.3106064927072616,-0.8878489166818575,-0.7071655842320848,-0.6319323208170022,-0.4747018172689206,-0.4471928154765372,-0.22537094844164862,-0.10160024472086526,-0.04532447145037111,EMSC-20131121_0000017,BAC,2.6667
338,0.5665359966303054,-1.5525374305753985,-1.2681646801272652,-2.2322861839306842,-2.310974946912551,-2.441422530068979,-2.2453017177799213,-1.9032460007797773,-2.1902885603136086,-2.0385124045554512,-1.9404185726640497,-1.9689164954614045,-1.943263285123491,-1.9713016186598473,-1.7845487926359365,-1.5159389770479548,-1.395250505977513,-1.2665432421650928,-1.1272702191741812,-1.0979487954527478,-1.439100334338475,-1.400648274509141,-1.2152358412586937,-1.489193855008569,-1.4628941027892202,-1.4913666926729672,-1.6077458499978157,-1.6632391566051492,-1.4767522491415246,-1.347106542737846,-1.0725831346675712,-1.028926532593612,-0.8775606053615252,-0.8719457519082923,-0.8239905319568006,-0.6851604063903167,-0.6298135703585608,EMSC-20131121_0000017,BISRR,8.0
339,0.22933372205110958,-0.546189732433513,-0.25431890689929126,0.30036049832702183,0.26338043398859234,0.2730052530312266,0.20694795393978271,0.1911658834667076,0.22857464452204734,0.7015229959616596,0.29478230523199933,-0.0052008186591860905,-0.07822824153042163,0.18367382082143635,0.0850210776131215,-0.1862735789760448,-0.2263740720174363,-0.38113200507594946,-0.5918178971085375,-0.6842086405060837,-0.7216432736672971,-0.808704286059692,-0.8054199050487645,-0.8834527102252334,-0.9489764483002965,-0.9491938171013388,-0.9432448444685235,-0.8510932720168896,-0.7244439810177461,-0.4464487478932124,-0.2775550272702336,-0.13539049914726498,0.013635533362625907,0.1101204876539601,0.2975852275970734,0.4996415808535559,0.568303154806987,EMSC-20131121_0000017,CLISU,2.2857
340,-0.47631499222839535,-1.7933861499384207,-1.3438105996068206,-0.18935554323118708,-0.21351848361139236,-0.22202219504147802,-0.018658616364615632,0.3545288134040403,0.5034899129280666,-0.3000568276398212,-0.22293243365086024,-1.0747408990031664,-1.4601308094123189,-1.8876716594580252,-1.9612282967005985,-2.068350428307814,-1.9792926345998705,-1.9676934037604692,-2.0567007591438102,-2.1251521157852133,-2.1048641785978726,-2.1414669146610796,-2.196523385598831,-2.113332081362528,-2.1455892012005453,-2.1553245614407928,-2.074604487890653,-2.162976347311094,-1.946360204634086,-1.5580973986136168,-1.4150841735522235,-1.247135444907462,-1.0357382938389943,-0.8769698466367952,-0.653724425971701,-0.43535701492531054,-0.3012277417049489,EMSC-20131121_0000017,CNCR,2.2857
341,0.19746686537150415,-2.031032468226252,-1.6043537403178139,-0.796583885807312,-0.7888066557376812,-0.771450927154965,-0.3668625683148026,-0.17833772252052071,-0.36558940696007536,-0.6268469169257447,-1.219546086685746,-1.9109847152841173,-1.9139390768406663,-2.135737762733898,-2.22705389679858,-2.4360225208319948,-2.3514309060024425,-2.2811669974553306,-2.4865208661074334,-2.671822703532353,-2.806113100944848,-2.6710519897451794,-2.6322648805761446,-2.6806168745159376,-2.605464556112631,-2.624574113256532,-2.4619463904327823,-2.290786466483853,-1.8001265944859934,-1.3410110599633747,-1.278764647189215,-1.3586241069835125,-1.1940072436435667,-1.2880085180603533,-1.1698024669925857,-1.090580900304122,-1.047814812198192,EMSC-20131121_0000017,COPA,4.0
342,-1.0446217545913419,-0.6164673826658538,-0.2286239232244558,0.09659575801029963,0.030760953998230534,-0.13071699046461305,-0.15155606157295676,-0.13699293884273622,0.013812672053773234,0.7729020202550023,0.2725975577470017,-0.06334108938209049,-0.7467650218214734,-0.911479414492776,-0.8389771858833805,-0.9370523033286897,-0.7234905082156144,-0.6928181920244478,-0.5655259368395047,-0.6018869303848726,-0.7027493054361296,-0.7207118177546672,-0.7327667641855662,-0.832861446485567,-0.9079883122986621,-0.8622704605681779,-0.8150014030530013,-0.7893723796766299,-0.6075988920895448,-0.38648283452339527,-0.1825393138878777,-0.03161892177770831,0.11058681071178356,0.22875709441388103,0.2768988205748357,0.4458712665407276,0.5427684247500846,EMSC-20131121_0000017,GHRR,8.0
343,0.24056291723019596,-1.7180808600325914,-1.2767376048609336,-0.34740526196301236,-0.39728845324983286,-0.4508596291011564,-0.4209340358123983,-0.4591517020759701,-0.4985971119120993,-0.6425774899051389,0.09442303604081737,0.2654601104337413,0.1085303896614569,-0.7313285796395768,-1.122931769882566,-1.3550107774383529,-1.6088196615997328,-2.0568475457314017,-2.0638720564242767,-2.097844033367969,-2.003116103883733,-2.0900586518471256,-2.317484996163815,-2.4224051133205062,-2.3576176222835628,-2.320622097078356,-2.267130055117052,-2.1545990133947512,-1.8522832095813015,-1.5189534927813835,-1.2274799330178627,-0.9978810135724885,-0.8194711649799071,-0.6842786786852884,-0.4297836101564947,-0.24645933711332546,-0.1242528418443829,EMSC-20131121_0000017,GRISU,3.2
344,-0.1798338174877827,-1.7598306760037783,-1.3487756852822592,-0.32184611292754983,-0.3642330239749958,-0.27214716996182453,-0.24053156411244725,0.1955002524250924,-0.08395570266153829,-0.06588246565082656,-0.936699248655918,-1.4310078143713714,-1.606013443265505,-1.5077760305201648,-1.5647111700873202,-1.5880281260209355,-1.5474399065207969,-2.024457674269848,-2.1234309903268658,-2.081903053639782,-2.101011922732468,-2.0672369979015324,-2.1328472421252282,-2.294399892128391,-2.2619998207654817,-2.063431885477332,-2.0855130868910656,-2.0699235811950736,-1.770686369247887,-1.5658885115599332,-1.3674347697206208,-0.9717646404519424,-0.8635661060345825,-0.9619466381408728,-0.8461672778922207,-0.7444275228109003,-0.6444324635396299,EMSC-20131121_0000017,HUMR,4.0
345,-0.9731658368164431,0.47323397090734254,0.9708549106291198,2.061311408970532,2.020272049330031,2.053438101420971,2.1154461308962746,2.1198153209783213,2.183940807080548,2.7370317130651776,1.6479962742753909,0.9666587041984975,0.5196446190943185,0.44178540116548515,0.3817162592844907,0.21909872765184346,0.1338737922036417,0.40432853016744996,0.45332998878499886,0.4146721148168,0.431438397279571,0.36286451339576864,0.12878464603467776,0.013561652711729266,-0.07097950381673357,-0.07566525271254676,0.014919789384251203,0.10633165794101451,0.43160555439111725,0.7252993834959245,0.9443693391269434,1.1461049803299623,1.3427488661930234,1.4296915009925861,1.6755190413656926,1.831549573790813,1.9517148506460984,EMSC-20131121_0000017,IAS,8.0
346,-0.2630603747242555,0.18806696449580151,0.4253354349586065,0.9231551917153205,0.8529312687627373,0.7359993430338427,0.7111066358436524,0.8428550779266306,1.1256444188846704,1.135965267522054,1.0858368088772945,1.2263080274299822,1.4773928802062049,0.908976694690022,0.5079850713558214,0.15668533473931134,0.2520264316189076,0.13084574560136808,0.05744346174514092,0.24019252717716544,0.3879733453130303,0.24511365984665634,0.12660879034339878,-0.029476654935816526,-0.1897149477516411,-0.2839121498721138,-0.22690663458307725,-0.19881826676381031,0.0023704125044190505,0.20188443778502396,0.37202157666290603,0.5492187255588945,0.717828667180175,0.8175483221674558,0.9845801308027919,1.1256394757446397,1.2251546059655887,EMSC-20131121_0000017,ICOR,1.7778
347,0.5954067816381929,-1.004754487652745,-0.5952694717574989,0.03680054838556135,0.011542803385305334,-0.027020592594674042,0.07048162041971029,0.42322000769441015,0.5048006903631288,-0.10877025968278975,-0.025636723497477476,-0.043706553616724264,-0.6147210377372705,-1.0571412253673245,-1.1751931007162417,-1.2292917810610575,-1.3634711027527855,-1.6422205182851988,-1.7342967587792852,-1.6656706621467032,-1.5571932459727282,-1.4153279026770385,-1.2762537419647346,-1.1222365253359365,-1.1607326173849923,-1.1164893031813712,-1.1758670782025167,-1.161317200835967,-1.0339691589233748,-0.770547086416034,-0.5908798069462016,-0.3183309888730044,-0.06253980314244245,-0.10865632511293555,0.03560733291981677,0.17788355155693658,0.2531032176395094,EMSC-20131121_0000017,LEHL,8.0
348,-0.07859487788327524,-1.8198185821483879,-1.4710745245854167,0.04657766865465085,0.20519717590801978,0.8837490078557906,0.8228074564160686,0.5572265446704368,0.3225774998010591,-0.08450838063869526,-1.2598580490420934,-1.2171854910268234,-1.1278941195047354,-1.3848233511688584,-1.5428680757745443,-1.9790000796333294,-2.2213196069721928,-2.2852808558295727,-2.2565207915493284,-2.154282272293929,-2.2949172438361805,-2.282779066088729,-2.3512658521505774,-2.2443658951812786,-2.2153480906674226,-2.1910424030432925,-2.138632290314236,-2.0839199970857045,-2.0636131650452167,-1.8317108454293578,-1.6661163882741956,-1.4570754594901523,-1.200339600833498,-1.1195614933768958,-0.8544603526408459,-0.645797640909965,-0.5147829983696646,EMSC-20131121_0000017,MILM,2.2857
349,0.11400439833360343,-1.5838277274050672,-1.327389932997427,-2.8303037101244817,-2.9283677684014986,-3.1159513010162394,-3.198257004642695,-3.3650339300367476,-3.313967918150995,-3.1336312036828256,-2.5981863445291653,-2.3083056268022553,-2.221248390640164,-2.4361079620699133,-2.4535294641132133,-2.2094131938931643,-2.025640955364704,-1.779240014407958,-1.5382187512189525,-1.4012671026743773,-1.4641435917759607,-1.402241126743947,-1.4561397518940922,-1.3967890880570533,-1.3458515810891516,-1.3144304396517281,-1.2355056670527347,-1.3003722633265635,-1.224850103553118,-1.1957198462698884,-1.1899054586826843,-1.0707513519759733,-0.9926800492184515,-0.9474599769630956,-0.8365141880694811,-0.771126321390966,-0.7575496612648092,EMSC-20131121_0000017,MLR,8.0
350,0.08680713331141598,-1.7409621703386557,-1.30497752906866,-0.9118532470432363,-0.9306329421069739,-0.8286480812584722,-0.6861935868647091,-0.9237627014236454,-1.2524837209495878,-0.49540879456618825,-0.6556869197321085,-1.187348425248885,-1.7673653028928191,-1.855483424088411,-1.7955496971075284,-1.8375371843385722,-1.753697381433704,-2.0312989372787476,-2.177431054045133,-2.2478811508967897,-2.131466643251061,-2.18648620513068,-2.0806710179471004,-2.070566897990669,-2.0878984268370075,-1.9906776621309357,-1.889568311499512,-1.78384550762431,-1.6133427559977775,-1.4521648546891939,-1.2192935254083146,-1.0206390908559833,-0.9110107142078068,-0.8650286384341914,-0.6266226234287817,-0.4737328445212192,-0.39071945876632874,EMSC-20131121_0000017,PETR,2.6667
351,-0.2003289776799546,-1.3766110367796767,-1.0687368508623525,-1.689265792818584,-1.7662471776290083,-1.9150531452343538,-1.9667521248979485,-2.0225679117770152,-1.9990518023837582,-1.460960301502194,-1.1736597032506655,-0.9458001143757766,-1.0864419232729068,-1.7907597448166266,-1.6857996366948536,-1.6887567631391978,-1.5102785508705603,-1.445382663013226,-1.2959804624923947,-1.2546934636087306,-1.2306857304009329,-1.369692530628738,-1.4619960646302053,-1.4993081246025106,-1.3673026819333618,-1.3849945627044589,-1.3249628056889762,-1.2920336309773948,-1.3290109152190084,-1.1170686060594228,-0.9224007976146797,-0.8209299942481483,-0.6989940411163929,-0.6933119175641238,-0.5734381903723715,-0.4673259497611095,-0.37561858877562493,EMSC-20131121_0000017,PLOR,8.0
352,-0.11495020107515819,-1.2345736526344488,-0.9236821531554131,-1.5962696834849943,-1.6768903524005347,-1.844325174237131,-1.8556519516692838,-1.9586220408601278,-2.047401995393061,-1.1445901399167662,-1.151286704835833,-1.1374440020633685,-1.483137358398018,-1.7756014334056616,-1.584834577895677,-1.282673727167392,-1.1313887288199371,-1.2047185797830826,-1.1582482271925594,-1.2508001398931556,-1.26876243162305,-1.312655469665767,-1.3553867405140405,-1.3479647840902862,-1.2664011655826029,-1.2940730268700094,-1.2162726363576155,-1.2085524685719697,-1.0040542532441723,-0.8058752622565031,-0.7877650632005224,-0.7156673901333122,-0.6070867620953422,-0.5797682358480625,-0.43028699158819705,-0.33992284251893423,-0.3217600560490581,EMSC-20131121_0000017,PLOR1,8.0
353,-0.2034289776799545,-1.3908744885085706,-1.081737176929444,-1.6975231377202835,-1.773920048274877,-1.921493740428108,-1.9726070952064498,-2.0276273721867586,-2.004947215686439,-1.4687112697803286,-1.1835896923524896,-0.9568463358486472,-1.0987212301200522,-1.8040217813371822,-1.6998736587683512,-1.7032729910974078,-1.5251903454719686,-1.4611568705110143,-1.3123910698038896,-1.2713889029469838,-1.2473665477799996,-1.3863466628791432,-1.478626326219607,-1.515622075910965,-1.3833491967098892,-1.4007088281587077,-1.3402891604924427,-1.3070129878794425,-1.3433778397370357,-1.1304419673327732,-0.9352843620353859,-0.8333892773363978,-0.7111281728188228,-0.7051551914406726,-0.5846853263021146,-0.47805144649928977,-0.38600362669415134,EMSC-20131121_0000017,PLOR4,8.0
354,-0.6259058787451806,-0.674380064434219,-0.249066989457706,0.5993507854833924,0.5873662542132303,0.6767021799592836,0.7033381314977412,1.1494246230057001,0.766403616367203,0.5077805169428542,0.596156195974543,0.4893244257832201,0.035073358722863546,-0.21369519149583738,-0.4158135593797345,-0.5018986233927434,-0.5908785671407459,-0.9184789184290718,-1.0566692984982273,-1.1178531405845202,-1.152485869228479,-1.2117992170688243,-1.2503230677273827,-1.0715625794141044,-0.9441055130997178,-1.0046647256711019,-0.9770373037360987,-0.9880089441866495,-0.7678350718511879,-0.5029961903679911,-0.26455364887247335,-0.0634662894664686,0.14273403663333717,0.25727461770722115,0.4407132783068377,0.6278372163455899,0.7299683149440224,EMSC-20131121_0000017,RASA,8.0
355,0.08985910148775922,-1.239216562128572,-0.8344001507773164,-0.45568862432721335,-0.4502578408726823,-0.19947629825184787,-0.2309303124336024,0.4073327944941081,0.1880618492749715,-0.7429283977033183,-0.8942773622080686,-1.3731731089617547,-1.5369124698774552,-1.664489466280834,-1.640656203179688,-1.7488471362641498,-1.7150748741380566,-1.4781537918172578,-1.3891486482561168,-1.3804132639610414,-1.3206975714327402,-1.3568021730490276,-1.4013890346704079,-1.4476788976941846,-1.488056615917392,-1.426578340291952,-1.386175375737377,-1.3555748445437228,-1.1770509346239084,-0.9541523350835348,-0.8215318665546203,-0.7138089157727467,-0.43034619554759956,-0.2662826883851288,-0.33434799743064936,-0.20482636895704864,-0.07542628214540947,EMSC-20131121_0000017,SULR,8.0
356,-0.6986209936699836,-1.4313528889679263,-1.0752785426855205,-0.9619998135055807,-1.0208916619489417,-1.1540263624926146,-1.1315734416516712,-1.0528308033849703,-0.9650045513075698,-0.6693158281357885,-0.35090133318367656,-1.0995165352764538,-1.7822401654515714,-1.9952997565523543,-1.8122678900259794,-1.696425216107417,-1.6305838539305464,-1.498649632411805,-1.4279265739407379,-1.4902806965513768,-1.5122681401928224,-1.3808840837513836,-1.4234987565755137,-1.5568224592792825,-1.5976834987665391,-1.5845307901297154,-1.5762576282474239,-1.4783790041592972,-1.3813384521606213,-1.2123856382264222,-1.1016043010769039,-0.8865870854093316,-0.8009312771389219,-0.6805238153182795,-0.5649519705779387,-0.4979015110524152,-0.33289394828315544,EMSC-20131121_0000017,TESR,8.0
357,-1.122321501038729,-0.24539710622390487,0.03737100707974861,1.0148075301691062,0.9631451626588694,0.9329463275406802,0.9008927880950086,1.2497012654217041,1.4190671329290208,1.134100507063546,0.45752189554899214,0.8467528226525962,0.4641461445118811,0.18900410956955227,0.1818355480427769,-0.12812999797935998,-0.30831524755947637,-0.20433472686878584,-0.3250565900144693,-0.39319327955361416,-0.49530722355887313,-0.6056928164231383,-0.6368610247316226,-0.6689744859318836,-0.5652683926883402,-0.5272736103330455,-0.5302972638505334,-0.545100210542083,-0.4866796658788939,-0.2744340741970266,-0.09416729812129532,0.06802204460807282,0.25088591953804595,0.3592776146034016,0.5431652108541076,0.719432864348855,0.8092904244296761,EMSC-20131121_0000017,TLB,8.0
358,0.09897981398359423,-1.6842291294624996,-1.4530613104188728,-0.8833363109785024,-0.8480895002999276,-0.5090797267249911,-0.2559014961285513,-0.6190456632398593,-0.2116043634860567,-0.5476234203088364,-1.221272608312617,-1.174161731634328,-1.5594924171387294,-1.5679641411949614,-1.5847987156762802,-1.6493977984485388,-1.8936150287856268,-1.7460758586416683,-1.897836095923461,-1.7886656897413236,-1.6253746706052477,-1.5518317757200153,-1.6181430584916274,-1.6864844609499592,-1.7804645417528278,-1.8177722439022084,-1.9218647030766434,-1.9206373309465459,-1.817094720838071,-1.787659374538972,-1.6263906849693104,-1.4039599987878386,-1.2495314512170683,-1.1522668046207762,-0.9709691633048401,-0.8331685369798407,-0.7598424661586396,EMSC-20131121_0000017,TOPG,3.2
359,0.36527259084994546,-3.279579178923525,-2.913827258873045,-3.5079645857519512,-3.5535561477525484,-3.692660299375838,-3.5780927292959834,-3.402547508064126,-3.356042603552053,-2.989961567067887,-3.369976362146768,-3.3292490867230216,-3.611911980226818,-3.5631555946707056,-3.307124233766464,-3.1852058684135516,-3.2352566776307636,-3.2629508986033064,-3.5314598914558832,-3.6212223451996897,-3.689282372764117,-3.7237833007453354,-3.793457746888393,-3.6212991019924727,-3.4891163253595288,-3.2963974932816136,-3.313174504268579,-3.1822242349431917,-2.844973825408042,-2.73075850665138,-2.547553339592696,-2.575686466498672,-2.506151066120582,-2.408070317639737,-2.5824443328252933,-2.592804943318159,-2.445426249645422,EMSC-20131121_0000017,VOIR,4.0
360,-0.3081524409808969,-1.358966541451153,-0.9896619455410249,-0.9580857272529677,-1.0374051431315943,-1.1857728548219688,-1.2183871184930712,-1.4489693217878026,-1.26078857765944,-0.5864935569841334,-0.7246257058233905,-0.5496518597299076,-0.7777549606130885,-1.2441786678390976,-1.6360682224136918,-1.5145805162443136,-1.6914867000038187,-1.5037096174224764,-1.5293483325411925,-1.6715928659614745,-1.6349152538293712,-1.798916049025241,-1.827356454220669,-1.674840771008589,-1.5035549657975826,-1.4473707801263611,-1.5242078397736858,-1.5521188045896448,-1.2969637626720516,-1.0552612977898956,-0.8722606083027582,-0.7657950302329706,-0.5449719897292695,-0.5433730837111028,-0.3926303397472122,-0.32301733473189387,-0.22132927558926418,EMSC-20131121_0000017,VRI,3.2
361,0.2347757513803419,-2.026473991011681,-1.6262420773169435,-1.2665591843299184,-1.3319276210609736,-1.4040565408269652,-1.2835009897312144,-1.4990227637487807,-1.2396895963611154,-1.0051675716234554,-1.0119465435219492,-1.078153894599331,-1.2319299535600408,-1.3081686757406992,-1.5392867777195605,-1.8455671047513276,-1.869157938367806,-1.9047182461832435,-2.181491521771452,-2.3311861659174014,-2.3424594868657493,-2.216271103587026,-2.2098617870185926,-2.172572673760258,-2.394368114145446,-2.456596961043653,-2.457946296217931,-2.508185979660116,-2.2219253002456423,-1.7799115140177868,-1.5203675096672882,-1.3037199574928842,-1.2163203949142254,-1.0649237201323594,-0.9437054686516291,-0.7829366021125068,-0.664098803714408,EMSC-20140224_0000002,GHRR,4.0
362,-0.6025563919361168,-1.614503108002479,-1.1197148209341545,0.0017315708898228976,-0.0014901182346926944,0.17948198737293897,0.5014114892367596,0.6955273300192957,0.3784844484589467,0.271752898523391,-0.5222629760412394,-0.39671832523862616,-0.8323104591730504,-1.1284569635881363,-1.4069141437527275,-1.3940739806036078,-1.5221782554354535,-1.8453471514350879,-1.990659769505159,-2.044491162579913,-2.0951868193299052,-2.193570831001038,-2.284848483818158,-2.3382050768684604,-2.2431530868101355,-2.1984166558601927,-2.053175066492278,-1.9370660909064608,-1.6292134585117068,-1.3140875658119402,-1.0907579402848793,-0.9174645515159288,-0.7299714817792307,-0.5477180537498061,-0.3337627242247283,-0.164160026515221,-0.04739953090923699,EMSC-20140224_0000002,HUMR,4.0
363,-0.3015650394761793,-0.8261614608069987,-0.4888037060043011,0.21079241558118333,0.19670518617030464,0.21204408670634933,0.6075642818499585,0.5341574810150771,0.04288042222912303,0.528322012091043,-0.4120420178988349,0.1259245836505567,0.11288757394226323,0.026535355179788667,-0.12595221640287058,-0.14255463325881124,-0.4658234373734782,-0.8070391489002304,-0.9425274648098503,-0.9708657618075085,-0.8501389733831477,-0.9034242207874907,-1.1987220311036975,-1.3228822577406198,-1.3793331369250463,-1.3696929243374871,-1.2907604430583195,-1.100373014998521,-0.9918556417798499,-0.7340782140575879,-0.49736142473437184,-0.35629881328928725,-0.2038906310939801,-0.08401989327415826,0.20781294214619983,0.3600437160607797,0.4131743494968507,EMSC-20140224_0000002,IAS,8.0
364,-0.03084103439802588,-2.2024179546068936,-1.967611508435656,-2.6811051426532657,-2.78016757823481,-2.9691507945710116,-3.043380653662682,-3.2724336056054124,-3.1637585797724697,-3.000287262139074,-2.638637355969907,-2.407179132617416,-2.1021398183933755,-2.0303226894114426,-1.9796587266394532,-1.8698856047185934,-1.8823722613759637,-1.636603609061841,-1.76358156571112,-1.8542275298892044,-1.9263344958625668,-2.152285922382477,-2.28595962577418,-2.273416720295172,-2.358399645627384,-2.2943529866119032,-2.2786581075072743,-2.285071629590229,-2.190088894351719,-2.0516002724453575,-1.921469439641518,-1.8077128379357905,-1.6835232162340876,-1.6314939127085637,-1.5211863699091328,-1.4386961764828499,-1.359880903339313,EMSC-20140224_0000002,MLR,8.0
365,0.0324394844597089,-2.256107028956192,-1.7919393124948897,-1.0215639610123555,-1.0640382114212157,-1.050875642376746,-1.0243473340166211,-0.8503888018569459,-0.9189072158473044,-0.4224998901998447,-1.1152843175759184,-1.0190368188606254,-1.3454931019133198,-1.6826840122308493,-1.7898142392643992,-1.9897564736982583,-2.1944061000905535,-2.449053626417598,-2.4690894715285427,-2.556921249357538,-2.5719520566601313,-2.693687888091878,-2.8860606658565917,-2.8002683779468462,-2.7656337444843446,-2.7078209329258147,-2.6647244180581637,-2.5598427911456225,-2.269896261249663,-2.0657204745654667,-1.7938683789088632,-1.6321161509689173,-1.4115057725965574,-1.199227078194932,-0.9617857167985271,-0.7751046815821816,-0.6179291632558215,EMSC-20140224_0000002,PETR,2.6667
366,0.12565361865581082,-2.5556343848703724,-2.1902859725725605,-2.261413212680134,-2.338759582050721,-2.4770477498885457,-2.528480661989539,-2.59093758765252,-2.5589164432207703,-1.9697915473623482,-2.2745682453929597,-2.1466665676889436,-2.0102827905634557,-1.972362455751707,-1.7616746330370363,-1.5864952328903144,-2.0258508652883327,-2.2056228310472994,-2.571198492083121,-2.5716604585593243,-2.6060906022608297,-2.779489595259103,-2.8306060163816253,-2.8823080775266865,-2.8966205313705906,-2.959954532552368,-2.884426418301522,-2.790326372057038,-2.5581006111856333,-2.3341042787326387,-2.1368807734023214,-1.9267106552051398,-1.747244938122071,-1.6834354606252475,-1.5667341840795217,-1.4076400801139481,-1.2836036867456802,EMSC-20140224_0000002,PLOR1,8.0
367,-0.9168482316996531,-1.4862321847591033,-1.039471223152356,0.3139384542452417,0.3408830846498949,0.6841245918787076,0.5097147440097087,1.0102785103693517,0.8140717982328107,-0.12346050541785569,-0.23979449253116236,-0.9237515285755311,-1.1268849235963696,-0.9890952173629266,-1.0561853454089682,-1.0975877150624802,-1.175959542885339,-1.4712924046141058,-1.5989627868661094,-1.702211523528133,-1.795963565846911,-1.974720758082614,-2.1307302011462816,-2.115213566754748,-2.068515726665842,-2.014059185185044,-1.9315921057429772,-1.8408385712340287,-1.633830877202719,-1.3425618207318806,-1.1477840178118424,-0.8978776637340822,-0.6699210593188916,-0.6041106737078099,-0.4280855491724047,-0.15379401022069494,-0.0362580436507578,EMSC-20140224_0000002,SULR,8.0
368,-0.9527908387203987,-2.1188620268315734,-1.7907250083034807,-1.4536711940517204,-1.5095215983037535,-1.5753438066407517,-1.493658295997248,-1.580832179210807,-1.972713169518185,-1.6981496273347343,-0.9603582177767427,-1.1462135074333402,-1.467542158607479,-1.3026362869500705,-1.5571486164024924,-1.6682444239421876,-1.842868135056289,-2.1319874279282836,-2.3319040019970663,-2.4202773755370863,-2.4738415940477863,-2.485066059379376,-2.44866585928997,-2.513461407658986,-2.5471782045517495,-2.4478435036537007,-2.391262621553782,-2.368957278061224,-2.2252896190780564,-1.959084205935385,-1.7403020742459212,-1.5983765001591674,-1.3962469743001567,-1.3382959022528276,-1.13001769784238,-1.0133080037758173,-0.8499342295060153,EMSC-20140224_0000002,TESR,8.0
369,0.05300703410656027,-4.7598502235117435,-4.441721642132714,-3.5557595115474774,-3.6124582002710195,-3.6872217881836056,-3.614440719793416,-3.636260638655725,-3.5322956366801472,-3.104521033434528,-3.338733273418212,-3.9412298764809313,-3.9356181845535554,-4.086547524666394,-4.276188540802648,-4.446659705986752,-4.430103514244227,-5.127412554614728,-5.218577684786447,-5.327093003376008,-5.382213444282424,-5.368676458474694,-5.336529555879173,-5.206116081445052,-5.2214224938014135,-5.012763543461931,-5.077772845967649,-5.059045939544992,-4.9060942891414605,-4.489264324977533,-4.392780523055967,-4.355678456446299,-4.183808253239869,-4.0320748996087,-3.803080350921224,-3.6568120891048057,-3.481331984266326,EMSC-20140224_0000002,VOIR,2.6667
370,0.09148907703489728,-2.6179129705135225,-2.2631878953017885,-2.2577516823032413,-2.334935065275136,-2.4683150099097135,-2.4871765959133816,-2.509391388365599,-2.3691377320165143,-1.8349322052139065,-1.9750319176342197,-1.9649509702177328,-1.8241549603235931,-1.68943491715501,-1.8627488750053347,-2.1566398273831977,-2.2257952094060807,-2.5523399815794363,-2.8969757744012314,-3.0123584917745942,-2.9785423466836543,-3.1974584854573624,-3.195536089580555,-3.007502726371137,-3.0518510382690467,-2.8104351777949628,-2.9034502578724286,-2.775401993263248,-2.658041015094536,-2.3442841998997217,-2.2077800299618584,-2.0335890204898046,-1.7857212649062664,-1.7087374602864127,-1.5603660288075627,-1.4423064689166,-1.284737924722764,EMSC-20140224_0000002,VRI,2.6667
371,0.5810372454752892,-1.2560923752015327,-0.725562976843424,-0.37051209415488007,-0.07447766701160408,0.6253923421166148,0.45921890961885836,0.39378329441066295,-0.33589729844363525,-0.31035108113586674,-0.8232613917021636,-1.2423843114723407,-1.2560734834921412,-1.1984487979856517,-1.1975669292315159,-1.2737597307661526,-1.3797792021637703,-1.3057983794053776,-1.4820276978281255,-1.5271464981098202,-1.4908947929247969,-1.5341564653195832,-1.557224772114723,-1.6254064867111104,-1.657008569837659,-1.5436127592500402,-1.4517809843795941,-1.3999553288998072,-1.272818268564908,-0.9851265955168191,-0.7483586255365307,-0.4650190977198463,-0.27029074599287206,-0.12737735961702334,0.23627217156773028,0.2534417208221704,0.4793140713059625,EMSC-20140326_0000089,TIRR,8.0
372,1.429404963262292,-2.581438439254642,-2.1245342712252295,-2.9362959948149125,-2.9920271142734194,-2.98827478437605,-2.787006216351772,-2.490132094881008,-2.547990995965912,-2.89568370093276,-2.7703141179736335,-2.6533762874797526,-2.665676765852619,-2.710149546025967,-2.5185045208286656,-2.69584433052251,-2.7859195705739666,-2.7796905615799137,-2.8445780233568785,-2.6261696696270445,-2.6105624125040006,-2.7459621865407478,-2.9058331076094426,-2.765734442663847,-2.8611973164763587,-2.6392482049233585,-2.4851773804827513,-2.554977878068385,-2.3436626518476853,-1.9125874582986189,-1.7935216622986143,-1.5432981678532922,-1.5725209624552576,-1.36848159903019,-1.6149104779083867,-1.316204605124362,-1.259698918348752,EMSC-20140326_0000089,ARR,3.2
373,-0.5141866957456567,-0.5415959412022389,-0.1445644095319203,-0.02944458283994944,-0.07158616446482657,-0.07735763230123727,0.14955082478966908,0.04845662770991854,0.612078482126341,-0.21407909263503822,0.15865888262338856,-0.12025955927775733,-0.028615675793536965,0.062488202274751714,-0.04711089768513688,-0.28738675090351773,-0.61892426983023,-0.7009066778666515,-0.8220431023290313,-0.947904170219922,-0.9847153769120283,-1.0197033014528456,-1.019501421336872,-0.8864773649928415,-0.9193797432262869,-0.8785308477070757,-0.7932625181451165,-0.7379980686854886,-0.49139258818284937,-0.19791588046345865,-0.04137604241624082,0.06480630703012835,0.25306349241950876,0.3946971185724806,0.619296710640258,0.7830099966508506,0.9331795298206593,EMSC-20140326_0000089,GHRR,5.3333
374,-1.3571233617832008,-0.5692221201870513,-0.05665483380837344,0.6600884217378145,0.6132445702727018,0.6417268274398573,0.7311722118904136,0.99331249943301,1.191999532433213,0.760245254787872,-0.16160079472785238,0.04329091340333946,0.24368032620389712,0.07569139932855062,-0.429833972898618,-0.5313124658579191,-0.6033941021289833,-0.7691849144954661,-1.0616497076020748,-1.0721548886700134,-1.072829965894881,-1.0420860790696906,-1.1267388148672914,-1.1805342839686883,-1.0149035353507614,-0.9726589631446991,-0.9222527847316755,-0.874050932091599,-0.639409740108503,-0.2954403851155085,0.01541959171985674,0.23084235977153433,0.42971020367012613,0.5718481711127588,0.870710228779263,1.1057781465418373,1.2448575487841218,EMSC-20140326_0000089,HUMR,5.3333
375,0.7450584398989739,-0.8769833034003138,-0.45001426882106266,-0.6763142429716664,-0.6559409488852292,-0.2950744688262956,0.10424672250233336,-0.2150497714344537,-0.7538554611929325,-0.8330598070191471,-1.0031019716314278,-1.2805113151728449,-1.1861171646798523,-0.9071023850816031,-0.8255787270704174,-0.6353312203600714,-0.7021812998750026,-0.8291814345376025,-0.8926329099522032,-0.8996313157121829,-0.8726975543331985,-0.8857726266689614,-1.0964208227993133,-1.1813970883496658,-1.2544776604203527,-1.1658971104632325,-1.1106648561316472,-0.9048792681461126,-0.722754718839191,-0.4652867526466977,-0.3372736750039014,-0.18625977958214968,-0.05107730188671766,0.07297585386475447,0.22629557082534824,0.39693418849208584,0.5113586441386833,EMSC-20140326_0000089,IAS,8.0
376,0.5070267361644403,-1.9468409761395655,-1.5791256750655407,-1.655189955888396,-1.714343717473513,-1.2621263008051855,-1.6258836342820908,-1.5915775899763913,-1.3979560548120658,-1.3397191443464447,-1.3714431178929392,-1.4674928822214586,-1.878436363035373,-2.0037758416603886,-2.061654652609957,-2.1355354628660077,-2.059598081492336,-2.0329421941177,-2.17872273100088,-2.198535028285397,-2.1735403932433623,-2.170714687946285,-2.2625077078347022,-2.3037565392848514,-2.2082124534170866,-2.1671934504008856,-2.015738241196985,-1.9417812068728235,-1.8831831524934515,-1.5350815629574495,-1.5080998852987548,-1.3283676264806221,-1.1391827801362435,-1.1217263857583983,-1.0308724260564546,-0.8934727386575361,-0.7739274086115326,EMSC-20140326_0000089,LOT,3.2
377,-0.03431710419126377,-1.7011334410623622,-1.270878382318715,-2.409588575793605,-2.510087988343913,-2.697736876924975,-2.7694131610828956,-2.4502036429520784,-3.0914326910225656,-2.6975681617462826,-2.457912679729473,-2.0213888568523064,-1.7391236233435725,-1.8662087263335305,-1.651033555107202,-1.3231933241354614,-1.2944493770270338,-1.4671629307933358,-1.2533372417300797,-1.3590125311456234,-1.5513978804095663,-1.8717560303217606,-2.0909538533451864,-2.132324387664731,-1.8973958534983169,-1.743264884003377,-1.7258877225565143,-1.6835489088037328,-1.3475675730041399,-1.2399282617073997,-1.1108498853400075,-0.982396521426713,-0.7933795178350973,-0.7715227501659765,-0.4582755643828129,-0.46831339056323174,-0.36361018840451287,EMSC-20140326_0000089,MLR,8.0
378,-0.4124069016639993,-1.1116112463226706,-0.4819838153204259,0.1509108729327071,0.15562686582718843,0.2692064693741498,0.34993015761599544,0.6876517128293864,0.8436210348034869,-0.34549475080510206,-0.03648953424943979,-0.4660682524168642,-0.8988747619931887,-1.0544486315821695,-1.0386839342718357,-0.9023520845899711,-0.9765463873795133,-1.2287339928298522,-1.3835504937979834,-1.4757063691527748,-1.5454345154695224,-1.6623467553468352,-1.7452202289136567,-1.6364236021147578,-1.6514009641818674,-1.565649688462928,-1.4234067567170516,-1.3353366273254998,-1.0057697520273816,-0.710485263664717,-0.4028723764435327,-0.1515989362722383,0.09991544831070698,0.20323769290576443,0.44369796465636746,0.604661884265516,0.7501961607663841,EMSC-20140326_0000089,PETR,2.6667
379,0.32221375636557026,-1.8497057645088884,-1.4488707879575582,-2.08007877570496,-2.1544153705633287,-2.2491086966242744,-2.2638117373918147,-2.2251876833197866,-2.0780856527476406,-2.0550047466204298,-2.0200491956745408,-1.7776016557802032,-1.7213565339221697,-1.236714381260299,-1.1779578353511377,-1.1986853158646609,-1.4431028696449095,-1.6673588739801968,-1.891751728638118,-2.0251610588054385,-2.1071098792474547,-2.3217385985584924,-2.2436407097766446,-2.115055001807794,-2.1033326437125055,-1.9667374261710115,-1.9335054667101232,-1.869137763451981,-1.8591181640571222,-1.4740942823827101,-1.2496118742616282,-1.1145568222832019,-0.966069226675998,-0.9273769256129913,-0.6886193152049049,-0.6033547116004545,-0.5294902539755402,EMSC-20140326_0000089,PLOR1,5.3333
380,0.10733372743652403,-0.7950057844212672,-0.2372097781735789,-0.28298419420779464,-0.17732634444111994,0.9022832385388133,-0.07555582324172061,0.47838935677646344,0.3109859779866868,-1.106449821601002,-1.241711301803682,-0.992982417968582,-0.6864911013220132,-0.6992880803161095,-0.7737498161801879,-0.8350845045007578,-0.7345520351816006,-0.71097618511972,-0.828857195252823,-0.9179105445171958,-0.9969253298446805,-1.1088671549311533,-1.2180318080080221,-1.2323655098985693,-1.201301681231806,-1.1472570044414336,-1.0426891269788818,-0.9592814443391955,-0.6802866267565495,-0.374287364564708,-0.11718672738686742,0.1286713103543491,0.31908998804100186,0.41920733855481096,0.6349825490959269,0.7996129850233498,0.9282110615059587,EMSC-20140326_0000089,SULR,5.3333
381,0.6029272329879913,-2.5415081167189246,-2.014378559308593,-2.2366338466599274,-2.2555588846094627,-2.0833838407264036,-1.7842594950093096,-1.6694737315137766,-1.9155167307729535,-2.394819857838419,-2.3070748071498626,-2.5911729804528454,-2.7365315777690222,-3.0542759899766914,-3.0332435052603284,-2.9610486109860057,-2.8078861251516463,-2.851127015730908,-3.19110366383474,-3.238831267887588,-2.990921578235258,-2.9459411691861606,-2.9376352014124443,-2.8083099644770844,-2.6471216803473965,-2.5582052985185335,-2.524252165382803,-2.430649667725529,-2.2950230352637764,-2.0336893411596044,-1.8568266519844414,-1.6980894565170832,-1.4852198559415903,-1.2792885930367053,-1.2377430609673006,-1.0871286482358524,-0.9111659890521295,EMSC-20140326_0000089,TESR,5.3333
382,0.0028163740011954985,-3.1020480746638484,-2.5951776186404043,-2.9093067061100193,-2.952599041168927,-3.017220699850016,-3.005754445681972,-2.672083352553952,-2.8354378089394077,-2.8268329434616692,-2.592287542048008,-2.865407517626201,-3.330339055624961,-3.37897863078687,-3.6023653555938395,-3.7040176229225086,-3.7538142382352087,-3.6927679523511383,-3.6575786690398875,-3.635801934205218,-3.3867121184354723,-3.309473921363951,-3.3236935253363384,-3.070842824932134,-3.086222861833134,-3.132229036541398,-3.2944394291087793,-3.168110910217269,-2.877816161633957,-2.6038782654650436,-2.455309230326913,-2.1934589373514495,-2.0578997777146597,-1.8654140308956748,-1.835926994416905,-1.6043225662112555,-1.5615137789778633,EMSC-20140326_0000089,VOIR,5.3333
383,0.36347704157325955,-0.6010730114276912,-0.2037938938378243,0.59434205944157,0.6889323079957066,1.0902574134420835,1.0638606708285936,1.167021010556975,1.2287945045944744,0.41570724090339706,0.015366107672678986,-0.10251197585001126,-0.08346899154893617,-0.2321273788287348,-0.406206184805904,-0.8405153199215771,-1.0512033059236154,-1.0974138755337108,-0.9320427760226053,-0.9381377086242724,-0.9884418746657841,-0.9169997874632347,-0.8879798641924612,-0.9486467106478065,-1.0043050352604643,-0.9619836793502357,-0.9241524167558612,-0.8680364091990462,-0.6894919139875348,-0.4335341237875152,-0.24135194791008097,-0.024906357477725294,0.17562402456027115,0.27890824560592087,0.5270114035817492,0.6834334703112113,0.7971508494834794,EMSC-20140329_0000126,TIRR,8.0
384,0.3474966871675167,-1.8125452533942763,-1.5982269705194412,-2.3523818946827806,-2.4507221554942005,-2.4624652419963047,-2.4172996068226755,-2.6967605687819622,-2.6191729947386184,-2.504443133770385,-1.801082573630861,-1.7409723187153885,-1.8325537244568597,-1.8595479758947802,-1.6776563803903244,-1.8001705168208257,-1.862648392901308,-1.6542066197767848,-1.854897519527774,-1.83412009141027,-1.8220007189024425,-1.773661211139121,-1.7441666082655685,-1.967333392784444,-1.8174966588275012,-1.6020428287727828,-1.6710398231543326,-1.759667182419605,-1.7996605755517674,-1.6435160125838486,-1.461165806713172,-1.265018270184509,-1.2649254211706573,-1.2969001222625476,-1.1852052174330758,-1.1815630086980384,-1.0832384991098412,EMSC-20140329_0000126,ARR,4.0
385,-0.8968154470441752,0.4486698517758825,0.7546948968299017,0.9947385946278748,0.923337946188906,0.8291072520078071,0.8089328611667588,0.8929151392728345,1.0991405204528997,0.8594557200435551,1.198678134292924,1.567883922760673,1.0586572630113915,0.8259872810268849,0.9614919224951857,0.8767430626956649,0.8172632338707624,0.2598753870878925,0.05651837979229235,0.05032098977553279,0.01830653756579892,0.19986475010793914,0.20955436790057824,0.21384182428561704,0.18648866897446048,0.1811414538157674,0.22638644514055883,0.3038690165495712,0.45157429304829044,0.610425964748968,0.7554517285930888,0.906669373876726,1.086852922742132,1.189515112547392,1.390842307374653,1.58413172089341,1.7000513821806855,EMSC-20140329_0000126,GHRR,8.0
386,-0.8122739729155821,-0.008203311806634694,0.3921916396377991,1.0363408044772324,0.9756474586042083,0.9101648307820049,1.0709808385178263,1.1339374458955147,0.887401897323767,1.3386993881144686,1.1466079142329884,0.4789161749961002,0.42611636398817065,0.3254671634966968,0.11116282274080103,-0.06117413750442857,-0.1444442246908899,-0.3366373844713415,-0.30407889709033675,-0.2956877932055386,-0.3266399928068502,-0.37151368222450465,-0.43754633509257346,-0.4075607842169715,-0.3326000902891435,-0.3279998864512379,-0.28970142567209933,-0.23059196197371,-0.04568501825124649,0.20634192218525804,0.4032282224629782,0.59353444545747,0.761616818784729,0.8516115694174164,1.0629472643741558,1.2140705754061152,1.3100142524000944,EMSC-20140329_0000126,HUMR,8.0
387,0.2442853275387562,0.08871680577201779,0.5039638563112465,1.0592069113501763,1.0028717651342731,0.9253491754839507,1.031535133273354,1.1626090329035357,0.8871673657766976,1.4784452195821212,1.2029348395559225,0.662479655718645,0.08090825334350793,0.18506312450256246,0.18457604029487218,0.2545623998293012,0.34034227607913703,0.2922312486447112,0.11939169531549432,0.07648319752856114,0.1779206969449305,0.16060017288189155,-0.05920578472743632,-0.1436275734345065,-0.2630226018839146,-0.35937749032719424,-0.321463243590971,-0.14321787044210588,0.0001638144739075642,0.21099675520788708,0.39047391463935455,0.607211810053375,0.8298973945036252,0.9635051587793484,1.2023145074641963,1.4050869365985896,1.557300554238516,EMSC-20140329_0000126,IAS,8.0
388,-0.022476142336944616,-1.3792807825441145,-1.093591673565438,-0.6439909913904271,-0.7115257158141217,-0.5901602299598148,-0.5205056407338917,-0.5021681390118511,-0.776496674943048,-0.11405651652536797,-0.3846061839393391,-0.7220717784747821,-1.0957077435868579,-1.4223370169241587,-1.3589119158292453,-1.5096449000248828,-1.5953310906096627,-1.3064501742434151,-1.4728395712042417,-1.3484537602753237,-1.365249470055887,-1.456114808672,-1.5685470200053482,-1.525543928353569,-1.5887652535111592,-1.5514755245468148,-1.442581970758928,-1.4385675065579182,-1.6206574341201545,-1.2973227080489806,-1.095481928706068,-0.9346221548226019,-0.8883040044389272,-0.8964446461391162,-0.607767548571065,-0.5775149503165729,-0.4471248288525391,EMSC-20140329_0000126,LOT,8.0
389,-0.033990619218603246,-1.0767013311718152,-0.8248566095055292,-1.6530319863457903,-1.7329814334136913,-1.9139781871442167,-1.9821603303660504,-1.7858577484559293,-1.8668029928606957,-1.4584266564724357,-1.6127589133306017,-1.5681596075744526,-1.2204833727682747,-1.3106608929668004,-1.4871679927552437,-1.2847527558431162,-1.3452625878927345,-1.2826084251628753,-1.1701069464384517,-1.1566923850865054,-1.2352563542662267,-1.5405147015911744,-1.7359399394360002,-1.2381414107561994,-0.9498260559289244,-0.8043120877881034,-0.8039221061968167,-0.8603499849462288,-0.7484058438622547,-0.7015879637390707,-0.684623429234323,-0.5835008616920945,-0.5418573029551901,-0.5278233575911297,-0.47003584129695675,-0.3872276997647557,-0.35444720147351916,EMSC-20140329_0000126,MLR,8.0
390,-0.8665297902133782,-0.3756024417211856,0.04937474724272839,0.7444561151868614,0.7175049686367299,0.7188072258822569,0.8435899836171004,1.1334223371522243,0.8721167879907425,1.0178818462340442,0.6201345951914368,0.7807167652339668,0.027170984301311485,0.09697961313076142,0.2664493727595243,0.1829879298835504,0.012887706028370083,-0.27651579685583627,-0.5039862032357965,-0.6683518237400197,-0.7830407384007065,-0.8206054009499137,-0.8424550485426803,-0.7899017567958877,-0.8986201519102845,-0.8034547574353468,-0.7067277179765385,-0.6382132459699301,-0.4659083652707814,-0.17855637160691806,0.08451917956593746,0.2615707299986614,0.4385983175126462,0.5271177035873542,0.6956671226045827,0.8434151938211105,0.9926802595702036,EMSC-20140329_0000126,PETR,4.0
391,0.11954450353575607,-0.7741195122796549,-0.5045812729646109,-0.7229894374835997,-0.8082328013486322,-0.9661344882055536,-1.0110039198045948,-1.0382358065765,-0.8801055970816476,-0.5158617662951199,-0.29535717248015025,0.33815188155118214,-0.09758637884212629,0.06969112017279322,0.17009501582377773,-0.2030211819974168,-0.2782667241293284,-0.6276677464039997,-1.0436875194183912,-1.0304743433382013,-0.8305889085473623,-0.9616619749338309,-1.1353116845160311,-0.972010855033802,-1.014729357236405,-0.9876755316933838,-1.0180179895185075,-0.8771863790705421,-0.7685435840867854,-0.6280594298260205,-0.41306119741560465,-0.2671429187367167,-0.16135070522592976,-0.10668378063518347,0.08055752954343198,0.27635685204687377,0.4198340495908166,EMSC-20140329_0000126,PLOR1,8.0
392,-0.021108723341247693,-0.3683565963993587,0.0030954928994617603,0.2020958977185634,0.22391571534208943,0.6079048819491772,0.34767813538769854,0.5081683670174577,0.7190102445205921,0.14377520324215975,-0.0032285967259380044,-0.14907431386184822,-0.1995936748746141,-0.3465045195840091,-0.5799272952255432,-0.6120703808533792,-0.44745405562875273,-0.43120948369462475,-0.48847259221142636,-0.4664575236865476,-0.45590818102721187,-0.521148334086285,-0.6254009412430133,-0.5994407423723507,-0.5961301715073208,-0.5817998150769661,-0.5164928404116704,-0.4807164139435116,-0.42167462051341076,-0.13091054322585194,0.005114346464822006,0.13883109273092842,0.3242757909739833,0.4559897677340832,0.6657275368106657,0.8298741310488555,0.9381637068680071,EMSC-20140329_0000126,SULR,8.0
393,0.3687079395162849,-1.4919106322895441,-1.1282182031489612,-1.0386487547862702,-1.0963334159630325,-1.209706354716456,-1.0551976389064297,-0.7346810934619343,-1.2587966773846677,-0.816136361190944,-0.7279825355794021,-1.2360027665219047,-1.2843842819426001,-1.3783166734365935,-1.4672489184282353,-1.4989046058492548,-1.58035461932438,-1.5850116775665226,-1.823186714726206,-1.8619843639180553,-1.8311181475164569,-1.8783942785317924,-1.9054195152327074,-1.7961495983564477,-1.6181421699980447,-1.5869797502756526,-1.5444286650967634,-1.5005164791838084,-1.458784935932517,-1.2962159482346962,-1.1210949088220374,-0.9573419244889028,-0.7449628175746756,-0.6605303644622644,-0.4979016209633187,-0.3636075429098966,-0.3128473258883311,EMSC-20140329_0000126,TESR,8.0
394,-0.04827200471430704,-2.332392632521276,-1.9934636677297277,-2.5456691331823658,-2.5749679756984705,-2.611698279993659,-2.540268754334095,-2.353047436274287,-2.2945699806142192,-2.1955209702941225,-2.5195720013520067,-2.4476052663921246,-2.6682402598147794,-2.786037512270707,-2.864871977709127,-2.6179673909001977,-2.6081453207267202,-2.4618570892512857,-2.419873391846181,-2.4290684437005927,-2.38701811349841,-2.380774668102551,-2.4320309854924274,-2.279027375100365,-2.246000545939335,-2.3584749239150824,-2.3379876938452764,-2.325854961868993,-2.098227428397367,-2.024656937358861,-1.91501141567052,-1.7732232024764176,-1.6776897300813545,-1.5616833969752335,-1.4522319180894048,-1.34023078700584,-1.2674084633032425,EMSC-20140329_0000126,VOIR,4.0
395,-0.16620176704558354,-0.6742850473498327,-0.4113948088167536,-0.22392411917104837,-0.2948669636829795,-0.4161359181555744,-0.4784716884366622,-0.6531760726802869,-0.4337870435149531,-0.10006894990159143,0.02845114351409883,0.27727397525033304,0.39955248257755827,0.33980944608643426,-0.03579137716544345,-0.11269992854244215,-0.41108596775687456,-0.5549696013082039,-0.5845696577925032,-0.6582833384455329,-0.7017712911811902,-0.9498106860138442,-0.9813425883881388,-1.1241723584517755,-1.1248895393833056,-1.1291520715846541,-0.968390647395462,-0.9852033275012833,-0.7718143130787158,-0.6156929353545468,-0.45070543553052467,-0.2673384457154029,-0.09497110455887992,0.009918940041274027,0.22424156307761045,0.38033988991340983,0.5206582838985874,EMSC-20140329_0000126,VRI,2.2857
396,0.47731536627477933,-1.3181861719236707,-0.6301708670942716,0.5446236273762501,0.7379673446450203,1.572798363337231,1.1726321161074864,0.6883300089967683,1.1136911843097907,1.0227464658807417,0.11183766293381225,-0.1421702108782723,-0.7309287375670648,-1.1051961408870534,-1.2906219781148414,-1.4111575269708343,-1.6757805122541596,-1.8955794439732792,-2.089730000393901,-2.1506730460672863,-2.1683797606417734,-2.0767422206722275,-2.0942320567076624,-1.999382500102346,-1.8336302894757495,-1.7759587952273161,-1.7366234776379983,-1.6221599966232123,-1.28092947878498,-0.8623896532055557,-0.5316062281940255,-0.2822921980225992,-0.028611444240466355,0.1513882482268869,0.4332456054124467,0.6585520439947459,0.8137177765825498,EMSC-20140824_0000024,TIRR,4.0
397,1.3645760599538748,-2.974417920885001,-2.625388056323212,-2.75845785335407,-2.8013086364180326,-2.931956834895029,-2.775124097625244,-2.9310463021141286,-2.8774800973074806,-2.777101606875801,-2.3255883575055716,-2.417040741319724,-1.9084274807956243,-2.2873546186849376,-2.514079564422369,-2.3963053188156227,-2.5762868915820523,-2.894923916551269,-3.3364694139736013,-3.2879514125593836,-3.124377879160088,-3.155183433438359,-3.1670145182306406,-3.387062452471449,-3.3814403925501946,-3.4663860710117884,-3.3135291503767306,-3.2229057384628774,-2.8412942602345463,-2.721126722101772,-2.5295469441337826,-2.3572930961035965,-2.181798962946816,-2.080343280682728,-1.8412720195031813,-1.729586009639796,-1.6364238214227598,EMSC-20140824_0000024,ARR,2.2857
398,-0.9462220705518787,-0.5818857457346613,-0.1494458492790578,-0.010989438450095257,-0.06899546254713851,-0.16302947559681158,-0.1411927690164605,-0.07580464467833359,0.37853629705673963,0.3656037553884506,0.07685625769502202,0.22321925493931438,0.1193695259400096,-0.08776701541311382,-0.03919337041351589,-0.022192369281705204,-0.17753453935795527,-0.6965806887426229,-0.7497470701736457,-0.801794386464727,-0.7188323015686757,-0.7061236291080135,-0.7871812205482493,-1.0423575462976347,-0.9871020773806443,-0.9619942192970381,-0.9262941370898368,-0.8554258224816014,-0.5904682649805704,-0.3233514177890857,-0.10770605203172856,0.12864576533261562,0.3408505644219275,0.4686876490608878,0.6912913978759576,0.8718906660030914,0.9960877616207888,EMSC-20140824_0000024,GHRR,5.3333
399,-0.5469700853153636,-0.9157621934499947,-0.4492366168575863,-0.028835028387558026,-0.06331809466276539,-0.0665762203598943,0.019733043434452036,0.12804524107128756,-0.047344360469566915,0.1299739979476886,0.11206696472333988,0.38536971947910015,0.037108858479556694,-0.019025374105086534,-0.07412888589814148,-0.21068903187666255,-0.39266291714431745,-0.7173246221769265,-1.0580486408684173,-1.1089644158659793,-1.1597286767633754,-1.3667840500912982,-1.5120269983880537,-1.605139308972614,-1.5428448686442717,-1.4724591035539074,-1.3349446547708634,-1.200929097223586,-0.9286829189045438,-0.66379559606108,-0.46833414472946977,-0.18990464658081763,0.031700612635185976,0.1535864648177494,0.4431955397542513,0.6791717468273415,0.8132579674352591,EMSC-20140824_0000024,HUMR,5.3333
400,0.6443628841636007,-2.7948443021158695,-2.257532071832003,-2.0124649954726888,-2.007686277308138,-1.8026845133096465,-1.622245567262536,-1.7401533548821506,-2.1046416947624653,-1.5818623222362662,-1.8571250628346831,-1.868551534968872,-2.259863302239638,-2.267271000072114,-2.459337950461957,-2.673218633712727,-2.8468301778568588,-2.9314128194635405,-3.3109951425459503,-3.2858202214561594,-3.117978072728482,-3.289324587325524,-3.3197757783859583,-3.2023592899375704,-3.165645323056646,-3.2917552202364426,-3.1912178593006644,-3.0399639200087627,-2.602965656481228,-2.4364377802488093,-2.1700642240666035,-1.9232496966931247,-1.5547711373396513,-1.5206824550177949,-1.4370204703482976,-1.5945674676525563,-1.3854683870216764,EMSC-20140824_0000024,LOT,3.2
401,0.024388788648891158,-1.5490431693432942,-1.090850019756978,-2.3745367710805043,-2.4721544296229885,-2.6538034871033833,-2.7279254303429505,-2.875882682743237,-2.8479017511249545,-2.5558926404186666,-2.02542605172387,-2.0052808409407135,-2.0599220320920546,-2.1418201049225196,-1.9571648082978035,-1.3959458309105406,-1.3571154328922574,-1.2713453320931682,-1.243749383896188,-1.2754734456380508,-1.46504349566563,-1.8040508773378612,-1.9782413820558098,-1.789590511874339,-1.6240325823522532,-1.5780354630597166,-1.3303433179051005,-1.2958097148550323,-1.1433354811193173,-1.0404181887684114,-0.8812843059567612,-0.7428530528849979,-0.5987709418871692,-0.5555693737173701,-0.45583943397615734,-0.40833857573667487,-0.33265317772373315,EMSC-20140824_0000024,MLR,8.0
402,0.003071892574929347,-1.6117654193910518,-1.1312958208991493,-0.35669559347257174,-0.24952234332647638,0.21482534028542588,0.37536928197957753,0.1896809334335856,0.006439768279307145,-0.22941793056699122,-0.4004027903275942,-0.7126242395577469,-0.9003790928028534,-1.1327258824334017,-1.034349021606113,-1.1015330643568664,-1.3330724429314946,-1.7253357434482632,-1.9676772584478117,-2.051121759830612,-2.005743424186379,-2.0769406676807964,-1.9973235593983691,-1.9610828981493116,-2.078074332897022,-2.1436026283939515,-2.043272095919699,-2.013127526138078,-1.6609353694171922,-1.36387133016013,-1.1080005779518647,-0.8723294373913966,-0.7052210404097234,-0.5571715907352459,-0.30541143110921354,-0.09675619912182398,0.06525374762657954,EMSC-20140824_0000024,PETR,2.2857
403,1.2136135938478096,-1.6345806765932078,-1.2409868767946808,-1.5437009320782886,-1.5962016740362879,-1.7231616774383092,-1.746623664584658,-1.9058360702716053,-1.5670338611967418,-1.8097178100325806,-1.2169705889104652,-1.115687430242513,-1.2205858597183976,-1.0854655301409615,-1.181637527646454,-1.0793875741615313,-1.0081345213314785,-1.2617913455887297,-1.4935823626630258,-1.6744380948799193,-1.7152362385523574,-1.8668839454695059,-2.02352683413468,-1.997024068312375,-2.0585332576906588,-1.9836229215585455,-1.7981855037920322,-1.7853781235217259,-1.5752613366118133,-1.3749617941198622,-1.06976354120137,-1.078672106296855,-0.7544824356171507,-0.6977977875723997,-0.5325719076864086,-0.3416520075166911,-0.2638340188702486,EMSC-20140824_0000024,PLOR1,5.3333
404,-0.010476947378578405,-0.92942011428533,-0.3941311741732463,-0.04207913005398112,-0.0395179379539643,0.4763560070918391,0.1178779489620938,0.5468364167937407,0.762357047656244,-0.2798312589088008,-0.17718797876260073,-0.33186379009341316,-0.5187342410962055,-0.5447396664247517,-0.5769971526373414,-0.5932135901643134,-0.7206726407143016,-0.9162285952050535,-0.9973657947214178,-1.091228717152454,-1.099404362942698,-1.2985043262940748,-1.3608045653812928,-1.317449888532301,-1.2832483708931228,-1.3031489540284191,-1.3404377799162415,-1.2902833213350142,-1.003358244361138,-0.570000488407727,-0.2954248366526677,-0.04449844723166052,0.14782815591546417,0.24667858010058907,0.4173799516078951,0.5748172845064641,0.7025278723094903,EMSC-20140824_0000024,SULR,5.3333
405,0.4812275669468802,-2.222785838955339,-1.7743962790929153,-2.247287940913007,-2.318440053792089,-2.3333059603887456,-2.3129136229949134,-1.9786284495397402,-2.1592449227225643,-2.0343571557299347,-2.0946410325833584,-2.134662142533579,-1.7548769792339263,-1.8918119545202972,-2.215753357027479,-2.459165815452315,-2.5406524886071553,-2.480661231946309,-2.5989195535783844,-2.5780919075259012,-2.474611866618651,-2.4147934803180924,-2.5408241140243764,-2.381720218190095,-2.329657906314825,-2.3045260227662023,-2.3134427153344674,-2.309343599136625,-2.154124485680228,-1.8540926167510374,-1.5825703305866856,-1.360128111033493,-1.2189535412346775,-1.1237168220998814,-0.9755571901330171,-0.8292111038720993,-0.7900841190605998,EMSC-20140824_0000024,TESR,5.3333
406,-0.14550215662438903,-1.3618958146392721,-0.9723753891308125,-0.8830280739019587,-0.9538419213356741,-1.0886268911645915,-1.1241904485921594,-1.2016210934576836,-1.1625880958831578,-0.9320825298034858,-0.9238713773047245,-0.4771317585193735,-0.11157899744192434,-0.4027351360949796,-0.8183477295063541,-1.0738859389527589,-1.0778468252250386,-1.2476559107191463,-1.413432772876293,-1.487925966644645,-1.6011035076190856,-1.8026802681631846,-1.8243291246750042,-1.8098391380202683,-1.7576877345461206,-1.7250052739481472,-1.6981510280719103,-1.6802118368901482,-1.4761713075373422,-1.1947833727837018,-0.9551668729777845,-0.7276567219434451,-0.5120227961708146,-0.3865903553424239,-0.1482671308984429,0.05014147035915606,0.1754299728612203,EMSC-20140824_0000024,VRI,1.6
407,0.8702982482395365,-2.403060453083496,-2.0659593393332845,-1.495921481268967,-1.5447423215723735,-1.5626591744620466,-1.6363708408224413,-1.4263286741589951,-1.7248913106397552,-1.3883203117958,-1.0949639247595657,-1.021094649082321,-1.6453541593263497,-1.449768136331266,-1.148309531470356,-1.3957628109183666,-1.7497572026138872,-2.330931676665914,-2.36074794443317,-2.5101296409361016,-2.5465813716911514,-2.7995272157361075,-2.837115243401933,-2.764607745821058,-2.867462416290649,-2.87735162509302,-2.882997904028766,-2.6667153359898332,-2.5966625721498335,-2.3561706038658325,-2.125440591676682,-1.969342444241656,-1.7843830317137037,-1.6367093307882126,-1.3815946626333524,-1.168435914649697,-1.0354734189787802,EMSC-20140910_0000067,RUSAM,2.0
408,0.26138667402439886,-0.709057318109803,-0.39570625430505935,0.4325035469661227,0.572124228614296,1.1470634676280511,1.3341344146001077,0.943379196168209,0.5212781564752218,0.19033806900331562,-0.023846199045997274,-0.05786633917777806,-0.13178197643066003,-0.099831343921851,-0.11796619284692866,-0.21805380097616833,-0.510921227557918,-0.8939832688288307,-1.0248881841267883,-1.0505346280552281,-1.0588313904077227,-1.0915048898307234,-1.1789181104955127,-1.3141620654705788,-1.2642749442437609,-1.2167678524864574,-1.0403127231752052,-0.9148441866662562,-0.7207273616385361,-0.5050648097049457,-0.40013268637185284,-0.2823365714868622,-0.13939956060402636,-0.01864333060085599,0.1668527537162916,0.3876265031514379,0.5141956622425443,EMSC-20140910_0000067,TIRR,8.0
409,-0.23933030649985776,-0.26283170534853095,0.08705960683326452,0.16667932897155335,0.1136377490262035,0.059852214207150034,0.022595722066021118,0.3483171424709628,0.39528280678584604,0.25427856018840256,0.0867122075808231,0.02961157617369725,0.07475787258823363,-0.17408515477507347,-0.2117412008975661,0.09579963446983442,0.1611248001693042,-0.05385088409668981,-0.22757791842042696,-0.3196543766222817,-0.30988267996419516,-0.41355714883983374,-0.4447044342777655,-0.5103281073205146,-0.6256903535318541,-0.6092849704551746,-0.532339692874876,-0.4537535452709047,-0.24489960030238578,-0.022035001316904612,0.14423701908069653,0.28914240156818316,0.4502640296919225,0.5085431010349737,0.6425657971105689,0.8078371423312429,0.9094154402649046,EMSC-20140910_0000067,AMRR,8.0
410,0.48002989249410666,-1.959501323406748,-1.807420623539091,-2.304863898724456,-2.387044768283835,-2.515363711288934,-2.563495539963128,-2.8302068508488416,-2.9095141075717876,-2.618893530926057,-2.1681233731664786,-1.6772836932513249,-1.5039502504276392,-1.8920847149389761,-1.7650979813886938,-1.8278456256853044,-1.8107874640569968,-1.937253799630474,-2.2311653349932934,-2.142179383929305,-1.9575427590161443,-1.9302972690360791,-2.150945505466966,-2.3021330342252977,-2.1229898722057925,-1.7809829475516938,-1.7537984144970498,-1.730632028162967,-1.8962350239023706,-1.8710048586512062,-1.7956251837340425,-1.6491264996310964,-1.560728471827412,-1.5604435408373813,-1.3526430375486207,-1.2293789678010327,-1.1753668581770729,EMSC-20140910_0000067,ARR,3.2
411,-0.8818135113251517,0.5415085736517007,0.9353482445323529,1.653631858102794,1.6189032176503302,1.5559217035326904,1.6820834117375192,2.0928458793310867,2.212580852219404,1.8076225516679552,1.0268940489220153,0.8778944255246319,1.2012997199017956,1.262141200331424,1.0365156227171086,0.8030326744814955,0.769213269381309,0.4753237098432619,0.33002388309522424,0.26796372813100433,0.22850300096715515,0.15778425572478838,0.037798061952805995,0.05264676426170389,0.10370282281940124,0.11557483379287792,0.1339525904231582,0.18594390479711542,0.4537810508250715,0.7514073115066982,0.9558492948971384,1.1295816188443748,1.3039825920243775,1.4095489353345325,1.6185177003865228,1.7991690221625234,1.9165876957147816,EMSC-20140910_0000067,BIR,8.0
412,0.11783884984334891,-0.4667318585945912,-0.19779038809574523,-0.711137462784813,-0.7895312412566238,-0.93152356004427,-0.9746823793309858,-0.7714196116181977,-0.8876534448206206,-0.5148523193916068,-0.2379597326957672,-0.22815014433623926,-0.22344759917922907,-0.14247186698265146,0.07195488055636279,0.07368506671125363,0.0659346994169141,-0.15068321304835308,-0.13263861830824641,-0.23913450077878995,-0.22992780098342713,-0.41819115315700905,-0.5164857390313005,-0.5568166925099325,-0.605355134681739,-0.47615613302076554,-0.5447989421137347,-0.5818427338004604,-0.6222315920414232,-0.35937527232810673,-0.23846032975846043,-0.021676280717041863,0.14776111000842285,0.25850694960328546,0.35924235422339734,0.5200597536159322,0.6412051897197077,EMSC-20140910_0000067,BISRR,8.0
413,0.20149678833137274,-1.2862028636380236,-0.8405240780392358,-0.15516198435307693,-0.20426002169700475,-0.2934896161888103,-0.2568377268724671,-0.37721360868180476,-0.5043949334104028,-0.2494472797320606,0.2199680411250009,-0.015756925766295282,-0.2990623914966939,-0.49842362085965686,-0.9338196715467326,-1.1197626126630063,-1.2862147757297224,-1.4958469964341186,-1.5096487690177067,-1.576925778904469,-1.6555367071750924,-1.7358515714176281,-1.876109016384615,-1.8458813726286323,-1.7959792219059372,-1.831955641447152,-1.7497821866727383,-1.6267932866957757,-1.2897557628894596,-1.0727651083792669,-0.843772773001314,-0.6273628367679969,-0.42036299375022246,-0.2803227201008003,-0.017424276973843078,0.19034645350230406,0.32637004002504355,EMSC-20140910_0000067,BSTR,2.6667
414,-0.2654943052484433,-0.9210705477820014,-0.4622102167300106,0.25271230435379,0.19860996624448735,0.1012895396163902,0.25502756635037205,0.09084778723934406,-0.030736721846943205,0.06533745833140792,0.811117024668885,0.6028467896238352,0.23209027944309035,-0.10644986447669602,-0.4276528602394851,-0.7407512177193594,-0.9290184984627459,-1.1968623841894308,-1.3202481768795318,-1.3676502849493053,-1.3402816250772362,-1.4377328546330839,-1.4492096856584782,-1.3995712867264825,-1.4569715288980536,-1.5084769337410746,-1.4056531558063146,-1.241095814387645,-0.9922399045555697,-0.67115321236966,-0.4045548423219767,-0.1822478714645257,0.01701972198745416,0.13175180580752155,0.34403517009739915,0.5269913222838731,0.6642044347984015,EMSC-20140910_0000067,BTMR,2.6667
415,-0.2183526308773276,-0.7808446602471992,-0.38646847430578113,0.09027115300945443,0.03808332452402752,-0.062090689100069874,-0.025936535827399965,-0.15115161271362343,-0.31196864606788566,-0.06437092798941002,0.611385999742625,0.5503709099730925,0.368549224274509,0.22713286544175926,-0.06807089924424226,-0.2659298246918951,-0.3764850019362118,-0.835623362019362,-0.9619036162502175,-1.0342118902149995,-1.163259352919126,-1.2642367117803461,-1.3610385515047652,-1.3246327745409054,-1.2871900470794593,-1.2704742258223733,-1.1730005698361445,-1.1514098208458154,-0.8336762177093409,-0.5620056440560166,-0.30657591187847366,-0.1449145439987216,0.062243025865676316,0.13945196635352275,0.3544561415575487,0.5154810646010226,0.6384610813844276,EMSC-20140910_0000067,BUC,4.0
416,0.47490906631124563,-1.1773251875762671,-0.867261496625412,-0.7013869824001597,-0.7509264241952529,-0.8584205624258132,-0.6217206215718472,-0.8193764729572584,-0.8769205154737172,-0.5443175805957656,-0.31808469543034246,-0.42950166989056715,-0.5088332640328188,-0.7008101102815862,-0.8799792156452719,-1.0657005849033139,-1.2522639929280945,-1.1409080256319344,-1.3099941322865378,-1.3256221016092908,-1.3277335990408368,-1.4982174359991376,-1.4574410388179828,-1.4476215836274466,-1.4551437463167103,-1.3174149362586345,-1.4577650136437672,-1.416151129080756,-1.2834966728521486,-1.0116982712264484,-0.8939071773616298,-0.7254981329215635,-0.509701455883075,-0.3798579630936292,-0.2392897597902106,-0.09782964344211109,-0.005188460697091557,EMSC-20140910_0000067,BUC1,2.6667
417,-0.19497575038196668,-0.6862890839591707,-0.2933648036816052,0.2816419410556641,0.21751194958029352,0.12205800659330812,0.10506934026622261,0.06901287713265702,-0.12215085833668926,0.08182134199221203,0.7687064432394726,0.821830193101877,0.5336258538517882,0.18828596893885674,-0.056922188991894274,-0.35892765145990335,-0.5784675820729754,-0.6840416440076575,-0.7545942547068183,-0.8694480026141846,-0.9967308446999272,-1.1085845773458507,-1.2287630651688586,-1.180103607986685,-1.1210076392991892,-1.203137462566998,-1.1801333928805455,-1.0448499295357099,-0.8002091517479037,-0.550975032767063,-0.3330854421488407,-0.10384906002377647,0.06560358448923154,0.22094884291876404,0.46633793775645316,0.6764452907626062,0.8113340558096009,EMSC-20140910_0000067,BVCR,2.6667
418,0.0008685996413948516,-1.144804982682885,-0.6450619168948624,0.8232547943675339,0.8577803246008155,1.1847258650136672,1.5301875043419466,1.2351801070928738,1.3490094943025515,0.4314057165007146,0.5955453869656839,0.15410698360911113,-0.3667160378308383,-0.6319953787408359,-0.8824014852659365,-1.1802403429798352,-1.1809327716981146,-1.2876739123812673,-1.6751421334724235,-1.6922981927441798,-1.7064611795252445,-1.7563964456705037,-1.7841579740724915,-1.8389557593158328,-1.7845510797285788,-1.7590884631817083,-1.6238176482800224,-1.4623619845648381,-1.2606686486311354,-0.9687932889875146,-0.6862969791402254,-0.4558261543614428,-0.25517003374008596,-0.11765276962174553,0.13788234076507244,0.3438270993789114,0.49074092533004965,EMSC-20140910_0000067,CFR,4.0
419,0.2819577621635072,-0.657338883753237,-0.41499612698367194,-0.36568178261590223,-0.4037371609026996,-0.3675743672091132,-0.0904582863665917,0.007450005899309886,-0.3407672947881597,-0.14575255273700716,-0.17006706717497622,-0.4243331120999798,-0.2799170234874717,0.025129637373050073,-0.02200876706234567,-0.21277849792911585,-0.2880918766080356,-0.533459960482384,-0.47894142608417134,-0.6474179537996445,-0.589705234843442,-0.5446888097463729,-0.6272487544731877,-0.6958732604101021,-0.8509254113843854,-0.9800381214093719,-0.9988797293255018,-1.0094926621251794,-0.8530159961365857,-0.5829035962817564,-0.41984854880086253,-0.26595224603284073,-0.1257068424020531,-0.08593119357581358,0.11352374142718347,0.28424637757000504,0.4009202199237052,EMSC-20140910_0000067,CLISU,4.0
420,0.11359841810687055,-0.9531338904528912,-0.49023753738860876,0.365985618305106,0.37113001259450407,0.4416772150267434,0.6156601070446692,0.9897848585475932,0.9195487941114058,0.24024489111033986,-0.26481148907563945,-0.03349814763221559,-0.348320537687278,-0.5908368989648158,-0.8034674113784828,-0.7960194009033392,-0.7471996640199849,-0.814889174544331,-1.0555077979073362,-1.0848545363018154,-1.1287533924855087,-1.2494772564477632,-1.4162782340219957,-1.398832940677467,-1.447557157150122,-1.4467900254242707,-1.4429666647994193,-1.3134914195807355,-1.0387687510411912,-0.7684561462193873,-0.47448426280814004,-0.2576661917182683,-0.08677439318252844,-0.005068020502028148,0.1885596981058928,0.36586360591865663,0.4745687152730511,EMSC-20140910_0000067,CNCR,2.6667
421,0.23400886562184064,-1.0996552082474018,-0.7041924731376561,0.04667350038560514,0.022930965689956118,0.007093767741142898,0.1601970220148985,0.6037879196956695,0.4447266041485074,-0.09309911667677717,0.3305332685090354,0.0652156831029087,-0.43015713730520666,-0.7072728667216186,-0.9702358417829959,-1.0847746681355321,-1.1579224217253365,-1.1664795622632624,-1.4290509027785765,-1.546215052797554,-1.5699549552503935,-1.3927644671322534,-1.6035467298241537,-1.6175658760392544,-1.6041911211963846,-1.5261475253757233,-1.5112259399214665,-1.3512519181234381,-1.081193389065671,-0.8639689233140917,-0.6957072991578759,-0.5339282336056836,-0.3298831521482981,-0.3119026890143566,-0.0019255209007145169,0.08764760729692078,0.23807750456089316,EMSC-20140910_0000067,COPA,8.0
422,-0.04883420165032826,0.5540120424358346,0.8980518021422981,0.9853079708547128,0.930028196356596,0.867980937352109,0.9695748018880952,1.0186287780286278,0.7580175595322753,0.4857644936494552,0.7813704694561734,1.147623708970304,1.1220816615329143,1.2703685037078642,1.2965575582388924,1.6163492950106049,1.712153245801967,1.356066571074126,0.9330652679956106,0.7597491241697245,0.6113449632127814,0.3855838605269337,0.2092267905698293,0.15608882412007485,0.12644238379723305,0.11260772972713795,0.16458910804214533,0.21242239289381715,0.4148365505099374,0.682240393827449,0.8692439827720051,1.035724746411761,1.2169734417546465,1.3319102322172451,1.5315408064551583,1.6840027992811493,1.7908677286087382,EMSC-20140910_0000067,CVDA,4.0
423,-0.5805460051221947,-0.04928435074149906,0.33599724471546466,0.9710635750933108,0.9153604869681677,0.8196283797502106,0.7812807398003025,0.7779500751960065,1.035241470803796,1.307854356722033,0.8910213054498213,0.8281293716942475,0.6711922519375593,0.38964318080378035,0.07695497539724805,-0.038713728353181764,-0.20201991022553312,-0.33914885369246406,-0.17923597196759644,-0.1257084820408343,-0.1443584772941202,-0.25311729002892136,-0.27334043451675516,-0.35035132668684454,-0.3741263252527185,-0.4397670522210291,-0.4749938854943174,-0.4334174473344934,-0.17456597606854984,0.1074760168411899,0.3328680808114104,0.5363032384574602,0.7212878418679747,0.8237083428975609,1.0204625482672967,1.1927734392470182,1.3083890732711918,EMSC-20140910_0000067,GHRR,8.0
424,0.5098079096892691,-1.2073692198517953,-0.8506483361611394,-0.09495730331070362,-0.12373893068273922,-0.12343311772540755,-0.06949850008401537,-0.10669583908148983,0.04187515969408295,-0.023668034549419126,0.11112734809001346,-0.2952833788169986,-0.5486791472921313,-0.7877435093227731,-0.7242428005960049,-0.9164745943382533,-1.0421369377796292,-1.3694713701168597,-1.4591485516975489,-1.4877903927201466,-1.5421171151343316,-1.6009336332318016,-1.675380550225408,-1.6626187986946626,-1.579292889604492,-1.540006986651866,-1.4979118949676842,-1.4616262952906194,-1.3273168580943793,-1.0175447842868017,-0.821209340420582,-0.6904995246331822,-0.5086783616545922,-0.44186991693212363,-0.2801385302618087,-0.11035399937584955,0.013978181298485381,EMSC-20140910_0000067,GIRR,8.0
425,0.21838777160909428,-0.6755997225987578,-0.31265124934792965,0.41528730120706125,0.40753811243545357,0.5601375009186782,0.625690932159289,0.897449864976914,0.9406746408251427,0.5659001990463803,0.8489943610620747,0.36356567528744943,-0.006799873394022882,-0.03950476076605369,-0.06748413631301897,-0.402210875409156,-0.7473087020001099,-0.7265488044983401,-1.1967889462602557,-1.2472131644248092,-1.1731302163126998,-1.0011491569062665,-1.1607293611661182,-1.443600884811576,-1.4036948987413664,-1.3149004873161125,-1.0869437281068013,-0.9744358858717366,-0.4679637503086802,-0.3018792625200568,-0.22272131927257455,-0.12359353060102407,0.10928756169716536,0.15611888528924922,0.3040460513682799,0.560417019040413,0.6822817866698418,EMSC-20140910_0000067,GISR,4.0
426,-0.0520751699007902,-0.6120824219351677,-0.24152040104699957,-0.38234476218869684,-0.44969083199841364,-0.5606578813835439,-0.5791406219904411,-0.6081981178375271,-0.3557927375987511,-0.23914241910629297,-0.07858033691290167,-0.20229181407773922,-0.2903651815492845,-0.3052316420093435,-0.20511473065040153,-0.21643201664141998,-0.20339103972683859,-0.3242230850299892,-0.4375761652512331,-0.5335964036073095,-0.5923409231834267,-0.6709130012662445,-0.7568945368192761,-0.8346813230005807,-0.8823561982597452,-0.9097982079728375,-0.9092084921647947,-0.8820501963558502,-0.6389518877050158,-0.3891195927674307,-0.20844452052397777,-0.029435903792705886,0.15284831055073766,0.25303238046982557,0.42925090262164467,0.5701123219235349,0.6714112743287171,EMSC-20140910_0000067,GRER,8.0
427,0.0937490369599101,-0.5850663000173171,-0.1955905900112782,0.08396760380082746,0.04684817796955176,-0.051528316205900815,0.13132326208653833,0.5141746825737927,0.015855683091441364,0.39755416030171986,0.2316037884554012,0.06116683028392522,0.07725063524534193,-0.1438255058982829,-0.14375111044448285,-0.1652238822722385,-0.2677022158917426,-0.6190803636932509,-0.8143723597570078,-0.8402643109961385,-0.8499951347488519,-1.0175139952514511,-1.1440229869169958,-1.0539134671539134,-1.0181924867614889,-0.9441771413573861,-0.8331797611546907,-0.7533534382162372,-0.5119137234060336,-0.2913991736978989,-0.10374496432860703,0.03893106032478322,0.19862034135640627,0.28527722945292666,0.4496781593138124,0.6501723192214879,0.7589725187888376,EMSC-20140910_0000067,HUMR,8.0
428,-0.19655846849059966,0.7854916361067161,1.187587119974168,2.3789738570082832,2.329623222625875,2.2850564392676125,2.419595463491688,2.681073372347396,2.709843771392456,2.6892855471139447,2.4376936069377297,1.9380983855531664,1.6055879787309646,1.418441404242512,1.1088298406246375,0.9217907498635762,0.7265543148583467,0.5994699882111858,0.5622975195228097,0.4563050881492572,0.5626014952557483,0.5693496210014635,0.33983430957340754,0.11501305101684167,0.19646106073696323,0.2547148051838164,0.3129024356666168,0.4236721095328022,0.6310815387780035,0.891969191109597,1.1046496842200053,1.3256929944762792,1.5270916743249874,1.6582262671182235,1.9006413182722426,2.0894811964158357,2.237602906827842,EMSC-20140910_0000067,IAS,8.0
429,-0.024103621581989643,0.3838102045830958,0.6100290215051078,0.811576731811428,0.7333451639152324,0.5819463639911335,0.5856639996460267,0.4887339705973961,0.3531832065068814,0.8521262482325724,1.0485958103944828,1.538757630976657,1.765612399408143,1.2944647430853626,0.9775127997384967,0.8278676654542272,0.9312608862594018,0.5316236975773228,0.41794863308348695,0.45511249999425196,0.5708948641293841,0.5156141578024114,0.4662751288719367,0.36124753626355766,0.022470696371765797,-0.15959585482987215,0.042423248533259184,0.0022836467496656354,0.05348209098209544,0.3682589455000862,0.5583608941067553,0.6703840515296271,0.8903481841860632,1.0564244878081404,1.2594130354537434,1.4083880874471841,1.5144795301498153,EMSC-20140910_0000067,ICOR,4.0
430,0.17238675659699476,-1.377778681402555,-0.9432430932279505,-0.47245409503527114,-0.5297289559920983,-0.6196601979795648,-0.5894672489113368,-0.7998003195239258,-0.8811580547382913,-0.5515918252828431,-0.0001190693339063742,-0.23212253688010875,-0.49603979687024946,-0.8523180763887375,-1.2610062971316713,-1.315209264371795,-1.4847152942046131,-1.6712899738061582,-1.8205154731389506,-1.9572340384440432,-1.974847901115873,-1.9524117755814991,-1.822199450432107,-1.7593790350314213,-1.7484556760038688,-1.757519809251594,-1.7108545965597628,-1.6971925992749064,-1.3627592101016006,-1.0858269209938847,-0.8763758269585455,-0.677766068594396,-0.4904321998875645,-0.3978801084579082,-0.12209157596590359,0.0033856617778145193,0.07723896322918655,EMSC-20140910_0000067,INCR,4.0
431,0.0023058559398725365,-0.10958494793318518,0.10244404559658982,-0.39293806879098536,-0.47915065655504563,-0.5650872098539859,-0.5428659131827747,-0.5284895494717929,-0.600582621539556,-0.18997001703534444,-0.04461396697341158,-0.05112279450033519,0.00463564786359516,0.07132459517589851,-0.14606952308912202,-0.12149278935547425,0.21572962694576958,0.19219295640284084,-0.05470319105415111,-0.05906509828711837,0.07559082614203039,-0.0035799990263161163,-0.1055586994695652,-0.16308676367681318,-0.12692940513717232,-0.2500189089128,-0.1034108603074273,-0.1574627246103688,-0.14502300982832317,0.021989707155571026,0.12987116779686936,0.2187126999358444,0.31884293688084675,0.42428395359775806,0.5895273869422493,0.6728045098280635,0.7750791144316835,EMSC-20140910_0000067,ISR,8.0
432,1.0970122314885238,-1.6036439668972982,-1.4641216694493835,-2.206040575065482,-2.2308335159148145,-2.2590365090850977,-2.252179160377522,-2.27638510718873,-2.358828893410573,-2.3701419774257717,-2.218974873325587,-2.0710931118453777,-2.374041377069384,-2.3838052651243133,-2.174282008760253,-2.334629227240847,-2.1364805049029263,-1.8533519177480082,-1.8015234253006245,-2.056338589962281,-2.118364576405277,-1.8546824264760442,-1.4976962291359381,-1.1370634838738267,-1.199260604686196,-1.079009040656075,-1.3015945413720686,-1.2466985717362817,-1.6417315761815292,-1.4891351597819114,-1.5679515498586127,-1.4530451443764765,-1.2959749382120638,-1.2662760538278626,-1.1367441535461804,-1.041396341125843,-0.9666187996260973,EMSC-20140910_0000067,JOSR,8.0
433,-0.5006158855557841,-0.35018147180932147,0.013667595524697873,0.6687126873434881,0.6221440093188155,0.5771512210376564,0.5231327462367172,0.7835138633186727,0.4652857343835137,0.9768700297996302,0.6658065585212576,0.49443131039790167,0.3378226159073483,0.30999277214686494,0.07728613118050642,-0.059212979727426784,-0.16689871814721435,-0.453371429582206,-0.5321986860641399,-0.6553647709879762,-0.6504530562184829,-0.6411002345804757,-0.6482643172321962,-0.6393597780411007,-0.8269033493057716,-0.8574252359090098,-0.8743623326774408,-0.721158037661711,-0.4162495876999035,-0.17460322517204752,0.039624287040656014,0.1963649258873481,0.3735199509843685,0.4692595027744648,0.6522939469239137,0.8491477648398895,0.991976833277386,EMSC-20140910_0000067,LEHL,2.2857
434,0.6258000676375328,-1.801777398164262,-1.5528265814628224,-1.487551512586795,-1.570493927660948,-1.6364103506178553,-1.5476445749316756,-1.7591146997581033,-1.7680367292628407,-1.4597140362870844,-0.863879032154327,-0.9905224620432582,-1.3002688712152173,-1.206551608334527,-1.1219098530452811,-1.0935417220615289,-1.2546203601526988,-1.829337292130238,-2.0188887805592337,-1.9561182111868458,-1.9482971055983773,-1.9351689736630835,-1.9984477467231372,-2.0209413518898494,-2.0871307351741812,-2.1346230054731716,-2.026001915493497,-1.9774307561127227,-1.7833480843386464,-1.6496908057132469,-1.412556377051697,-1.4163410942349532,-1.2592010218953984,-1.2089498821527176,-1.0407105146992475,-0.8999960008924255,-0.8099891447870959,EMSC-20140910_0000067,LOT,4.0
435,-1.223863299904966,-0.1700874667920047,0.17685804538871253,-0.6149558140706617,-0.715546532942696,-0.9096259623624015,-0.9883941607683733,-1.1900916203257665,-1.3238972494567296,-0.8914093265838483,-0.7532528307308199,-0.4481479213144226,-0.04125076226348323,-0.20539633704176463,-0.015774519236622986,0.441536944874767,0.54823584193002,0.18785852580545903,0.07567559307852267,-0.06148942950136327,-0.2556200698971569,-0.38250937166318444,-0.5345300612407025,-0.5887994217598633,-0.5714660314758602,-0.34281050255775547,-0.12152161405042072,-0.03080274027537655,0.043285165679346704,0.20527930909133119,0.34122280838017005,0.45685685148340305,0.5860790265799842,0.6201209968040864,0.7331433562585286,0.8452695616837449,0.9255250052264774,EMSC-20140910_0000067,MLR,8.0
436,0.33824412493195277,-0.2361559677808085,0.026475051961552865,-1.0362621945911128,-1.119639314774723,-1.254722780381992,-1.3010202422148494,-1.4947372457384702,-1.4649813283214144,-0.8467744884452344,-0.6059206523492113,-0.7327524904904017,-0.5647638423800965,-0.4736994609984384,-0.6354739419871249,-0.4361198762286893,-0.38548104171476893,-0.3858033188791774,-0.05875145914111002,0.0036183809310239567,0.03813722748812687,-0.06434608756796045,-0.15156976911591347,-0.2916903990930573,-0.2512427350623945,-0.1311378659673501,-0.16920258931405208,-0.1265672713650865,-0.07004907562404128,0.09586190652389881,0.121387754007241,0.2482833351048246,0.4477198506586326,0.4249292733187229,0.5612657461161081,0.7147340685050629,0.7322718561219226,EMSC-20140910_0000067,MTUR,2.6667
437,0.4009622740650567,-1.1524233117511802,-0.7570474825294298,-0.26280444292645466,-0.2743596131660917,-0.13681107056885988,-0.021297933056137808,-0.2812636051955755,0.5238866944886285,-0.2986026956555845,-0.48502166666470004,-0.1306336941647297,-0.5620896729122853,-0.9738802684654511,-0.9999752145159002,-1.163305014367201,-1.1750488049301469,-1.167498585581475,-1.3624965181597641,-1.4198440678551139,-1.5126125659994196,-1.5007390640100073,-1.6107770240166293,-1.4147458715912142,-1.4883630557330036,-1.3259619748514364,-1.4047211269210713,-1.4404182042903724,-1.2309703736707256,-0.886652248784566,-0.6122914165899083,-0.5325007207211883,-0.3717324648815108,-0.29749620481465655,-0.18695752431163903,-0.052965591197812856,0.0511093958905704,EMSC-20140910_0000067,ODBI,8.0
438,0.3404857025896382,-0.9916916010179975,-0.5927793261996595,0.27700039525752373,0.24207831378922506,0.33123906293154803,0.37502998431506374,0.4233556575582407,0.23115272202422688,0.3340564762227425,0.9127083506177724,0.33533396080268396,-0.4519256175072348,-0.41640674346089046,-0.5078706520374237,-0.7987912030035575,-0.9889707960208236,-1.3529471206616908,-1.5520933797253997,-1.631695249329085,-1.6510218494821638,-1.4557302784562953,-1.508823751805548,-1.552308451898246,-1.4476861131631011,-1.3548918645515897,-1.253295492285842,-1.2268295313906918,-1.0062774694908168,-0.7725804123664801,-0.5912323208102617,-0.34552919885077316,-0.18515950708953,-0.11894108787316782,0.08708144402640983,0.26433013218147394,0.41192821945078784,EMSC-20140910_0000067,OTISU,8.0
439,0.0058701729024077665,-1.0556688435155035,-0.7404697242122094,-0.20916570780559773,-0.2446609976095333,-0.26716064696475783,-0.16448443893316167,0.46185717549486593,0.01152646600852325,0.06814528685390009,-0.12218516238637989,-0.3516271834468032,-0.2993386926043078,-0.42662471183904227,-0.4863497507497856,-0.4306341928083448,-0.538390556786899,-0.8809541879127156,-1.0818780394450176,-1.124292283367958,-1.2250432075170608,-1.3614986056143747,-1.4421632627677754,-1.379382252771058,-1.414506552999673,-1.4288432777006381,-1.3542304544356458,-1.3178598815539306,-1.235049177565747,-1.0008261726785168,-0.7896591620632591,-0.62288282934915,-0.4557970830289655,-0.35558573737333354,-0.15037988093623866,-0.01592409257346894,0.10815137518526363,EMSC-20140910_0000067,OZUR,4.0
440,0.10484606460694224,-1.2661928781114238,-0.822017748963372,-0.01528724427046324,-0.022603422234832138,0.09082124612717646,0.2101895274830463,0.3043731133145684,0.1391011567716749,0.7690915509685978,-0.08298946637120164,-0.27174867072773523,-0.3631801211048531,-0.7530599854158186,-1.1916960251818107,-1.2489031091955267,-1.463065013223991,-1.6386279330411249,-1.7656572421784427,-1.7994623498614128,-1.8057348669604467,-1.8713560267294032,-1.9341066848622912,-1.9003168650896027,-1.8389508951941647,-1.685472587652364,-1.6045076841078032,-1.50276484978557,-1.205477655553798,-0.9608651753000643,-0.7734799833122157,-0.5898433258047397,-0.4163415866762801,-0.27518790433564533,-0.04452344652497331,0.16835031523936905,0.333372640818526,EMSC-20140910_0000067,PETR,4.0
441,-0.6033218897496453,-0.508229986857585,-0.14101592693187293,0.3093187400064732,0.282492262909126,0.25725078707083426,0.38972293242521605,0.6622298206449164,0.6112524182170658,0.6767658070144513,-0.043884234330175964,0.0024924900559302188,0.1663581142109276,0.23531545469664383,0.08497811636828967,-0.20448858947611637,-0.38636170959059335,-0.6897457749640736,-0.9083433978638258,-0.934594048513623,-0.9912380313431663,-1.045407080334443,-1.071866259010216,-0.9789246266172471,-0.9476254357802603,-0.8565929720241305,-0.7355326052576352,-0.664812510734996,-0.5120005349847165,-0.29529393107816304,-0.13339868182220194,0.055804091131232525,0.2617862146816954,0.36264603022309316,0.5481345640365749,0.715918087271028,0.8453258215899915,EMSC-20140910_0000067,PGOR,8.0
442,-0.053977769332510306,-0.8593656340574842,-0.45262311094044705,-0.1923814296385178,-0.25424159280098024,-0.3666337992269151,-0.3823967897411009,-0.4904246824535763,-0.6846372547907427,-0.0061014833782495614,-0.056573005268453436,-0.15527567773120232,-0.20918262053636294,-0.3336425456054437,-0.5833725659506124,-0.6717867929363752,-0.763519654033856,-0.9647373253925595,-1.0775161902540562,-1.1011280362279328,-1.1038949530627482,-1.1346227646222804,-1.2479136841689442,-1.1814621813218613,-1.3658827805104012,-1.213954974617402,-1.1433357644477553,-1.037825820688722,-0.8641449529801282,-0.6246020562713657,-0.39078000633952215,-0.20854815482072553,-0.004483968505400782,0.10053391659680422,0.27740893318510906,0.41947045143733774,0.5016705008070428,EMSC-20140910_0000067,PLAR,8.0
443,0.18137739349201754,-1.4970395626423043,-1.1733790600167495,-1.1355804953587247,-1.211273097795324,-1.3447966999054568,-1.3900815998789193,-1.4315882009888865,-1.2786737090952975,-0.7920699326682143,-0.8846944641631938,-0.9119127096472317,-0.8295662276952616,-0.2967694955077924,-0.7302310375022829,-0.7109041480743308,-0.7455229599204634,-1.2196484802002932,-1.239531466520651,-1.444759900814172,-1.5634088410120226,-1.710292104496915,-1.831233857487173,-2.0699311938505396,-2.080132143229166,-2.0349573490465316,-1.880888804789559,-1.73903514810279,-1.6228113487439,-1.3438587511976312,-1.0980403269627868,-0.989305598118472,-0.8147487790509214,-0.6834555157021729,-0.4991731981603973,-0.3155003111841985,-0.1976445486901639,EMSC-20140910_0000067,PLOR,4.0
444,0.2801768307252299,-1.279460842288274,-0.9683609480523305,-0.946683044834959,-1.019662169901225,-1.1501839737049018,-1.172739561193822,-1.1291427381853154,-1.0758011632517928,-0.6284756214047222,-0.7116409367408654,-0.286494766286971,-0.6130677486176577,-0.36133527777916896,-0.45783527379761857,-0.49975603811342584,-0.6119766857515172,-1.1069389124692153,-1.2656901797683906,-1.4282661325923867,-1.5578361706845465,-1.4581957710695228,-1.4842097341697453,-1.826646738155481,-1.9213450028959809,-1.7760547846442876,-1.6302780077064218,-1.5114889552912327,-1.2880152779889418,-1.0465923199023877,-0.8134321268918256,-0.6949748144680257,-0.556753826473404,-0.49444527996764265,-0.3784907456216775,-0.17674100480375188,-0.03555813821277276,EMSC-20140910_0000067,PLOR1,2.6667
445,0.17870243706538247,-1.508992803325743,-1.1788853545552715,-1.1439803266185171,-1.2191433833483147,-1.3514361251949678,-1.3961858367650049,-1.437333768597882,-1.2852291963796025,-0.8000826290035592,-0.8947948875237435,-0.9229891411916995,-0.841889802093907,-0.3100490420700499,-0.7443413226346065,-0.7253836115294003,-0.7604390389844822,-1.235409770277002,-1.2558791950042743,-1.4613760335147514,-1.5799691959833861,-1.7266674004224356,-1.8475598390790156,-2.086220535788799,-2.094677340241012,-2.0484498911386453,-1.8942343282744192,-1.7513842871600875,-1.6346119494244,-1.3476060043769316,-1.084910493881754,-0.9794299071344241,-0.8045508717475531,-0.668679546551969,-0.5238627475603987,-0.325998440457683,-0.2063194921367657,EMSC-20140910_0000067,PLOR4,8.0
446,0.2559650836304148,-0.8580680951222721,-0.5557825374661274,0.3170060343970684,0.3336765561857833,0.40057307023112454,0.6411413699885813,1.2381049367472006,0.4530457606440139,0.36958561052152206,-0.29690387993983514,-0.47128569067240633,-0.6413908018763905,-0.6592567867780472,-0.9280967144814651,-0.9712636474630205,-0.9432793456780901,-1.2892568599050227,-1.167199623972091,-1.3326925467479391,-1.3365197588898985,-1.3547082583365428,-1.3548608253299088,-0.9360277816985318,-0.7615366580565128,-0.9576230404664203,-1.043730682180879,-1.0672402869365492,-1.0719778112439986,-0.7986383188602257,-0.7079115372054279,-0.5287638442473721,-0.3783930587067026,-0.28548652197221536,-0.02871682723363378,0.14805797153956313,0.2971794512491197,EMSC-20140910_0000067,RASA,8.0
447,0.43071294866677334,0.3137610917769189,0.5792786097447014,1.1226557064583629,1.0852630243822015,1.0762411116061976,1.1981310106041878,1.246690927807733,1.2453295469565253,1.3334182712912739,1.5099826298588228,1.3739772052447758,1.2301873632507565,0.8122017293829691,0.7087472163663815,0.4435105305958693,0.37860511333637525,0.1798604540799733,-0.2064139335128985,-0.08662745198195054,-0.11752753523438475,-0.05154395023965641,-0.11019366249455409,-0.19423087751171675,-0.4292865432084634,-0.3386345101593866,-0.1750069806507284,0.13354204778481282,0.7257776059971839,0.5233925508225017,0.5560183354243442,0.7123562421038425,0.8102598652187005,0.963172615493745,1.1280456363937645,1.3306467532030037,1.5023553125864737,EMSC-20140910_0000067,SGRR,8.0
448,0.08648913902037814,-0.4463196870032018,-0.05134893097059923,0.04868935339505409,0.0550987118207491,0.13349565337189784,0.0218527736092593,0.6523328036360256,0.4909589688785543,-0.060622335429056484,-0.2745838881182916,-0.12939090066362535,0.05464930657448441,0.2329467599836912,0.0547140705959519,0.08372358095121424,0.003238068361060442,-0.2986665859416,-0.42095884646975357,-0.4703669186453414,-0.5171162217661411,-0.7090737448205022,-0.809053025356838,-0.7958102160722857,-0.7703461703478602,-0.8339357615983936,-0.8040741737222614,-0.7266237598958813,-0.4929910155510324,-0.2300204291375767,-0.01282551300112722,0.19438662011145524,0.3688106932535362,0.45984471473207833,0.6541562595931847,0.8096691727981575,0.9157517636134571,EMSC-20140910_0000067,SULR,8.0
449,-1.2302117345497963,-0.5053293653257445,-0.08644047482832029,0.6364691728113687,0.5648692602580843,0.4395939077705169,0.37003413888801795,0.3629464743590214,0.36289980982749803,0.7567246614148813,0.9751303665493953,0.6824040120452013,0.2170834185101258,0.010947077755171897,-0.17010949170628553,-0.29647948715968564,-0.41991049088169863,-0.6505342358120689,-0.8197778172236267,-0.8479896598923178,-0.9047516775203945,-0.9602298581567004,-1.0764913756619467,-0.9259994258489241,-0.8611231206789203,-0.8629619540496272,-0.8251292320430021,-0.8311541383008691,-0.5710995217856141,-0.27635957924860577,-0.11656056760726408,0.07440945891069539,0.2899905308257278,0.45616657328454124,0.6407644675864468,0.7943081125530256,0.925544439063053,EMSC-20140910_0000067,TESR,4.0
450,0.4621011226186851,-1.2200981472134806,-1.0140247379338838,-0.3701479566496291,-0.3974663545468955,-0.37237148253998864,-0.004523428596635348,0.05939455955946915,-0.1215293619393929,-0.4219804014204396,-0.2117634724648889,-0.356029584529046,-0.3065090807638837,-0.4368960856005053,-0.42060854881948817,-0.7933797024263578,-0.9411018374326447,-1.1519293866111164,-1.3354226193920375,-1.475253130929409,-1.5349957508414436,-1.3379537507397279,-1.2692969582389484,-1.4045857532945458,-1.5863081318274315,-1.6871316837646617,-1.8180707266378633,-1.693529657517571,-1.3612846456409304,-1.2036915689367618,-1.1399816655614003,-1.0236517422200713,-0.806092590574254,-0.6811801839478733,-0.45427075422631447,-0.30752129921359206,-0.18955241089961383,EMSC-20140910_0000067,TLCR,4.0
451,0.22819137168003012,-1.8986979638930066,-1.6606857755069644,-0.8529547616286841,-0.6955738120652324,-0.19642811941111482,-0.036611890199871766,-0.3912885856142241,-0.2792754405420128,-1.357876415404438,-1.054005372853176,-1.1524891707792833,-1.1822965580828013,-1.6317171883705015,-1.824848548057446,-1.8225736995232795,-1.9065012136200261,-2.2572393391901135,-2.4183036785054597,-2.5657163444778854,-2.7248711114832735,-2.484411182288695,-2.3042744034504263,-2.165051055313959,-2.0001035428103453,-2.0176415745995904,-1.967177845327031,-1.9744041640874066,-2.0573045089113418,-1.9461649498171347,-1.8419213976158026,-1.6181388155936354,-1.4186553265454425,-1.357856167653038,-1.1869675240830801,-1.0138517159520966,-0.8910538594766848,EMSC-20140910_0000067,TOPG,3.2
452,0.4928843656846982,-0.9940389177243727,-0.6402401734669283,-0.19047722425698765,-0.2478484439680244,-0.31664272192355636,-0.19588541840081586,-0.31011209607196744,-0.14635950506106443,0.07845179338004105,0.08509625891778505,0.162689927130109,0.08893397820569238,-0.2673692147008273,-0.40348296582775056,-0.6048161432011421,-0.8047890375538413,-0.8964055912940667,-1.1609785712574725,-1.29507421664895,-1.3131654661571313,-1.2583283569324308,-1.3522787676224315,-1.32098174570425,-1.4024665409088417,-1.460966982321148,-1.434097389857417,-1.3460005274837847,-1.1071799234345043,-0.840387408417147,-0.6423712194873978,-0.43500994252832825,-0.29067732613097874,-0.12289066682359895,0.013874430496416679,0.15850741332395302,0.23943667391823809,EMSC-20140910_0000067,TRISU,8.0
453,-0.2641787761158416,-0.7884324896750572,-0.3387218030296637,0.49172176843980786,0.43536166165829027,0.42869322315163405,0.4333404472031894,0.6212590680141687,0.4906303592597183,0.7903835222895541,0.7035573392013896,0.547923411022138,0.15992064666500738,0.2459396224383017,0.057246452176486606,-0.10401314305326625,-0.35749392951273595,-0.8476625972653906,-1.2022153462519523,-1.2872262378879773,-1.3352969088624551,-1.4323684369607088,-1.4327293594400006,-1.291818521763597,-1.2449142454368634,-1.2071404763625067,-1.2193717618439424,-1.2360212125612815,-0.9283403993899633,-0.5689175612817898,-0.3434354990805719,-0.10532605767595626,0.0999089135217428,0.2595638387972663,0.4997481674875299,0.7217900770125993,0.8752968649493216,EMSC-20140910_0000067,TUDR,8.0
454,0.07036807209480456,-2.642245468151266,-2.4005201474193996,-2.419822235362706,-2.477072008082044,-2.5658069308359677,-2.612279766141925,-2.6215690177754167,-2.496365517311986,-1.9926275933619522,-2.1278171171034925,-2.4070566182812883,-2.36350281440573,-2.3743948573569034,-2.514558816917548,-2.7000304566472577,-2.8554081429803047,-2.957419562550127,-3.3287166640738697,-3.243427149496667,-3.2744125532262274,-3.019492364821195,-2.9724406348170547,-2.6977222636006415,-2.6322064697973486,-2.7384390037569055,-2.688759245688896,-2.6380936949067753,-2.6166764280078443,-2.3341690406858984,-2.30036743850229,-2.235278222789365,-2.0681357064635115,-2.0529597421547088,-1.9710624407918278,-1.8620126122371747,-1.837216951111765,EMSC-20140910_0000067,VOIR,4.0
455,0.08846803475675946,-1.3042784386009458,-0.9647713208637096,-0.7130405217007496,-0.7846071531050933,-0.9108268703963773,-0.7376641118029603,-0.6181736466020489,-0.8105506012677033,-0.36044688047866025,0.012691025795549926,-0.14012424980287896,-0.06543038428558745,-0.22330830737215734,-0.6681756066037581,-1.0612835496765438,-1.0543708313564721,-1.3036578795488412,-1.34506162081167,-1.3900826279091874,-1.4766287351811034,-1.7059910917199792,-1.7703533324875318,-1.670055178021566,-1.653755435822049,-1.660203163122656,-1.5353489830622253,-1.6151860786617203,-1.516012448744494,-1.235593201571021,-0.9420433083669373,-0.7617805997826785,-0.5660884061704223,-0.4722298829993843,-0.22243805131272865,-0.00900789131282842,0.11360384035966575,EMSC-20140910_0000067,VRI,2.6667
456,0.22804035020453917,-0.4384918660727557,0.0028765850889040934,1.3000699736036294,1.3584880953107952,2.1004088592609165,1.8716736345963572,1.8348426297056912,1.3643834727989734,1.9481237730205558,1.100171677790879,0.9973539502319095,0.3904166421276001,0.20123623802791624,0.1517906990233877,0.15906998026378893,-0.03195763597231416,-0.45025667889773135,-0.6610135603627363,-0.7270026358381569,-0.8103458058492912,-0.9608775978281621,-1.0521268169393032,-0.9658786876806467,-1.0127270021505286,-0.9668015028646515,-0.9098130020988755,-0.843799463328109,-0.6249642785694185,-0.33294478145790585,-0.09476638935582571,0.12342694325744752,0.3515339281229384,0.4873579603036795,0.7320865863809836,0.8988964166956919,1.0320471190545941,EMSC-20150124_0000025,TIRR,8.0
457,-0.35967891898412674,-0.46613600816724166,-0.08564592108374036,0.5335708386337865,0.4768926031183742,0.3601424563669795,0.3125449032840528,0.5230060395692204,0.46842222111743315,0.5390483393630321,1.0818968062590733,0.9478265341263796,0.3808165513675732,0.1267785634041303,-0.048143268970505915,-0.16485039142089608,-0.22461971228588684,-0.412930611815689,-0.625867624227034,-0.7186275530430448,-0.728488364509845,-0.7566450760993835,-0.8765641772081558,-0.9240672875657658,-0.9736332733599582,-0.9202331357895428,-0.8578302603226398,-0.7629873653815835,-0.5798861267081481,-0.27680671157947323,-0.12739279602187104,0.09392920084680867,0.2785358053026492,0.38253731569848703,0.629263759965534,0.779078519059496,0.8834182978287632,EMSC-20150124_0000025,AMRR,8.0
458,0.5757245662015431,-2.315145306558355,-2.1846987964408005,-2.528612520734116,-2.6191556401380005,-2.734930459293065,-2.780440324333381,-2.8512091834482653,-3.0955659225314385,-2.6875397613912977,-2.275942877275951,-1.749141272179374,-2.0481186827370435,-1.8800342140795498,-1.8471549907645377,-2.0434990469198713,-1.9666675118757126,-2.0029890904815737,-2.4035670241482645,-2.4132751164945656,-2.4032831167286854,-2.636606667912379,-2.6579423199507595,-2.6484106775336596,-2.366001633333987,-2.3667717367190715,-2.2057043101212646,-2.2984183327126324,-2.2049510798647525,-2.2632455008804673,-2.1904365139963478,-2.1968569992470055,-2.0135730178139646,-1.9156823672567445,-1.8246811962259741,-1.748889137819388,-1.7653162778134313,EMSC-20150124_0000025,ARR,3.2
459,0.8089854365453895,-1.163655919391605,-0.7840616581954745,-0.18972237018615168,-0.2454296940660612,-0.2747384793778407,-0.22804289516589016,-0.2083906467250074,-0.055544621982279274,-0.37335589942684244,-0.13794133761806648,-0.30602978101001277,-0.32666278697273654,-0.43874238790121733,-0.7318087643111237,-0.9787407731324418,-1.0687850959981038,-1.2278350902433077,-1.4840090324618638,-1.565986104345968,-1.6138764358480122,-1.6918036397682528,-1.8385158479539916,-1.630504229852158,-1.6603152457594081,-1.6811484267826113,-1.5112000122985112,-1.394788068242237,-1.1504787095345037,-0.884892160656376,-0.6735527915126021,-0.4251601601549986,-0.4235923591004589,-0.4278675003592074,-0.22898302718117236,-0.054369412235786285,0.02155732977642799,EMSC-20150124_0000025,BAPR,2.6667
460,0.1418867175388172,-0.8650743374864396,-0.45502760045728863,0.549128995005919,0.5496644499220125,0.6185335349176837,0.836892095222189,1.0954306611134417,0.9539800655514865,0.7559557414495233,0.5896352715271096,0.6709798040279784,0.09379732202929514,-0.2816374469622156,-0.3476586438205711,-0.3693854721008618,-0.3799280507944873,-0.8590806869731438,-1.062765269423637,-1.1748830180115624,-1.292313096646323,-1.4395503670307352,-1.4496802447726713,-1.5126099497883114,-1.4055439090369557,-1.341380819973386,-1.2114976774340622,-1.1416663109656255,-0.9993410018629767,-0.7852827249304344,-0.5507113256246878,-0.2531566338057303,-0.07025093213648503,0.03194267469943668,0.197814966163941,0.3359909598519959,0.45113351349599284,EMSC-20150124_0000025,BIR,2.6667
461,0.005720020039145179,-0.4056464497157508,-0.17099427265474532,-0.5009665389450344,-0.5794334479435079,-0.7341713973725756,-0.7882300721172815,-0.9394927505084727,-0.8184884183295313,-0.4936204597896232,-0.28967337835430396,-0.02028710710034609,0.06339676554726648,-0.08184233991335699,0.10916262562884693,0.159083743049254,0.13833234091689128,0.06473789984415657,0.070959858991829,-0.11666595158603599,-0.16018947266756278,-0.30072929746234056,-0.5152917901374252,-0.4612434191666859,-0.43598800221018763,-0.5338601503140099,-0.6688511443958127,-0.667475020575985,-0.6343187295634234,-0.26900374906816893,-0.14108335071471423,-0.06310378492029223,0.03904248944853883,0.12348089221765868,0.3026662635167643,0.45219783758898124,0.5223746934424902,EMSC-20150124_0000025,BISRR,8.0
462,0.7872701629057679,-1.890938164826026,-1.5989661491153537,-1.0114751204089902,-1.036414486507537,-1.0605177687391443,-0.7729730885363217,-0.6840539337073386,-0.7697341992105073,-0.8964864209881984,-0.8237624007328481,-0.764481116727949,-1.0791741758930637,-1.2453485500467902,-1.5049375477735598,-1.5659129377762726,-1.7280829856037458,-2.0869948977603787,-2.205786696486612,-2.2781207769155483,-2.3017826489501996,-2.247001399704553,-2.5061237153592195,-2.53323997024588,-2.4285028399132376,-2.2960883894827884,-2.2138327819454844,-2.052812078447108,-1.756457453111178,-1.6989796285705534,-1.4467950778718421,-1.4621959584255055,-1.2753839224671424,-1.3200846118308984,-1.0768094961781873,-0.8728035211740988,-0.7402056992637291,EMSC-20150124_0000025,BSTR,2.6667
463,0.6892147320353001,-1.5950737754883164,-1.2179537338277857,-0.7911204401023983,-0.7941480374541543,-0.651204137412492,-0.2975381671030872,-0.42552651418693177,-0.5411530324028355,-0.4830211104739206,-0.8092669962066177,-0.6045969392070214,-0.7463689701854879,-0.8147324451386035,-1.064663075296144,-1.227697366722019,-1.5002041879579036,-1.7957165489068654,-1.949838081531655,-2.0614011841716486,-2.0684981855738087,-2.1195506946220597,-2.195457962999228,-2.006501661356327,-2.145557135940882,-2.0201845555119284,-1.9291255132752756,-1.7815846412578509,-1.559899238901206,-1.3273327565941102,-1.0739836953851256,-0.975520447727936,-0.931091111225685,-0.7123421216197112,-0.5253087543528405,-0.33261057364665625,-0.21847142156276433,EMSC-20150124_0000025,BTMR,2.6667
464,0.3814722431501818,-1.0486605406040752,-0.707378512988365,-0.06858316359985839,-0.12075293790137476,-0.21924613865814102,-0.20975251451131527,-0.31317186324029755,-0.35417443242055135,-0.0016183918314531809,-0.06333850570371702,-0.2836115690198566,-0.18063430850198792,-0.12031844227331501,-0.30422982463965553,-0.37548092471256567,-0.5839883571761346,-0.9784157779698397,-1.2193809069067205,-1.275594283052146,-1.2970096588252362,-1.413191743422865,-1.4650413447333763,-1.5151401450030209,-1.570512865158836,-1.5910356703676225,-1.5126241032525147,-1.4254556639495721,-1.1523060927099156,-0.8689435710843245,-0.6847854171721774,-0.5003307886996442,-0.3436117008648836,-0.2602759725659052,-0.10139432243938984,0.042247789966554095,0.1262053545037638,EMSC-20150124_0000025,BUC,2.0
465,0.704986904882114,-1.2864851834674873,-1.0327400328819198,-0.9882482803655561,-1.0462394502379473,-1.1566793907282475,-0.9741316819093875,-0.7328427029329134,-1.0371102203918445,-0.8319274739749627,-0.5593893488957651,-0.6591643583379803,-0.8462464768992133,-0.9367679282415073,-1.0938042515270467,-1.2298172150396915,-1.3371798034270146,-1.3472233604443264,-1.4413533371518765,-1.4887244909494148,-1.6264779870228168,-1.5333188296685485,-1.5154801089295535,-1.6080348822725918,-1.4251575807308967,-1.2428410009839723,-1.427385285647551,-1.4642281848669558,-1.3449812034776158,-1.1609337424779387,-0.796789785622595,-0.8881563434512305,-0.7416319631924271,-0.6859913018673129,-0.5609076696666673,-0.4068230011059235,-0.35356891510621935,EMSC-20150124_0000025,BUC1,2.6667
466,0.6152695392845398,-1.2308055697066624,-0.8571665609036714,-0.5396050450768506,-0.5973791132645347,-0.6468525103503922,-0.6289527066849123,-0.43091030121483254,-0.34346572267597697,-0.4836086182479189,-0.2622260883462797,-0.24921707587423825,-0.3901015290796668,-0.40749802357120135,-0.4529143172242156,-0.7863883663472473,-1.1083152195487491,-1.184504973948414,-1.4389492451265484,-1.6162158055784426,-1.7766203408657617,-1.8442558127508688,-1.8103786535797974,-1.6211801700105077,-1.6936067347596762,-1.5800250449562494,-1.6251566009080562,-1.3945963138738886,-1.3089748458077448,-1.0291243891559585,-0.655606878997478,-0.612114037328924,-0.45130874579972335,-0.3544613279457032,-0.2925064530701764,-0.10713546383013117,-0.07152341106357163,EMSC-20150124_0000025,BVCR,2.6667
467,-0.3777559150659924,-0.666500273724667,-0.23527657624073228,1.2329641378765395,1.2308325334967885,1.4074212900753373,1.429801641819921,1.7882274995205174,1.4367356362726476,1.3962534617388744,1.0715667466829428,0.8841866768657205,0.4221554907881959,0.21687705767104948,-0.41761098416545206,-0.47969030724915385,-0.5659470426338968,-0.9328341303955341,-0.9949168104062904,-1.1971497986890727,-1.1954518631852542,-1.2140618363123572,-1.313979493587266,-1.3882015658081812,-1.4540630717298235,-1.3183825995775464,-1.1824406798522364,-1.0844498234954756,-0.8360772032612811,-0.5030034523686471,-0.26280580781407537,-0.049218616610858135,0.1366835336494816,0.26014918720857416,0.47294282676398325,0.6483508801217646,0.7707095444563379,EMSC-20150124_0000025,CFR,3.2
468,0.7601706798571639,-1.034479632714035,-0.8035067643343066,-0.041970041460460905,-0.07724927718529884,-0.1071647995407723,-0.07645812833974297,0.19980605100101023,0.17088116640249762,0.11127660476927215,0.07184559948462876,-0.25620775880837865,-0.148338536057957,0.02303102898778686,0.0704384197779877,-0.13068747983861417,-0.3413625368440565,-0.8287860461733318,-1.1185610489288784,-1.164476250036933,-1.0671572994594092,-1.0111111066420007,-1.285880363440043,-1.4239939629459268,-1.527214371907629,-1.5065959968645206,-1.442930547327796,-1.378895438485804,-1.2976832926574904,-1.089034647974941,-0.9021815636059962,-0.7394028206263688,-0.60531219205936,-0.475044097693365,-0.24669704617331334,-0.07989419364792028,0.02066768321948942,EMSC-20150124_0000025,CLISU,2.6667
469,0.2679525963904603,-1.5823219274042657,-1.2548676936006178,-0.051401484059664604,-0.06723316496971776,-0.11132357950553562,0.08745868398267298,0.6806171657497986,0.7850219599506802,0.09575916539959728,-0.27787887904822917,-0.5733074156920388,-0.5527443184008298,-0.9369915961761563,-1.3331802197037836,-1.2754877849557094,-1.5778124254383474,-1.6764542539127678,-1.8006812451853769,-1.837550644289836,-1.9051746961497127,-2.0062590958680353,-2.1532878420790844,-2.1817879838338943,-2.060183574083058,-2.0667045248984266,-1.9914943438938089,-1.9231783264383964,-1.7754532433345958,-1.514081421839574,-1.3477133072882808,-1.132295102077281,-1.0273177534931452,-0.917198736888917,-0.6965748507962441,-0.5072150809544542,-0.3910860852554272,EMSC-20150124_0000025,CNCR,2.6667
470,-0.28945439726901245,-1.0594162007858294,-0.7181504628719697,0.7100023716846078,0.7145784330663849,0.7997859970288124,1.0533537974637488,1.1495999230717526,1.5818154995789353,0.3772355273214769,0.183059150744465,-0.4304445961708341,-0.3595820443254043,-0.6671507057417427,-0.6416070387347199,-0.8821569908272711,-0.634317272382857,-1.274671133733741,-1.3906646315340634,-1.5038712209399465,-1.5359079699813503,-1.70895941633872,-1.7406899226168795,-1.6202572845265752,-1.6168736370978198,-1.5352179511242685,-1.432148882941199,-1.3811912244579982,-1.160894738841197,-0.8851838062340409,-0.779674207592068,-0.6767084827119696,-0.5251459140960435,-0.3566501831896396,-0.2353612680294006,-0.06228109454212216,0.08194351101054842,EMSC-20150124_0000025,COPA,8.0
471,1.622629773104424,-0.14760808890940424,0.30550503922635386,1.427905691954983,1.416399276155997,1.5448457803947173,1.6069440410207703,1.7698491287023934,1.3114921211842274,1.7929252307751238,1.4904695167060673,1.1019426636730731,0.5370528293235317,0.38000816692352046,0.1391590406437233,0.0810540249228291,0.10964310918209375,-0.20417825030605563,-0.45330979729590837,-0.5301548378890839,-0.5504013193105282,-0.6196532785454938,-0.7813743981442762,-0.794932005552262,-0.7553126531363112,-0.6761513588783892,-0.568746328374532,-0.4750185396770732,-0.21376086888101753,0.0769188040205453,0.30420468346027896,0.510050973270264,0.6848477919005429,0.7965908096008878,0.9949951706762441,1.153050835258938,1.2576495467418614,EMSC-20150124_0000025,CVD1,2.6667
472,0.19297101685745677,0.6242959455559038,0.9621963102769975,1.3937660527823779,1.345811946510322,1.3118006106417655,1.344663826398838,1.7517400177538045,1.9095149962378235,1.546333337299476,1.1634670162504808,1.109615769263364,1.223560833704231,1.5025395138084088,1.4730691188611669,1.752845903938228,1.7298800554077047,1.403226825621858,0.9240098734000002,0.8041659878277514,0.6677228203336192,0.3966239626216277,0.24054955545084145,0.10509047751154021,0.1238183749471169,0.1620188535588536,0.2050294917933453,0.24524777706508338,0.4274308034945591,0.6662722045908094,0.8855573083371162,1.0773505762393825,1.2694824731953744,1.3851534353065045,1.5861392739754745,1.7487935623845665,1.8537200458347858,EMSC-20150124_0000025,CVDA,4.0
473,0.28345208302897884,-1.6183286737210114,-1.4083034994702803,-1.0113588822614306,-1.0455460386227822,-1.0917454543753369,-1.071807243886151,-0.7977139378870888,-0.47736106916243504,-1.076217954824994,-1.2639209707764714,-0.9953448660062705,-0.8407447882604551,-1.2016000611810984,-1.148577032817811,-1.2053268111736406,-1.268841045588485,-1.4063538776518518,-1.4214093505903005,-1.5333079100333933,-1.542415691527717,-1.6647733384299528,-1.8382472741413878,-1.9488762883275683,-1.9186461550120022,-1.8880727287242642,-1.8740679638547721,-1.8784323383886807,-1.7653693442405274,-1.6535741713441308,-1.4515396347748695,-1.3431064020613626,-1.1872695444278207,-1.1777177026676355,-0.9946272841839576,-0.9009047305145206,-0.869490771025017,EMSC-20150124_0000025,DOPR,8.0
474,0.16729330827085143,-0.6037671397190882,-0.25351447110080905,0.08301299680530683,0.011867303568703136,-0.09226611382764904,0.09055201845246152,-0.23869257294876345,0.05786906986094831,0.5655187330375506,0.34687740141071544,0.1151635118127059,0.0421991289344561,-0.2948613996321745,-0.5412513204208507,-0.5838910026187616,-0.7727185467590623,-0.6414566716701557,-0.5477636770786694,-0.5545196786406068,-0.5870514331985017,-0.7892199164061777,-0.8269131235229406,-0.9279596036487048,-1.0186710387536086,-0.9948446237382056,-0.9382375360743982,-0.8756619742285565,-0.6526146210932886,-0.43010663973836216,-0.2394016074725016,-0.04890590313516441,0.1322780447860037,0.19627036027519296,0.3226060251233065,0.4557164609050073,0.5483946901675587,EMSC-20150124_0000025,GHRR,8.0
475,-0.196970618725945,-1.1367316814106152,-0.785064399690194,0.06820865512366225,0.019404919332794535,0.046420507500577024,0.04461059429547376,-0.11217328164315266,-0.0689327644022697,0.2632732617035334,0.5576363793973558,0.2662626615301127,-0.020958171740228515,-0.3260736348198101,-0.6584520012925124,-0.6746190938690262,-0.8309828083649906,-1.2008307013420305,-1.3779892376893201,-1.5687063523403406,-1.544046604347587,-1.554720688862023,-1.4952513129983993,-1.5823396049440133,-1.6877585926877146,-1.7258065361499995,-1.7308936890254092,-1.5643701124228873,-1.3159078129962953,-0.9137190772897732,-0.733767787604668,-0.5733022489990809,-0.43054274182698293,-0.3843665734644013,-0.15229063251398323,-0.016703824930374367,0.09951067860136398,EMSC-20150124_0000025,GIRR,5.3333
476,-0.558492747320412,-0.3284201394776449,0.036509792673239616,1.0475053894940531,1.0055581338458799,0.9678824325042106,1.0063920929718533,1.0732350623112747,1.3318572101904582,1.4328453095303928,1.3226118929285242,1.0858774592743803,0.6282771995204621,0.43558115184967505,0.47470837216650885,0.34253763635909174,-0.0071493645453140076,-0.4469234022795767,-0.7177910644602417,-0.8562228037444344,-0.8379196137904437,-0.8411295703563537,-0.6976267165370258,-0.8803318091906167,-0.9545749915076964,-0.9199546432881256,-0.8763329040501784,-0.7661408482758478,-0.3272408987400368,-0.190342798682007,0.01092250829020358,0.19554703278437735,0.38523699116694665,0.5184541581623012,0.7262649795864604,0.9016244024494018,1.0127020384401284,EMSC-20150124_0000025,GISR,2.6667
477,-0.3564174990647575,-0.3479763169334067,-0.016411634929959007,0.28836704033679617,0.2191821101642315,0.08712966832657898,0.04953167757052501,-0.09407318936249176,-0.0891342729102913,0.5600330148194015,0.752243588876913,0.3176782253252979,0.1588482238228801,0.03912476859306668,-0.25327927895278624,-0.3791977403255302,-0.453493482306075,-0.46806076131015395,-0.43764986713663934,-0.5177107401878835,-0.5694905070357548,-0.6317817987564354,-0.6283337320821003,-0.576463340311502,-0.5934500885283356,-0.6175983948441086,-0.5952314094108315,-0.5690517592285342,-0.43051955505515593,-0.21173932187095446,-0.031978666848853976,0.1393974626413481,0.3437801176774862,0.4157585937422059,0.5823761096658213,0.7583330647232476,0.8846670507233334,EMSC-20150124_0000025,GRER,8.0
478,0.5732214774472899,-1.5520728590570414,-1.2112704247052974,-0.4116028228212869,-0.4690966899903959,-0.5442612993718976,-0.446544594603667,-0.5110686830133071,-0.08234249068919919,-0.7014824323617148,-0.2903206416221371,0.1288904919358771,0.3657352816071766,0.10872969671537636,-0.73066230817202,-1.012178554160161,-1.2509646204469318,-1.659668608428051,-1.8975919183294545,-1.9204953188165703,-1.8704034247045458,-2.0492374199272767,-2.0368145794541856,-2.0613979929414095,-2.2352008148041183,-2.257404845010651,-2.1695552740213255,-2.040567236061916,-1.7977669203086712,-1.4750879125186191,-1.2396599144693976,-0.9709825644770795,-0.7797903023626223,-0.6546436430934239,-0.4143735617030835,-0.15999658047059562,-0.09058451518423816,EMSC-20150124_0000025,GRISU,8.0
479,-0.12880298298589565,0.047416012955730835,0.34585716113267395,0.7729499066256826,0.7722036748801084,0.6721486209810932,0.8094738025816541,0.7351349191984129,0.7049710233941555,0.9703448167958992,1.2760762458082242,0.9184029519400303,0.8904230555045922,0.6187131469204612,0.35761270387464084,0.2096255406453853,0.14523895696876643,0.490667361379967,0.5566094785298885,0.4659352099555427,0.32846689245419913,0.007441455187803037,-0.16387781321369488,-0.37772013601416354,-0.41406006209663637,-0.41258594059567777,-0.37131638964496183,-0.32599115896945996,-0.1843685583205268,0.045445170533861656,0.26528596980973695,0.44160212566248447,0.6132057529802957,0.709869321375475,0.895667797791388,1.0484507879211815,1.139004981923792,EMSC-20150124_0000025,HARR,2.6667
480,-0.2858746866018973,-0.3157465995956965,0.001418271982725372,0.6749926953764396,0.6560376617057262,0.5788431225676307,1.176080007983379,1.0380656110343915,0.9870648870195344,0.8210415860041067,0.39592542299178834,0.3902443166238223,0.1032868582696258,0.09255471034919527,-0.11720858458822647,-0.05135736210372421,-0.10466319143505043,-0.3218456533419065,-0.34714460797444424,-0.4056627468029017,-0.488629687487836,-0.6159002836913094,-0.6684238050049736,-0.7022680824248191,-0.852031063561709,-0.7536242649698082,-0.6445452728742982,-0.5626260696841907,-0.35953853850655015,-0.1594712176024462,0.004572017672405337,0.10061171466006691,0.2449424374537834,0.33339542220559437,0.5608294597515222,0.6757443448948024,0.7864090635243315,EMSC-20150124_0000025,HUMR,8.0
481,-0.9071827431357433,0.8780194192277966,1.3274268437860677,2.5769423451592512,2.5254995541795004,2.4304873078261195,2.5359649620886016,2.518939256538995,2.6734879707728387,3.1323049505304406,2.323840116455613,1.5781719013623823,1.591476934470605,1.462473566441914,1.2930489701425856,1.2508676448142682,1.0482943300239684,0.9841205619801876,0.8180578165596284,0.7006856880708483,0.6762389554028942,0.5540399937791314,0.4672424976530536,0.1778585959758967,0.19936632167226698,0.2746775361542859,0.34024846932585895,0.42498238459075033,0.7013268654926499,0.995118537498179,1.2580976665433639,1.489084366496222,1.6952183917601058,1.8209001708934824,2.0684065583390527,2.2500802512498055,2.365206747296023,EMSC-20150124_0000025,IAS,8.0
482,0.48655633193284675,0.1916017922287221,0.4344582674945414,1.136105717187525,1.0710878232510055,0.949835709346849,0.9927823845374233,0.9350248035032758,1.2542349285278078,1.880860469151342,1.3913678376315701,1.5277990802443835,1.666164484853919,1.2075446183775265,0.9608579200008522,0.5710295830722423,0.3697416070080015,0.1467615505037072,0.3341746965394208,0.35746391511846554,0.32761642916478984,0.23976900868537943,0.1511277946634717,-0.2734098846277764,-0.3476427476740014,-0.41323246942901193,-0.34526300566504453,-0.27691377152594043,-0.11854484890061734,0.14541839165812398,0.3578590941706885,0.5098110199537498,0.71092334685917,0.8616301910191719,1.045309173285867,1.2232570763264494,1.3577235990506935,EMSC-20150124_0000025,ICOR,4.0
483,0.6685469071097665,-1.8401352824851749,-1.4826364187075516,-1.2608996896476032,-1.283354515544393,-1.3344200061056526,-1.1883440951614395,-1.319353636676837,-1.0955768799331462,-1.0099184503119156,-0.8782752285996347,-1.098389717780087,-1.1291097203339282,-1.485198315808864,-1.444230027580235,-1.4765693570331226,-1.7207183881845083,-1.8711446321123475,-2.0044202965419124,-2.0721405011730907,-2.1042888925822005,-2.1744587658491517,-2.1879581127010743,-2.223606893142013,-2.2911359980997696,-2.209590712352803,-2.170873099710869,-1.9880541823071312,-1.8526408700626344,-1.5615265124651216,-1.369517595480426,-1.1218800968781295,-1.1248538647378865,-1.0358451061746976,-0.9695309857178263,-0.8162645557154988,-0.7475779044921058,EMSC-20150124_0000025,INCR,4.0
484,0.8090199752220135,-0.9023754237165811,-0.7688875965142863,-0.8157941410529954,-0.8832038384849357,-0.9338372325730511,-1.0161734327143073,-0.9883056702677822,-1.2097113519816443,-0.4453907734863236,-0.3533680479243584,-0.49393325515615594,-0.41411162692790704,-0.45913065278840115,-0.5484009295927716,-0.5622966873802318,-0.47007455398539744,-0.47763738811340684,-0.7486846910009906,-0.888805832469191,-1.0961420028091045,-1.034793767783925,-1.0335051997010023,-1.0563337693821708,-1.0643494614663904,-0.97622107510416,-1.1829810472851072,-1.0814621613819018,-1.00474677619178,-0.9171825289357969,-0.8880233095173669,-0.7797784128201783,-0.6069965998116178,-0.5415033772076487,-0.38307053651224976,-0.23954659760488184,-0.14116744068265596,EMSC-20150124_0000025,ISR,2.6667
485,0.909674889226582,-1.6661890522893206,-1.6470884848738319,-2.1249081852618543,-2.148353422168195,-2.19669058135808,-2.1821934921239663,-2.2352584195579075,-2.1231352717946654,-1.9863353613855352,-1.9677955654336623,-1.6797991101033851,-1.901678768390748,-1.935604848872365,-1.732236759635665,-1.8851662860860596,-1.9677277191192957,-1.948156532400577,-2.0953377315956923,-1.8933107761015755,-1.7274339187202408,-1.7825546466326472,-1.510229810438923,-1.2401159662811958,-1.0734905691690413,-1.3200858134119855,-1.3431044370771996,-1.5585174698031388,-1.6861729782576056,-1.730628793719557,-1.6425821894161103,-1.684439586760698,-1.4939609529681928,-1.5529799389342767,-1.5326470143673223,-1.4233666067190516,-1.3303673382066812,EMSC-20150124_0000025,JOSR,4.0
486,0.3267874004406184,-1.2512492928361638,-0.9280468783755058,0.28965958967436567,0.2817528372182103,0.2387563941282469,0.39384327026745947,1.012239569355649,0.6086304044079842,0.15848431863344015,-0.06809845532007408,-0.0104654276802858,-0.4634796291763097,-0.8203186673822165,-1.031150992406725,-1.0494021440939818,-1.2439969290308248,-1.5745013708349145,-1.6987760808256107,-1.7901064738594021,-1.7626689045185007,-1.8356441907814318,-1.8234824537770402,-1.5735489317241846,-1.5885651295715917,-1.6587081053482162,-1.6507385569535487,-1.5419468916742858,-1.4413507292695567,-1.0836219564973124,-1.0503131966027084,-0.8491645860825958,-0.7212224144457053,-0.5684178372927491,-0.4094870290323591,-0.21066850785935998,-0.05951707071530343,EMSC-20150124_0000025,LEHL,2.6667
487,0.6652100244297063,-1.9874443981351337,-1.843610097154519,-1.3080038694091947,-1.372719875606168,-1.361813468953967,-1.2123470372393887,-1.2164338624793753,-0.9380767922907403,-1.2099223682881934,-1.2565650859996031,-1.2397849905266645,-1.3589890995771237,-1.6396314042329596,-1.7305962372321906,-1.56140000137618,-1.6853440966307343,-2.1260898780901503,-2.331912401285864,-2.5401194483256866,-2.549503417602093,-2.6216635641793093,-2.3161656307708824,-2.4922133641541393,-2.3860744332311654,-2.1541178717163305,-2.2412508680751166,-2.125381922678862,-1.8874264115495336,-1.8942857588169097,-1.8265753784294922,-1.8034224601548914,-1.7141982836064127,-1.6348373590892056,-1.527221841241266,-1.4400371116053616,-1.3618660668864333,EMSC-20150124_0000025,LOT,2.6667
488,-0.15286483733002765,-1.2027315265995355,-0.7750720528015247,1.02465877755139,1.1906523130648212,1.4632106414870254,1.90908444110915,1.519200852532097,1.6795767779316249,0.7138781474270415,-0.18175228591698023,-0.15540985718956346,-0.6469545224292821,-1.188698618929923,-1.5336454275673885,-1.806115900562328,-1.8497193409778152,-1.7983279918340305,-1.59833677522332,-1.8167572781247605,-1.9160251661200798,-1.760137990694238,-1.6610260703128858,-1.6159303910805782,-1.6317872982960395,-1.666199022141603,-1.6812413875268728,-1.5648528654754088,-1.3960206054012492,-1.1372140058847382,-0.9443096943759457,-0.7820815672313941,-0.4850829597200068,-0.3134814658402494,-0.16729845142441313,-0.008834357836652984,0.0971756693436312,EMSC-20150124_0000025,MILM,8.0
489,-0.33693070836426253,-1.0434703376258687,-0.7728345031967017,-1.518327420194483,-1.6191788222449057,-1.8184089439571727,-1.9064903538094597,-2.103606154414657,-2.195570332695141,-1.6762009890672669,-1.7227879354009614,-1.5740989732794075,-1.0633192151752606,-0.8510851622010742,-0.7026076960100811,-0.7110421512464598,-0.6337462609836324,-0.6900537516164373,-0.7870457489844052,-0.8830265063520546,-0.9230621651215101,-1.1104398706558403,-1.0998633148767514,-1.1861366776730424,-1.2694897522029764,-1.1279244040778682,-1.0745038790974988,-1.0756907612262925,-0.9921067839550162,-0.8024792595269883,-0.6667986346287798,-0.539637311608578,-0.41648407470177773,-0.359405712666522,-0.26928390662404844,-0.16494338749394188,-0.09498440911261419,EMSC-20150124_0000025,MLR,8.0
490,0.5843070867234221,-0.7228588942134184,-0.6645698449106288,-1.3164724359464186,-1.3743846726469435,-1.488593284662084,-1.5269636939846922,-1.580166215936413,-1.1727334992245364,-1.4599514200295012,-1.1704855660988214,-1.147166549871609,-1.0361537633293834,-0.961139805961631,-1.1575952189758212,-0.9632894682398376,-0.6211578385570711,-0.6598939212929862,-0.7973989582896639,-0.947831749286042,-0.9405759792922055,-0.8737194159305419,-0.5673707718067114,-0.5271781420521311,-0.6484554226924075,-0.6940304395274932,-0.6912506151446784,-0.7321091517913025,-0.5296014295477125,-0.49675440623442135,-0.5779323636062781,-0.5552709088254524,-0.520433395725787,-0.5838926473832213,-0.5405692989238151,-0.4172770916249071,-0.3850905305076324,EMSC-20150124_0000025,MTUR,2.6667
491,0.23540518245661257,-1.238444342408318,-0.8710272445140266,-0.27723086754855153,-0.28733074759048005,-0.26365466659994397,0.017486280564976475,-0.3241797483756095,0.41923254675968025,-0.11665650809604777,-0.477003246411992,-0.5531198752385764,-0.6464179203205527,-0.8830044308752338,-1.043619343737893,-1.0672916221731157,-1.2359494503761885,-1.3313318318569767,-1.7926377328269574,-1.7885705456162215,-1.876729572867271,-1.8345574293946516,-1.9582904389541191,-1.7277246813469542,-1.5829737249050595,-1.3986983782542914,-1.41929439742351,-1.3976502722928483,-1.1370399121838481,-0.9975971008509656,-0.9159755848059064,-0.707752657078073,-0.48568269194848845,-0.34546507016333017,-0.29472567386981474,-0.12954916838707753,-0.029706567887654245,EMSC-20150124_0000025,ODBI,8.0
492,-0.07902083321543607,-1.82427372873647,-1.4899561493393207,-0.6001362532825256,-0.6045277706364507,-0.5887182983683301,-0.45481980124279087,-0.06659349263567993,-0.34760259761527745,-0.577511042252465,-0.6735611355449755,-0.8596472033409279,-1.1305613640141958,-1.29266628850288,-1.3775012518240182,-1.2980491908558038,-1.3472861674811814,-1.7618107080015264,-2.0086678470097103,-2.176831839445276,-2.302061910356719,-2.447451249263475,-2.480795497075964,-2.299904889118597,-2.3198473496414307,-2.23785070341682,-2.1642779987763756,-2.0733639358850002,-1.8820936288935215,-1.6769043918902078,-1.511080177187825,-1.3658493879337303,-1.2326017407366354,-1.140244045232464,-0.9879887259493056,-0.8791389976012383,-0.7885780492051211,EMSC-20150124_0000025,OZUR,2.6667
493,-0.02010645329444216,-0.9633107913090582,-0.4689660068169843,0.5713673139323925,0.5598419104711096,0.5194966862973649,0.702205125876799,0.6971753043261213,0.5929387354617708,0.76728745666014,0.5003709779452201,0.22784250567127806,0.02654645076710871,-0.275391002290573,-0.5158961180951387,-0.6952139540222406,-0.8150938952961466,-1.1971022014360138,-1.472615502060755,-1.557180738233102,-1.6429135404955924,-1.6587885821859283,-1.6947862161548413,-1.6707303684375079,-1.6792245335567966,-1.550628697345645,-1.4339622441228634,-1.2751153835717712,-0.9417220287224133,-0.6395495265919262,-0.3840760176413305,-0.17661289622233234,-0.02189692034806434,0.10411873789956338,0.3210606284321198,0.47702082108910737,0.58819677679727,EMSC-20150124_0000025,PETR,2.6667
494,-0.5574874938670722,-0.5302906789298243,-0.1079686954197232,0.5772767781031511,0.540122267856332,0.500266766836126,0.5336357467258281,0.6891098551375849,0.8276394674273453,0.9023305772439203,0.7957531169398289,0.04604282682333771,-0.3865563951422999,-0.4053652258526679,-0.5207385224041241,-0.5199144986465294,-0.547715123787758,-0.5649149209604358,-0.6121695036805175,-0.6652037202115624,-0.6857685433815144,-0.7750732025791196,-0.8749805586149337,-0.9117005732707364,-0.9178178034960895,-0.9392832216091813,-0.8773470971491779,-0.7875379609981952,-0.5533674261241277,-0.3210813455462791,-0.12015364506602033,0.11531392878415758,0.26717950362187004,0.33035428207495166,0.480718261082826,0.6551167294195501,0.7485095236101902,EMSC-20150124_0000025,PGOR,8.0
495,0.5527459238154533,-1.7155689782198236,-1.399055020777558,-1.7238784500065014,-1.766879004063198,-1.776677304678131,-1.67117538876865,-1.526981089042386,-1.9140202936923894,-1.1969859690610951,-1.5141459400939876,-1.252614070156823,-1.4853082463463085,-1.4634632336754798,-1.467334432040988,-1.7947595285114275,-1.7954241985704833,-1.9453746386934165,-1.8754802474689773,-1.821534545911339,-1.8211632902498902,-1.9028528297266476,-1.9299571988724074,-1.8486610829914314,-1.9041933541057539,-1.9529988083562957,-1.804490861238417,-1.7045328094039736,-1.631606635277297,-1.4519360933991052,-1.159886863933842,-1.022809900494078,-1.0609162711462545,-0.9803604038892999,-0.9595336434727955,-0.8773893335487468,-0.820728485817444,EMSC-20150124_0000025,PLAR,8.0
496,0.28054652913072475,-1.4494891729247206,-1.1856836343298394,-1.123407052665228,-1.1957841901362016,-1.3377399106319423,-1.3769210854086138,-1.366887312875571,-1.4498476895514827,-0.8420388737036255,-0.8241614483225499,-0.7503379533883425,-0.6560152383570825,-0.6348896249996265,-0.6750620996696615,-0.7292891629495575,-0.8875958154791359,-1.065075468504686,-1.1767709081258015,-1.3386193376431033,-1.452930760504887,-1.5614867778071986,-1.701576579135767,-1.7242927448779852,-1.8145307864442106,-1.7614424780515732,-1.763623965155661,-1.707843909815523,-1.6591791422159048,-1.4200170382268862,-1.2165847403546781,-1.0612504289998839,-0.9084527626307928,-0.8123250124767889,-0.5989881282363054,-0.43639236682474447,-0.35211328834691713,EMSC-20150124_0000025,PLOR,8.0
497,0.2774465291307249,-1.4637491696064098,-1.1986824514249683,-1.1316493078473222,-1.2034405017765089,-1.344160621672697,-1.3827544826998466,-1.3719228463094728,-1.4557176806793626,-0.8497648566706753,-0.8340679590264273,-0.7613623482097953,-0.6682742226382503,-0.6481462926713579,-0.6891361217431591,-0.7438053909077675,-0.9025076100805443,-1.0808496760024742,-1.1931815154372964,-1.3553147769813565,-1.4696115778839536,-1.5781409100576038,-1.718206840725169,-1.7406066961864397,-1.830577301220738,-1.777156743505822,-1.7789503199591277,-1.7228232667175707,-1.6735460667339321,-1.4333903995002366,-1.2294683047753843,-1.0737097120881334,-0.9205868943332227,-0.8241682863533377,-0.6102352641660485,-0.4471178635629247,-0.36249832626544354,EMSC-20150124_0000025,PLOR4,8.0
498,0.8224009682355802,-0.5145833540361142,-0.3107077009273347,0.3935759502248777,0.38380433272345904,0.9765211216350078,1.1077282374285904,0.9358418565007742,0.49581638325862887,0.48835472092443766,0.10339591235901402,0.36122674668214305,0.4845244687242767,0.10155672838687924,-0.20858552982444944,-0.4139978427073423,-0.4096634740587488,-0.4289997890740507,-0.5085131528188365,-0.5776740360156163,-0.674706733224343,-0.6267545191662149,-0.6488529140133839,-0.8130218537323124,-0.8197547915182835,-0.7348549357433409,-0.8052161704056893,-0.9358245496580722,-0.7680469558776295,-0.6240206364247349,-0.4540975590341034,-0.2951126618840423,-0.08719461614264823,0.0619697831241357,0.1623196993339473,0.33036321101136146,0.4035465096765556,EMSC-20150124_0000025,PRAR,8.0
499,0.25568023735029977,-1.0097242848899537,-0.5829049700903308,0.9657574011745913,0.9911356432585272,1.0561945919837523,1.2612468292288437,2.054503183614239,1.4345034032448156,0.8996039490940202,0.589104295021416,0.12547062266727593,-0.3494701837680214,-0.5168656268008363,-0.6596038020781574,-0.6272052038337623,-0.6784257243689922,-1.0509467914459059,-1.3031334396929806,-1.431977892142065,-1.615507469265049,-1.6689932961797087,-1.758832538798882,-1.487872297427975,-1.4838535835768667,-1.3970457034764276,-1.3688758982803506,-1.3539088432343576,-1.2584649869537134,-0.9815263464588693,-0.745153330198983,-0.5296340002660074,-0.30032774740044843,-0.15971708494475756,0.07647672864621313,0.26709982735386006,0.40397335589899797,EMSC-20150124_0000025,RASA,4.0
500,0.6521776580421057,0.37487191497471883,0.5912828169599624,1.352172752536541,1.325688915640419,1.3477097764316417,1.5241980991498405,1.4860797657553277,1.7692172998625244,1.593554461258913,1.535013594024714,1.4488926895052936,1.279415186078193,0.9616550063665326,1.0445308214797775,0.5400235033666565,0.3618001709694951,0.27430116827143003,-0.20740025067554857,-0.33657551254769746,-0.21589105938530828,-0.20681852152662028,-0.22993520460241879,-0.3228620347178497,-0.3491844529867709,-0.16394353556588115,-0.09151316227868733,0.26776571234304036,0.6568112906672425,0.6095662384721354,0.519233987699117,0.633786009245938,0.7930588570735022,0.8598778726523832,1.0707466299062354,1.2148349931353835,1.2985580459916672,EMSC-20150124_0000025,SGRR,4.0
501,0.33631472992196265,-1.0740899654154061,-0.7072040297417619,-0.2936344252478058,-0.1820132901251279,0.7741049225075294,0.1540678339529098,0.06170433351076543,-0.17090356000972662,-0.20407021958721483,-0.4444245429149767,-0.3933269489739688,-0.560129945630436,-0.606545541687816,-0.5386852575700276,-0.7020290285521309,-0.7726461867076164,-1.013126626616641,-1.1323119431141686,-1.1843626107153487,-1.2423819156134233,-1.2716588694452708,-1.4419160073358563,-1.4762485180356375,-1.4254306619997275,-1.517342181996355,-1.3722414132213672,-1.320965561564389,-1.1338395674790487,-0.8831223568377329,-0.647727327508349,-0.5510247852644135,-0.35972753756696285,-0.24961093184247574,-0.10916727714761087,0.07408963701557347,0.07168979689445187,EMSC-20150124_0000025,SULR,8.0
502,-0.21314139722138226,-0.8826413668492012,-0.6117958288595489,-0.5690895425964131,-0.6425892700217481,-0.7347609980368128,-0.676095773978008,-0.5918910165558966,-0.5673639067429459,-0.40867149019687155,-0.2325359022231206,-0.07375066609871972,-0.11050498339711456,-0.6288424014157021,-1.0109893518455255,-1.000551210539128,-1.0919997723291033,-0.9167534797499464,-0.8642969778234617,-0.8203284809396605,-0.8319959571651996,-0.830439211383605,-0.9934994964458799,-1.104933714574873,-1.181430283613743,-1.1576888736291924,-1.0368871947653329,-1.0578675222617235,-0.929088816683981,-0.7856617975211702,-0.634019165139577,-0.42859220540002774,-0.26970335607529883,-0.20018830628540485,-0.08915060448318535,0.02851033133862657,0.11959018782074438,EMSC-20150124_0000025,TESR,8.0
503,-0.13986102374805354,-0.5219522000062735,-0.28407783776395945,0.28374712841104266,0.2288973712326854,0.22752928809678163,0.37010663402192456,0.5878347541368649,0.35972079947883007,0.7388131972252383,0.5630826354511669,0.5141052779031288,0.4108806429351608,0.0011950240013796076,-0.22302366941093865,-0.5145781271136904,-0.43212583629223733,-0.6589946432212415,-0.6227926696049977,-0.6902099570867879,-0.6496909199529268,-0.9107311832993714,-0.8942368391292081,-0.6725251826974556,-0.6943778072350852,-0.7240594673019611,-0.8397125946863486,-0.8451453260351389,-0.6950177393602548,-0.4881368663855472,-0.39723575146756396,-0.21934160110660628,-0.04174981640524145,0.03622772476110114,0.20036046039392374,0.3143883843109201,0.3843739449233503,EMSC-20150124_0000025,TLCR,2.6667
504,1.0150288455603715,-1.2602702426644168,-1.3336143071900448,-0.5503965731837361,-0.5674675895291035,-0.4776924179078552,-0.1888232474861642,-0.3203012821180593,-0.31299036736316665,-0.07714919421557198,-0.05378764343458986,-0.34272764105790987,-0.7015477611849619,-0.9630409703115053,-1.1565829182571212,-1.1102070269182782,-1.226644446284638,-1.1874366411098052,-0.934405643896616,-1.1155512740232183,-0.9652427210114212,-1.058557820539768,-1.034207391354503,-0.9976630215297604,-1.34379374088018,-1.3966303388428312,-1.451657885977232,-1.6043168868622377,-1.555192274814443,-1.7264434667016015,-1.6632744128484873,-1.5620247350911054,-1.4451998408639994,-1.4233941048804102,-1.2943257851002574,-1.2053173249231754,-1.140650868957044,EMSC-20150124_0000025,TNR,2.6667
505,0.4832554312712456,-0.8271368942984463,-0.4939493439359328,0.4367944897641287,0.4016913354438323,0.4453349843242993,0.7928567016283097,0.685531631761191,0.8641399955267826,0.9484680332062583,0.4733152668964271,0.31809878261309166,0.20569412067405413,0.13587841125664646,-0.16751971067156735,-0.39096470946847806,-0.626219528193281,-0.6163533052931855,-0.9364055302925767,-1.0077030705986694,-1.0816722548564117,-1.1715616348495317,-1.2699181924225433,-1.3527235695957547,-1.3785428230593606,-1.4437974000621558,-1.3702748041966792,-1.1999248084257257,-1.0232345643688667,-0.7902262616424398,-0.5868714016742782,-0.39555214156966834,-0.1842280588544778,-0.07365449730551354,0.13170481478052842,0.2930306557278062,0.422115372457311,EMSC-20150124_0000025,TRISU,2.2857
506,-0.6581473768443367,-0.4069698282013343,-0.020782738614942176,0.7962267482778076,0.7414873076913793,0.7078734678423313,0.7428342663984822,0.6738476882507367,1.2535169768707206,1.0036134677992976,0.937896786034365,0.40764862066633345,0.3956613459208622,0.21457388817703915,0.23137635628660913,0.15077365457715608,-0.020174612068612596,-0.36363102463766506,-0.6711649395395591,-0.7355650606020694,-0.7728646210588712,-0.8344597489240648,-0.8879497297964347,-0.881554928244408,-0.9371109752068012,-0.8826274802901457,-0.8123662237613027,-0.726373940695213,-0.4921284395117862,-0.24215111636090825,-0.027187496465696626,0.16287947764382515,0.33530601509783153,0.4582498642395336,0.6242449891350006,0.7969685446747654,0.9107099088951163,EMSC-20150124_0000025,TUDR,5.3333
507,0.24540904510780814,-3.4416050148224455,-3.1426862194807494,-2.7458214703094432,-2.794593234616661,-2.8806734410355066,-2.904585279003939,-2.930599237472528,-2.734543515491483,-2.398852709425867,-2.4477564156048235,-2.7897964780469247,-3.115659783807315,-2.9700328737475132,-2.9919099270457874,-2.9477963475093008,-3.1112164172598664,-3.381120010464385,-3.695934085600908,-3.7629954411140982,-3.6476244033073044,-3.901711781681163,-3.8714995960578555,-3.7991468277397633,-3.742054948560755,-3.741593134246905,-3.762308189086843,-3.742107969964392,-3.3974361257441466,-3.1485491841163746,-3.144346452014684,-2.9350396990640917,-2.8749612450549265,-2.8374490896270252,-2.607661917627791,-2.47674780501203,-2.4070533591329983,EMSC-20150124_0000025,VOIR,4.0
508,0.17391223136388057,-1.489079415890978,-1.16986380432105,-1.0851744407752761,-1.1559760732077988,-1.2692844905020273,-0.8936526380070839,-1.3095148106298868,-0.9791188256927308,-0.9404272541309746,-0.6458900405592116,-0.8114060527215408,-0.5229809848647058,-0.6230202076984872,-0.9752827218288953,-0.8857792268540567,-1.030905347640882,-1.1670202790216564,-1.5231339538444857,-1.7088850924818768,-1.6801119883988722,-1.8368906279326715,-2.0195123518115006,-1.9081930333269357,-1.751083914177472,-1.837486341346498,-1.775042304644808,-1.785063070963087,-1.4900243908829331,-1.3840521344523165,-1.1436140118987037,-1.0245924948482568,-0.7844274579288673,-0.7266231795527318,-0.5298462794900249,-0.38075163296983305,-0.2642681159565523,EMSC-20150124_0000025,VRI,2.6667
509,0.2838396989968368,-0.7645182492520846,-0.31702239024035705,0.721368715358718,0.9404814765016409,1.8329102230058343,1.3030528624881184,1.2577525226741146,0.6656530627349948,0.25877660562288707,0.033703215568437805,-0.15410483418614263,0.20529572347953717,0.03047971415227657,-0.4022123242889002,-0.9336480768537294,-0.9307305152659158,-0.8336075152945863,-0.8828001066496567,-0.9294442580393474,-0.931496830802879,-1.1309647534173912,-1.2240337633861316,-1.3211625073452637,-1.4049660231878907,-1.3910397009558206,-1.3084645296603412,-1.2138957980078526,-0.9308154517486962,-0.606921917027341,-0.34415807458770864,-0.11979758833040854,0.12452601113796113,0.21392665149730306,0.4484319693841847,0.6170993029150882,0.723959854713895,EMSC-20150316_0000047,TIRR,3.2
510,0.12159933583813931,-1.7179985676792846,-1.4663162179131195,-1.7887895661790143,-1.8724778179926433,-2.0324318316109125,-2.0106750809968537,-2.117281162865833,-1.6514928436817495,-1.6906406512135908,-1.5359776445943032,-1.2563603726288655,-1.198812006004851,-1.4255448902204142,-1.4139960359236614,-0.9034247042175831,-1.1960397796257585,-1.714682643135193,-1.7984395425357098,-1.7766593184086084,-2.036447148637719,-2.205626602292975,-1.9696487064796946,-2.0761112058694184,-2.0005735434604706,-1.7659459723791588,-1.6495587065316002,-1.6733998652409205,-1.727911432334194,-1.5427627640117603,-1.4978318996609605,-1.3144677220055652,-1.1152234979379276,-1.0414851214583862,-0.8765049361514059,-0.7040099831127051,-0.5709693046409097,EMSC-20150316_0000047,ARR,2.6667
511,0.5144368557917187,-1.181598235984806,-0.8299133249408399,-1.4455572196605626,-1.430276138858126,-0.9877329814336484,-0.7536693794164284,-0.6494634944792885,-1.0464494191436442,-1.342467284134556,-1.5030504657943862,-1.2248858257103334,-1.31641165381882,-1.3192659106401425,-1.3555751495813553,-1.2765450831818779,-1.2433688417844841,-0.9481132944114279,-0.5670910160080007,-0.7962750218763732,-0.966947920735544,-1.14495236189979,-1.3133313812936134,-1.4601662194068776,-1.364770771980937,-1.2375144387546682,-1.1973259465773172,-1.2730138000225715,-1.0609312900174448,-1.0175285548891697,-0.8094923034352774,-0.6589326479632902,-0.479031563437502,-0.36106723098138893,-0.20239244793067357,-0.038623382942867934,0.054664605917890796,EMSC-20150316_0000047,BISRR,8.0
512,0.6801909136643642,-1.006952102952205,-0.582613947231728,-0.4970052976286201,-0.5568015624927307,-0.5932816722477989,-0.4516721973239042,-0.32578644255802125,-0.6838957906652778,-0.015788278296031244,-0.2834839079187308,-0.3670391147877625,-0.36608772023284164,-0.26450327137526397,-0.05630294073786857,-0.01274389279213306,-0.12362654681319896,-0.8114300763150055,-1.0065669478138357,-1.1333938568630062,-1.1920403753167044,-1.1176085402164633,-1.1474474574674458,-1.278222516314191,-1.4607734716362302,-1.5230365133392674,-1.4845476966252669,-1.3989305638728968,-1.0845727855254221,-0.7543506209189559,-0.5367378437922277,-0.3256345442371078,-0.09990023817245941,0.02347056644446255,0.23956018074761332,0.4270950545941137,0.5574698631465971,EMSC-20150316_0000047,CLISU,2.6667
513,-1.026404774548105,-0.4570535405384044,0.09608878160510592,0.7933427282330907,0.7733112018795181,0.7516798651231502,1.0159541837811021,1.6824380380002006,1.3197085197979694,1.060147620767383,0.3447694950445612,-0.1009881202084042,-0.23917834641388236,-0.19894165635252126,-0.36768317791698557,-0.19120526145255035,-0.2562511962690257,-0.33154699510868557,-0.4843944527556401,-0.5440525304731629,-0.5682605796006328,-0.7230179537703938,-0.8142654128571536,-0.977786219645302,-0.9836957498653156,-0.9611449222683213,-0.9108606566819581,-0.8028223638485965,-0.5661321226043494,-0.14635421121121972,0.11903740554423514,0.3520252248567193,0.5749098534534056,0.72857359786377,0.9546422614706422,1.1713457814677017,1.3172255011999106,EMSC-20150316_0000047,CNCR,2.6667
514,-0.9338823124079139,0.23430062575183896,0.7781393218355088,1.5796603036054746,1.5218764092499164,1.427178149592466,1.4113227194942564,1.4161929073455166,1.650240756052133,1.9516402372489017,1.5965566650734582,1.0857283572130934,0.8950920943693985,0.8968227426988866,0.8063146432346366,0.6583689335568774,0.4424410323433836,0.2410807228422902,0.049553520680038154,-0.05201973493119283,-0.1256485712361366,-0.23572471523117677,-0.308245172749154,-0.31477616624570004,-0.3237510205216019,-0.28121761416340263,-0.2137140471683292,-0.1429255282885631,0.12063100819287165,0.4714383627085752,0.7675371991778484,1.0358929624166304,1.2716729020255357,1.430540407681562,1.715439775277158,1.953305069473707,2.113627689316168,EMSC-20150316_0000047,COPA,8.0
515,1.3109725939004164,-0.6576454416394792,-0.16844681893580393,0.6314442670328582,0.596946556853247,0.7417484795084848,0.9007205618645093,0.7636972437098777,0.4807289541081321,1.1683614729220748,1.214366972799649,0.8906201012374648,0.2675351146881111,-0.03528119310642275,-0.4117889636076706,-0.5809491424737496,-0.8281870007271817,-0.9596513198244478,-0.9408911494091559,-0.9712361746950542,-0.9765428644151726,-1.0751210392942605,-1.2188916749789431,-1.1117875156840356,-1.1135675851539872,-1.1451743428824948,-1.1077728002375693,-1.0060813047627644,-0.7452842030298434,-0.42876838644733617,-0.16356005061889078,0.06769180117403373,0.2849433196325286,0.43324709100037495,0.6801518366409312,0.8798628527977215,1.019883264015446,EMSC-20150316_0000047,CVD1,2.6667
516,-0.7157360170111629,-0.0169269810539614,0.4427155619002292,0.5937653155901002,0.5378094889542222,0.4299711159789448,0.4057473285448445,0.4053859892675513,0.7261733894977977,1.1447514387343194,0.6322523665790323,0.3959244554477781,0.20818950142629156,0.06252516766155392,0.04630361854772236,-0.18096080366386058,-0.24340629543973513,-0.11179754438196365,0.04856023406071053,-0.12681554782562454,-0.18915160052524094,-0.27076815912033236,-0.32927794054082593,-0.3522267972963373,-0.4309654658984128,-0.39008675282856053,-0.2948071806716239,-0.19910367045243405,0.03393641287220106,0.2986985767576975,0.5056997843026512,0.7061551561603405,0.8729139566164914,0.9593658670928882,1.193488024915828,1.3716686344348101,1.496204319744928,EMSC-20150316_0000047,GHRR,8.0
517,-0.15826009035045452,-0.5457104931568164,-0.09654686391660938,0.3642916989210345,0.31907723441841807,0.23890970346291862,0.21118209600933024,0.13164695379963653,0.2533966679668147,0.15268568788460257,0.36680266687718177,0.9336056944067588,1.2065405728439886,0.7926539412423201,0.2736564500226759,-0.023236902053030306,-0.19284638773590412,-0.6424868891492235,-0.9444715132054551,-0.9664967911895577,-1.0184723486613372,-1.047073828833451,-1.0935375176715567,-1.158550378730916,-1.1801314330320984,-1.1676503725175493,-1.0911296786523685,-1.0067390672959373,-0.6464665063448365,-0.25541503341687744,0.0034368562514615064,0.26105134656272533,0.4685088019546182,0.5764197597645495,0.8236888542778615,1.1072542083454096,1.2681456605993997,EMSC-20150316_0000047,GRISU,8.0
518,-0.9454761876748696,0.11709507776424566,0.7004886783585267,1.5676358561547907,1.514387860595778,1.3944223012771522,1.4142394915536727,1.387618397242976,1.765274841785403,1.753561792139859,1.1870298189492772,0.9271116568130662,0.6620696403422448,0.6791222480515131,0.45395716891232496,0.24958067876727696,-0.007357998212365935,-0.29912666962859547,-0.5211906454983701,-0.5820678545127054,-0.6039258393634803,-0.6469093034079147,-0.6611574012898895,-0.5818715327749917,-0.48759822324016433,-0.37136463230881667,-0.23676132683237228,-0.11702364287787326,0.21449324029909178,0.5337734365185955,0.7946661678744746,1.0427374881994425,1.2692934734883554,1.41274958332815,1.6101846585470145,1.7877639488548116,1.918899767197308,EMSC-20150316_0000047,HUMR,8.0
519,0.5018947154880284,-0.09039925584291275,0.3264169224601652,0.7270962424992415,0.6758744813858852,0.5610722733362143,0.6226247842825163,0.5513663101249966,0.7620050818346291,1.1278068786223718,0.9353090040046954,0.19648021382533187,0.09861237085069874,0.25639911988443487,0.3875395107948503,0.5069183889115392,0.15268355683891155,0.044915128433922646,-0.26337083004688644,-0.2707144246509179,-0.24591688478172635,-0.16724580122180477,-0.20806667582393423,-0.45385073996699177,-0.41766410494565065,-0.4559310962805707,-0.430848500074557,-0.3903794068565265,-0.17821973851842365,0.09650500972589171,0.34294889458129596,0.5043954555992887,0.7232593575190567,0.8925256033537963,1.0665725162310622,1.2419329638575984,1.3305836522421561,EMSC-20150316_0000047,IAS,8.0
520,0.19105108985716912,-0.008687274001882628,0.32536411114075214,0.528945197831729,0.45332873620203173,0.3149359508648306,0.32861205507638314,0.3342303395406425,0.15042328351766798,0.8273418109703092,0.6332570479193818,0.9835432502258792,1.161537369776001,0.794776721170102,0.49210850669130934,-0.0481204426235875,0.08893147042551064,-0.06651178188377216,0.09347146162710107,0.13741022768887223,0.14999759016223457,0.2371525548540072,0.10121760976751837,-0.16369983339332528,-0.42435653730772493,-0.5499517320660345,-0.5453182266226282,-0.42416108962690124,-0.2786684114703686,0.07686162581693523,0.30544479863130647,0.5180529026038982,0.7418921197419799,0.8375256482623534,1.1114798323640969,1.325109750557452,1.4646641206484983,EMSC-20150316_0000047,ICOR,2.6667
521,-0.1663276426326794,-0.5705546354460864,-0.1094915448108047,0.39416141783678604,0.3664748583603661,0.29530466578301695,0.45241982714151874,0.7278564842835253,0.313735228000132,0.5693861305644043,0.5590256938225204,0.6460534423604107,0.2054412908879879,0.01908241527977328,-0.1706945091497314,-0.33156256331955625,-0.5249761843012344,-0.7577925794853986,-0.8656602688218618,-0.9144710304930896,-0.9426255858024692,-1.0448407487958002,-1.1036744063453172,-0.957607535104926,-1.0289022957150413,-0.9442752425013161,-0.8692346052942206,-0.8372434454468376,-0.6415818326641727,-0.2968143347059726,-0.05495912303172368,0.16601324552108387,0.3761109966134626,0.4824326257438205,0.6763005036025298,0.8820792788860778,1.0350994014015686,EMSC-20150316_0000047,LEHL,2.6667
522,0.5194913463816495,-1.5362210168670263,-1.3037731728091586,-0.9589128818954284,-0.9945210086124039,-1.0547690771854557,-0.779448286294258,-1.1402065768060012,-0.6636407489899669,-0.8664567543661539,-0.4013491198038839,-0.837342973153893,-0.9975962963000526,-1.2834506227757352,-1.3579332471064882,-1.4995861481896657,-1.7056968412932232,-1.8200001566856416,-1.8689298431125305,-2.041328394287147,-2.1344324536142665,-1.7952337433216705,-1.852249966469186,-1.8224568597813597,-1.706633520558917,-1.5901856445223093,-1.6986447537489955,-1.7479954475006654,-1.5889332366627205,-1.2999378744804044,-1.3069396360234062,-1.2348685565884576,-1.1050232621775091,-0.9757230438471254,-0.7734245981286314,-0.5412331597752473,-0.42223569379088843,EMSC-20150316_0000047,LOT,3.2
523,-0.1213206852085853,-0.9208518935716086,-0.5331854308566655,-1.4542435646422263,-1.554816420605527,-1.749105044613576,-1.828890970022191,-2.0498959077533003,-2.1559398571307797,-1.7379536915695386,-1.2730339471847119,-1.1607933113740652,-0.9699158849130045,-0.8451255863283533,-0.6227652572063924,-0.3113067848081039,-0.2526048229032902,-0.6458600151612508,-1.0789415444619266,-1.1006660823890924,-1.167630690357079,-1.2457198933697455,-1.3819383203072109,-1.2563193289559464,-0.9845525560571904,-0.8785373893187884,-0.9811075581883735,-0.8950981235408477,-0.5803187246928765,-0.47696763367593853,-0.3240978932032963,-0.207008107215497,-0.030747573998086253,0.03727596359198948,0.0733778520567423,0.16729621583570875,0.2486691609644911,EMSC-20150316_0000047,MLR,4.0
524,-0.8996240450851603,-0.47447798276960995,0.15872975736442818,1.2190543384938541,1.1891626434157363,1.266128043433918,1.443463399570307,1.604557242764928,1.5920790884967353,1.2753391798173235,1.6514677162107123,1.166805363970079,0.5686683494633309,0.21370315720650535,-0.05878848946866366,-0.2887372935736279,-0.48824861627055594,-0.8450108046244811,-1.1986603188757625,-1.2696352214611615,-1.2967567176783596,-1.3708916999617626,-1.4345675943831244,-1.3918269033959287,-1.167141583361623,-1.0176155056823113,-0.846489361531745,-0.7733093868920218,-0.4234354530541271,-0.019874125130222353,0.27998592892266494,0.5405095017896198,0.742363056816119,0.9163474632168533,1.1834282148315758,1.410667935706801,1.5506829179860606,EMSC-20150316_0000047,OTISU,8.0
525,-0.20798769614573898,-0.9829731305059557,-0.46221035372226993,-0.09764440146786413,-0.13299486764265733,-0.10826029400534765,-0.030526982542427028,0.17417381835511314,0.02968308923647811,0.2400752875769756,-0.2200715857201203,-0.35134133542907886,-0.43610302919925825,-0.5878086851615372,-0.5417515778349298,-0.7164466562721259,-0.9964127026688772,-1.138673401439977,-1.205898814413751,-1.2604273898240796,-1.308377519361973,-1.3750486648958251,-1.5588780600205405,-1.5621524916416298,-1.5098712469085198,-1.4886996095485499,-1.3695214835647933,-1.231064336033409,-0.8507381586435141,-0.5588410964982735,-0.2957231684939341,-0.12102295959359388,0.08148731507070472,0.13544175813619574,0.3307395226370975,0.5200130483490408,0.6385719001754246,EMSC-20150316_0000047,PETR,2.6667
526,0.04358947274736602,-1.2208735700126958,-0.7902099990263665,-1.0473461981263235,-1.1147098730217033,-1.24003457538808,-1.2683955270225962,-1.3025134980012965,-1.1512128494681741,-0.6307751177130294,-1.0033434739719498,-0.9665771492628332,-0.6978309879746085,-0.4783391261885992,-0.6970015407202848,-0.7964047424389911,-0.8937810674408837,-1.0402828498663386,-1.0890086720918992,-1.0395667008679474,-1.123747143773973,-1.444863268871467,-1.5279877611640824,-1.6743871364849046,-1.6651461635542288,-1.580907497656744,-1.4950937336959491,-1.4198875869575076,-1.2165349331384174,-0.9865994393887156,-0.7344882694277324,-0.46693943334705956,-0.26404625013416094,-0.16530085749027457,0.021990928827227307,0.2354790833533862,0.37572103752884267,EMSC-20150316_0000047,PLOR,8.0
527,0.04048947274736614,-1.2351408501651253,-0.8032119975734329,-1.055620267827762,-1.1224010982810713,-1.2464972142954114,-1.2742744150965502,-1.3075994871312293,-1.1571364471007115,-0.6385537791820743,-1.0132994808369977,-0.977647554687266,-0.7101328100170479,-0.4916071104552806,-0.7110755627937824,-0.8109209703972011,-0.908692862042292,-1.0560570573641268,-1.1054192794033941,-1.0562621402062007,-1.1404279611530397,-1.4615174011218723,-1.5446180227534843,-1.690701087793359,-1.6811926783307563,-1.596621763110993,-1.5104200884994157,-1.4348669438595554,-1.2309018576564448,-0.9999728006620661,-0.7473718338484385,-0.47939871643530907,-0.2761803818365909,-0.1771441313668234,0.010743792897484283,0.22475358661520595,0.36533599961031626,EMSC-20150316_0000047,PLOR4,8.0
528,0.5604410679221794,-1.2876970539836652,-0.8043728839485382,-0.28857654113216125,-0.27636699538281384,-0.04179858371237266,0.1377894600098415,0.548237001837582,0.009631952418459377,-0.18122609492797714,-0.15326159400107553,0.051468713625182794,-0.8211268345479725,-1.0385238369147398,-1.182318833199541,-1.2328667099431083,-1.384375031012361,-1.325634104579505,-1.6285953242136415,-1.7673978271748974,-1.89983272334994,-1.8710709339154272,-1.8321024603477376,-1.3808724023570589,-1.3851764509121987,-1.5383971355513175,-1.6811204519693739,-1.6153698427548093,-1.3417962730074393,-1.0452473608338213,-0.8276535343503166,-0.6046659159150405,-0.39368794634161297,-0.2574256656885794,-0.004075251579934047,0.19294341806630477,0.3266382344986489,EMSC-20150316_0000047,RASA,2.6667
529,-0.958227447669139,0.20525650653328764,0.6687719683169888,0.7690728263682596,0.6985993820866669,0.681858884942419,0.5798799306824414,0.6350384527206137,0.6944457589641013,1.169230703926429,0.6524151798128672,0.9372110580220356,0.9846279002453873,0.9637305276953319,0.9270384359530324,0.8025338966431717,0.561682419649606,0.19999691547480936,0.009302113846003657,-0.051759188878679474,-0.08912095296021061,-0.15824080862768852,-0.22729357632330682,-0.2291364406589942,-0.23021516976272238,-0.2030316888763508,-0.14028063845901073,-0.06198855604137954,0.1921019081573494,0.4971650697768162,0.7555833595891919,0.96936376481775,1.1745813673554384,1.3061120867428944,1.5542455978841243,1.7249617571155138,1.8583835580307113,EMSC-20150316_0000047,SULR,8.0
530,-0.2499521600525414,-1.3527747509912729,-0.9840183651722079,-0.9680895339605913,-1.0455267492320433,-1.189059311840957,-1.221787632635917,-1.3786691106760207,-1.1764537246244613,-0.9792736444717454,-0.5546238170131748,-0.6168452717380806,-0.5153296097989406,-0.7810301539550073,-1.0364491312622786,-1.1133989853065724,-1.1487523053621036,-1.3227468386926393,-1.5399657842784702,-1.704562336137725,-1.8294393036365904,-1.8217411191348747,-1.789921661210074,-1.8646086650747682,-1.7806637364536968,-1.671008289423435,-1.5841473209866077,-1.487049860978848,-1.309460371075879,-1.1058241579054542,-0.926661081847687,-0.7581568778296717,-0.5798023711735407,-0.451686453659482,-0.2452420516942979,-0.04893753185324279,0.04736504096442573,EMSC-20150316_0000047,TESR,8.0
531,-0.7932573486804304,0.20522802907947124,0.6922818267005351,1.3320366486468371,1.2665255395356505,1.1437961037363014,1.114228634585821,1.034835069633214,0.9157837427105813,1.3270040083622199,1.7350145395506047,1.559598005864542,1.3220562702790994,1.0328956732917716,0.7045646856467203,0.4899934568674116,0.3781250144353514,0.15042542684083582,-0.05652753623415929,-0.14195722337347494,-0.18902631247363466,-0.2881614893394886,-0.3776063197817967,-0.4185981736003246,-0.3779911221309664,-0.3616251327652762,-0.27971090113115515,-0.15894697961808113,0.1573825243487761,0.4798076986530333,0.7457736747941617,0.95694049506276,1.1836718731451779,1.3152695400687051,1.576168927237246,1.8263540941262928,1.9788303936845004,EMSC-20150316_0000047,TRISU,2.6667
532,-0.8088072204046903,-2.250131394170018,-1.79312977111781,-1.732443483828372,-1.7862467557196835,-1.875042668136544,-1.8649134665231681,-1.870091804813562,-1.5273486588193972,-1.070013358676026,-1.6534439537812897,-1.8982626918994185,-2.0267202449916573,-2.3419370671914352,-2.337387308014864,-2.4534395247590473,-2.341789686644484,-2.26047948384851,-2.4081556411497473,-2.349281656348924,-2.39606193748122,-2.545618642461788,-2.5527858212535177,-2.3598782445356603,-2.388645197350855,-2.462602465732454,-2.4934306889650113,-2.441237314888955,-2.2580465687585036,-1.9106436371559479,-1.7089895666007955,-1.5050222242464404,-1.3678484583215198,-1.2653745488126678,-1.096998560575182,-0.9802249796160503,-0.8609685062899697,EMSC-20150316_0000047,VOIR,4.0
533,-0.10772163361054865,-0.943298763717416,-0.5848679384673385,-0.6192600068496112,-0.6947926243948706,-0.8171273333725253,-0.8598192066612125,-0.9530631017004154,-0.47112693197115263,-0.28306079419525876,-0.42935699347418144,-0.3098989959900793,-0.04229798560621667,0.07673297007399604,0.05955799044843779,-0.3204736468833511,-0.5664541985866274,-0.7821821405458671,-0.9990827612165294,-1.1710686731715718,-1.1928253356930503,-1.2888585979303642,-1.3770027944926433,-1.363805822316933,-1.4668104466879974,-1.2933637307123247,-1.2298940227239399,-1.1884872995165097,-1.011501074446329,-0.7135265242425657,-0.5956817837732249,-0.36011239315610943,-0.15108904208064544,-0.03644412371775907,0.23976995853334415,0.4444159620555457,0.5705707224900411,EMSC-20150316_0000047,VRI,2.6667
534,-0.08345960262973318,-1.6776739277557287,-1.2530088233771668,-0.6188092858312855,-0.6669284655558645,-0.7428779871459881,-0.759516217756893,-0.6026620772018898,-0.6429219015002507,-0.2380291357250366,-0.4517963476592408,-0.22541725323778028,-1.042369342996441,-1.4196093978463713,-1.2161011814525144,-1.1214794684449485,-1.3420321969218927,-1.6917660064506412,-1.7739155616303846,-1.8319463592862615,-1.7264315619149064,-1.8577320773578014,-1.9734466525546548,-1.9951594021222547,-2.0830931863735085,-2.0291626583618694,-2.04426535705816,-2.014364817657329,-1.7692015595994182,-1.541854322192851,-1.2324448887720365,-1.0755369359413844,-0.8924089476149106,-0.6957989006403533,-0.559738980287392,-0.3282632414215829,-0.2037343624981709,EMSC-20150329_0000004,RUSAM,2.6667
535,0.46211475075693276,-1.3196639380050783,-0.7381690512447037,1.1313777113599333,1.1903831093586081,1.7452775708455537,1.3898708189435824,1.716393444460513,1.5812286123463144,0.30798983240695144,0.29210404008588764,-0.20917738075767733,-0.6641260047844195,-1.0122366204459468,-1.3204890965861251,-1.6431948046557494,-1.937927511715782,-2.143686322808091,-2.2148006688265935,-2.236193670413134,-2.144276612051346,-2.0893224724169075,-2.029005711199815,-2.0253616900589266,-1.9528793837342207,-1.9167712451378058,-1.7614844857600858,-1.665023025725013,-1.3595117020594074,-1.0358754159782269,-0.8134258578540283,-0.5544837927897852,-0.2885222648585888,-0.12587988597757338,0.21566894172901208,0.4557466737294895,0.625657287998326,EMSC-20150329_0000004,TIRR,2.6667
536,0.2458956134510828,-2.4906251154552272,-2.0924625178758127,-2.128880751248664,-2.205895196484378,-2.2776309783542796,-2.2839744210987662,-2.2485933910962217,-2.150891738279073,-1.7298908225605683,-1.573590976805927,-1.498163935477554,-1.8319728502990404,-2.1290797678511915,-2.0799398593104783,-2.115477181482193,-2.3533513749581765,-2.572476505769968,-2.6083867793414397,-2.74615134904602,-2.964312040777143,-2.9712458843719434,-2.853952259228203,-3.0024180620089194,-2.9164740285773316,-2.6227641527705305,-2.7708870834452455,-2.7103535207785967,-2.5745199383089794,-2.0070744920760824,-1.843043444683742,-1.7473477286721586,-1.6500431097315023,-1.5463380677502414,-1.4319280644625785,-1.409188063680336,-1.1601341245224273,EMSC-20150329_0000004,ARR,4.0
537,0.11337103804410598,-1.290683216227162,-1.0419433392640602,-0.8385739457468881,-0.8662647215970791,-0.8152616445602812,-0.7761560471368911,-0.1672949070206009,-0.33314272139357026,-0.8235387677415797,-0.9479202090588821,-0.7707695388406695,-0.8844682330881017,-0.946197782084699,-1.1548774791963847,-1.0654068418199936,-1.1818357309994258,-1.0566454199252764,-0.8797386585473621,-1.1247283674394968,-1.1473080474322614,-1.3532113085788415,-1.5273912854882967,-1.5432004101344852,-1.4824132207246414,-1.4671913951290634,-1.5447702341702882,-1.6228115858887069,-1.4098379753624677,-1.2598577781135685,-1.0980873307194212,-0.9719935598263039,-0.8236400612271115,-0.7352759208366635,-0.5937855189457064,-0.4127309633925922,-0.3241100401035091,EMSC-20150329_0000004,BISRR,8.0
538,0.5793671785470691,-1.111699588825065,-0.7887305305659407,-0.5306950846959211,-0.5643789667356112,-0.5161576347671613,-0.4103829189643635,0.021582103097308902,-0.17849177316718645,-0.24047651252080549,-0.34547285626931057,-0.49375412682549324,-0.35326381539729823,-0.46391367113408943,-0.44250491673467085,-0.3888109605917194,-0.5041861653878437,-0.906124822556686,-1.1241001614248818,-1.2056770226442923,-1.3607960440679525,-1.4117913411203347,-1.3878391412878983,-1.425604801858329,-1.4513711242089276,-1.4564936878795365,-1.430746735016843,-1.391404313448792,-1.245583764184568,-1.0164210893455703,-0.8374076145046168,-0.6684040066486574,-0.45813000542037763,-0.3507130993009362,-0.09269665740440836,0.12108569544279213,0.26804571665375043,EMSC-20150329_0000004,CLISU,4.0
539,-1.891649452262318,-0.06655434884020295,0.45131377651042115,1.8088963582844224,1.7782044476205208,1.7403100555373134,1.7677678124709022,2.09619842194344,2.30175399478057,1.904581700180096,1.5786169963077894,0.8502083150172037,0.39789588658269626,0.03763424748749156,0.0036961993258213255,-0.07818855781758849,-0.1262893985005631,-0.196453848369047,-0.3226686824099909,-0.42198093077772647,-0.4379360127008729,-0.5803663409189257,-0.6451631828062991,-0.6072610204433992,-0.587477768553403,-0.5565221700718777,-0.493998301393054,-0.4318413391948557,-0.16676040707714535,0.13313083262982417,0.39169342864163426,0.6346492022941739,0.8299870077889668,0.9470131909641442,1.1949388306733493,1.4134592417939853,1.6044283760145959,EMSC-20150329_0000004,CNCR,4.0
540,-0.9387278984396232,-0.17307017974254535,0.3000072208979834,1.364308685036538,1.3181458425453672,1.2545436067894258,1.2763575036004182,1.4789241842993377,1.7286377212211645,1.42222331646507,1.6308419646929604,1.1470738156139735,0.4579236828301658,0.09784964364910476,0.07891193824199405,0.050801971168990434,0.0033893997322307357,-0.22328538221001804,-0.4763479658618692,-0.6058036819407082,-0.6983388884038382,-0.7135363718300702,-0.6911692785166075,-0.7475095635782321,-0.6317816235448266,-0.547955557183915,-0.5137162031232982,-0.5104704444968284,-0.2817571569418149,-0.007319868713887345,0.23488834209522302,0.45532992650731074,0.6790379887723628,0.8246280333486187,1.101645621454237,1.3340486539370566,1.4720859830841864,EMSC-20150329_0000004,COPA,8.0
541,1.6193751308433812,-1.1760729823481952,-0.7500262186299391,0.35873642300870845,0.35579099550055826,0.5345912208096992,0.6769153900537175,1.0242997860450842,0.8464093268106643,0.5892274137295956,0.3214267475339243,0.3064043754548891,-0.11990218051579848,-0.5137868513099706,-0.9532275737792526,-0.9178692791433267,-1.0919532625642292,-1.2515833625175627,-1.3007881300868966,-1.3590277166829745,-1.4293931715057875,-1.7010977056609082,-1.6327116246704119,-1.7325868308135046,-1.7992935602753395,-1.7608877944979398,-1.6728694841286043,-1.6214465326058782,-1.3379691962595874,-1.0572574087665458,-0.814961622409454,-0.5987165364952975,-0.39667808142233163,-0.26008990575185464,0.03277351208575041,0.24651493032700245,0.41178125989935666,EMSC-20150329_0000004,CVD1,4.0
542,-1.1271390892231805,-0.06918709947335788,0.3241648882875108,0.760199018914606,0.6999831013894564,0.5775567616415209,0.5447369185521254,0.534480853395011,0.7370080806299848,1.0158780952785698,0.8535248632974515,1.021423045620442,0.7510259688192491,0.7637379883346949,0.7751410688865299,0.6136373198631064,0.30430348386107564,-0.29351491072336167,-0.5683785036656426,-0.6447516217643745,-0.7172762998529381,-0.7064002050269869,-0.7523618052358794,-0.6192535104843282,-0.5662069914463457,-0.44886860911575255,-0.3220361312178177,-0.23463943173272206,-0.008777447938474126,0.21880346051575827,0.3927259525369937,0.5530191591927771,0.7160082807813151,0.853953938904608,1.0863637887397424,1.2824409156112768,1.4179651047664414,EMSC-20150329_0000004,GHRR,8.0
543,0.052918326264538074,-1.0688601804893914,-0.6702083403978296,-0.016671260369250263,-0.06855123672664654,-0.1382821175466038,-0.13160265137131333,-0.09849009984825852,0.041820240190927116,-0.09952766303446392,0.17459740468048057,0.2523594249411891,0.7001098233207355,0.12160390794055598,-0.30892897451810963,-0.7115432338183068,-0.8553993595870715,-1.165947290307897,-1.349378733533662,-1.4248257799302175,-1.4011918668866237,-1.6150217542200025,-1.6902431340680328,-1.634270948105315,-1.6374373634784423,-1.6263283665689698,-1.5554284806867429,-1.4974969074079958,-1.2494052628064516,-0.8638586633195207,-0.6778884438055428,-0.45454367168449217,-0.22350839789845445,-0.07862940248710792,0.17632516654826347,0.4098579305594612,0.581532303920838,EMSC-20150329_0000004,GRISU,8.0
544,-0.7800303665288868,-0.271341295678976,0.17174935081565046,1.188645615326256,1.164375228071111,1.1443489019698587,1.348738523799601,1.375479928947743,1.5908895334920121,1.444885143947742,1.137644771285534,1.0326863554904113,0.5070747360747125,0.21026124457589113,-0.27158097939064074,-0.5386710372821719,-0.6508587294401762,-0.6051989690327542,-0.5464748992785067,-0.7111384845860016,-0.77424709331377,-0.7911274447739283,-0.7605977774481634,-0.8267196209624572,-0.7718444223814291,-0.7835048170757286,-0.7855779507197003,-0.6347009409214319,-0.3306708552478863,-0.050067549643925346,0.17151275004583333,0.3483969969109708,0.5427273141464894,0.6612404460440491,0.9330676643351001,1.1149438614393095,1.2503270327347877,EMSC-20150329_0000004,HUMR,8.0
545,0.6623744331408079,-0.35669661163608524,-0.0639489246207372,-0.09875724164444932,-0.15729380774671586,-0.26272458681934996,-0.1796483071046433,-0.20047876250452656,-0.16648112021850636,0.3114621885140263,-0.2986845144576691,-0.22537134921530466,-0.3869486734985115,-0.3339643248391413,-0.21460940658630623,-0.1545586968321615,-0.23949476903702482,-0.35090624874588183,-0.36892640138323163,-0.28984141305377076,-0.342237764792352,-0.34747561287446693,-0.5061543447636829,-0.5977467879513565,-0.6532216203833627,-0.5796687439906627,-0.4513545832785546,-0.2861631715655193,-0.33700105566311045,-0.21474729510103074,-0.0888037925988705,0.05435442285943992,0.2121459742541969,0.32415257796907326,0.4554358639839524,0.5878803857186856,0.7042415990406621,EMSC-20150329_0000004,IAS,8.0
546,-0.5856454689596595,-0.5541316612777383,-0.14505538555184927,0.7041955766270078,0.6868688068976114,0.6921149017459403,0.7758967463958788,1.2815733853337532,1.2881341570763043,0.669512490193088,0.4735347858785346,0.5317353432861944,0.27830114721513866,-0.12497308090969561,-0.4216419476455133,-0.5809288929148666,-0.6954981866489076,-0.7830105438904402,-0.9514282339825737,-0.9628362913658473,-0.9751226364963657,-1.0629279472664708,-1.002645373367355,-1.060138986009954,-0.9735049752926841,-0.837475803914371,-0.7666165372435572,-0.763037355018481,-0.7059446956935709,-0.4696217257174684,-0.16025635804787264,0.069985130515958,0.2788902330553391,0.34763270593654916,0.5623764543050456,0.7978869153112331,0.926301375845064,EMSC-20150329_0000004,LEHL,3.2
547,0.4164950168167869,-1.7162022249163087,-1.3306661893862124,-0.4760084997884704,-0.5493979710850292,-0.6063151675323546,-0.5458520162972631,-0.33241246798041946,-0.6141465525661207,-0.08560354551093674,0.15900905120944042,-0.5844843383618894,-1.1852567652573498,-1.4044391970860914,-1.4932200014351347,-1.6211018206869845,-1.7121265860503732,-2.1013853977997563,-1.961879492055063,-1.9077804548443975,-1.8563506568558816,-2.0103537002040888,-1.9285259191495108,-2.063385743456541,-2.0339886478644313,-2.055274728613144,-2.0162862636367027,-2.114140756194743,-1.8900976848410966,-1.526875644152815,-1.3615697704914513,-1.0887530333644637,-0.9510379917610763,-0.8914009913919987,-0.6805122799143781,-0.4704668976929529,-0.3286348201809979,EMSC-20150329_0000004,LOT,4.0
548,-0.11338390940765608,-1.3078509903924562,-0.9524708404757014,-1.7621045059863656,-1.8493756825466896,-2.002333367098423,-2.069872695332335,-2.1316164319188973,-1.84012572513039,-2.045202311795938,-1.5953355442517383,-1.056070117933955,-1.4676135073319703,-1.2110251820152467,-1.1824184039575831,-0.9617827939994283,-1.089836842756152,-1.2926878261907024,-1.2739547641930988,-1.3518683112043517,-1.5196469860054167,-1.7324482102002445,-1.8079327369402787,-1.6095859213702663,-1.3722162337859265,-1.391711479760362,-1.202409456768585,-1.1495238773479688,-1.0670178076306307,-0.9270347342020795,-0.7113548453395762,-0.6754175545568639,-0.5315921749595667,-0.5397874338758175,-0.4121617872094703,-0.22290918816499072,-0.15998788271480002,EMSC-20150329_0000004,MLR,8.0
549,-0.5273801007510603,-0.5703279429381247,-0.1334311885069539,0.6474324095499799,0.6447385460525936,0.7274383284987369,0.9487103952020188,1.1127894790223651,1.1553916207145836,0.746861380505556,1.0927787852693154,0.4347924275208568,0.03998509084188839,-0.3041363105757755,-0.5493935432391011,-0.7705589718210009,-0.8752037294780148,-0.9611980724057858,-0.8688754665241998,-0.8219369000576746,-0.7389648303926792,-0.6879479281219023,-0.8514949994317993,-0.9389045408865311,-1.0449872194690073,-0.9901483784472571,-0.8696360131526983,-0.7864815967803924,-0.6444052800976792,-0.4407044140329308,-0.20512056329896033,0.053695940595954283,0.2812731940055251,0.4036895829863898,0.6632110587487485,0.8365255448015585,0.9418254875106484,EMSC-20150329_0000004,OTISU,8.0
550,-0.17803442754554277,-1.0327398710818079,-0.5445679753698247,0.2541736312395795,0.22669465594335136,0.2611906661387451,0.39256914848953084,0.3622573578740971,0.688530939169075,0.46612673195038123,0.29633084147695854,0.4294332286787643,-0.11734558205221024,-0.42092414877674234,-0.560506661759443,-0.691358111340854,-0.9148496714602459,-1.2072033415176424,-1.3910231552279333,-1.486920981599611,-1.5009020979459855,-1.5201598163035115,-1.5571787298581423,-1.5900326380505119,-1.533152199690349,-1.5010446137454325,-1.412313876891063,-1.365219420709134,-1.1149953154345962,-0.8160482481169655,-0.5406582881696558,-0.30256593147558597,-0.04884195938074676,0.05139525777075349,0.32652700146118896,0.5488752398603403,0.712016786295754,EMSC-20150329_0000004,PETR,3.2
551,0.1299419409151401,-1.8228208738108593,-1.4491598014840967,-1.449361208647427,-1.5268022750199979,-1.6688542120052157,-1.7197525313154722,-1.8228328580351993,-1.5132589992493477,-1.1251941094043367,-1.433289279021011,-0.8745045602894228,-0.6849861469116272,-0.7044691081380536,-0.950196396761541,-1.2109322166850172,-1.5158257406791469,-1.7893230187528664,-2.1590912651934824,-2.041660343566477,-2.05037605188617,-2.4451155756570584,-2.3066377374782308,-2.4096574665491097,-2.138592098681195,-2.156336859833325,-2.076608632441138,-2.0772104072071755,-1.927996465462554,-1.5599804965875776,-1.3405050019216294,-1.1887264601024548,-0.9079327910734225,-0.8119587069242602,-0.6874390073971295,-0.5156773577099862,-0.49427794326067165,EMSC-20150329_0000004,PLOR,8.0
552,0.12684194091514023,-1.837089325215329,-1.4621623117947546,-1.4576403959848196,-1.5344991169007836,-1.6753235971317029,-1.725638739511024,-1.8279269666202458,-1.5191912226010036,-1.132981244850476,-1.4432532460991503,-0.8855823641493279,-0.6972948564102062,-0.7177389117610158,-0.9642704188350386,-1.2254484446432272,-1.5307375352805552,-1.8050972262506546,-2.1755018725049773,-2.05835578290473,-2.0670568692652367,-2.4617697079074636,-2.3232679990676326,-2.425971417857564,-2.1546386134577222,-2.172051125287574,-2.0919349872446045,-2.0921897641092233,-1.9423633899805814,-1.573353857860928,-1.3533885663423355,-1.2011857431907043,-0.9200669227758524,-0.823801980800809,-0.6986861433268725,-0.5264028544481665,-0.5046629811791981,EMSC-20150329_0000004,PLOR4,8.0
553,0.3169959474237163,-1.1808455333948729,-0.7020665567541879,0.5231979311095545,0.5262486296421072,0.5499510739369464,0.7595799102261145,1.4329246037164989,0.9391902222621296,0.614274413021394,0.2512624238821308,0.2602476691299387,-0.4950433320843901,-1.057240255529159,-1.089385189632626,-1.2659571389481252,-1.263819168188311,-1.7324489971367196,-1.8738709330961196,-2.02084155344693,-2.128843061116484,-2.2223909287679575,-2.095884671728302,-1.5567365430452247,-1.3650707905978834,-1.425729483846287,-1.3395185535849308,-1.3526756404972335,-1.2433417548404382,-0.9729183776822197,-0.8119806037661235,-0.5814498768078575,-0.35661064371514506,-0.21089915431579698,0.05178152080214815,0.26876043271786365,0.4094161515554955,EMSC-20150329_0000004,RASA,2.6667
554,-1.033484211871087,-0.19226006141609808,0.22291816614556126,0.8165537246626542,0.7775220845628681,0.7111138805969572,0.7501962776072064,1.0965745509342195,1.3065328410869501,0.7000233525064141,1.0300087889594929,0.801078583574129,0.4095398905382348,0.22036992613842,0.0029017927291468126,-0.06124085883306929,-0.075034054490982,-0.1972199627510447,-0.23080212519315957,-0.28641263607110456,-0.33729150865837365,-0.5010793209065545,-0.5652372034789712,-0.557669639093505,-0.5743604795790791,-0.5793171207164978,-0.5417093119989254,-0.49842084048379576,-0.3072876362154062,-0.05317051604466805,0.15686076241498093,0.38667335879249976,0.5843467907200512,0.7145672290700755,0.975695030670293,1.166486329987329,1.312992863684551,EMSC-20150329_0000004,SULR,8.0
555,0.615462960194161,-2.132396974402824,-1.7909894211805195,-2.2061375014513223,-2.263912206443246,-2.3307854877493765,-2.1571753608379147,-2.1424272279303267,-2.244517886515589,-2.2520060133816626,-1.932839520207403,-1.821737426142164,-1.5754128266569065,-1.6795794650704163,-2.07479244408119,-2.553142876940191,-2.7607326228667404,-2.8417597915678883,-2.8411015258846657,-2.8321728706282423,-2.77945403808405,-2.639238806141842,-2.591194468297001,-2.3960545733439824,-2.3431927583583203,-2.1930781802001977,-2.161053566812347,-1.9918997067172395,-1.8897637402298457,-1.7729318120947894,-1.6300329369029303,-1.431035627589024,-1.2847602120645014,-1.2562755869429303,-1.1099485509428586,-1.0357247567143926,-0.9684441757377584,EMSC-20150329_0000004,TESR,4.0
556,-0.6735722745024897,-0.39284604593790107,0.0781818863334518,1.0152422285773728,0.9503121631711506,0.8489495398772906,0.8226468665441864,0.7844456108478823,0.9579882175911516,1.626604051747142,1.4212531619295552,1.0092630205691364,0.32207041127965663,-0.0703866782487319,-0.21238214302752034,-0.3147544673181635,-0.5531622250421107,-0.8097987110567084,-0.8866966685788862,-0.9694847582682984,-0.9546363110383984,-0.8650237764649766,-0.9348382898527587,-0.8241391813985697,-0.9236339121117432,-0.8864195132873061,-0.713368550540503,-0.6476962280437384,-0.3853384313125705,-0.11717356852254923,-0.01702584424112885,0.22676332387205989,0.4815252966869146,0.6560321252384504,0.9481202353888882,1.178828014795382,1.3251975604421986,EMSC-20150329_0000004,TRISU,2.0
557,-0.36936241734377084,-2.70140778550556,-2.373033025355351,-1.9295460414451346,-1.98821851464111,-2.0904091696233085,-2.0576911943668295,-1.8754262025453459,-1.7319413433349373,-1.7965621086682368,-1.3517281433194483,-1.6832721358504958,-2.1788895376144533,-2.4875623193554315,-2.932506111845278,-2.993626714321085,-3.0974068631389127,-3.2602304600400736,-2.831206544494375,-2.6840105045076568,-2.717791411983683,-2.859900762250133,-2.9303813537384453,-2.884890768710817,-2.91114654406359,-2.972542072375525,-2.947652739490273,-2.971696765463154,-2.7562447364444047,-2.5025219826598324,-2.348155675222678,-2.2473012087976283,-2.047251604494029,-1.9823475172255431,-1.7487820203642777,-1.5606083195400924,-1.4311970171659993,EMSC-20150329_0000004,VOIR,3.2
558,-0.04774172043218128,-1.4135012896646693,-1.1330408823094835,-1.002611391284499,-1.07815404980526,-1.2024239466964524,-1.2591369919113147,-1.4106261143140033,-1.3254619788290931,-0.8793472065344767,-0.825407775186136,-0.21652178993331184,-0.053128280326695254,-0.3791691781446085,-0.5926688370264488,-0.9511291485632318,-1.314644355022379,-1.5760939946110275,-1.6921190656677805,-1.7413864793840457,-1.7875443415592889,-1.9129529204319393,-1.844351391135672,-1.971700135296202,-1.8112304313723362,-1.7016865904959264,-1.6026721411959066,-1.6387349690410673,-1.5370978052351525,-1.2299197456309265,-1.0840957913419658,-0.9140730385351894,-0.7008228612387928,-0.6600642709589586,-0.4531818878749725,-0.2768448612911474,-0.12575890012534074,EMSC-20150329_0000004,VRI,2.6667
559,-0.11942418947108457,0.5241317390967124,0.4912588157259288,0.532950511329072,0.47321130019698554,0.39096143341204126,0.3449450491051351,0.38790688816938257,0.4135202596090517,0.3492468029449798,0.5139731285288907,0.6532058331406008,0.5590128410724509,0.6168948251994832,0.556500801665722,0.5739661954747621,0.6223038772656091,0.1504844293345622,-0.026117225375739572,0.032130291096205355,0.07216193924039693,0.020478891151650913,0.1724180381530216,0.4722409320477112,0.9652347402882917,0.9002615605241324,0.7042335653591243,0.6185215038861047,0.49806143883554643,0.5633479053401089,0.4338380568891136,0.45570966893194864,0.5259441895344459,0.41066575040757947,0.5095228672518406,0.6091741834850186,0.6622515513094758,EMSC-20160923_0000135,DOBAM,8.0
560,0.12351982519158788,-0.034088349057361356,0.06062637947119498,1.2877239069042385,1.2697685898129087,1.3271016025921671,1.5889277042619172,2.0000604581296857,1.3109700248383045,1.4998958340391475,0.3685686852870962,-0.0258187182603562,-0.1618503032423817,-0.2481219200124709,-0.11900538213010492,0.1470808821191616,0.5439400588363723,0.4663480983243806,-0.006844066878543664,-0.20412301291313106,-0.0797252834521247,-0.09129939064785386,-0.35871628858558235,-0.42225921331281846,-0.4248178557207103,-0.10255867434643307,-0.0729639565242497,-0.2050941454790136,-0.1964103067803098,-0.13494971576345627,-0.0682213559576752,-0.033237863775649856,0.03851315103021413,-0.020489146477448372,0.04374809851693584,0.1566453610379579,0.16459449839165075,EMSC-20160923_0000135,RAZG,11.4286
561,0.09668507600794163,-1.37955816231241,-1.1756852623294947,-0.844653942542652,-0.8909622521345835,-0.9438655625718777,-0.8776564146008203,-0.7777677547025785,-0.9346881073459041,-0.8689334174099788,-0.7991173878857847,-0.5459640211780084,-0.688598794942199,-0.9143246887429601,-0.775313118169878,-0.5165985670360236,-0.9877557528367271,-1.2667007536567398,-1.4070271172336453,-1.4688916042429048,-1.5686580161977535,-1.6385433922246193,-1.6559040989104306,-1.8366518153552915,-1.9639614520099409,-1.9017844732115297,-1.693185615638927,-1.3944803239866408,-1.4999610477263223,-1.1374768972343814,-1.2875594164730577,-1.0997476574738378,-0.8484262548986496,-0.884882783348564,-0.8290121413829734,-0.8405846831224189,-0.9146498914080627,EMSC-20160923_0000135,RUSAM,8.0
562,-0.597815905119897,-0.32903997551102915,-0.2600028964331411,0.939684493125382,0.8837721439427586,0.8737647679209006,1.0652656923925492,1.1463101463221843,1.2707040050085854,0.7568073944527418,1.0693645804458827,1.4795968025471908,1.3825197207220903,0.8158647479704362,0.45878085364268273,0.10229021726297827,-0.09394171753524194,-0.5754306655909174,-0.6320488234587947,-0.6662327317018946,-0.6784889209842815,-0.8348927920005869,-0.8786226732673308,-0.7609809281838942,-0.878232430030617,-0.7835650979190829,-0.740576809793863,-0.6445536285065785,-0.492035301249512,-0.491040210419186,-0.4260578261479182,-0.2829598397546409,-0.1330274104901772,-0.1236958679208282,-0.03242553733804243,0.10520462069424141,0.1789893704835439,EMSC-20160923_0000135,SILAM,11.4286
563,0.4034785090323427,-0.3266973896508931,-0.22601795428796834,-0.044833911706642304,-0.09415651101572386,-0.13613839883557244,0.02375724893916864,0.17033053930451558,0.2632681879284755,0.38564585263774465,-0.3168777692466813,-0.39270577974264675,-0.4450162699409388,-0.10733711043368288,-0.1982991583015954,-0.29870822214714465,-0.5086815872636521,-0.5740414058435981,-0.3583757206863467,-0.3509153446199891,-0.2513703396109159,-0.28271317249728334,-0.21718410678384714,-0.5085006643267729,-0.4302713811886214,-0.5195886779213366,-0.6129304667395141,-0.6653811147660083,-0.41950115011256806,0.05148988714992697,-0.36738755905088816,-0.23529990425938507,-0.04200006144198554,-0.09221780126773815,0.10966391625620808,0.20890094477026366,0.04319950145200835,EMSC-20160923_0000135,VETAM,11.4286
564,0.061665367632489865,-0.14916347369521699,-0.031561191534064115,1.269352079087167,1.434280060200194,2.117896599963471,2.411576799471607,1.8282194983541098,1.7231091908836662,0.781463499659961,0.22588234453772493,0.2408104539871374,0.10185143672571417,-0.30275870594072885,-0.4909816888018792,-0.37334850811539777,-0.5413028474857233,-0.4036073052443667,-0.5023314619950021,-0.6178580181682092,-0.5315280319490343,-0.4883233478705087,-0.46061244714771554,-0.4615568655654574,-0.45737249077258735,-0.3649205627721104,-0.2893509840131525,-0.31661585439039186,-0.23389074864923476,-0.12375515475194732,-0.11633248044566091,-0.0829652094455664,-0.0028991471276373915,-0.046710315180373385,0.053940060194788586,0.19563428239396607,0.2800896572220264,EMSC-20160923_0000135,TIRR,11.4286
565,0.08770995181176122,-1.0684143335482021,-0.9966679326168322,-1.5862973285937123,-1.6740172088356875,-1.8186759580219842,-1.870755527914441,-2.1373508763607356,-2.2713737988648735,-1.9546826664250752,-1.3920212861051082,-0.8484606695468679,-0.9092419914089733,-1.1777461905019493,-0.898630266639926,-0.8734913885143936,-0.8860593976668323,-1.0894885080267782,-1.080371404569715,-1.1079892287379707,-1.2013657071158121,-1.260761146842066,-1.2659302355308801,-1.3505778236909052,-1.5278018598413574,-1.128323127158951,-0.8703169084994817,-0.7823614052334333,-0.8505068764964845,-0.7544712372627682,-0.8292483452740882,-1.013874042745222,-0.7800869848418266,-0.7462218576638175,-0.8826338694195055,-0.6296963744708624,-0.7344626488261312,EMSC-20160923_0000135,ARR,11.4286
566,-0.1542270232104359,0.40186489599247377,0.5175307820680395,0.7069835758185579,0.6409095684863528,0.5314797225334877,0.4812740639387063,0.5123701975644464,0.2937293295707226,1.10045099739573,0.741068677948681,1.0558290480491674,0.6163115594682975,0.8488436058895323,1.0298858036430873,0.8232796293980309,0.6545613535493522,0.546269347584786,0.31020049743244416,0.21972285288158844,0.17259051825296856,0.23966432344327782,0.29266768936110177,0.2107549977722476,0.3534948551891066,0.32118307934367163,0.19358134488979406,0.2151840333035624,0.31214155924163745,0.40614035997677167,0.5029329066512043,0.5842623004865759,0.6875475542865273,0.6756251060058629,0.7436826255579447,0.8360183949950182,0.8915203319863565,EMSC-20160923_0000135,BAC,11.4286
567,0.49913931759943786,-0.04568679820687738,0.23980838286184358,0.7220390592203367,0.6968031610629586,1.056895870414853,1.4364472521563263,0.7399855019620274,0.8061789607925478,0.8624655002726573,0.4107857404771167,0.5533656317100277,0.5474202504800703,0.6409727862552064,0.33552701031620824,0.21985720001650222,0.12864165780610204,-0.14545432425329885,-0.12762331895827383,-0.19137958737791116,-0.09531792008769546,-0.24336101865249127,-0.3998226742116202,-0.2999244289158538,-0.31687913951878244,-0.40059805896027534,-0.24175061143969057,-0.246561716780751,-0.15036591681665712,-0.07457877752189468,0.14790189593657743,0.2866329754872172,0.5806381121927373,0.6388375144919198,0.8018571191706965,0.6863316697640673,0.5376002734572953,EMSC-20160923_0000135,BAIL,11.4286
568,1.3663326585284072,-0.017361079937559865,-0.12522424739801075,0.48587752846198917,0.47903808098560496,0.49443327096568623,0.49833072477004237,0.46736701674864634,0.5395954936420626,0.6949417150004313,0.6329374955769431,0.5819738372895529,0.6221546952432044,0.5546663694387668,0.16145297308087248,0.1741036961636393,0.2089026146918762,-0.027998613296029262,0.04504422310755629,0.005434939871604705,0.0245567642077118,0.02787777466373953,-0.25439228436609973,-0.04491907616260615,-0.13191607445236553,-0.22197284243392623,-0.2307618524053172,-0.19995447902550723,-0.169207558082773,-0.1517136729870341,0.11444673830733265,-0.3158516577967827,-0.3224782216125064,-0.2953479364662588,-0.3917199987496147,-0.360553091855234,-0.4620745383873004,EMSC-20160923_0000135,BMR,5.3333
569,0.9959520945266549,-0.6901705924821,-0.4451010218077567,-0.824775392396921,-0.849987857183609,-0.8683649925599699,-0.8622092981079303,-0.9414338336187758,-1.1091432430967032,-1.2029600435112462,-1.1165164813103656,-1.0496697618692163,-0.8016901731202823,-0.7898140566578986,-0.720707872354704,-0.5815260225802774,-0.6346034702810446,-0.8949889383528813,-0.8437682704622045,-0.7679681514050953,-0.7240262293917228,-0.9103079113773154,-1.013027960453302,-0.8666663680360385,-0.7206615761099666,-0.5649507730772205,-0.347479394204937,-0.37532268849028405,-0.7586779697226689,-0.49295688929840153,-0.3750743514577888,-0.21658436859405228,-0.06065774731175999,-0.15929741968849775,-0.11255674002238791,-0.2927098984753602,-0.34228030431436096,EMSC-20160923_0000135,BUR01,11.4286
570,1.0981421420037463,-0.042620613733488355,-0.0034178844582584134,-0.06826933720934125,-0.08114537292224,-0.08635047864606715,-0.07422000933629391,-0.10800531514714695,-0.14122042495467468,-0.23037718239424443,-0.2402673360999934,-0.34282457916062903,-0.2732836804090102,-0.10140590274902195,-0.2038369437390859,-0.3023407236939297,-0.24584448571899742,-0.31597716353540495,-0.5525353050512374,-0.6295410424207342,-0.53883348555153,-0.5177415827357192,-0.37908763497669984,-0.28750803030888417,-0.27286008613246615,-0.04034442289739015,-0.08990193246337874,0.11438546150520601,0.4407824003816847,0.17238547166055795,0.0436104490188427,0.12495541616081418,0.1933958819665289,2.1406558781578156e-05,-0.03752524315452277,-0.10419876002578832,-0.16226593180437376,EMSC-20160923_0000135,CJR,11.4286
571,-0.021271351320304888,0.06138585219441772,0.07706474762706605,0.29202096120893195,0.23919297181281074,0.2186569508945757,0.1992564097673144,0.23407279439751694,0.33314234010145505,0.24619365720901065,0.5431062633617736,0.4633434014531459,0.3446098714942263,0.4054219614992749,0.40147046488913096,0.4350867279029318,0.34747585231255584,0.21665668363459378,0.14077037430857686,-0.01335470590258403,0.0889845147907371,0.13418083911909484,0.07432993698278878,0.15269944032875404,0.06068713207394261,-0.019766167956468017,-0.13887194690366833,-0.2135021196500304,-0.0812503257676358,0.01974903569161146,0.023446826899155226,0.013965818080894365,0.06988677613075822,0.10972327138624038,0.19093516867529559,0.2790272886364029,0.28903125160240606,EMSC-20160923_0000135,CLISU,11.4286
572,0.03608506751076357,-0.4202861400470539,-0.30702498846215054,0.4081677551924763,0.3991640630496267,0.4143586030322908,0.45551453616888704,1.0440743761650713,1.0038112967114095,0.4027420879736203,0.2360445405827356,-0.10380451176899808,-0.22733600906662588,-0.12259930018928067,-0.23254392506516464,-0.21417264311598316,-0.17218320204633208,-0.5812668535949745,-0.6482555719957022,-0.739226202131058,-0.6356970020628401,-0.45486503855716354,-0.5419564793616054,-0.7391292948680848,-0.67263951900226,-0.4532408710975835,-0.830741993676475,-0.8745105551359496,-0.542053653750612,-0.11490114493991399,-0.3448220157916104,-0.14559829716787043,-0.20036054079081467,-0.07125714592796939,-0.2254294551803202,-0.25988490233336137,-0.246937081122935,EMSC-20160923_0000135,COPA,11.4286
573,0.21637291741303866,-0.05528766970224375,-0.16754277145606178,0.5778919342534641,0.5351438226377043,0.502854220447686,0.614127523530807,0.6582310401115334,0.7630207622396608,0.7296696220559413,0.2451211415703467,0.07892793000939058,0.21882142031348728,0.5343097083105768,0.14462234770364368,0.012927230353771968,-0.07348515875398398,0.22891527974158432,0.1559298484280882,-0.017281993789842964,0.03050100024429625,0.21723260557291546,0.20517875923368933,0.12939191446173215,-0.06055749003973698,-0.3109933670151692,-0.4182423558666839,-0.384289521434078,-0.4624577691796077,-0.37660470551355374,-0.4314874372893893,-0.4001403645596504,-0.3190691833589163,-0.3196738221047202,-0.23123848371259825,-0.0884156798169009,-0.008822105357371157,EMSC-20160923_0000135,CTISU,11.4286
574,-0.19194507854961929,-0.092443178072255,-0.07333246134627824,0.9332234787351865,0.918166078963556,1.109327083005594,1.269172109224547,1.0739271449151495,0.7576329003321693,1.5189531649749095,1.0168216067563298,0.22349157941867315,0.07853793573725465,-0.10855095379189006,-0.33144813356398384,-0.42673158520403476,-0.10631163723050374,0.024339805778403445,0.15266897205643737,0.10083905359345113,0.002171631014436848,-0.011482593742321079,-0.07825836772729478,-0.2039165681474664,-0.2954345096394171,-0.33570125153644614,-0.2722534173666471,-0.2784600145241676,-0.32109579548422396,-0.373291140953782,-0.39406441703230755,-0.2965173447643892,-0.16884922035369598,-0.12704231507194663,-0.004933590766295737,0.08993817294097006,0.12906463779069277,EMSC-20160923_0000135,CVD1,4.0
575,0.8277027639600982,-0.32930240846693337,-0.42526959549006627,0.46082139753946194,0.4423963077645485,0.694246568001609,0.5199969281816781,0.4705115695945814,0.8453704314048665,1.0370879793323757,0.7433727841624007,0.5772149237972437,0.5306801140092938,0.5616686626653182,0.3959718253495774,0.173278670041773,0.18717740026195262,-0.09165931639194547,-0.0635563972846871,-0.06733518703095775,0.004556512034140425,-0.07100007606112246,-0.23389981741835797,-0.47688982611960107,-0.6885017718996238,-0.6812368531729591,-0.5992680082714283,-0.6781939724738262,-0.7691071319982967,-0.6123452465258801,-0.8287022558686239,-0.7119765610075284,-0.557548899620123,-0.46377922386871795,-0.2651839470758812,-0.28465223265212103,-0.41649778264569015,EMSC-20160923_0000135,DEV,11.4286
576,0.34321489494401014,0.010431532101904395,0.06892883333409028,0.5083905894950256,0.4578372645040112,0.39210801522172467,0.4212470886658872,0.5478889704453396,0.40661001407743935,0.21540882213620716,0.4375781196191628,0.3627671947013331,0.4386965439891455,0.63695735948275,0.9393154338735838,1.0631229913089273,0.7326054271310776,0.3869347490580024,0.4521715156565591,0.5025703749490722,0.5618061249198005,0.46532282496316135,0.29336266338048045,-0.109530732009409,-0.20807641970514812,-0.3208201014405283,-0.33927951085178965,-0.34430102606075685,-0.3089931118694986,-0.2675438146407192,-0.08569014614261228,-0.09750669119336841,0.162733309348571,0.21208440751736113,0.33865300754534644,0.397145664277911,0.3725766923828413,EMSC-20160923_0000135,DJISU,11.4286
577,-0.3018553858213848,1.3892938885917618,1.4445580838377197,1.3493912209382932,1.2872082780268617,1.1860480941186253,1.205325549200193,1.110293226201386,1.0570685028574607,1.4399253554432916,1.7761601363718316,1.594120667496478,1.3400961038346373,1.1138963548720557,1.2193440809315517,1.337381455601864,1.3799544190544677,1.6788942061382612,1.8287351961207876,1.8363869131949433,1.8195828387223152,1.743060508254895,1.6759441935191575,1.5631410949101086,1.4225336221800764,1.3602782831882152,1.281460848764472,1.201245348609823,1.2538006064910334,1.3411600047433847,1.3422623337021262,1.3884566188435707,1.4979723281252388,1.5076348023073454,1.5689183433662404,1.6640039156423354,1.7242676243151287,EMSC-20160923_0000135,GHRR,11.4286
578,-0.2112572485855848,-0.9586316156653698,-0.8585909298844356,0.17663920388461563,0.11925441055421171,0.02261803115864769,0.004044559248331581,-0.08590273983641694,-0.10515464932874163,-0.2676041001880929,0.06866330695784928,0.5503562704142246,1.0382212804305095,0.4422293137264557,0.12502976008948075,-0.21626083116249362,-0.47942656524253024,-1.093330425678074,-1.1150811214393483,-1.0592811489159066,-1.033449967918994,-1.1849898678672695,-1.1234177083173087,-1.3507410986763988,-1.6393356829150232,-1.5127499988394373,-1.5818109469938042,-1.5772897672975645,-1.337877963144937,-0.9324195362106931,-1.0408226143411907,-0.7763000385364229,-0.6821351857009237,-0.5748344346433605,-0.41846489643290496,-0.4215159781177338,-0.42092434535159917,EMSC-20160923_0000135,GRISU,11.4286
579,0.48872584671857044,-1.0346809034443236,-0.8800498058483139,0.1288969613586355,0.06141832854490481,-0.06252632652815393,-0.0735958494237492,0.15761793843013727,0.22801134708476933,0.27961720594687023,0.42078801525394915,0.5866872225133228,0.16981968820376103,-0.0466248674038372,-0.2854809726681671,-0.6000925920004914,-0.6085030450495577,-0.939062339968701,-1.489440624796341,-1.5293166220930852,-1.4616665578108305,-1.4084462719303374,-1.671162919918963,-1.5174334196513914,-1.3866519344160873,-1.3756216554705762,-1.229686273542466,-1.2297126570455337,-1.2402150322019416,-1.1286833303611825,-0.6828403161371277,-0.9106689659190774,-0.8691310017688085,-0.8376103390981839,-0.47509464433329285,-0.26932967597224255,-0.13083316819991708,EMSC-20160923_0000135,GZR,11.4286
580,-0.12834729530497535,-0.1861682443298056,0.17312715769811327,0.4391086024670514,0.3902110190660082,0.35782698211362973,0.5689960817082103,0.7413890271627386,0.5330726427145014,0.6545972381629421,0.42489569672381133,0.332330246616376,0.08716007415500204,-0.12558467400293427,0.1952008544728221,0.18227623305181417,0.20994629275523202,-0.16570032475833507,-0.3735580944154515,-0.34627613242127175,-0.4001133829166079,-0.5744667301854598,-0.5094897778649603,-0.4325929983904482,-0.6119315543089776,-0.704828909137146,-0.779457395593294,-0.6922553625699024,0.10903158786058409,0.44618679626842006,0.5332406124327065,0.5391716913208722,0.41867722190138146,0.5215379145964167,0.5555706735084609,0.36106449869079604,0.22407329677043997,EMSC-20160923_0000135,HUMR,11.4286
581,-0.6913752666477242,1.7610662189453912,1.7526334232741938,2.430418945996752,2.3564543988703126,2.3339324669924384,2.4973772437366524,2.2885984673022413,2.3181717030485887,2.5368685237185047,2.9354705179291045,2.5027617466098913,2.485803832875117,2.5692716113660583,2.447526086605944,2.557483169416009,2.4745789807885767,2.3427823647298123,2.119529151280727,2.066276145432904,2.059421561577971,1.8973843055552146,1.7965463571920344,1.5907850436264148,1.4802912678015394,1.4807465363623038,1.5065157532939892,1.3566155063047978,1.388346610155855,1.4636687522483012,1.5442876539234565,1.603494664167929,1.7261410790518594,1.774761552486786,1.9011783576542083,2.018227347929317,2.0819601655267252,EMSC-20160923_0000135,IAS,11.4286
582,-0.049148164948872974,0.8019687262853132,0.6870880940581401,1.125153591996674,1.047122780563985,0.9539569498055886,0.9273754850108649,0.940914224405077,1.1175183135427176,1.3146747690587088,1.3555708441343377,1.4560372892184148,1.4921472476613609,1.5206239227026828,1.1077396717373125,0.8714929129018101,0.7911918994393314,0.9280999414222775,1.1463384620939703,1.2506510495759917,1.461505770115032,1.3464085244826025,1.3010633226568684,1.1757141998024991,0.8123977600667125,0.5464114535720377,0.44341677182174877,0.3700036580096091,0.37261141294172617,0.40539900043168586,0.44776035920886503,0.5077593329468648,0.607043535024534,0.6087911435587667,0.7457912675470126,0.8212602923548484,0.8341695103282163,EMSC-20160923_0000135,ICOR,11.4286
583,-0.8359309901970056,0.37762867754683604,0.4291168156382881,0.9217588319730261,0.8802901689338869,0.8560077351721511,0.967308617841772,1.3537102599862383,1.3529662902205986,0.9704522266187392,0.46843678215050044,0.4226825550302502,0.6258228367835996,0.8828552412566268,0.6645203430024171,0.48315260909574587,0.30990168415948416,0.16827964517421723,0.039365020574654075,0.018822011820712525,0.05249917333785348,0.20666690037060498,0.2122866408571813,0.3026300813656153,0.2980831806499058,0.30453411567861455,0.2877866591268985,0.24811267045893004,0.2877228281080999,0.31496290218584466,0.32152105774574746,0.3708161068026632,0.46336370820464445,0.5633220996662462,0.6340529808113384,0.758091016519435,0.8180236325726895,EMSC-20160923_0000135,LEHL,11.4286
584,0.2989525598696847,-0.9755645761319158,-0.9165510321071348,-0.9285478764375847,-1.011828775113738,-1.0364228286454882,-1.035564656807571,-1.1276266527101528,-1.252658524676118,-0.7679501750172539,-0.5176049539798635,-0.526187784007007,-0.46762155826180063,-0.40758061264573175,-0.6262161034380576,-0.47373865197636444,-0.4023764358744977,-0.47742905496230037,-0.5508737378029158,-0.6495100913542418,-0.671048931173452,-0.9433217473684197,-1.2305201282137794,-1.2083813991450318,-1.2356928974744443,-1.153478048444649,-1.0295854553423451,-1.0584972182643426,-1.0842964383660831,-1.1081327028580379,-1.0690196817362558,-1.0323470954186291,-0.8851665413979202,-0.8644416323483899,-0.5982005754424513,-0.5284606276331569,-0.5704240529836451,EMSC-20160923_0000135,LOT,11.4286
585,-0.1748703221094483,0.3683676143936241,0.36481255700427084,1.1622725671443144,1.1857738922591192,1.3340873080442455,1.5994788110327747,1.4534040771150658,1.4570137687357336,1.0062884364166633,0.6970391368869606,1.1901451880324418,1.121216321335131,1.1030105912524548,0.8085814400457263,0.4246895307159395,0.3231048680851609,0.21266947623903576,0.2501569823770762,0.2668421949684614,0.25380416251141025,0.24031155932610826,0.2305321076374236,0.1808635441439117,0.24858568881038412,0.2820608226645076,0.25012894575068856,0.17355759336307308,0.05651265786989068,0.08111300860718718,0.1580000255342764,0.2642025053017871,0.43342311072069073,0.41882158766701494,0.48350093927368043,0.5362056007903959,0.5823458599824072,EMSC-20160923_0000135,MILM,11.4286
586,-1.2845880003118217,0.6735649260218697,0.7454845527985867,-0.0354666495493694,-0.1406407850070197,-0.3437407135748325,-0.4356118055528708,-0.6749454945942208,-0.8500307167855663,-0.8053608570170301,-0.46084797907748776,-0.25642919424643384,0.20399592005350264,0.3430780800667068,0.42078830873609707,0.761231983292515,1.114130358796407,1.3281317842676903,1.197209927356861,1.1507393379903927,1.0969810235510424,0.9501632232170429,0.9250187722283894,0.823044236922053,0.7629791334997824,0.7267056607683466,0.6961422637847079,0.6591572902671086,0.7298071900393976,0.6947703809768395,0.6673404774808462,0.7521323782456442,0.8419293725014008,0.8330407599041827,0.9250576565480282,1.0042412175244557,1.0320288825427504,EMSC-20160923_0000135,MLR,26.6667
587,-0.13980081208296857,-0.6594638930506243,-0.4610369939352159,0.7085849300978726,0.6852426098454405,0.835540517593814,1.11489194470753,1.0305687074431278,0.7736480977026376,0.6716877189895074,1.007942556120474,0.8139942800789912,0.23014055775652498,0.026136171782323636,-0.32363816868286577,-0.3457809763782862,-0.351148853027925,-0.566556574127346,-0.8233585975327644,-0.8784050271608788,-0.8533424453834959,-0.8550439141317936,-0.972667316892041,-1.2286103210064834,-1.2352968262258521,-1.2886515729223378,-1.1783622816541879,-1.2296094121528256,-0.5482676711698717,-0.6476628151442334,-0.3421298293964714,-0.40943134436865236,-0.12238292773633574,-0.1888200060180889,-0.33597786274316377,-0.27931494687199176,-0.4374052651713125,EMSC-20160923_0000135,OTISU,11.4286
588,0.19632540097121165,-0.5967984158189736,-0.6671753458402172,-0.7793712680837634,-0.8608864399270524,-1.0161403335720998,-1.0738577177879658,-1.2108400591748731,-1.172000502804404,-0.7493729955218478,-0.8355996407153512,-0.8307777255942237,-0.28554762984560966,0.07503205188914785,-0.21167129802380114,-0.1699592764209874,-0.15928802514090812,-0.1509651083527217,-0.23827646096794508,-0.32082799931009953,-0.4013346787365055,-0.3802485392663444,-0.5877812300293321,-0.5646169441099698,-0.3571069575674821,-0.4884895719962117,-0.8085128077885431,-0.8836145771680277,-0.8090106695913706,-0.8228566701422473,-0.8934911189479848,-0.8529823332790976,-0.7090174292255096,-0.6777621281150319,-0.5402288017582677,-0.4670006064140644,-0.40492585744323506,EMSC-20160923_0000135,PLOR,11.4286
589,0.19322540097121177,-0.6109469525869136,-0.6801265421085283,-0.7871286709845107,-0.8680112898795174,-1.0219243963402427,-1.0790011901800622,-1.215110903037258,-1.1770570388233632,-0.7562964143224598,-0.8447496177506801,-0.8410972411325264,-0.29714928106369065,0.061949203707205136,-0.2257453200972983,-0.18447550437919746,-0.17419981974231735,-0.16673931585050994,-0.25468706827944,-0.3375234386483523,-0.4180154961155722,-0.3969026715167505,-0.604411491618734,-0.5809308954184242,-0.37315347234400953,-0.5042038374504605,-0.8238416550181498,-0.8985939340700746,-0.8233770846371629,-0.8362300314155986,-0.9063759197491894,-0.8654416163673462,-0.7211515609279395,-0.6896054019915807,-0.5514820591375713,-0.4777220415870378,-0.41530087155521933,EMSC-20160923_0000135,PLOR4,11.4286
590,-0.5697661183549059,-0.015177881627674417,0.03657431193403138,1.0822564757489972,1.0774197274384232,1.1333077832138376,1.528639463123361,1.6171169376340115,1.214763884512946,1.3379269241260903,0.666600178314602,1.0850712858204363,0.8553489523789568,0.493461410051383,0.22289280100622344,0.11891057764528457,0.06456592714710396,-0.08372121499736895,-0.2037747176155893,-0.3046135150054825,-0.3560040996991338,-0.5114856353581541,-0.5212858457345471,-0.07962618244982878,0.06998475592394371,-0.05916283563783509,-0.14850949350142617,-0.3399012290175687,-0.31066221125152893,-0.19547970866221664,-0.15904160306411264,-0.13205962826675588,-0.03932087529733863,0.06015390324621883,0.204709761317746,0.2770878599085478,0.2963412484457759,EMSC-20160923_0000135,RASA,11.4286
591,-0.3554891135593796,0.24296118804881495,0.3822680085060677,0.3014989659505707,0.24973827381429548,0.4053188597306465,0.49484030078040986,0.6198639097245535,0.734173880979943,0.6723318462855548,0.04754240276372812,-0.005289152389362339,-0.06912585333841426,0.3227394346922017,0.7472523686413095,0.8848269884152855,0.7915450056446054,0.5147345541831383,0.3909114134792677,0.3328636625503032,0.32792641242086695,0.2229659721188595,0.20167941930600009,0.15883979458160447,0.14341418649424398,0.1409008356570549,0.17792929463542428,0.24748553095184445,0.23682430968772383,0.24417192490849526,0.3226060215315032,0.4343351144394587,0.4918099048182736,0.5175249173182532,0.6323823260565682,0.7177149684606512,0.7878500040724887,EMSC-20160923_0000135,SULR,11.4286
592,-0.2372979336396024,0.07885926499255014,0.20786183011431802,0.18610829279596075,0.11016073474563814,-0.025323720490214363,-0.051931845223124995,0.10616109823095421,0.01988523311562851,-0.08351783995010642,0.2015265196969236,0.03714229587274964,0.19005053251707293,0.36391435569337993,0.5159252906626404,0.5786319294741626,0.5391626109774683,0.27304942038649616,0.1820265410597086,0.19471822294729701,0.247251117118795,0.19444277970305812,0.06634521143568595,-0.09562144206864076,-0.17987752846370864,-0.1891074317676349,-0.14909893300978538,-0.07544932072598431,0.025252122311540504,0.28603895740150165,0.234024145662584,0.3030963272143943,0.3541680277156125,0.37939891479004917,0.44335425619263624,0.5231006288094129,0.5670687129381768,EMSC-20160923_0000135,TESR,11.4286
593,0.28522935678632333,-0.11295524439843696,-0.11802184641326097,0.38437799524362326,0.33490759774162004,0.3223991064916918,0.3899219686216968,0.6155958738815732,0.4402947056121098,0.6955456733961212,0.6672715746361906,0.539942642975122,0.6844671780316878,0.6863752249705923,0.5460162876364434,0.28339392952433506,0.10225576779869971,-0.05396403790071336,-0.36852145568271233,-0.4908095668836969,-0.46055739375772387,-0.5523115613585414,-0.666326147546334,-0.6051987060272506,-0.7211036242283919,-0.5196642069478346,-0.3691425766271621,-0.2725184052910903,0.2059609770937163,-0.044717178899326804,-0.1328793292980066,-0.16039212180525908,-0.04727363903775306,0.024047409432698785,-0.17362855060506277,-0.023527249578686238,0.056790630430938904,EMSC-20160923_0000135,TRISU,8.0
594,0.36124553870120657,-0.07129845515457589,0.17597048627940026,0.9876792686242748,1.0567392150552068,1.3938053677277562,1.3814154632413302,2.299024238284965,1.1379446107654578,0.8798161267979401,0.4678960816713795,0.35727100475922136,0.2062799914952791,0.048926873131291515,0.1344976758270766,0.1785627864417565,0.17816660434788378,0.20453522090003595,-0.06365003511397482,-0.1385620411699282,-0.22271393393581018,-0.3389956021623801,-0.42052895438091564,-0.4462860129571782,-0.5013194724335701,-0.5516988174552218,-0.4314254635261907,-0.30606967255312423,-0.16736030593446571,0.1396462302413024,0.13266344786885576,0.2914180194972946,0.37888516674908246,0.2965653408995319,0.44249468991539587,0.24830161430745434,0.2632371965114668,EMSC-20160923_0000135,VLAD,11.4286
595,-0.19295198820051507,-1.7503338316697592,-1.5175549276266143,-1.7390098762431476,-1.8047610470110556,-1.91605858017199,-1.8998347920162528,-2.065003923416194,-1.9634773178069245,-1.7911656547990331,-1.3590685384537435,-1.4806713457993101,-1.6167242273778744,-1.5419346952042141,-1.6271033059617266,-1.5112499221625115,-1.0746370760721993,-1.3666451983566548,-1.801921855902184,-2.039253282916868,-2.1878362101937006,-2.251177373561746,-2.216891388168677,-2.397655970658363,-2.2278892428676373,-2.1359287216862564,-1.8285748238812616,-1.6758823406461723,-1.563541695043945,-1.2876109059447431,-1.4638483500988837,-1.2731179248634579,-1.2504123553375006,-1.26033085086768,-1.2066766754469693,-1.251672908378982,-1.2351965231843494,EMSC-20160923_0000135,VOIR,11.4286
596,0.042967289012021403,-0.38214564144345253,-0.4706476704631122,-0.24760309299869698,-0.32567995470325295,-0.49211840720372724,-0.5054888944951403,-0.7228213544705913,-0.4827308960889507,0.03665523864120113,-0.3766657291043396,-0.057729903490553625,0.4594478200643932,0.20271663659378936,-0.07438338966056701,-0.12597702331076643,-0.01927295388815775,-0.1347798796557811,-0.3492133844435452,-0.4247699867489372,-0.4155310600339521,-0.4635130275717154,-0.39083678859574356,-0.27396148806721854,-0.3619011980719291,-0.534065864670854,-0.5319113544665708,-0.6246277602591928,-0.7009068297507852,-0.4458756881456498,-0.6505903927698409,-0.6620538489772896,-0.4959175477196611,-0.5103882998508986,-0.4175574824718975,-0.24775818107917935,-0.15949592042383642,EMSC-20160923_0000135,VRI,11.4286
597,-0.38107984666263883,0.3813137075760711,0.3776976342095688,0.5596764432893027,0.48762244474674876,0.3723587752338835,0.3802768330606421,0.42018839670314456,0.33014479055237356,0.127622952983395,0.6346216058150453,0.5732854081454057,0.7658885536007203,0.6617113777596852,0.5515950996845733,0.5194498886575047,0.8475495192321851,0.6467088120280744,0.2913216512612147,0.35623754269498686,0.34579112801679024,0.1320619833926937,0.06999687331540638,0.3299633919383993,0.630834123740188,0.5484536290835829,0.30772348821183027,0.2395373796984872,0.284450637193876,0.2617308620696974,0.2119562242255153,0.2080963391689714,0.32622697060728356,0.4083235872549924,0.4976681059068202,0.6844377865276883,0.671543757239089,EMSC-20161227_0000104,DOBAM,5.3333
598,0.08919181530402343,-0.535592059899991,-0.16849638790814137,-0.5727721415075315,-0.604473609571448,-0.6393644812503663,-0.3480014105231861,-0.46867707636271927,-0.4906437765960323,-0.5251151359791324,-0.43021382083180715,-0.3060875964371297,-0.177494295791365,-0.40774615287256477,-0.5927816007541695,-0.7408322214952241,-0.8581623151369504,-0.7944207884713084,-0.8281669719177964,-0.7000768749656991,-0.45618624539345287,-0.6766613750218005,-0.835035100170046,-1.1057938915000367,-0.7764130526015682,-0.8073376408987478,-0.8197397807458913,-0.7159102338256416,-0.2077708268188827,0.07159273477044792,0.26146250253229475,0.39232910668221166,0.4091862594241622,0.2810572315219737,0.1800847226377691,0.15330056975008155,0.11593436412304392,EMSC-20161227_0000104,KALB,11.4286
599,0.5560563948914368,-0.9267051114214695,-0.7390662730780804,-0.576692796713556,-0.5954873586031537,-0.20553113666731804,-0.33725996634106004,0.2749099123781402,0.03160677469307238,-0.6807462100760819,-0.8412878024193313,-0.6851105718438388,-0.8761618161502005,-1.1402188373327666,-1.2591481408707637,-1.454138065446367,-1.2548967051257707,-1.3460257422945725,-1.1271704477749678,-1.1839647182419348,-1.0885177226483451,-1.2861072322620446,-1.329940584443185,-1.0598542916352125,-1.1615865118295439,-1.06592030339222,-0.9328559532255589,-0.9645523338608175,-0.7707308801396398,-0.5102219641816887,-0.3952878486644096,-0.5680530417046228,-0.6120310160114091,-0.7291569664593762,-0.551652886093267,-0.5845747115835191,-0.5911461910432294,EMSC-20161227_0000104,PLVB,11.4286
600,-0.10960292724047482,-0.14988295824156062,-0.009939694761790463,1.1077600380457087,1.10400102607381,1.2466171857392663,1.5137254704892165,1.4456450361695712,1.358614915498162,1.6191638515645326,0.38043257133744035,-0.0668120900976179,-0.32294845431712016,-0.04476661754492639,0.11377999249022341,0.2835444563397447,0.5112632328427056,0.4690761526051501,-0.05524763057870885,-0.2024471015742888,-0.1878830964188225,-0.2892639833919617,-0.47210670937659227,-0.42660555097683606,-0.48032319677430557,-0.4310883361193625,-0.3285146699598389,-0.3659558779294203,-0.3514283057188834,-0.24694766578508087,-0.2014968603166878,-0.15491393481869054,0.0002302803907880957,0.021663622215141842,0.10103384115334002,0.21929659060849538,0.21423148760019828,EMSC-20161227_0000104,RAZG,11.4286
601,0.14658857756472754,-1.6316517190676523,-1.363824683472778,-1.1926101780884748,-1.244112347689076,-1.2945426889519247,-1.2835475836742285,-0.8213725525912938,-1.1669019734316581,-0.8685854036673089,-0.8837609270343112,-0.7670473451207656,-1.4556496325854988,-1.6300574284895575,-1.5095634870667096,-1.3839740467606134,-1.4392037991761892,-1.49838602024915,-1.5785160630250923,-1.62316054005408,-1.6263473252159306,-1.8691561846700289,-1.8180014093489607,-2.039528811004546,-1.967520150212871,-2.005759950148267,-1.8470548917606635,-1.6093475482057844,-1.6546295047718873,-1.4396587856119147,-1.3782354188325234,-1.2200065714195567,-1.0827147651684719,-1.116768990401038,-0.9668319695606336,-0.9859588424872356,-0.9125482764982316,EMSC-20161227_0000104,RUSAM,11.4286
602,0.1667950759504313,0.0025850780778231552,0.2043681906775099,0.2786711286176873,0.24301462301431087,0.1856325561421439,0.385140556219171,0.529533250863917,0.34197837580704693,0.49871804840784595,0.2513013123226635,0.0999034975575821,-0.3153626436749626,-0.5528717120498143,-0.6565961580937927,-0.6929422391796694,-0.7843911778114592,-0.3449834411380097,-0.0032092039910107673,-0.061005105488743716,-0.20768520918200828,-0.6919230325439996,-0.9048993353546946,-0.7886706086495314,-0.34629283745758244,0.1440723665396968,0.28863478655791397,0.3494132333260316,0.43170402446946365,0.35120819680939697,0.2819186983295303,0.20621243864718153,0.35745763193610003,0.3125446008866355,0.39191511512033195,0.4312045760444363,0.4815676485492464,EMSC-20161227_0000104,SHAB,8.0
603,-0.6387276975578438,-0.5780695261007693,-0.5301014756332849,0.5575709064609553,0.5215124354707354,0.5517286560737489,0.5879996456035697,0.6207391512469305,1.1272006644670345,0.09189397190043369,0.21857271914990228,0.9754560674224897,0.7365822541310729,0.43411468322238456,-0.09981725645274775,-0.30757350456626664,-0.3724184153664192,-0.40949598998190684,-0.4038758255396244,-0.495784072279152,-0.6424766162648465,-0.9911397089898903,-1.144665421939993,-1.2419484312431166,-1.084477771589114,-0.9852015172719479,-0.9190086546051823,-0.8945737549185617,-0.8311373883860513,-0.7169086702363483,-0.6970194212581431,-0.6374177191031727,-0.5302498446812649,-0.5132831353699192,-0.34195018847419867,-0.16492902960241018,-0.08993189143469671,EMSC-20161227_0000104,SILAM,11.4286
604,0.3637178682478077,-0.4645052498048452,-0.3018780464607893,-0.12415521551472875,-0.20486237369513116,-0.27608781742454713,-0.24398458154170033,-0.03656153691557229,0.310341138404004,0.19472710123886472,-0.23056110532757668,-0.4408063602290948,-0.8586374791979825,-0.510821538648452,-0.35485755812800335,-0.3234828523880786,-0.3364606901566507,-0.4738879236407598,-0.6042777941818755,-0.6548372332406354,-0.546526177179107,-0.5112670784980526,-0.6011589336943093,-0.6180573646047467,-0.5789713110001911,-0.5478369020383473,-0.5781849220985285,-0.5641551913156633,-0.46177961031229486,-0.18277355276019946,-0.3144297582151552,-0.2275724979987679,-0.09440795587485162,-0.16271980504856742,-0.09028194930476907,-0.11276748198978481,-0.14166707587480154,EMSC-20161227_0000104,VETAM,11.4286
605,0.05097286601234563,-0.5280938231893257,-0.3585866006263103,0.4826641163144316,0.6252136938387904,1.544746568142029,1.4077857549011732,1.2342374052704908,0.5997899459132423,0.1671883248606587,-0.1717317914936336,-0.5871247018224315,-0.6287331389303006,-0.6102675492620282,-0.1068310641681034,-0.4455322806934898,-0.7411608149148439,-0.573344038584306,-0.7660259142325847,-0.7686159763906781,-0.6554710919397344,-0.6288132327662819,-0.6841511780471592,-0.8018511316282311,-0.8998067575255781,-0.8637433409136834,-0.7380646121022778,-0.6103580838710938,-0.5772291666907803,-0.39066579631247045,-0.3746409198455618,-0.35376426700975117,-0.24777239628211234,-0.24007317973146058,-0.20343926511981536,-0.15104124861581525,-0.1165504035796392,EMSC-20161227_0000104,TIRR,11.4286
606,0.5492091676769033,-1.1626203656667737,-0.9767059481120146,0.7525671281878425,0.7005372908256495,0.6911801726152307,0.9767897295518182,0.8632861083721153,1.1409355676706028,1.4003955681452611,0.5159273361835748,-0.15302349956874206,-0.27673744261406696,-0.4551534721235999,-0.20335344061647298,-0.16420198743194803,-0.41642149580496124,-0.9924621784966066,-1.0774036491089527,-1.1258588491251942,-1.3061932483200183,-1.6356430692953108,-1.8445033350850544,-1.7429684868908861,-1.7413619408429346,-1.8692055416690279,-1.796327800826175,-1.6794140454983282,-1.248884881424365,-1.2233788553192788,-1.203320668834353,-1.1368053056857672,-0.9832672240597091,-0.9078698972008965,-0.7002636001368714,-0.47014298906363194,-0.32147309215758924,EMSC-20161227_0000104,SORM,11.4286
607,0.12722855935853472,-1.3252990573269807,-1.2096708460073717,-2.206650223987282,-2.2985920292713926,-2.4267696045361955,-2.496083301839324,-2.6640238337268,-2.3646960064596456,-2.498084682727267,-2.095541999959698,-1.7227078888588006,-1.266423475026989,-1.2555076396866394,-1.389541682524861,-1.7593814313687037,-2.0964822642428826,-1.783355910921684,-1.7044642538830255,-1.5802380718339268,-1.6590398298260576,-2.1336853096769497,-2.12029981814319,-1.981825736563378,-1.510772586545138,-1.1679596057144872,-0.9605354110728239,-0.7521689575703565,-0.7884452261656278,-0.8601294828016313,-0.8568697995016752,-1.0297321919874918,-0.8467224436717942,-1.056860969502507,-1.088436719699466,-1.067295787480802,-1.1276697745132953,EMSC-20161227_0000104,ARR,11.4286
608,-0.40960607209773947,-0.6646993582981953,-0.41662106758155204,0.23139984609064346,0.1846159753856922,0.09718995199378444,0.08523501219397467,0.08785399467995436,0.2901576273600379,0.4641880974275101,-0.1571391333181431,0.3165308216427998,-0.16091070597703094,-0.19967670271595628,-0.00011715371888154635,0.010569634718783139,-0.21164003481411608,-0.4128347622621611,-0.7534051947347802,-0.9395656499493716,-1.0426775344464572,-1.2252250782931835,-1.1916202583438178,-1.206250264301219,-1.0505151841405125,-1.0006147990065282,-0.9974445891882278,-1.0196729310982633,-0.7024390310398285,-0.3701709376700535,-0.23957835293701724,-0.19203199635734158,-0.13693109750536792,-0.24287605316767014,-0.20197113733715,-0.00028327024985586036,0.006066841976924309,EMSC-20161227_0000104,BAC,11.4286
609,0.4229781812301794,-0.6780957245482906,-0.29353371177680465,0.10844776346349327,0.11320805967476844,0.8242189699795963,0.9658882660816248,0.4316355162344223,0.5163978922385244,0.45930477051743424,-0.3007641400006795,-0.0879982709003242,0.1592030350276188,-0.42596748615600966,-0.8737069526192656,-0.7004695068867965,-0.920587438569302,-0.7113410907733959,-0.8555918170102261,-0.9308892977845211,-1.0594633790585304,-1.3204891308332964,-1.4447512784299832,-1.3941586012826894,-1.0820043156897734,-0.990599785142459,-0.7225333140260046,-0.7685074049939375,-0.6061519800295105,-0.39174254666043495,-0.16482565255582138,-0.020552876663241904,0.18801871737712794,0.11463934753572325,0.17818219223296516,0.28002327240418623,0.23650714416125496,EMSC-20161227_0000104,BAIL,11.4286
610,0.3673469931166551,-0.4564860012821459,-0.2775430061681021,-0.8768877731580389,-0.958513439360158,-1.1159538314041697,-1.1795511544809232,-0.9333853833183405,-1.0172279970419482,-0.8155537020710755,-1.0107019375763273,-0.8428640055060037,-0.6696317486009065,-0.4245921808841877,-0.3362336190613209,-0.5043730743653843,-0.17566339042918555,-0.009377982803099982,-0.1552315139849645,-0.20362249922826425,-0.18516393375563966,-0.32343722546946374,-0.2444910879356792,-0.37973598518661955,-0.5502143796138013,-0.6292432328653899,-0.40611448961159535,-0.409957264540485,-0.5589844790540281,-0.3915917145242167,-0.22951965671574026,-0.10088300294874486,0.009802834294068141,0.004320688528427041,-0.034999309104092546,-0.03160439106541979,0.0033335611056095615,EMSC-20161227_0000104,BISRR,11.4286
611,1.2029509532202791,-0.6904528880552476,-0.5538853440462148,-0.22688924666912058,-0.23058177094103094,-0.20134227852350328,-0.17398577685484717,-0.16970764757584078,0.0051686885686113015,0.006984163597730131,0.12670510379194333,-0.05790941523226323,-0.24173925755681047,-0.3766019243164367,-0.500604104007901,-0.5299383169257856,-0.7498261687377159,-0.6827159481153675,-0.6962206449155373,-0.8289146998668002,-0.8504474603403178,-0.8901634000013381,-0.9179114371346833,-1.0719724946757632,-0.9932252778878556,-0.958313634581863,-0.8008448602409466,-0.9238229420840618,-0.6271925285174511,-0.5721061709101338,-0.3699363686691477,-0.46849472186390173,-0.4076262409929363,-0.310785144502022,-0.4575798007589782,-0.3736178479956074,-0.5779315450453542,EMSC-20161227_0000104,BMR,11.4286
612,0.8727168017642635,-1.6219183207333359,-1.1561695948759372,-1.6331357648494267,-1.6563190249834587,-1.6792763959182597,-1.65419621936078,-1.640378047191148,-1.7767416779763927,-1.6410219935145918,-1.7549446744095514,-1.7126079896829545,-1.489636859469452,-1.4966217025701765,-1.5676065742365468,-1.5052453984358118,-1.6215814781397464,-1.6246325145978382,-1.4122006968305998,-1.5170631266612125,-1.6368586938257765,-1.8579183207639112,-2.1449689518747945,-2.1114238007082706,-1.8306468923113401,-1.7044191389682153,-1.7316562143339427,-1.6968998092805014,-1.589104232798638,-1.0998681324422126,-1.042821608079123,-0.7583222111293679,-0.5477926122076688,-0.5881945174732408,-0.49202525155125265,-0.5529585238830048,-0.6663855428961849,EMSC-20161227_0000104,BUR01,11.4286
613,1.0764840104426354,-0.6495741307144689,-0.46916987717936287,-0.7871028674391223,-0.7893645033832906,-0.7690992224054476,-0.7381993583264261,-0.6277649374489158,-0.7373593681511146,-0.8358374158250275,-0.8313494315757293,-0.6424196165700096,-0.5712800512051306,-0.6143223496176731,-0.7788213974304456,-0.8044921293285743,-0.990453287757612,-0.9136965203228575,-1.0219140154169946,-1.2165060457516015,-1.2816849456926116,-1.3046814621151253,-1.210110705872684,-1.102929128642712,-1.1210743149765232,-0.8681193392171149,-0.7061287261072549,-0.34545998262692734,-0.10649681892935714,-0.30140672847991645,-0.211956946010746,-0.19631913637846488,-0.12578862147494796,-0.25190892797766473,-0.40755684947137283,-0.3796273181453067,-0.3432601376452755,EMSC-20161227_0000104,CJR,11.4286
614,-0.3357355564983435,-0.05543917398352605,-0.02585209990698978,0.14790894926485354,0.098524491954044,0.0626609627893906,0.0759166571262071,-0.05492034899451781,0.19535530859293893,0.27809765740560577,-0.1712058016799496,-0.015421976882297628,0.0428193319453003,0.21016606908207702,0.2561525842592616,0.3626059709662228,0.39402709298710814,0.4784851561127841,0.2762485990740151,0.28857746968677134,0.23329184651223134,0.20215919862212228,0.0715723764737124,-0.032999839465338354,-0.10125395281117466,-0.19027060292811182,-0.20332259591451773,-0.26413191688710747,-0.3047427107845948,-0.20321204521977432,-0.1314903889840986,-0.093986943137077,-0.003629358484609213,-0.011670016701192054,0.0687584718369667,0.208439467145336,0.2557571470984268,EMSC-20161227_0000104,CLISU,11.4286
615,-0.26183841608843084,-0.6257405470665169,-0.5287092823040842,0.42011595981457805,0.41947791593783457,0.4371552860870942,0.809398385253437,1.043784935692797,1.1219469595385325,0.0335730278106805,-0.12390601208710894,-0.5416696777988701,-0.7598440265698079,-0.2620931855813131,-0.7559690362454861,-1.057802209981074,-0.7514760154805229,-0.9271120111880391,-1.1228363605714327,-1.2195218893872957,-1.247173924891908,-1.0567290492716204,-1.0220762901350415,-1.3116086569841743,-1.0303472578454702,-0.7362028708322166,-1.0357878957469389,-0.9790532114088037,-0.5313535364472468,-0.16728239350443452,-0.254447096991262,-0.44766260434315264,-0.4547859660731888,-0.4926542639664806,-0.5269932778611928,-0.43488654440158747,-0.39908137771812235,EMSC-20161227_0000104,COPA,11.4286
616,-0.042765662887730205,-0.33635888288340343,-0.3792273719212371,0.2584259553267927,0.20518422146831394,0.13415620506782666,0.3576360448279772,0.40352352348573195,0.12142540572016358,0.5422292282025944,0.3196686435247962,-0.04799810439780838,0.1392724331900057,0.08290187596074539,-0.04507250777644689,-0.010048800934299607,0.15510206226340006,0.28256648976350096,0.3526597017821258,0.16150031541238263,0.2231214552221541,0.12167384919952351,-0.0204896170543023,-0.2996033755971341,-0.6070753139592631,-0.7883106381194516,-0.7967843585096412,-0.7522635137100373,-0.7014896895024876,-0.6239299880201816,-0.6246705763606872,-0.5889543476080181,-0.5093703157244498,-0.5229839105490051,-0.30643128610874015,-0.13210857601393933,-0.0228197871571183,EMSC-20161227_0000104,CTISU,11.4286
617,0.3187393746522078,-0.42734794816513144,-0.41928075682871935,0.4885273663241545,0.45964603752734057,0.5816006933530202,0.7828297692359376,0.8202588786284766,0.18541160903927967,0.8959465440316046,0.3671914666549352,0.20840147127042385,-0.1888229480818593,-0.22308868936532011,-0.2391003670851859,-0.17948069079444817,-0.2171509865417045,-0.11405161016369991,0.09667102995007326,0.10839769728323922,0.057734603569273624,-0.1392919507750081,-0.314416607882297,-0.6427510877384881,-0.7064176854714646,-0.8088706111345125,-0.7507838555611057,-0.7176130350357175,-0.7248696198608275,-0.6731635422464546,-0.6830788075228469,-0.6258998263742175,-0.5207133395059724,-0.4907180139854077,-0.3674570544050262,-0.255650047789425,-0.17482647026171705,EMSC-20161227_0000104,CVD1,2.6667
618,0.7637555293169771,-0.6823747761453589,-0.7929876519943964,0.1275720303438419,0.12231480002560424,0.2488622482392806,0.2061078145023716,0.17925040500067269,0.6571559464064016,0.12180281305375651,0.32848844472681815,0.288470814875601,0.19009345222972307,0.2921301533180394,-0.19698998927979705,-0.570037549636468,-0.7085866764124473,-0.7126944314495018,-0.8737322798501026,-0.7584471040084289,-0.5988204846485949,-1.0698959231788407,-1.010788950598612,-1.2543292360508111,-1.2780128991132749,-1.0148592159082375,-0.977605954568892,-0.8036462924867838,-0.7460103176582553,-0.7938210645442876,-1.1847190182067706,-0.9930256930789376,-0.9311042782427741,-0.9175082680528579,-0.634185331668359,-0.6620260718954007,-0.7302890582256598,EMSC-20161227_0000104,DEV,11.4286
619,0.5204101717470682,-0.6817891464635428,-0.4273198422748763,-0.18034585650503576,-0.2299453895908936,-0.28436268940129317,-0.20259859553203796,-0.018191414834654474,0.060719665594692884,0.1297648817743191,-0.29285478447199864,-0.27131689489902655,-0.2020756404276689,-0.21392526090536723,-0.2029182084736192,-0.3380412007055247,-0.30851771448617527,-0.14173941513335286,-0.26360381731874494,-0.4520227812265931,-0.5962725356876888,-0.9139821958690577,-1.1214914413323847,-1.326872786585687,-1.3168990884807572,-1.0855248908891113,-1.0574168128593406,-0.9046828365892381,-0.5207281142727167,-0.6136208839743169,-0.4874407723739651,-0.32377281596691,-0.20936565723317635,-0.10562497740408539,-0.023491195308066537,0.010184249556623115,-0.031507830173453044,EMSC-20161227_0000104,DJISU,8.0
620,0.7808437002992505,-1.995060867050869,-1.509922516233745,-1.632809910702285,-1.6394166611181724,-1.6161769619341655,-1.5553994848347674,-1.5965246098361998,-1.4881819416035231,-1.6136573688192453,-1.5758970599216084,-1.5051758240897186,-1.3896975758113657,-1.4110132791772996,-1.701621772713314,-2.0908964481541714,-2.250442903320619,-2.4758070789229025,-2.421485431034311,-2.3762708599222595,-2.3697762984410957,-2.3788157715802365,-2.617232580858273,-2.766434152727732,-2.7402578129032653,-2.303217494929653,-2.253302025852202,-2.137794864587095,-1.754343453218759,-1.2384661486604323,-1.0952606939522198,-0.9844663992279035,-0.909961425155597,-0.7999071292067867,-0.7906039323841192,-0.7485217009426002,-0.8546506671677907,EMSC-20161227_0000104,DRGR,11.4286
621,-0.495559853828758,0.38306436543410527,0.5123294428298353,0.6370574737173791,0.5998665162136105,0.5457540967733183,0.552610708793396,0.6207940651192216,0.9339145214782016,0.9757147075964645,0.737006585679381,0.5190091566441755,0.5120895502249834,0.5071662017387197,0.1770611120549077,0.002462208386743825,0.16497426888448263,0.5889323716191428,0.7341717496031013,0.5323351384810318,0.3406123127488687,0.171429972676588,-0.01656555455160902,0.34886362586697217,0.21389250063776544,0.2614624237891787,0.2792272448389985,0.2851395842200004,0.32966094404175106,0.47710222628911847,0.5381293170533956,0.5904330889923903,0.6614971689069495,0.5680586227232958,0.5434496014190273,0.6514340925703443,0.7295146892273632,EMSC-20161227_0000104,GHRR,11.4286
622,-0.20344614319462773,-1.3116072733791384,-1.162830203194007,-0.3213065901649408,-0.3587447461128521,-0.4475584067970617,-0.34298658430855866,-0.4079606812762062,-0.18626769693230827,-0.3861492885588964,-0.1339963375935831,0.165174020225769,0.1406013854332464,-0.31211724491653037,-0.8110274409322544,-1.1006261852922785,-1.2533837034003943,-1.567505530633536,-1.4309898853917478,-1.4112859974766758,-1.3837009656403234,-1.5360243212049065,-1.5607238043040184,-1.8630780492273908,-1.9694273959193946,-1.9423226632688086,-1.7397328283860194,-1.6533613482672216,-1.4376553121747886,-1.2769855084119675,-1.1779863570142917,-1.0677421488004377,-0.952437327456714,-0.9251062876424765,-0.7932117518695456,-0.7536724993371351,-0.7390258430358898,EMSC-20161227_0000104,GRISU,11.4286
623,0.5332335009129583,-1.462885986308259,-1.2683996850867523,-0.25298776127497913,-0.33415251745367147,-0.3268587416338109,-0.40278214440425053,-0.20001400380940826,0.2088873650915133,-0.25430692723977355,-0.21946639124272505,0.02207875704178086,-0.09300951340382468,-0.7722630509156359,-0.9930632653946052,-1.1521230865777436,-1.4305791340184646,-1.8261629856806083,-1.9855097076777826,-2.046364275575872,-1.9771508633466857,-2.2396971289990653,-2.31072419812247,-2.317973061725284,-1.9255193535695145,-1.7628881474316653,-1.4790840793403799,-1.5187712396441864,-1.3821168210108965,-1.522524721088791,-1.0708369001900788,-1.1753728123335705,-1.2613994492183416,-1.1525999469279604,-0.8532973144541849,-0.6989415369674479,-0.46678252604697157,EMSC-20161227_0000104,GZR,11.4286
624,-0.5920513876612246,-0.3770613209778073,0.044786112863524075,0.3775893549633329,0.34671231358729226,0.40200360241862043,0.4926271111161453,0.6244890977659381,0.5472511506317357,0.832496039616641,0.19027025679620202,-0.19807881381485348,-0.3080607794785202,-0.5084167963757746,-0.8780192982637534,-1.143800154289539,-0.7977424723667648,-0.7790922817883663,-0.8264909306418309,-0.8257187607024221,-0.8624555212032892,-1.1150176858877439,-1.0255931621045793,-0.7949888963953935,-0.7347450668560551,-0.6748121937681288,-0.6271525632736443,-0.7290024845289205,-0.009099399166000666,0.3709325911339194,0.5229181219558727,0.5177684203296335,0.4479642220593192,0.48520899180214805,0.3285470570250446,0.09393248344940197,0.054377612606373305,EMSC-20161227_0000104,HUMR,11.4286
625,-0.09954750888491537,0.55559824086051,0.6275412194069672,1.8714043737808992,1.8168614928557978,1.8275002384123655,2.1225961330666423,1.9281291592550645,1.825839978176496,2.361912725882604,1.8367379863707138,1.676625163682524,1.435834101887432,1.4489877449877167,1.599835024128442,1.6779246492761044,1.3093725142560668,1.1363420068027628,1.1293859382000742,1.0687565302057136,0.7464150941945134,0.47597315892499736,0.3201424031036577,0.06486278426634406,0.031397219529701204,0.06168182745718287,0.1757283734441506,0.12883753253855001,0.1062415144914981,0.2252878716252802,0.34054564231974105,0.42334873406022844,0.5873269416667473,0.6927387909717844,0.8328364419464247,0.9704758218477725,1.0781051172884233,EMSC-20161227_0000104,IAS,11.4286
626,-0.31423780102057597,0.7173470438010172,0.6392238012866986,1.0785719574277612,1.0035149516968636,0.8842731237387111,0.8728433109053118,0.800542531373722,0.8373014922951203,1.4387412864142441,0.9693582684569071,1.3947471463972199,1.1996265523704466,1.5755816317400764,1.3332120049012501,1.1578442116211725,1.4050511066090894,1.1751070660844012,1.3864564994952433,1.4048200779686995,1.6369460272825664,1.429630604528703,1.2207219155757265,0.8599191962167803,0.5004108417181774,0.28164113452089623,0.25964401001674986,0.1999881128790495,0.3082246863811635,0.37879264190080253,0.41262220950979245,0.43196284561294895,0.5432166817242923,0.5896093138050098,0.7681615449529264,0.9283362292019159,0.9759471603777801,EMSC-20161227_0000104,ICOR,11.4286
627,-0.8515187445139496,0.2443694324275496,0.3345999016713348,0.4262185272712431,0.3947567399372902,0.39149106994662075,0.5119436228480176,0.5818235447512472,0.6318015329140567,0.7654519565927753,0.22190993328554676,0.11063153271536086,0.0893424473101736,0.3492253450921581,0.1564495818625926,0.05487472604303045,0.2132793967610076,0.4591140304106851,0.45417511316567305,0.40280014062851066,0.35217425860127527,0.359406348083378,0.2553122346990824,0.1872415677667849,0.12323983790093873,0.15366886282698822,0.1759494026038757,0.19031097273135789,0.1280014459333474,0.21204535850138306,0.22713107114229736,0.27901784132448526,0.4128725114410301,0.4009257589682198,0.5699850133356819,0.6431598556762861,0.6461821649131743,EMSC-20161227_0000104,LEHL,11.4286
628,-0.24218476164638814,0.3765512032841203,0.49570791670741077,1.5845656928843694,1.5924439032207336,1.7348143254446686,2.0966913743315723,2.439776623601915,1.9321433695834647,1.5907841522109099,0.8232779203044651,0.7747743897849686,0.9566726338118441,1.2278636818690196,1.29372795470228,1.278128114036226,0.9623303375540346,0.7615592626344121,0.4382520666680074,0.12702430299060286,-0.08287298286764777,-0.1696749213929314,-0.22811238795293498,0.04531520992146909,0.05010877450246376,-0.046433491784699576,-0.03596894844613008,0.025698201472592608,0.16452099381876817,0.3277358798302421,0.3305223738443237,0.3591384569059981,0.49930141981961995,0.5407757300994529,0.7022104167516368,0.7951745484378208,0.8491010292483789,EMSC-20161227_0000104,LEOM,11.4286
629,0.31621432921134307,-1.5008602612685031,-1.4246691433570486,-1.3769327891997207,-1.453303168711142,-1.4637432235619574,-1.374498879968188,-1.5056792783769648,-1.3769530787241004,-1.0305885348277606,-0.9272795322709051,-0.6909024992351798,-0.9096113785863995,-0.9453716631774318,-1.2306064899007652,-1.390190595520993,-1.4980803434354852,-1.3528374966744918,-1.5026012733000904,-1.6569800787313298,-1.6389796200790547,-1.8075013366750055,-2.0234453152523404,-1.9408930526302113,-1.8866112574357814,-1.5078082286755645,-1.2918581387273962,-1.6095500951236676,-1.411569661478243,-1.4136426683053696,-1.5277910887650386,-1.276622926111557,-1.3600965644856267,-1.306219861199903,-1.1586530167013063,-1.0540017090925193,-0.9497931942594615,EMSC-20161227_0000104,LOT,11.4286
630,0.6960486438483864,-0.10269852093118637,-0.04765141574690901,0.19292083637685042,0.12516323026946008,0.05914263229345629,0.14428936820772797,0.005325959519264067,0.01508741094247501,0.30971648933862816,0.32368216074696576,0.8710094435397,0.5340914441627307,-0.01793403298283014,-0.24490399353190906,0.0794023063596665,0.06798849497623927,0.1637125593312776,-0.17421796887991636,-0.44663267064048107,-0.47774685188253674,-0.8151952516581087,-0.8532432083075072,-0.9039242379875265,-0.7029986591706647,-0.49428875776481185,-0.27615263846746263,-0.25518403007707846,0.4255709248710122,0.34395911040020444,0.031776641237057035,-0.07659462143885065,0.023972595192674362,-0.014885651065624117,-0.05730154081337169,-0.0413847487809651,-0.05745684269204787,EMSC-20161227_0000104,MHISU,5.3333
631,-0.01147839475892276,-0.6268982813102424,-0.480569855160736,1.0564997519728934,1.0915358040748293,1.317746742125002,1.1042825118397612,1.486335295166771,1.6317311087915938,0.8848840724405371,-0.024549105769167134,-0.17424268992503933,-0.34187799290046694,0.09250563094891273,-0.14046147284174015,-0.6098788512615343,-0.9500155555745078,-1.051428528281411,-0.9804236327744702,-1.1568947368344968,-1.3736253773312042,-1.470875159925284,-1.1472643981751833,-0.8710829094566792,-0.9415411636611672,-0.8801395414901902,-0.8964180584918235,-0.9160959516095799,-0.8773761016859254,-0.7174124608506975,-0.7283996379488986,-0.5367436029060411,-0.3282703597101406,-0.3962033541625267,-0.26958452080554096,-0.1666512894128882,-0.13441908285310689,EMSC-20161227_0000104,MILM,11.4286
632,-1.309123774888351,0.1363905879281404,0.24847630731605275,-0.6983619835889372,-0.8033872920267693,-1.0060735068144537,-1.095659435493828,-1.3333307330039204,-1.5098265441087002,-1.241592264200185,-0.9720949265672436,-0.5971089797387017,-0.26304305858880195,-0.36007923509251816,-0.10393602209172181,0.21786196656211354,0.7583235609064731,0.4359783900002605,0.18416379836576535,0.21747956805301083,0.2823125075529669,0.39333505717248496,0.3021295172347829,0.24196729371342673,0.037228349535291194,0.12784169854559124,0.19994137545065005,0.22435814379239805,0.4608076317221004,0.4621339391204078,0.4945988425671102,0.4342526598236942,0.4242201074128138,0.37869009878532456,0.38336508639824096,0.339666709858788,0.3644984442523569,EMSC-20161227_0000104,MLR,11.4286
633,-0.10342642956917159,-1.0570685151278525,-0.696845150074167,0.3988585712467936,0.3910971359356088,0.5127610798790361,0.8976450848960829,0.9968358943749438,0.7009629820603824,0.38241256854819206,0.39479926780003893,-0.10231424174563486,-0.25470302055691985,-0.8929648830418699,-1.1666296998176584,-1.2309751514911138,-0.9305833589011954,-1.286806013387599,-1.31209502685362,-1.4213518914698664,-1.5319932831502232,-1.4725710545736002,-1.647149664547217,-1.8810321981121048,-1.6509655905783749,-1.7024506392869538,-1.4036544179360195,-1.3763112204196242,-0.8976535529595591,-0.7593280089575298,-0.3503028156985426,-0.3855559368418682,-0.19918577479006316,-0.4038251595548221,-0.5511280360065332,-0.5859210036608307,-0.6307011316780198,EMSC-20161227_0000104,OTISU,11.4286
634,-0.0553353932416889,-1.2772778643919827,-1.1895292491151128,-1.1872218650115576,-1.262092845031959,-1.412423744617774,-1.456842972283734,-1.5343051971186221,-1.3442947950803652,-0.7751892218531555,-0.768397412034417,-1.240599576026928,-0.9544765088109957,-0.6333152234306665,-0.5043206968084784,-0.6992477419798173,-0.5575262398179475,-0.6967935171023298,-1.1299867564251187,-1.2467082045671964,-1.278563624987103,-1.2838951019982163,-1.4677428146437252,-1.5372499090901437,-1.2618939413750407,-1.440147823399644,-1.3892441387311294,-1.2829901143248064,-1.5862475324422052,-1.3639194640921852,-1.2396018738803738,-1.1398845318622337,-1.026372589854299,-1.1693337312113563,-0.9992040147488872,-0.9250482815536554,-0.922348456369086,EMSC-20161227_0000104,PLOR,11.4286
635,-0.05843539324168878,-1.2914383892910406,-1.2024851181361251,-1.195032548722371,-1.269275972205934,-1.4182780794615182,-1.4620612784392666,-1.538659586420784,-1.349440296950589,-0.7822007080451998,-0.7776306309411773,-1.2509967991953475,-0.9661507239295499,-0.6464172754362876,-0.5183947188819755,-0.7137639699380274,-0.5724380344193567,-0.7125677246001181,-1.1463973637366127,-1.2634036439054492,-1.2952453819769176,-1.3005492342486216,-1.484374648477357,-1.5535614507164954,-1.2779404561515681,-1.455862088853893,-1.404570493534596,-1.2979694712268532,-1.6006132664351451,-1.377291325576632,-1.252481626620951,-1.1523438149504823,-1.038506721556729,-1.1811770050879051,-1.0104565755107995,-0.9358099733251581,-0.9327716069486431,EMSC-20161227_0000104,PLOR4,11.4286
636,0.2418522452417129,-0.8370795927515715,-0.5678093557702208,0.9952835108719009,1.00138357465568,1.2090442524749045,1.6302826308406848,1.5888048544309017,1.535116325527924,1.2867995392292535,0.8649365205139805,0.4215050760019796,0.36162126534802486,-0.09477885529151386,-0.2727402659736873,-0.26831958846723936,-0.44463057081649104,-0.6511489277197633,-0.8859865598244614,-1.157648458678037,-1.354181808369784,-1.5701985990269058,-1.8167232197999033,-1.9347544087193045,-1.9054474548917106,-1.6207224607388317,-1.3438270157561885,-1.1416695616216987,-0.7040040694924325,-0.6974309329348074,-0.6955944796643863,-0.5078451996685711,-0.395156551630766,-0.40735566602847584,-0.20181814641695617,0.0181104512449064,0.16367355077779067,EMSC-20161227_0000104,PUNG,11.4286
637,-0.5678840826508837,-0.259621255521405,-0.1666223206083428,0.5824549156062142,0.5780189318620153,0.6199840515592827,0.7786039569719252,1.010283366234094,1.022015963750377,0.5861306902817596,0.08824738863848447,0.5473250461439232,0.1463773049719328,0.09296237031569099,-0.08705567827686433,-0.11396087408226441,-0.014794437401407734,0.05427818545424046,0.003689242867612741,-0.15974384856241297,-0.3449545751603278,-0.5652636338525641,-0.6274456477974466,-0.26354160847634134,-0.06372120797578518,-0.1961998674733909,-0.36533494135766365,-0.5962017243608537,-0.6293873888068218,-0.523331242072782,-0.38238290524956575,-0.2869583462457781,-0.20961602188720718,-0.15700675326410085,0.021122567604418663,0.14660499567407648,0.19393249933478351,EMSC-20161227_0000104,RASA,11.4286
638,-0.4195994313938245,0.16004027725258574,0.30335958261950857,0.5345471938523558,0.4847367766122277,0.49568018950060333,0.5424603015347547,0.6940497449517484,0.9337413033634592,0.4534952418119582,0.4679614505388998,-0.21195966810360423,-0.4742098256327516,-0.30047616235159413,-0.33482555473668185,-0.022388512851166276,0.28533548270795617,0.42443028815937467,0.2748542284756068,0.19945627066940563,0.14350015678389827,-0.0008286640624115549,-0.10286877657092042,0.07783389602607382,0.13411137547528096,0.10580028186661039,0.1446633856522066,0.1831585824954951,0.25479411194900337,0.26521463982038274,0.27027524335450615,0.3350447632001412,0.2834716536131614,0.27608883991689037,0.38560476997986726,0.49355193456976565,0.5419092380560944,EMSC-20161227_0000104,SULR,11.4286
639,-0.6736722556986416,-0.8995030817581657,-0.6790077659422877,-0.47394980245174967,-0.5160309221734067,-0.5637817192828072,-0.47509039916477835,-0.20891895737041555,-0.08101078232372227,-0.09225561539674798,-0.5026543293155488,-0.36981164891678686,-0.24510474643540636,-0.3545065548372399,-0.3422219083720681,-0.2523607424927312,-0.4726225080893798,-0.7202811944318182,-0.8239184032944369,-0.8462749035434864,-0.7697681726773435,-1.0637984814840795,-1.2715253083126408,-1.4379860978871086,-1.419857026132215,-1.370406944217562,-1.3943500889985154,-1.2000991774438532,-0.8528475596600069,-0.4749567132947572,-0.4528219771636568,-0.4710762242363282,-0.3991923861574769,-0.44632468336337716,-0.4234321604811804,-0.30905445781047547,-0.20990386875432243,EMSC-20161227_0000104,TESR,11.4286
640,0.17709151835489445,-0.28758908269804717,-0.2845713450084624,0.2087642150354867,0.17878142687434462,0.15811743961693736,0.2780580054176802,0.152342816221541,0.2954840630680797,0.4231918668320285,0.6450848655068611,0.1658528031949018,0.15693901131763077,0.024628248065546643,-0.4107694944660949,-0.4353159566626923,-0.5212301606548992,-0.14108466580468715,-0.5569377354384581,-0.8564751767506031,-0.9919759332711253,-1.1638218186028784,-1.2148654224162154,-0.8209815205213111,-0.779590137050131,-0.5251562981537381,-0.34937446672038064,-0.208696176701765,0.10730619445668133,-0.11745830449096228,-0.251828894359047,-0.44009861565104913,-0.4729074711203012,-0.28689207887114065,-0.338725424425558,-0.30239673878491047,-0.30914794058504036,EMSC-20161227_0000104,TRISU,11.4286
641,0.26029056683453655,-0.40574062186201054,-0.07336099949412755,0.7037771302513356,0.6780529180348696,0.682893716544104,0.7795839005738374,1.2701428042322123,1.0768014176377037,0.5273844165314205,0.22183439651947623,0.22426158986839972,-0.22754273983547257,-0.33284321812977513,-0.6351541413670239,-0.7645466344529233,-0.4845800348088982,-0.44728627903783114,-0.7479995964390049,-0.9234149035108086,-1.0846125355224894,-1.131177151876737,-1.2770839626952597,-1.2730589410374193,-0.7733710390665571,-0.7562647354538052,-0.5913579237996416,-0.3909931866443168,-0.3186012181424376,0.01292853338143729,0.02509906842637122,0.1366244830039367,0.14489031599548596,0.12685576522156872,0.2505074284647577,0.10278642630846946,-0.028085871026940268,EMSC-20161227_0000104,VLAD,11.4286
642,-0.22299753930902044,-2.1260232705802196,-1.8796195816337935,-2.1944871969375424,-2.2607597060229763,-2.403013590145286,-2.3489117646549564,-2.295450541672163,-2.324777589653179,-2.356125883441473,-1.5999973539838273,-1.8828597606700797,-2.0237106230908277,-1.8165911072449714,-2.1642443236702804,-2.539430132231141,-2.6711433797265585,-2.774607381070468,-2.5903581586555973,-2.6532137416357413,-2.7693959366974354,-2.8754738721617734,-2.910591008950692,-2.7656296559066664,-2.4303395628981406,-2.0991192747746004,-2.0007658017739587,-1.857536578219368,-1.7981592358416094,-1.6247474747891255,-1.6854775408051008,-1.6136609202027037,-1.6415889778630497,-1.5438481988017276,-1.4462652936767526,-1.4775653146879328,-1.4382824198379716,EMSC-20161227_0000104,VOIR,11.4286
643,-0.15784613609433418,-0.9882263386355108,-0.8375991765120538,-0.6747997503820451,-0.7401006981681943,-0.8916009562330629,-0.9066600068434476,-1.1028069384099006,-0.7390567617948665,-0.6758904864692403,-0.17846438212870508,-0.49885620965914645,0.06436258711901299,-0.3203434503671594,-0.6662813334541631,-0.8607998383034388,-1.0150415238596042,-1.1734053984828439,-1.210293399208065,-1.3066388213211502,-1.3919725188357992,-1.3617473643319427,-1.1945846978857375,-1.0189098566128107,-1.3088380281426577,-1.2948879572674565,-1.2630605687183545,-1.2213421516075096,-1.1404402155004352,-0.7601437280620438,-0.734874118479107,-0.854962891087057,-0.6380641109876155,-0.5410799985256336,-0.395091505327839,-0.32637801105183506,-0.35039277307379635,EMSC-20161227_0000104,VRI,11.4286
644,-1.2663931456944462,2.5865066751436627,2.633814907445074,1.8884008101066603,1.8298384141838189,1.7232224411365578,1.6806213943568609,1.7148275037958278,1.6073290565438936,1.8600106579600415,2.18623435792972,1.8726056281936176,2.0427795982022183,1.7421163251388836,1.4662236940763154,1.4124568778573776,1.5453185368957736,1.8222570831937595,1.9247732542078437,1.9821904193796462,1.8859593886366546,1.9924317062120704,2.026953762274997,2.278809160869161,2.7071507230625422,2.7705886485643427,3.0639209193960126,3.365813123024258,3.1255613215158795,3.0758638228945117,2.8600902867425724,2.7549201154471294,2.750434109878542,2.5505995076277976,2.5629145898771215,2.642087186710193,2.640331096988632,RO-1977-0001,NIS,4.0
645,-1.877142223792188,1.4233904522824838,1.5044512726205816,0.6301822229276444,0.5717099607056604,0.46963263292475,0.4520404150886801,0.2701785405940649,0.03707417334653984,-0.038330212722397894,-0.09914784059126447,0.19026729929198027,0.17079631453402655,0.3104670416558095,0.27417620049365854,0.4872824182534149,0.559855256900524,0.5269034615824573,0.5477650174131714,0.6057457708691898,0.7775238737659468,1.0526688843070238,1.1178226396808189,1.4848752738147297,1.6994508421004482,1.842934450078893,1.9792368699492837,2.0742708182827405,2.064622079542156,1.9684787619568427,1.7619074333918756,1.6029526732215165,1.6340803145123948,1.5520648861460011,1.5263006526984673,1.5010124885730596,1.44713194961854,RO-1977-0001,A39,4.0
646,-1.862756281255102,-0.1936830732387982,-0.16386227637754036,-0.21076525878060748,-0.22427801149186166,0.006366675589357218,0.42741086978932064,0.07764754426468734,0.055232820807660676,-0.22425579183152955,-0.35264430779876843,-0.3503285621238379,-0.5128334399838335,-0.2917808596892191,-0.5734426585990233,-0.5778458701099813,-0.5565913670586782,-0.2426482915947421,-0.3056273381899546,-0.3028051196770063,-0.29811799966467856,-0.26453693764090946,-0.18182679327677675,-0.19460505551506335,-0.1994816866324105,-0.02148714724902767,-0.14955703173398271,-0.18866475387423565,-0.2299527005580666,-0.0732089060449459,-0.06040582683241258,-0.037450800017978736,-0.02467312864651916,-0.20835461144969614,-0.21194672304651796,-0.1800872018809887,-0.16329770795566212,RO-1990-0003,A39,4.0
647,-0.8281208726453118,-1.2431714299601668,-1.045486725704781,-1.7481076180761295,-1.8257494127253895,-1.9758227769584495,-2.006467219297922,-2.227055199302357,-2.275881032885169,-2.0747319331985876,-1.842767699200077,-1.2806292754431379,-1.0928179448748587,-1.5474175647871722,-1.652327313450114,-1.3851038225080217,-1.4397104224240773,-1.5640383263194062,-1.5834910557533655,-1.601136167553253,-1.5135316767586322,-1.4573499457887125,-1.6528833063445787,-1.2232081125956213,-0.9468317206962165,-0.9530956014359164,-0.9639757027288507,-0.9105534667925457,-1.1128579874069162,-1.045116316164556,-1.0948040469908662,-0.9040645613539047,-0.7471513441692252,-0.7136104780352932,-0.6939230663130234,-0.6500860806928088,-0.7412229168627027,RO-1990-0003,VRI,8.0
648,-0.7163677957399761,-1.161605211767843,-1.1618072175625755,-1.494673745535096,-1.5719819959074735,-1.7496148350976357,-1.7576726511627108,-1.9854276191207783,-2.039243425562557,-1.662280106207556,-1.1777229030747214,-1.230549829520714,-0.9773781604974872,-1.1399755493602357,-1.1706609401229366,-1.2833734332180189,-1.2658244380765584,-1.1591037243903752,-1.3336084193866338,-1.5343125762198877,-1.4762130391143398,-1.4458337997492725,-1.4897863624926497,-1.6111226235527667,-1.3147614439290445,-1.3218345913755023,-1.080221307042117,-0.9658069614335121,-0.8314610214968443,-0.936734516269107,-1.060917497003695,-1.1379877520019175,-1.0775569451051048,-1.2201439470278848,-1.152580094804632,-1.026220072913941,-1.0299606059895927,RO-1990-0004,VRI,2.6667
