site,level,source,iml,rtp,T1_kind,storeys,T1,ln_saratio_mean,ln_saratio_sigma,var_within,var_between,ln_rsd595_mean,ln_rsd595_sigma
18,rtp475,rtp,0.0613122505653577,475.0,grid,,0.15,0.015390127195095367,0.23641812000087573,0.040477258798742456,0.015416268666006018,3.356171834564674,0.9257314146540321
18,rtp2500,rtp,0.11863576389470315,2500.0,grid,,0.15,-0.008335487637426585,0.23556684180740556,0.040569495722981706,0.014922241236133529,3.2901543404323714,0.9613243319643492
18,rtp5000,rtp,0.14977155869890793,5000.0,grid,,0.15,-0.014455100665838334,0.23616265980898551,0.040821848427695206,0.014950953460359424,3.241372604463833,0.9768750173653094
18,grid_0.1645,grid,0.1645,6609.46560742302,grid,,0.15,-0.016419240203647423,0.2364708760038199,0.040957500128720195,0.014960975069293777,3.217019204443531,0.9834653263949924
18,rtp10000,rtp,0.18629788999748753,10000.0,grid,,0.15,-0.01853988989903122,0.2368793037918529,0.04116637841577018,0.01494542614914276,3.1802977903248544,0.9922165698309535
18,grid_0.2109,grid,0.2109,15126.540036045599,grid,,0.15,-0.0200831749248654,0.23722768712601522,0.04140623954369844,0.014870735995460137,3.1385282798496137,1.000618967450749
18,grid_0.2423,grid,0.2423,24237.556250109363,grid,,0.15,-0.021140940132543463,0.23747531335180397,0.04170990220242093,0.014684622249116553,3.08556368674138,1.0090912392730709
18,grid_0.2700,grid,0.27,36281.73183990586,grid,,0.15,-0.021524420216349878,0.23750946610610166,0.041968705113461686,0.014442041376543766,3.0398764729056973,1.014505546178952
18,grid_0.2850,grid,0.285,44381.07933439673,grid,,0.15,-0.021574902042868143,0.23745637214677268,0.04210439006571316,0.014281138607393443,3.0156612716305533,1.0166855890474085
18,grid_0.3100,grid,0.31,60714.10231888526,grid,,0.15,-0.021523942291950163,0.23728234574711196,0.0423215527723684,0.013981358830883589,2.97630518958872,1.0191855584110818
18,grid_0.3300,grid,0.33,76644.52731614409,grid,,0.15,-0.02134690375334185,0.23706210663183605,0.042489788301031214,0.013708654099692796,2.945558699322846,1.020279797074631
18,grid_0.3434,grid,0.3434,89183.93697349212,grid,,0.15,-0.021187500305116926,0.23687971124802973,0.04259909850421348,0.013512899096736468,2.925388117339654,1.020577894064855
18,grid_0.3600,grid,0.36,108518.7900745507,grid,,0.15,-0.020971771218928834,0.2366260102319529,0.0427301323827345,0.013261736335557776,2.9009432907746904,1.0204998820463385
18,grid_0.3649,grid,0.3649,114791.44159604008,grid,,0.15,-0.020899513196166144,0.23654291635851213,0.04276815529189875,0.013184395987491314,2.89381960889793,1.0203841068191473
18,grid_0.4000,grid,0.4,168150.3935068705,grid,,0.15,-0.020271892551619094,0.23584532373398712,0.043032348965286134,0.012590667761903047,2.8439300930941047,1.0184039268263274
18,grid_0.4500,grid,0.45,274356.66259618336,grid,,0.15,-0.019128581145282264,0.2345670724083378,0.04338452084394002,0.011637190614278366,2.7761729439089913,1.012299590103541
18,grid_0.4898,grid,0.4898,390218.8927695214,grid,,0.15,-0.01810158538123397,0.2333796698532539,0.04364864100600975,0.010817429294804028,2.7246311271166497,1.0049397536164857
18,grid_0.5000,grid,0.5,429376.576712395,grid,,0.15,-0.01780947926994544,0.23304783826585765,0.04371486198936937,0.010596432931019974,2.7116592471944383,1.0027017635770503
18,grid_0.5500,grid,0.55,668164.9142006582,grid,,0.15,-0.016416357684463673,0.23134914424745373,0.044022402353608485,0.00950002419042067,2.6502858225518446,0.9900287463307206
18,grid_0.5971,grid,0.5971,978238.53144292,grid,,0.15,-0.01507940814131469,0.22963117058113916,0.04429394015842562,0.008436534344038614,2.595001903109927,0.9755470835133082
18,grid_0.6049,grid,0.6049,1038953.0137061502,grid,,0.15,-0.014841447164038575,0.22933050074795194,0.04433791521299092,0.008254563360315466,2.585986067420437,0.9728964993944494
18,grid_0.6500,grid,0.65,1450405.4361228307,grid,,0.15,-0.013542241588469256,0.2275806753738564,0.04458073055668286,0.007212233246937755,2.5352046217817636,0.9563856316901295
18,grid_0.7139,grid,0.7139,2276372.440183442,grid,,0.15,-0.012208961915608253,0.22523086394968808,0.044884373681323614,0.005844568394199288,2.4684430046786843,0.9306560471659223
18,grid_0.7892,grid,0.7892,4046460.643466014,grid,,0.15,-0.011758099207949452,0.2230282347311637,0.045173756981012454,0.004567836506286599,2.398603278039226,0.8995116617394149
18,grid_0.8000,grid,0.8,4374602.636932113,grid,,0.15,-0.012028290460321125,0.22288217213310718,0.045197559666533375,0.004478902988238645,2.390695505903522,0.8959491650494921
18,grid_0.8904,grid,0.8904,8084774.664280278,grid,,0.15,-0.014103270575756683,0.22171676367871943,0.04539587393783752,0.003762449358327598,2.3249615391429383,0.862995016858249
18,grid_0.9500,grid,0.95,11724385.549871514,grid,,0.15,-0.01542020166337963,0.22100671300581876,0.04551905007172437,0.0033249171219119663,2.282918878935764,0.8384016017018937
18,grid_1.0112,grid,1.0112,16773826.411610732,grid,,0.15,-0.016619257646479868,0.22030123508897437,0.045644420130970365,0.0028882140507571915,2.239380332852006,0.8098641907009966
18,grid_1.1500,grid,1.15,,grid,,0.15,-0.019558301480865847,0.21887955877229556,0.04589292344297786,0.0020153378053769295,2.1473125902744052,0.7371680095416133
18,grid_1.3368,grid,1.3368,,grid,,0.15,-0.024893413372828216,0.2174013115457583,0.04611138355839134,0.0011519467034245266,2.0486421754803223,0.6348067738676059
18,rtp475,rtp,0.0613122505653577,475.0,grid,,0.2,0.08160045068930721,0.27322288831475133,0.044372180229910844,0.030278566469144223,3.356171834564674,0.9257314146540321
18,rtp2500,rtp,0.11863576389470315,2500.0,grid,,0.2,0.06458604521775257,0.27185124176270153,0.044468910546573134,0.029434187101349672,3.2901543404323714,0.9613243319643492
18,rtp5000,rtp,0.14977155869890793,5000.0,grid,,0.2,0.06237844270163269,0.27201049207528416,0.04472357630571113,0.02926613149332709,3.241372604463833,0.9768750173653094
18,grid_0.1645,grid,0.1645,6609.46560742302,grid,,0.2,0.06221143634172589,0.27208270444920934,0.04485869680140715,0.029170301258988663,3.217019204443531,0.9834653263949924
18,rtp10000,rtp,0.18629788999748753,10000.0,grid,,0.2,0.06266145075141623,0.27210317297299325,0.04506464811460294,0.028975488627367738,3.1802977903248544,0.9922165698309535
18,grid_0.2109,grid,0.2109,15126.540036045599,grid,,0.2,0.06388166432417172,0.27196440993106025,0.04529830858269009,0.028666331686459684,3.1385282798496137,1.000618967450749
18,grid_0.2423,grid,0.2423,24237.556250109363,grid,,0.2,0.06613534045768028,0.2715306476996327,0.04559016345551954,0.02813872918466251,3.08556368674138,1.0090912392730709
18,grid_0.2700,grid,0.27,36281.73183990586,grid,,0.2,0.06847071244795769,0.270915549904129,0.04583532735515631,0.02755990782470033,3.0398764729056973,1.014505546178952
18,grid_0.2850,grid,0.285,44381.07933439673,grid,,0.2,0.06981851170948139,0.2704942286297441,0.04596256833912827,0.027204559382872005,3.0156612716305533,1.0166855890474085
18,grid_0.3100,grid,0.31,60714.10231888526,grid,,0.2,0.07207958242026458,0.2696941001130084,0.04616412757186211,0.026570780063903256,2.97630518958872,1.0191855584110818
18,grid_0.3300,grid,0.33,76644.52731614409,grid,,0.2,0.0739432774982251,0.2689555696466214,0.0463190165175487,0.026018081926389887,2.945558699322846,1.020279797074631
18,grid_0.3434,grid,0.3434,89183.93697349212,grid,,0.2,0.07519073433116294,0.2684184361090879,0.04641893061053975,0.02562952623270874,2.925388117339654,1.020577894064855
18,grid_0.3600,grid,0.36,108518.7900745507,grid,,0.2,0.07670436739187655,0.2677239324055365,0.046537880060529266,0.025138223922155,2.9009432907746904,1.0204998820463385
18,grid_0.3649,grid,0.3649,114791.44159604008,grid,,0.2,0.07715202726695321,0.26750816144193024,0.04657225469568388,0.02498836174235793,2.89381960889793,1.0203841068191473
18,grid_0.4000,grid,0.4,168150.3935068705,grid,,0.2,0.08037279725071197,0.26583320654101666,0.0468093950779125,0.02385789862196633,2.8439300930941047,1.0184039268263274
18,grid_0.4500,grid,0.45,274356.66259618336,grid,,0.2,0.08494402995053794,0.26308281340892176,0.047120667742774104,0.022091898968379434,2.7761729439089913,1.012299590103541
18,grid_0.4898,grid,0.4898,390218.8927695214,grid,,0.2,0.0885105391521426,0.26068664372042616,0.047351444569027144,0.020606081645193258,2.7246311271166497,1.0049397536164857
18,grid_0.5000,grid,0.5,429376.576712395,grid,,0.2,0.08943540162883348,0.26003392435686884,0.04740901195570713,0.02020862986072664,2.7116592471944383,1.0027017635770503
18,grid_0.5500,grid,0.55,668164.9142006582,grid,,0.2,0.09377712689067906,0.25674267880237356,0.0476732519604999,0.018243551158118848,2.6502858225518446,0.9900287463307206
18,grid_0.5971,grid,0.5971,978238.53144292,grid,,0.2,0.09772418005275997,0.25346742433636693,0.047903126126522866,0.016342609073189015,2.595001903109927,0.9755470835133082
18,grid_0.6049,grid,0.6049,1038953.0137061502,grid,,0.2,0.09838504076694861,0.25289917086244695,0.0479400841445337,0.01601790647837943,2.585986067420437,0.9728964993944494
18,grid_0.6500,grid,0.65,1450405.4361228307,grid,,0.2,0.1020347709183166,0.2495960232366687,0.048141497401983466,0.01415667741357621,2.5352046217817636,0.9563856316901295
18,grid_0.7139,grid,0.7139,2276372.440183442,grid,,0.2,0.10635803440680115,0.24515287310203804,0.04838513134524027,0.011714799844943695,2.4684430046786843,0.9306560471659223
18,grid_0.7892,grid,0.7892,4046460.643466014,grid,,0.2,0.10975192980711336,0.24093163791744548,0.048602184067627355,0.009445870081955693,2.398603278039226,0.8995116617394149
18,grid_0.8000,grid,0.8,4374602.636932113,grid,,0.2,0.10976579425593161,0.2406429767160666,0.04861505974735665,0.009293982495412726,2.390695505903522,0.8959491650494921
18,grid_0.8904,grid,0.8904,8084774.664280278,grid,,0.2,0.1100785714173002,0.23820121153443988,0.048721066657838645,0.008018750518636323,2.3249615391429383,0.862995016858249
18,grid_0.9500,grid,0.95,11724385.549871514,grid,,0.2,0.11029538148033999,0.23659054314794115,0.048782796791071635,0.007192288315966163,2.282918878935764,0.8384016017018937
18,grid_1.0112,grid,1.0112,16773826.411610732,grid,,0.2,0.11069858987983171,0.23487467197064651,0.04884186772857104,0.006324243804747767,2.239380332852006,0.8098641907009966
18,grid_1.1500,grid,1.15,,grid,,0.2,0.11115937408705244,0.23113489582369492,0.048944560022376626,0.0044787800450536795,2.1473125902744052,0.7371680095416133
18,grid_1.3368,grid,1.3368,,grid,,0.2,0.1095148821282919,0.22694650303708025,0.04899397795749342,0.0025107372832660554,2.0486421754803223,0.6348067738676059
18,rtp475,rtp,0.0613122505653577,475.0,grid,,0.25,0.10073900131346103,0.3072634813037384,0.048857863206292144,0.04555298373660063,3.356171834564674,0.9257314146540321
18,rtp2500,rtp,0.11863576389470315,2500.0,grid,,0.25,0.08880268172092853,0.3055269693175063,0.0489656916677533,0.04438103731258714,3.2901543404323714,0.9613243319643492
18,rtp5000,rtp,0.14977155869890793,5000.0,grid,,0.25,0.08993782998848696,0.30536053454321505,0.049219202290036713,0.04402585376648133,3.241372604463833,0.9768750173653094
18,grid_0.1645,grid,0.1645,6609.46560742302,grid,,0.25,0.0913611620491967,0.3052495728680431,0.049352489587210856,0.043824812148911915,3.217019204443531,0.9834653263949924
18,rtp10000,rtp,0.18629788999748753,10000.0,grid,,0.25,0.09413896939766418,0.304958180219971,0.04955451710166142,0.043444974581414886,3.1802977903248544,0.9922165698309535
18,grid_0.2109,grid,0.2109,15126.540036045599,grid,,0.25,0.09792258711972401,0.3044123933285156,0.04978231937098207,0.04288458584101282,3.1385282798496137,1.000618967450749
18,grid_0.2423,grid,0.2423,24237.556250109363,grid,,0.25,0.1033183526949796,0.30338819681902185,0.050064983453106816,0.04197941451599074,3.08556368674138,1.0090912392730709
18,grid_0.2700,grid,0.27,36281.73183990586,grid,,0.25,0.10828935129039831,0.30219371721067356,0.050300878026474906,0.041020164695129625,3.0398764729056973,1.014505546178952
18,grid_0.2850,grid,0.285,44381.07933439673,grid,,0.25,0.1110113081788888,0.30143740910159883,0.05042276482657436,0.040441746779310284,3.0156612716305533,1.0166855890474085
18,grid_0.3100,grid,0.31,60714.10231888526,grid,,0.25,0.11546773105268565,0.3000636705056591,0.050614979294790016,0.039423227062538715,2.97630518958872,1.0191855584110818
18,grid_0.3300,grid,0.33,76644.52731614409,grid,,0.25,0.11902136977423534,0.2988423028108334,0.05076211618228242,0.03854460576699942,2.945558699322846,1.020279797074631
18,grid_0.3434,grid,0.3434,89183.93697349212,grid,,0.25,0.12136731891264489,0.2979717431260597,0.0508567306920264,0.03793042900955608,2.925388117339654,1.020577894064855
18,grid_0.3600,grid,0.36,108518.7900745507,grid,,0.25,0.12419878175362209,0.296861288491835,0.05096902479143661,0.0371575998135959,2.9009432907746904,1.0204998820463385
18,grid_0.3649,grid,0.3649,114791.44159604008,grid,,0.25,0.12502932150855678,0.2965194730466821,0.05100141931246775,0.03692237858341427,2.89381960889793,1.0203841068191473
18,grid_0.4000,grid,0.4,168150.3935068705,grid,,0.25,0.13091155011620065,0.2939073454387066,0.05122420043595564,0.03515732726687158,2.8439300930941047,1.0184039268263274
18,grid_0.4500,grid,0.45,274356.66259618336,grid,,0.25,0.13905075007472517,0.2897185551940982,0.051514710174835394,0.03242213104892036,2.7761729439089913,1.012299590103541
18,grid_0.4898,grid,0.4898,390218.8927695214,grid,,0.25,0.14529110776969076,0.2861101225801843,0.05172891957003803,0.030130082672810064,2.7246311271166497,1.0049397536164857
18,grid_0.5000,grid,0.5,429376.576712395,grid,,0.25,0.14688586892484484,0.28513048671720903,0.051782231021969646,0.029517163433622866,2.7116592471944383,1.0027017635770503
18,grid_0.5500,grid,0.55,668164.9142006582,grid,,0.25,0.15436576022505988,0.28020465858376303,0.05202563803399156,0.026489012658051633,2.6502858225518446,0.9900287463307206
18,grid_0.5971,grid,0.5971,978238.53144292,grid,,0.25,0.1611053004988372,0.2753054963230363,0.052235927361726386,0.02355718894394699,2.595001903109927,0.9755470835133082
18,grid_0.6049,grid,0.6049,1038953.0137061502,grid,,0.25,0.16221940032873597,0.2744555893462659,0.05226962501631778,0.023056245507088353,2.585986067420437,0.9728964993944494
18,grid_0.6500,grid,0.65,1450405.4361228307,grid,,0.25,0.16839668444208586,0.2695128050969163,0.05245214736389397,0.0201850047473144,2.5352046217817636,0.9563856316901295
18,grid_0.7139,grid,0.7139,2276372.440183442,grid,,0.25,0.1759477728591795,0.26286640009198997,0.052669201007935415,0.01642954328938674,2.4684430046786843,0.9306560471659223
18,grid_0.7892,grid,0.7892,4046460.643466014,grid,,0.25,0.18244730677761128,0.25664501818260155,0.05285491067809388,0.013011754679853993,2.398603278039226,0.8995116617394149
18,grid_0.8000,grid,0.8,4374602.636932113,grid,,0.25,0.18275184714279394,0.2562744646583048,0.05286336643776449,0.01281323479813623,2.390695505903522,0.8959491650494921
18,grid_0.8904,grid,0.8904,8084774.664280278,grid,,0.25,0.18546380101089954,0.2530875563178099,0.052932210704288496,0.011121100458632086,2.3249615391429383,0.862995016858249
18,grid_0.9500,grid,0.95,11724385.549871514,grid,,0.25,0.18721870734974214,0.25093894514998527,0.05296968382456204,0.010000670368425293,2.282918878935764,0.8384016017018937
18,grid_1.0112,grid,1.0112,16773826.411610732,grid,,0.25,0.189208657350239,0.24861424162220555,0.053003000906739574,0.00880604023064483,2.239380332852006,0.8098641907009966
18,grid_1.1500,grid,1.15,,grid,,0.25,0.19308804198654086,0.24343031901128317,0.05305026467722288,0.006208055536712213,2.1473125902744052,0.7371680095416133
18,grid_1.3368,grid,1.3368,,grid,,0.25,0.1954613620768508,0.23748479888252447,0.05303802469278596,0.003361005007487143,2.0486421754803223,0.6348067738676059
18,rtp475,rtp,0.0613122505653577,475.0,grid,,0.3,0.1251861933583905,0.30290970806868517,0.047045926761300996,0.04470836448095508,3.356171834564674,0.9257314146540321
18,rtp2500,rtp,0.11863576389470315,2500.0,grid,,0.3,0.11885494456196354,0.2985413731830578,0.046808749628515285,0.04231820187351047,3.2901543404323714,0.9613243319643492
18,rtp5000,rtp,0.14977155869890793,5000.0,grid,,0.3,0.12193844154411486,0.29718940485098994,0.04684121368539588,0.041480328670289716,3.241372604463833,0.9768750173653094
18,grid_0.1645,grid,0.1645,6609.46560742302,grid,,0.3,0.12409884150794019,0.29655963227484483,0.046874491327098027,0.041073124167893174,3.217019204443531,0.9834653263949924
18,rtp10000,rtp,0.18629788999748753,10000.0,grid,,0.3,0.12779173028819926,0.29554290317587306,0.04693627699635978,0.040409330621263694,3.1802977903248544,0.9922165698309535
18,grid_0.2109,grid,0.2109,15126.540036045599,grid,,0.3,0.13239475177554577,0.29423597843453236,0.047018273170922185,0.03955653783440441,3.1385282798496137,1.000618967450749
18,grid_0.2423,grid,0.2423,24237.556250109363,grid,,0.3,0.13856703113854818,0.29232567275961724,0.04713476475003816,0.03831953420432466,3.08556368674138,1.0090912392730709
18,grid_0.2700,grid,0.27,36281.73183990586,grid,,0.3,0.1440219505038243,0.2904226083565504,0.04724148394623291,0.037103807498389346,3.0398764729056973,1.014505546178952
18,grid_0.2850,grid,0.285,44381.07933439673,grid,,0.3,0.14693999205960226,0.2893094445268048,0.04729950225840059,0.036400452434007746,3.0156612716305533,1.0166855890474085
18,grid_0.3100,grid,0.31,60714.10231888526,grid,,0.3,0.15163468295510282,0.28738570931589447,0.04739516203078209,0.03519538388821769,2.97630518958872,1.0191855584110818
18,grid_0.3300,grid,0.33,76644.52731614409,grid,,0.3,0.1553083793187004,0.2857600467460963,0.04747201268878635,0.034186791627544795,2.945558699322846,1.020279797074631
18,grid_0.3434,grid,0.3434,89183.93697349212,grid,,0.3,0.15770464724487562,0.28463513487200365,0.047522744664583616,0.03349441533902009,2.925388117339654,1.020577894064855
18,grid_0.3600,grid,0.36,108518.7900745507,grid,,0.3,0.16056819873081135,0.28323002090354177,0.04758452714308571,0.032634717597935,2.9009432907746904,1.0204998820463385
18,grid_0.3649,grid,0.3649,114791.44159604008,grid,,0.3,0.16140210792252768,0.2828044907804993,0.04760255567507546,0.03237582433054205,2.89381960889793,1.0203841068191473
18,grid_0.4000,grid,0.4,168150.3935068705,grid,,0.3,0.16723198842242773,0.2796400753547211,0.04772922510334169,0.030469346641052386,2.8439300930941047,1.0184039268263274
18,grid_0.4500,grid,0.45,274356.66259618336,grid,,0.3,0.17509655277787828,0.27480160237191203,0.04790010187329776,0.02761581879287269,2.7761729439089913,1.012299590103541
18,grid_0.4898,grid,0.4898,390218.8927695214,grid,,0.3,0.18098830045879782,0.27078548850166717,0.04803141349712274,0.02529336728596379,2.7246311271166497,1.0049397536164857
18,grid_0.5000,grid,0.5,429376.576712395,grid,,0.3,0.18247603908505544,0.2697152836711189,0.04806450291556097,0.024681831330231177,2.7116592471944383,1.0027017635770503
18,grid_0.5500,grid,0.55,668164.9142006582,grid,,0.3,0.1893618924617734,0.2644237134309398,0.04821991253842306,0.02169998768618469,2.6502858225518446,0.9900287463307206
18,grid_0.5971,grid,0.5971,978238.53144292,grid,,0.3,0.195443093768022,0.25929070327072923,0.04835917791167561,0.018872490890953747,2.595001903109927,0.9755470835133082
18,grid_0.6049,grid,0.6049,1038953.0137061502,grid,,0.3,0.19643779261792493,0.25841235739032237,0.04838178177281353,0.018395164679210173,2.585986067420437,0.9728964993944494
18,grid_0.6500,grid,0.65,1450405.4361228307,grid,,0.3,0.20188656230614418,0.2533630096676661,0.048507766996556546,0.01568504767130132,2.5352046217817636,0.9563856316901295
18,grid_0.7139,grid,0.7139,2276372.440183442,grid,,0.3,0.20833608971465373,0.24674616312914524,0.04867305134427033,0.01221061767468442,2.4684430046786843,0.9306560471659223
18,grid_0.7892,grid,0.7892,4046460.643466014,grid,,0.3,0.21347131324638496,0.24088008504211647,0.04885824067290051,0.009164974696996758,2.398603278039226,0.8995116617394149
18,grid_0.8000,grid,0.8,4374602.636932113,grid,,0.3,0.21359352437920465,0.24059618909429945,0.04887982753640139,0.009006698670298505,2.390695505903522,0.8959491650494921
18,grid_0.8904,grid,0.8904,8084774.664280278,grid,,0.3,0.2146735756530738,0.2382337807660679,0.04905904679818516,0.007696287499909749,2.3249615391429383,0.862995016858249
18,grid_0.9500,grid,0.95,11724385.549871514,grid,,0.3,0.21528007541704655,0.23670170749320427,0.049168324094654284,0.006859374235544148,2.282918878935764,0.8384016017018937
18,grid_1.0112,grid,1.0112,16773826.411610732,grid,,0.3,0.2159739280320728,0.2351083488954869,0.049277682646624146,0.005998253073737851,2.239380332852006,0.8098641907009966
18,grid_1.1500,grid,1.15,,grid,,0.3,0.21689941424268933,0.23170689354336638,0.0494873678024087,0.0042007167131082185,2.1473125902744052,0.7371680095416133
18,grid_1.3368,grid,1.3368,,grid,,0.3,0.2157321715927469,0.22800736444500558,0.04965170815760064,0.0023356500835569616,2.0486421754803223,0.6348067738676059
18,rtp475,rtp,0.0613122505653577,475.0,grid,,0.35,0.15590984686275103,0.29070111479553223,0.047595989725102955,0.03691114841826227,3.356171834564674,0.9257314146540321
18,rtp2500,rtp,0.11863576389470315,2500.0,grid,,0.35,0.1506984547568877,0.28595837370984056,0.04729226104356329,0.03447993045121355,3.2901543404323714,0.9613243319643492
18,rtp5000,rtp,0.14977155869890793,5000.0,grid,,0.35,0.15372645887652756,0.2842911728810599,0.047227112639798924,0.03359435833828976,3.241372604463833,0.9768750173653094
18,grid_0.1645,grid,0.1645,6609.46560742302,grid,,0.35,0.15576457163871904,0.28351901563142257,0.0472089239556156,0.03317410826899524,3.217019204443531,0.9834653263949924
18,rtp10000,rtp,0.18629788999748753,10000.0,grid,,0.35,0.15919319833770126,0.282314444220789,0.0471915509389184,0.032509894476774576,3.1802977903248544,0.9922165698309535
18,grid_0.2109,grid,0.2109,15126.540036045599,grid,,0.35,0.16340811016855045,0.28083605810589657,0.04718234487633842,0.031686546656120085,3.1385282798496137,1.000618967450749
18,grid_0.2423,grid,0.2423,24237.556250109363,grid,,0.35,0.16899104807763352,0.27877389818090914,0.047182586138283696,0.030532300168696184,3.08556368674138,1.0090912392730709
18,grid_0.2700,grid,0.27,36281.73183990586,grid,,0.35,0.17387221936728958,0.27679779558200246,0.04718898042714693,0.02942803921190908,3.0398764729056973,1.014505546178952
18,grid_0.2850,grid,0.285,44381.07933439673,grid,,0.35,0.17646552336902294,0.27566821424431115,0.04719386448041821,0.02879909986422924,3.0156612716305533,1.0166855890474085
18,grid_0.3100,grid,0.31,60714.10231888526,grid,,0.35,0.180612992160652,0.2737423324829188,0.04720354709006455,0.02773131750312431,2.97630518958872,1.0191855584110818
18,grid_0.3300,grid,0.33,76644.52731614409,grid,,0.35,0.18383848941351363,0.2721459300426897,0.04721336177793001,0.02685004546087056,2.945558699322846,1.020279797074631
18,grid_0.3434,grid,0.3434,89183.93697349212,grid,,0.35,0.18593174518362113,0.27105436024712437,0.0472201882450963,0.026250277963881567,2.925388117339654,1.020577894064855
18,grid_0.3600,grid,0.36,108518.7900745507,grid,,0.35,0.18842235478221417,0.2697008070363863,0.047228949498760435,0.02550957581731768,2.9009432907746904,1.0204998820463385
18,grid_0.3649,grid,0.3649,114791.44159604008,grid,,0.35,0.18914537973454063,0.26929392144280123,0.047231517018518854,0.02528769910752275,2.89381960889793,1.0203841068191473
18,grid_0.4000,grid,0.4,168150.3935068705,grid,,0.35,0.19417236279918315,0.26630475037095036,0.047249869888724684,0.023668350181409496,2.8439300930941047,1.0184039268263274
18,grid_0.4500,grid,0.45,274356.66259618336,grid,,0.35,0.2008847835156839,0.26182578898504594,0.04727357662017263,0.02127916715746917,2.7761729439089913,1.012299590103541
18,grid_0.4898,grid,0.4898,390218.8927695214,grid,,0.35,0.20587998660077073,0.25815403840192536,0.04729322029102814,0.019350287252194613,2.7246311271166497,1.0049397536164857
18,grid_0.5000,grid,0.5,429376.576712395,grid,,0.35,0.20713716009358552,0.25718295152162535,0.04729814532140228,0.018844925231972433,2.7116592471944383,1.0027017635770503
18,grid_0.5500,grid,0.55,668164.9142006582,grid,,0.35,0.21291416808308727,0.25242572059738655,0.04732101324481434,0.016397731174295528,2.6502858225518446,0.9900287463307206
18,grid_0.5971,grid,0.5971,978238.53144292,grid,,0.35,0.2179636682554276,0.24787896732866968,0.047341339290258716,0.014102643153668978,2.595001903109927,0.9755470835133082
18,grid_0.6049,grid,0.6049,1038953.0137061502,grid,,0.35,0.21878577153362738,0.2471076452230291,0.0473445162190628,0.013717672108607616,2.585986067420437,0.9728964993944494
18,grid_0.6500,grid,0.65,1450405.4361228307,grid,,0.35,0.2232562679154366,0.24270116992874524,0.047361718167405954,0.011542139717375721,2.5352046217817636,0.9563856316901295
18,grid_0.7139,grid,0.7139,2276372.440183442,grid,,0.35,0.2284283099914445,0.23699462747933764,0.04738678106645958,0.008779672387610446,2.4684430046786843,0.9306560471659223
18,grid_0.7892,grid,0.7892,4046460.643466014,grid,,0.35,0.2322907660295883,0.23200921035956593,0.04743243062795952,0.006395843063709786,2.398603278039226,0.8995116617394149
18,grid_0.8000,grid,0.8,4374602.636932113,grid,,0.35,0.2322966053109356,0.231768354974678,0.04744025698774843,0.006276313379919907,2.390695505903522,0.8959491650494921
18,grid_0.8904,grid,0.8904,8084774.664280278,grid,,0.35,0.23237155557771702,0.2297910340061504,0.047503996232116354,0.005299923077499415,2.3249615391429383,0.862995016858249
18,grid_0.9500,grid,0.95,11724385.549871514,grid,,0.35,0.23231098486062934,0.22852936642355956,0.04753873752054047,0.004686933797413084,2.282918878935764,0.8384016017018937
18,grid_1.0112,grid,1.0112,16773826.411610732,grid,,0.35,0.23227824064737645,0.22723711022845022,0.04756967660837339,0.004067027656603446,2.239380332852006,0.8098641907009966
18,grid_1.1500,grid,1.15,,grid,,0.35,0.2316565309714159,0.22453693671880542,0.047613725036363,0.0028031109147018327,2.1473125902744052,0.7371680095416133
18,grid_1.3368,grid,1.3368,,grid,,0.35,0.22894430389222353,0.22169483695923672,0.04760283948520384,0.001545761249178712,2.0486421754803223,0.6348067738676059
18,rtp475,rtp,0.0613122505653577,475.0,grid,,0.4,0.1853185599068136,0.27819922339068626,0.04681785987746138,0.030576948017719575,3.356171834564674,0.9257314146540321
18,rtp2500,rtp,0.11863576389470315,2500.0,grid,,0.4,0.18084857315431807,0.273210877442617,0.046590388323245885,0.028053795229718827,3.2901543404323714,0.9613243319643492
18,rtp5000,rtp,0.14977155869890793,5000.0,grid,,0.4,0.18367151360671222,0.2714607927130047,0.0465899635917427,0.027100998388630206,3.241372604463833,0.9768750173653094
18,grid_0.1645,grid,0.1645,6609.46560742302,grid,,0.4,0.18552199015366777,0.27066320266336935,0.046603761018830285,0.02665480825716187,3.217019204443531,0.9834653263949924
18,rtp10000,rtp,0.18629788999748753,10000.0,grid,,0.4,0.1885925448885299,0.26944427130682336,0.04663409219841397,0.02596612314165106,3.1802977903248544,0.9922165698309535
18,grid_0.2109,grid,0.2109,15126.540036045599,grid,,0.4,0.19231258128038967,0.2679858239937468,0.046678264932778206,0.025138136928829234,3.1385282798496137,1.000618967450749
18,grid_0.2423,grid,0.2423,24237.556250109363,grid,,0.4,0.19716127319939886,0.2660053962966484,0.0467447207148511,0.024014150144085845,3.08556368674138,1.0090912392730709
18,grid_0.2700,grid,0.27,36281.73183990586,grid,,0.4,0.20133148757707958,0.2641527788504148,0.04680718565579383,0.02296950491860234,3.0398764729056973,1.014505546178952
18,grid_0.2850,grid,0.285,44381.07933439673,grid,,0.4,0.20352142081250876,0.2631095915334981,0.04684147060710075,0.02238518654982348,3.0156612716305533,1.0166855890474085
18,grid_0.3100,grid,0.31,60714.10231888526,grid,,0.4,0.20698274019016152,0.26134967482054083,0.04689833219984287,0.021405320328959553,2.97630518958872,1.0191855584110818
18,grid_0.3300,grid,0.33,76644.52731614409,grid,,0.4,0.2096419846934037,0.2599121035805519,0.046944546295532096,0.020609755292135448,2.945558699322846,1.020279797074631
18,grid_0.3434,grid,0.3434,89183.93697349212,grid,,0.4,0.21135105794345954,0.25893934464255225,0.046975103392259666,0.020074480811654784,2.925388117339654,1.020577894064855
18,grid_0.3600,grid,0.36,108518.7900745507,grid,,0.4,0.21336468840066386,0.2577421503686653,0.047012388736051215,0.019418627340612483,2.9009432907746904,1.0204998820463385
18,grid_0.3649,grid,0.3649,114791.44159604008,grid,,0.4,0.21394581121662107,0.2573845118421993,0.04702326103967641,0.019223525896570823,2.89381960889793,1.0203841068191473
18,grid_0.4000,grid,0.4,168150.3935068705,grid,,0.4,0.2179420877551526,0.25478736708775035,0.047099610610333374,0.017816991817174672,2.8439300930941047,1.0184039268263274
18,grid_0.4500,grid,0.45,274356.66259618336,grid,,0.4,0.22315877118638933,0.25097252328514835,0.04720188327184159,0.015785324172272734,2.7761729439089913,1.012299590103541
18,grid_0.4898,grid,0.4898,390218.8927695214,grid,,0.4,0.22696599759720837,0.2478896949999954,0.047280710699872795,0.014168590187317955,2.7246311271166497,1.0049397536164857
18,grid_0.5000,grid,0.5,429376.576712395,grid,,0.4,0.2279158627975428,0.2470811441281126,0.0473005424268302,0.013748549356826956,2.7116592471944383,1.0027017635770503
18,grid_0.5500,grid,0.55,668164.9142006582,grid,,0.4,0.23219449419986493,0.2431693153438604,0.04739335447803167,0.011737961446770154,2.6502858225518446,0.9900287463307206
18,grid_0.5971,grid,0.5971,978238.53144292,grid,,0.4,0.2358310903268977,0.23950604006113024,0.047476197174052354,0.009886946051711365,2.595001903109927,0.9755470835133082
18,grid_0.6049,grid,0.6049,1038953.0137061502,grid,,0.4,0.23641575898593764,0.2388917028870957,0.04748958249211036,0.009579663216186057,2.585986067420437,0.9728964993944494
18,grid_0.6500,grid,0.65,1450405.4361228307,grid,,0.4,0.23952246650697998,0.23542012277787358,0.0475638285379059,0.007858805670843162,2.5352046217817636,0.9563856316901295
18,grid_0.7139,grid,0.7139,2276372.440183442,grid,,0.4,0.24284444348926054,0.23104360756746348,0.04766143327609283,0.00571971532169524,2.4684430046786843,0.9306560471659223
18,grid_0.7892,grid,0.7892,4046460.643466014,grid,,0.4,0.2447154076110537,0.2274404024899192,0.04777550689571428,0.003953629789062163,2.398603278039226,0.8995116617394149
18,grid_0.8000,grid,0.8,4374602.636932113,grid,,0.4,0.24449210484977651,0.22730881856046986,0.04778932376756732,0.0038799752277892882,2.390695505903522,0.8959491650494921
18,grid_0.8904,grid,0.8904,8084774.664280278,grid,,0.4,0.2426043064095799,0.2262751053211462,0.04790355345379808,0.003296869834297729,2.3249615391429383,0.862995016858249
18,grid_0.9500,grid,0.95,11724385.549871514,grid,,0.4,0.24123042106432094,0.22564623623150995,0.047971540390066375,0.0029446835353800146,2.282918878935764,0.8384016017018937
18,grid_1.0112,grid,1.0112,16773826.411610732,grid,,0.4,0.23976597628645865,0.22503157476226732,0.04803803985389901,0.0026011697860868974,2.239380332852006,0.8098641907009966
18,grid_1.1500,grid,1.15,,grid,,0.4,0.23598684412246165,0.22380820469605844,0.04815918835560262,0.0019309241336701796,2.1473125902744052,0.7371680095416133
18,grid_1.3368,grid,1.3368,,grid,,0.4,0.22957433528725468,0.22256064517203347,0.04823488051494961,0.001298360264442175,2.0486421754803223,0.6348067738676059
18,rtp475,rtp,0.0613122505653577,475.0,grid,,0.45,0.2060505386191543,0.2729246632266198,0.046633400577117984,0.027854471220245848,3.356171834564674,0.9257314146540321
18,rtp2500,rtp,0.11863576389470315,2500.0,grid,,0.45,0.2042392922036619,0.2682088412659659,0.046527498093326035,0.02540848443990605,3.2901543404323714,0.9613243319643492
18,rtp5000,rtp,0.14977155869890793,5000.0,grid,,0.45,0.2077792594706591,0.2665375573762089,0.04659336666403147,0.024448902828044364,3.241372604463833,0.9768750173653094
18,grid_0.1645,grid,0.1645,6609.46560742302,grid,,0.45,0.20986247184013113,0.2657723735472406,0.04663600818911668,0.02399894635181731,3.217019204443531,0.9834653263949924
18,rtp10000,rtp,0.18629788999748753,10000.0,grid,,0.45,0.2131802792355531,0.2646040314290516,0.04670586083175388,0.023309432616752647,3.1802977903248544,0.9922165698309535
18,grid_0.2109,grid,0.2109,15126.540036045599,grid,,0.45,0.21706745183917228,0.26321195637511574,0.04679004357529021,0.022490490403525625,3.1385282798496137,1.000618967450749
18,grid_0.2423,grid,0.2423,24237.556250109363,grid,,0.45,0.22199836664382075,0.2613358600104356,0.046900708140542424,0.02139572358685158,3.08556368674138,1.0090912392730709
18,grid_0.2700,grid,0.27,36281.73183990586,grid,,0.45,0.22615039598832806,0.25959432863225745,0.04699657718864218,0.020392638269390286,3.0398764729056973,1.014505546178952
18,grid_0.2850,grid,0.285,44381.07933439673,grid,,0.45,0.228302383381217,0.2586192341914534,0.047047068991635944,0.019836839302137872,3.0156612716305533,1.0166855890474085
18,grid_0.3100,grid,0.31,60714.10231888526,grid,,0.45,0.23166956467132727,0.25697911711318006,0.04712796721722637,0.01891029941504313,2.97630518958872,1.0191855584110818
18,grid_0.3300,grid,0.33,76644.52731614409,grid,,0.45,0.2342263775161765,0.2556501278818688,0.04719125273620775,0.01816573514980812,2.945558699322846,1.020279797074631
18,grid_0.3434,grid,0.3434,89183.93697349212,grid,,0.45,0.23585572461805515,0.25475545060713606,0.047232308507582095,0.01766803110646284,2.925388117339654,1.020577894064855
18,grid_0.3600,grid,0.36,108518.7900745507,grid,,0.45,0.23776225003138,0.2536578593816941,0.04728148077360155,0.017060828852501757,2.9009432907746904,1.0204998820463385
18,grid_0.3649,grid,0.3649,114791.44159604008,grid,,0.45,0.23830942444742576,0.2533310699000644,0.04729570784567011,0.016880923131041198,2.89381960889793,1.0203841068191473
18,grid_0.4000,grid,0.4,168150.3935068705,grid,,0.45,0.24203440245245744,0.250973143025613,0.047394153792677175,0.015593364727477618,2.8439300930941047,1.0184039268263274
18,grid_0.4500,grid,0.45,274356.66259618336,grid,,0.45,0.2467983742859192,0.2475468577096482,0.04752319251475769,0.013756254247163126,2.7761729439089913,1.012299590103541
18,grid_0.4898,grid,0.4898,390218.8927695214,grid,,0.45,0.2502212226950265,0.24479670934228287,0.04761982339856617,0.012305605506243947,2.7246311271166497,1.0049397536164857
18,grid_0.5000,grid,0.5,429376.576712395,grid,,0.45,0.2510675573893378,0.24407875920870092,0.047643938811884966,0.011930501884974035,2.7116592471944383,1.0027017635770503
18,grid_0.5500,grid,0.55,668164.9142006582,grid,,0.45,0.25482264226301066,0.2406294333333514,0.04775474543807375,0.01014777874825605,2.6502858225518446,0.9900287463307206
18,grid_0.5971,grid,0.5971,978238.53144292,grid,,0.45,0.2579387116388712,0.23743770412152937,0.04785132594964299,0.008525337388859938,2.595001903109927,0.9755470835133082
18,grid_0.6049,grid,0.6049,1038953.0137061502,grid,,0.45,0.25843294406666006,0.2369062640760716,0.04786681017776606,0.008257767780715311,2.585986067420437,0.9728964993944494
18,grid_0.6500,grid,0.65,1450405.4361228307,grid,,0.45,0.2610104626753271,0.2339194320991612,0.047951148725626204,0.006767151987967873,2.5352046217817636,0.9563856316901295
18,grid_0.7139,grid,0.7139,2276372.440183442,grid,,0.45,0.26360173169987583,0.23020307327864667,0.04805513222384728,0.004938322723086683,2.4684430046786843,0.9306560471659223
18,grid_0.7892,grid,0.7892,4046460.643466014,grid,,0.45,0.2646958313339462,0.22722004279887928,0.04815860407169144,0.0034703437778330903,2.398603278039226,0.8995116617394149
18,grid_0.8000,grid,0.8,4374602.636932113,grid,,0.45,0.2643901283916212,0.22712066752513022,0.04816713514500034,0.0034166624720604055,2.390695505903522,0.8959491650494921
18,grid_0.8904,grid,0.8904,8084774.664280278,grid,,0.45,0.2617738272291863,0.22634695493434143,0.04823709138129495,0.0029958526267538366,2.3249615391429383,0.862995016858249
18,grid_0.9500,grid,0.95,11724385.549871514,grid,,0.45,0.2598919426502967,0.2258757378564936,0.048276773442674774,0.0027430755095406434,2.282918878935764,0.8384016017018937
18,grid_1.0112,grid,1.0112,16773826.411610732,grid,,0.45,0.2578489783558873,0.2254123966498176,0.048313732399724786,0.0024970161636899135,2.239380332852006,0.8098641907009966
18,grid_1.1500,grid,1.15,,grid,,0.45,0.252775260655767,0.22447670218277418,0.048373351171695014,0.002016438651158886,2.1473125902744052,0.7371680095416133
18,grid_1.3368,grid,1.3368,,grid,,0.45,0.2448590002612887,0.22347564035950868,0.04838621926639784,0.001555142567694616,2.0486421754803223,0.6348067738676059
18,rtp475,rtp,0.0613122505653577,475.0,grid,,0.5,0.2328875734669057,0.26304221240869097,0.04333338216665572,0.02585782334220317,3.356171834564674,0.9257314146540321
18,rtp2500,rtp,0.11863576389470315,2500.0,grid,,0.5,0.2354653128854513,0.2583069672085906,0.04323082507706186,0.023491664231438038,3.2901543404323714,0.9613243319643492
18,rtp5000,rtp,0.14977155869890793,5000.0,grid,,0.5,0.24045166350361785,0.25666487617633965,0.04334937901280071,0.022527479649815052,3.241372604463833,0.9768750173653094
18,grid_0.1645,grid,0.1645,6609.46560742302,grid,,0.5,0.24307805963078086,0.2559217255750355,0.04342291747991214,0.022073012141391644,3.217019204443531,0.9834653263949924
18,rtp10000,rtp,0.18629788999748753,10000.0,grid,,0.5,0.24706941876972538,0.25479834339845236,0.043543007394079784,0.021379188404515866,3.1802977903248544,0.9922165698309535
18,grid_0.2109,grid,0.2109,15126.540036045599,grid,,0.5,0.25156355812354203,0.25347596860873606,0.04368831437694624,0.02056175228519072,3.1385282798496137,1.000618967450749
18,grid_0.2423,grid,0.2423,24237.556250109363,grid,,0.5,0.2570836714226971,0.2517183366209371,0.043881029200664154,0.019481091790547272,3.08556368674138,1.0090912392730709
18,grid_0.2700,grid,0.27,36281.73183990586,grid,,0.5,0.26162223040038474,0.2501058450379704,0.04405084607247986,0.01850208764967741,3.0398764729056973,1.014505546178952
18,grid_0.2850,grid,0.285,44381.07933439673,grid,,0.5,0.26394098509372566,0.24920987909158773,0.04414153294426033,0.017964030892583444,3.0156612716305533,1.0166855890474085
18,grid_0.3100,grid,0.31,60714.10231888526,grid,,0.5,0.2675346704435282,0.24771039929118105,0.04428903809366807,0.01707140382332828,2.97630518958872,1.0191855584110818
18,grid_0.3300,grid,0.33,76644.52731614409,grid,,0.5,0.27022867663756645,0.2465073304055754,0.04440535664393294,0.016360507299750582,2.945558699322846,1.020279797074631
18,grid_0.3434,grid,0.3434,89183.93697349212,grid,,0.5,0.2719313398939878,0.24570254039459458,0.04448165295514384,0.01588808540121353,2.925388117339654,1.020577894064855
18,grid_0.3600,grid,0.36,108518.7900745507,grid,,0.5,0.27391243244250746,0.2447198338142218,0.044573962986418074,0.015313834075642255,2.9009432907746904,1.0204998820463385
18,grid_0.3649,grid,0.3649,114791.44159604008,grid,,0.5,0.2744777315358511,0.2444283230857366,0.044600857781428534,0.015144347345076692,2.89381960889793,1.0203841068191473
18,grid_0.4000,grid,0.4,168150.3935068705,grid,,0.5,0.27828546570590257,0.24234061542191915,0.04478914624372452,0.013939827639349991,2.8439300930941047,1.0184039268263274
18,grid_0.4500,grid,0.45,274356.66259618336,grid,,0.5,0.2830515413731636,0.23934439577508876,0.04504302687466742,0.012242712914274909,2.7761729439089913,1.012299590103541
18,grid_0.4898,grid,0.4898,390218.8927695214,grid,,0.5,0.28641540687005485,0.23696002419883405,0.045236234827567896,0.010913818240744125,2.7246311271166497,1.0049397536164857
18,grid_0.5000,grid,0.5,429376.576712395,grid,,0.5,0.28723727811487687,0.23634067394239966,0.045284880239429254,0.01057203392011842,2.7116592471944383,1.0027017635770503
18,grid_0.5500,grid,0.55,668164.9142006582,grid,,0.5,0.2908336673799142,0.2333927684024379,0.04551291069593276,0.008959273646621246,2.6502858225518446,0.9900287463307206
18,grid_0.5971,grid,0.5971,978238.53144292,grid,,0.5,0.29374285333943084,0.23070619725730182,0.04571665492351509,0.0075086945294099705,2.595001903109927,0.9755470835133082
18,grid_0.6049,grid,0.6049,1038953.0137061502,grid,,0.5,0.29419636149473366,0.23026273900257502,0.04574977633253552,0.00727115264043246,2.585986067420437,0.9728964993944494
18,grid_0.6500,grid,0.65,1450405.4361228307,grid,,0.5,0.2965193473653672,0.22779244488629039,0.04593428748608655,0.005955110461187088,2.5352046217817636,0.9563856316901295
18,grid_0.7139,grid,0.7139,2276372.440183442,grid,,0.5,0.2987275275168945,0.2248002942771079,0.04617242180688641,0.0043627505001879036,2.4684430046786843,0.9306560471659223
18,grid_0.7892,grid,0.7892,4046460.643466014,grid,,0.5,0.2993797593698774,0.22258343349850587,0.046420713453867495,0.0031226714141162903,2.398603278039226,0.8995116617394149
18,grid_0.8000,grid,0.8,4374602.636932113,grid,,0.5,0.29902957838161914,0.22255604130869716,0.04644657334710717,0.0030846181758913543,2.390695505903522,0.8959491650494921
18,grid_0.8904,grid,0.8904,8084774.664280278,grid,,0.5,0.29597900091381224,0.2223773589040365,0.046662113435843054,0.0027895763172916116,2.3249615391429383,0.862995016858249
18,grid_0.9500,grid,0.95,11724385.549871514,grid,,0.5,0.2937663296882412,0.2222820453336905,0.04679628372306555,0.002613023954663285,2.282918878935764,0.8384016017018937
18,grid_1.0112,grid,1.0112,16773826.411610732,grid,,0.5,0.29131726696872295,0.22220110511325675,0.04693311152433838,0.0024402195892141987,2.239380332852006,0.8098641907009966
18,grid_1.1500,grid,1.15,,grid,,0.5,0.2853089103098544,0.22203973718990816,0.04720541183132652,0.0020962330600369644,2.1473125902744052,0.7371680095416133
18,grid_1.3368,grid,1.3368,,grid,,0.5,0.27633725981272433,0.22179976879191782,0.04744797357675486,0.0017471638593933442,2.0486421754803223,0.6348067738676059
18,rtp475,rtp,0.0613122505653577,475.0,grid,,0.55,0.2637354197719781,0.2510713269424888,0.04213064017525531,0.020906171037406787,3.356171834564674,0.9257314146540321
18,rtp2500,rtp,0.11863576389470315,2500.0,grid,,0.55,0.26837688599564485,0.24646475657413464,0.04201302805150081,0.018731848181646638,3.2901543404323714,0.9613243319643492
18,rtp5000,rtp,0.14977155869890793,5000.0,grid,,0.55,0.2737384150909941,0.24500601236892347,0.042156612051524635,0.01787133404539644,3.241372604463833,0.9768750173653094
18,grid_0.1645,grid,0.1645,6609.46560742302,grid,,0.55,0.27645010763722905,0.24437808777359613,0.04224638077511831,0.017474269008761145,3.217019204443531,0.9834653263949924
18,rtp10000,rtp,0.18629788999748753,10000.0,grid,,0.55,0.28049436640836944,0.24345765786872045,0.042394057621183055,0.01687757355373988,3.1802977903248544,0.9922165698309535
18,grid_0.2109,grid,0.2109,15126.540036045599,grid,,0.55,0.28497419896431553,0.24240553825144903,0.042574273225143545,0.01618617174983117,3.1385282798496137,1.000618967450749
18,grid_0.2423,grid,0.2423,24237.556250109363,grid,,0.55,0.29040629595539263,0.24104197882297562,0.0428154614436782,0.015285774111217634,3.08556368674138,1.0090912392730709
18,grid_0.2700,grid,0.27,36281.73183990586,grid,,0.55,0.2948321905548801,0.2398113764335545,0.04303011229397112,0.014479383972984858,3.0398764729056973,1.014505546178952
18,grid_0.2850,grid,0.285,44381.07933439673,grid,,0.55,0.29708150121995053,0.23913365173991688,0.04314552720401541,0.014039376190452438,3.0156612716305533,1.0166855890474085
18,grid_0.3100,grid,0.31,60714.10231888526,grid,,0.55,0.3005590520118095,0.2380056210561117,0.04333453704890219,0.013312138605403256,2.97630518958872,1.0191855584110818
18,grid_0.3300,grid,0.33,76644.52731614409,grid,,0.55,0.3031555766444808,0.2371095942311733,0.043484268847846744,0.012736690828624914,2.945558699322846,1.020279797074631
18,grid_0.3434,grid,0.3434,89183.93697349212,grid,,0.55,0.30479301353485033,0.23651314786415795,0.043582930393644484,0.01235553871896855,2.925388117339654,1.020577894064855
18,grid_0.3600,grid,0.36,108518.7900745507,grid,,0.55,0.30669693771025547,0.2357878087774751,0.04370280070258391,0.011893090065499254,2.9009432907746904,1.0204998820463385
18,grid_0.3649,grid,0.3649,114791.44159604008,grid,,0.55,0.30723914960230286,0.23557324522690826,0.04373781614297473,0.011756937723762323,2.89381960889793,1.0203841068191473
18,grid_0.4000,grid,0.4,168150.3935068705,grid,,0.55,0.3108790149692423,0.2340455096611037,0.04398403376490845,0.010793266827617345,2.8439300930941047,1.0184039268263274
18,grid_0.4500,grid,0.45,274356.66259618336,grid,,0.55,0.31540329382262866,0.2318748096525633,0.04431923947538861,0.00944668787602386,2.7761729439089913,1.012299590103541
18,grid_0.4898,grid,0.4898,390218.8927695214,grid,,0.55,0.31857846888996666,0.23016716142850407,0.04457591118036397,0.008401011019691082,2.7246311271166497,1.0049397536164857
18,grid_0.5000,grid,0.5,429376.576712395,grid,,0.55,0.31935015460409644,0.22972616707685425,0.044640725186676077,0.008133386653146682,2.7116592471944383,1.0027017635770503
18,grid_0.5500,grid,0.55,668164.9142006582,grid,,0.55,0.32272383272739597,0.22764026720159566,0.04494653162462217,0.006873559626991696,2.6502858225518446,0.9900287463307206
18,grid_0.5971,grid,0.5971,978238.53144292,grid,,0.55,0.325440125131052,0.2257604414736109,0.045221930350134464,0.0057458465842252365,2.595001903109927,0.9755470835133082
18,grid_0.6049,grid,0.6049,1038953.0137061502,grid,,0.55,0.32586125597910776,0.22545224285546012,0.04526688098202282,0.005561832826534552,2.585986067420437,0.9728964993944494
18,grid_0.6500,grid,0.65,1450405.4361228307,grid,,0.55,0.3280183558999994,0.22374701677455897,0.04551896414873484,0.004543763366779932,2.5352046217817636,0.9563856316901295
18,grid_0.7139,grid,0.7139,2276372.440183442,grid,,0.55,0.3300865561178121,0.22172856789441978,0.04584896726460119,0.0033145905559091304,2.4684430046786843,0.9306560471659223
18,grid_0.7892,grid,0.7892,4046460.643466014,grid,,0.55,0.33077193666343413,0.22035543666726626,0.046199486766377196,0.00235703170244439,2.398603278039226,0.8995116617394149
18,grid_0.8000,grid,0.8,4374602.636932113,grid,,0.55,0.3304807378207048,0.2203719867105975,0.046238328407362896,0.0023254841194128573,2.390695505903522,0.8959491650494921
18,grid_0.8904,grid,0.8904,8084774.664280278,grid,,0.55,0.3279026415820983,0.22055535992354455,0.04656295945107178,0.002081707339932501,2.3249615391429383,0.862995016858249
18,grid_0.9500,grid,0.95,11724385.549871514,grid,,0.55,0.32599665979300785,0.2206909990425195,0.04676801149712549,0.0019365055612598492,2.282918878935764,0.8384016017018937
18,grid_1.0112,grid,1.0112,16773826.411610732,grid,,0.55,0.32385448093003427,0.22084998115456927,0.046979827364367205,0.0017948868116064026,2.239380332852006,0.8098641907009966
18,grid_1.1500,grid,1.15,,grid,,0.55,0.31856647293720963,0.22119865068656655,0.04741203664743195,0.001516806418125738,2.1473125902744052,0.7371680095416133
18,grid_1.3368,grid,1.3368,,grid,,0.55,0.3107051870093071,0.22153664935998596,0.04782778916433354,0.0012506978453158263,2.0486421754803223,0.6348067738676059
18,rtp475,rtp,0.0613122505653577,475.0,grid,,0.6,0.29882173088986397,0.2347140563491084,0.03825833335507966,0.01683235489277278,3.356171834564674,0.9257314146540321
18,rtp2500,rtp,0.11863576389470315,2500.0,grid,,0.6,0.30613407207713594,0.23012398036159262,0.038162125451641764,0.014794920885820906,3.2901543404323714,0.9613243319643492
18,rtp5000,rtp,0.14977155869890793,5000.0,grid,,0.6,0.3121403844440623,0.2288430254472,0.03835009441770225,0.014019035878125585,3.241372604463833,0.9768750173653094
18,grid_0.1645,grid,0.1645,6609.46560742302,grid,,0.6,0.3150554735454037,0.22833248990299404,0.03846452310121269,0.013671202844088182,3.217019204443531,0.9834653263949924
18,rtp10000,rtp,0.18629788999748753,10000.0,grid,,0.6,0.3193183547532424,0.2276199894066265,0.03865138772672554,0.013159471850747215,3.1802977903248544,0.9922165698309535
18,grid_0.2109,grid,0.2109,15126.540036045599,grid,,0.6,0.3239603774984584,0.22684386775510432,0.03887834487584043,0.012579795462254822,3.1385282798496137,1.000618967450749
18,grid_0.2423,grid,0.2423,24237.556250109363,grid,,0.6,0.3295172519698376,0.2258795853163864,0.03918122872087883,0.011840358341823856,3.08556368674138,1.0090912392730709
18,grid_0.2700,grid,0.27,36281.73183990586,grid,,0.6,0.3340084743064301,0.22503130272066085,0.039450864907346866,0.011188222296810837,3.0398764729056973,1.014505546178952
18,grid_0.2850,grid,0.285,44381.07933439673,grid,,0.6,0.3362812830894507,0.22457000126475504,0.03959599854126806,0.010835686926784022,3.0156612716305533,1.0166855890474085
18,grid_0.3100,grid,0.31,60714.10231888526,grid,,0.6,0.33979334443983195,0.22380742884400248,0.03983402812938587,0.010255737076377364,2.97630518958872,1.0191855584110818
18,grid_0.3300,grid,0.33,76644.52731614409,grid,,0.6,0.3424095669028442,0.22321129418447316,0.04002258657674816,0.009800695274759255,2.945558699322846,1.020279797074631
18,grid_0.3434,grid,0.3434,89183.93697349212,grid,,0.6,0.3440587314396458,0.22281709532893626,0.04014698711789121,0.009500470852933054,2.925388117339654,1.020577894064855
18,grid_0.3600,grid,0.36,108518.7900745507,grid,,0.6,0.3459791509752172,0.2223403850435681,0.04029829196350023,0.009136954857821886,2.9009432907746904,1.0204998820463385
18,grid_0.3649,grid,0.3649,114791.44159604008,grid,,0.6,0.3465256060877453,0.22219983241078944,0.04034253065558639,0.009030234867796527,2.89381960889793,1.0203841068191473
18,grid_0.4000,grid,0.4,168150.3935068705,grid,,0.6,0.3501891887742512,0.2212067849411445,0.040654056710375336,0.00827838499362242,2.8439300930941047,1.0184039268263274
18,grid_0.4500,grid,0.45,274356.66259618336,grid,,0.6,0.354732585776974,0.21981149798368133,0.04107985207300659,0.007237242572823349,2.7761729439089913,1.012299590103541
18,grid_0.4898,grid,0.4898,390218.8927695214,grid,,0.6,0.3579200201606258,0.21873007929972865,0.04140638114336251,0.006436466447103079,2.7246311271166497,1.0049397536164857
18,grid_0.5000,grid,0.5,429376.576712395,grid,,0.6,0.3586921239708448,0.21845270920770138,0.04148892691170708,0.006232659248477462,2.7116592471944383,1.0027017635770503
18,grid_0.5500,grid,0.55,668164.9142006582,grid,,0.6,0.36208507247408445,0.21715033579686238,0.04187935037785334,0.00527491795883675,2.6502858225518446,0.9900287463307206
18,grid_0.5971,grid,0.5971,978238.53144292,grid,,0.6,0.36482893313922604,0.2159934551120461,0.04223196701455437,0.004421205636685105,2.595001903109927,0.9755470835133082
18,grid_0.6049,grid,0.6049,1038953.0137061502,grid,,0.6,0.36525354175021757,0.2158054916158113,0.04228962332513898,0.0042823868864030334,2.585986067420437,0.9728964993944494
18,grid_0.6500,grid,0.65,1450405.4361228307,grid,,0.6,0.36744910002577896,0.21477520595716726,0.04261379622525348,0.0035145928686901307,2.5352046217817636,0.9563856316901295
18,grid_0.7139,grid,0.7139,2276372.440183442,grid,,0.6,0.3696589111033635,0.2136043253632563,0.04303984324534576,0.0025869645685460962,2.4684430046786843,0.9306560471659223
18,grid_0.7892,grid,0.7892,4046460.643466014,grid,,0.6,0.37070165704804225,0.2129589465254554,0.04349229079448959,0.001859222110742187,2.398603278039226,0.8995116617394149
18,grid_0.8000,grid,0.8,4374602.636932113,grid,,0.6,0.37051382761544494,0.2130138165440426,0.04354300183213649,0.001831884206522555,2.390695505903522,0.8959491650494921
18,grid_0.8904,grid,0.8904,8084774.664280278,grid,,0.6,0.3687757643276926,0.21351187731935967,0.04396744017422003,0.001619881582217264,2.3249615391429383,0.862995016858249
18,grid_0.9500,grid,0.95,11724385.549871514,grid,,0.6,0.3674121581895466,0.2138464995528376,0.044237557878508055,0.0014927674924937184,2.282918878935764,0.8384016017018937
18,grid_1.0112,grid,1.0112,16773826.411610732,grid,,0.6,0.36581633330895075,0.2142116416788254,0.044518396309669604,0.0013682311210678755,2.239380332852006,0.8098641907009966
18,grid_1.1500,grid,1.15,,grid,,0.6,0.36176477997473,0.21499828340920762,0.045098522243440076,0.001125739625465888,2.1473125902744052,0.7371680095416133
18,grid_1.3368,grid,1.3368,,grid,,0.6,0.3556155988363969,0.21583646162141046,0.045676459576233716,0.0009089185890168716,2.0486421754803223,0.6348067738676059
18,rtp475,rtp,0.0613122505653577,475.0,grid,,0.65,0.32320137841309293,0.22580762704233384,0.0381221367770627,0.012866947653427038,3.356171834564674,0.9257314146540321
18,rtp2500,rtp,0.11863576389470315,2500.0,grid,,0.65,0.3320759852227522,0.22187709140883816,0.03797402106165391,0.011255422630392017,3.2901543404323714,0.9613243319643492
18,rtp5000,rtp,0.14977155869890793,5000.0,grid,,0.65,0.3381359220441932,0.22102225167656583,0.038148803721589686,0.010702032014589524,3.241372604463833,0.9768750173653094
18,grid_0.1645,grid,0.1645,6609.46560742302,grid,,0.65,0.34100263186453206,0.22072674810422066,0.03826031576956816,0.010459981559095916,3.217019204443531,0.9834653263949924
18,rtp10000,rtp,0.18629788999748753,10000.0,grid,,0.65,0.3451443114841968,0.2203475681992849,0.03844617887461982,0.010106871936718692,3.1802977903248544,0.9922165698309535
18,grid_0.2109,grid,0.2109,15126.540036045599,grid,,0.65,0.3496085944506411,0.2199659737194794,0.03867612702564738,0.00970890256871132,3.1385282798496137,1.000618967450749
18,grid_0.2423,grid,0.2423,24237.556250109363,grid,,0.65,0.35491482062782875,0.2195238205776951,0.038988093807485816,0.009202613993542247,3.08556368674138,1.0090912392730709
18,grid_0.2700,grid,0.27,36281.73183990586,grid,,0.65,0.35918526550575797,0.2191444872621916,0.03926953967905774,0.008754766618351117,3.0398764729056973,1.014505546178952
18,grid_0.2850,grid,0.285,44381.07933439673,grid,,0.65,0.3613415307935334,0.21893888264191652,0.039422227185320964,0.008512007147169931,3.0156612716305533,1.0166855890474085
18,grid_0.3100,grid,0.31,60714.10231888526,grid,,0.65,0.36467418027792087,0.21859845721092722,0.039674450732544136,0.008110834762453445,2.97630518958872,1.0191855584110818
18,grid_0.3300,grid,0.33,76644.52731614409,grid,,0.65,0.3671553040805279,0.21833890475767695,0.039875466432937566,0.007796410897844358,2.945558699322846,1.020279797074631
18,grid_0.3434,grid,0.3434,89183.93697349212,grid,,0.65,0.368719653771853,0.2181678311741503,0.04000866083643164,0.007588541722800907,2.925388117339654,1.020577894064855
18,grid_0.3600,grid,0.36,108518.7900745507,grid,,0.65,0.3705439162461804,0.21796247534167656,0.04017131321749803,0.007336327439572937,2.9009432907746904,1.0204998820463385
18,grid_0.3649,grid,0.3649,114791.44159604008,grid,,0.65,0.37106281789484297,0.2179017040517517,0.04021897165413906,0.007262180974518112,2.89381960889793,1.0203841068191473
18,grid_0.4000,grid,0.4,168150.3935068705,grid,,0.65,0.3745396284476886,0.21747399129990544,0.040555823541911104,0.006739113350000242,2.8439300930941047,1.0184039268263274
18,grid_0.4500,grid,0.45,274356.66259618336,grid,,0.65,0.3788429181266432,0.2168679494521749,0.041019472561800906,0.006012234937790184,2.7761729439089913,1.012299590103541
18,grid_0.4898,grid,0.4898,390218.8927695214,grid,,0.65,0.3818643021592949,0.2164034154572993,0.041377036019444105,0.005453402202140384,2.7246311271166497,1.0049397536164857
18,grid_0.5000,grid,0.5,429376.576712395,grid,,0.65,0.3825943567345325,0.21628427832409172,0.04146762182789347,0.005311267222279703,2.7116592471944383,1.0027017635770503
18,grid_0.5500,grid,0.55,668164.9142006582,grid,,0.65,0.38581326881380185,0.21572911127708128,0.041898101395426886,0.004640948056972433,2.6502858225518446,0.9900287463307206
18,grid_0.5971,grid,0.5971,978238.53144292,grid,,0.65,0.38842392435027423,0.21524547433549512,0.04228911127378072,0.004041502948131576,2.595001903109927,0.9755470835133082
18,grid_0.6049,grid,0.6049,1038953.0137061502,grid,,0.65,0.38882677791127823,0.21516770450457454,0.04235320335793124,0.003943937703836664,2.585986067420437,0.9728964993944494
18,grid_0.6500,grid,0.65,1450405.4361228307,grid,,0.65,0.39091994667765556,0.21474892741561097,0.042715168764888144,0.0034019330612672094,2.5352046217817636,0.9563856316901295
18,grid_0.7139,grid,0.7139,2276372.440183442,grid,,0.65,0.39308969132321875,0.21433344247740704,0.04319621799173799,0.0027426065724779625,2.4684430046786843,0.9306560471659223
18,grid_0.7892,grid,0.7892,4046460.643466014,grid,,0.65,0.3943190386324125,0.21433197724234881,0.04371769100378321,0.002220505464831518,2.398603278039226,0.8995116617394149
18,grid_0.8000,grid,0.8,4374602.636932113,grid,,0.65,0.3942109133707683,0.21442203491433803,0.04377904075848652,0.0021977682983190805,2.390695505903522,0.8959491650494921
18,grid_0.8904,grid,0.8904,8084774.664280278,grid,,0.65,0.39312083492817,0.2151976032308654,0.04429295290108489,0.002017055535224077,2.3249615391429383,0.862995016858249
18,grid_0.9500,grid,0.95,11724385.549871514,grid,,0.65,0.39216496180695515,0.21569597406760543,0.044621426310231915,0.001903326918741205,2.282918878935764,0.8384016017018937
18,grid_1.0112,grid,1.0112,16773826.411610732,grid,,0.65,0.39096225510788035,0.21621939012984268,0.04496419487224109,0.0017866297958800126,2.239380332852006,0.8098641907009966
18,grid_1.1500,grid,1.15,,grid,,0.65,0.38777602469311123,0.21730569523252333,0.045677049747508774,0.0015447154329815416,2.1473125902744052,0.7371680095416133
18,grid_1.3368,grid,1.3368,,grid,,0.65,0.38271944023310983,0.2184094754018861,0.046400413495632654,0.0013022854496944347,2.0486421754803223,0.6348067738676059
18,rtp475,rtp,0.0613122505653577,475.0,grid,,0.7,0.35066937373123563,0.21527329908689424,0.036312874623701495,0.010029718676053928,3.356171834564674,0.9257314146540321
18,rtp2500,rtp,0.11863576389470315,2500.0,grid,,0.7,0.36155412738850684,0.21168950503154013,0.03610648593462928,0.008705960605869173,3.2901543404323714,0.9613243319643492
18,rtp5000,rtp,0.14977155869890793,5000.0,grid,,0.7,0.3678924171550445,0.2111469442792205,0.036261259094318196,0.008321772984134057,3.241372604463833,0.9768750173653094
18,grid_0.1645,grid,0.1645,6609.46560742302,grid,,0.7,0.37081291783878956,0.21101864477240148,0.03636646881934979,0.00816239962223117,3.217019204443531,0.9834653263949924
18,rtp10000,rtp,0.18629788999748753,10000.0,grid,,0.7,0.37498013235740474,0.21090577531118723,0.036546327516830936,0.007934918542782055,3.1802977903248544,0.9922165698309535
18,grid_0.2109,grid,0.2109,15126.540036045599,grid,,0.7,0.3794267540349338,0.21084657353354264,0.03677375752873106,0.00768252004210454,3.1385282798496137,1.000618967450749
18,grid_0.2423,grid,0.2423,24237.556250109363,grid,,0.7,0.3846796337204193,0.2108381629611176,0.037088120925390905,0.0073646100354278765,3.08556368674138,1.0090912392730709
18,grid_0.2700,grid,0.27,36281.73183990586,grid,,0.7,0.38889732224609513,0.21085147659974682,0.037375877253757864,0.007082467930535713,3.0398764729056973,1.014505546178952
18,grid_0.2850,grid,0.285,44381.07933439673,grid,,0.7,0.39102578262975046,0.21086045546587182,0.037533298348721246,0.006928833330553663,3.0156612716305533,1.0166855890474085
18,grid_0.3100,grid,0.31,60714.10231888526,grid,,0.7,0.39432382483795864,0.21087470077718404,0.03779529519407094,0.006672844233795966,2.97630518958872,1.0191855584110818
18,grid_0.3300,grid,0.33,76644.52731614409,grid,,0.7,0.3967833604872,0.21089818160017107,0.03800541620547261,0.006472626796786118,2.945558699322846,1.020279797074631
18,grid_0.3434,grid,0.3434,89183.93697349212,grid,,0.7,0.39833778510658907,0.21091445047012325,0.03814525646069132,0.00633964895642275,2.925388117339654,1.020577894064855
18,grid_0.3600,grid,0.36,108518.7900745507,grid,,0.7,0.40015732290095024,0.21093672767425173,0.03831671671980254,0.006177586362118903,2.9009432907746904,1.0204998820463385
18,grid_0.3649,grid,0.3649,114791.44159604008,grid,,0.7,0.40067542723477795,0.21094275768505424,0.03836706292751267,0.0061297840922628355,2.89381960889793,1.0203841068191473
18,grid_0.4000,grid,0.4,168150.3935068705,grid,,0.7,0.4041540864643993,0.2109868121189034,0.03872421831512779,0.00579121657296966,2.8439300930941047,1.0184039268263274
18,grid_0.4500,grid,0.45,274356.66259618336,grid,,0.7,0.4084773045947888,0.21103345432450574,0.03921917681479601,0.005315942029337245,2.7761729439089913,1.012299590103541
18,grid_0.4898,grid,0.4898,390218.8927695214,grid,,0.7,0.4115342293576333,0.21107546713017358,0.03960298431852492,0.0049498685056960645,2.7246311271166497,1.0049397536164857
18,grid_0.5000,grid,0.5,429376.576712395,grid,,0.7,0.41227330487059416,0.21108551944291948,0.039700419339056,0.00485667717943114,2.7116592471944383,1.0027017635770503
18,grid_0.5500,grid,0.55,668164.9142006582,grid,,0.7,0.41556326047698294,0.21113715220874388,0.040165529350016486,0.0044133676928017895,2.6502858225518446,0.9900287463307206
18,grid_0.5971,grid,0.5971,978238.53144292,grid,,0.7,0.41826540750549734,0.21119512160929085,0.040590260901696686,0.004013118489866463,2.595001903109927,0.9755470835133082
18,grid_0.6049,grid,0.6049,1038953.0137061502,grid,,0.7,0.4186833211689672,0.21120543417202137,0.04066003982367401,0.00394769560011804,2.585986067420437,0.9728964993944494
18,grid_0.6500,grid,0.65,1450405.4361228307,grid,,0.7,0.42088431659050857,0.2112730815792167,0.04105574513964588,0.0035805698603324776,2.5352046217817636,0.9563856316901295
18,grid_0.7139,grid,0.7139,2276372.440183442,grid,,0.7,0.42330232947714036,0.21145528682884657,0.0415870533218638,0.00312628500600598,2.4684430046786843,0.9306560471659223
18,grid_0.7892,grid,0.7892,4046460.643466014,grid,,0.7,0.4250430178536987,0.2119711595133789,0.042173833350084,0.002757939115362318,2.398603278039226,0.8995116617394149
18,grid_0.8000,grid,0.8,4374602.636932113,grid,,0.7,0.42505736288700857,0.21209294562895806,0.04224573448080913,0.0027376831047590255,2.390695505903522,0.8959491650494921
18,grid_0.8904,grid,0.8904,8084774.664280278,grid,,0.7,0.4249718281800612,0.21311855929051793,0.04284840723229335,0.002571113081772658,2.3249615391429383,0.862995016858249
18,grid_0.9500,grid,0.95,11724385.549871514,grid,,0.7,0.4246552276452852,0.21376283399543733,0.043234855768803294,0.0024596934289576045,2.282918878935764,0.8384016017018937
18,grid_1.0112,grid,1.0112,16773826.411610732,grid,,0.7,0.4240853873092145,0.21442708745362554,0.043639222420657126,0.0023397534131876507,2.239380332852006,0.8098641907009966
18,grid_1.1500,grid,1.15,,grid,,0.7,0.4222867258478448,0.21577905113623616,0.04448441821520606,0.0020761806940483574,2.1473125902744052,0.7371680095416133
18,grid_1.3368,grid,1.3368,,grid,,0.7,0.4189430095479333,0.21711920712809052,0.04535372998836198,0.0017870201155686938,2.0486421754803223,0.6348067738676059
18,rtp475,rtp,0.0613122505653577,475.0,grid,,0.75,0.3785275193297519,0.2060756282461967,0.03491404837158773,0.007553116185476938,3.356171834564674,0.9257314146540321
18,rtp2500,rtp,0.11863576389470315,2500.0,grid,,0.75,0.3893521481459358,0.20259132917640382,0.03473000878848337,0.006313237868978638,3.2901543404323714,0.9613243319643492
18,rtp5000,rtp,0.14977155869890793,5000.0,grid,,0.75,0.39515488825984396,0.20227136034622778,0.03490838903425473,0.006005314182058796,3.241372604463833,0.9768750173653094
18,grid_0.1645,grid,0.1645,6609.46560742302,grid,,0.75,0.3977795224023445,0.20227062794315342,0.03502546578210751,0.005887941146410086,3.217019204443531,0.9834653263949924
18,rtp10000,rtp,0.18629788999748753,10000.0,grid,,0.75,0.40148477368464813,0.20236656824432755,0.035223080096056375,0.005729147846929711,3.1802977903248544,0.9922165698309535
18,grid_0.2109,grid,0.2109,15126.540036045599,grid,,0.75,0.40539746362692486,0.2025645549129532,0.035470378074680654,0.005562020832402176,3.1385282798496137,1.000618967450749
18,grid_0.2423,grid,0.2423,24237.556250109363,grid,,0.75,0.4099787581938587,0.2029042157347273,0.03580931845204671,0.005360802310878043,3.08556368674138,1.0090912392730709
18,grid_0.2700,grid,0.27,36281.73183990586,grid,,0.75,0.4136290974926231,0.2032336135496082,0.03611772479515342,0.005186176881278065,3.0398764729056973,1.014505546178952
18,grid_0.2850,grid,0.285,44381.07933439673,grid,,0.75,0.4154615979808827,0.20341568622293774,0.0362858998717387,0.005092041529809965,3.0156612716305533,1.0166855890474085
18,grid_0.3100,grid,0.31,60714.10231888526,grid,,0.75,0.4182935126363927,0.20371587423109516,0.03656502112869988,0.004935136285039499,2.97630518958872,1.0191855584110818
18,grid_0.3300,grid,0.33,76644.52731614409,grid,,0.75,0.4203968831066194,0.203967155069088,0.03678829725076112,0.004814303096216277,2.945558699322846,1.020279797074631
18,grid_0.3434,grid,0.3434,89183.93697349212,grid,,0.75,0.4217219855546864,0.20413410696587406,0.03693666459028785,0.004734069036467059,2.925388117339654,1.020577894064855
18,grid_0.3600,grid,0.36,108518.7900745507,grid,,0.75,0.4232709550043364,0.20433890026110862,0.037118320514847224,0.004636065645072074,2.9009432907746904,1.0204998820463385
18,grid_0.3649,grid,0.3649,114791.44159604008,grid,,0.75,0.4237106161591007,0.20439862426771616,0.03717162430166182,0.00460717330087318,2.89381960889793,1.0203841068191473
18,grid_0.4000,grid,0.4,168150.3935068705,grid,,0.75,0.42664650385194614,0.20482271216369846,0.03754930893298431,0.004403034485108953,2.8439300930941047,1.0184039268263274
18,grid_0.4500,grid,0.45,274356.66259618336,grid,,0.75,0.4302472697902083,0.20540071120059414,0.038071681740609285,0.004117770421100592,2.7761729439089913,1.012299590103541
18,grid_0.4898,grid,0.4898,390218.8927695214,grid,,0.75,0.43277020183851544,0.20586052652672976,0.03847596610472375,0.0039025902771386567,2.7246311271166497,1.0049397536164857
18,grid_0.5000,grid,0.5,429376.576712395,grid,,0.75,0.43337466563915145,0.2059784316306072,0.03857853605882442,0.0038485782381803,2.7116592471944383,1.0027017635770503
18,grid_0.5500,grid,0.55,668164.9142006582,grid,,0.75,0.4360538672504991,0.20653900086737306,0.03906750226234168,0.003590856616951049,2.6502858225518446,0.9900287463307206
18,grid_0.5971,grid,0.5971,978238.53144292,grid,,0.75,0.43823063204183355,0.20705658469011246,0.03951330148877091,0.003359127774762799,2.595001903109927,0.9755470835133082
18,grid_0.6049,grid,0.6049,1038953.0137061502,grid,,0.75,0.4385635954738199,0.2071423565182838,0.039586498682515646,0.003321457181432147,2.585986067420437,0.9728964993944494
18,grid_0.6500,grid,0.65,1450405.4361228307,grid,,0.75,0.44031022546664444,0.20762775082828563,0.04000110046511718,0.0031081824488954912,2.5352046217817636,0.9563856316901295
18,grid_0.7139,grid,0.7139,2276372.440183442,grid,,0.75,0.44223262992739104,0.20831345476562454,0.04055588823091169,0.0028386072054782108,2.4684430046786843,0.9306560471659223
18,grid_0.7892,grid,0.7892,4046460.643466014,grid,,0.75,0.4437056221615266,0.2092127846552582,0.04116402744263418,0.002605961820573266,2.398603278039226,0.8995116617394149
18,grid_0.8000,grid,0.8,4374602.636932113,grid,,0.75,0.44375470988930227,0.2093403156444923,0.0412374975048198,0.0025858702493158636,2.390695505903522,0.8959491650494921
18,grid_0.8904,grid,0.8904,8084774.664280278,grid,,0.75,0.44396334749328276,0.21041065063532693,0.04185330910468461,0.00241933279609699,2.3249615391429383,0.862995016858249
18,grid_0.9500,grid,0.95,11724385.549871514,grid,,0.75,0.44384440693032035,0.21108060742798143,0.042248155692306215,0.002306867139859392,2.282918878935764,0.8384016017018937
18,grid_1.0112,grid,1.0112,16773826.411610732,grid,,0.75,0.44348292901930836,0.21176994834182752,0.0426612846894592,0.0021852263312411024,2.239380332852006,0.8098641907009966
18,grid_1.1500,grid,1.15,,grid,,0.75,0.4421596271179995,0.21317253168620073,0.043524745078398694,0.0019177831871055595,2.1473125902744052,0.7371680095416133
18,grid_1.3368,grid,1.3368,,grid,,0.75,0.4394423645928726,0.21457650408411,0.044412778794915085,0.001630297310042994,2.0486421754803223,0.6348067738676059
18,rtp475,rtp,0.0613122505653577,475.0,grid,,0.8,0.3914000648344053,0.2023520985485698,0.03481356985045548,0.006132801936554633,3.356171834564674,0.9257314146540321
18,rtp2500,rtp,0.11863576389470315,2500.0,grid,,0.8,0.401374331987403,0.19907681568647861,0.0345275084511432,0.005104070092724983,3.2901543404323714,0.9613243319643492
18,rtp5000,rtp,0.14977155869890793,5000.0,grid,,0.8,0.40671353022827605,0.19876025067264158,0.034647688725332186,0.0048579485221191265,3.241372604463833,0.9768750173653094
18,grid_0.1645,grid,0.1645,6609.46560742302,grid,,0.8,0.40912897997236014,0.19876373328953365,0.03473927286494497,0.00476774880624789,3.217019204443531,0.9834653263949924
18,rtp10000,rtp,0.18629788999748753,10000.0,grid,,0.8,0.4125405501117057,0.19887347615309572,0.03490189265579275,0.004648766861423181,3.1802977903248544,0.9922165698309535
18,grid_0.2109,grid,0.2109,15126.540036045599,grid,,0.8,0.41614852989221857,0.19909975796899043,0.03511373875924818,0.004526974864062394,3.1385282798496137,1.000618967450749
18,grid_0.2423,grid,0.2423,24237.556250109363,grid,,0.8,0.42038709960925114,0.19949405510418952,0.03541353357878567,0.004384344443127741,3.08556368674138,1.0090912392730709
18,grid_0.2700,grid,0.27,36281.73183990586,grid,,0.8,0.4237784006768363,0.19988524102832256,0.03569248115370929,0.004261628427241315,3.0398764729056973,1.014505546178952
18,grid_0.2850,grid,0.285,44381.07933439673,grid,,0.8,0.42548602869900454,0.20010492680319916,0.03584642624083273,0.0041955554900809655,3.0156612716305533,1.0166855890474085
18,grid_0.3100,grid,0.31,60714.10231888526,grid,,0.8,0.4281362998212645,0.20047306328048906,0.036104562940703175,0.004084886160359791,2.97630518958872,1.0191855584110818
18,grid_0.3300,grid,0.33,76644.52731614409,grid,,0.8,0.43011340087417427,0.20078250277849885,0.036312996879781366,0.004000616542216534,2.945558699322846,1.020279797074631
18,grid_0.3434,grid,0.3434,89183.93697349212,grid,,0.8,0.431363395657791,0.2009892682423961,0.03645228695541384,0.00394439899320001,2.925388117339654,1.020577894064855
18,grid_0.3600,grid,0.36,108518.7900745507,grid,,0.8,0.4328304378825876,0.201244000144558,0.03662372489806785,0.0038754226961150162,2.9009432907746904,1.0204998820463385
18,grid_0.3649,grid,0.3649,114791.44159604008,grid,,0.8,0.4332476611795663,0.20131860863528533,0.03667415669823254,0.003855025484614638,2.89381960889793,1.0203841068191473
18,grid_0.4000,grid,0.4,168150.3935068705,grid,,0.8,0.43604396510706395,0.2018497449116545,0.03703306831873007,0.0037102512021699174,2.8439300930941047,1.0184039268263274
18,grid_0.4500,grid,0.45,274356.66259618336,grid,,0.8,0.4395005507474729,0.202579641167494,0.037533149703429566,0.0035053613121210636,2.7761729439089913,1.012299590103541
18,grid_0.4898,grid,0.4898,390218.8927695214,grid,,0.8,0.4419490625361628,0.20316239005988457,0.03792288076267685,0.0033520759721678284,2.7246311271166497,1.0049397536164857
18,grid_0.5000,grid,0.5,429376.576712395,grid,,0.8,0.4425381966786707,0.20331170997323725,0.03802198252427865,0.003313668887963084,2.7116592471944383,1.0027017635770503
18,grid_0.5500,grid,0.55,668164.9142006582,grid,,0.8,0.445174555579152,0.20402228621943658,0.03849674158680709,0.0031283516873986117,2.6502858225518446,0.9900287463307206
18,grid_0.5971,grid,0.5971,978238.53144292,grid,,0.8,0.44734738900893367,0.20467514379397644,0.03893213845060303,0.002959776036481898,2.595001903109927,0.9755470835133082
18,grid_0.6049,grid,0.6049,1038953.0137061502,grid,,0.8,0.44768182774123944,0.20478275703830817,0.03900378382106807,0.0029321937591426928,2.585986067420437,0.9728964993944494
18,grid_0.6500,grid,0.65,1450405.4361228307,grid,,0.8,0.4494592715845494,0.20539035657977478,0.039411334775932644,0.0027738638000343874,2.5352046217817636,0.9563856316901295
18,grid_0.7139,grid,0.7139,2276372.440183442,grid,,0.8,0.4515043032121686,0.20623158159462718,0.0399633324953893,0.002568132751632063,2.4684430046786843,0.9306560471659223
18,grid_0.7892,grid,0.7892,4046460.643466014,grid,,0.8,0.45326607584253686,0.20728411286475232,0.0405841774952495,0.002382525950877873,2.398603278039226,0.8995116617394149
18,grid_0.8000,grid,0.8,4374602.636932113,grid,,0.8,0.453385839668665,0.20742815623969824,0.04066286082218658,0.002363579178814079,2.390695505903522,0.8959491650494921
18,grid_0.8904,grid,0.8904,8084774.664280278,grid,,0.8,0.4541946141507552,0.20863015385218267,0.04132243177657139,0.0022041093198140183,2.3249615391429383,0.862995016858249
18,grid_0.9500,grid,0.95,11724385.549871514,grid,,0.8,0.45448049692064363,0.2093781811176063,0.041745558906125045,0.002093663821992109,2.282918878935764,0.8384016017018937
18,grid_1.0112,grid,1.0112,16773826.411610732,grid,,0.8,0.454544734400956,0.2101443741096496,0.042188472987276536,0.0019721849826598303,2.239380332852006,0.8098641907009966
18,grid_1.1500,grid,1.15,,grid,,0.8,0.4541898705964545,0.21170693786832032,0.04311498840939026,0.0017048391321905776,2.1473125902744052,0.7371680095416133
18,grid_1.3368,grid,1.3368,,grid,,0.8,0.45274545469668404,0.21330699348269455,0.04407015509975428,0.0014297183688720128,2.0486421754803223,0.6348067738676059
18,rtp475,rtp,0.0613122505653577,475.0,grid,,0.85,0.4078247569708976,0.2014724479172543,0.03467384797811661,0.005917299291654132,3.356171834564674,0.9257314146540321
18,rtp2500,rtp,0.11863576389470315,2500.0,grid,,0.85,0.41753110292634066,0.1986128884530716,0.03439356052300998,0.005053518936662282,3.2901543404323714,0.9613243319643492
18,rtp5000,rtp,0.14977155869890793,5000.0,grid,,0.85,0.4226630917085008,0.1985210162135572,0.03452468986832117,0.004885904010142272,3.241372604463833,0.9768750173653094
18,grid_0.1645,grid,0.1645,6609.46560742302,grid,,0.85,0.42498899049808075,0.19863082034431256,0.034622242703283075,0.004831960087371495,3.217019204443531,0.9834653263949924
18,rtp10000,rtp,0.18629788999748753,10000.0,grid,,0.85,0.4282822128305556,0.19889626614994646,0.03479422650688003,0.004765498181510314,3.1802977903248544,0.9922165698309535
18,grid_0.2109,grid,0.2109,15126.540036045599,grid,,0.85,0.43178064391053866,0.19929473935878186,0.03501708829025323,0.004701304845831561,3.1385282798496137,1.000618967450749
18,grid_0.2423,grid,0.2423,24237.556250109363,grid,,0.85,0.43592035672204443,0.1999006054296396,0.035331221543914944,0.004629030507221521,3.08556368674138,1.0090912392730709
18,grid_0.2700,grid,0.27,36281.73183990586,grid,,0.85,0.4392600264861085,0.2004676423903625,0.035622779925539846,0.004564495720010414,3.0398764729056973,1.014505546178952
18,grid_0.2850,grid,0.285,44381.07933439673,grid,,0.85,0.4409514671556523,0.2007780182322041,0.035783483879351694,0.004528328725899589,3.0156612716305533,1.0166855890474085
18,grid_0.3100,grid,0.31,60714.10231888526,grid,,0.85,0.44359533065980905,0.20128928724836356,0.03605268060888167,0.004464696552072545,2.97630518958872,1.0191855584110818
18,grid_0.3300,grid,0.33,76644.52731614409,grid,,0.85,0.4455818033507177,0.20170738118479667,0.036269821301803014,0.0044160463226258495,2.945558699322846,1.020279797074631
18,grid_0.3434,grid,0.3434,89183.93697349212,grid,,0.85,0.44684505556263915,0.20198330884272378,0.03641485451024621,0.004382402540808933,2.925388117339654,1.020577894064855
18,grid_0.3600,grid,0.36,108518.7900745507,grid,,0.85,0.4483367913785738,0.20231959434677224,0.03659327426421968,0.004339943992422796,2.9009432907746904,1.0204998820463385
18,grid_0.3649,grid,0.3649,114791.44159604008,grid,,0.85,0.4487624496525585,0.20241756099761696,0.03664574931851744,0.004327119681706543,2.89381960889793,1.0203841068191473
18,grid_0.4000,grid,0.4,168150.3935068705,grid,,0.85,0.45163314583242964,0.20310671393125518,0.037019065400293684,0.004233271843659042,2.8439300930941047,1.0184039268263274
18,grid_0.4500,grid,0.45,274356.66259618336,grid,,0.85,0.4552264612792086,0.20403560430123932,0.0375389545753406,0.004091573247231306,2.7761729439089913,1.012299590103541
18,grid_0.4898,grid,0.4898,390218.8927695214,grid,,0.85,0.45780731871032704,0.20476130535317447,0.03794386446688555,0.003983327703050404,2.7246311271166497,1.0049397536164857
18,grid_0.5000,grid,0.5,429376.576712395,grid,,0.85,0.45843198501303656,0.20494548345134236,0.0380468091882491,0.003955841998855347,2.7116592471944383,1.0027017635770503
18,grid_0.5500,grid,0.55,668164.9142006582,grid,,0.85,0.46126192828867046,0.20581058871517166,0.038539803617754914,0.003818194809530634,2.6502858225518446,0.9900287463307206
18,grid_0.5971,grid,0.5971,978238.53144292,grid,,0.85,0.46363870100323046,0.2065897433358633,0.038991729730209757,0.003687592321368116,2.595001903109927,0.9755470835133082
18,grid_0.6049,grid,0.6049,1038953.0137061502,grid,,0.85,0.46400784203750584,0.20671679317300534,0.03906608666395575,0.0036657459157753147,2.585986067420437,0.9728964993944494
18,grid_0.6500,grid,0.65,1450405.4361228307,grid,,0.85,0.46600015553583946,0.20742439260617374,0.03948894162370028,0.0035359370243398247,2.5352046217817636,0.9563856316901295
18,grid_0.7139,grid,0.7139,2276372.440183442,grid,,0.85,0.4684073576546513,0.20836864357625234,0.04006107376371878,0.003356417862088512,2.4684430046786843,0.9306560471659223
18,grid_0.7892,grid,0.7892,4046460.643466014,grid,,0.85,0.47073455603252407,0.20947885102337305,0.040702812775071755,0.0031785762510007642,2.398603278039226,0.8995116617394149
18,grid_0.8000,grid,0.8,4374602.636932113,grid,,0.85,0.470960737537592,0.2096171502647944,0.04078379687882695,0.003155552806306444,2.390695505903522,0.8959491650494921
18,grid_0.8904,grid,0.8904,8084774.664280278,grid,,0.85,0.4726636747425436,0.21075955213816455,0.041462697643684286,0.0029568911737954118,2.3249615391429383,0.862995016858249
18,grid_0.9500,grid,0.95,11724385.549871514,grid,,0.85,0.4735281884148599,0.21145446782390465,0.04189837173449386,0.002814620228196868,2.282918878935764,0.8384016017018937
18,grid_1.0112,grid,1.0112,16773826.411610732,grid,,0.85,0.47418754087282655,0.2121552997940203,0.042354548428284254,0.002655322802406379,2.239380332852006,0.8098641907009966
18,grid_1.1500,grid,1.15,,grid,,0.85,0.47510738211966985,0.21355029827759078,0.04330931256203796,0.002294417332410037,2.1473125902744052,0.7371680095416133
18,grid_1.3368,grid,1.3368,,grid,,0.85,0.4750683479721342,0.2149313847296206,0.04429499990082985,0.0019005002409623328,2.0486421754803223,0.6348067738676059
18,rtp475,rtp,0.0613122505653577,475.0,grid,,0.9,0.4254365322447936,0.19959093791793728,0.03396275706168826,0.0058737854372736265,3.356171834564674,0.9257314146540321
18,rtp2500,rtp,0.11863576389470315,2500.0,grid,,0.9,0.435021386385488,0.19720816228644567,0.03369319071001873,0.0051978685623783605,3.2901543404323714,0.9613243319643492
18,rtp5000,rtp,0.14977155869890793,5000.0,grid,,0.9,0.43999397000463103,0.19735254224585083,0.03383303946000081,0.00511498647089953,3.241372604463833,0.9768750173653094
18,grid_0.1645,grid,0.1645,6609.46560742302,grid,,0.9,0.44224963375828646,0.19757032112752296,0.033934879349868524,0.005099152440564025,3.217019204443531,0.9834653263949924
18,rtp10000,rtp,0.18629788999748753,10000.0,grid,,0.9,0.4454505098258651,0.19799026681267418,0.034113245448054975,0.005086900304498931,3.1802977903248544,0.9922165698309535
18,grid_0.2109,grid,0.2109,15126.540036045599,grid,,0.9,0.4488661509193414,0.19855561809451935,0.034343239696209955,0.005081093780686663,3.1385282798496137,1.000618967450749
18,grid_0.2423,grid,0.2423,24237.556250109363,grid,,0.9,0.4529386715884952,0.1993624292887833,0.03466621402853885,0.0050791641833862755,3.08556368674138,1.0090912392730709
18,grid_0.2700,grid,0.27,36281.73183990586,grid,,0.9,0.4562530873023973,0.20009355450975294,0.0349652615928714,0.005072168963476065,3.0398764729056973,1.014505546178952
18,grid_0.2850,grid,0.285,44381.07933439673,grid,,0.9,0.4579421712368749,0.20048755325798934,0.03512989493884672,0.005065364072528389,3.0156612716305533,1.0166855890474085
18,grid_0.3100,grid,0.31,60714.10231888526,grid,,0.9,0.46060216840743395,0.20112974597918024,0.035405401982492514,0.005047772735157052,2.97630518958872,1.0191855584110818
18,grid_0.3300,grid,0.33,76644.52731614409,grid,,0.9,0.46261577696244705,0.20164649202687462,0.035627412570327824,0.005033895176416586,2.945558699322846,1.020279797074631
18,grid_0.3434,grid,0.3434,89183.93697349212,grid,,0.9,0.46390406133908874,0.20198482086616765,0.035775622920333,0.005022244940004833,2.925388117339654,1.020577894064855
18,grid_0.3600,grid,0.36,108518.7900745507,grid,,0.9,0.4654350117175514,0.20239441185755436,0.03595786420078899,0.005005633750376354,2.9009432907746904,1.0204998820463385
18,grid_0.3649,grid,0.3649,114791.44159604008,grid,,0.9,0.46587336340270363,0.20251327563764587,0.03601145241771239,0.005000174391776746,2.89381960889793,1.0203841068191473
18,grid_0.4000,grid,0.4,168150.3935068705,grid,,0.9,0.46884857548993,0.20334265674758684,0.03639254879662224,0.0049556872565446886,2.8439300930941047,1.0184039268263274
18,grid_0.4500,grid,0.45,274356.66259618336,grid,,0.9,0.47262050462421146,0.2044444019289446,0.03692299982898379,0.00487451365110006,2.7761729439089913,1.012299590103541
18,grid_0.4898,grid,0.4898,390218.8927695214,grid,,0.9,0.47536696791269295,0.20529254015780157,0.03733587694803166,0.004809150096410919,2.7246311271166497,1.0049397536164857
18,grid_0.5000,grid,0.5,429376.576712395,grid,,0.9,0.476035634078032,0.2055061945129107,0.03744082995639814,0.004791966026780142,2.7116592471944383,1.0027017635770503
18,grid_0.5500,grid,0.55,668164.9142006582,grid,,0.9,0.47910027090519874,0.20649985926560047,0.03794326139713387,0.004698930479578922,2.6502858225518446,0.9900287463307206
18,grid_0.5971,grid,0.5971,978238.53144292,grid,,0.9,0.48171911826588404,0.2073809887255901,0.03840363823516873,0.004603236249634601,2.595001903109927,0.9755470835133082
18,grid_0.6049,grid,0.6049,1038953.0137061502,grid,,0.9,0.4821291867842678,0.20752334346896234,0.03847937650216664,0.00458656158237028,2.585986067420437,0.9728964993944494
18,grid_0.6500,grid,0.65,1450405.4361228307,grid,,0.9,0.48437203614467494,0.20830724838669704,0.03890996101775866,0.00448194871267843,2.5352046217817636,0.9563856316901295
18,grid_0.7139,grid,0.7139,2276372.440183442,grid,,0.9,0.48719133233736583,0.2093234830016349,0.03949195201712172,0.004324368518814015,2.4684430046786843,0.9306560471659223
18,grid_0.7892,grid,0.7892,4046460.643466014,grid,,0.9,0.4901420288415125,0.21046135994532938,0.040143021022896117,0.004150963007141378,2.398603278039226,0.8995116617394149
18,grid_0.8000,grid,0.8,4374602.636932113,grid,,0.9,0.4904826251583543,0.2105910713868691,0.04022483420873778,0.004123765139131624,2.390695505903522,0.8959491650494921
18,grid_0.8904,grid,0.8904,8084774.664280278,grid,,0.9,0.4931451959508545,0.21164463335687422,0.04091072363610064,0.003882727192665081,2.3249615391429383,0.862995016858249
18,grid_0.9500,grid,0.95,11724385.549871514,grid,,0.9,0.4946300451536783,0.21226163125279676,0.04135101240777487,0.0037039876943233963,2.282918878935764,0.8384016017018937
18,grid_1.0112,grid,1.0112,16773826.411610732,grid,,0.9,0.4959259484591054,0.21286535920014707,0.04181213510825304,0.003499526039154599,2.239380332852006,0.8098641907009966
18,grid_1.1500,grid,1.15,,grid,,0.9,0.49821309310255935,0.21401072086611528,0.04277769860254899,0.0030228900430853134,2.1473125902744052,0.7371680095416133
18,grid_1.3368,grid,1.3368,,grid,,0.9,0.499702634506821,0.21506461936205218,0.04377577372033305,0.0024770167810113375,2.0486421754803223,0.6348067738676059
18,rtp475,rtp,0.0613122505653577,475.0,grid,,0.95,0.4424491581970551,0.2003901954410395,0.03457645064235481,0.005579779786543199,3.356171834564674,0.9257314146540321
18,rtp2500,rtp,0.11863576389470315,2500.0,grid,,0.95,0.4512408251304856,0.19867058183750094,0.03431470943510968,0.005155290652541472,3.2901543404323714,0.9613243319643492
18,rtp5000,rtp,0.14977155869890793,5000.0,grid,,0.95,0.455849831527303,0.1990299900369801,0.03445488186470654,0.005158055069413858,3.241372604463833,0.9768750173653094
18,grid_0.1645,grid,0.1645,6609.46560742302,grid,,0.95,0.457963168995317,0.19933390072092858,0.03455629182645596,0.005177712150165048,3.217019204443531,0.9834653263949924
18,rtp10000,rtp,0.18629788999748753,10000.0,grid,,0.95,0.46098833915498666,0.19986812300403317,0.034733523789056996,0.005213742804098337,3.1802977903248544,0.9922165698309535
18,grid_0.2109,grid,0.2109,15126.540036045599,grid,,0.95,0.4642550181940715,0.20054788288467001,0.03496167438376172,0.005257778945761599,3.1385282798496137,1.000618967450749
18,grid_0.2423,grid,0.2423,24237.556250109363,grid,,0.95,0.46821035841538106,0.20148311451168813,0.03528164185768554,0.005313803575644482,3.08556368674138,1.0090912392730709
18,grid_0.2700,grid,0.27,36281.73183990586,grid,,0.95,0.47148182473101297,0.20231353011416986,0.035577638574493704,0.005353125892763405,3.0398764729056973,1.014505546178952
18,grid_0.2850,grid,0.285,44381.07933439673,grid,,0.95,0.47316795588057364,0.20275641602303382,0.03574051443264127,0.005369649805864296,3.0156612716305533,1.0166855890474085
18,grid_0.3100,grid,0.31,60714.10231888526,grid,,0.95,0.47585429739550006,0.20347331194130092,0.03601296961383548,0.005388419058526467,2.97630518958872,1.0191855584110818
18,grid_0.3300,grid,0.33,76644.52731614409,grid,,0.95,0.4779122790318915,0.2040442258571533,0.03623244124346202,0.005401604862182968,2.945558699322846,1.020279797074631
18,grid_0.3434,grid,0.3434,89183.93697349212,grid,,0.95,0.479241139502194,0.20441594933830395,0.03637892409925891,0.005406956244621147,2.925388117339654,1.020577894064855
18,grid_0.3600,grid,0.36,108518.7900745507,grid,,0.95,0.4808343178501466,0.20486396914320715,0.036559004120500525,0.005410241732608401,2.9009432907746904,1.0204998820463385
18,grid_0.3649,grid,0.3649,114791.44159604008,grid,,0.95,0.48129302205863345,0.2049936260686763,0.0366119516754394,0.005410435053344875,2.89381960889793,1.0203841068191473
18,grid_0.4000,grid,0.4,168150.3935068705,grid,,0.95,0.4844380405797102,0.2058928082101353,0.03698842744862354,0.005403421024032018,2.8439300930941047,1.0184039268263274
18,grid_0.4500,grid,0.45,274356.66259618336,grid,,0.95,0.4885113437666818,0.2070732895323385,0.03751229846984088,0.00536704876790281,2.7761729439089913,1.012299590103541
18,grid_0.4898,grid,0.4898,390218.8927695214,grid,,0.95,0.49153948914528195,0.20797122807357443,0.037919947525890035,0.0053320841805406805,2.7246311271166497,1.0049397536164857
18,grid_0.5000,grid,0.5,429376.576712395,grid,,0.95,0.49228468153458566,0.20819582739717338,0.03802356290274068,0.005321939642852935,2.7116592471944383,1.0027017635770503
18,grid_0.5500,grid,0.55,668164.9142006582,grid,,0.95,0.4957540284502653,0.2092311801883923,0.03851949781145802,0.005258188951569459,2.6502858225518446,0.9900287463307206
18,grid_0.5971,grid,0.5971,978238.53144292,grid,,0.95,0.49878950763584246,0.21013530482026907,0.038973819924153504,0.0051830264077538934,2.595001903109927,0.9755470835133082
18,grid_0.6049,grid,0.6049,1038953.0137061502,grid,,0.95,0.49927116038348424,0.21027996191847245,0.039048556005377155,0.00516910637905707,2.585986067420437,0.9728964993944494
18,grid_0.6500,grid,0.65,1450405.4361228307,grid,,0.95,0.5019479273917795,0.21106807427191673,0.03947337485329416,0.005076357123561193,2.5352046217817636,0.9563856316901295
18,grid_0.7139,grid,0.7139,2276372.440183442,grid,,0.95,0.5054439301743512,0.21206143290297638,0.040047307846209704,0.004922743478653846,2.4684430046786843,0.9306560471659223
18,grid_0.7892,grid,0.7892,4046460.643466014,grid,,0.95,0.5093073725141541,0.21312331001050722,0.040688728265875766,0.004732817003959,2.398603278039226,0.8995116617394149
18,grid_0.8000,grid,0.8,4374602.636932113,grid,,0.95,0.5097971042323483,0.21323486544034337,0.040769186514160644,0.0046999213252006955,2.390695505903522,0.8959491650494921
18,grid_0.8904,grid,0.8904,8084774.664280278,grid,,0.95,0.513725716177854,0.2141161662890627,0.041443717803557684,0.004402014862767867,2.3249615391429383,0.862995016858249
18,grid_0.9500,grid,0.95,11724385.549871514,grid,,0.95,0.5160527566353945,0.21460163631038953,0.04187671542165468,0.004177146885442018,2.282918878935764,0.8384016017018937
18,grid_1.0112,grid,1.0112,16773826.411610732,grid,,0.95,0.5182395742161389,0.2150532928858706,0.04233020229096234,0.003917716490093703,2.239380332852006,0.8098641907009966
18,grid_1.1500,grid,1.15,,grid,,0.95,0.5225072804803551,0.21583387339488375,0.04327976395500501,0.003304496949633695,2.1473125902744052,0.7371680095416133
18,grid_1.3368,grid,1.3368,,grid,,0.95,0.5263999464320819,0.2164527598987255,0.044261240742735616,0.0025905565250397,2.0486421754803223,0.6348067738676059
18,rtp475,rtp,0.0613122505653577,475.0,grid,,1.0,0.46003575076374054,0.20054028892624204,0.03474364412451213,0.005472763358108507,3.356171834564674,0.9257314146540321
18,rtp2500,rtp,0.11863576389470315,2500.0,grid,,1.0,0.46814066760721246,0.1994962331595788,0.03450117023248677,0.0052975768123742495,3.2901543404323714,0.9613243319643492
18,rtp5000,rtp,0.14977155869890793,5000.0,grid,,1.0,0.47241829755154335,0.20007601528529267,0.0346455411680815,0.00538487072435917,3.241372604463833,0.9768750173653094
18,grid_0.1645,grid,0.1645,6609.46560742302,grid,,1.0,0.4744016742079611,0.2004671357313046,0.03474784884322446,0.005439223665088838,3.217019204443531,0.9834653263949924
18,rtp10000,rtp,0.18629788999748753,10000.0,grid,,1.0,0.4772670578486953,0.20111565420179817,0.03492541659401468,0.005522089771002575,3.1802977903248544,0.9922165698309535
18,grid_0.2109,grid,0.2109,15126.540036045599,grid,,1.0,0.48040019180574545,0.2019081810414003,0.03515276117208168,0.005614152399365191,3.1385282798496137,1.000618967450749
18,grid_0.2423,grid,0.2423,24237.556250109363,grid,,1.0,0.4842552779770718,0.20296846521462844,0.035470234548487,0.005725963323094829,3.08556368674138,1.0090912392730709
18,grid_0.2700,grid,0.27,36281.73183990586,grid,,1.0,0.4874968185929815,0.20389468541008193,0.03576305136656371,0.005809991371912571,3.0398764729056973,1.014505546178952
18,grid_0.2850,grid,0.285,44381.07933439673,grid,,1.0,0.48918645328983873,0.20438451406121183,0.03592392156034308,0.005849108027694616,3.0156612716305533,1.0166855890474085
18,grid_0.3100,grid,0.31,60714.10231888526,grid,,1.0,0.4919091381064838,0.2051730376840792,0.036192657218480806,0.00590331817403178,2.97630518958872,1.0191855584110818
18,grid_0.3300,grid,0.33,76644.52731614409,grid,,1.0,0.4940190180357215,0.20579599545444904,0.036408867945676326,0.005943123799411282,2.945558699322846,1.020279797074631
18,grid_0.3434,grid,0.3434,89183.93697349212,grid,,1.0,0.49539327236983355,0.20619988494572883,0.03655306711705836,0.005965325434573454,2.925388117339654,1.020577894064855
18,grid_0.3600,grid,0.36,108518.7900745507,grid,,1.0,0.49705446151540783,0.20668508971946833,0.03673021778045713,0.0059885085318875375,2.9009432907746904,1.0204998820463385
18,grid_0.3649,grid,0.3649,114791.44159604008,grid,,1.0,0.49753517960581345,0.2068252044402301,0.03678228693062932,0.005994378261113653,2.89381960889793,1.0203841068191473
18,grid_0.4000,grid,0.4,168150.3935068705,grid,,1.0,0.5008613162268054,0.2077923094362431,0.0371523036352935,0.006025340225553899,2.8439300930941047,1.0184039268263274
18,grid_0.4500,grid,0.45,274356.66259618336,grid,,1.0,0.5052504809820746,0.20905008124992983,0.037666690883097306,0.006035245587504956,2.7761729439089913,1.012299590103541
18,grid_0.4898,grid,0.4898,390218.8927695214,grid,,1.0,0.5085712520321152,0.2099979778907035,0.0380666021829675,0.006032548535216897,2.7246311271166497,1.0049397536164857
18,grid_0.5000,grid,0.5,429376.576712395,grid,,1.0,0.5093956594293582,0.21023366214671324,0.03816822123595585,0.00602997146366252,2.7116592471944383,1.0027017635770503
18,grid_0.5500,grid,0.55,668164.9142006582,grid,,1.0,0.5132822360072757,0.21131181139169058,0.0386542914986547,0.005998390134982712,2.6502858225518446,0.9900287463307206
18,grid_0.5971,grid,0.5971,978238.53144292,grid,,1.0,0.5167452584731143,0.2122401820896391,0.039099238377038305,0.005946656516404858,2.595001903109927,0.9755470835133082
18,grid_0.6049,grid,0.6049,1038953.0137061502,grid,,1.0,0.5173001802468696,0.2123873066026113,0.039172411629494086,0.005935956376417528,2.585986067420437,0.9728964993944494
18,grid_0.6500,grid,0.65,1450405.4361228307,grid,,1.0,0.5204200580782691,0.2131802695083522,0.03958811822924252,0.005857709078411155,2.5352046217817636,0.9563856316901295
18,grid_0.7139,grid,0.7139,2276372.440183442,grid,,1.0,0.5246048450175793,0.21415056810040206,0.04014886796175663,0.005711597855968309,2.4684430046786843,0.9306560471659223
18,grid_0.7892,grid,0.7892,4046460.643466014,grid,,1.0,0.5293945477750505,0.21513175270339877,0.0407735015280093,0.005508169493227022,2.398603278039226,0.8995116617394149
18,grid_0.8000,grid,0.8,4374602.636932113,grid,,1.0,0.5300351182119385,0.21522356527289827,0.04085138530940672,0.005469797739370785,2.390695505903522,0.8959491650494921
18,grid_0.8904,grid,0.8904,8084774.664280278,grid,,1.0,0.5352423774845151,0.21591172083304844,0.04150432776266949,0.005113543430418754,2.3249615391429383,0.862995016858249
18,grid_0.9500,grid,0.95,11724385.549871514,grid,,1.0,0.5384182382518248,0.2162447412730457,0.04192344506921156,0.004838343059034911,2.282918878935764,0.8384016017018937
18,grid_1.0112,grid,1.0112,16773826.411610732,grid,,1.0,0.5415004537588503,0.2165145955650043,0.04236237589671333,0.004516194195964052,2.239380332852006,0.8098641907009966
18,grid_1.1500,grid,1.15,,grid,,1.0,0.5477579054444698,0.2168442102955244,0.04328137213880012,0.003740039399889483,2.1473125902744052,0.7371680095416133
18,grid_1.3368,grid,1.3368,,grid,,1.0,0.5540689938761915,0.21689900903316786,0.044230998208552946,0.0028141819110172883,2.0486421754803223,0.6348067738676059
18,rtp475,rtp,0.0613122505653577,475.0,grid,,1.05,0.4635333211323052,0.20379789247601263,0.03581699016633477,0.005716590811329636,3.356171834564674,0.9257314146540321
18,rtp2500,rtp,0.11863576389470315,2500.0,grid,,1.05,0.47130794412837296,0.2032410998962412,0.03555670273665866,0.00575024195037524,3.2901543404323714,0.9613243319643492
18,rtp5000,rtp,0.14977155869890793,5000.0,grid,,1.05,0.47561826784668865,0.20396997639957679,0.03569096438611384,0.005912786886330068,3.241372604463833,0.9768750173653094
18,grid_0.1645,grid,0.1645,6609.46560742302,grid,,1.05,0.4776536619408509,0.20442200574373007,0.03578895155366512,0.0059994048786244925,3.217019204443531,0.9834653263949924
18,rtp10000,rtp,0.18629788999748753,10000.0,grid,,1.05,0.48063092379179817,0.20515310699292952,0.03596073777838223,0.006127059530470158,3.1802977903248544,0.9922165698309535
18,grid_0.2109,grid,0.2109,15126.540036045599,grid,,1.05,0.48393298241246113,0.2060310421374358,0.036182445477748494,0.006266344846489358,3.1385282798496137,1.000618967450749
18,grid_0.2423,grid,0.2423,24237.556250109363,grid,,1.05,0.4880579508049009,0.2071913969458189,0.03649403425921086,0.006434240709149025,3.08556368674138,1.0090912392730709
18,grid_0.2700,grid,0.27,36281.73183990586,grid,,1.05,0.49157695176529387,0.2081982351451586,0.03678274600289161,0.006563759114667139,3.0398764729056973,1.014505546178952
18,grid_0.2850,grid,0.285,44381.07933439673,grid,,1.05,0.49342900084621993,0.2087287433414127,0.03694175964562046,0.0066259286512648785,3.0156612716305533,1.0166855890474085
18,grid_0.3100,grid,0.31,60714.10231888526,grid,,1.05,0.4964379275174913,0.20958063929269677,0.03720797198623575,0.006716072380099719,2.97630518958872,1.0191855584110818
18,grid_0.3300,grid,0.33,76644.52731614409,grid,,1.05,0.4987896278037896,0.2102507738406823,0.03742255827170609,0.006782829628899645,2.945558699322846,1.020279797074631
18,grid_0.3434,grid,0.3434,89183.93697349212,grid,,1.05,0.5003313932877181,0.21068440186611023,0.03756584808451305,0.006822069105167583,2.925388117339654,1.020577894064855
18,grid_0.3600,grid,0.36,108518.7900745507,grid,,1.05,0.5022050432875251,0.21120442361560246,0.03774207779763419,0.006865230757164664,2.9009432907746904,1.0204998820463385
18,grid_0.3649,grid,0.3649,114791.44159604008,grid,,1.05,0.5027495860621021,0.21135444137805695,0.03779390529697421,0.006876794593256297,2.89381960889793,1.0203841068191473
18,grid_0.4000,grid,0.4,168150.3935068705,grid,,1.05,0.5065454193442548,0.21238713853856378,0.03816256122749194,0.006945735389107144,2.8439300930941047,1.0184039268263274
18,grid_0.4500,grid,0.45,274356.66259618336,grid,,1.05,0.511633087854035,0.2137211431649893,0.038675932593959766,0.007000794441790081,2.7761729439089913,1.012299590103541
18,grid_0.4898,grid,0.4898,390218.8927695214,grid,,1.05,0.5155279660468925,0.21471572500970323,0.03907564074940496,0.007027201817037532,2.7246311271166497,1.0049397536164857
18,grid_0.5000,grid,0.5,429376.576712395,grid,,1.05,0.5165021681465242,0.21496125791719778,0.03917726053803231,0.007031081867311717,2.7116592471944383,1.0027017635770503
18,grid_0.5500,grid,0.55,668164.9142006582,grid,,1.05,0.5211284841904645,0.2160748763161125,0.03966387226968637,0.0070244799053369444,2.6502858225518446,0.9900287463307206
18,grid_0.5971,grid,0.5971,978238.53144292,grid,,1.05,0.5252982281771286,0.21701801880409322,0.040109898524720994,0.006986921960932757,2.595001903109927,0.9755470835133082
18,grid_0.6049,grid,0.6049,1038953.0137061502,grid,,1.05,0.5259715285807687,0.21716583025372815,0.04018328787678506,0.006977709953006006,2.585986067420437,0.9728964993944494
18,grid_0.6500,grid,0.65,1450405.4361228307,grid,,1.05,0.5297788986353952,0.21795288438608273,0.04060062951273184,0.0069028302994812996,2.5352046217817636,0.9563856316901295
18,grid_0.7139,grid,0.7139,2276372.440183442,grid,,1.05,0.5349340761648049,0.21888781174014618,0.0411650155114023,0.006746858616987372,2.4684430046786843,0.9306560471659223
18,grid_0.7892,grid,0.7892,4046460.643466014,grid,,1.05,0.5408468157675799,0.21979012489294075,0.041796759422477785,0.006510939577976715,2.398603278039226,0.8995116617394149
18,grid_0.8000,grid,0.8,4374602.636932113,grid,,1.05,0.5416360552688414,0.21986840826083498,0.041876278048775424,0.006465838902377785,2.390695505903522,0.8959491650494921
18,grid_0.8904,grid,0.8904,8084774.664280278,grid,,1.05,0.5481035462070784,0.22041253940933447,0.042542984871637594,0.00603870265723383,2.3249615391429383,0.862995016858249
18,grid_0.9500,grid,0.95,11724385.549871514,grid,,1.05,0.5521158117081622,0.22062275913211798,0.04297112561831355,0.005703276228754994,2.282918878935764,0.8384016017018937
18,grid_1.0112,grid,1.0112,16773826.411610732,grid,,1.05,0.556082458029089,0.22073936250424753,0.04341967301515164,0.005306193143629956,2.239380332852006,0.8098641907009966
18,grid_1.1500,grid,1.15,,grid,,1.05,0.5643014005211796,0.22066584334766895,0.04435942011654081,0.004333994303797162,2.1473125902744052,0.7371680095416133
18,grid_1.3368,grid,1.3368,,grid,,1.05,0.5729776874429923,0.2201757634242263,0.045332137731437676,0.003145229068003186,2.0486421754803223,0.6348067738676059
18,rtp475,rtp,0.0613122505653577,475.0,grid,,1.1,0.46805310211277285,0.20618625102799765,0.03648692104910489,0.006025849063875571,3.356171834564674,0.9257314146540321
18,rtp2500,rtp,0.11863576389470315,2500.0,grid,,1.1,0.4756317489509937,0.20608949513206176,0.03620654294997686,0.006266337053811244,3.2901543404323714,0.9613243319643492
18,rtp5000,rtp,0.14977155869890793,5000.0,grid,,1.1,0.4800133191478225,0.20696836962054374,0.03632832990593112,0.006507576117454894,3.241372604463833,0.9768750173653094
18,grid_0.1645,grid,0.1645,6609.46560742302,grid,,1.1,0.4821137965025652,0.2074831538602459,0.03642083184009985,0.006628427295694628,3.217019204443531,0.9834653263949924
18,rtp10000,rtp,0.18629788999748753,10000.0,grid,,1.1,0.4852175393073219,0.20830055473647344,0.036585124630100004,0.006803996473422558,3.1802977903248544,0.9922165698309535
18,grid_0.2109,grid,0.2109,15126.540036045599,grid,,1.1,0.48869961891865205,0.20926921356794564,0.0367993221754648,0.006994281571881644,3.1385282798496137,1.000618967450749
18,grid_0.2423,grid,0.2423,24237.556250109363,grid,,1.1,0.49310249701990244,0.21053792023368653,0.03710276912001168,0.007223446736314476,3.08556368674138,1.0090912392730709
18,grid_0.2700,grid,0.27,36281.73183990586,grid,,1.1,0.49690178909851357,0.21163356736563124,0.03738553311963865,0.007403233716264529,3.0398764729056973,1.014505546178952
18,grid_0.2850,grid,0.285,44381.07933439673,grid,,1.1,0.4989164305360679,0.2122094191441871,0.037541750107023424,0.007491087466489854,3.0156612716305533,1.0166855890474085
18,grid_0.3100,grid,0.31,60714.10231888526,grid,,1.1,0.5022105015746596,0.21313278940635044,0.037803973443849774,0.007621612476281958,2.97630518958872,1.0191855584110818
18,grid_0.3300,grid,0.33,76644.52731614409,grid,,1.1,0.5048019611142948,0.2138569463035041,0.038015829294397674,0.007718964187862165,2.945558699322846,1.020279797074631
18,grid_0.3434,grid,0.3434,89183.93697349212,grid,,1.1,0.5065093535940427,0.21432496814145793,0.03815750374083484,0.007777688228002122,2.925388117339654,1.020577894064855
18,grid_0.3600,grid,0.36,108518.7900745507,grid,,1.1,0.5085927487793972,0.21488560810195703,0.03833198091798427,0.007843843651363591,2.9009432907746904,1.0204998820463385
18,grid_0.3649,grid,0.3649,114791.44159604008,grid,,1.1,0.509200203359089,0.2150472466876406,0.03838332761390824,0.00786199069402671,2.89381960889793,1.0203841068191473
18,grid_0.4000,grid,0.4,168150.3935068705,grid,,1.1,0.513457861266667,0.21615784494638235,0.03874898824140916,0.007975225690455112,2.8439300930941047,1.0184039268263274
18,grid_0.4500,grid,0.45,274356.66259618336,grid,,1.1,0.5192292958955308,0.21758526463617583,0.03925923121121531,0.008084116175579359,2.7761729439089913,1.012299590103541
18,grid_0.4898,grid,0.4898,390218.8927695214,grid,,1.1,0.5236848493103781,0.21864042026633407,0.0396572007157621,0.008146432658477087,2.7246311271166497,1.0049397536164857
18,grid_0.5000,grid,0.5,429376.576712395,grid,,1.1,0.5248050814035107,0.21889932741490636,0.039758440636965306,0.00815847490573307,2.7116592471944383,1.0027017635770503
18,grid_0.5500,grid,0.55,668164.9142006582,grid,,1.1,0.5301519525342517,0.22006485631702408,0.0402438716301103,0.008184669355722152,2.6502858225518446,0.9900287463307206
18,grid_0.5971,grid,0.5971,978238.53144292,grid,,1.1,0.5350090385163297,0.22103688322806955,0.04068950778589028,0.00816779596128897,2.595001903109927,0.9755470835133082
18,grid_0.6049,grid,0.6049,1038953.0137061502,grid,,1.1,0.5357972905257722,0.2211875582935022,0.04076287865657437,0.00816105728726707,2.585986067420437,0.9728964993944494
18,grid_0.6500,grid,0.65,1450405.4361228307,grid,,1.1,0.5402720852721997,0.22198031423903022,0.04118059660891223,0.008094663300746374,2.5352046217817636,0.9563856316901295
18,grid_0.7139,grid,0.7139,2276372.440183442,grid,,1.1,0.5463706765961743,0.22289350760417007,0.041747182042660466,0.007934333689429751,2.4684430046786843,0.9306560471659223
18,grid_0.7892,grid,0.7892,4046460.643466014,grid,,1.1,0.5533806291901016,0.2237284726177197,0.0423849931483892,0.007669436311468547,2.398603278039226,0.8995116617394149
18,grid_0.8000,grid,0.8,4374602.636932113,grid,,1.1,0.5543165651623512,0.2237943053717124,0.042466152160948116,0.007617738955859155,2.390695505903522,0.8959491650494921
18,grid_0.8904,grid,0.8904,8084774.664280278,grid,,1.1,0.5620254975638633,0.22419858387025202,0.04314667871807203,0.007118326291354393,2.3249615391429383,0.862995016858249
18,grid_0.9500,grid,0.95,11724385.549871514,grid,,1.1,0.5668597644533389,0.22428365900425334,0.043583910971188626,0.006719248725147564,2.282918878935764,0.8384016017018937
18,grid_1.0112,grid,1.0112,16773826.411610732,grid,,1.1,0.5716928307612128,0.224238924783044,0.04404217456781431,0.006240920820041351,2.239380332852006,0.8098641907009966
18,grid_1.1500,grid,1.15,,grid,,1.1,0.5818308939395372,0.22372887212095624,0.04500300086082373,0.005051607359691457,2.1473125902744052,0.7371680095416133
18,grid_1.3368,grid,1.3368,,grid,,1.1,0.5928215166868114,0.2226319737665409,0.045999494099730046,0.003565501643455704,2.0486421754803223,0.6348067738676059
18,rtp475,rtp,0.0613122505653577,475.0,grid,,1.15,0.4734210293118795,0.20786872172962084,0.036813850397173074,0.0063955550763334645,3.356171834564674,0.9257314146540321
18,rtp2500,rtp,0.11863576389470315,2500.0,grid,,1.15,0.4809240871216745,0.20821042238380744,0.03651221663291924,0.006839363356324263,3.2901543404323714,0.9613243319643492
18,rtp5000,rtp,0.14977155869890793,5000.0,grid,,1.15,0.48541163324973174,0.20923978054357825,0.036619733043302446,0.007161552718622344,3.241372604463833,0.9768750173653094
18,grid_0.1645,grid,0.1645,6609.46560742302,grid,,1.15,0.48758900117851967,0.20981856377672012,0.036705817328288814,0.007318012377036748,3.217019204443531,0.9834653263949924
18,rtp10000,rtp,0.18629788999748753,10000.0,grid,,1.15,0.49083246446877277,0.2107247732392009,0.036861203370958086,0.007543726685754565,3.1802977903248544,0.9922165698309535
18,grid_0.2109,grid,0.2109,15126.540036045599,grid,,1.15,0.49450467797176506,0.2117877686549101,0.037066291670524304,0.007787767281301428,3.1385282798496137,1.000618967450749
18,grid_0.2423,grid,0.2423,24237.556250109363,grid,,1.15,0.4991928428168648,0.213170562909512,0.03735960020246063,0.008082088688697586,3.08556368674138,1.0090912392730709
18,grid_0.2700,grid,0.27,36281.73183990586,grid,,1.15,0.5032750879885701,0.21436076738224275,0.037634731825269996,0.008315806767433986,3.0398764729056973,1.014505546178952
18,grid_0.2850,grid,0.285,44381.07933439673,grid,,1.15,0.5054525379013863,0.2149852599268089,0.03778727385256595,0.008431388133231632,3.0156612716305533,1.0166855890474085
18,grid_0.3100,grid,0.31,60714.10231888526,grid,,1.15,0.5090308303427538,0.2159858761859932,0.038044109282383505,0.008605789429447674,2.97630518958872,1.0191855584110818
18,grid_0.3300,grid,0.33,76644.52731614409,grid,,1.15,0.5118602273268561,0.21676900601469246,0.03825215733075454,0.008736644637843238,2.945558699322846,1.020279797074631
18,grid_0.3434,grid,0.3434,89183.93697349212,grid,,1.15,0.5137315646654768,0.21727481612651064,0.03839151844261162,0.008816827280197392,2.925388117339654,1.020577894064855
18,grid_0.3600,grid,0.36,108518.7900745507,grid,,1.15,0.5160222634194932,0.21788032979832145,0.038563408911382734,0.008908429201642587,2.9009432907746904,1.0204998820463385
18,grid_0.3649,grid,0.3649,114791.44159604008,grid,,1.15,0.516691807841074,0.21805485699489988,0.038614033029925575,0.008933887629140658,2.89381960889793,1.0203841068191473
18,grid_0.4000,grid,0.4,168150.3935068705,grid,,1.15,0.5214041913529746,0.21925252986976507,0.03897502236760452,0.009096649486687702,2.8439300930941047,1.0184039268263274
18,grid_0.4500,grid,0.45,274356.66259618336,grid,,1.15,0.5278460907088007,0.22078639019545918,0.03947990997512631,0.00926672012041524,2.7761729439089913,1.012299590103541
18,grid_0.4898,grid,0.4898,390218.8927695214,grid,,1.15,0.5328501590941511,0.22191287761173986,0.039874479326567076,0.009370845923355964,2.7246311271166497,1.0049397536164857
18,grid_0.5000,grid,0.5,429376.576712395,grid,,1.15,0.5341130145471484,0.22218791805885366,0.03997492339408659,0.00939254753724128,2.7116592471944383,1.0027017635770503
18,grid_0.5500,grid,0.55,668164.9142006582,grid,,1.15,0.5401630547943052,0.2234182808399696,0.0404572474113363,0.009458480802151226,2.6502858225518446,0.9900287463307206
18,grid_0.5971,grid,0.5971,978238.53144292,grid,,1.15,0.5456899007876018,0.22443040255846297,0.040900799461476886,0.00946820613107685,2.595001903109927,0.9755470835133082
18,grid_0.6049,grid,0.6049,1038953.0137061502,grid,,1.15,0.546589999128861,0.22458568241228846,0.04097387780728815,0.009464850937305147,2.585986067420437,0.9728964993944494
18,grid_0.6500,grid,0.65,1450405.4361228307,grid,,1.15,0.5517140137198941,0.22539344593006522,0.041390462813487135,0.009411742654742095,2.5352046217817636,0.9563856316901295
18,grid_0.7139,grid,0.7139,2276372.440183442,grid,,1.15,0.5587313885864554,0.22629578784556578,0.04195738164343601,0.00925240195320931,2.4684430046786843,0.9306560471659223
18,grid_0.7892,grid,0.7892,4046460.643466014,grid,,1.15,0.5668145223127912,0.22707214347084775,0.042599548122298735,0.008962210218146527,2.398603278039226,0.8995116617394149
18,grid_0.8000,grid,0.8,4374602.636932113,grid,,1.15,0.5678951949927084,0.22712614849581475,0.04268222251176847,0.008904064818774426,2.390695505903522,0.8959491650494921
18,grid_0.8904,grid,0.8904,8084774.664280278,grid,,1.15,0.5768271442623271,0.22739167473750035,0.04337552566569679,0.008331448074228365,2.3249615391429383,0.862995016858249
18,grid_0.9500,grid,0.95,11724385.549871514,grid,,1.15,0.5824695042237825,0.22734796086856932,0.04382119865847692,0.007865896652619608,2.282918878935764,0.8384016017018937
18,grid_1.0112,grid,1.0112,16773826.411610732,grid,,1.15,0.5881518821043904,0.22713319500442194,0.04428851322146638,0.007300975051450387,2.239380332852006,0.8098641907009966
18,grid_1.1500,grid,1.15,,grid,,1.15,0.6001690045670914,0.22615374938866428,0.04526909805638952,0.005876420306161256,2.1473125902744052,0.7371680095416133
18,grid_1.3368,grid,1.3368,,grid,,1.15,0.6134258376771041,0.2243909279823127,0.04628821486824087,0.0040630736925225674,2.0486421754803223,0.6348067738676059
18,rtp475,rtp,0.0613122505653577,475.0,grid,,1.2,0.47947298572244035,0.20901065555377762,0.03686588208472886,0.006819572050291017,3.356171834564674,0.9257314146540321
18,rtp2500,rtp,0.11863576389470315,2500.0,grid,,1.2,0.48700327323853326,0.2097779629157523,0.03654238418459925,0.0074644095404834965,3.2901543404323714,0.9613243319643492
18,rtp5000,rtp,0.14977155869890793,5000.0,grid,,1.2,0.49162764650069807,0.21095866853695777,0.0366337330025673,0.007869826828318716,3.241372604463833,0.9768750173653094
18,grid_0.1645,grid,0.1645,6609.46560742302,grid,,1.2,0.4938927757232882,0.21160237162315737,0.03671235291960807,0.008063210756936723,3.217019204443531,0.9834653263949924
18,rtp10000,rtp,0.18629788999748753,10000.0,grid,,1.2,0.49728865741965556,0.21259904706134283,0.03685718958478657,0.008341165226604497,3.1802977903248544,0.9922165698309535
18,grid_0.2109,grid,0.2109,15126.540036045599,grid,,1.2,0.5011614702054505,0.21375862569680876,0.03705124118091135,0.008641508878877047,3.1385282798496137,1.000618967450749
18,grid_0.2423,grid,0.2423,24237.556250109363,grid,,1.2,0.5061438371182595,0.21525902596507038,0.03733191405769371,0.009004534201737135,3.08556368674138,1.0090912392730709
18,grid_0.2700,grid,0.27,36281.73183990586,grid,,1.2,0.5105138189710555,0.2165473310537858,0.03759723397003991,0.009295512616477986,3.0398764729056973,1.014505546178952
18,grid_0.2850,grid,0.285,44381.07933439673,grid,,1.2,0.5128556884913226,0.21722250608466212,0.0377449400854207,0.009440677064280367,3.0156612716305533,1.0166855890474085
18,grid_0.3100,grid,0.31,60714.10231888526,grid,,1.2,0.5167198542079412,0.21830397886687689,0.037994499910323595,0.009662127278786237,2.97630518958872,1.0191855584110818
18,grid_0.3300,grid,0.33,76644.52731614409,grid,,1.2,0.5197876208214716,0.21914921135598717,0.038197259710177955,0.00982911712777318,2.945558699322846,1.020279797074631
18,grid_0.3434,grid,0.3434,89183.93697349212,grid,,1.2,0.5218228156671112,0.21969497575435062,0.03833333533366879,0.009932547038035922,2.925388117339654,1.020577894064855
18,grid_0.3600,grid,0.36,108518.7900745507,grid,,1.2,0.524320411455611,0.22034809274600242,0.03850146212959872,0.01005181984720216,2.9009432907746904,1.0204998820463385
18,grid_0.3649,grid,0.3649,114791.44159604008,grid,,1.2,0.5250518433284201,0.22053632715698387,0.03855102014622312,0.010085251449669097,2.89381960889793,1.0203841068191473
18,grid_0.4000,grid,0.4,168150.3935068705,grid,,1.2,0.5302165199274029,0.22182704451420826,0.038904927254630864,0.010302310423277672,2.8439300930941047,1.0184039268263274
18,grid_0.4500,grid,0.45,274356.66259618336,grid,,1.2,0.5373228607779528,0.22347592136441508,0.03940117769376998,0.010540309735904252,2.7761729439089913,1.012299590103541
18,grid_0.4898,grid,0.4898,390218.8927695214,grid,,1.2,0.5428693198804133,0.2246808724726698,0.039789847675757176,0.010691646779322939,2.7246311271166497,1.0049397536164857
18,grid_0.5000,grid,0.5,429376.576712395,grid,,1.2,0.5442729956110595,0.22497387525296128,0.039888865128023476,0.010724379418311503,2.7116592471944383,1.0027017635770503
18,grid_0.5500,grid,0.55,668164.9142006582,grid,,1.2,0.551016796271422,0.22627753981206958,0.040365109006341195,0.010836416017061534,2.6502858225518446,0.9900287463307206
18,grid_0.5971,grid,0.5971,978238.53144292,grid,,1.2,0.5572035523241624,0.22733690900220635,0.04080390351866685,0.010878166676010603,2.595001903109927,0.9755470835133082
18,grid_0.6049,grid,0.6049,1038953.0137061502,grid,,1.2,0.5582137184961724,0.22749787879349467,0.040876252595771045,0.01087903225976855,2.585986067420437,0.9728964993944494
18,grid_0.6500,grid,0.65,1450405.4361228307,grid,,1.2,0.5639764745535052,0.22832626702008177,0.04128925572218784,0.010843628489137835,2.5352046217817636,0.9563856316901295
18,grid_0.7139,grid,0.7139,2276372.440183442,grid,,1.2,0.5718985486984928,0.22922364341156756,0.041853329272051085,0.010690149426822393,2.4684430046786843,0.9306560471659223
18,grid_0.7892,grid,0.7892,4046460.643466014,grid,,1.2,0.5810416974052146,0.22994428869265013,0.04249660666855049,0.010377769233818335,2.398603278039226,0.8995116617394149
18,grid_0.8000,grid,0.8,4374602.636932113,grid,,1.2,0.5822663131541881,0.22998630472338957,0.04258045910874913,0.010313241251570682,2.390695505903522,0.8959491650494921
18,grid_0.8904,grid,0.8904,8084774.664280278,grid,,1.2,0.5924131174397281,0.23010783470931767,0.0432837106177771,0.009665904976833561,2.3249615391429383,0.862995016858249
18,grid_0.9500,grid,0.95,11724385.549871514,grid,,1.2,0.5988569138038906,0.2299278762450138,0.04373601014195922,0.009130818132583152,2.282918878935764,0.8384016017018937
18,grid_1.0112,grid,1.0112,16773826.411610732,grid,,1.2,0.6053798471743433,0.22953076340551146,0.04421047654403311,0.008473894805483773,2.239380332852006,0.8098641907009966
18,grid_1.1500,grid,1.15,,grid,,1.2,0.6192551857341411,0.22804167686607724,0.04520685449272752,0.006796151895164859,2.1473125902744052,0.7371680095416133
18,grid_1.3368,grid,1.3368,,grid,,1.2,0.6347538467830028,0.22554520732580863,0.04624453888535128,0.004626101662290716,2.0486421754803223,0.6348067738676059
18,rtp475,rtp,0.0613122505653577,475.0,grid,,1.25,0.4825010535347024,0.2120330402401768,0.03789102234549968,0.007066987807992753,3.356171834564674,0.9257314146540321
18,rtp2500,rtp,0.11863576389470315,2500.0,grid,,1.25,0.49024643338125595,0.21333804300061576,0.03753981839288489,0.00797330219844769,3.2901543404323714,0.9613243319643492
18,rtp5000,rtp,0.14977155869890793,5000.0,grid,,1.25,0.49503897348216286,0.2147392976403658,0.03761332393725509,0.008499642013822528,3.241372604463833,0.9768750173653094
18,grid_0.1645,grid,0.1645,6609.46560742302,grid,,1.25,0.49740515495299004,0.21547971339212224,0.037683933736335086,0.008747573147216053,3.217019204443531,0.9834653263949924
18,rtp10000,rtp,0.18629788999748753,10000.0,grid,,1.25,0.5009741596110978,0.21661259734051747,0.03781763058946243,0.009103386737142727,3.1802977903248544,0.9922165698309535
18,grid_0.2109,grid,0.2109,15126.540036045599,grid,,1.25,0.5050736741765797,0.21791839431885948,0.038000238692541065,0.009488187889968858,3.1385282798496137,1.000618967450749
18,grid_0.2423,grid,0.2423,24237.556250109363,grid,,1.25,0.5103882224363011,0.21959659254292146,0.03826808309994612,0.009954580356515752,3.08556368674138,1.0090912392730709
18,grid_0.2700,grid,0.27,36281.73183990586,grid,,1.25,0.515083255355548,0.22103301432277436,0.038523634265525,0.010331959155086778,3.0398764729056973,1.014505546178952
18,grid_0.2850,grid,0.285,44381.07933439673,grid,,1.25,0.5176111310934864,0.22178477557621856,0.03866658910445744,0.0105218975729362,3.0156612716305533,1.0166855890474085
18,grid_0.3100,grid,0.31,60714.10231888526,grid,,1.25,0.5217984505822864,0.22298828144390345,0.038909097925516514,0.010814675735788981,2.97630518958872,1.0191855584110818
18,grid_0.3300,grid,0.33,76644.52731614409,grid,,1.25,0.5251358353293905,0.22392693165634694,0.03910681959008174,0.011036451130944536,2.945558699322846,1.020279797074631
18,grid_0.3434,grid,0.3434,89183.93697349212,grid,,1.25,0.5273562266432003,0.22453273943029847,0.03923979957015373,0.011175151505920577,2.925388117339654,1.020577894064855
18,grid_0.3600,grid,0.36,108518.7900745507,grid,,1.25,0.5300875314409578,0.22525740822401888,0.03940442253863429,0.011336477421168,2.9009432907746904,1.0204998820463385
18,grid_0.3649,grid,0.3649,114791.44159604008,grid,,1.25,0.5308888333525769,0.2254661897592207,0.039452994057895346,0.011382008666645571,2.89381960889793,1.0203841068191473
18,grid_0.4000,grid,0.4,168150.3935068705,grid,,1.25,0.5365639890247603,0.2268961869802664,0.03980042651441862,0.011681453151765386,2.8439300930941047,1.0184039268263274
18,grid_0.4500,grid,0.45,274356.66259618336,grid,,1.25,0.5444197091899847,0.22871784600737904,0.04028896394874358,0.012022889133511572,2.7761729439089913,1.012299590103541
18,grid_0.4898,grid,0.4898,390218.8927695214,grid,,1.25,0.5505773558191747,0.23004082570371082,0.0406725341195482,0.012246247370896857,2.7246311271166497,1.0049397536164857
18,grid_0.5000,grid,0.5,429376.576712395,grid,,1.25,0.5521396568853304,0.23036103669904756,0.04077033339078143,0.012295873838278515,2.7116592471944383,1.0027017635770503
18,grid_0.5500,grid,0.55,668164.9142006582,grid,,1.25,0.5596645165135279,0.23177863618759786,0.04124154772970067,0.012479788463282182,2.6502858225518446,0.9900287463307206
18,grid_0.5971,grid,0.5971,978238.53144292,grid,,1.25,0.5665938464555275,0.23291641220802334,0.04167660616457364,0.012573448911284202,2.595001903109927,0.9755470835133082
18,grid_0.6049,grid,0.6049,1038953.0137061502,grid,,1.25,0.5677278984726066,0.23308756235670794,0.04174839649069685,0.012581415234695359,2.585986067420437,0.9728964993944494
18,grid_0.6500,grid,0.65,1450405.4361228307,grid,,1.25,0.5742081016270354,0.23395894120710262,0.04215882342352782,0.012577962747220672,2.5352046217817636,0.9563856316901295
18,grid_0.7139,grid,0.7139,2276372.440183442,grid,,1.25,0.5831402935473518,0.23487419079317387,0.04272159246559859,0.012444293035149656,2.4684430046786843,0.9306560471659223
18,grid_0.7892,grid,0.7892,4046460.643466014,grid,,1.25,0.5934563885613162,0.23555617997233247,0.04336824600483223,0.01211846791832566,2.398603278039226,0.8995116617394149
18,grid_0.8000,grid,0.8,4374602.636932113,grid,,1.25,0.5948375071004384,0.23558866004657955,0.04345366839665119,0.012048348345891635,2.390695505903522,0.8959491650494921
18,grid_0.8904,grid,0.8904,8084774.664280278,grid,,1.25,0.6063021160175024,0.23557617514605278,0.04417013941689913,0.01132599487954461,2.3249615391429383,0.862995016858249
18,grid_0.9500,grid,0.95,11724385.549871514,grid,,1.25,0.6136107719620749,0.2352570505125729,0.044631117196133475,0.010714762619741802,2.282918878935764,0.8384016017018937
18,grid_1.0112,grid,1.0112,16773826.411610732,grid,,1.25,0.6210378747592553,0.23466508553955537,0.04511484188861704,0.0099528604826698,2.239380332852006,0.8098641907009966
18,grid_1.1500,grid,1.15,,grid,,1.25,0.6369079600011791,0.23261278701505037,0.04613125983069439,0.007977448852214797,2.1473125902744052,0.7371680095416133
18,grid_1.3368,grid,1.3368,,grid,,1.25,0.6548027978049767,0.22927736287980813,0.04719145151433543,0.005376657614783786,2.0486421754803223,0.6348067738676059
18,rtp475,rtp,0.0613122505653577,475.0,grid,,1.3,0.48603705060189023,0.21465845844783327,0.03873808366104625,0.007340170122153905,3.356171834564674,0.9257314146540321
18,rtp2500,rtp,0.11863576389470315,2500.0,grid,,1.3,0.4940413216178398,0.21648498046131634,0.03835859293789727,0.008507153827439246,3.2901543404323714,0.9613243319643492
18,rtp5000,rtp,0.14977155869890793,5000.0,grid,,1.3,0.4990187306043542,0.21810310173313305,0.038410288105739154,0.009158674879874235,3.241372604463833,0.9768750173653094
18,grid_0.1645,grid,0.1645,6609.46560742302,grid,,1.3,0.501492599415862,0.21893901912989017,0.03847061735060677,0.009463676746951644,3.217019204443531,0.9834653263949924
18,rtp10000,rtp,0.18629788999748753,10000.0,grid,,1.3,0.505243355087397,0.22020681241853943,0.03858953663307264,0.00990150360246117,3.1802977903248544,0.9922165698309535
18,grid_0.2109,grid,0.2109,15126.540036045599,grid,,1.3,0.5095779019706841,0.22165797163395634,0.0387563412928889,0.010375915095990895,3.1385282798496137,1.000618967450749
18,grid_0.2423,grid,0.2423,24237.556250109363,grid,,1.3,0.5152335726035786,0.22351368761519474,0.03900558970014619,0.010952778851196665,3.08556368674138,1.0090912392730709
18,grid_0.2700,grid,0.27,36281.73183990586,grid,,1.3,0.520260377833426,0.22509862789751187,0.03924624366028204,0.011423148621060475,3.0398764729056973,1.014505546178952
18,grid_0.2850,grid,0.285,44381.07933439673,grid,,1.3,0.5229775248641765,0.22592739235056944,0.039381682999691955,0.011661503614636193,3.0156612716305533,1.0166855890474085
18,grid_0.3100,grid,0.31,60714.10231888526,grid,,1.3,0.5274930599196641,0.227253910773629,0.03961259630352564,0.012031743658382887,2.97630518958872,1.0191855584110818
18,grid_0.3300,grid,0.33,76644.52731614409,grid,,1.3,0.531103718716298,0.22828690692673426,0.039801683211046254,0.012313228663129172,2.945558699322846,1.020279797074631
18,grid_0.3434,grid,0.3434,89183.93697349212,grid,,1.3,0.5335115982531302,0.22895344650902588,0.03992918928306347,0.012490491385297897,2.925388117339654,1.020577894064855
18,grid_0.3600,grid,0.36,108518.7900745507,grid,,1.3,0.5364793170783967,0.22975056999413795,0.04008741030389745,0.012697914108733832,2.9009432907746904,1.0204998820463385
18,grid_0.3649,grid,0.3649,114791.44159604008,grid,,1.3,0.5373512532676618,0.22998017285543038,0.04013414642109899,0.012756733485514649,2.89381960889793,1.0203841068191473
18,grid_0.4000,grid,0.4,168150.3935068705,grid,,1.3,0.5435419518549789,0.23155142190424316,0.040469109475570725,0.013146951510306093,2.8439300930941047,1.0184039268263274
18,grid_0.4500,grid,0.45,274356.66259618336,grid,,1.3,0.552153269569262,0.23354847838987755,0.040941674604131416,0.013603217154095681,2.7761729439089913,1.012299590103541
18,grid_0.4898,grid,0.4898,390218.8927695214,grid,,1.3,0.5589263972562687,0.2349912076773629,0.041313794908934526,0.013907072776730978,2.7246311271166497,1.0049397536164857
18,grid_0.5000,grid,0.5,429376.576712395,grid,,1.3,0.56064832979216,0.235338971088569,0.04140876722534573,0.013975664087680584,2.7116592471944383,1.0027017635770503
18,grid_0.5500,grid,0.55,668164.9142006582,grid,,1.3,0.5689589451337298,0.2368715740117802,0.041867306330029365,0.01424083624478889,2.6502858225518446,0.9900287463307206
18,grid_0.5971,grid,0.5971,978238.53144292,grid,,1.3,0.5766348632297195,0.23808753407548075,0.04229168487527609,0.014393989006867114,2.595001903109927,0.9755470835133082
18,grid_0.6049,grid,0.6049,1038953.0137061502,grid,,1.3,0.5778934246814857,0.2382686766939213,0.042361777032142306,0.014410185261330088,2.585986067420437,0.9728964993944494
18,grid_0.6500,grid,0.65,1450405.4361228307,grid,,1.3,0.5850946781628863,0.2391811929545036,0.042763189073129225,0.014444453990010264,2.5352046217817636,0.9563856316901295
18,grid_0.7139,grid,0.7139,2276372.440183442,grid,,1.3,0.5950422713803853,0.24010937205630853,0.043316132866716386,0.01433637768255841,2.4684430046786843,0.9306560471659223
18,grid_0.7892,grid,0.7892,4046460.643466014,grid,,1.3,0.6065380645829079,0.240742668783247,0.043957145270438376,0.013999887302441782,2.398603278039226,0.8995116617394149
18,grid_0.8000,grid,0.8,4374602.636932113,grid,,1.3,0.6080769918768787,0.24076409387770942,0.044043109464193125,0.013924239436561348,2.390695505903522,0.8959491650494921
18,grid_0.8904,grid,0.8904,8084774.664280278,grid,,1.3,0.6208700726230498,0.24060031797833856,0.04476416943873313,0.013124343572544495,2.3249615391429383,0.862995016858249
18,grid_0.9500,grid,0.95,11724385.549871514,grid,,1.3,0.629050583637815,0.2401264575015608,0.045228249651537315,0.012432465940711568,2.282918878935764,0.8384016017018937
18,grid_1.0112,grid,1.0112,16773826.411610732,grid,,1.3,0.6373891681121705,0.23931845677377445,0.04571536146919798,0.011557962283382961,2.239380332852006,0.8098641907009966
18,grid_1.1500,grid,1.15,,grid,,1.3,0.6552704290847667,0.23664174276347955,0.04673940722117264,0.009259907196964179,2.1473125902744052,0.7371680095416133
18,grid_1.3368,grid,1.3368,,grid,,1.3,0.6755832865561829,0.2323709423284975,0.04780895681586323,0.006187298022770682,2.0486421754803223,0.6348067738676059
18,rtp475,rtp,0.0613122505653577,475.0,grid,,1.35,0.49001559762842795,0.21691230778641776,0.03942439111409109,0.007626558155138546,3.356171834564674,0.9257314146540321
18,rtp2500,rtp,0.11863576389470315,2500.0,grid,,1.35,0.4983281260620468,0.21923600056794504,0.0390157345432155,0.009048689401812499,3.2901543404323714,0.9613243319643492
18,rtp5000,rtp,0.14977155869890793,5000.0,grid,,1.35,0.5035061056090694,0.22106357586648573,0.039041696550129804,0.009827408024747686,3.241372604463833,0.9768750173653094
18,grid_0.1645,grid,0.1645,6609.46560742302,grid,,1.35,0.5060933130916502,0.2219921378500724,0.039089523406944736,0.010190985860300816,3.217019204443531,0.9834653263949924
18,rtp10000,rtp,0.18629788999748753,10000.0,grid,,1.35,0.5100325661259709,0.223391245594543,0.03919012160481247,0.010713527003468948,3.1802977903248544,0.9922165698309535
18,grid_0.2109,grid,0.2109,15126.540036045599,grid,,1.35,0.5146078787153504,0.22498452027616753,0.0393368933778155,0.011281140986081739,3.1385282798496137,1.000618967450749
18,grid_0.2423,grid,0.2423,24237.556250109363,grid,,1.35,0.5206097559879367,0.22701473330648042,0.03956197121166011,0.01197371792655233,3.08556368674138,1.0090912392730709
18,grid_0.2700,grid,0.27,36281.73183990586,grid,,1.35,0.5259713057550371,0.22874646390243006,0.03978278412956369,0.012542160618302045,3.0398764729056973,1.014505546178952
18,grid_0.2850,grid,0.285,44381.07933439673,grid,,1.35,0.5288788629553697,0.229651604389753,0.03990804707609996,0.012831812322687652,3.0156612716305533,1.0166855890474085
18,grid_0.3100,grid,0.31,60714.10231888526,grid,,1.35,0.5337240103561104,0.23110054193743096,0.04012299562900809,0.013284464854766198,2.97630518958872,1.0191855584110818
18,grid_0.3300,grid,0.33,76644.52731614409,grid,,1.35,0.5376085781971912,0.23222769598350404,0.04029999417495425,0.01362970860685253,2.945558699322846,1.020279797074631
18,grid_0.3434,grid,0.3434,89183.93697349212,grid,,1.35,0.540204183979765,0.2329549770850411,0.04041974422231582,0.013848277126376207,2.925388117339654,1.020577894064855
18,grid_0.3600,grid,0.36,108518.7900745507,grid,,1.35,0.5434084550853832,0.2338246961945344,0.0405687841669712,0.014105204383495107,2.9009432907746904,1.0204998820463385
18,grid_0.3649,grid,0.3649,114791.44159604008,grid,,1.35,0.5443510270191914,0.23407518391534277,0.04061287106803859,0.01417832065696295,2.89381960889793,1.0203841068191473
18,grid_0.4000,grid,0.4,168150.3935068705,grid,,1.35,0.5510568075352412,0.23578834239904647,0.04092962079495984,0.014666521616330142,2.8439300930941047,1.0184039268263274
18,grid_0.4500,grid,0.45,274356.66259618336,grid,,1.35,0.5604219516748921,0.23796210548004498,0.04137830615386643,0.015247657490629618,2.7761729439089913,1.012299590103541
18,grid_0.4898,grid,0.4898,390218.8927695214,grid,,1.35,0.5678084438888632,0.2395257171286289,0.04173290252087666,0.015639666645107297,2.7246311271166497,1.0049397536164857
18,grid_0.5000,grid,0.5,429376.576712395,grid,,1.35,0.5696893589462411,0.2399012889245902,0.0418235094156583,0.015729119012021398,2.7116592471944383,1.0027017635770503
18,grid_0.5500,grid,0.55,668164.9142006582,grid,,1.35,0.5787823277554393,0.24154991203790147,0.04226206589332457,0.016084294112193365,2.6502858225518446,0.9900287463307206
18,grid_0.5971,grid,0.5971,978238.53144292,grid,,1.35,0.5872012020704162,0.24284434100689747,0.04266913261069471,0.0163042413483796,2.595001903109927,0.9755470835133082
18,grid_0.6049,grid,0.6049,1038953.0137061502,grid,,1.35,0.5885836187866504,0.2430354264265182,0.04273643858583874,0.016329779912480802,2.585986067420437,0.9728964993944494
18,grid_0.6500,grid,0.65,1450405.4361228307,grid,,1.35,0.5965021261276745,0.24398832139215437,0.0431226905458346,0.01640761042992661,2.5352046217817636,0.9563856316901295
18,grid_0.7139,grid,0.7139,2276372.440183442,grid,,1.35,0.6074600436964122,0.24492684620372593,0.043657690438894566,0.01633146955240905,2.4684430046786843,0.9306560471659223
18,grid_0.7892,grid,0.7892,4046460.643466014,grid,,1.35,0.6201302691857993,0.2455054618734886,0.04428450862145968,0.015988423188255274,2.398603278039226,0.8995116617394149
18,grid_0.8000,grid,0.8,4374602.636932113,grid,,1.35,0.621826699500714,0.24551496986406585,0.04437004787032347,0.01590755255702969,2.390695505903522,0.8959491650494921
18,grid_0.8904,grid,0.8904,8084774.664280278,grid,,1.35,0.6359451595940931,0.24518902108917348,0.04508758090773534,0.015030075154931821,2.3249615391429383,0.862995016858249
18,grid_0.9500,grid,0.95,11724385.549871514,grid,,1.35,0.6449953675242748,0.24454979943995472,0.045549517550833384,0.014255086855288701,2.282918878935764,0.8384016017018937
18,grid_1.0112,grid,1.0112,16773826.411610732,grid,,1.35,0.6542429087583618,0.24351050284928608,0.0460344902818709,0.013262874716041262,2.239380332852006,0.8098641907009966
18,grid_1.1500,grid,1.15,,grid,,1.35,0.67413025132649,0.24016283482518777,0.047054471473566374,0.010623715757704044,2.1473125902744052,0.7371680095416133
18,grid_1.3368,grid,1.3368,,grid,,1.35,0.6968584669086755,0.2348785827324687,0.04812096571824134,0.007046982908171795,2.0486421754803223,0.6348067738676059
18,rtp475,rtp,0.0613122505653577,475.0,grid,,1.4,0.4945520841807782,0.2185722784027583,0.03995426503878892,0.007819575847383964,3.356171834564674,0.9257314146540321
18,rtp2500,rtp,0.11863576389470315,2500.0,grid,,1.4,0.5033437784329372,0.2212801266271256,0.03951809157886098,0.009446802861255765,3.2901543404323714,0.9613243319643492
18,rtp5000,rtp,0.14977155869890793,5000.0,grid,,1.4,0.5087644185850823,0.22327233326855725,0.03951542938199366,0.010335105421192037,3.241372604463833,0.9768750173653094
18,grid_0.1645,grid,0.1645,6609.46560742302,grid,,1.4,0.5114777426277248,0.2242743563648263,0.03954892022086025,0.010750066701996852,3.217019204443531,0.9834653263949924
18,rtp10000,rtp,0.18629788999748753,10000.0,grid,,1.4,0.5156181577204195,0.2257784368253773,0.039628122773264406,0.011347779762046484,3.1802977903248544,0.9922165698309535
18,grid_0.2109,grid,0.2109,15126.540036045599,grid,,1.4,0.5204413661476031,0.22748678356960164,0.03975102354109206,0.01199921315775071,3.1385282798496137,1.000618967450749
18,grid_0.2423,grid,0.2423,24237.556250109363,grid,,1.4,0.5267900724817931,0.22966085967953442,0.039946668969109665,0.012797441499633133,3.08556368674138,1.0090912392730709
18,grid_0.2700,grid,0.27,36281.73183990586,grid,,1.4,0.5324812026633439,0.23151579797027227,0.04014283213078824,0.01345673257902369,3.0398764729056973,1.014505546178952
18,grid_0.2850,grid,0.285,44381.07933439673,grid,,1.4,0.535574648376852,0.23248579803472563,0.040255286258360924,0.013794360029482311,3.0156612716305533,1.0166855890474085
18,grid_0.3100,grid,0.31,60714.10231888526,grid,,1.4,0.5407397766896483,0.23403986052029668,0.04044988246065698,0.014324773851702943,2.97630518958872,1.0191855584110818
18,grid_0.3300,grid,0.33,76644.52731614409,grid,,1.4,0.5448888146844899,0.2352488404497514,0.040611277337765865,0.014730739595186726,2.945558699322846,1.020279797074631
18,grid_0.3434,grid,0.3434,89183.93697349212,grid,,1.4,0.5476651611671747,0.23602931853226197,0.04072092839781625,0.014988910808987732,2.925388117339654,1.020577894064855
18,grid_0.3600,grid,0.36,108518.7900745507,grid,,1.4,0.5510967445245052,0.23696307020083857,0.04085791109085042,0.01529358554815713,2.9009432907746904,1.0204998820463385
18,grid_0.3649,grid,0.3649,114791.44159604008,grid,,1.4,0.5521070985435922,0.2372320573548094,0.04089850320801928,0.015380545828776293,2.89381960889793,1.0203841068191473
18,grid_0.4000,grid,0.4,168150.3935068705,grid,,1.4,0.5593059671940578,0.23907182707642932,0.041191030112343846,0.015964308389318282,2.8439300930941047,1.0184039268263274
18,grid_0.4500,grid,0.45,274356.66259618336,grid,,1.4,0.5693900334908233,0.24140541839734633,0.041607463010664626,0.016669113020933213,2.7761729439089913,1.012299590103541
18,grid_0.4898,grid,0.4898,390218.8927695214,grid,,1.4,0.5773599411692263,0.24308020837926386,0.04193803337771441,0.017149954327991934,2.7246311271166497,1.0049397536164857
18,grid_0.5000,grid,0.5,429376.576712395,grid,,1.4,0.579391840743087,0.243481534258789,0.042022621883025295,0.017260635641988542,2.7116592471944383,1.0027017635770503
18,grid_0.5500,grid,0.55,668164.9142006582,grid,,1.4,0.5892270608848262,0.24523872084585305,0.0424332812104415,0.017708748991668743,2.6502858225518446,0.9900287463307206
18,grid_0.5971,grid,0.5971,978238.53144292,grid,,1.4,0.598349560378212,0.24660788496733013,0.042815783657265495,0.01799966527079444,2.595001903109927,0.9755470835133082
18,grid_0.6049,grid,0.6049,1038953.0137061502,grid,,1.4,0.5998491057117199,0.24680855593339893,0.04287910924297797,0.018035354038951734,2.585986067420437,0.9728964993944494
18,grid_0.6500,grid,0.65,1450405.4361228307,grid,,1.4,0.6084454580500926,0.2478013751187679,0.04324340807959312,0.0181621134311592,2.5352046217817636,0.9563856316901295
18,grid_0.7139,grid,0.7139,2276372.440183442,grid,,1.4,0.6203576147565011,0.24875401626640284,0.04375130970885871,0.0181272508998071,2.4684430046786843,0.9306560471659223
18,grid_0.7892,grid,0.7892,4046460.643466014,grid,,1.4,0.6341350317310799,0.24928938401302592,0.04435386678895423,0.017791330192639676,2.398603278039226,0.8995116617394149
18,grid_0.8000,grid,0.8,4374602.636932113,grid,,1.4,0.6359800579733034,0.24928965039074008,0.04443774000880261,0.017707589783134803,2.390695505903522,0.8959491650494921
18,grid_0.8904,grid,0.8904,8084774.664280278,grid,,1.4,0.6513461600456514,0.248826794699,0.04514132617656835,0.016773447583609935,2.3249615391429383,0.862995016858249
18,grid_0.9500,grid,0.95,11724385.549871514,grid,,1.4,0.6612137863805547,0.24804105013594052,0.045594380168570404,0.015929982383969754,2.282918878935764,0.8384016017018937
18,grid_1.0112,grid,1.0112,16773826.411610732,grid,,1.4,0.6713129559878575,0.24679178484277917,0.04607011152959414,0.014836073536290462,2.239380332852006,0.8098641907009966
18,grid_1.1500,grid,1.15,,grid,,1.4,0.6930825355244716,0.2428231748339134,0.0470709866220281,0.011892107614393188,2.1473125902744052,0.7371680095416133
18,grid_1.3368,grid,1.3368,,grid,,1.4,0.7180967237986121,0.23658299792061535,0.04811841391029305,0.007853100994812845,2.0486421754803223,0.6348067738676059
18,rtp475,rtp,0.0613122505653577,475.0,grid,,1.45,0.49857669995536935,0.2186960328456946,0.040014170812534354,0.007813783969910781,3.356171834564674,0.9257314146540321
18,rtp2500,rtp,0.11863576389470315,2500.0,grid,,1.45,0.5076795168354531,0.2215645370457011,0.03962310215555849,0.009467741920717365,3.2901543404323714,0.9613243319643492
18,rtp5000,rtp,0.14977155869890793,5000.0,grid,,1.45,0.5131623457485575,0.2236956686829058,0.03965666260892477,0.010383089578567595,3.241372604463833,0.9768750173653094
18,grid_0.1645,grid,0.1645,6609.46560742302,grid,,1.45,0.5159020741252696,0.22476577423352248,0.03970761808331063,0.01081203518348417,3.217019204443531,0.9834653263949924
18,rtp10000,rtp,0.18629788999748753,10000.0,grid,,1.45,0.5200830501523127,0.22637067759898175,0.03981238603379267,0.011431297642829463,3.1802977903248544,0.9922165698309535
18,grid_0.2109,grid,0.2109,15126.540036045599,grid,,1.45,0.5249578377168055,0.22819214649701022,0.03996326340912757,0.01210839231378541,3.1385282798496137,1.000618967450749
18,grid_0.2423,grid,0.2423,24237.556250109363,grid,,1.45,0.5313853607455004,0.23050940737957384,0.0401927537030235,0.01294183318745884,3.08556368674138,1.0090912392730709
18,grid_0.2700,grid,0.27,36281.73183990586,grid,,1.45,0.5371584967050443,0.2324877585933892,0.04041685490968467,0.013633702986093343,3.0398764729056973,1.014505546178952
18,grid_0.2850,grid,0.285,44381.07933439673,grid,,1.45,0.5403006069835028,0.23352312072137793,0.04054370867248564,0.013989339238965615,3.0156612716305533,1.0166855890474085
18,grid_0.3100,grid,0.31,60714.10231888526,grid,,1.45,0.5455540682013592,0.23518346847322447,0.04076102005211648,0.014550243790979689,2.97630518958872,1.0191855584110818
18,grid_0.3300,grid,0.33,76644.52731614409,grid,,1.45,0.549779609943765,0.23647636192873514,0.04093968137889384,0.01498138837215629,2.945558699322846,1.020279797074631
18,grid_0.3434,grid,0.3434,89183.93697349212,grid,,1.45,0.5526099648108748,0.23731202552387348,0.04106045883450242,0.015256538623741156,2.925388117339654,1.020577894064855
18,grid_0.3600,grid,0.36,108518.7900745507,grid,,1.45,0.556111656656457,0.238312852076361,0.04121066648754741,0.015582348977222105,2.9009432907746904,1.0204998820463385
18,grid_0.3649,grid,0.3649,114791.44159604008,grid,,1.45,0.557143212870726,0.2386014206431006,0.0412550852523992,0.015675552680506633,2.89381960889793,1.0203841068191473
18,grid_0.4000,grid,0.4,168150.3935068705,grid,,1.45,0.5644996324674237,0.24057854702111856,0.04157404534144141,0.01630399194535115,2.8439300930941047,1.0184039268263274
18,grid_0.4500,grid,0.45,274356.66259618336,grid,,1.45,0.5748209850510263,0.24309738519824228,0.04202552489689567,0.017070813793326922,2.7761729439089913,1.012299590103541
18,grid_0.4898,grid,0.4898,390218.8927695214,grid,,1.45,0.5829902874958479,0.24491396464205442,0.042382023717020614,0.017600826359668864,2.7246311271166497,1.0049397536164857
18,grid_0.5000,grid,0.5,429376.576712395,grid,,1.45,0.5850742300075013,0.24535072902880053,0.04247309725645255,0.01772388297851135,2.7116592471944383,1.0027017635770503
18,grid_0.5500,grid,0.55,668164.9142006582,grid,,1.45,0.5951699683863214,0.24727207506737578,0.04291369848250983,0.018229780625616088,2.6502858225518446,0.9900287463307206
18,grid_0.5971,grid,0.5971,978238.53144292,grid,,1.45,0.6045444973823152,0.2487834309025915,0.04332242811503836,0.018570767376626163,2.595001903109927,0.9755470835133082
18,grid_0.6049,grid,0.6049,1038953.0137061502,grid,,1.45,0.6060859876559364,0.2490065738851469,0.043389999027935805,0.01861427481008332,2.585986067420437,0.9728964993944494
18,grid_0.6500,grid,0.65,1450405.4361228307,grid,,1.45,0.6149275849883543,0.2501210466442576,0.043777627383276306,0.018782910591142565,2.5352046217817636,0.9563856316901295
18,grid_0.7139,grid,0.7139,2276372.440183442,grid,,1.45,0.6271985396140696,0.2512194747119357,0.04431383036738071,0.018797394107160192,2.4684430046786843,0.9306560471659223
18,grid_0.7892,grid,0.7892,4046460.643466014,grid,,1.45,0.6414221548796976,0.2518829445017042,0.04494001327307688,0.0185050044577717,2.398603278039226,0.8995116617394149
18,grid_0.8000,grid,0.8,4374602.636932113,grid,,1.45,0.6433326868331394,0.2518929880798795,0.04502508182442043,0.018424995619389872,2.390695505903522,0.8959491650494921
18,grid_0.8904,grid,0.8904,8084774.664280278,grid,,1.45,0.659244721666701,0.25148944600578194,0.04573872190043089,0.017508219551864213,2.3249615391429383,0.862995016858249
18,grid_0.9500,grid,0.95,11724385.549871514,grid,,1.45,0.6694659618103432,0.2507175734483541,0.046198340901258045,0.016660960734572794,2.282918878935764,0.8384016017018937
18,grid_1.0112,grid,1.0112,16773826.411610732,grid,,1.45,0.6799243350240567,0.24945810464104828,0.04668104560632297,0.01554830036478122,2.239380332852006,0.8098641907009966
18,grid_1.1500,grid,1.15,,grid,,1.45,0.702487561237916,0.245401438061985,0.047696906831507416,0.012524958971382838,2.1473125902744052,0.7371680095416133
18,grid_1.3368,grid,1.3368,,grid,,1.45,0.7284800235558945,0.23896527682816346,0.04876089059116482,0.00834351293839597,2.0486421754803223,0.6348067738676059
18,rtp475,rtp,0.0613122505653577,475.0,grid,,1.5,0.5030944586958694,0.21840277015025478,0.03993060921760837,0.00776916079169665,3.356171834564674,0.9257314146540321
18,rtp2500,rtp,0.11863576389470315,2500.0,grid,,1.5,0.5126830435047113,0.2212817069797161,0.03958913288493774,0.009376460958919197,3.2901543404323714,0.9613243319643492
18,rtp5000,rtp,0.14977155869890793,5000.0,grid,,1.5,0.518274826945065,0.22349623037437516,0.03966002211350097,0.01029054287805481,3.241372604463833,0.9768750173653094
18,grid_0.1645,grid,0.1645,6609.46560742302,grid,,1.5,0.5210562717680463,0.22461107016491608,0.039728712203720845,0.010721420636908008,3.217019204443531,0.9834653263949924
18,rtp10000,rtp,0.18629788999748753,10000.0,grid,,1.5,0.5252944788599713,0.22628487571357414,0.03985920574730935,0.011345639229398352,3.1802977903248544,0.9922165698309535
18,grid_0.2109,grid,0.2109,15126.540036045599,grid,,1.5,0.5302327473005494,0.228186612249637,0.040037949154327485,0.012031180855638701,3.1385282798496137,1.000618967450749
18,grid_0.2423,grid,0.2423,24237.556250109363,grid,,1.5,0.5367460179656415,0.23060937688093702,0.0403007761451017,0.012879908560312348,3.08556368674138,1.0090912392730709
18,grid_0.2700,grid,0.27,36281.73183990586,grid,,1.5,0.5426016432148549,0.23268152130764772,0.04055211318862196,0.013588577169419358,3.0398764729056973,1.014505546178952
18,grid_0.2850,grid,0.285,44381.07933439673,grid,,1.5,0.5457909658711348,0.23376750955139364,0.040692910823891586,0.013954337697969332,3.0156612716305533,1.0166855890474085
18,grid_0.3100,grid,0.31,60714.10231888526,grid,,1.5,0.5511281995459286,0.23551153997324792,0.04093207495871056,0.014533610501860195,2.97630518958872,1.0191855584110818
18,grid_0.3300,grid,0.33,76644.52731614409,grid,,1.5,0.5554248432904941,0.23687185989973186,0.04112723747923604,0.014981040533122159,2.945558699322846,1.020279797074631
18,grid_0.3434,grid,0.3434,89183.93697349212,grid,,1.5,0.558304907744769,0.23775242819052103,0.04125860066062173,0.015267616449867127,2.925388117339654,1.020577894064855
18,grid_0.3600,grid,0.36,108518.7900745507,grid,,1.5,0.5618707577508398,0.238808448251923,0.04142133480696844,0.015608140149522942,2.9009432907746904,1.0204998820463385
18,grid_0.3649,grid,0.3649,114791.44159604008,grid,,1.5,0.5629216310036308,0.239113248363242,0.041469369921991524,0.01570577562082992,2.89381960889793,1.0203841068191473
18,grid_0.4000,grid,0.4,168150.3935068705,grid,,1.5,0.5704205064813357,0.2412057579929128,0.041813207106951925,0.0163670105819837,2.8439300930941047,1.0184039268263274
18,grid_0.4500,grid,0.45,274356.66259618336,grid,,1.5,0.5809539464482728,0.24388423873315565,0.04229742049629392,0.017182101406156947,2.7761729439089913,1.012299590103541
18,grid_0.4898,grid,0.4898,390218.8927695214,grid,,1.5,0.5893002741465928,0.2458266416984551,0.042677947902330246,0.01775278986641038,2.7246311271166497,1.0049397536164857
18,grid_0.5000,grid,0.5,429376.576712395,grid,,1.5,0.5914302003821856,0.24629530591852286,0.04277501479077307,0.017886362926725685,2.7116592471944383,1.0027017635770503
18,grid_0.5500,grid,0.55,668164.9142006582,grid,,1.5,0.601755661982884,0.24836677121366044,0.04324311375786558,0.018442939285233162,2.6502858225518446,0.9900287463307206
18,grid_0.5971,grid,0.5971,978238.53144292,grid,,1.5,0.611351460430477,0.2500115945873339,0.043675732808765695,0.01883006461933573,2.595001903109927,0.9755470835133082
18,grid_0.6049,grid,0.6049,1038953.0137061502,grid,,1.5,0.6129295874525574,0.2502561587829844,0.043747158079868176,0.01888098692894613,2.585986067420437,0.9728964993944494
18,grid_0.6500,grid,0.65,1450405.4361228307,grid,,1.5,0.6219850867515673,0.25148848870631774,0.04415582538056887,0.019090634571218845,2.5352046217817636,0.9563856316901295
18,grid_0.7139,grid,0.7139,2276372.440183442,grid,,1.5,0.6345694856294742,0.25273369063320783,0.044716990919062304,0.019157327462019702,2.4684430046786843,0.9306560471659223
18,grid_0.7892,grid,0.7892,4046460.643466014,grid,,1.5,0.6491831693002074,0.25353666767569644,0.04536253452324233,0.01891830733285421,2.398603278039226,0.8995116617394149
18,grid_0.8000,grid,0.8,4374602.636932113,grid,,1.5,0.6511515234997279,0.25355924412018427,0.04544813547679175,0.018844154802007462,2.390695505903522,0.8959491650494921
18,grid_0.8904,grid,0.8904,8084774.664280278,grid,,1.5,0.6675420448610446,0.25324455218448017,0.04616626402316108,0.01796653918795682,2.3249615391429383,0.862995016858249
18,grid_0.9500,grid,0.95,11724385.549871514,grid,,1.5,0.6780713974416471,0.25251159503747245,0.04662884977286473,0.017133255855503737,2.282918878935764,0.8384016017018937
18,grid_1.0112,grid,1.0112,16773826.411610732,grid,,1.5,0.6888388563794521,0.2512737063245018,0.04711473668498873,0.016023738805063248,2.239380332852006,0.8098641907009966
18,grid_1.1500,grid,1.15,,grid,,1.5,0.7120877557374333,0.24721444914816368,0.048137558424257786,0.012977425443372215,2.1473125902744052,0.7371680095416133
18,grid_1.3368,grid,1.3368,,grid,,1.5,0.7389480656598965,0.24070481813652855,0.04920956376492044,0.008729245709218847,2.0486421754803223,0.6348067738676059
18,rtp475,rtp,0.0613122505653577,475.0,grid,,1.55,0.5020910340658181,0.21827408254717212,0.03970297669010769,0.007940598421702028,3.356171834564674,0.9257314146540321
18,rtp2500,rtp,0.11863576389470315,2500.0,grid,,1.55,0.5127950834426221,0.22131217902796557,0.03941467733375076,0.009564403252355524,3.2901543404323714,0.9613243319643492
18,rtp5000,rtp,0.14977155869890793,5000.0,grid,,1.55,0.5188582060577822,0.2236808452683496,0.039523894406223746,0.010509226133739613,3.241372604463833,0.9768750173653094
18,grid_0.1645,grid,0.1645,6609.46560742302,grid,,1.55,0.5218479199401748,0.22487244512506965,0.03961060277293404,0.01095701380359343,3.217019204443531,0.9834653263949924
18,rtp10000,rtp,0.18629788999748753,10000.0,grid,,1.55,0.5263818630539444,0.22666012722520212,0.03976706050169714,0.011607752772047675,3.1802977903248544,0.9922165698309535
18,grid_0.2109,grid,0.2109,15126.540036045599,grid,,1.55,0.5316401023857233,0.22868884657255714,0.039973716173870535,0.012324872372816043,3.1385282798496137,1.000618967450749
18,grid_0.2423,grid,0.2423,24237.556250109363,grid,,1.55,0.5385459072425703,0.2312695002507095,0.04026965437564877,0.013215927370564151,3.08556368674138,1.0090912392730709
18,grid_0.2700,grid,0.27,36281.73183990586,grid,,1.55,0.544735321053309,0.23347414435491498,0.04054782868483721,0.01396234739742247,3.0398764729056973,1.014505546178952
18,grid_0.2850,grid,0.285,44381.07933439673,grid,,1.55,0.5481009081140908,0.23462875775100547,0.04070229425975797,0.01434835970402204,3.0156612716305533,1.0166855890474085
18,grid_0.3100,grid,0.31,60714.10231888526,grid,,1.55,0.553725356683137,0.23648168186393478,0.04096276808689292,0.014960817770302337,2.97630518958872,1.0191855584110818
18,grid_0.3300,grid,0.33,76644.52731614409,grid,,1.55,0.5582475053571546,0.23792598936158926,0.041173936499177756,0.015434839914513332,2.945558699322846,1.020279797074631
18,grid_0.3434,grid,0.3434,89183.93697349212,grid,,1.55,0.5612765984415229,0.23886067031277705,0.04131553051853905,0.01573888930373013,2.925388117339654,1.020577894064855
18,grid_0.3600,grid,0.36,108518.7900745507,grid,,1.55,0.5650246551416276,0.2399811260558001,0.0414903274015448,0.01610061346146502,2.9009432907746904,1.0204998820463385
18,grid_0.3649,grid,0.3649,114791.44159604008,grid,,1.55,0.5661289262731063,0.24030451524960456,0.04154183852085809,0.016204421528489332,2.89381960889793,1.0203841068191473
18,grid_0.4000,grid,0.4,168150.3935068705,grid,,1.55,0.5740051100752411,0.24252427867604262,0.04190950564330235,0.016908520104032432,2.8439300930941047,1.0184039268263274
18,grid_0.4500,grid,0.45,274356.66259618336,grid,,1.55,0.5850602186520668,0.2453646861492146,0.042424876922134515,0.017778952286968075,2.7761729439089913,1.012299590103541
18,grid_0.4898,grid,0.4898,390218.8927695214,grid,,1.55,0.5938113374723324,0.24742337742634232,0.04282812500435216,0.01839020269270608,2.7246311271166497,1.0049397536164857
18,grid_0.5000,grid,0.5,429376.576712395,grid,,1.55,0.5960438743222226,0.24791996922604703,0.04293084570188265,0.018533465439161456,2.7116592471944383,1.0027017635770503
18,grid_0.5500,grid,0.55,668164.9142006582,grid,,1.55,0.6068604050602722,0.2501136464703583,0.04342474399002113,0.019132092160678238,2.6502858225518446,0.9900287463307206
18,grid_0.5971,grid,0.5971,978238.53144292,grid,,1.55,0.6169052853917081,0.25185413642294874,0.043879616864252846,0.01955088916909642,2.595001903109927,0.9755470835133082
18,grid_0.6049,grid,0.6049,1038953.0137061502,grid,,1.55,0.6185567669313676,0.2521128057877686,0.043954622305883526,0.019606244536297612,2.585986067420437,0.9728964993944494
18,grid_0.6500,grid,0.65,1450405.4361228307,grid,,1.55,0.6280281903672985,0.2534157267892151,0.04438271505180656,0.019836815532299545,2.5352046217817636,0.9563856316901295
18,grid_0.7139,grid,0.7139,2276372.440183442,grid,,1.55,0.641174717910394,0.2547319409974393,0.04496646502153136,0.019921896742791545,2.4684430046786843,0.9306560471659223
18,grid_0.7892,grid,0.7892,4046460.643466014,grid,,1.55,0.6564026770022955,0.25558395588193533,0.04562827390751018,0.019694884596748896,2.398603278039226,0.8995116617394149
18,grid_0.8000,grid,0.8,4374602.636932113,grid,,1.55,0.6584464743060917,0.2556096528834846,0.045713914747468165,0.0196223798997473,2.390695505903522,0.8959491650494921
18,grid_0.8904,grid,0.8904,8084774.664280278,grid,,1.55,0.6754578175436011,0.25529997223435097,0.046432397036397816,0.01874567878646255,2.3249615391429383,0.862995016858249
18,grid_0.9500,grid,0.95,11724385.549871514,grid,,1.55,0.6863825569796413,0.2545470687543092,0.04689527649792991,0.017898933713481113,2.282918878935764,0.8384016017018937
18,grid_1.0112,grid,1.0112,16773826.411610732,grid,,1.55,0.6975471132658455,0.25326506058978343,0.04738152948182509,0.016761661433721597,2.239380332852006,0.8098641907009966
18,grid_1.1500,grid,1.15,,grid,,1.55,0.7216575352616204,0.24904974958917148,0.048405351014750145,0.013620426755678872,2.1473125902744052,0.7371680095416133
18,grid_1.3368,grid,1.3368,,grid,,1.55,0.7495591898876026,0.2422793688184607,0.04947904161845445,0.00922025093661727,2.0486421754803223,0.6348067738676059
18,rtp475,rtp,0.0613122505653577,475.0,grid,,1.6,0.5018424806636819,0.21783019426257486,0.039313515571619675,0.00813647796085143,3.356171834564674,0.9257314146540321
18,rtp2500,rtp,0.11863576389470315,2500.0,grid,,1.6,0.5136309884555498,0.22104079896164563,0.039080990209252965,0.009778044596349678,3.2901543404323714,0.9613243319643492
18,rtp5000,rtp,0.14977155869890793,5000.0,grid,,1.6,0.5201493904931703,0.22357123187712713,0.03922920124261722,0.010754894480438926,3.241372604463833,0.9768750173653094
18,grid_0.1645,grid,0.1645,6609.46560742302,grid,,1.6,0.5233401890686925,0.22484279721653094,0.039334100839146846,0.011220182621007213,3.217019204443531,0.9834653263949924
18,rtp10000,rtp,0.18629788999748753,10000.0,grid,,1.6,0.5281597414879581,0.22674860753668327,0.039516644380626645,0.011898286639198175,3.1802977903248544,0.9922165698309535
18,grid_0.2109,grid,0.2109,15126.540036045599,grid,,1.6,0.5337272344545095,0.22890844157225557,0.03975118572286553,0.01264788890017321,3.1385282798496137,1.000618967450749
18,grid_0.2423,grid,0.2423,24237.556250109363,grid,,1.6,0.5410129305770003,0.23165132759798623,0.04007999407317989,0.013582343504729644,3.08556368674138,1.0090912392730709
18,grid_0.2700,grid,0.27,36281.73183990586,grid,,1.6,0.5475259001516777,0.23399158298742775,0.04038464956097471,0.01436741134798758,3.0398764729056973,1.014505546178952
18,grid_0.2850,grid,0.285,44381.07933439673,grid,,1.6,0.5510625331438845,0.23521626016601022,0.040552547507753126,0.014774141538731078,3.0156612716305533,1.0166855890474085
18,grid_0.3100,grid,0.31,60714.10231888526,grid,,1.6,0.5569660413278296,0.2371801457873605,0.040833879977851636,0.015420541577861935,2.97630518958872,1.0191855584110818
18,grid_0.3300,grid,0.33,76644.52731614409,grid,,1.6,0.56170750989836,0.2387097932215726,0.041060650312025784,0.015921715067860165,2.945558699322846,1.020279797074631
18,grid_0.3434,grid,0.3434,89183.93697349212,grid,,1.6,0.5648816571285266,0.23969937505072836,0.04121218855991461,0.01624360183979512,2.925388117339654,1.020577894064855
18,grid_0.3600,grid,0.36,108518.7900745507,grid,,1.6,0.5688072024252774,0.24088512064569131,0.041398676636955685,0.016626964711533576,2.9009432907746904,1.0204998820463385
18,grid_0.3649,grid,0.3649,114791.44159604008,grid,,1.6,0.569963508935368,0.2412273292035433,0.041453551732315755,0.016737072622358906,2.89381960889793,1.0203841068191473
18,grid_0.4000,grid,0.4,168150.3935068705,grid,,1.6,0.578207621379827,0.24357571116069043,0.04184421784783033,0.01748490921960577,2.8439300930941047,1.0184039268263274
18,grid_0.4500,grid,0.45,274356.66259618336,grid,,1.6,0.5897720200086455,0.24657923151558042,0.042389507923327074,0.01841180949148713,2.7761729439089913,1.012299590103541
18,grid_0.4898,grid,0.4898,390218.8927695214,grid,,1.6,0.5989186858294165,0.24875461090530646,0.04281445522980136,0.019064401216849047,2.7246311271166497,1.0049397536164857
18,grid_0.5000,grid,0.5,429376.576712395,grid,,1.6,0.6012515177957242,0.24927916291067173,0.042922565133561165,0.019217535927884055,2.7116592471944383,1.0027017635770503
18,grid_0.5500,grid,0.55,668164.9142006582,grid,,1.6,0.6125484454275536,0.2515948361263632,0.04344094515702773,0.019859016408423802,2.6502858225518446,0.9900287463307206
18,grid_0.5971,grid,0.5971,978238.53144292,grid,,1.6,0.6230331213348187,0.2534302914366336,0.04391680923853283,0.0203101033791242,2.595001903109927,0.9755470835133082
18,grid_0.6049,grid,0.6049,1038953.0137061502,grid,,1.6,0.6247564730149482,0.25370290181158583,0.04399518357596002,0.02036997881165914,2.585986067420437,0.9728964993944494
18,grid_0.6500,grid,0.65,1450405.4361228307,grid,,1.6,0.6346357495436523,0.25507519471870127,0.04444146250570107,0.02062189245508228,2.5352046217817636,0.9563856316901295
18,grid_0.7139,grid,0.7139,2276372.440183442,grid,,1.6,0.6483347867566741,0.2564598391962208,0.04504598417529758,0.020725664945253852,2.4684430046786843,0.9306560471659223
18,grid_0.7892,grid,0.7892,4046460.643466014,grid,,1.6,0.6641695190452933,0.2573560334218972,0.04572172615883241,0.020510401779820275,2.398603278039226,0.8995116617394149
18,grid_0.8000,grid,0.8,4374602.636932113,grid,,1.6,0.6662885450899347,0.2573838887116498,0.045807041474984725,0.020439424693346198,2.390695505903522,0.8959491650494921
18,grid_0.8904,grid,0.8904,8084774.664280278,grid,,1.6,0.6839194870304266,0.2570699709811051,0.04652281014895903,0.01956215983126719,2.3249615391429383,0.862995016858249
18,grid_0.9500,grid,0.95,11724385.549871514,grid,,1.6,0.6952392109885115,0.2562899214988367,0.04698400139741475,0.01870052246446513,2.282918878935764,0.8384016017018937
18,grid_1.0112,grid,1.0112,16773826.411610732,grid,,1.6,0.7068011413388882,0.25495499023266605,0.04746853336043891,0.017533513684099944,2.239380332852006,0.8098641907009966
18,grid_1.1500,grid,1.15,,grid,,1.6,0.7317736816966879,0.2505605193697292,0.048488940884199826,0.014291632982628588,2.1473125902744052,0.7371680095416133
18,grid_1.3368,grid,1.3368,,grid,,1.6,0.7607147846434283,0.243495816071332,0.04955963550077415,0.009730576943469793,2.0486421754803223,0.6348067738676059
18,rtp475,rtp,0.0613122505653577,475.0,grid,,1.65,0.49906192240002617,0.21910474683139633,0.040194421482886114,0.007812468601164163,3.356171834564674,0.9257314146540321
18,rtp2500,rtp,0.11863576389470315,2500.0,grid,,1.65,0.5113463735240684,0.22184685165287343,0.039936448806064076,0.00927957678222796,3.2901543404323714,0.9613243319643492
18,rtp5000,rtp,0.14977155869890793,5000.0,grid,,1.65,0.5179808667183292,0.22416207037863844,0.04005200368411436,0.010196630112323302,3.241372604463833,0.9768750173653094
18,grid_0.1645,grid,0.1645,6609.46560742302,grid,,1.65,0.5212083521818622,0.22533775652823376,0.04013981387905643,0.010637290638121133,3.217019204443531,0.9834653263949924
18,rtp10000,rtp,0.18629788999748753,10000.0,grid,,1.65,0.5260662013990227,0.22710791675087647,0.04029611465613347,0.011281891194789562,3.1802977903248544,0.9922165698309535
18,grid_0.2109,grid,0.2109,15126.540036045599,grid,,1.65,0.5316580717998913,0.22912301874984048,0.04050043248065627,0.011996925240383483,3.1385282798496137,1.000618967450749
18,grid_0.2423,grid,0.2423,24237.556250109363,grid,,1.65,0.5389514317940096,0.23169361090627622,0.04079069385889914,0.012891235475889773,3.08556368674138,1.0090912392730709
18,grid_0.2700,grid,0.27,36281.73183990586,grid,,1.65,0.5454537388568877,0.23389269844969698,0.041062007152045894,0.013643787236034988,3.0398764729056973,1.014505546178952
18,grid_0.2850,grid,0.285,44381.07933439673,grid,,1.65,0.5489789586076897,0.2350449947851745,0.04121221040322363,0.014033939170339071,3.0156612716305533,1.0166855890474085
18,grid_0.3100,grid,0.31,60714.10231888526,grid,,1.65,0.5548555050555058,0.23689447603540967,0.041464846133491495,0.014654146642599786,2.97630518958872,1.0191855584110818
18,grid_0.3300,grid,0.33,76644.52731614409,grid,,1.65,0.5595694131252417,0.23833805408824457,0.041669215946672375,0.015135812079898614,2.945558699322846,1.020279797074631
18,grid_0.3434,grid,0.3434,89183.93697349212,grid,,1.65,0.5627224353223971,0.2392722788379088,0.04180605829776461,0.015445165122521365,2.925388117339654,1.020577894064855
18,grid_0.3600,grid,0.36,108518.7900745507,grid,,1.65,0.5666194806206727,0.2403923996172299,0.04197477238941244,0.01581373340431752,2.9009432907746904,1.0204998820463385
18,grid_0.3649,grid,0.3649,114791.44159604008,grid,,1.65,0.567766811608278,0.24071563115635525,0.042024459093133244,0.015919555989869216,2.89381960889793,1.0203841068191473
18,grid_0.4000,grid,0.4,168150.3935068705,grid,,1.65,0.5759400533620118,0.24293384492667272,0.04237871302316819,0.016638139987688483,2.8439300930941047,1.0184039268263274
18,grid_0.4500,grid,0.45,274356.66259618336,grid,,1.65,0.5873864735912353,0.24576831853983633,0.04287432463482565,0.017527741763072813,2.7761729439089913,1.012299590103541
18,grid_0.4898,grid,0.4898,390218.8927695214,grid,,1.65,0.5964276560716362,0.2478240483759828,0.04326148887887584,0.018155270074585617,2.7246311271166497,1.0049397536164857
18,grid_0.5000,grid,0.5,429376.576712395,grid,,1.65,0.598731850649443,0.24831958281054836,0.04336005727571419,0.018302557931490604,2.7116592471944383,1.0027017635770503
18,grid_0.5500,grid,0.55,668164.9142006582,grid,,1.65,0.6098813266396976,0.25050563325044284,0.04383341253695932,0.018919659753246054,2.6502858225518446,0.9900287463307206
18,grid_0.5971,grid,0.5971,978238.53144292,grid,,1.65,0.6202172098893771,0.2522352896708466,0.04426874050777439,0.0193539008475615,2.595001903109927,0.9755470835133082
18,grid_0.6049,grid,0.6049,1038953.0137061502,grid,,1.65,0.6219148805675592,0.2524916573244753,0.044340482223728266,0.019411554794732,2.585986067420437,0.9728964993944494
18,grid_0.6500,grid,0.65,1450405.4361228307,grid,,1.65,0.6316401247012818,0.2537787222641541,0.044749517297565336,0.01965412257646132,2.5352046217817636,0.9563856316901295
18,grid_0.7139,grid,0.7139,2276372.440183442,grid,,1.65,0.6451088298346999,0.2550725350219354,0.045305765445783845,0.0197562326767326,2.4684430046786843,0.9306560471659223
18,grid_0.7892,grid,0.7892,4046460.643466014,grid,,1.65,0.6606538240343387,0.2559204693425019,0.045933165194121536,0.01956212143436492,2.398603278039226,0.8995116617394149
18,grid_0.8000,grid,0.8,4374602.636932113,grid,,1.65,0.6627299880679192,0.2559503454587573,0.0460135849778853,0.019496994362571907,2.390695505903522,0.8959491650494921
18,grid_0.8904,grid,0.8904,8084774.664280278,grid,,1.65,0.6799868564476865,0.2556753589617261,0.04668821949864568,0.01868166968156182,2.3249615391429383,0.862995016858249
18,grid_0.9500,grid,0.95,11724385.549871514,grid,,1.65,0.6910493832843027,0.2549405803919414,0.04712269426675705,0.017872005263822877,2.282918878935764,0.8384016017018937
18,grid_1.0112,grid,1.0112,16773826.411610732,grid,,1.65,0.7023290685247643,0.25367178783387506,0.04757897174424654,0.016770404198587996,2.239380332852006,0.8098641907009966
18,grid_1.1500,grid,1.15,,grid,,1.65,0.7266699923726124,0.24948952291689067,0.0485391417897312,0.013705880255566516,2.1473125902744052,0.7371680095416133
18,grid_1.3368,grid,1.3368,,grid,,1.65,0.7548730045737215,0.24279089601580914,0.04954459682425279,0.00940282236390666,2.0486421754803223,0.6348067738676059
18,rtp475,rtp,0.0613122505653577,475.0,grid,,1.7,0.4970011357488576,0.22030312662463314,0.04098629935435797,0.007547168246231167,3.356171834564674,0.9257314146540321
18,rtp2500,rtp,0.11863576389470315,2500.0,grid,,1.7,0.5097859774325083,0.22256857672436897,0.040704716891640416,0.008832054453470906,3.2901543404323714,0.9613243319643492
18,rtp5000,rtp,0.14977155869890793,5000.0,grid,,1.7,0.5165350927330616,0.22466748818442622,0.04078760844673273,0.009687871800366565,3.241372604463833,0.9768750173653094
18,grid_0.1645,grid,0.1645,6609.46560742302,grid,,1.7,0.519798192974407,0.22574683678069118,0.040858179860190295,0.010103454456297734,3.217019204443531,0.9834653263949924
18,rtp10000,rtp,0.18629788999748753,10000.0,grid,,1.7,0.5246925346917694,0.2273806675197047,0.040987893649911664,0.01071407431179483,3.1802977903248544,0.9922165698309535
18,grid_0.2109,grid,0.2109,15126.540036045599,grid,,1.7,0.530306624340205,0.22925021145615243,0.04116146130088073,0.011394198151809865,3.1385282798496137,1.000618967450749
18,grid_0.2423,grid,0.2423,24237.556250109363,grid,,1.7,0.5376049525753631,0.23164732160951118,0.04141234508028255,0.012248136528577758,3.08556368674138,1.0090912392730709
18,grid_0.2700,grid,0.27,36281.73183990586,grid,,1.7,0.5440944504613179,0.2337041789142827,0.04164948882547901,0.01296815441652005,3.0398764729056973,1.014505546178952
18,grid_0.2850,grid,0.285,44381.07933439673,grid,,1.7,0.5476071951992522,0.23478351482245532,0.04178152482627418,0.013341774006111917,3.0156612716305533,1.0166855890474085
18,grid_0.3100,grid,0.31,60714.10231888526,grid,,1.7,0.5534552692078066,0.23651764741314774,0.04200464868405894,0.013935948853791125,2.97630518958872,1.0191855584110818
18,grid_0.3300,grid,0.33,76644.52731614409,grid,,1.7,0.5581405423255693,0.2378743515719866,0.042185943500845965,0.014398263634947117,2.945558699322846,1.020279797074631
18,grid_0.3434,grid,0.3434,89183.93697349212,grid,,1.7,0.5612718101344804,0.23875270781906582,0.042307632537123954,0.01469522295381226,2.925388117339654,1.020577894064855
18,grid_0.3600,grid,0.36,108518.7900745507,grid,,1.7,0.565139687332658,0.2398065792127124,0.04245800209178867,0.015049193341914235,2.9009432907746904,1.0204998820463385
18,grid_0.3649,grid,0.3649,114791.44159604008,grid,,1.7,0.5662778633620847,0.24011066028323244,0.04250233148939389,0.015150797692255968,2.89381960889793,1.0203841068191473
18,grid_0.4000,grid,0.4,168150.3935068705,grid,,1.7,0.5743791505601097,0.24219753996519372,0.04281895778267881,0.015840690582512806,2.8439300930941047,1.0184039268263274
18,grid_0.4500,grid,0.45,274356.66259618336,grid,,1.7,0.5857065677262226,0.2448615476543428,0.043263166051351984,0.016694011468327996,2.7761729439089913,1.012299590103541
18,grid_0.4898,grid,0.4898,390218.8927695214,grid,,1.7,0.5946417959866432,0.24679652699383464,0.043611180990089184,0.017297344746129373,2.7246311271166497,1.0049397536164857
18,grid_0.5000,grid,0.5,429376.576712395,grid,,1.7,0.5969172586695747,0.24726277873737829,0.043699858627524256,0.01743902312140544,2.7116592471944383,1.0027017635770503
18,grid_0.5500,grid,0.55,668164.9142006582,grid,,1.7,0.6079192147980319,0.24931785568138898,0.04412649659807413,0.018032896563491774,2.6502858225518446,0.9900287463307206
18,grid_0.5971,grid,0.5971,978238.53144292,grid,,1.7,0.6181066790178907,0.2509403855162408,0.04451971517610353,0.018451361906936026,2.595001903109927,0.9755470835133082
18,grid_0.6049,grid,0.6049,1038953.0137061502,grid,,1.7,0.6197787532343814,0.2511802822243336,0.044584564075215945,0.018506970103079945,2.585986067420437,0.9728964993944494
18,grid_0.6500,grid,0.65,1450405.4361228307,grid,,1.7,0.6293507989803981,0.25238069995447654,0.04495486074219871,0.018741156967312822,2.5352046217817636,0.9563856316901295
18,grid_0.7139,grid,0.7139,2276372.440183442,grid,,1.7,0.642591664218948,0.25358109674014856,0.04546075738876731,0.01884261523516928,2.4684430046786843,0.9306560471659223
18,grid_0.7892,grid,0.7892,4046460.643466014,grid,,1.7,0.657852571819415,0.2543754858417717,0.04603735445755976,0.018669533339677635,2.398603278039226,0.8995116617394149
18,grid_0.8000,grid,0.8,4374602.636932113,grid,,1.7,0.6598872890819948,0.2544061779227302,0.04611253835163785,0.018609965013614005,2.390695505903522,0.8959491650494921
18,grid_0.8904,grid,0.8904,8084774.664280278,grid,,1.7,0.6767822209570428,0.25415893821547414,0.046743184546630144,0.01785358132818704,2.3249615391429383,0.862995016858249
18,grid_0.9500,grid,0.95,11724385.549871514,grid,,1.7,0.6875957612066691,0.25346110133890026,0.04714910865111029,0.017093421240817974,2.282918878935764,0.8384016017018937
18,grid_1.0112,grid,1.0112,16773826.411610732,grid,,1.7,0.6986019880435922,0.25224845131133594,0.04757520883556491,0.016054072353402504,2.239380332852006,0.8098641907009966
18,grid_1.1500,grid,1.15,,grid,,1.7,0.7223308315330362,0.24825240103842983,0.04847110987139437,0.013158144749951028,2.1473125902744052,0.7371680095416133
18,grid_1.3368,grid,1.3368,,grid,,1.7,0.7498185331601708,0.24188228566329967,0.04940714638726581,0.009099893730436293,2.0486421754803223,0.6348067738676059
18,rtp475,rtp,0.0613122505653577,475.0,grid,,1.75,0.495707728866988,0.22139285632216865,0.04169866681237909,0.007316130018109324,3.356171834564674,0.9257314146540321
18,rtp2500,rtp,0.11863576389470315,2500.0,grid,,1.75,0.5090482724702267,0.22311875508615217,0.041393924475383606,0.008388054395810751,3.2901543404323714,0.9613243319643492
18,rtp5000,rtp,0.14977155869890793,5000.0,grid,,1.75,0.5159186279986987,0.22497522789584806,0.0414436305677938,0.00917022259899497,3.241372604463833,0.9768750173653094
18,grid_0.1645,grid,0.1645,6609.46560742302,grid,,1.75,0.5192169710276655,0.22594675095428504,0.04149662938018788,0.009555304886609828,3.217019204443531,0.9834653263949924
18,rtp10000,rtp,0.18629788999748753,10000.0,grid,,1.75,0.5241442119668702,0.2274281472573214,0.04159919926761301,0.010124362897284855,3.1802977903248544,0.9922165698309535
18,grid_0.2109,grid,0.2109,15126.540036045599,grid,,1.75,0.5297730687045432,0.2291350984534774,0.041741327198853984,0.0107615661444308,3.1385282798496137,1.000618967450749
18,grid_0.2423,grid,0.2423,24237.556250109363,grid,,1.75,0.5370630428440055,0.23133861877208195,0.04195189733860095,0.011565659196773714,3.08556368674138,1.0090912392730709
18,grid_0.2700,grid,0.27,36281.73183990586,grid,,1.75,0.5435256106426497,0.23323712751112785,0.04215402665804769,0.012245530991594422,3.0398764729056973,1.014505546178952
18,grid_0.2850,grid,0.285,44381.07933439673,grid,,1.75,0.5470175529347056,0.23423538387743423,0.042267436937379534,0.012598778122829446,3.0156612716305533,1.0166855890474085
18,grid_0.3100,grid,0.31,60714.10231888526,grid,,1.75,0.552822639539055,0.2358416205789933,0.04246029140067972,0.013160978596646111,2.97630518958872,1.0191855584110818
18,grid_0.3300,grid,0.33,76644.52731614409,grid,,1.75,0.5574670452174906,0.23710213194829433,0.04261790746959158,0.013599513504834793,2.945558699322846,1.020279797074631
18,grid_0.3434,grid,0.3434,89183.93697349212,grid,,1.75,0.5605681801604976,0.23791879442723493,0.042724043093937646,0.013881309647771234,2.925388117339654,1.020577894064855
18,grid_0.3600,grid,0.36,108518.7900745507,grid,,1.75,0.5643964010895748,0.23889964895669058,0.04285557948009486,0.01421746279153513,2.9009432907746904,1.0204998820463385
18,grid_0.3649,grid,0.3649,114791.44159604008,grid,,1.75,0.5655222906523466,0.2391826743130209,0.04289440839137695,0.014313943300151677,2.89381960889793,1.0203841068191473
18,grid_0.4000,grid,0.4,168150.3935068705,grid,,1.75,0.5735287525397387,0.24112571756332804,0.04317239496806262,0.014969216702367227,2.8439300930941047,1.0184039268263274
18,grid_0.4500,grid,0.45,274356.66259618336,grid,,1.75,0.5847036573247917,0.2436047931112372,0.04356380670384014,0.015779488522928542,2.7761729439089913,1.012299590103541
18,grid_0.4898,grid,0.4898,390218.8927695214,grid,,1.75,0.5935057797860676,0.24540996329291928,0.04387159806656702,0.016354452016864973,2.7246311271166497,1.0049397536164857
18,grid_0.5000,grid,0.5,429376.576712395,grid,,1.75,0.5957454391577593,0.24584495317100452,0.04395011280855562,0.016489628191097783,2.7116592471944383,1.0027017635770503
18,grid_0.5500,grid,0.55,668164.9142006582,grid,,1.75,0.6065654537761923,0.24776127145232335,0.04432874019243998,0.017056907439231883,2.6502858225518446,0.9900287463307206
18,grid_0.5971,grid,0.5971,978238.53144292,grid,,1.75,0.6165720820735193,0.24927207453434796,0.04467867463193709,0.01745789251072044,2.595001903109927,0.9755470835133082
18,grid_0.6049,grid,0.6049,1038953.0137061502,grid,,1.75,0.618213122849894,0.24949498421251887,0.04473643815887206,0.017511308988332974,2.585986067420437,0.9728964993944494
18,grid_0.6500,grid,0.65,1450405.4361228307,grid,,1.75,0.6276008536820975,0.25060711039172595,0.045066908858295396,0.017737014920595318,2.5352046217817636,0.9563856316901295
18,grid_0.7139,grid,0.7139,2276372.440183442,grid,,1.75,0.6405720448909693,0.2517151063487501,0.04552100832982601,0.017839486434336582,2.4684430046786843,0.9306560471659223
18,grid_0.7892,grid,0.7892,4046460.643466014,grid,,1.75,0.655504385743455,0.25246068965824037,0.04604523437294309,0.017691165449771284,2.398603278039226,0.8995116617394149
18,grid_0.8000,grid,0.8,4374602.636932113,grid,,1.75,0.6574928095735743,0.2524928241762798,0.04611499755445889,0.017637628706054842,2.390695505903522,0.8959491650494921
18,grid_0.8904,grid,0.8904,8084774.664280278,grid,,1.75,0.6739843328913955,0.2522815293802018,0.046700107051497554,0.016945863014916074,2.3249615391429383,0.862995016858249
18,grid_0.9500,grid,0.95,11724385.549871514,grid,,1.75,0.6845214567057859,0.2516286006777583,0.04707649076600157,0.01624046191304518,2.282918878935764,0.8384016017018937
18,grid_1.0112,grid,1.0112,16773826.411610732,grid,,1.75,0.6952246328719445,0.2504827439001295,0.04747138075203027,0.015270224239707586,2.239380332852006,0.8098641907009966
18,grid_1.1500,grid,1.15,,grid,,1.75,0.7182768829407375,0.2467024407494907,0.04830086590946484,0.012561228362291121,2.1473125902744052,0.7371680095416133
18,grid_1.3368,grid,1.3368,,grid,,1.75,0.7449764910726937,0.24070291187531268,0.049165311532151305,0.008772580253103235,2.0486421754803223,0.6348067738676059
18,rtp475,rtp,0.0613122505653577,475.0,grid,,1.8,0.4951139621419529,0.2223682537036574,0.0423186900356991,0.00712895021951504,3.356171834564674,0.9257314146540321
18,rtp2500,rtp,0.11863576389470315,2500.0,grid,,1.8,0.5090646567929493,0.22350010739059695,0.04199276808005983,0.007959529923548536,3.2901543404323714,0.9613243319643492
18,rtp5000,rtp,0.14977155869890793,5000.0,grid,,1.8,0.5160634860644998,0.22509276687606025,0.04200998446002935,0.00865676923989106,3.241372604463833,0.9768750173653094
18,grid_0.1645,grid,0.1645,6609.46560742302,grid,,1.8,0.5193971261113096,0.2259471555378839,0.04204566102619005,0.009006456069470647,3.217019204443531,0.9834653263949924
18,rtp10000,rtp,0.18629788999748753,10000.0,grid,,1.8,0.5243544085909951,0.22726310619352777,0.042121381720630596,0.009527137716100087,3.1802977903248544,0.9922165698309535
18,grid_0.2109,grid,0.2109,15126.540036045599,grid,,1.8,0.529991515297658,0.22879370036104837,0.04223230754715608,0.01011424977774511,3.1385282798496137,1.000618967450749
18,grid_0.2423,grid,0.2423,24237.556250109363,grid,,1.8,0.537261104940551,0.23078732212990768,0.04240274281284343,0.010860045243050342,3.08556368674138,1.0090912392730709
18,grid_0.2700,grid,0.27,36281.73183990586,grid,,1.8,0.5436838024123695,0.23251435928424063,0.042569927131771115,0.011493000141589826,3.0398764729056973,1.014505546178952
18,grid_0.2850,grid,0.285,44381.07933439673,grid,,1.8,0.547147261613516,0.23342490596582877,0.04266472232284556,0.01182246440231044,3.0156612716305533,1.0166855890474085
18,grid_0.3100,grid,0.31,60714.10231888526,grid,,1.8,0.5528959154325879,0.23489296616028224,0.04282728645215733,0.012347419099418167,2.97630518958872,1.0191855584110818
18,grid_0.3300,grid,0.33,76644.52731614409,grid,,1.8,0.5574880787532128,0.23604961660514734,0.042961177538329016,0.012758243961108029,2.945558699322846,1.020279797074631
18,grid_0.3434,grid,0.3434,89183.93697349212,grid,,1.8,0.5605512722396675,0.23679978791373812,0.043051717723112524,0.013022421832878828,2.925388117339654,1.020577894064855
18,grid_0.3600,grid,0.36,108518.7900745507,grid,,1.8,0.564330044978634,0.23770204388458505,0.043164356537376554,0.013337905129532646,2.9009432907746904,1.0204998820463385
18,grid_0.3649,grid,0.3649,114791.44159604008,grid,,1.8,0.5654407211752116,0.23796244284763182,0.043197664307722435,0.013428459898290002,2.89381960889793,1.0203841068191473
18,grid_0.4000,grid,0.4,168150.3935068705,grid,,1.8,0.5733309418417659,0.2397513481919841,0.04343684268910468,0.014043866270769312,2.8439300930941047,1.0184039268263274
18,grid_0.4500,grid,0.45,274356.66259618336,grid,,1.8,0.5843218609078914,0.24203363162055055,0.04377517575825201,0.01480510307718036,2.7761729439089913,1.012299590103541
18,grid_0.4898,grid,0.4898,390218.8927695214,grid,,1.8,0.5929653177187344,0.24370160663573903,0.04404248634301505,0.015347986733825425,2.7246311271166497,1.0049397536164857
18,grid_0.5000,grid,0.5,429376.576712395,grid,,1.8,0.5951625101264708,0.24410373793262283,0.04411076991644428,0.01547586495623432,2.7116592471944383,1.0027017635770503
18,grid_0.5500,grid,0.55,668164.9142006582,grid,,1.8,0.6057681068162383,0.2458750740255593,0.04444102965655526,0.016013522370519007,2.6502858225518446,0.9900287463307206
18,grid_0.5971,grid,0.5971,978238.53144292,grid,,1.8,0.6155632627693362,0.247270620801231,0.044747319672273494,0.01639544023915268,2.595001903109927,0.9755470835133082
18,grid_0.6049,grid,0.6049,1038953.0137061502,grid,,1.8,0.6171681274771661,0.24747617308061956,0.04479793669790312,0.016446519544725646,2.585986067420437,0.9728964993944494
18,grid_0.6500,grid,0.65,1450405.4361228307,grid,,1.8,0.6263420860715183,0.24849900278195378,0.04508821188905438,0.016663542494571082,2.5352046217817636,0.9563856316901295
18,grid_0.7139,grid,0.7139,2276372.440183442,grid,,1.8,0.6390039198765957,0.24951591723438538,0.045489924845842813,0.016768268107473838,2.4684430046786843,0.9306560471659223
18,grid_0.7892,grid,0.7892,4046460.643466014,grid,,1.8,0.6535653370272081,0.2502167656146516,0.04596089270235428,0.01664753709230321,2.398603278039226,0.8995116617394149
18,grid_0.8000,grid,0.8,4374602.636932113,grid,,1.8,0.6555028183610215,0.2502507333236674,0.04602507391318163,0.01660035561585166,2.390695505903522,0.8959491650494921
18,grid_0.8904,grid,0.8904,8084774.664280278,grid,,1.8,0.671551124508158,0.25008129907593896,0.046563296123437375,0.01597736002407185,2.3249615391429383,0.862995016858249
18,grid_0.9500,grid,0.95,11724385.549871514,grid,,1.8,0.6817854821810948,0.2494794950825886,0.04690927739962655,0.015330741067036802,2.282918878935764,0.8384016017018937
18,grid_1.0112,grid,1.0112,16773826.411610732,grid,,1.8,0.692157160698394,0.24840895372470184,0.047272058636131216,0.014434949654469842,2.239380332852006,0.8098641907009966
18,grid_1.1500,grid,1.15,,grid,,1.8,0.7144707824076839,0.2448684397043521,0.04803326468959885,0.01192728807364507,2.1473125902744052,0.7371680095416133
18,grid_1.3368,grid,1.3368,,grid,,1.8,0.7403123596742754,0.23927394933204837,0.04882424636557143,0.008427776463384218,2.0486421754803223,0.6348067738676059
18,rtp475,rtp,0.0613122505653577,475.0,grid,,1.85,0.4934403343908826,0.2246106822704437,0.04356423663633505,0.006885721953659163,3.356171834564674,0.9257314146540321
18,rtp2500,rtp,0.11863576389470315,2500.0,grid,,1.85,0.5075031718997322,0.22487877838755396,0.04324366267251654,0.007326802296562074,3.2901543404323714,0.9613243319643492
18,rtp5000,rtp,0.14977155869890793,5000.0,grid,,1.85,0.5143871428149716,0.2260822329144169,0.04324019552151503,0.00787298051805363,3.241372604463833,0.9768750173653094
18,grid_0.1645,grid,0.1645,6609.46560742302,grid,,1.85,0.5176422346550231,0.2267614780505869,0.043263224849207596,0.008157543078479212,3.217019204443531,0.9834653263949924
18,rtp10000,rtp,0.18629788999748753,10000.0,grid,,1.85,0.5224617809911041,0.22782796807767033,0.04331802374621512,0.008587559292184854,3.1802977903248544,0.9922165698309535
18,grid_0.2109,grid,0.2109,15126.540036045599,grid,,1.85,0.5279178881610688,0.2290894942659549,0.04340311598847819,0.00907888039455279,3.1385282798496137,1.000618967450749
18,grid_0.2423,grid,0.2423,24237.556250109363,grid,,1.85,0.5349247788671194,0.23075768486232662,0.043538444239013444,0.009710664884007403,3.08556368674138,1.0090912392730709
18,grid_0.2700,grid,0.27,36281.73183990586,grid,,1.85,0.541094076057635,0.2322156622214203,0.043673719080846274,0.010250394700086485,3.0398764729056973,1.014505546178952
18,grid_0.2850,grid,0.285,44381.07933439673,grid,,1.85,0.5444137923028246,0.2329876872074973,0.043751092586608836,0.010532169803689762,3.0156612716305533,1.0166855890474085
18,grid_0.3100,grid,0.31,60714.10231888526,grid,,1.85,0.5499145935977461,0.2342362145965139,0.04388468028385008,0.010981923944654026,2.97630518958872,1.0191855584110818
18,grid_0.3300,grid,0.33,76644.52731614409,grid,,1.85,0.5543015723346452,0.23522612007898605,0.04399541445914086,0.0113359131082727,2.945558699322846,1.020279797074631
18,grid_0.3434,grid,0.3434,89183.93697349212,grid,,1.85,0.5572247672081868,0.23586930468672962,0.044070536424933957,0.011563792468467338,2.925388117339654,1.020577894064855
18,grid_0.3600,grid,0.36,108518.7900745507,grid,,1.85,0.5608283096304406,0.23664461038204423,0.04416426660153148,0.011836405021338037,2.9009432907746904,1.0204998820463385
18,grid_0.3649,grid,0.3649,114791.44159604008,grid,,1.85,0.5618867410465183,0.23686848719293513,0.04419201736556652,0.011914662859503156,2.89381960889793,1.0203841068191473
18,grid_0.4000,grid,0.4,168150.3935068705,grid,,1.85,0.5693967090994368,0.2384087601098013,0.04439172779484629,0.012447009102246498,2.8439300930941047,1.0184039268263274
18,grid_0.4500,grid,0.45,274356.66259618336,grid,,1.85,0.5798324368087416,0.24037610631657944,0.04467510807997864,0.013105564407940862,2.7761729439089913,1.012299590103541
18,grid_0.4898,grid,0.4898,390218.8927695214,grid,,1.85,0.5880249736749585,0.2418244314831256,0.04489980542757305,0.013579250234563855,2.7246311271166497,1.0049397536164857
18,grid_0.5000,grid,0.5,429376.576712395,grid,,1.85,0.5901050837256301,0.24217438839962932,0.04495725891408393,0.013691175482650586,2.7116592471944383,1.0027017635770503
18,grid_0.5500,grid,0.55,668164.9142006582,grid,,1.85,0.600135008307599,0.2437178055401615,0.04523569079562874,0.014162677941683244,2.6502858225518446,0.9900287463307206
18,grid_0.5971,grid,0.5971,978238.53144292,grid,,1.85,0.6093831468584914,0.2449368657774109,0.0454945194051525,0.014499548811708896,2.595001903109927,0.9755470835133082
18,grid_0.6049,grid,0.6049,1038953.0137061502,grid,,1.85,0.6108964236785903,0.2451165231441821,0.04553732166135414,0.014544788256938224,2.585986067420437,0.9728964993944494
18,grid_0.6500,grid,0.65,1450405.4361228307,grid,,1.85,0.6195386136575647,0.2460099240166347,0.04578316115709054,0.014737721557579853,2.5352046217817636,0.9563856316901295
18,grid_0.7139,grid,0.7139,2276372.440183442,grid,,1.85,0.6314508124824546,0.2469031397833505,0.04612511464947383,0.014836045785402874,2.4684430046786843,0.9306560471659223
18,grid_0.7892,grid,0.7892,4046460.643466014,grid,,1.85,0.6451365182950399,0.24755198875657428,0.04653081474645687,0.014751172390878198,2.398603278039226,0.8995116617394149
18,grid_0.8000,grid,0.8,4374602.636932113,grid,,1.85,0.6469556808913617,0.2475889016249565,0.04658703159944522,0.014713232608407179,2.390695505903522,0.8959491650494921
18,grid_0.8904,grid,0.8904,8084774.664280278,grid,,1.85,0.6619961841983799,0.2475006651196466,0.04705836695104923,0.014198212283618228,2.3249615391429383,0.862995016858249
18,grid_0.9500,grid,0.95,11724385.549871514,grid,,1.85,0.6715604392887372,0.2470049502954495,0.047361017150452184,0.013650428320005292,2.282918878935764,0.8384016017018937
18,grid_1.0112,grid,1.0112,16773826.411610732,grid,,1.85,0.6812176940871056,0.2460946425355418,0.04767806977458407,0.012884503310112039,2.239380332852006,0.8098641907009966
18,grid_1.1500,grid,1.15,,grid,,1.85,0.7019624209236625,0.24305763110036957,0.0483421643997177,0.010734847636405642,2.1473125902744052,0.7371680095416133
18,grid_1.3368,grid,1.3368,,grid,,1.85,0.7259837722161525,0.23828109290475177,0.049029009941010886,0.007748869294872063,2.0486421754803223,0.6348067738676059
18,rtp475,rtp,0.0613122505653577,475.0,grid,,1.9,0.4923737750413471,0.2269779971139239,0.04475970786893702,0.006759303304911424,3.356171834564674,0.9257314146540321
18,rtp2500,rtp,0.11863576389470315,2500.0,grid,,1.9,0.5066049259802231,0.2263996620080056,0.044451885278614905,0.006804921678724263,3.2901543404323714,0.9613243319643492
18,rtp5000,rtp,0.14977155869890793,5000.0,grid,,1.9,0.5133865906939493,0.22722600117100894,0.044431325025903974,0.007200330582263381,3.241372604463833,0.9768750173653094
18,grid_0.1645,grid,0.1645,6609.46560742302,grid,,1.9,0.5165663869018862,0.227735424754797,0.04444318783927469,0.007420235848973111,3.217019204443531,0.9834653263949924
18,rtp10000,rtp,0.18629788999748753,10000.0,grid,,1.9,0.5212506578859903,0.22855971744488987,0.04447900806531819,0.007760536373169702,3.1802977903248544,0.9922165698309535
18,grid_0.2109,grid,0.2109,15126.540036045599,grid,,1.9,0.526525900167381,0.22955936538406152,0.044540119570826285,0.00815738266470678,3.1385282798496137,1.000618967450749
18,grid_0.2423,grid,0.2423,24237.556250109363,grid,,1.9,0.5332672667159193,0.2309096554545689,0.04464222346818841,0.008677045513959314,3.08556368674138,1.0090912392730709
18,grid_0.2700,grid,0.27,36281.73183990586,grid,,1.9,0.539178746127384,0.23210393480945074,0.04474687104966582,0.009125365504363936,3.0398764729056973,1.014505546178952
18,grid_0.2850,grid,0.285,44381.07933439673,grid,,1.9,0.5423517549286712,0.23273988385172575,0.04480739332606144,0.009360460209253352,3.0156612716305533,1.0166855890474085
18,grid_0.3100,grid,0.31,60714.10231888526,grid,,1.9,0.547599182339285,0.23377228774237593,0.04491276607289981,0.009736716443404403,2.97630518958872,1.0191855584110818
18,grid_0.3300,grid,0.33,76644.52731614409,grid,,1.9,0.5517760251329933,0.23459755601142104,0.04500081665015463,0.010035196636377197,2.945558699322846,1.020279797074631
18,grid_0.3434,grid,0.3434,89183.93697349212,grid,,1.9,0.5545557274844695,0.2351349689837479,0.04506077946728847,0.010227674171699619,2.925388117339654,1.020577894064855
18,grid_0.3600,grid,0.36,108518.7900745507,grid,,1.9,0.5579795774568059,0.23578457621821838,0.045135855030258736,0.010458511352146094,2.9009432907746904,1.0204998820463385
18,grid_0.3649,grid,0.3649,114791.44159604008,grid,,1.9,0.5589844126382404,0.23597227187416933,0.04515811435182147,0.010524798741635422,2.89381960889793,1.0203841068191473
18,grid_0.4000,grid,0.4,168150.3935068705,grid,,1.9,0.5661040161292628,0.2372658958516396,0.04531870961438165,0.010976395719899446,2.8439300930941047,1.0184039268263274
18,grid_0.4500,grid,0.45,274356.66259618336,grid,,1.9,0.575969141972259,0.23892009647665136,0.04554736237836291,0.011535450122049484,2.7761729439089913,1.012299590103541
18,grid_0.4898,grid,0.4898,390218.8927695214,grid,,1.9,0.5836979244354316,0.24014918312795122,0.04572943067867247,0.011942199478349791,2.7246311271166497,1.0049397536164857
18,grid_0.5000,grid,0.5,429376.576712395,grid,,1.9,0.5856575573341845,0.24044699101236186,0.04577603410169698,0.012038721385201845,2.7116592471944383,1.0027017635770503
18,grid_0.5500,grid,0.55,668164.9142006582,grid,,1.9,0.5950951192965294,0.2417618484762926,0.0460023770811771,0.012446414297496766,2.6502858225518446,0.9900287463307206
18,grid_0.5971,grid,0.5971,978238.53144292,grid,,1.9,0.603780264445274,0.24280292399335776,0.046213324699112705,0.012739935200611563,2.595001903109927,0.9755470835133082
18,grid_0.6049,grid,0.6049,1038953.0137061502,grid,,1.9,0.6051992409601449,0.24295636966404238,0.04624823203372789,0.01277956552660292,2.585986067420437,0.9728964993944494
18,grid_0.6500,grid,0.65,1450405.4361228307,grid,,1.9,0.6132940763405981,0.24371803735150552,0.046449057445053496,0.012949424285416344,2.5352046217817636,0.9563856316901295
18,grid_0.7139,grid,0.7139,2276372.440183442,grid,,1.9,0.624435726135195,0.24448240449787328,0.04673000798231016,0.013041638126751576,2.4684430046786843,0.9306560471659223
18,grid_0.7892,grid,0.7892,4046460.643466014,grid,,1.9,0.6372237870707829,0.24506745639857588,0.04706797783557625,0.012990080350091637,2.398603278039226,0.8995116617394149
18,grid_0.8000,grid,0.8,4374602.636932113,grid,,1.9,0.638922403760153,0.24510458138508318,0.047115674079945366,0.0129605817360115,2.390695505903522,0.8959491650494921
18,grid_0.8904,grid,0.8904,8084774.664280278,grid,,1.9,0.6529356843022465,0.24507305549218522,0.04751545341906341,0.01254534910921229,2.3249615391429383,0.862995016858249
18,grid_0.9500,grid,0.95,11724385.549871514,grid,,1.9,0.6618167758281882,0.24466615892618132,0.04777175593550457,0.012089773388186842,2.282918878935764,0.8384016017018937
18,grid_1.0112,grid,1.0112,16773826.411610732,grid,,1.9,0.6707451152353677,0.243895907258872,0.04803990355776047,0.011445310019867816,2.239380332852006,0.8098641907009966
18,grid_1.1500,grid,1.15,,grid,,1.9,0.6898890819390243,0.24131162448386456,0.04860016935434098,0.00963113075670069,2.1473125902744052,0.7371680095416133
18,grid_1.3368,grid,1.3368,,grid,,1.9,0.712054601808639,0.2372813024275375,0.04917575282158503,0.007126663660123489,2.0486421754803223,0.6348067738676059
18,rtp475,rtp,0.0613122505653577,475.0,grid,,1.95,0.4918597952243491,0.22950413768501773,0.04591448099562586,0.006757668218917712,3.356171834564674,0.9257314146540321
18,rtp2500,rtp,0.11863576389470315,2500.0,grid,,1.95,0.5063118938577317,0.22810835166199378,0.045627275928482994,0.00640614416946883,3.2901543404323714,0.9613243319643492
18,rtp5000,rtp,0.14977155869890793,5000.0,grid,,1.95,0.5130035527853944,0.22857520238794854,0.04559355244262856,0.006653070704063069,3.241372604463833,0.9768750173653094
18,grid_0.1645,grid,0.1645,6609.46560742302,grid,,1.95,0.5161114247656687,0.22892265157403643,0.04559588874781376,0.006809691655873917,3.217019204443531,0.9834653263949924
18,rtp10000,rtp,0.18629788999748753,10000.0,grid,,1.95,0.5206632600431027,0.2295156293286296,0.045614902237921286,0.007062521868195615,3.1802977903248544,0.9922165698309535
18,grid_0.2109,grid,0.2109,15126.540036045599,grid,,1.95,0.5257584231474502,0.23026448945389524,0.04565413069073971,0.0073676044127233276,3.1385282798496137,1.000618967450749
18,grid_0.2423,grid,0.2423,24237.556250109363,grid,,1.95,0.5322325177266879,0.23130906798393094,0.04572518155887265,0.007778703372722129,3.08556368674138,1.0090912392730709
18,grid_0.2700,grid,0.27,36281.73183990586,grid,,1.95,0.5378828618016328,0.2322487896873362,0.04580071627222027,0.008138784039012248,3.0398764729056973,1.014505546178952
18,grid_0.2850,grid,0.285,44381.07933439673,grid,,1.95,0.5409068364591479,0.23275302160039849,0.045845075331706266,0.008328893732409304,3.0156612716305533,1.0166855890474085
18,grid_0.3100,grid,0.31,60714.10231888526,grid,,1.95,0.545896468854923,0.23357567764097162,0.04592317674900784,0.008634420436431256,2.97630518958872,1.0191855584110818
18,grid_0.3300,grid,0.33,76644.52731614409,grid,,1.95,0.549859141731312,0.23424060286826007,0.045989153126707115,0.008879506905378809,2.945558699322846,1.020279797074631
18,grid_0.3434,grid,0.3434,89183.93697349212,grid,,1.95,0.5524924824770883,0.23467482983268836,0.04603430243556477,0.009037973321436465,2.925388117339654,1.020577894064855
18,grid_0.3600,grid,0.36,108518.7900745507,grid,,1.95,0.5557329566658414,0.23520158109346426,0.04609107899783817,0.009228704751027272,2.9009432907746904,1.0204998820463385
18,grid_0.3649,grid,0.3649,114791.44159604008,grid,,1.95,0.5566830760344165,0.23535388569575677,0.04610794163259718,0.009283509879494167,2.89381960889793,1.0203841068191473
18,grid_0.4000,grid,0.4,168150.3935068705,grid,,1.95,0.5634038884839457,0.23640578940514453,0.04622997363351714,0.009657723630752402,2.8439300930941047,1.0184039268263274
18,grid_0.4500,grid,0.45,274356.66259618336,grid,,1.95,0.572685453438398,0.23775204877416925,0.04640438166975281,0.010121655026562149,2.7761729439089913,1.012299590103541
18,grid_0.4898,grid,0.4898,390218.8927695214,grid,,1.95,0.5799396226263815,0.23876438500651773,0.04654399118752242,0.010464440360018201,2.7246311271166497,1.0049397536164857
18,grid_0.5000,grid,0.5,429376.576712395,grid,,1.95,0.5817758968092931,0.23901051717310925,0.046579770690129786,0.010546256629227369,2.7116592471944383,1.0027017635770503
18,grid_0.5500,grid,0.55,668164.9142006582,grid,,1.95,0.590606899574674,0.24009786515297907,0.046753972245175815,0.0108930126058423,2.6502858225518446,0.9900287463307206
18,grid_0.5971,grid,0.5971,978238.53144292,grid,,1.95,0.598715417297189,0.24096033302871034,0.04691679696279706,0.011145085130509935,2.595001903109927,0.9755470835133082
18,grid_0.6049,grid,0.6049,1038953.0137061502,grid,,1.95,0.6000377732752001,0.24108733058236523,0.046943757643045154,0.011179343324285496,2.585986067420437,0.9728964993944494
18,grid_0.6500,grid,0.65,1450405.4361228307,grid,,1.95,0.6075719120962134,0.24171506928402303,0.04709914309172527,0.011327031627254791,2.5352046217817636,0.9563856316901295
18,grid_0.7139,grid,0.7139,2276372.440183442,grid,,1.95,0.6179251139090923,0.2423445975790718,0.047318018649377305,0.011412885326384958,2.4684430046786843,0.9306560471659223
18,grid_0.7892,grid,0.7892,4046460.643466014,grid,,1.95,0.6297967949122831,0.2428515087408815,0.04758590557685403,0.011390949720868404,2.398603278039226,0.8995116617394149
18,grid_0.8000,grid,0.8,4374602.636932113,grid,,1.95,0.6313729886799603,0.2428856351687806,0.04762452009556995,0.011368911675772031,2.390695505903522,0.8959491650494921
18,grid_0.8904,grid,0.8904,8084774.664280278,grid,,1.95,0.6443426213448835,0.2428814876063947,0.047948033260950484,0.01104338376094477,2.3249615391429383,0.862995016858249
18,grid_0.9500,grid,0.95,11724385.549871514,grid,,1.95,0.652529473496506,0.24254229188139323,0.04815494444031326,0.010671818910765685,2.282918878935764,0.8384016017018937
18,grid_1.0112,grid,1.0112,16773826.411610732,grid,,1.95,0.6607165498312377,0.24188721493933787,0.048370981707797814,0.010138443043311629,2.239380332852006,0.8098641907009966
18,grid_1.1500,grid,1.15,,grid,,1.95,0.6782325846423698,0.23969298400971586,0.048820638096024854,0.008632088487457057,2.1473125902744052,0.7371680095416133
18,grid_1.3368,grid,1.3368,,grid,,1.95,0.6985120270702543,0.23632177066969964,0.04927776117388983,0.00657021811857228,2.0486421754803223,0.6348067738676059
18,rtp475,rtp,0.0613122505653577,475.0,grid,,2.0,0.491849742160079,0.2322238729146753,0.0470403632854367,0.006887563866054575,3.356171834564674,0.9257314146540321
18,rtp2500,rtp,0.11863576389470315,2500.0,grid,,2.0,0.5065722013533758,0.23005048465867795,0.04678211897802833,0.006141106513664285,3.2901543404323714,0.9613243319643492
18,rtp5000,rtp,0.14977155869890793,5000.0,grid,,2.0,0.5131858930707366,0.23018059089459908,0.046739462112156266,0.00624364231243052,3.241372604463833,0.9768750173653094
18,grid_0.1645,grid,0.1645,6609.46560742302,grid,,2.0,0.5162253009468115,0.23037624892545475,0.04673404676821185,0.006339169300751235,3.217019204443531,0.9834653263949924
18,rtp10000,rtp,0.18629788999748753,10000.0,grid,,2.0,0.520647853080312,0.23075215026816995,0.04673861366099041,0.006507941192393674,3.1802977903248544,0.9922165698309535
18,grid_0.2109,grid,0.2109,15126.540036045599,grid,,2.0,0.5255642760376454,0.2312649461326667,0.04675825124807276,0.0067252240616724746,3.1385282798496137,1.000618967450749
18,grid_0.2423,grid,0.2423,24237.556250109363,grid,,2.0,0.5317702780875865,0.23202036977824445,0.046800640455546626,0.007032811536486661,3.08556368674138,1.0090912392730709
18,grid_0.2700,grid,0.27,36281.73183990586,grid,,2.0,0.5371571217508398,0.23271824298571792,0.04684874637592309,0.007309034242436563,3.0398764729056973,1.014505546178952
18,grid_0.2850,grid,0.285,44381.07933439673,grid,,2.0,0.5400302893872728,0.23309693321391614,0.04687771363451587,0.007456466639217008,3.0156612716305533,1.0166855890474085
18,grid_0.3100,grid,0.31,60714.10231888526,grid,,2.0,0.5447586625771357,0.23371904882406966,0.04692961263282257,0.007694981150405289,2.97630518958872,1.0191855584110818
18,grid_0.3300,grid,0.33,76644.52731614409,grid,,2.0,0.5485039307959398,0.23423002521003639,0.04697421482223614,0.007889489887658141,2.945558699322846,1.020279797074631
18,grid_0.3434,grid,0.3434,89183.93697349212,grid,,2.0,0.5509885856708532,0.2345649734506942,0.047004952544772334,0.008015774225152539,2.925388117339654,1.020577894064855
18,grid_0.3600,grid,0.36,108518.7900745507,grid,,2.0,0.5540426802300091,0.23497325074671724,0.04704385014886883,0.008168578417610817,2.9009432907746904,1.0204998820463385
18,grid_0.3649,grid,0.3649,114791.44159604008,grid,,2.0,0.554937166602588,0.2350913901339392,0.04705542912218747,0.00821253259292054,2.89381960889793,1.0203841068191473
18,grid_0.4000,grid,0.4,168150.3935068705,grid,,2.0,0.5612522338121788,0.23590937272696397,0.04713957129299523,0.008513660847434379,2.8439300930941047,1.0184039268263274
18,grid_0.4500,grid,0.45,274356.66259618336,grid,,2.0,0.5699394229579824,0.236956250837028,0.04726036685953767,0.008887897951202872,2.7761729439089913,1.012299590103541
18,grid_0.4898,grid,0.4898,390218.8927695214,grid,,2.0,0.576709849463483,0.23775638986874512,0.04735779009108712,0.009170310832331607,2.7246311271166497,1.0049397536164857
18,grid_0.5000,grid,0.5,429376.576712395,grid,,2.0,0.5784203328900333,0.2379517676731523,0.047382796625151366,0.009238247113626474,2.7116592471944383,1.0027017635770503
18,grid_0.5500,grid,0.55,668164.9142006582,grid,,2.0,0.586632764993451,0.23881436303624484,0.04750491074841553,0.009527389243991824,2.6502858225518446,0.9900287463307206
18,grid_0.5971,grid,0.5971,978238.53144292,grid,,2.0,0.5941530744003358,0.23949850576344453,0.047619454896188955,0.009740079366733712,2.595001903109927,0.9755470835133082
18,grid_0.6049,grid,0.6049,1038953.0137061502,grid,,2.0,0.5953768335682585,0.23959890491070543,0.047638430223240144,0.009769205011169124,2.585986067420437,0.9728964993944494
18,grid_0.6500,grid,0.65,1450405.4361228307,grid,,2.0,0.6023389022016241,0.24009066372780533,0.04774801484465045,0.00989551196460764,2.5352046217817636,0.9563856316901295
18,grid_0.7139,grid,0.7139,2276372.440183442,grid,,2.0,0.6118884016887063,0.24057858009735364,0.04790379709887556,0.009974256102783241,2.4684430046786843,0.9306560471659223
18,grid_0.7892,grid,0.7892,4046460.643466014,grid,,2.0,0.6228277722600828,0.24099054761904662,0.04809922926169887,0.009977214780029109,2.398603278039226,0.8995116617394149
18,grid_0.8000,grid,0.8,4374602.636932113,grid,,2.0,0.6242799724752086,0.2410180031779475,0.04812818027280926,0.009961497583075851,2.390695505903522,0.8959491650494921
18,grid_0.8904,grid,0.8904,8084774.664280278,grid,,2.0,0.6361921540086324,0.24100718284593237,0.048370543430358896,0.009713918752973782,2.3249615391429383,0.862995016858249
18,grid_0.9500,grid,0.95,11724385.549871514,grid,,2.0,0.643675429649139,0.24071080156327176,0.04852490668114248,0.009416783308090315,2.282918878935764,0.8384016017018937
18,grid_1.0112,grid,1.0112,16773826.411610732,grid,,2.0,0.6511107744626914,0.240141407089309,0.04868550868344547,0.008982386715387758,2.239380332852006,0.8098641907009966
18,grid_1.1500,grid,1.15,,grid,,2.0,0.6669758200976155,0.2382629266851581,0.04901751970064545,0.007751702531931581,2.1473125902744052,0.7371680095416133
18,grid_1.3368,grid,1.3368,,grid,,2.0,0.6853436344481456,0.2354488767588017,0.04934870610249037,0.006087467464491014,2.0486421754803223,0.6348067738676059
18,rtp475,rtp,0.0613122505653577,475.0,structure,3.0,0.5085479103832392,0.23639258659961007,0.26022815840378277,0.04313315678907223,0.02458553763715203,3.356171834564674,0.9257314146540321
18,rtp2500,rtp,0.11863576389470315,2500.0,structure,3.0,0.5085479103832392,0.2393148913049126,0.25556772899587327,0.04302583937176256,0.022289024732345557,3.2901543404323714,0.9613243319643492
18,rtp5000,rtp,0.14977155869890793,5000.0,structure,3.0,0.5085479103832392,0.24433219972621953,0.25397431401118825,0.04314666223849163,0.02135628993896202,3.241372604463833,0.9768750173653094
18,grid_0.1645,grid,0.1645,6609.46560742302,structure,3.0,0.5085479103832392,0.24695490718912125,0.25325870106012516,0.04322198683195825,0.020917982830703598,3.217019204443531,0.9834653263949924
18,rtp10000,rtp,0.18629788999748753,10000.0,structure,3.0,0.5085479103832392,0.25092687659137897,0.2521820440273134,0.04334533185719206,0.02025045147260178,3.1802977903248544,0.9922165698309535
18,grid_0.2109,grid,0.2109,15126.540036045599,structure,3.0,0.5085479103832392,0.25538573170343426,0.2509203968950371,0.04349499278081211,0.019466052797150843,3.1385282798496137,1.000618967450749
18,grid_0.2423,grid,0.2423,24237.556250109363,structure,3.0,0.5085479103832392,0.26084932691844237,0.2492500828006909,0.04369402432981555,0.018431579446335722,3.08556368674138,1.0090912392730709
18,grid_0.2700,grid,0.27,36281.73183990586,structure,3.0,0.5085479103832392,0.2653336322605639,0.24772180438150834,0.043869869370490845,0.017496222995539434,3.0398764729056973,1.014505546178952
18,grid_0.2850,grid,0.285,44381.07933439673,structure,3.0,0.5085479103832392,0.26762232433457284,0.24687390938879863,0.04396393743647172,0.01698278970043704,3.0156612716305533,1.0166855890474085
18,grid_0.3100,grid,0.31,60714.10231888526,structure,3.0,0.5085479103832392,0.2711674514084051,0.24545629459503546,0.044117199563464125,0.01613159299286071,2.97630518958872,1.0191855584110818
18,grid_0.3300,grid,0.33,76644.52731614409,structure,3.0,0.5085479103832392,0.2738228451554551,0.2443207897044946,0.044238208989536454,0.015454439292291428,2.945558699322846,1.020279797074631
18,grid_0.3434,grid,0.3434,89183.93697349212,structure,3.0,0.5085479103832392,0.2755002778152366,0.24356186432073232,0.044317669649886884,0.015004712101503934,2.925388117339654,1.020577894064855
18,grid_0.3600,grid,0.36,108518.7900745507,structure,3.0,0.5085479103832392,0.277451553317253,0.2426358398559589,0.0444139065870891,0.01445824419551743,2.9009432907746904,1.0204998820463385
18,grid_0.3649,grid,0.3649,114791.44159604008,structure,3.0,0.5085479103832392,0.27800811925444036,0.24236128277391508,0.044441962509181435,0.014297028878636195,2.89381960889793,1.0203841068191473
18,grid_0.4000,grid,0.4,168150.3935068705,structure,3.0,0.5085479103832392,0.28175436687041744,0.2403970087691421,0.04463858374865803,0.013152138076492959,2.8439300930941047,1.0184039268263274
18,grid_0.4500,grid,0.45,274356.66259618336,structure,3.0,0.5085479103832392,0.28643665782924693,0.23758308603362713,0.04490428429052382,0.01154143847873805,2.7761729439089913,1.012299590103541
18,grid_0.4898,grid,0.4898,390218.8927695214,structure,3.0,0.5085479103832392,0.2897372819241998,0.2353482376892091,0.04510679683701181,0.010281996146404654,2.7246311271166497,1.0049397536164857
18,grid_0.5000,grid,0.5,429376.576712395,structure,3.0,0.5085479103832392,0.29054289038550873,0.23476831747329566,0.04515781987229471,0.009958343016947424,2.7116592471944383,1.0027017635770503
18,grid_0.5500,grid,0.55,668164.9142006582,structure,3.0,0.5085479103832392,0.2940664545577553,0.23201133805964425,0.0453973608492697,0.008431900138956824,2.6502858225518446,0.9900287463307206
18,grid_0.5971,grid,0.5971,978238.53144292,structure,3.0,0.5085479103832392,0.29691309372789054,0.22950385664320522,0.0456117889820686,0.007060231232036293,2.595001903109927,0.9755470835133082
18,grid_0.6049,grid,0.6049,1038953.0137061502,structure,3.0,0.5085479103832392,0.29735634775040815,0.2290904545517948,0.0456466792830395,0.006835757083708469,2.585986067420437,0.9728964993944494
18,grid_0.6500,grid,0.65,1450405.4361228307,structure,3.0,0.5085479103832392,0.299625710454367,0.2267903928110313,0.04584134931660867,0.005592532954773202,2.5352046217817636,0.9563856316901295
18,grid_0.7139,grid,0.7139,2276372.440183442,structure,3.0,0.5085479103832392,0.30178160050117053,0.22401500404439534,0.04609349000368527,0.004089232033325188,2.4684430046786843,0.9306560471659223
18,grid_0.7892,grid,0.7892,4046460.643466014,structure,3.0,0.5085479103832392,0.30241897039583127,0.22198436570851288,0.04635779610579863,0.002919262513212159,2.398603278039226,0.8995116617394149
18,grid_0.8000,grid,0.8,4374602.636932113,structure,3.0,0.5085479103832392,0.3020790432507569,0.22196617392132842,0.04638579090279729,0.00288319146247612,2.390695505903522,0.8959491650494921
18,grid_0.8904,grid,0.8904,8084774.664280278,structure,3.0,0.5085479103832392,0.2991112853406701,0.22186276301552402,0.04661927383598503,0.002603811776897544,2.3249615391429383,0.862995016858249
18,grid_0.9500,grid,0.95,11724385.549871514,structure,3.0,0.5085479103832392,0.29695401217669865,0.22181518603289518,0.0467651100053867,0.0024368667494212015,2.282918878935764,0.8384016017018937
18,grid_1.0112,grid,1.0112,16773826.411610732,structure,3.0,0.5085479103832392,0.29456147914048875,0.22178347218610103,0.04691428610802485,0.0022736224268982003,2.239380332852006,0.8098641907009966
18,grid_1.1500,grid,1.15,,structure,3.0,0.5085479103832392,0.2886905579301095,0.22172591284389187,0.04721294253221898,0.001949437894238154,2.1473125902744052,0.7371680095416133
18,grid_1.3368,grid,1.3368,,structure,3.0,0.5085479103832392,0.27994221595874025,0.2216020510674453,0.04748411167746699,0.0016233573598316425,2.0486421754803223,0.6348067738676059
18,rtp475,rtp,0.0613122505653577,475.0,structure,5.0,0.8053362233312693,0.3915949237080087,0.20191918985260845,0.034743373021661465,0.0060279862090722724,3.356171834564674,0.9257314146540321
18,rtp2500,rtp,0.11863576389470315,2500.0,structure,5.0,0.8053362233312693,0.40152836754160154,0.19869549228550598,0.034458637256755464,0.005021261397824106,3.2901543404323714,0.9613243319643492
18,rtp5000,rtp,0.14977155869890793,5000.0,structure,5.0,0.8053362233312693,0.4068277163252675,0.19840373356408228,0.034579911001735845,0.0047841304904314985,3.241372604463833,0.9768750173653094
18,grid_0.1645,grid,0.1645,6609.46560742302,structure,5.0,0.8053362233312693,0.4092239452924128,0.19841881280473647,0.03467203179249951,0.004697993482341539,3.217019204443531,0.9834653263949924
18,rtp10000,rtp,0.18629788999748753,10000.0,structure,5.0,0.8053362233312693,0.4126077203355005,0.19854564394914503,0.034835448513812366,0.004584924217368308,3.1802977903248544,0.9922165698309535
18,grid_0.2109,grid,0.2109,15126.540036045599,structure,5.0,0.8053362233312693,0.4161861345047329,0.19879106734145166,0.03504818216388253,0.004469706290871039,3.1385282798496137,1.000618967450749
18,grid_0.2423,grid,0.2423,24237.556250109363,structure,5.0,0.8053362233312693,0.420390796770191,0.19920928395427517,0.0353490725577731,0.0043352662558019395,3.08556368674138,1.0090912392730709
18,grid_0.2700,grid,0.27,36281.73183990586,structure,5.0,0.8053362233312693,0.4237560702871401,0.19962087163681969,0.03562894375329951,0.004219548639744136,3.0398764729056973,1.014505546178952
18,grid_0.2850,grid,0.285,44381.07933439673,structure,5.0,0.8053362233312693,0.42545099693189387,0.19985129702791316,0.035783371804752696,0.004157169118986476,3.0156612716305533,1.0166855890474085
18,grid_0.3100,grid,0.31,60714.10231888526,structure,5.0,0.8053362233312693,0.4280826731170549,0.20023672100833037,0.03604228145921103,0.004052462980956906,2.97630518958872,1.0191855584110818
18,grid_0.3300,grid,0.33,76644.52731614409,structure,5.0,0.8053362233312693,0.43004665269369063,0.20055946819419354,0.03625131030078681,0.003972789981550928,2.945558699322846,1.020279797074631
18,grid_0.3434,grid,0.3434,89183.93697349212,structure,5.0,0.8053362233312693,0.4312887671700803,0.2007748445426778,0.036390987577728705,0.003919550623407736,2.925388117339654,1.020577894064855
18,grid_0.3600,grid,0.36,108518.7900745507,structure,5.0,0.8053362233312693,0.432747160240364,0.20103986252947442,0.03656289021612306,0.003854136109746914,2.9009432907746904,1.0204998820463385
18,grid_0.3649,grid,0.3649,114791.44159604008,structure,5.0,0.8053362233312693,0.4331619899619076,0.2011174502709101,0.03661345719962598,0.0038347716038460156,2.89381960889793,1.0203841068191473
18,grid_0.4000,grid,0.4,168150.3935068705,structure,5.0,0.8053362233312693,0.43594309993697355,0.20166912530184355,0.036973311537595845,0.003697124562414833,2.8439300930941047,1.0184039268263274
18,grid_0.4500,grid,0.45,274356.66259618336,structure,5.0,0.8053362233312693,0.43938278736056186,0.20242610914381548,0.03747466672686238,0.0035016629362415175,2.7761729439089913,1.012299590103541
18,grid_0.4898,grid,0.4898,390218.8927695214,structure,5.0,0.8053362233312693,0.4418212487502125,0.20302902794901054,0.037865355260829583,0.0033554309290905193,2.7246311271166497,1.0049397536164857
18,grid_0.5000,grid,0.5,429376.576712395,structure,5.0,0.8053362233312693,0.4424080700719632,0.20318337747694343,0.037964698010084695,0.003318786872853391,2.7116592471944383,1.0027017635770503
18,grid_0.5500,grid,0.55,668164.9142006582,structure,5.0,0.8053362233312693,0.4450361960463532,0.20391703846044915,0.03844058575532085,0.003141572819159444,2.6502858225518446,0.9900287463307206
18,grid_0.5971,grid,0.5971,978238.53144292,structure,5.0,0.8053362233312693,0.4472047043928468,0.20458978604401742,0.03887698925592204,0.0029799912976147813,2.595001903109927,0.9755470835133082
18,grid_0.6049,grid,0.6049,1038953.0137061502,structure,5.0,0.8053362233312693,0.4475385904644515,0.20470056290049896,0.03894879886232926,0.002953521589451863,2.585986067420437,0.9728964993944494
18,grid_0.6500,grid,0.65,1450405.4361228307,structure,5.0,0.8053362233312693,0.4493150497766996,0.20532522424892813,0.039357265803046174,0.00280118190982645,2.5352046217817636,0.9563856316901295
18,grid_0.7139,grid,0.7139,2276372.440183442,structure,5.0,0.8053362233312693,0.45136744938998585,0.20618610826273462,0.03991042207580466,0.0026022891647274615,2.4684430046786843,0.9306560471659223
18,grid_0.7892,grid,0.7892,4046460.643466014,structure,5.0,0.8053362233312693,0.4531566985007501,0.2072530656021681,0.040532344005993426,0.002421489195503168,2.398603278039226,0.8995116617394149
18,grid_0.8000,grid,0.8,4374602.636932113,structure,5.0,0.8053362233312693,0.45328422211166297,0.20739728589535217,0.040611117163003224,0.0024025170337552137,2.390695505903522,0.8959491650494921
18,grid_0.8904,grid,0.8904,8084774.664280278,structure,5.0,0.8053362233312693,0.454158553818093,0.2085998328344036,0.041271444908450965,0.002242445350090161,2.3249615391429383,0.862995016858249
18,grid_0.9500,grid,0.95,11724385.549871514,structure,5.0,0.8053362233312693,0.4544874657059253,0.20934714837517615,0.04169507039178028,0.002131158141037731,2.282918878935764,0.8384016017018937
18,grid_1.0112,grid,1.0112,16773826.411610732,structure,5.0,0.8053362233312693,0.4545962145840892,0.21011181810281307,0.04213851743676635,0.002008458669703256,2.239380332852006,0.8098641907009966
18,grid_1.1500,grid,1.15,,structure,5.0,0.8053362233312693,0.4543382502870409,0.21166894783805407,0.04306619229058707,0.001737551188281783,2.1473125902744052,0.7371680095416133
18,grid_1.3368,grid,1.3368,,structure,5.0,0.8053362233312693,0.4530049935570518,0.2132598467955702,0.044022677959799514,0.001457084295470562,2.0486421754803223,0.6348067738676059
