site,level,source,iml,rtp,T1_kind,storeys,T1,ln_saratio_mean,ln_saratio_sigma,var_within,var_between,ln_rsd595_mean,ln_rsd595_sigma
23,rtp475,rtp,0.06997214650841514,475.0,grid,,0.15,0.04149750112786911,0.22117978348434286,0.04612486075448683,0.0027956358676939543,3.174518757098573,0.6059002392031638
23,rtp2500,rtp,0.12450119721625721,2500.0,grid,,0.15,0.016434994108870345,0.22051151522580634,0.04611978271502163,0.00250554563215939,3.1459008909922708,0.6378183826744744
23,rtp5000,rtp,0.15249581980793944,5000.0,grid,,0.15,0.007642371703223946,0.22057267327048416,0.04613312623936108,0.002519177954326673,3.1306806746810096,0.6546913084670346
23,grid_0.1645,grid,0.1645,6477.617828219024,grid,,0.15,0.0044298964213038,0.22063222439140545,0.046140252580588424,0.00253832585931107,3.123854379735536,0.6619167311084474
23,rtp10000,rtp,0.18372485891022616,10000.0,grid,,0.15,-0.0001651784511034778,0.22075503104916663,0.04615281401927789,0.002579969714240631,3.11249991443386,0.6734089767664287
23,grid_0.2109,grid,0.2109,17234.11332575692,grid,,0.15,-0.005694490124533658,0.22096443295674112,0.046172453676849044,0.0026528269550451047,3.095598578473518,0.6894332780174423
23,grid_0.2423,grid,0.2423,30149.52670125085,grid,,0.15,-0.01097502178557339,0.2212371471756145,0.04619703628733127,0.002748839003073242,3.0749594590227174,0.7075275499553634
23,grid_0.2700,grid,0.27,49043.354778421,grid,,0.15,-0.014834668274060466,0.2214820717073289,0.04621944590403341,0.002834862183736961,3.0559408070998133,0.7230241354701411
23,grid_0.2850,grid,0.285,62534.80156277619,grid,,0.15,-0.016666159024073077,0.22161358849333695,0.046231816422722664,0.0028807661821714328,3.04532895613655,0.7312203197955837
23,grid_0.3100,grid,0.31,91254.80421853716,grid,,0.15,-0.019359196045923392,0.22182774459569699,0.04625299728723912,0.0029545509851746483,3.0272116042487096,0.7445932156250598
23,grid_0.3300,grid,0.33,120864.35483856642,grid,,0.15,-0.02122146824160324,0.22199195502280863,0.04627014008477425,0.0030102880100744437,3.012400579177009,0.7550593980150602
23,grid_0.3434,grid,0.3434,145175.52755764054,grid,,0.15,-0.022373929764675893,0.22209934600196837,0.04628152774581793,0.0030465917486841403,3.002306174299043,0.7618343968901194
23,grid_0.3600,grid,0.36,184560.36568413948,grid,,0.15,-0.023653048396982505,0.2222279113979266,0.04629594978491121,0.0030892948193735146,2.989602780014407,0.7701686884964445
23,grid_0.3649,grid,0.3649,197693.24354731053,grid,,0.15,-0.023998048399339503,0.22226444911804194,0.046300245188709656,0.003101240153036997,2.985820077092063,0.7726232556991609
23,grid_0.4000,grid,0.4,315352.1859207217,grid,,0.15,-0.026250525277562536,0.22250711611055624,0.04632999849578747,0.003179418224049087,2.958327014071996,0.7893695408561008
23,grid_0.4500,grid,0.45,573964.0547833235,grid,,0.15,-0.028605844643918358,0.22277886299510852,0.04637205340761861,0.0032583683897747253,2.917205371639425,0.811666240590605
23,grid_0.4898,grid,0.4898,883167.0557562006,grid,,0.15,-0.029926355917750492,0.2229315060481135,0.04640616867180848,0.003292287717071572,2.8829004625372194,0.8276871991675336
23,grid_0.5000,grid,0.5,1003776.8843114723,grid,,0.15,-0.03017754519194313,0.22296267956269844,0.04641503728193579,0.0032973191958427495,2.87388055178881,0.8316471073191063
23,grid_0.5500,grid,0.55,1814342.2143354646,grid,,0.15,-0.031246625273636464,0.22304176490854855,0.04645546966977305,0.0032921592237471855,2.828601812925828,0.8483366255513551
23,grid_0.5971,grid,0.5971,3022372.8856561296,grid,,0.15,-0.03220495215804296,0.2230232139899773,0.04648713541580672,0.003252218562612482,2.786805056933189,0.8601178610272355
23,grid_0.6049,grid,0.6049,3276086.392271119,grid,,0.15,-0.032356161355916686,0.22301090371795815,0.04649180989234246,0.0032420532847579333,2.779941702415654,0.8617033007569862
23,grid_0.6500,grid,0.65,5120560.016562058,grid,,0.15,-0.03330278774122509,0.22293880327153429,0.0465156680104466,0.0031860419936972665,2.7410086988829603,0.8694518021636221
23,grid_0.7139,grid,0.7139,,grid,,0.15,-0.034179094417370603,0.222797988939128,0.04655373361277484,0.0030852102625449685,2.6838386654408923,0.8774737009564096
23,grid_0.7892,grid,0.7892,,grid,,0.15,-0.0348856183190033,0.2225493562128519,0.04659608348653642,0.0029321324642184276,2.617280691833393,0.8823332051258899
23,grid_0.8000,grid,0.8,,grid,,0.15,-0.03501999838773554,0.22250949932090108,0.046601262085259734,0.0029092152027783407,2.608225508863428,0.8824790447444992
23,grid_0.8904,grid,0.8904,,grid,,0.15,-0.036067679028672306,0.2221013253147857,0.046635805227511325,0.002693193479072947,2.5320125228301267,0.8782161574966876
23,grid_0.9500,grid,0.95,,grid,,0.15,-0.03842588296425418,0.22186322877974365,0.046628187200152924,0.002595105084419947,2.5035866810933105,0.8746222541943801
23,grid_1.0112,grid,1.0112,,grid,,0.15,-0.04088963994359445,0.22156681248200022,0.04660424199520867,0.002487610398225184,2.475396760650048,0.8681353003894714
23,rtp475,rtp,0.06997214650841514,475.0,grid,,0.2,0.11944514887023643,0.23191417069359266,0.048756820275053,0.005027362293443834,3.174518757098573,0.6059002392031638
23,rtp2500,rtp,0.12450119721625721,2500.0,grid,,0.2,0.09247369909777188,0.2321657867875314,0.048749755144197895,0.005151197410475591,3.1459008909922708,0.6378183826744744
23,rtp5000,rtp,0.15249581980793944,5000.0,grid,,0.2,0.0835685637726953,0.23276337078262183,0.04876714268202421,0.005411644096064083,3.1306806746810096,0.6546913084670346
23,grid_0.1645,grid,0.1645,6477.617828219024,grid,,0.2,0.08041036890851841,0.2330582463813728,0.04877644763737215,0.005539698568988513,3.123854379735536,0.6619167311084474
23,rtp10000,rtp,0.18372485891022616,10000.0,grid,,0.2,0.07600698388190097,0.23355842012891515,0.04879286042241862,0.005756675190696219,3.11249991443386,0.6734089767664287
23,grid_0.2109,grid,0.2109,17234.11332575692,grid,,0.2,0.07092656004229245,0.23429831589895486,0.04881853693444138,0.006077163898645065,3.095598578473518,0.6894332780174423
23,grid_0.2423,grid,0.2423,30149.52670125085,grid,,0.2,0.06636831435779289,0.23517192050738966,0.048850687813490286,0.006455144381643717,3.0749594590227174,0.7075275499553634
23,grid_0.2700,grid,0.27,49043.354778421,grid,,0.2,0.06328220675118348,0.23592829240595106,0.048879992114151484,0.006782167043436464,3.0559408070998133,0.7230241354701411
23,grid_0.2850,grid,0.285,62534.80156277619,grid,,0.2,0.06191665199588075,0.23632769956882133,0.04889616777948918,0.006954613804001898,3.04532895613655,0.7312203197955837
23,grid_0.3100,grid,0.31,91254.80421853716,grid,,0.2,0.060061445416565266,0.23697584448339312,0.04892386668254683,0.007233684186070488,3.0272116042487096,0.7445932156250598
23,grid_0.3300,grid,0.33,120864.35483856642,grid,,0.2,0.058915462619297,0.23747555145014407,0.0489462803150573,0.007448357221492723,3.012400579177009,0.7550593980150602
23,grid_0.3434,grid,0.3434,145175.52755764054,grid,,0.2,0.05826683302529828,0.23779631405953583,0.04896116892843684,0.007585918051864548,3.002306174299043,0.7618343968901194
23,grid_0.3600,grid,0.36,184560.36568413948,grid,,0.2,0.05763594938591415,0.23818475119583432,0.04898002442222265,0.007751951279998847,2.989602780014407,0.7701686884964445
23,grid_0.3649,grid,0.3649,197693.24354731053,grid,,0.2,0.057486539463011556,0.2382971862476283,0.04898563995670721,0.007799909016829641,2.985820077092063,0.7726232556991609
23,grid_0.4000,grid,0.4,315352.1859207217,grid,,0.2,0.056687598685644304,0.2390423797264332,0.04902452335505003,0.008116735950226245,2.958327014071996,0.7893695408561008
23,grid_0.4500,grid,0.45,573964.0547833235,grid,,0.2,0.05660169849931178,0.2399278244208997,0.04907946251845968,0.008485898412886392,2.917205371639425,0.811666240590605
23,grid_0.4898,grid,0.4898,883167.0557562006,grid,,0.2,0.05723606219105267,0.24047229635423154,0.04912405000368996,0.008702875310187392,2.8829004625372194,0.8276871991675336
23,grid_0.5000,grid,0.5,1003776.8843114723,grid,,0.2,0.057506550173539485,0.2405929304623444,0.0491356429955922,0.008749315192866284,2.87388055178881,0.8316471073191063
23,grid_0.5500,grid,0.55,1814342.2143354646,grid,,0.2,0.059085596353061855,0.2409710683176344,0.049188466562988475,0.008878589203153552,2.828601812925828,0.8483366255513551
23,grid_0.5971,grid,0.5971,3022372.8856561296,grid,,0.2,0.06059209996884029,0.24105681190200626,0.049229787673561655,0.008878598890797566,2.786805056933189,0.8601178610272355
23,grid_0.6049,grid,0.6049,3276086.392271119,grid,,0.2,0.06084740191750664,0.24104481967258287,0.0492358810216418,0.008866724069346197,2.779941702415654,0.8617033007569862
23,grid_0.6500,grid,0.65,5120560.016562058,grid,,0.2,0.06219809277270163,0.240930723810436,0.04926693247071801,0.008780681205102586,2.7410086988829603,0.8694518021636221
23,grid_0.7139,grid,0.7139,,grid,,0.2,0.06471520418981037,0.24059698930331383,0.04931659626420948,0.008570314997609439,2.6838386654408923,0.8774737009564096
23,grid_0.7892,grid,0.7892,,grid,,0.2,0.0679646295453105,0.23992438495192617,0.0493717953149308,0.008191915179629255,2.617280691833393,0.8823332051258899
23,grid_0.8000,grid,0.8,,grid,,0.2,0.06836623871492754,0.23980702247987143,0.049378530484073486,0.008128877546588073,2.608225508863428,0.8824790447444992
23,grid_0.8904,grid,0.8904,,grid,,0.2,0.0718006201938369,0.2385329948648056,0.049423211061837884,0.007474778577335479,2.5320125228301267,0.8782161574966876
23,grid_0.9500,grid,0.95,,grid,,0.2,0.07106163533284027,0.23784827554608415,0.04941268066034418,0.007159121519901794,2.5035866810933105,0.8746222541943801
23,grid_1.0112,grid,1.0112,,grid,,0.2,0.07017650171813378,0.236990886523361,0.04938053227235987,0.006784148022768699,2.475396760650048,0.8681353003894714
23,rtp475,rtp,0.06997214650841514,475.0,grid,,0.25,0.19539816459436063,0.23981304119053637,0.05272192907671693,0.004788365648336956,3.174518757098573,0.6059002392031638
23,rtp2500,rtp,0.12450119721625721,2500.0,grid,,0.25,0.17155925145242684,0.24002203104633413,0.05271469256849854,0.004895882819108847,3.1459008909922708,0.6378183826744744
23,rtp5000,rtp,0.15249581980793944,5000.0,grid,,0.25,0.16376068930728976,0.2405615854642681,0.05273269965486001,0.0051371767462223585,3.1306806746810096,0.6546913084670346
23,grid_0.1645,grid,0.1645,6477.617828219024,grid,,0.25,0.16101528292387396,0.24082828361164477,0.05274233277724934,0.005255929410081479,3.123854379735536,0.6619167311084474
23,rtp10000,rtp,0.18372485891022616,10000.0,grid,,0.25,0.157212904579796,0.241280683237057,0.05275932237759382,0.00545704572574723,3.11249991443386,0.6734089767664287
23,grid_0.2109,grid,0.2109,17234.11332575692,grid,,0.25,0.15288054638700377,0.2419494838656176,0.05278589935895113,0.0057536533838876205,3.095598578473518,0.6894332780174423
23,grid_0.2423,grid,0.2423,30149.52670125085,grid,,0.25,0.14907250191640178,0.2427380515681886,0.05281917599216265,0.006102585686957936,3.0749594590227174,0.7075275499553634
23,grid_0.2700,grid,0.27,49043.354778421,grid,,0.25,0.14657021440014825,0.24341856108035628,0.05284950801729648,0.006403087861134662,3.0559408070998133,0.7230241354701411
23,grid_0.2850,grid,0.285,62534.80156277619,grid,,0.25,0.14549582910590733,0.24377694488251936,0.05286625122796109,0.0065609476282937895,3.04532895613655,0.7312203197955837
23,grid_0.3100,grid,0.31,91254.80421853716,grid,,0.25,0.14409341791857674,0.24435714631728803,0.05289492268506964,0.006815492271258872,3.0272116042487096,0.7445932156250598
23,grid_0.3300,grid,0.33,120864.35483856642,grid,,0.25,0.14328425674990858,0.24480287360002012,0.05291812485611362,0.0070103220667138075,3.012400579177009,0.7550593980150602
23,grid_0.3434,grid,0.3434,145175.52755764054,grid,,0.25,0.1428499050901832,0.2450884242370253,0.05293353731212079,0.007134798382867298,3.002306174299043,0.7618343968901194
23,grid_0.3600,grid,0.36,184560.36568413948,grid,,0.25,0.14247308707166403,0.24543312855240138,0.05295305627782281,0.007284364313196762,2.989602780014407,0.7701686884964445
23,grid_0.3649,grid,0.3649,197693.24354731053,grid,,0.25,0.1423965765974968,0.2455326257769573,0.052958869481574126,0.007327400839353234,2.985820077092063,0.7726232556991609
23,grid_0.4000,grid,0.4,315352.1859207217,grid,,0.25,0.1420932921516492,0.246188887481938,0.05299912524376346,0.007609843075830874,2.958327014071996,0.7893695408561008
23,grid_0.4500,grid,0.45,573964.0547833235,grid,,0.25,0.1426468073755243,0.24695379263246392,0.05305601078350645,0.007930164912051549,2.917205371639425,0.811666240590605
23,grid_0.4898,grid,0.4898,883167.0557562006,grid,,0.25,0.14374537567292997,0.24740837927693796,0.05310217471668957,0.008108731419751616,2.8829004625372194,0.8276871991675336
23,grid_0.5000,grid,0.5,1003776.8843114723,grid,,0.25,0.14412954955655463,0.2475063124151509,0.0531141770022369,0.008145197683109371,2.87388055178881,0.8316471073191063
23,grid_0.5500,grid,0.55,1814342.2143354646,grid,,0.25,0.14623970460084887,0.24778325696241857,0.0531688741181537,0.00822766831275025,2.828601812925828,0.8483366255513551
23,grid_0.5971,grid,0.5971,3022372.8856561296,grid,,0.25,0.1482163009734601,0.24778998221621365,0.05321167518578228,0.008188200100929199,2.786805056933189,0.8601178610272355
23,grid_0.6049,grid,0.6049,3276086.392271119,grid,,0.25,0.1485473570108586,0.2477660881631607,0.05321798866134296,0.008170045782332162,2.779941702415654,0.8617033007569862
23,grid_0.6500,grid,0.65,5120560.016562058,grid,,0.25,0.15031789744219443,0.24759138910195977,0.05325017607520944,0.008051319882228597,2.7410086988829603,0.8694518021636221
23,grid_0.7139,grid,0.7139,,grid,,0.25,0.15337419068560854,0.24717667218567754,0.053301621140102534,0.007794686132683359,2.6838386654408923,0.8774737009564096
23,grid_0.7892,grid,0.7892,,grid,,0.25,0.15719397700133983,0.24642188129768433,0.05335881602137883,0.007364927560911193,2.617280691833393,0.8823332051258899
23,grid_0.8000,grid,0.8,,grid,,0.25,0.15767370022692778,0.24629453154365788,0.053365799015599964,0.007295197252709922,2.608225508863428,0.8824790447444992
23,grid_0.8904,grid,0.8904,,grid,,0.25,0.16173215014109463,0.24495233947758324,0.053412195785615915,0.006589452829925277,2.5320125228301267,0.8782161574966876
23,grid_0.9500,grid,0.95,,grid,,0.25,0.16142113592082527,0.24425229134841775,0.053401460941568314,0.006257720887384029,2.5035866810933105,0.8746222541943801
23,grid_1.0112,grid,1.0112,,grid,,0.25,0.16098916314032113,0.24338920920988186,0.053368425263926544,0.005869881895885096,2.475396760650048,0.8681353003894714
23,rtp475,rtp,0.06997214650841514,475.0,grid,,0.3,0.18252105060387833,0.23608817752501818,0.04954435000076613,0.006193277566318371,3.174518757098573,0.6059002392031638
23,rtp2500,rtp,0.12450119721625721,2500.0,grid,,0.3,0.15550584191217107,0.23739663583083526,0.049537466007833826,0.006819696695964394,3.1459008909922708,0.6378183826744744
23,rtp5000,rtp,0.15249581980793944,5000.0,grid,,0.3,0.1469820613974785,0.23849161646055908,0.049554543533640215,0.007323707588330192,3.1306806746810096,0.6546913084670346
23,grid_0.1645,grid,0.1645,6477.617828219024,grid,,0.3,0.1440298435870203,0.2389955992218093,0.049563680248154246,0.0075552161992374425,3.123854379735536,0.6619167311084474
23,rtp10000,rtp,0.18372485891022616,10000.0,grid,,0.3,0.13999944221325356,0.23982482651439888,0.04957979482531745,0.00793615258734406,3.11249991443386,0.6734089767664287
23,grid_0.2109,grid,0.2109,17234.11332575692,grid,,0.3,0.13551769392889312,0.24101890056981887,0.0496050047615679,0.00848510567031633,3.095598578473518,0.6894332780174423
23,grid_0.2423,grid,0.2423,30149.52670125085,grid,,0.3,0.13173336928820845,0.24239916803822947,0.04963657077856545,0.009120785887060355,3.0749594590227174,0.7075275499553634
23,grid_0.2700,grid,0.27,49043.354778421,grid,,0.3,0.12938296161726442,0.24358443869791122,0.04966534437834057,0.009668034397435903,3.0559408070998133,0.7230241354701411
23,grid_0.2850,grid,0.285,62534.80156277619,grid,,0.3,0.12843466271081203,0.24420835725551146,0.04968122742809896,0.009956494325336549,3.04532895613655,0.7312203197955837
23,grid_0.3100,grid,0.31,91254.80421853716,grid,,0.3,0.1272994678407428,0.24521993386818322,0.04970842759222717,0.010424388374088992,3.0272116042487096,0.7445932156250598
23,grid_0.3300,grid,0.33,120864.35483856642,grid,,0.3,0.12674816688980978,0.24600034686171252,0.049730439858777765,0.010785730797305108,3.012400579177009,0.7550593980150602
23,grid_0.3434,grid,0.3434,145175.52755764054,grid,,0.3,0.12650875524227317,0.24650034445920627,0.04974506185289094,0.011017357965616401,3.002306174299043,0.7618343968901194
23,grid_0.3600,grid,0.36,184560.36568413948,grid,,0.3,0.12639529699583324,0.24710655405314833,0.049763579715362154,0.01129806934065936,2.989602780014407,0.7701686884964445
23,grid_0.3649,grid,0.3649,197693.24354731053,grid,,0.3,0.12640043935091966,0.24728255431225266,0.04976909477590394,0.011379566891288245,2.985820077092063,0.7726232556991609
23,grid_0.4000,grid,0.4,315352.1859207217,grid,,0.3,0.1267315814787778,0.24845187655308415,0.04980728668710824,0.011921048275640722,2.958327014071996,0.7893695408561008
23,grid_0.4500,grid,0.45,573964.0547833235,grid,,0.3,0.1283458128526223,0.24986841496339454,0.049861259427149224,0.012572965369169908,2.917205371639425,0.811666240590605
23,grid_0.4898,grid,0.4898,883167.0557562006,grid,,0.3,0.13040189461430182,0.2507637379444707,0.049905061105561865,0.012977391162321331,2.8829004625372194,0.8276871991675336
23,grid_0.5000,grid,0.5,1003776.8843114723,grid,,0.3,0.1310477169186764,0.2509657144055983,0.04991644902606506,0.013067340781047276,2.87388055178881,0.8316471073191063
23,grid_0.5500,grid,0.55,1814342.2143354646,grid,,0.3,0.13450139247072254,0.2516439922809532,0.04996834919314398,0.013356349657952446,2.828601812925828,0.8483366255513551
23,grid_0.5971,grid,0.5971,3022372.8856561296,grid,,0.3,0.13774161226320952,0.2518811626668578,0.05000896638539935,0.01343515372100871,2.786805056933189,0.8601178610272355
23,grid_0.6049,grid,0.6049,3276086.392271119,grid,,0.3,0.13828107635852088,0.25188193106822016,0.05001495834921475,0.013429548849440864,2.779941702415654,0.8617033007569862
23,grid_0.6500,grid,0.65,5120560.016562058,grid,,0.3,0.14124906458622336,0.25179682319912067,0.050045511339755995,0.01335612883341323,2.7410086988829603,0.8694518021636221
23,grid_0.7139,grid,0.7139,,grid,,0.3,0.1461319765690798,0.2513823566237826,0.05009433231353765,0.013098756908188958,2.6838386654408923,0.8774737009564096
23,grid_0.7892,grid,0.7892,,grid,,0.3,0.1521402391760739,0.25043557100413505,0.05014861509296841,0.012569360131198751,2.617280691833393,0.8823332051258899
23,grid_0.8000,grid,0.8,,grid,,0.3,0.15291792208254454,0.2502638081804235,0.05015524396762907,0.012476729717338736,2.608225508863428,0.8824790447444992
23,grid_0.8904,grid,0.8904,,grid,,0.3,0.15948159329094133,0.2483491240884238,0.05019931177066497,0.011477975664822348,2.5320125228301267,0.8782161574966876
23,grid_0.9500,grid,0.95,,grid,,0.3,0.15999457662799843,0.2473449917626392,0.05018918190382386,0.010990363046236188,2.5035866810933105,0.8746222541943801
23,grid_1.0112,grid,1.0112,,grid,,0.3,0.16033383724105593,0.24607909836997297,0.05015791942339642,0.010397003231182415,2.475396760650048,0.8681353003894714
23,rtp475,rtp,0.06997214650841514,475.0,grid,,0.35,0.21125757792477143,0.22854606705026034,0.047311670448857375,0.004921634315284716,3.174518757098573,0.6059002392031638
23,rtp2500,rtp,0.12450119721625721,2500.0,grid,,0.35,0.1847028219570394,0.2295774305479459,0.04730497708871678,0.005400819528280143,3.1459008909922708,0.6378183826744744
23,rtp5000,rtp,0.15249581980793944,5000.0,grid,,0.35,0.17620065385664982,0.23047611926773384,0.04732155809470005,0.005797683458014624,3.1306806746810096,0.6546913084670346
23,grid_0.1645,grid,0.1645,6477.617828219024,grid,,0.35,0.17323003242605836,0.23089129835933322,0.04733042955944293,0.005980362098615702,3.123854379735536,0.6619167311084474
23,rtp10000,rtp,0.18372485891022616,10000.0,grid,,0.35,0.16914101880624471,0.23157550535208757,0.047346076529007346,0.006281138150067384,3.11249991443386,0.6734089767664287
23,grid_0.2109,grid,0.2109,17234.11332575692,grid,,0.35,0.16452670029607955,0.23256216094176194,0.04737055564110898,0.006714603060792992,3.095598578473518,0.6894332780174423
23,grid_0.2423,grid,0.2423,30149.52670125085,grid,,0.35,0.16053253910460213,0.23370327531639054,0.04740120700434971,0.007216013889258934,3.0749594590227174,0.7075275499553634
23,grid_0.2700,grid,0.27,49043.354778421,grid,,0.35,0.15795869265820983,0.23468139824089404,0.04742914714789172,0.0076462115324093805,3.0559408070998133,0.7230241354701411
23,grid_0.2850,grid,0.285,62534.80156277619,grid,,0.35,0.15687617639187582,0.23519546906469319,0.04744457015760246,0.007872338510958591,3.04532895613655,0.7312203197955837
23,grid_0.3100,grid,0.31,91254.80421853716,grid,,0.35,0.15550112028235535,0.23602807247081195,0.04747098311711647,0.008238267877170392,3.0272116042487096,0.7445932156250598
23,grid_0.3300,grid,0.33,120864.35483856642,grid,,0.35,0.15474571829010073,0.23666832430516987,0.047492358574392615,0.008519537155024452,3.012400579177009,0.7550593980150602
23,grid_0.3434,grid,0.3434,145175.52755764054,grid,,0.35,0.15436295657854063,0.2370784226585041,0.0475065575392875,0.008699620950956808,3.002306174299043,0.7618343968901194
23,grid_0.3600,grid,0.36,184560.36568413948,grid,,0.35,0.1540656030690479,0.2375738853052795,0.04752453964851687,0.008916811330529236,2.989602780014407,0.7701686884964445
23,grid_0.3649,grid,0.3649,197693.24354731053,grid,,0.35,0.1540154346906848,0.23771724343616546,0.04752989515098195,0.008979592675907203,2.985820077092063,0.7726232556991609
23,grid_0.4000,grid,0.4,315352.1859207217,grid,,0.35,0.15393554307300134,0.2386669266142197,0.04756698234356129,0.009394919515916044,2.958327014071996,0.7893695408561008
23,grid_0.4500,grid,0.45,573964.0547833235,grid,,0.35,0.15490880150407868,0.23980211272634835,0.04761939515890257,0.00988565810911772,2.917205371639425,0.811666240590605
23,grid_0.4898,grid,0.4898,883167.0557562006,grid,,0.35,0.15641611654607138,0.24050747645256923,0.04766193152864031,0.010181914700942839,2.8829004625372194,0.8276871991675336
23,grid_0.5000,grid,0.5,1003776.8843114723,grid,,0.35,0.15691612027262303,0.24066391902214948,0.047672990419261846,0.010246131499837875,2.87388055178881,0.8316471073191063
23,grid_0.5500,grid,0.55,1814342.2143354646,grid,,0.35,0.15962708034292847,0.24116990409165978,0.04772339197912093,0.010439530660459457,2.828601812925828,0.8483366255513551
23,grid_0.5971,grid,0.5971,3022372.8856561296,grid,,0.35,0.16217993099950911,0.24131177837157272,0.04776283792661827,0.010468536454232763,2.786805056933189,0.8601178610272355
23,grid_0.6049,grid,0.6049,3276086.392271119,grid,,0.35,0.1626063306075846,0.24130295369206464,0.047768657311186555,0.01045845814932814,2.779941702415654,0.8617033007569862
23,grid_0.6500,grid,0.65,5120560.016562058,grid,,0.35,0.1649356516605509,0.2411813063542571,0.04779833187186331,0.010370090662882709,2.7410086988829603,0.8694518021636221
23,grid_0.7139,grid,0.7139,,grid,,0.35,0.16887468280095955,0.24076667052332526,0.047845745310050876,0.01012284432483659,2.6838386654408923,0.8774737009564096
23,grid_0.7892,grid,0.7892,,grid,,0.35,0.1737815256465244,0.23988964516314668,0.04789846481719964,0.009648577039300773,2.617280691833393,0.8823332051258899
23,grid_0.8000,grid,0.8,,grid,,0.35,0.17441064057390918,0.2397349364223594,0.04790490325678301,0.009567936484649701,2.608225508863428,0.8824790447444992
23,grid_0.8904,grid,0.8904,,grid,,0.35,0.1797210216471087,0.23804373844321747,0.047947712936398726,0.008717108475624208,2.5320125228301267,0.8782161574966876
23,grid_0.9500,grid,0.95,,grid,,0.35,0.17980971337702645,0.23715690238586473,0.04793789401622052,0.008305502333038048,2.5035866810933105,0.8746222541943801
23,grid_1.0112,grid,1.0112,,grid,,0.35,0.17973025736085974,0.2360407179970215,0.04790756186038712,0.007807658692162316,2.475396760650048,0.8681353003894714
23,rtp475,rtp,0.06997214650841514,475.0,grid,,0.4,0.17538639003148554,0.23480674279611946,0.04805960445089146,0.007074602011631542,3.174518757098573,0.6059002392031638
23,rtp2500,rtp,0.12450119721625721,2500.0,grid,,0.4,0.14563299009491115,0.2369424212570579,0.048053565530861764,0.00808814546029532,3.1459008909922708,0.6378183826744744
23,rtp5000,rtp,0.15249581980793944,5000.0,grid,,0.4,0.13647221388042585,0.23841870755575087,0.04806882327006662,0.00877465684248804,3.1306806746810096,0.6546913084670346
23,grid_0.1645,grid,0.1645,6477.617828219024,grid,,0.4,0.13332468424201355,0.23908340177630077,0.048076981673228415,0.00908389133169965,3.123854379735536,0.6619167311084474
23,rtp10000,rtp,0.18372485891022616,10000.0,grid,,0.4,0.12905817833717434,0.24016707176484478,0.04809136796274448,0.009588854397355632,3.11249991443386,0.6734089767664287
23,grid_0.2109,grid,0.2109,17234.11332575692,grid,,0.4,0.12436458334946668,0.24171673801343618,0.04811387153195575,0.010313109903900384,3.095598578473518,0.6894332780174423
23,grid_0.2423,grid,0.2423,30149.52670125085,grid,,0.4,0.12046968602361102,0.2435014956533198,0.04814204639988815,0.011150931985515568,3.0749594590227174,0.7075275499553634
23,grid_0.2700,grid,0.27,49043.354778421,grid,,0.4,0.11810265529925804,0.2450375235734873,0.04816773117338784,0.01187565678563951,3.0559408070998133,0.7230241354701411
23,grid_0.2850,grid,0.285,62534.80156277619,grid,,0.4,0.1171727240613201,0.2458489225753334,0.04818190954490652,0.012259783186545749,3.04532895613655,0.7312203197955837
23,grid_0.3100,grid,0.31,91254.80421853716,grid,,0.4,0.1160995318193796,0.24717043394370014,0.04820619145304276,0.01288703196287428,3.0272116042487096,0.7445932156250598
23,grid_0.3300,grid,0.33,120864.35483856642,grid,,0.4,0.11561860584361686,0.24819664040195197,0.04822584427809252,0.013375728028723334,3.012400579177009,0.7550593980150602
23,grid_0.3434,grid,0.3434,145175.52755764054,grid,,0.4,0.11544542380382877,0.24885583377439688,0.048238899034647155,0.013690326968903098,3.002306174299043,0.7618343968901194
23,grid_0.3600,grid,0.36,184560.36568413948,grid,,0.4,0.1154212654354974,0.24966038735715437,0.04825543216440944,0.014074876850914927,2.989602780014407,0.7701686884964445
23,grid_0.3649,grid,0.3649,197693.24354731053,grid,,0.4,0.11545296467354024,0.24989536393705536,0.04826035622862832,0.014187336688605022,2.985820077092063,0.7726232556991609
23,grid_0.4000,grid,0.4,315352.1859207217,grid,,0.4,0.11601787233617736,0.25146746648289586,0.04829446062344092,0.014941426075885448,2.958327014071996,0.7893695408561008
23,grid_0.4500,grid,0.45,573964.0547833235,grid,,0.4,0.11804973899381181,0.2534333403891047,0.04834266732540894,0.01588579069537087,2.917205371639425,0.811666240590605
23,grid_0.4898,grid,0.4898,883167.0557562006,grid,,0.4,0.12051078508126697,0.25473673129317365,0.04838178517447644,0.016509017095454118,2.8829004625372194,0.8276871991675336
23,grid_0.5000,grid,0.5,1003776.8843114723,grid,,0.4,0.12126611575552226,0.2550410335933683,0.04839195451830704,0.016653974298066584,2.87388055178881,0.8316471073191063
23,grid_0.5500,grid,0.55,1814342.2143354646,grid,,0.4,0.12533871790899176,0.2561551374830335,0.048438313211917924,0.017177141247033872,2.828601812925828,0.8483366255513551
23,grid_0.5971,grid,0.5971,3022372.8856561296,grid,,0.4,0.12921165652920777,0.256703664240825,0.04847461396290442,0.01742215727176181,2.786805056933189,0.8601178610272355
23,grid_0.6049,grid,0.6049,3276086.392271119,grid,,0.4,0.12985911672004588,0.256747212407545,0.04847997182204921,0.017439159256995813,2.779941702415654,0.8617033007569862
23,grid_0.6500,grid,0.65,5120560.016562058,grid,,0.4,0.13347525379266256,0.25686031662358355,0.04850731159189247,0.01746991066407511,2.7410086988829603,0.8694518021636221
23,grid_0.7139,grid,0.7139,,grid,,0.4,0.13937436524502564,0.2566562408003484,0.048550947851336235,0.017321478090430168,2.6838386654408923,0.8774737009564096
23,grid_0.7892,grid,0.7892,,grid,,0.4,0.14661863496686295,0.2558407000988444,0.04859948844488079,0.01685497538218606,2.617280691833393,0.8823332051258899
23,grid_0.8000,grid,0.8,,grid,,0.4,0.14757086507159703,0.2556728328459198,0.04860542216917495,0.0167631752862827,2.608225508863428,0.8824790447444992
23,grid_0.8904,grid,0.8904,,grid,,0.4,0.15564592303177308,0.2536365604371163,0.0486449705486687,0.015686534241702257,2.5320125228301267,0.8782161574966876
23,grid_0.9500,grid,0.95,,grid,,0.4,0.15672921337558776,0.2525127578764015,0.048636161289094225,0.015126531601251943,2.5035866810933105,0.8746222541943801
23,grid_1.0112,grid,1.0112,,grid,,0.4,0.15760884078299978,0.25103798002896066,0.048608594507929793,0.01441147290909105,2.475396760650048,0.8681353003894714
23,rtp475,rtp,0.06997214650841514,475.0,grid,,0.45,0.15342828166453226,0.2387414707111902,0.04815626763447694,0.008841222202865148,3.174518757098573,0.6059002392031638
23,rtp2500,rtp,0.12450119721625721,2500.0,grid,,0.45,0.1233386596739368,0.24175286715790176,0.04815056102544101,0.010293887753625079,3.1459008909922708,0.6378183826744744
23,rtp5000,rtp,0.15249581980793944,5000.0,grid,,0.45,0.11438125022357588,0.24369315096529057,0.048164955663453364,0.011221396163938531,3.1306806746810096,0.6546913084670346
23,grid_0.1645,grid,0.1645,6477.617828219024,grid,,0.45,0.11135830775846257,0.24455851215882438,0.04817265294099374,0.01163621292834412,3.123854379735536,0.6619167311084474
23,rtp10000,rtp,0.18372485891022616,10000.0,grid,,0.45,0.10732952512373617,0.24596407623833755,0.04818622628238587,0.012312100517392855,3.11249991443386,0.6734089767664287
23,grid_0.2109,grid,0.2109,17234.11332575692,grid,,0.45,0.10303272409471663,0.24796832202748023,0.04820745947072847,0.01328082925839566,3.095598578473518,0.6894332780174423
23,grid_0.2423,grid,0.2423,30149.52670125085,grid,,0.45,0.09966387621039882,0.25027321754673393,0.04823404448044553,0.014402638940749267,3.0749594590227174,0.7075275499553634
23,grid_0.2700,grid,0.27,49043.354778421,grid,,0.45,0.09780010490065609,0.2522591162039441,0.04825828075145091,0.015376380956544066,3.0559408070998133,0.7230241354701411
23,grid_0.2850,grid,0.285,62534.80156277619,grid,,0.45,0.09715679610849454,0.25331005570680803,0.04827165962550451,0.01589432469668168,3.04532895613655,0.7312203197955837
23,grid_0.3100,grid,0.31,91254.80421853716,grid,,0.45,0.09657732198809316,0.2550251728978697,0.0482945737591418,0.016743265052446527,3.0272116042487096,0.7445932156250598
23,grid_0.3300,grid,0.33,120864.35483856642,grid,,0.45,0.09650149054890524,0.2563608618209958,0.04831312032024086,0.017407771153362853,3.012400579177009,0.7550593980150602
23,grid_0.3434,grid,0.3434,145175.52755764054,grid,,0.45,0.09660996786354122,0.25722030255547645,0.04832544018609382,0.017836843860637025,3.002306174299043,0.7618343968901194
23,grid_0.3600,grid,0.36,184560.36568413948,grid,,0.45,0.09693938751298234,0.258272219336104,0.048341042597952376,0.018363496682844226,2.989602780014407,0.7701686884964445
23,grid_0.3649,grid,0.3649,197693.24354731053,grid,,0.45,0.09707559964273718,0.2585801979197522,0.04834568948098682,0.018518029275231385,2.985820077092063,0.7726232556991609
23,grid_0.4000,grid,0.4,315352.1859207217,grid,,0.45,0.09841076844314967,0.26064842037366,0.048377875093265764,0.019559723950018423,2.958327014071996,0.7893695408561008
23,grid_0.4500,grid,0.45,573964.0547833235,grid,,0.45,0.10159732408943672,0.2632745491791499,0.04842337333222946,0.020890114913255164,2.917205371639425,0.811666240590605
23,grid_0.4898,grid,0.4898,883167.0557562006,grid,,0.45,0.10502604528227051,0.26505428338941617,0.04846029433264911,0.021793478810427827,2.8829004625372194,0.8276871991675336
23,grid_0.5000,grid,0.5,1003776.8843114723,grid,,0.45,0.10603475906907657,0.2654759403301692,0.04846989234726888,0.022007582546918675,2.87388055178881,0.8316471073191063
23,grid_0.5500,grid,0.55,1814342.2143354646,grid,,0.45,0.11139179482816197,0.26707862862016074,0.048513649759398474,0.022817344106227256,2.828601812925828,0.8483366255513551
23,grid_0.5971,grid,0.5971,3022372.8856561296,grid,,0.45,0.11646204874778258,0.26796091964510294,0.04854791898336883,0.023255135473680473,2.786805056933189,0.8601178610272355
23,grid_0.6049,grid,0.6049,3276086.392271119,grid,,0.45,0.11730606202868174,0.26804844362423785,0.048552977703043246,0.023296990426332972,2.779941702415654,0.8617033007569862
23,grid_0.6500,grid,0.65,5120560.016562058,grid,,0.45,0.12205069243690353,0.26836125677826095,0.04857879635449552,0.02343896778511219,2.7410086988829603,0.8694518021636221
23,grid_0.7139,grid,0.7139,,grid,,0.45,0.12962154550727245,0.26834822136881614,0.04861999150538739,0.023390776406419775,2.6838386654408923,0.8774737009564096
23,grid_0.7892,grid,0.7892,,grid,,0.45,0.13882459157514748,0.2676062769996012,0.04866582257651031,0.022947296913076988,2.617280691833393,0.8823332051258899
23,grid_0.8000,grid,0.8,,grid,,0.45,0.14004528709770203,0.2674318877074537,0.04867142668587732,0.02284838787689481,2.608225508863428,0.8824790447444992
23,grid_0.8904,grid,0.8904,,grid,,0.45,0.15036665437037186,0.2651575769419455,0.04870880508760132,0.021599735522122458,2.5320125228301267,0.8782161574966876
23,grid_0.9500,grid,0.95,,grid,,0.45,0.15231491055051363,0.26385483402468096,0.04870055342583783,0.0209188200123541,2.5035866810933105,0.8746222541943801
23,grid_1.0112,grid,1.0112,,grid,,0.45,0.15400561388035858,0.26209838062505136,0.04867462823260166,0.020020932893672638,2.475396760650048,0.8681353003894714
23,rtp475,rtp,0.06997214650841514,475.0,grid,,0.5,0.13711294807041227,0.2422990124766367,0.04748197534104687,0.011226836106106485,3.174518757098573,0.6059002392031638
23,rtp2500,rtp,0.12450119721625721,2500.0,grid,,0.5,0.10805316296803863,0.24644251196937236,0.047476491882598254,0.01325741982317599,3.1459008909922708,0.6378183826744744
23,rtp5000,rtp,0.15249581980793944,5000.0,grid,,0.5,0.09979493942517749,0.24899716416969664,0.04749016472844893,0.014509423036101936,3.1306806746810096,0.6546913084670346
23,grid_0.1645,grid,0.1645,6477.617828219024,grid,,0.5,0.09708975492767187,0.2501281808299748,0.047497478678836635,0.015066628166475941,3.123854379735536,0.6619167311084474
23,rtp10000,rtp,0.18372485891022616,10000.0,grid,,0.5,0.09358986183898677,0.2519588794103412,0.04751037758972997,0.015972899323984872,3.11249991443386,0.6734089767664287
23,grid_0.2109,grid,0.2109,17234.11332575692,grid,,0.5,0.09007405382656138,0.25455987230122223,0.04753055873539072,0.017270169850623844,3.095598578473518,0.6894332780174423
23,grid_0.2423,grid,0.2423,30149.52670125085,grid,,0.5,0.08764681644363197,0.2575414304702525,0.0475558286078195,0.018771759800844407,3.0749594590227174,0.7075275499553634
23,grid_0.2700,grid,0.27,49043.354778421,grid,,0.5,0.08663776310812844,0.2601062317192148,0.047578866120849016,0.020076385658320848,3.0559408070998133,0.7230241354701411
23,grid_0.2850,grid,0.285,62534.80156277619,grid,,0.5,0.08646674218591864,0.2614625701514411,0.047591583240982636,0.020771092349214617,3.04532895613655,0.7312203197955837
23,grid_0.3100,grid,0.31,91254.80421853716,grid,,0.5,0.08668618901392353,0.2636745009465322,0.04761336561277422,0.021910876836628602,3.0272116042487096,0.7445932156250598
23,grid_0.3300,grid,0.33,120864.35483856642,grid,,0.5,0.08725795872444016,0.2653964628695611,0.04763099625006503,0.022804286253609272,3.012400579177009,0.7550593980150602
23,grid_0.3434,grid,0.3434,145175.52755764054,grid,,0.5,0.08780614307325331,0.26650421436161875,0.047642707622509856,0.023381788649993778,3.002306174299043,0.7618343968901194
23,grid_0.3600,grid,0.36,184560.36568413948,grid,,0.5,0.0886862019676549,0.2678598867853465,0.04765753934999584,0.024091379598662817,2.989602780014407,0.7701686884964445
23,grid_0.3649,grid,0.3649,197693.24354731053,grid,,0.5,0.08898581733657582,0.268256866186878,0.04766195667421505,0.0242997895821895,2.985820077092063,0.7726232556991609
23,grid_0.4000,grid,0.4,315352.1859207217,grid,,0.5,0.09150244313633772,0.2709242431732456,0.04769255145151538,0.02570739408748051,2.958327014071996,0.7893695408561008
23,grid_0.4500,grid,0.45,573964.0547833235,grid,,0.5,0.09643075078311199,0.2743213906157693,0.047735801648391654,0.02751642370097783,2.917205371639425,0.811666240590605
23,grid_0.4898,grid,0.4898,883167.0557562006,grid,,0.5,0.10129061306218563,0.27663207937285367,0.047770901747222747,0.02875440559092607,2.8829004625372194,0.8276871991675336
23,grid_0.5000,grid,0.5,1003776.8843114723,grid,,0.5,0.10267361405749925,0.27718084312911506,0.0477800264488929,0.02904919334887418,2.87388055178881,0.8316471073191063
23,grid_0.5500,grid,0.55,1814342.2143354646,grid,,0.5,0.10988580693958673,0.27928653991152724,0.04782162529468036,0.03017934608107274,2.828601812925828,0.8483366255513551
23,grid_0.5971,grid,0.5971,3022372.8856561296,grid,,0.5,0.11665193413302212,0.28047705170630083,0.04785420278835416,0.030813173745504796,2.786805056933189,0.8601178610272355
23,grid_0.6049,grid,0.6049,3276086.392271119,grid,,0.5,0.11777229292323003,0.2806005076528072,0.047859011620029465,0.030877633274983655,2.779941702415654,0.8617033007569862
23,grid_0.6500,grid,0.65,5120560.016562058,grid,,0.5,0.1240815684138082,0.28106032363387895,0.0478835536938877,0.03111135182729307,2.7410086988829603,0.8694518021636221
23,grid_0.7139,grid,0.7139,,grid,,0.5,0.13392622897886933,0.2811186336720219,0.047922714997420485,0.03110497120020396,2.6838386654408923,0.8774737009564096
23,grid_0.7892,grid,0.7892,,grid,,0.5,0.1457634578068579,0.2802521142984854,0.047966281980694275,0.030574965588077038,2.617280691833393,0.8823332051258899
23,grid_0.8000,grid,0.8,,grid,,0.5,0.1473416483365129,0.2800396539531822,0.04797160887892465,0.030450598907293378,2.608225508863428,0.8824790447444992
23,grid_0.8904,grid,0.8904,,grid,,0.5,0.16062464296982604,0.27721345157498156,0.04800713224341576,0.028840165490698875,2.5320125228301267,0.8782161574966876
23,grid_0.9500,grid,0.95,,grid,,0.5,0.16373867621215965,0.2756003000516364,0.047999273305671865,0.02795625208288015,2.5035866810933105,0.8746222541943801
23,grid_1.0112,grid,1.0112,,grid,,0.5,0.16654731062302244,0.27341409578561626,0.047974605567496734,0.02678066220676941,2.475396760650048,0.8681353003894714
23,rtp475,rtp,0.06997214650841514,475.0,grid,,0.55,0.169362130768252,0.24075578850040305,0.048063326463488126,0.009900023232962688,3.174518757098573,0.6059002392031638
23,rtp2500,rtp,0.12450119721625721,2500.0,grid,,0.55,0.1446844145604506,0.24441863414971135,0.04805809456954769,0.01168237415006275,3.1459008909922708,0.6378183826744744
23,rtp5000,rtp,0.15249581980793944,5000.0,grid,,0.55,0.13782308629082562,0.2466947741371276,0.04807105469926149,0.012787256887306905,3.1306806746810096,0.6546913084670346
23,grid_0.1645,grid,0.1645,6477.617828219024,grid,,0.55,0.1356169215486588,0.24770332154677124,0.04807798882689155,0.013278946678411594,3.123854379735536,0.6619167311084474
23,rtp10000,rtp,0.18372485891022616,10000.0,grid,,0.55,0.1328181617892841,0.24933574819012436,0.04809021868028388,0.014078096645245217,3.11249991443386,0.6734089767664287
23,grid_0.2109,grid,0.2109,17234.11332575692,grid,,0.55,0.13012950158463985,0.2516544617678432,0.0481093553255808,0.015220612802082038,3.095598578473518,0.6894332780174423
23,grid_0.2423,grid,0.2423,30149.52670125085,grid,,0.55,0.12847386037094535,0.25431056228191684,0.04813331875003171,0.01654054333811299,3.0749594590227174,0.7075275499553634
23,grid_0.2700,grid,0.27,49043.354778421,grid,,0.55,0.12802233231752833,0.2565924171340957,0.04815516598213145,0.017684502548586306,3.0559408070998133,0.7230241354701411
23,grid_0.2850,grid,0.285,62534.80156277619,grid,,0.55,0.12811298545834277,0.2577975806643104,0.04816722611601902,0.01829236648035261,3.04532895613655,0.7312203197955837
23,grid_0.3100,grid,0.31,91254.80421853716,grid,,0.55,0.12871707524248902,0.2597609235855161,0.048187885026524546,0.01928785239547578,3.0272116042487096,0.7445932156250598
23,grid_0.3300,grid,0.33,120864.35483856642,grid,,0.55,0.12955736638282983,0.26128689930164006,0.048204606991492704,0.020066236755172683,3.012400579177009,0.7550593980150602
23,grid_0.3434,grid,0.3434,145175.52755764054,grid,,0.55,0.13026519313047485,0.26226752979646084,0.04821571470745752,0.02056854247807994,3.002306174299043,0.7618343968901194
23,grid_0.3600,grid,0.36,184560.36568413948,grid,,0.55,0.13132560570386526,0.2634656203605011,0.0482297818994328,0.021184351212510884,2.989602780014407,0.7701686884964445
23,grid_0.3649,grid,0.3649,197693.24354731053,grid,,0.55,0.13167548431233886,0.26381602173255686,0.04823397152354638,0.021364921799246542,2.985820077092063,0.7726232556991609
23,grid_0.4000,grid,0.4,315352.1859207217,grid,,0.55,0.13450521487622485,0.266165665157096,0.048262989662990696,0.02258117164552864,2.958327014071996,0.7893695408561008
23,grid_0.4500,grid,0.45,573964.0547833235,grid,,0.55,0.13975796626469902,0.2691356813776151,0.04830401438106223,0.024130000609530928,2.917205371639425,0.811666240590605
23,grid_0.4898,grid,0.4898,883167.0557562006,grid,,0.55,0.14478837169375083,0.2711337111582405,0.048337310563816765,0.02517617876262342,2.8829004625372194,0.8276871991675336
23,grid_0.5000,grid,0.5,1003776.8843114723,grid,,0.55,0.1462049128158799,0.2716045528789791,0.048345966159856125,0.025423066984734042,2.87388055178881,0.8316471073191063
23,grid_0.5500,grid,0.55,1814342.2143354646,grid,,0.55,0.15351866972831513,0.2733780765091279,0.0483854286497105,0.02635014406612009,2.828601812925828,0.8483366255513551
23,grid_0.5971,grid,0.5971,3022372.8856561296,grid,,0.55,0.1603340414979094,0.27433040825082167,0.04841633687009754,0.02684083602096494,2.786805056933189,0.8601178610272355
23,grid_0.6049,grid,0.6049,3276086.392271119,grid,,0.55,0.1614591059476182,0.2744208835944744,0.04842089979324134,0.026885921559530748,2.779941702415654,0.8617033007569862
23,grid_0.6500,grid,0.65,5120560.016562058,grid,,0.55,0.1677769813785677,0.27472268129008043,0.048444190595413494,0.027028361019797612,2.7410086988829603,0.8694518021636221
23,grid_0.7139,grid,0.7139,,grid,,0.55,0.1775357667432056,0.2746011237543559,0.048481345932341824,0.026924431234813265,2.6838386654408923,0.8774737009564096
23,grid_0.7892,grid,0.7892,,grid,,0.55,0.18920025954507155,0.2735997848038162,0.048522685437852334,0.0263341568068422,2.617280691833393,0.8823332051258899
23,grid_0.8000,grid,0.8,,grid,,0.55,0.19075404778297697,0.27337783355671275,0.04852774110968055,0.02620769877048118,2.608225508863428,0.8824790447444992
23,grid_0.8904,grid,0.8904,,grid,,0.55,0.20378419469250197,0.27057256511532213,0.04856147465049031,0.02464803834259493,2.5320125228301267,0.8782161574966876
23,grid_0.9500,grid,0.95,,grid,,0.55,0.20700318739833135,0.26902176028512853,0.04855406377755591,0.023818643729353252,2.5035866810933105,0.8746222541943801
23,grid_1.0112,grid,1.0112,,grid,,0.55,0.2099393168418725,0.2669588242594925,0.0485307294599117,0.02273628439009892,2.475396760650048,0.8681353003894714
23,rtp475,rtp,0.06997214650841514,475.0,grid,,0.6,0.20577657387433632,0.23447698895054453,0.04611006311149836,0.008869395235815425,3.174518757098573,0.6059002392031638
23,rtp2500,rtp,0.12450119721625721,2500.0,grid,,0.6,0.18638794537673795,0.23776267697909,0.04610528617027613,0.010425804393986972,3.1459008909922708,0.6378183826744744
23,rtp5000,rtp,0.15249581980793944,5000.0,grid,,0.6,0.1812781112810186,0.23982668060958978,0.04611703322313149,0.0113998035090827,3.1306806746810096,0.6546913084670346
23,grid_0.1645,grid,0.1645,6477.617828219024,grid,,0.6,0.1797067100543005,0.24074241623269366,0.046123319760683415,0.011833591212872113,3.123854379735536,0.6619167311084474
23,rtp10000,rtp,0.18372485891022616,10000.0,grid,,0.6,0.17781089996186702,0.24222508106305443,0.046134408264420584,0.01253858163158271,3.11249991443386,0.6734089767664287
23,grid_0.2109,grid,0.2109,17234.11332575692,grid,,0.6,0.1762065949110033,0.24433144910971705,0.04615176114381731,0.013546095880236943,3.095598578473518,0.6894332780174423
23,grid_0.2423,grid,0.2423,30149.52670125085,grid,,0.6,0.17558703993494665,0.24674380725749642,0.04617349226305336,0.014709014156871189,3.0749594590227174,0.7075275499553634
23,grid_0.2700,grid,0.27,49043.354778421,grid,,0.6,0.1759013175613685,0.24881438517561422,0.046193304934760857,0.015715293335558052,3.0559408070998133,0.7230241354701411
23,grid_0.2850,grid,0.285,62534.80156277619,grid,,0.6,0.1763585683537063,0.24990703284799076,0.046204242000640265,0.01624928306624646,3.04532895613655,0.7312203197955837
23,grid_0.3100,grid,0.31,91254.80421853716,grid,,0.6,0.17751054739583097,0.25168608103241535,0.04622297875473708,0.017122904630718472,3.0272116042487096,0.7445932156250598
23,grid_0.3300,grid,0.33,120864.35483856642,grid,,0.6,0.1787397715111879,0.25306740855450927,0.04623814539314491,0.017804967879349994,3.012400579177009,0.7550593980150602
23,grid_0.3434,grid,0.3434,145175.52755764054,grid,,0.6,0.17968575594484001,0.2539544127898564,0.04624821991344686,0.018244623861993922,3.002306174299043,0.7618343968901194
23,grid_0.3600,grid,0.36,184560.36568413948,grid,,0.6,0.18101843228490433,0.2550370415982901,0.04626097859019175,0.018782913997016218,2.989602780014407,0.7701686884964445
23,grid_0.3649,grid,0.3649,197693.24354731053,grid,,0.6,0.1814443655178397,0.25535344263338183,0.046264778497527116,0.018940602167192698,2.985820077092063,0.7726232556991609
23,grid_0.4000,grid,0.4,315352.1859207217,grid,,0.6,0.1847666347998768,0.2574718008311653,0.046291097613890005,0.020000630609353247,2.958327014071996,0.7893695408561008
23,grid_0.4500,grid,0.45,573964.0547833235,grid,,0.6,0.19057505015807608,0.26013545501672114,0.04632830925486434,0.021342145701892204,2.917205371639425,0.811666240590605
23,grid_0.4898,grid,0.4898,883167.0557562006,grid,,0.6,0.19594640932688637,0.26191325274893784,0.04635851283032381,0.022240039135205183,2.8829004625372194,0.8276871991675336
23,grid_0.5000,grid,0.5,1003776.8843114723,grid,,0.6,0.197437273151832,0.2623298784928505,0.04636636436481289,0.02245060078526083,2.87388055178881,0.8316471073191063
23,grid_0.5500,grid,0.55,1814342.2143354646,grid,,0.6,0.20505551058412527,0.26387453343880635,0.04640216265669953,0.023227606740848207,2.828601812925828,0.8483366255513551
23,grid_0.5971,grid,0.5971,3022372.8856561296,grid,,0.6,0.2121082528454132,0.2646656784624655,0.046430203756591105,0.023617717599406077,2.786805056933189,0.8601178610272355
23,grid_0.6049,grid,0.6049,3276086.392271119,grid,,0.6,0.21326882899968544,0.2647341195377144,0.04643434377851298,0.023649810268895885,2.779941702415654,0.8617033007569862
23,grid_0.6500,grid,0.65,5120560.016562058,grid,,0.6,0.21977302302718618,0.2649318554790823,0.04645547869665879,0.02373340935093058,2.7410086988829603,0.8694518021636221
23,grid_0.7139,grid,0.7139,,grid,,0.6,0.2296898971797812,0.2646983951784865,0.046489187904363585,0.02357605250570262,2.6838386654408923,0.8774737009564096
23,grid_0.7892,grid,0.7892,,grid,,0.6,0.2414509253894759,0.263625648499683,0.04652669626112002,0.02297178628575841,2.617280691833393,0.8823332051258899
23,grid_0.8000,grid,0.8,,grid,,0.6,0.24301825559697576,0.2634001497087546,0.04653128422695404,0.02284835463964028,2.608225508863428,0.8824790447444992
23,grid_0.8904,grid,0.8904,,grid,,0.6,0.2561118276313834,0.2606362017070068,0.04656191098356258,0.021369318656692962,2.5320125228301267,0.8782161574966876
23,grid_0.9500,grid,0.95,,grid,,0.6,0.25961695488190856,0.2591381749107354,0.04655522104783326,0.020597372648233622,2.5035866810933105,0.8746222541943801
23,grid_1.0112,grid,1.0112,,grid,,0.6,0.26285728345691345,0.2571696460837742,0.04653410254472767,0.019602124322126005,2.475396760650048,0.8681353003894714
23,rtp475,rtp,0.06997214650841514,475.0,grid,,0.65,0.17812518062121507,0.2417134545975909,0.04701138675326306,0.011414007380238567,3.174518757098573,0.6059002392031638
23,rtp2500,rtp,0.12450119721625721,2500.0,grid,,0.65,0.1612415503745236,0.24586613297797077,0.04700706287296206,0.013443092472579146,3.1459008909922708,0.6378183826744744
23,rtp5000,rtp,0.15249581980793944,5000.0,grid,,0.65,0.1574234248128088,0.24841067781330584,0.04701770470232068,0.01469016014934535,3.1306806746810096,0.6546913084670346
23,grid_0.1645,grid,0.1645,6477.617828219024,grid,,0.65,0.15639108309496016,0.24953653891759725,0.04702339959806097,0.015245084656912562,3.123854379735536,0.6619167311084474
23,rtp10000,rtp,0.18372485891022616,10000.0,grid,,0.65,0.15534672138827207,0.2513596717876423,0.047033444374438474,0.016148240226752795,3.11249991443386,0.6734089767664287
23,grid_0.2109,grid,0.2109,17234.11332575692,grid,,0.65,0.1549174310607888,0.25395249231394007,0.047049165222634894,0.0174427031298269,3.095598578473518,0.6894332780174423
23,grid_0.2423,grid,0.2423,30149.52670125085,grid,,0.65,0.1556196889104912,0.2569290017151162,0.04706885310781255,0.018943658814513622,3.0749594590227174,0.7075275499553634
23,grid_0.2700,grid,0.27,49043.354778421,grid,,0.65,0.157062312663913,0.2594937517034633,0.04708680441648324,0.020250202756655417,3.0559408070998133,0.7230241354701411
23,grid_0.2850,grid,0.285,62534.80156277619,grid,,0.65,0.158120364499564,0.2608523601399944,0.04709671414968967,0.02094723964091568,3.04532895613655,0.7312203197955837
23,grid_0.3100,grid,0.31,91254.80421853716,grid,,0.65,0.16025400709719148,0.2630716720584609,0.04711369306817146,0.022093011571462932,3.0272116042487096,0.7445932156250598
23,grid_0.3300,grid,0.33,120864.35483856642,grid,,0.65,0.16224856455020176,0.2648029664298573,0.04712743817242826,0.022993172857623857,3.012400579177009,0.7550593980150602
23,grid_0.3434,grid,0.3434,145175.52755764054,grid,,0.65,0.16371012039858449,0.26591802442468965,0.047136568392990935,0.023575827320938908,3.002306174299043,0.7618343968901194
23,grid_0.3600,grid,0.36,184560.36568413948,grid,,0.65,0.16567049219770272,0.267285146535911,0.04714813116351231,0.0242932183952111,2.989602780014407,0.7701686884964445
23,grid_0.3649,grid,0.3649,197693.24354731053,grid,,0.65,0.16627813692530932,0.2676861266146565,0.047151574930214296,0.024504287451743625,2.985820077092063,0.7726232556991609
23,grid_0.4000,grid,0.4,315352.1859207217,grid,,0.65,0.1709064699410788,0.27038486806108697,0.047175429439115305,0.025932547437296106,2.958327014071996,0.7893695408561008
23,grid_0.4500,grid,0.45,573964.0547833235,grid,,0.65,0.1785603618704566,0.2738457636224546,0.04720916310917143,0.027782339144793854,2.917205371639425,0.811666240590605
23,grid_0.4898,grid,0.4898,883167.0557562006,grid,,0.65,0.185404883655253,0.27621636588531906,0.04723654439193982,0.029058936390952625,2.8829004625372194,0.8276871991675336
23,grid_0.5000,grid,0.5,1003776.8843114723,grid,,0.65,0.1872705369730229,0.2767821779294958,0.04724366183589195,0.02936471218350309,2.87388055178881,0.8316471073191063
23,grid_0.5500,grid,0.55,1814342.2143354646,grid,,0.65,0.19677238891441096,0.2789662154733718,0.04727611929563496,0.03054603007990076,2.828601812925828,0.8483366255513551
23,grid_0.5971,grid,0.5971,3022372.8856561296,grid,,0.65,0.20557753489034747,0.28021793714040455,0.047301553822741205,0.031220538472482517,2.786805056933189,0.8601178610272355
23,grid_0.6049,grid,0.6049,3276086.392271119,grid,,0.65,0.20702562968833263,0.2803500588265299,0.04730531036296379,0.031290845121075,2.779941702415654,0.8617033007569862
23,grid_0.6500,grid,0.65,5120560.016562058,grid,,0.65,0.21518421028145948,0.2808486469891098,0.047324497792103196,0.0315514647235104,2.7410086988829603,0.8694518021636221
23,grid_0.7139,grid,0.7139,,grid,,0.65,0.22748375634715687,0.28093966464935943,0.04735507535306863,0.03157201982022591,2.6838386654408923,0.8774737009564096
23,grid_0.7892,grid,0.7892,,grid,,0.65,0.24198799192776901,0.2800855421610203,0.04738911046800782,0.031058800459624843,2.617280691833393,0.8823332051258899
23,grid_0.8000,grid,0.8,,grid,,0.65,0.2439344559227909,0.27986956068598273,0.04739327666435259,0.030933694334212385,2.608225508863428,0.8824790447444992
23,grid_0.8904,grid,0.8904,,grid,,0.65,0.2602052439715883,0.2769702662919871,0.04742113950321692,0.02929138890663735,2.5320125228301267,0.8782161574966876
23,grid_0.9500,grid,0.95,,grid,,0.65,0.26514204643858724,0.27532253366600706,0.04741519535899969,0.028387302185269914,2.5035866810933105,0.8746222541943801
23,grid_1.0112,grid,1.0112,,grid,,0.65,0.26978046334782063,0.27309165078056186,0.04739622962394353,0.027182820102108804,2.475396760650048,0.8681353003894714
23,rtp475,rtp,0.06997214650841514,475.0,grid,,0.7,0.15808318192929524,0.24611915347160768,0.04614701886165396,0.01442761884392681,3.174518757098573,0.6059002392031638
23,rtp2500,rtp,0.12450119721625721,2500.0,grid,,0.7,0.14463520340484967,0.2510001734791761,0.046143203890462337,0.016857883196114157,3.1459008909922708,0.6378183826744744
23,rtp5000,rtp,0.15249581980793944,5000.0,grid,,0.7,0.14242391835247034,0.25399182585821445,0.04615249889952661,0.018359348703262928,3.1306806746810096,0.6546913084670346
23,grid_0.1645,grid,0.1645,6477.617828219024,grid,,0.7,0.14204500767646236,0.25531688191290874,0.04615747464304544,0.019029235546684745,3.123854379735536,0.6619167311084474
23,rtp10000,rtp,0.18372485891022616,10000.0,grid,,0.7,0.1420150205333993,0.2574671015524818,0.04616625183388056,0.02012305654795541,3.11249991443386,0.6734089767664287
23,grid_0.2109,grid,0.2109,17234.11332575692,grid,,0.7,0.14295611179645182,0.2605335898168073,0.04617999182127009,0.021697759601562304,3.095598578473518,0.6894332780174423
23,grid_0.2423,grid,0.2423,30149.52670125085,grid,,0.7,0.14516596619044922,0.26406656440158754,0.04619720078982404,0.023533949645033757,3.0749594590227174,0.7075275499553634
23,grid_0.2700,grid,0.27,49043.354778421,grid,,0.7,0.14787244666659743,0.26712236346209084,0.04621289313211366,0.02514146392945969,3.0559408070998133,0.7230241354701411
23,grid_0.2850,grid,0.285,62534.80156277619,grid,,0.7,0.14959550852715311,0.26874686042145385,0.046221555972362896,0.026003319014025493,3.04532895613655,0.7312203197955837
23,grid_0.3100,grid,0.31,91254.80421853716,grid,,0.7,0.15280526625506238,0.2714077860147066,0.04623640125813808,0.027425785051266704,3.0272116042487096,0.7445932156250598
23,grid_0.3300,grid,0.33,120864.35483856642,grid,,0.7,0.15563043164478219,0.2734912501000698,0.0462484202502018,0.028549043631097122,3.012400579177009,0.7550593980150602
23,grid_0.3434,grid,0.3434,145175.52755764054,grid,,0.7,0.15764760468977343,0.27483711142528633,0.046256403817070635,0.029279033999524622,3.002306174299043,0.7618343968901194
23,grid_0.3600,grid,0.36,184560.36568413948,grid,,0.7,0.16028016697372738,0.27649291935421677,0.046266514379218276,0.030181820073799145,2.989602780014407,0.7701686884964445
23,grid_0.3649,grid,0.3649,197693.24354731053,grid,,0.7,0.1610815551708726,0.27697977900783705,0.04626952564268626,0.03044827233654399,2.985820077092063,0.7726232556991609
23,grid_0.4000,grid,0.4,315352.1859207217,grid,,0.7,0.16709350167348191,0.28027057169758846,0.046290385368637166,0.0322612079910559,2.958327014071996,0.7893695408561008
23,grid_0.4500,grid,0.45,573964.0547833235,grid,,0.7,0.17667374309148323,0.28455355790428444,0.04631988973493587,0.034650837581051086,2.917205371639425,0.811666240590605
23,grid_0.4898,grid,0.4898,883167.0557562006,grid,,0.7,0.18503656271713584,0.2875423193666555,0.046343840844435574,0.03633674458232011,2.8829004625372194,0.8276871991675336
23,grid_0.5000,grid,0.5,1003776.8843114723,grid,,0.7,0.1872855084079294,0.28826458950489486,0.04635006635390767,0.03674640720851789,2.87388055178881,0.8316471073191063
23,grid_0.5500,grid,0.55,1814342.2143354646,grid,,0.7,0.1987062258088652,0.2911276438407712,0.04637846073400756,0.03837684427427136,2.828601812925828,0.8483366255513551
23,grid_0.5971,grid,0.5971,3022372.8856561296,grid,,0.7,0.20929232069146303,0.29287792326113693,0.046400718644867056,0.039376759288889375,2.786805056933189,0.8601178610272355
23,grid_0.6049,grid,0.6049,3276086.392271119,grid,,0.7,0.21103226639479813,0.2930800494795001,0.0464040069770965,0.03949190842580974,2.779941702415654,0.8617033007569862
23,grid_0.6500,grid,0.65,5120560.016562058,grid,,0.7,0.22086949028723502,0.2939152762947296,0.04642081014459683,0.03996537949481038,2.7410086988829603,0.8694518021636221
23,grid_0.7139,grid,0.7139,,grid,,0.7,0.2355686802663409,0.2943882873355985,0.046447570037328495,0.040216893683058405,2.6838386654408923,0.8774737009564096
23,grid_0.7892,grid,0.7892,,grid,,0.7,0.2528205507940628,0.29382601232657735,0.046477363824002894,0.039856361695735074,2.617280691833393,0.8823332051258899
23,grid_0.8000,grid,0.8,,grid,,0.7,0.2551473864277054,0.2936292828008291,0.04648101301899825,0.03973714269913102,2.608225508863428,0.8824790447444992
23,grid_0.8904,grid,0.8904,,grid,,0.7,0.2746004619183728,0.29067593653753504,0.04650545474803861,0.037987045333934474,2.5320125228301267,0.8782161574966876
23,grid_0.9500,grid,0.95,,grid,,0.7,0.2810228217779459,0.2889050128066014,0.046500340794122574,0.036965765630659966,2.5035866810933105,0.8746222541943801
23,grid_1.0112,grid,1.0112,,grid,,0.7,0.28711384491349273,0.286434076689209,0.046483878183858046,0.03556060210494161,2.475396760650048,0.8681353003894714
23,rtp475,rtp,0.06997214650841514,475.0,grid,,0.75,0.1744123126222368,0.24405551086806163,0.04522265320481129,0.014340439180259252,3.174518757098573,0.6059002392031638
23,rtp2500,rtp,0.12450119721625721,2500.0,grid,,0.75,0.16190790808658204,0.24895528136101966,0.04521873684472627,0.016759995272818202,3.1459008909922708,0.6378183826744744
23,rtp5000,rtp,0.15249581980793944,5000.0,grid,,0.75,0.1600263218214482,0.25195579515629724,0.04522828036404892,0.018253442348793104,3.1306806746810096,0.6546913084670346
23,grid_0.1645,grid,0.1645,6477.617828219024,grid,,0.75,0.1597709399269914,0.25328407494322336,0.04523338912156221,0.018919433498282175,3.123854379735536,0.6619167311084474
23,rtp10000,rtp,0.18372485891022616,10000.0,grid,,0.75,0.15992174277652424,0.2554386156475048,0.04524240096404017,0.020006485399873528,3.11249991443386,0.6734089767664287
23,grid_0.2109,grid,0.2109,17234.11332575692,grid,,0.75,0.16109021776619709,0.2585092969494124,0.04525650762718563,0.02157054898209382,3.095598578473518,0.6894332780174423
23,grid_0.2423,grid,0.2423,30149.52670125085,grid,,0.75,0.16353168566244394,0.26204469211154807,0.04527417554463523,0.023393245119200805,3.0749594590227174,0.7075275499553634
23,grid_0.2700,grid,0.27,49043.354778421,grid,,0.75,0.1664221414939346,0.2651002898072273,0.04529028576812392,0.024987877887751978,3.0559408070998133,0.7230241354701411
23,grid_0.2850,grid,0.285,62534.80156277619,grid,,0.75,0.16823838436705005,0.26672373680900235,0.045299179221433124,0.025842372555924833,3.04532895613655,0.7312203197955837
23,grid_0.3100,grid,0.31,91254.80421853716,grid,,0.75,0.1715951756251127,0.26938139508857584,0.04531441877085349,0.02725191724901391,3.0272116042487096,0.7445932156250598
23,grid_0.3300,grid,0.33,120864.35483856642,grid,,0.75,0.17453172269429088,0.2714610517984654,0.04532675640069085,0.028364346242838283,3.012400579177009,0.7550593980150602
23,grid_0.3434,grid,0.3434,145175.52755764054,grid,,0.75,0.1766202842028378,0.2728038053520324,0.045334951639607136,0.029086964574942448,3.002306174299043,0.7618343968901194
23,grid_0.3600,grid,0.36,184560.36568413948,grid,,0.75,0.17933877073188195,0.2744551530559571,0.045345330276852516,0.02998030076211631,2.989602780014407,0.7701686884964445
23,grid_0.3649,grid,0.3649,197693.24354731053,grid,,0.75,0.18016510796777271,0.2749405486614257,0.045348421368382234,0.030243883929863546,2.985820077092063,0.7726232556991609
23,grid_0.4000,grid,0.4,315352.1859207217,grid,,0.75,0.1863483868007959,0.27821906747180336,0.04536983324033997,0.032036016264539884,2.958327014071996,0.7893695408561008
23,grid_0.4500,grid,0.45,573964.0547833235,grid,,0.75,0.19615862101468207,0.2824766603225961,0.04540011580878009,0.03439294781822724,2.917205371639425,0.811666240590605
23,grid_0.4898,grid,0.4898,883167.0557562006,grid,,0.75,0.20469470442772913,0.2854376569318449,0.045424698261119015,0.036049957733622594,2.8829004625372194,0.8276871991675336
23,grid_0.5000,grid,0.5,1003776.8843114723,grid,,0.75,0.20698702591211166,0.2861516808063202,0.045431088045919374,0.03645169638236279,2.87388055178881,0.8316471073191063
23,grid_0.5500,grid,0.55,1814342.2143354646,grid,,0.75,0.21861462177839894,0.2889666388339838,0.0454602291625005,0.03804148919650956,2.828601812925828,0.8483366255513551
23,grid_0.5971,grid,0.5971,3022372.8856561296,grid,,0.75,0.2293858820093045,0.2906644671237282,0.04548306822056798,0.039002764227752874,2.786805056933189,0.8601178610272355
23,grid_0.6049,grid,0.6049,3276086.392271119,grid,,0.75,0.23115605676375545,0.2908569379425381,0.04548644185810934,0.03911131649120011,2.779941702415654,0.8617033007569862
23,grid_0.6500,grid,0.65,5120560.016562058,grid,,0.75,0.2411584816907029,0.29163860747131826,0.04550367678182714,0.039549400585982504,2.7410086988829603,0.8694518021636221
23,grid_0.7139,grid,0.7139,,grid,,0.75,0.2560733142226671,0.29202450851985,0.04553113463104314,0.039747178945216816,2.6838386654408923,0.8774737009564096
23,grid_0.7892,grid,0.7892,,grid,,0.75,0.27355649036655694,0.2913495028125078,0.045561700891585684,0.03932283189750982,2.617280691833393,0.8823332051258899
23,grid_0.8000,grid,0.8,,grid,,0.75,0.2759147453329916,0.2911361981474202,0.04556544345127885,0.03919484242045507,2.608225508863428,0.8824790447444992
23,grid_0.8904,grid,0.8904,,grid,,0.75,0.2956219940410915,0.2880310518496773,0.04559048956371791,0.03737139726591358,2.5320125228301267,0.8782161574966876
23,grid_0.9500,grid,0.95,,grid,,0.75,0.30219754297432516,0.286198440412297,0.04558519163604945,0.03632435565838163,2.5035866810933105,0.8746222541943801
23,grid_1.0112,grid,1.0112,,grid,,0.75,0.3084531989346963,0.2836589968750371,0.04556822196105974,0.03489420454709258,2.475396760650048,0.8681353003894714
23,rtp475,rtp,0.06997214650841514,475.0,grid,,0.8,0.2065708486340598,0.23902224715661896,0.04495247885029975,0.012179155785500093,3.174518757098573,0.6059002392031638
23,rtp2500,rtp,0.12450119721625721,2500.0,grid,,0.8,0.1971940652580011,0.24302191179089802,0.044948509171472945,0.014111140439030077,3.1459008909922708,0.6378183826744744
23,rtp5000,rtp,0.15249581980793944,5000.0,grid,,0.8,0.19619796467057982,0.2455254369372924,0.04495813051354193,0.015324609669706411,3.1306806746810096,0.6546913084670346
23,grid_0.1645,grid,0.1645,6477.617828219024,grid,,0.8,0.19623318889815006,0.246638385452528,0.044963281831435865,0.01586721134719391,3.123854379735536,0.6619167311084474
23,rtp10000,rtp,0.18372485891022616,10000.0,grid,,0.8,0.19676110160307503,0.24844826948019122,0.04497236928735146,0.016754173320350257,3.11249991443386,0.6734089767664287
23,grid_0.2109,grid,0.2109,17234.11332575692,grid,,0.8,0.19831163454916023,0.251035933415475,0.04498659492260938,0.01803244494316939,3.095598578473518,0.6894332780174423
23,grid_0.2423,grid,0.2423,30149.52670125085,grid,,0.8,0.2010221981184744,0.25402532712952325,0.04500441236634567,0.019524454456915634,3.0749594590227174,0.7075275499553634
23,grid_0.2700,grid,0.27,49043.354778421,grid,,0.8,0.20403057792276919,0.2566149249964597,0.04502065859762714,0.02083056113331149,3.0559408070998133,0.7230241354701411
23,grid_0.2850,grid,0.285,62534.80156277619,grid,,0.8,0.2058712229067522,0.2579931865349912,0.04502962707790638,0.02153085722057238,3.04532895613655,0.7312203197955837
23,grid_0.3100,grid,0.31,91254.80421853716,grid,,0.8,0.20921603767932173,0.2602536127971421,0.04504499515219025,0.022686947821774522,3.0272116042487096,0.7445932156250598
23,grid_0.3300,grid,0.33,120864.35483856642,grid,,0.8,0.21210097656905055,0.2620252946531814,0.04505743650899196,0.023599818529094582,3.012400579177009,0.7550593980150602
23,grid_0.3434,grid,0.3434,145175.52755764054,grid,,0.8,0.21413743430927698,0.2631705982345997,0.04506570063396705,0.024193063141190047,3.002306174299043,0.7618343968901194
23,grid_0.3600,grid,0.36,184560.36568413948,grid,,0.8,0.21677018649939886,0.26458107505859196,0.04507616649448839,0.024926978784671885,2.989602780014407,0.7701686884964445
23,grid_0.3649,grid,0.3649,197693.24354731053,grid,,0.8,0.21756696627438352,0.2649959921745599,0.0450792835464397,0.025143592322139703,2.985820077092063,0.7726232556991609
23,grid_0.4000,grid,0.4,315352.1859207217,grid,,0.8,0.22349852053950345,0.26780094252690056,0.045100874409905595,0.0266164704083907,2.958327014071996,0.7893695408561008
23,grid_0.4500,grid,0.45,573964.0547833235,grid,,0.8,0.23281033421460534,0.27145396770236513,0.045131408614065255,0.028555847967291444,2.917205371639425,0.811666240590605
23,grid_0.4898,grid,0.4898,883167.0557562006,grid,,0.8,0.24085477859427304,0.27400453302643335,0.04515619623950745,0.029922287879526367,2.8829004625372194,0.8276871991675336
23,grid_0.5000,grid,0.5,1003776.8843114723,grid,,0.8,0.2430065318126093,0.2746208429646186,0.045162639484650165,0.03025396790594754,2.87388055178881,0.8316471073191063
23,grid_0.5500,grid,0.55,1814342.2143354646,grid,,0.8,0.25390266307363796,0.2770518430219775,0.04519202253245846,0.031565701189415984,2.828601812925828,0.8483366255513551
23,grid_0.5971,grid,0.5971,3022372.8856561296,grid,,0.8,0.2639850703403439,0.27851643783935487,0.04521504806268443,0.03235635808403879,2.786805056933189,0.8601178610272355
23,grid_0.6049,grid,0.6049,3276086.392271119,grid,,0.8,0.2656412525181254,0.2786818677647869,0.045218448832900424,0.03244513458796973,2.779941702415654,0.8617033007569862
23,grid_0.6500,grid,0.65,5120560.016562058,grid,,0.8,0.27499420098460386,0.2793521412086523,0.04523581927495329,0.03280179952290553,2.7410086988829603,0.8694518021636221
23,grid_0.7139,grid,0.7139,,grid,,0.8,0.2888940324533473,0.2796909970517055,0.045263500758168006,0.032963553073609125,2.6838386654408923,0.8774737009564096
23,grid_0.7892,grid,0.7892,,grid,,0.8,0.30514396698389534,0.27912138898657635,0.04529431251707167,0.032614437272724006,2.617280691833393,0.8823332051258899
23,grid_0.8000,grid,0.8,,grid,,0.8,0.3073367937580484,0.27893808594945124,0.0452980842028346,0.03250837159030884,2.608225508863428,0.8824790447444992
23,grid_0.8904,grid,0.8904,,grid,,0.8,0.3256428691158167,0.27625572212128463,0.04532330959041588,0.03099391441433655,2.5320125228301267,0.8782161574966876
23,grid_0.9500,grid,0.95,,grid,,0.8,0.33186071420495766,0.27464775041584066,0.04531793076681737,0.030113456041664544,2.5035866810933105,0.8746222541943801
23,grid_1.0112,grid,1.0112,,grid,,0.8,0.3377750823180064,0.2724105312052561,0.045300764931500176,0.02890673258002964,2.475396760650048,0.8681353003894714
23,rtp475,rtp,0.06997214650841514,475.0,grid,,0.85,0.2098550442551562,0.24271120350022435,0.045212470169588445,0.013696258134938875,3.174518757098573,0.6059002392031638
23,rtp2500,rtp,0.12450119721625721,2500.0,grid,,0.85,0.20147749502676277,0.24686877995451165,0.045208524024756704,0.015735670491472384,3.1459008909922708,0.6378183826744744
23,rtp5000,rtp,0.15249581980793944,5000.0,grid,,0.85,0.20101505039667344,0.24950437688442947,0.04521804437259775,0.01703438971188967,3.1306806746810096,0.6546913084670346
23,grid_0.1645,grid,0.1645,6477.617828219024,grid,,0.85,0.20127209261963214,0.25067939605170353,0.045223142376771906,0.017617017228074926,3.123854379735536,0.6619167311084474
23,rtp10000,rtp,0.18372485891022616,10000.0,grid,,0.85,0.20214958313586157,0.25259535536051925,0.04523213621864591,0.0185722773310611,3.11249991443386,0.6734089767664287
23,grid_0.2109,grid,0.2109,17234.11332575692,grid,,0.85,0.2041792046273791,0.255343355474979,0.04524621621642799,0.019954012968793476,3.095598578473518,0.6894332780174423
23,grid_0.2423,grid,0.2423,30149.52670125085,grid,,0.85,0.2074236714609198,0.2585297830410652,0.045263851868382256,0.021573796850877992,3.0749594590227174,0.7075275499553634
23,grid_0.2700,grid,0.27,49043.354778421,grid,,0.85,0.21088140237133976,0.26129877769067766,0.04527993244093485,0.02299711878170734,3.0559408070998133,0.7230241354701411
23,grid_0.2850,grid,0.285,62534.80156277619,grid,,0.85,0.21295928963896368,0.2627765853852685,0.04528880947277465,0.023762724353966647,3.04532895613655,0.7312203197955837
23,grid_0.3100,grid,0.31,91254.80421853716,grid,,0.85,0.21668750547510723,0.26520521312818984,0.04530402138261493,0.02502978368775366,3.0272116042487096,0.7445932156250598
23,grid_0.3300,grid,0.33,120864.35483856642,grid,,0.85,0.21986668741280757,0.2671134418070921,0.04531633639185402,0.02603325440217677,3.012400579177009,0.7550593980150602
23,grid_0.3434,grid,0.3434,145175.52755764054,grid,,0.85,0.22210215374092632,0.2683498849480297,0.045324516567907,0.026687144183713762,3.002306174299043,0.7618343968901194
23,grid_0.3600,grid,0.36,184560.36568413948,grid,,0.85,0.22497397373221467,0.2698760907694699,0.04533487609550451,0.027498228273506654,2.989602780014407,0.7701686884964445
23,grid_0.3649,grid,0.3649,197693.24354731053,grid,,0.85,0.22583892653813994,0.2703256691944985,0.04533796147214932,0.02773800595330412,2.985820077092063,0.7726232556991609
23,grid_0.4000,grid,0.4,315352.1859207217,grid,,0.85,0.23226223009189317,0.2733734534564729,0.045359332752193074,0.0293737123025253,2.958327014071996,0.7893695408561008
23,grid_0.4500,grid,0.45,573964.0547833235,grid,,0.85,0.24225751574713725,0.2773775824556119,0.045389556855326404,0.031548766393593365,2.917205371639425,0.811666240590605
23,grid_0.4898,grid,0.4898,883167.0557562006,grid,,0.85,0.25084400743682655,0.2802042176484886,0.04541409372783895,0.0331003098601626,2.8829004625372194,0.8276871991675336
23,grid_0.5000,grid,0.5,1003776.8843114723,grid,,0.85,0.25313137032774075,0.2808918777719881,0.04542047179393468,0.03347977520433883,2.87388055178881,0.8316471073191063
23,grid_0.5500,grid,0.55,1814342.2143354646,grid,,0.85,0.2647230315798094,0.283644328397699,0.045449557589649546,0.03500454744253216,2.828601812925828,0.8483366255513551
23,grid_0.5971,grid,0.5971,3022372.8856561296,grid,,0.85,0.27546452642502517,0.28535803080971084,0.04547235015500287,0.03595685559259301,2.786805056933189,0.8601178610272355
23,grid_0.6049,grid,0.6049,3276086.392271119,grid,,0.85,0.2772297214951051,0.2855599486158601,0.04547571651360532,0.036068767739887334,2.779941702415654,0.8617033007569862
23,grid_0.6500,grid,0.65,5120560.016562058,grid,,0.85,0.28721652650631796,0.2864117810426526,0.045492911160140086,0.036538797159884256,2.7410086988829603,0.8694518021636221
23,grid_0.7139,grid,0.7139,,grid,,0.85,0.3020323943025804,0.2869835192728838,0.04552031256607652,0.03683922776817314,2.6838386654408923,0.8774737009564096
23,grid_0.7892,grid,0.7892,,grid,,0.85,0.3193365709773659,0.2866366312409118,0.0455508125458519,0.03660974582328658,2.617280691833393,0.8823332051258899
23,grid_0.8000,grid,0.8,,grid,,0.85,0.32167702169522433,0.28647549020991225,0.04555454605820176,0.03651366043280778,2.608225508863428,0.8824790447444992
23,grid_0.8904,grid,0.8904,,grid,,0.85,0.3412292930451266,0.28389207940403666,0.04557951599721799,0.035015196751129865,2.5320125228301267,0.8782161574966876
23,grid_0.9500,grid,0.95,,grid,,0.85,0.3480320665082894,0.28226892944052484,0.04557419125550782,0.03410155727199218,2.5035866810933105,0.8746222541943801
23,grid_1.0112,grid,1.0112,,grid,,0.85,0.35450924675410256,0.27995757750066547,0.04555719857813908,0.03281904662190202,2.475396760650048,0.8681353003894714
23,rtp475,rtp,0.06997214650841514,475.0,grid,,0.9,0.21309970538899375,0.24523193934279522,0.044710924837737344,0.015427779236091045,3.174518757098573,0.6059002392031638
23,rtp2500,rtp,0.12450119721625721,2500.0,grid,,0.9,0.20603786906001076,0.24953720090299314,0.044707061488271145,0.01756175314622961,3.1459008909922708,0.6378183826744744
23,rtp5000,rtp,0.15249581980793944,5000.0,grid,,0.9,0.2062306497059002,0.252314702121457,0.04471634028345634,0.01894636862318324,3.1306806746810096,0.6546913084670346
23,grid_0.1645,grid,0.1645,6477.617828219024,grid,,0.9,0.20675599483027907,0.2535573622863789,0.04472130966513679,0.019570026304489195,3.123854379735536,0.6619167311084474
23,rtp10000,rtp,0.18372485891022616,10000.0,grid,,0.9,0.20805202531110356,0.2555898888269344,0.04473007701016356,0.02059611426040113,3.11249991443386,0.6734089767664287
23,grid_0.2109,grid,0.2109,17234.11332575692,grid,,0.9,0.21064859169901978,0.25851533156708273,0.04474380328674221,0.022086373368496504,3.095598578473518,0.6894332780174423
23,grid_0.2423,grid,0.2423,30149.52670125085,grid,,0.9,0.21451743100321208,0.2619209180138006,0.04476099647964168,0.02384157081355035,3.0749594590227174,0.7075275499553634
23,grid_0.2700,grid,0.27,49043.354778421,grid,,0.9,0.21849617531953675,0.26488961119458737,0.044776673702180296,0.025389832416639384,3.0559408070998133,0.7230241354701411
23,grid_0.2850,grid,0.285,62534.80156277619,grid,,0.9,0.2208475309273572,0.26647830959312585,0.04478532807130267,0.026225361412307163,3.04532895613655,0.7312203197955837
23,grid_0.3100,grid,0.31,91254.80421853716,grid,,0.9,0.2250159530706012,0.2690942503088296,0.04480015892951856,0.027611556619752467,3.0272116042487096,0.7445932156250598
23,grid_0.3300,grid,0.33,120864.35483856642,grid,,0.9,0.22853182650059178,0.27115430947231456,0.04481216552322146,0.028712494022186265,3.012400579177009,0.7550593980150602
23,grid_0.3434,grid,0.3434,145175.52755764054,grid,,0.9,0.23099382908039878,0.27249227770644036,0.0448201408140885,0.029431900595555324,3.002306174299043,0.7618343968901194
23,grid_0.3600,grid,0.36,184560.36568413948,grid,,0.9,0.23413736280819833,0.2741471934946364,0.04483024085387024,0.03032644284711538,2.989602780014407,0.7701686884964445
23,grid_0.3649,grid,0.3649,197693.24354731053,grid,,0.9,0.23507979174649374,0.27463524904830894,0.04483324894136582,0.030591271078460845,2.985820077092063,0.7726232556991609
23,grid_0.4000,grid,0.4,315352.1859207217,grid,,0.9,0.24205920694457778,0.27795270941272787,0.044854084692452834,0.03240362397742351,2.958327014071996,0.7893695408561008
23,grid_0.4500,grid,0.45,573964.0547833235,grid,,0.9,0.2528219078237832,0.2823462177249639,0.044883551831987785,0.034835834831604934,2.917205371639425,0.811666240590605
23,grid_0.4898,grid,0.4898,883167.0557562006,grid,,0.9,0.2620125739010285,0.28547869081405747,0.04490747511814025,0.03659060779076796,2.8829004625372194,0.8276871991675336
23,grid_0.5000,grid,0.5,1003776.8843114723,grid,,0.9,0.26445074272255137,0.28624525658893424,0.04491369369192155,0.03702265322774326,2.87388055178881,0.8316471073191063
23,grid_0.5500,grid,0.55,1814342.2143354646,grid,,0.9,0.27681080264521984,0.28935363569174194,0.04494205212659778,0.038783474361431536,2.828601812925828,0.8483366255513551
23,grid_0.5971,grid,0.5971,3022372.8856561296,grid,,0.9,0.28827682028697194,0.2913432738785207,0.04496427465711935,0.03991662857713538,2.786805056933189,0.8601178610272355
23,grid_0.6049,grid,0.6049,3276086.392271119,grid,,0.9,0.2901615407529085,0.29158560963621744,0.04496755681741922,0.04005461092950535,2.779941702415654,0.8617033007569862
23,grid_0.6500,grid,0.65,5120560.016562058,grid,,0.9,0.3008422512764529,0.2926388362109852,0.044984321346160525,0.04065316711275929,2.7410086988829603,0.8694518021636221
23,grid_0.7139,grid,0.7139,,grid,,0.9,0.31665655215992927,0.2934692746786992,0.04501103744261817,0.04111317773782362,2.6838386654408923,0.8774737009564096
23,grid_0.7892,grid,0.7892,,grid,,0.9,0.335106386956526,0.2933689937044138,0.045040774561857136,0.041024591905283264,2.617280691833393,0.8823332051258899
23,grid_0.8000,grid,0.8,,grid,,0.9,0.3376071215092456,0.2932324165132075,0.04504441467699672,0.04094083541717845,2.608225508863428,0.8824790447444992
23,grid_0.8904,grid,0.8904,,grid,,0.9,0.3585084393141523,0.2907590399264609,0.04506875971419637,0.03947205958476091,2.5320125228301267,0.8782161574966876
23,grid_0.9500,grid,0.95,,grid,,0.9,0.3659531010114594,0.2891187385502632,0.045063567526964,0.03852607745393144,2.5035866810933105,0.8746222541943801
23,grid_1.0112,grid,1.0112,,grid,,0.9,0.373047192339083,0.2867242890467821,0.04504699888792329,0.03716381904145935,2.475396760650048,0.8681353003894714
23,rtp475,rtp,0.06997214650841514,475.0,grid,,0.95,0.24051656423604617,0.24444239839317244,0.045180644692958835,0.014571441439247594,3.174518757098573,0.6059002392031638
23,rtp2500,rtp,0.12450119721625721,2500.0,grid,,0.95,0.23678323646478472,0.24812356218006004,0.045176824509206,0.016388477599716116,3.1459008909922708,0.6378183826744744
23,rtp5000,rtp,0.15249581980793944,5000.0,grid,,0.95,0.23805885917734837,0.25058149439363026,0.045185952949384586,0.01760513238316038,3.1306806746810096,0.6546913084670346
23,grid_0.1645,grid,0.1645,6477.617828219024,grid,,0.95,0.23896890742051505,0.2516877937967615,0.04519084261783769,0.018155902928443435,3.123854379735536,0.6619167311084474
23,rtp10000,rtp,0.18372485891022616,10000.0,grid,,0.95,0.24080308318377178,0.253504511669655,0.0451994697864261,0.019065067650444134,3.11249991443386,0.6734089767664287
23,grid_0.2109,grid,0.2109,17234.11332575692,grid,,0.95,0.2440257911444104,0.25613117743548364,0.04521297775930602,0.020390202295181167,3.095598578473518,0.6894332780174423
23,grid_0.2423,grid,0.2423,30149.52670125085,grid,,0.95,0.24846408013334012,0.25920334323064675,0.045229898256923425,0.021956474885021053,3.0749594590227174,0.7075275499553634
23,grid_0.2700,grid,0.27,49043.354778421,grid,,0.95,0.2528362588140404,0.26189005988090264,0.04524532712280221,0.023341076341620567,3.0559408070998133,0.7230241354701411
23,grid_0.2850,grid,0.285,62534.80156277619,grid,,0.95,0.25536525823511297,0.2633315826345718,0.045253844414032275,0.02408967799879605,3.04532895613655,0.7312203197955837
23,grid_0.3100,grid,0.31,91254.80421853716,grid,,0.95,0.25978127403193557,0.2657102346518357,0.045268441213978,0.02533348758475558,3.0272116042487096,0.7445932156250598
23,grid_0.3300,grid,0.33,120864.35483856642,grid,,0.95,0.2634557262642859,0.26758746780382753,0.04528025857183678,0.026322794353827644,3.012400579177009,0.7550593980150602
23,grid_0.3434,grid,0.3434,145175.52755764054,grid,,0.95,0.26600956141563886,0.2688090896015646,0.045288108134333226,0.02697021851808873,3.002306174299043,0.7618343968901194
23,grid_0.3600,grid,0.36,184560.36568413948,grid,,0.95,0.26924694302362845,0.27032290872281484,0.04529804892779379,0.02777642605256951,2.989602780014407,0.7701686884964445
23,grid_0.3649,grid,0.3649,197693.24354731053,grid,,0.95,0.2702128342197398,0.27076981733636135,0.04530100958467987,0.028015284395686624,2.985820077092063,0.7726232556991609
23,grid_0.4000,grid,0.4,315352.1859207217,grid,,0.95,0.27732704686331466,0.27381293414363556,0.045321516866539124,0.029652006037807765,2.958327014071996,0.7893695408561008
23,grid_0.4500,grid,0.45,573964.0547833235,grid,,0.95,0.2881640878150861,0.2778643113357178,0.04535052075646786,0.03185805475760488,2.917205371639425,0.811666240590605
23,grid_0.4898,grid,0.4898,883167.0557562006,grid,,0.95,0.2973365396395104,0.28077016809584465,0.04537406910926732,0.03345781818330154,2.8829004625372194,0.8276871991675336
23,grid_0.5000,grid,0.5,1003776.8843114723,grid,,0.95,0.29975762750881657,0.28148370419084406,0.04538019017298041,0.03385288555201818,2.87388055178881,0.8316471073191063
23,grid_0.5500,grid,0.55,1814342.2143354646,grid,,0.95,0.3120085936477159,0.2843892664771448,0.045408104670566884,0.03546915021684158,2.828601812925828,0.8483366255513551
23,grid_0.5971,grid,0.5971,3022372.8856561296,grid,,0.95,0.32336291087117275,0.2862613731941288,0.045429980548340715,0.036515593234647564,2.786805056933189,0.8601178610272355
23,grid_0.6049,grid,0.6049,3276086.392271119,grid,,0.95,0.32522841827556215,0.2864907727241479,0.045433211670999084,0.0366437511850803,2.779941702415654,0.8617033007569862
23,grid_0.6500,grid,0.65,5120560.016562058,grid,,0.95,0.33579993418000254,0.28749410723536734,0.045449716723034314,0.03720314497202658,2.7410086988829603,0.8694518021636221
23,grid_0.7139,grid,0.7139,,grid,,0.95,0.3513863066347623,0.2883188710794812,0.045476016285722246,0.03765175513482423,2.6838386654408923,0.8774737009564096
23,grid_0.7892,grid,0.7892,,grid,,0.95,0.3695152713705346,0.28830498330622795,0.04550529112918675,0.03761447227001763,2.617280691833393,0.8823332051258899
23,grid_0.8000,grid,0.8,,grid,,0.95,0.37197505236247425,0.28818834671813576,0.04550887502328358,0.03754364816084885,2.608225508863428,0.8824790447444992
23,grid_0.8904,grid,0.8904,,grid,,0.95,0.39252027591789007,0.2859764498351234,0.04553285018587282,0.03624967967442802,2.5320125228301267,0.8782161574966876
23,grid_0.9500,grid,0.95,,grid,,0.95,0.40002564429020093,0.28446798325736994,0.0455277537405085,0.0353942797580068,2.5035866810933105,0.8746222541943801
23,grid_1.0112,grid,1.0112,,grid,,0.95,0.4071937815000941,0.2822494346248803,0.0455114661232951,0.03415327722276948,2.475396760650048,0.8681353003894714
23,rtp475,rtp,0.06997214650841514,475.0,grid,,1.0,0.26639934664876513,0.24295266063252902,0.045119376302349586,0.013906619006075233,3.174518757098573,0.6059002392031638
23,rtp2500,rtp,0.12450119721625721,2500.0,grid,,1.0,0.26609189626701657,0.24607801536814705,0.045115633928317675,0.015438755719208344,3.1459008909922708,0.6378183826744744
23,rtp5000,rtp,0.15249581980793944,5000.0,grid,,1.0,0.26850417471446286,0.24825804759224798,0.04512452891182368,0.016507529282491176,3.1306806746810096,0.6546913084670346
23,grid_0.1645,grid,0.1645,6477.617828219024,grid,,1.0,0.26982170238306497,0.24924630764465222,0.045129294359428695,0.01699442751506393,3.123854379735536,0.6619167311084474
23,rtp10000,rtp,0.18372485891022616,10000.0,grid,,1.0,0.27223027320841403,0.25087694198369676,0.04513770282838513,0.017801537190706013,3.11249991443386,0.6734089767664287
23,grid_0.2109,grid,0.2109,17234.11332575692,grid,,1.0,0.276129605521058,0.25324709450795313,0.04515086952882932,0.018983221347890822,3.095598578473518,0.6894332780174423
23,grid_0.2423,grid,0.2423,30149.52670125085,grid,,1.0,0.28119466637496005,0.2560343125190487,0.045167363288703244,0.02038620589839865,3.0749594590227174,0.7075275499553634
23,grid_0.2700,grid,0.27,49043.354778421,grid,,1.0,0.2860095276478386,0.2584806589740859,0.04518240330825748,0.02162984775542022,3.0559408070998133,0.7230241354701411
23,grid_0.2850,grid,0.285,62534.80156277619,grid,,1.0,0.28874249672560887,0.2597970789137786,0.045190705962879905,0.022303816249252206,3.04532895613655,0.7312203197955837
23,grid_0.3100,grid,0.31,91254.80421853716,grid,,1.0,0.2934493275596927,0.2619744365288304,0.045204935748647715,0.02342566964595047,3.0272116042487096,0.7445932156250598
23,grid_0.3300,grid,0.33,120864.35483856642,grid,,1.0,0.2973162175742038,0.2636968208663649,0.04521645620687392,0.024319557128153826,3.012400579177009,0.7550593980150602
23,grid_0.3434,grid,0.3434,145175.52755764054,grid,,1.0,0.2999847272544434,0.2648202685070589,0.04522410852700791,0.024905666085142886,3.002306174299043,0.7618343968901194
23,grid_0.3600,grid,0.36,184560.36568413948,grid,,1.0,0.30334387161909293,0.2662152351545061,0.04523379950808535,0.02563675192028364,2.989602780014407,0.7701686884964445
23,grid_0.3649,grid,0.3649,197693.24354731053,grid,,1.0,0.30434133095070054,0.2666274991341734,0.045236685760492744,0.025853537534050883,2.985820077092063,0.7726232556991609
23,grid_0.4000,grid,0.4,315352.1859207217,grid,,1.0,0.3116485990640651,0.2694404404418028,0.04525667769669109,0.027341473248781598,2.958327014071996,0.7893695408561008
23,grid_0.4500,grid,0.45,573964.0547833235,grid,,1.0,0.3226424323625083,0.2732080738797215,0.045284953913855876,0.029357697719211498,2.917205371639425,0.811666240590605
23,grid_0.4898,grid,0.4898,883167.0557562006,grid,,1.0,0.3318626516634297,0.2759292985478209,0.04530791263875189,0.03082906515834058,2.8829004625372194,0.8276871991675336
23,grid_0.5000,grid,0.5,1003776.8843114723,grid,,1.0,0.3342835123734997,0.27660007537145936,0.04531388039332496,0.03119372130217206,2.87388055178881,0.8316471073191063
23,grid_0.5500,grid,0.55,1814342.2143354646,grid,,1.0,0.34650937504751345,0.279346443807173,0.04534109637479557,0.0326933392929185,2.828601812925828,0.8483366255513551
23,grid_0.5971,grid,0.5971,3022372.8856561296,grid,,1.0,0.3578295462016716,0.28113165668128454,0.04536242590403652,0.03367258248432711,2.786805056933189,0.8601178610272355
23,grid_0.6049,grid,0.6049,3276086.392271119,grid,,1.0,0.3596884824251372,0.28135227567545446,0.04536557646871641,0.0337935265590405,2.779941702415654,0.8617033007569862
23,grid_0.6500,grid,0.65,5120560.016562058,grid,,1.0,0.37022362365539674,0.28232503038254075,0.04538167106367701,0.03432575171682556,2.7410086988829603,0.8694518021636221
23,grid_0.7139,grid,0.7139,,grid,,1.0,0.38568787363635704,0.28316403552441954,0.04540731398181439,0.03477455703266036,2.6838386654408923,0.8774737009564096
23,grid_0.7892,grid,0.7892,,grid,,1.0,0.4036183798967322,0.28324652023232605,0.04543585906774812,0.034792732155973366,2.617280691833393,0.8823332051258899
23,grid_0.8000,grid,0.8,,grid,,1.0,0.40605408046859753,0.2831497669759035,0.04543935393899791,0.03473443659951053,2.608225508863428,0.8824790447444992
23,grid_0.8904,grid,0.8904,,grid,,1.0,0.4263833124266402,0.2811833041954376,0.04546273885200343,0.033601311706260545,2.5320125228301267,0.8782161574966876
23,grid_0.9500,grid,0.95,,grid,,1.0,0.43401026806774234,0.2797921876497605,0.04545778240865999,0.032825885861178794,2.5035866810933105,0.8746222541943801
23,grid_1.0112,grid,1.0112,,grid,,1.0,0.44130939133468317,0.27772572710447213,0.04544192103178747,0.031689658463920245,2.475396760650048,0.8681353003894714
23,rtp475,rtp,0.06997214650841514,475.0,grid,,1.05,0.287666513675827,0.24332365991971794,0.04625045277111555,0.012955950705610994,3.174518757098573,0.6059002392031638
23,rtp2500,rtp,0.12450119721625721,2500.0,grid,,1.05,0.29051232358128676,0.2458178427766135,0.04624679641702283,0.014179615410325044,3.1459008909922708,0.6378183826744744
23,rtp5000,rtp,0.15249581980793944,5000.0,grid,,1.05,0.2939447988865334,0.24766559443992478,0.04625540307206219,0.015082843597219106,3.1306806746810096,0.6546913084670346
23,grid_0.1645,grid,0.1645,6477.617828219024,grid,,1.05,0.2956215526134782,0.24851134676897996,0.046260015520290784,0.01549787395264142,3.123854379735536,0.6619167311084474
23,rtp10000,rtp,0.18372485891022616,10000.0,grid,,1.05,0.29852833135589396,0.24991604403718673,0.046268154854216814,0.016189874212980238,3.11249991443386,0.6734089767664287
23,grid_0.2109,grid,0.2109,17234.11332575692,grid,,1.05,0.3029976829550065,0.2519728437215544,0.046280902364669425,0.017209411608457417,3.095598578473518,0.6894332780174423
23,grid_0.2423,grid,0.2423,30149.52670125085,grid,,1.05,0.30856697891684337,0.254409741611492,0.046296872429735916,0.018427444197090206,3.0749594590227174,0.7075275499553634
23,grid_0.2700,grid,0.27,49043.354778421,grid,,1.05,0.31371622808194777,0.2565597398025322,0.04631143558763803,0.019511464499905026,3.0559408070998133,0.7230241354701411
23,grid_0.2850,grid,0.285,62534.80156277619,grid,,1.05,0.3165942404609354,0.25772153642948314,0.046319475056752164,0.020100915282821263,3.04532895613655,0.7312203197955837
23,grid_0.3100,grid,0.31,91254.80421853716,grid,,1.05,0.3214931084361717,0.25964955083232083,0.04633325552401904,0.021084633723406923,3.0272116042487096,0.7445932156250598
23,grid_0.3300,grid,0.33,120864.35483856642,grid,,1.05,0.3254729562717483,0.2611796849049725,0.046344412795840825,0.02187041501121989,3.012400579177009,0.7550593980150602
23,grid_0.3434,grid,0.3434,145175.52755764054,grid,,1.05,0.32820300294311033,0.26218113044053876,0.04635182381580717,0.022387121343271615,3.002306174299043,0.7618343968901194
23,grid_0.3600,grid,0.36,184560.36568413948,grid,,1.05,0.3316174514205044,0.26342784527871627,0.04636120917030134,0.023033020497885928,2.989602780014407,0.7701686884964445
23,grid_0.3649,grid,0.3649,197693.24354731053,grid,,1.05,0.3326267082171167,0.2637968143402042,0.046364004397175085,0.023224754858865077,2.985820077092063,0.7726232556991609
23,grid_0.4000,grid,0.4,315352.1859207217,grid,,1.05,0.3399858399228549,0.26632234300179397,0.046383366142568896,0.024544224239396298,2.958327014071996,0.7893695408561008
23,grid_0.4500,grid,0.45,573964.0547833235,grid,,1.05,0.3509286443847748,0.26973482385904024,0.04641075399923243,0.026346121203035033,2.917205371639425,0.811666240590605
23,grid_0.4898,grid,0.4898,883167.0557562006,grid,,1.05,0.36002625748395184,0.2722250066575061,0.04643299361235715,0.027673460637322095,2.8829004625372194,0.8276871991675336
23,grid_0.5000,grid,0.5,1003776.8843114723,grid,,1.05,0.362402388129393,0.27284226599033756,0.046438774313910955,0.028004127796831146,2.87388055178881,0.8316471073191063
23,grid_0.5500,grid,0.55,1814342.2143354646,grid,,1.05,0.37438271722076943,0.2753944012888617,0.04646513915015618,0.02937693711109443,2.828601812925828,0.8483366255513551
23,grid_0.5971,grid,0.5971,3022372.8856561296,grid,,1.05,0.3854682621594858,0.27708276300737417,0.04648580481858861,0.03028905273721208,2.786805056933189,0.8601178610272355
23,grid_0.6049,grid,0.6049,3276086.392271119,grid,,1.05,0.38728773577631137,0.2772952304814107,0.04648885774378707,0.030403787103951613,2.779941702415654,0.8617033007569862
23,grid_0.6500,grid,0.65,5120560.016562058,grid,,1.05,0.3976053011560469,0.2782466299064155,0.04650445669604118,0.030916730358236583,2.7410086988829603,0.8694518021636221
23,grid_0.7139,grid,0.7139,,grid,,1.05,0.41269117269445205,0.27912925740716404,0.04652930206120053,0.0313838402794743,2.6838386654408923,0.8774737009564096
23,grid_0.7892,grid,0.7892,,grid,,1.05,0.4301345153512873,0.2793654401300712,0.04655696285445322,0.03148808628461519,2.617280691833393,0.8823332051258899
23,grid_0.8000,grid,0.8,,grid,,1.05,0.43250745312001676,0.27929935528654776,0.04656035040868935,0.03144777945479188,2.608225508863428,0.8824790447444992
23,grid_0.8904,grid,0.8904,,grid,,1.05,0.45230193932147145,0.27769991954479667,0.04658303315374376,0.03053421216144278,2.5320125228301267,0.8782161574966876
23,grid_0.9500,grid,0.95,,grid,,1.05,0.45992324842327437,0.2764901962807051,0.04657826926312205,0.029868559376220766,2.5035866810933105,0.8746222541943801
23,grid_1.0112,grid,1.0112,,grid,,1.05,0.46722511087945984,0.27465814979172387,0.046562960142957514,0.028874139104055507,2.475396760650048,0.8681353003894714
23,rtp475,rtp,0.06997214650841514,475.0,grid,,1.1,0.30846568642223143,0.24318554592434027,0.04695007571073513,0.012189134035784283,3.174518757098573,0.6059002392031638
23,rtp2500,rtp,0.12450119721625721,2500.0,grid,,1.1,0.3144904381699907,0.2451006660822052,0.04694653132368601,0.013127805190254652,3.1459008909922708,0.6378183826744744
23,rtp5000,rtp,0.15249581980793944,5000.0,grid,,1.1,0.3189646669726944,0.24665035702385818,0.04695475961537185,0.013881639004624857,3.1306806746810096,0.6546913084670346
23,grid_0.1645,grid,0.1645,6477.617828219024,grid,,1.1,0.32101047156478835,0.24736874295004455,0.04695917132923066,0.01423212365945456,3.123854379735536,0.6619167311084474
23,rtp10000,rtp,0.18372485891022616,10000.0,grid,,1.1,0.32443183118189745,0.2485720760760758,0.04696695759362846,0.014821119411141948,3.11249991443386,0.6734089767664287
23,grid_0.2109,grid,0.2109,17234.11332575692,grid,,1.1,0.32949521204706983,0.2503503215904862,0.04697915497187804,0.015696128548581836,3.095598578473518,0.6894332780174423
23,grid_0.2423,grid,0.2423,30149.52670125085,grid,,1.1,0.3355973810211787,0.25247654895823635,0.0469944376696091,0.016749970104251638,3.0749594590227174,0.7075275499553634
23,grid_0.2700,grid,0.27,49043.354778421,grid,,1.1,0.34110649151100353,0.25436383642095595,0.04700837468013902,0.017692586598647808,3.0559408070998133,0.7230241354701411
23,grid_0.2850,grid,0.285,62534.80156277619,grid,,1.1,0.3441434713528002,0.25538867866641296,0.047016068540084485,0.018207308650891846,3.04532895613655,0.7312203197955837
23,grid_0.3100,grid,0.31,91254.80421853716,grid,,1.1,0.3492576177709516,0.2570958423177827,0.04702925862131692,0.019069013515773267,3.0272116042487096,0.7445932156250598
23,grid_0.3300,grid,0.33,120864.35483856642,grid,,1.1,0.353368884130389,0.25845558096421545,0.04703993845219571,0.01975934887935442,3.012400579177009,0.7550593980150602
23,grid_0.3434,grid,0.3434,145175.52755764054,grid,,1.1,0.3561730997355924,0.25934913186806136,0.04704703226770231,0.020214939933014764,3.002306174299043,0.7618343968901194
23,grid_0.3600,grid,0.36,184560.36568413948,grid,,1.1,0.3596584084574765,0.2604646966429045,0.047056015858917076,0.020785842338363197,2.989602780014407,0.7701686884964445
23,grid_0.3649,grid,0.3649,197693.24354731053,grid,,1.1,0.3606839923574288,0.26079532187432675,0.04705869142157706,0.020955508489956615,2.985820077092063,0.7726232556991609
23,grid_0.4000,grid,0.4,315352.1859207217,grid,,1.1,0.36812792267269406,0.26306668544616885,0.0470772243447921,0.022126856646841442,2.958327014071996,0.7893695408561008
23,grid_0.4500,grid,0.45,573964.0547833235,grid,,1.1,0.3790673657122852,0.2661661313441472,0.04710344271725481,0.02374096675745499,2.917205371639425,0.811666240590605
23,grid_0.4898,grid,0.4898,883167.0557562006,grid,,1.1,0.38808141385691886,0.26845393963420466,0.04712473554980254,0.024942782155322668,2.8829004625372194,0.8276871991675336
23,grid_0.5000,grid,0.5,1003776.8843114723,grid,,1.1,0.39042285374174496,0.2690244413161924,0.04713027004994431,0.02524387997554514,2.87388055178881,0.8316471073191063
23,grid_0.5500,grid,0.55,1814342.2143354646,grid,,1.1,0.40220847914264457,0.2714093105677126,0.047155513550865315,0.026507500311975768,2.828601812925828,0.8483366255513551
23,grid_0.5971,grid,0.5971,3022372.8856561296,grid,,1.1,0.4131067269346376,0.27301729508883504,0.047175302865944034,0.027363140551679987,2.786805056933189,0.8601178610272355
23,grid_0.6049,grid,0.6049,3276086.392271119,grid,,1.1,0.4148945010710933,0.2732235145907051,0.047178226667406224,0.027472862257891,2.779941702415654,0.8617033007569862
23,grid_0.6500,grid,0.65,5120560.016562058,grid,,1.1,0.425039015142375,0.2741615971055412,0.047193168410055115,0.027971412917406013,2.7410086988829603,0.8694518021636221
23,grid_0.7139,grid,0.7139,,grid,,1.1,0.43981194793980716,0.2750928358270543,0.047216960628669265,0.02845910769470139,2.6838386654408923,0.8774737009564096
23,grid_0.7892,grid,0.7892,,grid,,1.1,0.4568439839256006,0.27547751290143313,0.047243451791423294,0.028644408322935966,2.617280691833393,0.8823332051258899
23,grid_0.8000,grid,0.8,,grid,,1.1,0.45916459813616484,0.2754402614695972,0.04724669687339152,0.028620640765048555,2.608225508863428,0.8824790447444992
23,grid_0.8904,grid,0.8904,,grid,,1.1,0.4785111677336032,0.2741795475433924,0.047268438526768035,0.027905985764331342,2.5320125228301267,0.8782161574966876
23,grid_0.9500,grid,0.95,,grid,,1.1,0.4861619043401703,0.2731333411790158,0.04726390768203365,0.02733791438157898,2.5035866810933105,0.8746222541943801
23,grid_1.0112,grid,1.0112,,grid,,1.1,0.49349832641125047,0.2715095487660615,0.04724929523964238,0.02646813983150792,2.475396760650048,0.8681353003894714
23,rtp475,rtp,0.06997214650841514,475.0,grid,,1.15,0.32880915622481316,0.2426040435077828,0.047271020851161895,0.011585701075164281,3.174518757098573,0.6059002392031638
23,rtp2500,rtp,0.12450119721625721,2500.0,grid,,1.15,0.33803053621622886,0.24397892603728777,0.04726760745369587,0.012258108896612468,3.1459008909922708,0.6378183826744744
23,rtp5000,rtp,0.15249581980793944,5000.0,grid,,1.15,0.34356358694375194,0.24525788850987232,0.047275388407910506,0.012876043468410453,3.1306806746810096,0.6546913084670346
23,grid_0.1645,grid,0.1645,6477.617828219024,grid,,1.15,0.3459863767189662,0.24586113383118002,0.047279562854532824,0.013168134274220589,3.123854379735536,0.6619167311084474
23,rtp10000,rtp,0.18372485891022616,10000.0,grid,,1.15,0.3499356877597872,0.24688308382626606,0.04728693183389751,0.0136643252456696,3.11249991443386,0.6734089767664287
23,grid_0.2109,grid,0.2109,17234.11332575692,grid,,1.15,0.3556129486159138,0.2484112657499917,0.04729847892222023,0.014409678029292772,3.095598578473518,0.6894332780174423
23,grid_0.2423,grid,0.2423,30149.52670125085,grid,,1.15,0.3622719381530924,0.25025949461106184,0.0473129490792218,0.0153168655637623,3.0749594590227174,0.7075275499553634
23,grid_0.2700,grid,0.27,49043.354778421,grid,,1.15,0.368162397185843,0.2519118711922735,0.04732614575521835,0.016133445092374243,3.0559408070998133,0.7230241354701411
23,grid_0.2850,grid,0.285,62534.80156277619,grid,,1.15,0.3713701507518216,0.2528143888569587,0.0473334309583931,0.01658168425472445,3.04532895613655,0.7312203197955837
23,grid_0.3100,grid,0.31,91254.80421853716,grid,,1.15,0.3767193665918663,0.2543242901920281,0.04734592274222804,0.0173349218394509,3.0272116042487096,0.7445932156250598
23,grid_0.3300,grid,0.33,120864.35483856642,grid,,1.15,0.3809778423555894,0.25553170541349507,0.04735603771597304,0.01794041475555619,3.012400579177009,0.7550593980150602
23,grid_0.3434,grid,0.3434,145175.52755764054,grid,,1.15,0.383867052044639,0.2563290615118726,0.04736275625211938,0.01834183152343799,3.002306174299043,0.7618343968901194
23,grid_0.3600,grid,0.36,184560.36568413948,grid,,1.15,0.3874365911184476,0.25732762928066044,0.0473712645246021,0.01884624426660292,2.989602780014407,0.7701686884964445
23,grid_0.3649,grid,0.3649,197693.24354731053,grid,,1.15,0.3884824044368717,0.25762399643918776,0.04737379851044411,0.01899632503085452,2.985820077092063,0.7726232556991609
23,grid_0.4000,grid,0.4,315352.1859207217,grid,,1.15,0.39603955045889616,0.25966865444747705,0.047391350592867115,0.020036459509696125,2.958327014071996,0.7893695408561008
23,grid_0.4500,grid,0.45,573964.0547833235,grid,,1.15,0.4070169790354617,0.2624896339190119,0.04741618425470454,0.02148462366023235,2.917205371639425,0.811666240590605
23,grid_0.4898,grid,0.4898,883167.0557562006,grid,,1.15,0.4159814536852795,0.264598327318922,0.047436356039613166,0.022575918780358223,2.8829004625372194,0.8276871991675336
23,grid_0.5000,grid,0.5,1003776.8843114723,grid,,1.15,0.4182969687609534,0.2651274983695907,0.04744159906976114,0.02285099132195617,2.87388055178881,0.8316471073191063
23,grid_0.5500,grid,0.55,1814342.2143354646,grid,,1.15,0.4299322672335913,0.2673665156279111,0.04746551436052602,0.024019339318484018,2.828601812925828,0.8483366255513551
23,grid_0.5971,grid,0.5971,3022372.8856561296,grid,,1.15,0.4406845147909214,0.2689067461122092,0.04748426447796721,0.02482657362668894,2.786805056933189,0.8601178610272355
23,grid_0.6049,grid,0.6049,3276086.392271119,grid,,1.15,0.442447362950411,0.2691081010915223,0.047487035008507,0.024932135064577976,2.779941702415654,0.8617033007569862
23,grid_0.6500,grid,0.65,5120560.016562058,grid,,1.15,0.4524576352899712,0.27003852046175236,0.04750119548273888,0.02541960705043339,2.7410086988829603,0.8694518021636221
23,grid_0.7139,grid,0.7139,,grid,,1.15,0.46697473288757313,0.2710208148054102,0.04752373865443294,0.025928543403355514,2.6838386654408923,0.8774737009564096
23,grid_0.7892,grid,0.7892,,grid,,1.15,0.4836617180317742,0.27154723859739704,0.047548841328142404,0.02618906146172928,2.617280691833393,0.8823332051258899
23,grid_0.8000,grid,0.8,,grid,,1.15,0.48593911475689644,0.2715369515171123,0.04755191692998467,0.02618039910922193,2.608225508863428,0.8824790447444992
23,grid_0.8904,grid,0.8904,,grid,,1.15,0.5049135099693992,0.2705884179345269,0.04757253321959461,0.02564555870071561,2.5320125228301267,0.8782161574966876
23,grid_0.9500,grid,0.95,,grid,,1.15,0.5126238973092331,0.26968965085375146,0.04756826470350557,0.025164243074112802,2.5035866810933105,0.8746222541943801
23,grid_1.0112,grid,1.0112,,grid,,1.15,0.5200223229283489,0.268251094924162,0.04755445693933313,0.02440419298867863,2.475396760650048,0.8681353003894714
23,rtp475,rtp,0.06997214650841514,475.0,grid,,1.2,0.3488688501655796,0.24159992084889095,0.04725596461713574,0.011114557137054629,3.174518757098573,0.6059002392031638
23,rtp2500,rtp,0.12450119721625721,2500.0,grid,,1.2,0.36130772954209706,0.24246262786590406,0.04725269485372264,0.01153543105791724,3.1459008909922708,0.6378183826744744
23,rtp5000,rtp,0.15249581980793944,5000.0,grid,,1.2,0.36791518414589924,0.24349188058045715,0.04725998167387361,0.012028314234733994,3.1306806746810096,0.6546913084670346
23,grid_0.1645,grid,0.1645,6477.617828219024,grid,,1.2,0.3707220048643194,0.24398945463956498,0.04726389407821161,0.012266959897100721,3.123854379735536,0.6619167311084474
23,rtp10000,rtp,0.18372485891022616,10000.0,grid,,1.2,0.3752109584357414,0.24484556186503284,0.047270802231818856,0.012678546933184764,3.11249991443386,0.6734089767664287
23,grid_0.2109,grid,0.2109,17234.11332575692,grid,,1.2,0.3815192100981361,0.24614589268595027,0.04728163110814636,0.013306169378016985,3.095598578473518,0.6894332780174423
23,grid_0.2423,grid,0.2423,30149.52670125085,grid,,1.2,0.38875542502184235,0.24774162011345288,0.04729520383588025,0.014080706500558149,3.0749594590227174,0.7075275499553634
23,grid_0.2700,grid,0.27,49043.354778421,grid,,1.2,0.39504546299684007,0.24918073205880859,0.04730758271664755,0.014783454512716204,3.0559408070998133,0.7230241354701411
23,grid_0.2850,grid,0.285,62534.80156277619,grid,,1.2,0.3984339778333332,0.24997228840646413,0.047314416490768285,0.01517172848039619,3.04532895613655,0.7312203197955837
23,grid_0.3100,grid,0.31,91254.80421853716,grid,,1.2,0.40403499119105896,0.2513031547155532,0.047326136740899555,0.015827138829089704,3.0272116042487096,0.7445932156250598
23,grid_0.3300,grid,0.33,120864.35483856642,grid,,1.2,0.4084540443717721,0.2523721183523983,0.047335627509864225,0.016356058611812718,3.012400579177009,0.7550593980150602
23,grid_0.3434,grid,0.3434,145175.52755764054,grid,,1.2,0.41143736521034224,0.25308225943123935,0.04734193133942376,0.016708698699397395,3.002306174299043,0.7618343968901194
23,grid_0.3600,grid,0.36,184560.36568413948,grid,,1.2,0.41510242073898046,0.253974614822971,0.04734991435620407,0.017153190618272418,2.989602780014407,0.7701686884964445
23,grid_0.3649,grid,0.3649,197693.24354731053,grid,,1.2,0.4161717708143531,0.2542398163037326,0.047352291888081134,0.01728559230607457,2.985820077092063,0.7726232556991609
23,grid_0.4000,grid,0.4,315352.1859207217,grid,,1.2,0.4238661269767939,0.25607847962068897,0.047368759884027084,0.018207427840816526,2.958327014071996,0.7893695408561008
23,grid_0.4500,grid,0.45,573964.0547833235,grid,,1.2,0.43491648115192544,0.25864645762053434,0.04739206256030871,0.019505927479342156,2.917205371639425,0.811666240590605
23,grid_0.4898,grid,0.4898,883167.0557562006,grid,,1.2,0.4438600209782137,0.2605924955447242,0.04741099485989912,0.02049745387432797,2.8829004625372194,0.8276871991675336
23,grid_0.5000,grid,0.5,1003776.8843114723,grid,,1.2,0.4461570180910412,0.26108405581506644,0.04741591566076499,0.020748968540079737,2.87388055178881,0.8316471073191063
23,grid_0.5500,grid,0.55,1814342.2143354646,grid,,1.2,0.45767924032602,0.2631912681198981,0.04743836207502575,0.02183128153953437,2.828601812925828,0.8483366255513551
23,grid_0.5971,grid,0.5971,3022372.8856561296,grid,,1.2,0.4683200107970878,0.2646709820424896,0.047455962103781925,0.022594766631553936,2.786805056933189,0.8601178610272355
23,grid_0.6049,grid,0.6049,3276086.392271119,grid,,1.2,0.4700635908758901,0.26486809823193963,0.04745856289866857,0.022696546562335856,2.779941702415654,0.8617033007569862
23,grid_0.6500,grid,0.65,5120560.016562058,grid,,1.2,0.4799719220227255,0.2657928773776372,0.047471857355135684,0.023173996309548,2.7410086988829603,0.8694518021636221
23,grid_0.7139,grid,0.7139,,grid,,1.2,0.4942803642766962,0.2668242022356174,0.04749301805038216,0.023702136848291505,2.6838386654408923,0.8774737009564096
23,grid_0.7892,grid,0.7892,,grid,,1.2,0.510676925120837,0.2674819147518513,0.04751658298919072,0.024029991730125932,2.617280691833393,0.8823332051258899
23,grid_0.8000,grid,0.8,,grid,,1.2,0.5129185931944255,0.26749641784480704,0.04751947064524169,0.024034862914561916,2.608225508863428,0.8824790447444992
23,grid_0.8904,grid,0.8904,,grid,,1.2,0.5315830877928139,0.2668333593093771,0.04753883477928644,0.02366120686104073,2.5320125228301267,0.8782161574966876
23,grid_0.9500,grid,0.95,,grid,,1.2,0.5393784595915878,0.2660674979438721,0.04753484657849396,0.023257066883618394,2.5035866810933105,0.8746222541943801
23,grid_1.0112,grid,1.0112,,grid,,1.2,0.5468625830169948,0.26479453080322674,0.04752191404676233,0.022594229496538665,2.475396760650048,0.8681353003894714
23,rtp475,rtp,0.06997214650841514,475.0,grid,,1.25,0.3478363772655779,0.2452740343029029,0.048232967943964,0.011926383959257589,3.174518757098573,0.6059002392031638
23,rtp2500,rtp,0.12450119721625721,2500.0,grid,,1.25,0.36369152188592946,0.24597895974645761,0.04822976797314296,0.012275880664806449,3.1459008909922708,0.6378183826744744
23,rtp5000,rtp,0.15249581980793944,5000.0,grid,,1.25,0.3715906315397743,0.24697462888661945,0.04823672746789916,0.01275973984578424,3.1306806746810096,0.6546913084670346
23,grid_0.1645,grid,0.1645,6477.617828219024,grid,,1.25,0.37488924022624154,0.24746241257027768,0.04824046735053826,0.012997178284564065,3.123854379735536,0.6619167311084474
23,rtp10000,rtp,0.18372485891022616,10000.0,grid,,1.25,0.38010600205930745,0.24830871894908996,0.04824707272389325,0.013410147182244897,3.11249991443386,0.6734089767664287
23,grid_0.2109,grid,0.2109,17234.11332575692,grid,,1.25,0.3873383926830433,0.2496045477362022,0.0482574310229178,0.014044999227676241,3.095598578473518,0.6894332780174423
23,grid_0.2423,grid,0.2423,30149.52670125085,grid,,1.25,0.39552240470913286,0.251206287680565,0.048270416641327564,0.014834182328923223,3.0749594590227174,0.7075275499553634
23,grid_0.2700,grid,0.27,49043.354778421,grid,,1.25,0.4025608195453038,0.2526570156456636,0.048282260686885924,0.015553306868087174,3.0559408070998133,0.7230241354701411
23,grid_0.2850,grid,0.285,62534.80156277619,grid,,1.25,0.40632681679498595,0.25345766022021476,0.04828879923310478,0.015951986291201065,3.04532895613655,0.7312203197955837
23,grid_0.3100,grid,0.31,91254.80421853716,grid,,1.25,0.4125179259832082,0.25480662070483556,0.04830001572548812,0.016626398229529826,3.0272116042487096,0.7445932156250598
23,grid_0.3300,grid,0.33,120864.35483856642,grid,,1.25,0.417376434018303,0.2558922046884204,0.04830909907040267,0.01717172134989775,3.012400579177009,0.7550593980150602
23,grid_0.3434,grid,0.3434,145175.52755764054,grid,,1.25,0.42064433787065064,0.25661548179880816,0.04831513218344438,0.01753637331539007,3.002306174299043,0.7618343968901194
23,grid_0.3600,grid,0.36,184560.36568413948,grid,,1.25,0.4246459293759819,0.2575255177277631,0.04832277229180206,0.017996619989150364,2.989602780014407,0.7701686884964445
23,grid_0.3649,grid,0.3649,197693.24354731053,grid,,1.25,0.4258109430246276,0.2577961049993802,0.04832504767607756,0.018133784076773907,2.985820077092063,0.7726232556991609
23,grid_0.4000,grid,0.4,315352.1859207217,grid,,1.25,0.4341666419683482,0.2596766618332024,0.04834080766835927,0.0190911610324761,2.958327014071996,0.7893695408561008
23,grid_0.4500,grid,0.45,573964.0547833235,grid,,1.25,0.4460772059637035,0.2623176850695097,0.048363111241831624,0.02044745665839484,2.917205371639425,0.811666240590605
23,grid_0.4898,grid,0.4898,883167.0557562006,grid,,1.25,0.4556549310725072,0.2643300061678976,0.048381236097679664,0.021489116063041103,2.8829004625372194,0.8276871991675336
23,grid_0.5000,grid,0.5,1003776.8843114723,grid,,1.25,0.45810626295958956,0.2648396488540121,0.04838594698001429,0.02175409262510214,2.87388055178881,0.8316471073191063
23,grid_0.5500,grid,0.55,1814342.2143354646,grid,,1.25,0.4703736462793764,0.26703747017125806,0.04840743658898604,0.02290157388647951,2.828601812925828,0.8483366255513551
23,grid_0.5971,grid,0.5971,3022372.8856561296,grid,,1.25,0.48168701266591385,0.2685954829323655,0.04842428764120454,0.02371924581046611,2.786805056933189,0.8601178610272355
23,grid_0.6049,grid,0.6049,3276086.392271119,grid,,1.25,0.4835392433523436,0.2688048094996018,0.04842677792145255,0.02382924768866465,2.779941702415654,0.8617033007569862
23,grid_0.6500,grid,0.65,5120560.016562058,grid,,1.25,0.4940667653871256,0.2697934237093464,0.0484395086874618,0.024348982789349105,2.7410086988829603,0.8694518021636221
23,grid_0.7139,grid,0.7139,,grid,,1.25,0.5092168960929051,0.2709155410103284,0.04845976909794994,0.024935461262968972,2.6838386654408923,0.8774737009564096
23,grid_0.7892,grid,0.7892,,grid,,1.25,0.5265411517383414,0.27166974045357895,0.04848233284073341,0.02532211503738152,2.617280691833393,0.8823332051258899
23,grid_0.8000,grid,0.8,,grid,,1.25,0.5289115453841138,0.27169504553158746,0.048485098180346166,0.025333099586065222,2.608225508863428,0.8824790447444992
23,grid_0.8904,grid,0.8904,,grid,,1.25,0.5486313040016765,0.27110237150250244,0.048503648277146726,0.0249928475571341,2.5320125228301267,0.8782161574966876
23,grid_0.9500,grid,0.95,,grid,,1.25,0.5570256848924988,0.27034600961789573,0.048499844725977535,0.024587120190341816,2.5035866810933105,0.8746222541943801
23,grid_1.0112,grid,1.0112,,grid,,1.25,0.565096780015534,0.26906784331982336,0.04848748538480086,0.023910018923980147,2.475396760650048,0.8681353003894714
23,rtp475,rtp,0.06997214650841514,475.0,grid,,1.3,0.34770946944133213,0.24822090476555606,0.0488666499854486,0.012746967577182647,3.174518757098573,0.6059002392031638
23,rtp2500,rtp,0.12450119721625721,2500.0,grid,,1.3,0.3669941597408167,0.24875277383784267,0.04886353070223636,0.013014411789784547,3.1459008909922708,0.6378183826744744
23,rtp5000,rtp,0.15249581980793944,5000.0,grid,,1.3,0.37618718519718264,0.24971015888168674,0.04887013576357286,0.013485027685144368,3.1306806746810096,0.6546913084670346
23,grid_0.1645,grid,0.1645,6477.617828219024,grid,,1.3,0.37997800681458155,0.25018640792090036,0.04887368862363605,0.013719550084727083,3.123854379735536,0.6619167311084474
23,rtp10000,rtp,0.18372485891022616,10000.0,grid,,1.3,0.3859227037923818,0.25102045537954293,0.04887996564565926,0.014131303373293852,3.11249991443386,0.6734089767664287
23,grid_0.2109,grid,0.2109,17234.11332575692,grid,,1.3,0.3940784816734796,0.2523087892063256,0.04888981328862617,0.014769911822135884,3.095598578473518,0.6894332780174423
23,grid_0.2423,grid,0.2423,30149.52670125085,grid,,1.3,0.4032083773755986,0.253913645720896,0.04890216158027921,0.015569977902997467,3.0749594590227174,0.7075275499553634
23,grid_0.2700,grid,0.27,49043.354778421,grid,,1.3,0.4109928196456759,0.2553737083733029,0.04891342493976856,0.01630230598856422,3.0559408070998133,0.7230241354701411
23,grid_0.2850,grid,0.285,62534.80156277619,grid,,1.3,0.4151348004168237,0.2561823234170752,0.04891964293910479,0.016709739892266123,3.04532895613655,0.7312203197955837
23,grid_0.3100,grid,0.31,91254.80421853716,grid,,1.3,0.4219132204916697,0.2575475820119962,0.04893031220289485,0.01740044479733105,3.0272116042487096,0.7445932156250598
23,grid_0.3300,grid,0.33,120864.35483856642,grid,,1.3,0.4272087579491532,0.25864838478413893,0.04893895287513109,0.017960034076312914,3.012400579177009,0.7550593980150602
23,grid_0.3434,grid,0.3434,145175.52755764054,grid,,1.3,0.4307595003051605,0.2593839920458094,0.048944691859303564,0.018335363470316973,3.002306174299043,0.7618343968901194
23,grid_0.3600,grid,0.36,184560.36568413948,grid,,1.3,0.4350953677576679,0.2603107051759109,0.0489519594098588,0.018809703819321177,2.989602780014407,0.7701686884964445
23,grid_0.3649,grid,0.3649,197693.24354731053,grid,,1.3,0.4363553650443645,0.2605863702890678,0.04895412381452051,0.018951132565910633,2.985820077092063,0.7726232556991609
23,grid_0.4000,grid,0.4,315352.1859207217,grid,,1.3,0.4453672992584267,0.26250687935645545,0.048969114536743706,0.01994074717272093,2.958327014071996,0.7893695408561008
23,grid_0.4500,grid,0.45,573964.0547833235,grid,,1.3,0.45813002372010475,0.2652185573271421,0.048990332088549214,0.021350551062141343,2.917205371639425,0.811666240590605
23,grid_0.4898,grid,0.4898,883167.0557562006,grid,,1.3,0.4683349146022343,0.2672954424411815,0.049007578919601016,0.022439274630225936,2.8829004625372194,0.8276871991675336
23,grid_0.5000,grid,0.5,1003776.8843114723,grid,,1.3,0.4709387107654533,0.2678227238596399,0.049012061554497395,0.02271694986109954,2.87388055178881,0.8316471073191063
23,grid_0.5500,grid,0.55,1814342.2143354646,grid,,1.3,0.48394174140280993,0.27010943758102474,0.0490325105143031,0.023926597756034396,2.828601812925828,0.8483366255513551
23,grid_0.5971,grid,0.5971,3022372.8856561296,grid,,1.3,0.49591902541825383,0.27174447859076317,0.04904854645474318,0.024796515189822566,2.786805056933189,0.8601178610272355
23,grid_0.6049,grid,0.6049,3276086.392271119,grid,,1.3,0.49787850013723894,0.2719658202944466,0.049050916395745714,0.024914491012685502,2.779941702415654,0.8617033007569862
23,grid_0.6500,grid,0.65,5120560.016562058,grid,,1.3,0.5090172560322093,0.2730173886489305,0.049063032862951515,0.025475461641729646,2.7410086988829603,0.8694518021636221
23,grid_0.7139,grid,0.7139,,grid,,1.3,0.5249968398091615,0.27422910972999376,0.0490823134047734,0.02611929121853157,2.6838386654408923,0.8774737009564096
23,grid_0.7892,grid,0.7892,,grid,,1.3,0.5432343772175418,0.27507837673987623,0.049103786891396294,0.026564326458448972,2.617280691833393,0.8823332051258899
23,grid_0.8000,grid,0.8,,grid,,1.3,0.5457315691061031,0.27511427786928255,0.04910641888404397,0.026581447003492853,2.608225508863428,0.8824790447444992
23,grid_0.8904,grid,0.8904,,grid,,1.3,0.5664906613377632,0.2745904646846935,0.049124079014611736,0.026275844281144156,2.5320125228301267,0.8782161574966876
23,grid_0.9500,grid,0.95,,grid,,1.3,0.5754800816530647,0.27384303283024014,0.049120470376922784,0.025869536252741188,2.5035866810933105,0.8746222541943801
23,grid_1.0112,grid,1.0112,,grid,,1.3,0.5841353497269762,0.27255924784870506,0.049108725595695804,0.025179817992156017,2.475396760650048,0.8681353003894714
23,rtp475,rtp,0.06997214650841514,475.0,grid,,1.35,0.34819855862685745,0.2505206645110069,0.049181572234406036,0.013579031112630452,3.174518757098573,0.6059002392031638
23,rtp2500,rtp,0.12450119721625721,2500.0,grid,,1.35,0.3709192336572951,0.25086460806802036,0.049178542142490386,0.013754509438631074,3.1459008909922708,0.6378183826744744
23,rtp5000,rtp,0.15249581980793944,5000.0,grid,,1.35,0.3814065143144905,0.2517794316089165,0.04918477466676494,0.014208107514544127,3.1306806746810096,0.6546913084670346
23,grid_0.1645,grid,0.1645,6477.617828219024,grid,,1.35,0.38568934499008367,0.2522426065158736,0.049188130768857356,0.014438201773064485,3.123854379735536,0.6619167311084474
23,rtp10000,rtp,0.18372485891022616,10000.0,grid,,1.35,0.39236128963076555,0.253062289883481,0.049194062242997084,0.014846460318073906,3.11249991443386,0.6734089767664287
23,grid_0.2109,grid,0.2109,17234.11332575692,grid,,1.35,0.40143888050756066,0.2543406751911328,0.049203372202622594,0.015485806854058731,3.095598578473518,0.6894332780174423
23,grid_0.2423,grid,0.2423,30149.52670125085,grid,,1.35,0.41151216909795774,0.2559464179775698,0.04921504925551162,0.016293519620037222,3.0749594590227174,0.7075275499553634
23,grid_0.2700,grid,0.27,49043.354778421,grid,,1.35,0.4200400316221574,0.2574141388334713,0.04922570094620071,0.01703633792517692,3.0559408070998133,0.7230241354701411
23,grid_0.2850,grid,0.285,62534.80156277619,grid,,1.35,0.4245564407357792,0.25822994054376586,0.049231581288303454,0.017451120904933393,3.04532895613655,0.7312203197955837
23,grid_0.3100,grid,0.31,91254.80421853716,grid,,1.35,0.43191940469172596,0.25961026629108774,0.049241673891257845,0.018155816472471636,3.0272116042487096,0.7445932156250598
23,grid_0.3300,grid,0.33,120864.35483856642,grid,,1.35,0.43764964640365434,0.2607253416584918,0.049249848008962545,0.01872785577397476,3.012400579177009,0.7550593980150602
23,grid_0.3434,grid,0.3434,145175.52755764054,grid,,1.35,0.4414815875279304,0.26147277658911877,0.04925527700370692,0.01911273589351631,3.002306174299043,0.7618343968901194
23,grid_0.3600,grid,0.36,184560.36568413948,grid,,1.35,0.4461496442081306,0.262415543998443,0.04926215191206019,0.019599765819938608,2.989602780014407,0.7701686884964445
23,grid_0.3649,grid,0.3649,197693.24354731053,grid,,1.35,0.44750400449994837,0.2626960920833889,0.049264199354465535,0.01974503744141881,2.985820077092063,0.7726232556991609
23,grid_0.4000,grid,0.4,315352.1859207217,grid,,1.35,0.45716757114995654,0.26465539983194175,0.04927837930096333,0.020764101359241643,2.958327014071996,0.7893695408561008
23,grid_0.4500,grid,0.45,573964.0547833235,grid,,1.35,0.4707753991019865,0.26743645189272414,0.04929845186191973,0.02222380393904963,2.917205371639425,0.811666240590605
23,grid_0.4898,grid,0.4898,883167.0557562006,grid,,1.35,0.4816014218954571,0.26957704515697395,0.0493147727091754,0.02335701056638978,2.8829004625372194,0.8276871991675336
23,grid_0.5000,grid,0.5,1003776.8843114723,grid,,1.35,0.48435609293150145,0.27012174247099535,0.049319014645723344,0.023646741109843383,2.87388055178881,0.8316471073191063
23,grid_0.5500,grid,0.55,1814342.2143354646,grid,,1.35,0.4980867049345743,0.2724966212297296,0.04933836595179639,0.024916042629822333,2.828601812925828,0.8483366255513551
23,grid_0.5971,grid,0.5971,3022372.8856561296,grid,,1.35,0.5107205551884715,0.2742081854227005,0.04935354173412599,0.025836587218684093,2.786805056933189,0.8601178610272355
23,grid_0.6049,grid,0.6049,3276086.392271119,grid,,1.35,0.5127860822600423,0.27444145961826394,0.04935578463345858,0.02596233012394461,2.779941702415654,0.8617033007569862
23,grid_0.6500,grid,0.65,5120560.016562058,grid,,1.35,0.5245293343959709,0.2755556581756701,0.049367252196920064,0.026563668555706688,2.7410086988829603,0.8694518021636221
23,grid_0.7139,grid,0.7139,,grid,,1.35,0.541328119235977,0.2768565185309813,0.049385498649345286,0.027264033203750315,2.6838386654408923,0.8774737009564096
23,grid_0.7892,grid,0.7892,,grid,,1.35,0.5604669490977054,0.27780009818509316,0.049405821113485064,0.027767073438162315,2.617280691833393,0.8823332051258899
23,grid_0.8000,grid,0.8,,grid,,1.35,0.5630893324366346,0.2778464581082103,0.04940831220897754,0.027790342074299923,2.608225508863428,0.8824790447444992
23,grid_0.8904,grid,0.8904,,grid,,1.35,0.5848744772215153,0.277390308173182,0.04942503000401252,0.02752035306440037,2.5320125228301267,0.8782161574966876
23,grid_0.9500,grid,0.95,,grid,,1.35,0.5944553627113759,0.27665117877324163,0.04942162229763498,0.027114252418989127,2.5035866810933105,0.8746222541943801
23,grid_1.0112,grid,1.0112,,grid,,1.35,0.6036921707596309,0.2753611103967105,0.049410518764933443,0.026413222353975974,2.475396760650048,0.8681353003894714
23,rtp475,rtp,0.06997214650841514,475.0,grid,,1.4,0.3480531295250996,0.2521923159605239,0.049164624625795114,0.014436339603737594,3.174518757098573,0.6059002392031638
23,rtp2500,rtp,0.12450119721625721,2500.0,grid,,1.4,0.3742724623358232,0.25233355754296094,0.04916169177467643,0.014510532487610361,3.1459008909922708,0.6378183826744744
23,rtp5000,rtp,0.15249581980793944,5000.0,grid,,1.4,0.3860762739316141,0.2532028224586928,0.049167539571607195,0.014944129729441119,3.1306806746810096,0.6546913084670346
23,grid_0.1645,grid,0.1645,6477.617828219024,grid,,1.4,0.39085940915992506,0.25365205034569765,0.04917069226316318,0.015168670381413174,3.123854379735536,0.6619167311084474
23,rtp10000,rtp,0.18372485891022616,10000.0,grid,,1.4,0.39827065053571653,0.2544564579793293,0.04917626638308301,0.015571822624303178,3.11249991443386,0.6734089767664287
23,grid_0.2109,grid,0.2109,17234.11332575692,grid,,1.4,0.4082849756131018,0.25572432646657944,0.0491850199787202,0.0162099111680655,3.095598578473518,0.6894332780174423
23,grid_0.2423,grid,0.2423,30149.52670125085,grid,,1.4,0.4193165146792097,0.25733110684811816,0.04919600227096244,0.017023296280715167,3.0749594590227174,0.7075275499553634
23,grid_0.2700,grid,0.27,49043.354778421,grid,,1.4,0.4285992578170895,0.2588069821747372,0.04920602078082582,0.017775033241568927,3.0559408070998133,0.7230241354701411
23,grid_0.2850,grid,0.285,62534.80156277619,grid,,1.4,0.4334957700336158,0.2596303923363755,0.049211551584373486,0.0181963890403668,3.04532895613655,0.7312203197955837
23,grid_0.3100,grid,0.31,91254.80421853716,grid,,1.4,0.4414520396810254,0.2610266015155446,0.04922104700740768,0.018913839691347217,3.0272116042487096,0.7445932156250598
23,grid_0.3300,grid,0.33,120864.35483856642,grid,,1.4,0.44762345557946803,0.26215664994897225,0.049228737903319365,0.01949737120914863,3.012400579177009,0.7550593980150602
23,grid_0.3434,grid,0.3434,145175.52755764054,grid,,1.4,0.45174069444072157,0.2629165145863735,0.04923384584263876,0.01989124779960799,3.002306174299043,0.7618343968901194
23,grid_0.3600,grid,0.36,184560.36568413948,grid,,1.4,0.4567457726173619,0.2638760937355753,0.049240314098221695,0.020390278746924423,2.989602780014407,0.7701686884964445
23,grid_0.3649,grid,0.3649,197693.24354731053,grid,,1.4,0.45819587656634947,0.26416173939663656,0.049242240405550634,0.020539184155505902,2.985820077092063,0.7726232556991609
23,grid_0.4000,grid,0.4,315352.1859207217,grid,,1.4,0.4685204142874674,0.2661615434681783,0.04925558063720867,0.021586386584154293,2.958327014071996,0.7893695408561008
23,grid_0.4500,grid,0.45,573964.0547833235,grid,,1.4,0.48298511736883637,0.2690147042741866,0.04927446699752788,0.02309444411820019,2.917205371639425,0.811666240590605
23,grid_0.4898,grid,0.4898,883167.0557562006,grid,,1.4,0.4944405892863787,0.2712212589804305,0.04928982821556384,0.024271143107365917,2.8829004625372194,0.8276871991675336
23,grid_0.5000,grid,0.5,1003776.8843114723,grid,,1.4,0.49734814796192833,0.2717839413054035,0.04929382072112924,0.02457269003036977,2.87388055178881,0.8316471073191063
23,grid_0.5500,grid,0.55,1814342.2143354646,grid,,1.4,0.5118155254584656,0.27424972738741044,0.04931203435973196,0.025900878612336975,2.828601812925828,0.8483366255513551
23,grid_0.5971,grid,0.5971,3022372.8856561296,grid,,1.4,0.5251139660745167,0.2760398646501069,0.04932631830970886,0.02687168856634048,2.786805056933189,0.8601178610272355
23,grid_0.6049,grid,0.6049,3276086.392271119,grid,,1.4,0.5272868194716019,0.2762853451080548,0.0493284294474914,0.027005162473985544,2.779941702415654,0.8617033007569862
23,grid_0.6500,grid,0.65,5120560.016562058,grid,,1.4,0.5396417512684445,0.27746353408834606,0.04933922368540736,0.02764678906338741,2.7410086988829603,0.8694518021636221
23,grid_0.7139,grid,0.7139,,grid,,1.4,0.5572688686747502,0.278855046084723,0.04935639791379719,0.02840373881311581,2.6838386654408923,0.8774737009564096
23,grid_0.7892,grid,0.7892,,grid,,1.4,0.5773187108487186,0.27989351312252203,0.049375526557587576,0.028964852130479835,2.617280691833393,0.8823332051258899
23,grid_0.8000,grid,0.8,,grid,,1.4,0.5800676327663649,0.27995025523185957,0.049377871422366104,0.028994273982017205,2.608225508863428,0.8824790447444992
23,grid_0.8904,grid,0.8904,,grid,,1.4,0.6028894740762103,0.27955982799150697,0.04939360962436317,0.02876008780227779,2.5320125228301267,0.8782161574966876
23,grid_0.9500,grid,0.95,,grid,,1.4,0.6130698670692928,0.278827227800671,0.04939040643310467,0.02835421652990261,2.5035866810933105,0.8746222541943801
23,grid_1.0112,grid,1.0112,,grid,,1.4,0.6228965871068316,0.27752824860769126,0.04937996192402504,0.02764196685122744,2.475396760650048,0.8681353003894714
23,rtp475,rtp,0.06997214650841514,475.0,grid,,1.45,0.34436231175863624,0.25497566471914157,0.04982795746621815,0.015184632132749953,3.174518757098573,0.6059002392031638
23,rtp2500,rtp,0.12450119721625721,2500.0,grid,,1.45,0.3724728994781781,0.254875267059064,0.04982504201050987,0.015136359747919326,3.1459008909922708,0.6378183826744744
23,rtp5000,rtp,0.15249581980793944,5000.0,grid,,1.45,0.38502115915106117,0.2556768884418312,0.049830727187356955,0.015539944095939617,3.1306806746810096,0.6546913084670346
23,grid_0.1645,grid,0.1645,6477.617828219024,grid,,1.45,0.3900884962993496,0.2561028232078076,0.04983379489190043,0.01575486116310912,3.123854379735536,0.6619167311084474
23,rtp10000,rtp,0.18372485891022616,10000.0,grid,,1.45,0.3979207771327517,0.2568774653930722,0.04983922028394695,0.016146811942822054,3.11249991443386,0.6734089767664287
23,grid_0.2109,grid,0.2109,17234.11332575692,grid,,1.45,0.40846826297602834,0.25811543750396915,0.049847743530629166,0.016775835547236245,3.095598578473518,0.6894332780174423
23,grid_0.2423,grid,0.2423,30149.52670125085,grid,,1.45,0.4200435226266282,0.25970286763990275,0.04985843899911124,0.0175871404612776,3.0749594590227174,0.7075275499553634
23,grid_0.2700,grid,0.27,49043.354778421,grid,,1.45,0.4297501911862791,0.2611706481731353,0.049868196243455454,0.01834191122372017,3.0559408070998133,0.7230241354701411
23,grid_0.2850,grid,0.285,62534.80156277619,grid,,1.45,0.4348585980763123,0.2619936161377049,0.04987358282015865,0.018767072076752406,3.04532895613655,0.7312203197955837
23,grid_0.3100,grid,0.31,91254.80421853716,grid,,1.45,0.4431422489623707,0.2633934051698824,0.04988283255505785,0.019493253331928,3.0272116042487096,0.7445932156250598
23,grid_0.3300,grid,0.33,120864.35483856642,grid,,1.45,0.44955329466541294,0.2645293503868872,0.04989032474904084,0.020085452467067694,3.012400579177009,0.7550593980150602
23,grid_0.3434,grid,0.3434,145175.52755764054,grid,,1.45,0.4538261564216575,0.2652964554767539,0.04989530063865888,0.020486908649870378,3.002306174299043,0.7618343968901194
23,grid_0.3600,grid,0.36,184560.36568413948,grid,,1.45,0.45901233420888093,0.2662667205868587,0.04990160161393216,0.020996364878148127,2.989602780014407,0.7701686884964445
23,grid_0.3649,grid,0.3649,197693.24354731053,grid,,1.45,0.46051300744090945,0.26655566429355193,0.04990347808298537,0.021148444083991386,2.985820077092063,0.7726232556991609
23,grid_0.4000,grid,0.4,315352.1859207217,grid,,1.45,0.47118747964016183,0.26858561040858153,0.049916472591738856,0.022221757526811492,2.958327014071996,0.7893695408561008
23,grid_0.4500,grid,0.45,573964.0547833235,grid,,1.45,0.4860919799866717,0.2715016803072669,0.04993487115996344,0.02377829124970593,2.917205371639425,0.811666240590605
23,grid_0.4898,grid,0.4898,883167.0557562006,grid,,1.45,0.4978634108325383,0.2737736501349291,0.04994983908451473,0.025002172423687852,2.8829004625372194,0.8276871991675336
23,grid_0.5000,grid,0.5,1003776.8843114723,grid,,1.45,0.5008455041958139,0.27435488271353586,0.04995372936540867,0.025316872303349336,2.87388055178881,0.8316471073191063
23,grid_0.5500,grid,0.55,1814342.2143354646,grid,,1.45,0.5156769542824863,0.2769235018436957,0.04997147672472351,0.026715149148651807,2.828601812925828,0.8483366255513551
23,grid_0.5971,grid,0.5971,3022372.8856561296,grid,,1.45,0.5293104534678739,0.27881417946242915,0.049985395106631574,0.02775195156267607,2.786805056933189,0.8601178610272355
23,grid_0.6049,grid,0.6049,3276086.392271119,grid,,1.45,0.5315375177976602,0.27907660061092043,0.0499874522284571,0.02789629678009009,2.779941702415654,0.8617033007569862
23,grid_0.6500,grid,0.65,5120560.016562058,grid,,1.45,0.5442111313763641,0.28034793112084017,0.04999797038969025,0.028596992094045093,2.7410086988829603,0.8694518021636221
23,grid_0.7139,grid,0.7139,,grid,,1.45,0.5622760058918079,0.28188441086269517,0.05001470509817771,0.029444115989231023,2.6838386654408923,0.8774737009564096
23,grid_0.7892,grid,0.7892,,grid,,1.45,0.5828131189979394,0.28309455575248693,0.0500333443302285,0.030109183166469433,2.617280691833393,0.8823332051258899
23,grid_0.8000,grid,0.8,,grid,,1.45,0.5856315773569033,0.28317387952751877,0.05003562923370076,0.03015181681296497,2.608225508863428,0.8824790447444992
23,grid_0.8904,grid,0.8904,,grid,,1.45,0.6090274155335038,0.2829634517157901,0.050050965529691745,0.030017349477222566,2.5320125228301267,0.8782161574966876
23,grid_0.9500,grid,0.95,,grid,,1.45,0.6195596999563315,0.2822840477934994,0.05004784562272327,0.029636438015959388,2.5035866810933105,0.8746222541943801
23,grid_1.0112,grid,1.0112,,grid,,1.45,0.629717440883516,0.28102152818448517,0.050037670410523045,0.028935428892620352,2.475396760650048,0.8681353003894714
23,rtp475,rtp,0.06997214650841514,475.0,grid,,1.5,0.34000664713074574,0.25741154808661,0.05028830082870791,0.015972404259637238,3.174518757098573,0.6059002392031638
23,rtp2500,rtp,0.12450119721625721,2500.0,grid,,1.5,0.37010037697883663,0.2570535662055605,0.05028540909781807,0.015791126801178418,3.1459008909922708,0.6378183826744744
23,rtp5000,rtp,0.15249581980793944,5000.0,grid,,1.5,0.38342577271402795,0.25778447700641893,0.05029092261664877,0.01616191396882416,3.1306806746810096,0.6546913084670346
23,grid_0.1645,grid,0.1645,6477.617828219024,grid,,1.5,0.38878960888810055,0.25818625041984344,0.05029390038657253,0.01636623951928559,3.123854379735536,0.6619167311084474
23,rtp10000,rtp,0.18372485891022616,10000.0,grid,,1.5,0.3970609569915845,0.25893020147424445,0.05029916826079445,0.016745680974698363,3.11249991443386,0.6734089767664287
23,grid_0.2109,grid,0.2109,17234.11332575692,grid,,1.5,0.40816430057486514,0.26013762235186483,0.05030744725130171,0.017364135311579737,3.095598578473518,0.6894332780174423
23,grid_0.2423,grid,0.2423,30149.52670125085,grid,,1.5,0.4203063909556654,0.2617056542664826,0.05031783838098737,0.01817201109406036,3.0749594590227174,0.7075275499553634
23,grid_0.2700,grid,0.27,49043.354778421,grid,,1.5,0.4304552799473987,0.2631655667606269,0.05032731835760219,0.01892879717083981,3.0559408070998133,0.7230241354701411
23,grid_0.2850,grid,0.285,62534.80156277619,grid,,1.5,0.4357848195360468,0.263988314061636,0.05033255187146459,0.019357278089640356,3.04532895613655,0.7312203197955837
23,grid_0.3100,grid,0.31,91254.80421853716,grid,,1.5,0.44441038924982784,0.2653920994047011,0.0503415406747876,0.02009142575164713,3.0272116042487096,0.7445932156250598
23,grid_0.3300,grid,0.33,120864.35483856642,grid,,1.5,0.4510720416089558,0.26653427994657103,0.05034882179987226,0.02069170058676484,3.012400579177009,0.7550593980150602
23,grid_0.3434,grid,0.3434,145175.52755764054,grid,,1.5,0.4555075527282044,0.26730895203087235,0.05035365742885818,0.02110041840698504,3.002306174299043,0.7618343968901194
23,grid_0.3600,grid,0.36,184560.36568413948,grid,,1.5,0.4608832616181085,0.2682902902003992,0.05035978072815747,0.021619899087656935,2.989602780014407,0.7701686884964445
23,grid_0.3649,grid,0.3649,197693.24354731053,grid,,1.5,0.46243694714049205,0.2685826321583754,0.050361604263283656,0.021775026033837547,2.985820077092063,0.7726232556991609
23,grid_0.4000,grid,0.4,315352.1859207217,grid,,1.5,0.47347808364175353,0.27064353104667677,0.05037423160868144,0.02287368928873207,2.958327014071996,0.7893695408561008
23,grid_0.4500,grid,0.45,573964.0547833235,grid,,1.5,0.4888445289880931,0.27362350036998695,0.05039211192467018,0.024477708030054085,2.917205371639425,0.811666240590605
23,grid_0.4898,grid,0.4898,883167.0557562006,grid,,1.5,0.5009483413391032,0.2759613866100657,0.05040666167699725,0.02574802522275288,2.8829004625372194,0.8276871991675336
23,grid_0.5000,grid,0.5,1003776.8843114723,grid,,1.5,0.5040090656025251,0.27656125281276783,0.05041044327090831,0.026075683286459372,2.87388055178881,0.8316471073191063
23,grid_0.5500,grid,0.55,1814342.2143354646,grid,,1.5,0.519223731211223,0.27923273192760617,0.050427694813768756,0.027543223765985614,2.828601812925828,0.8483366255513551
23,grid_0.5971,grid,0.5971,3022372.8856561296,grid,,1.5,0.5332090802995291,0.28122335845998214,0.050441224369076,0.0286453529744356,2.786805056933189,0.8601178610272355
23,grid_0.6049,grid,0.6049,3276086.392271119,grid,,1.5,0.5354930426730683,0.2815025354515604,0.05044322402504224,0.02880045344061477,2.779941702415654,0.8617033007569862
23,grid_0.6500,grid,0.65,5120560.016562058,grid,,1.5,0.548500222285056,0.2828661047526995,0.050453448377599575,0.02955978484036559,2.7410086988829603,0.8694518021636221
23,grid_0.7139,grid,0.7139,,grid,,1.5,0.5670224937697386,0.2845457486916086,0.050469715584981124,0.03049656751348695,2.6838386654408923,0.8774737009564096
23,grid_0.7892,grid,0.7892,,grid,,1.5,0.5880681621281403,0.2859244124214441,0.05048783413586124,0.03126493548268683,2.617280691833393,0.8823332051258899
23,grid_0.8000,grid,0.8,,grid,,1.5,0.5909590302948624,0.2860257735367026,0.05049005521691166,0.031320687910357414,2.608225508863428,0.8824790447444992
23,grid_0.8904,grid,0.8904,,grid,,1.5,0.614951886264727,0.2859896785594107,0.05050496322392668,0.031285133018588374,2.5320125228301267,0.8782161574966876
23,grid_0.9500,grid,0.95,,grid,,1.5,0.6258495129496886,0.2853606631444498,0.05050193068865804,0.030928777381582118,2.5035866810933105,0.8746222541943801
23,grid_1.0112,grid,1.0112,,grid,,1.5,0.6363522932442658,0.2841312207659155,0.05049204005373499,0.030238510560194443,2.475396760650048,0.8681353003894714
23,rtp475,rtp,0.06997214650841514,475.0,grid,,1.55,0.3354634223613382,0.2596168346158782,0.0505626395890477,0.016838261226920545,3.174518757098573,0.6059002392031638
23,rtp2500,rtp,0.12450119721625721,2500.0,grid,,1.55,0.36753304345745874,0.2589934048642772,0.05055977738474802,0.016517806378443384,3.1459008909922708,0.6378183826744744
23,rtp5000,rtp,0.15249581980793944,5000.0,grid,,1.55,0.3816364379278328,0.25965537676985323,0.050565112078326355,0.01685580260716807,3.1306806746810096,0.6546913084670346
23,grid_0.1645,grid,0.1645,6477.617828219024,grid,,1.55,0.387297768765834,0.26003427607372087,0.05056799595735286,0.01704982877583122,3.123854379735536,0.6619167311084474
23,rtp10000,rtp,0.18372485891022616,10000.0,grid,,1.55,0.396010433759777,0.26075015059217005,0.050573099266615164,0.01741754176722421,3.11249991443386,0.6734089767664287
23,grid_0.2109,grid,0.2109,17234.11332575692,grid,,1.55,0.40767397318906795,0.261931487422817,0.05058112281190531,0.018026981291624028,3.095598578473518,0.6894332780174423
23,grid_0.2423,grid,0.2423,30149.52670125085,grid,,1.55,0.4203892649318432,0.26348609250518845,0.050591195484908084,0.01883372545874462,3.0749594590227174,0.7075275499553634
23,grid_0.2700,grid,0.27,49043.354778421,grid,,1.55,0.430986988926665,0.2649436910930397,0.05060038528992768,0.019594774160076378,3.0559408070998133,0.7230241354701411
23,grid_0.2850,grid,0.285,62534.80156277619,grid,,1.55,0.43654158483496525,0.26576932346106347,0.050605458615592284,0.020027874677359087,3.04532895613655,0.7312203197955837
23,grid_0.3100,grid,0.31,91254.80421853716,grid,,1.55,0.44551607118837017,0.2671822908946092,0.050614174171129525,0.02077220239656205,3.0272116042487096,0.7445932156250598
23,grid_0.3300,grid,0.33,120864.35483856642,grid,,1.55,0.4524343083538159,0.26833484741844665,0.05062123423103546,0.02138235610804559,3.012400579177009,0.7550593980150602
23,grid_0.3434,grid,0.3434,145175.52755764054,grid,,1.55,0.4570366154966897,0.2691198929297068,0.05062592296342968,0.02179959380706714,3.002306174299043,0.7618343968901194
23,grid_0.3600,grid,0.36,184560.36568413948,grid,,1.55,0.4626072051804005,0.27011579612870196,0.050631860185884635,0.022330683132357837,2.989602780014407,0.7701686884964445
23,grid_0.3649,grid,0.3649,197693.24354731053,grid,,1.55,0.46421552852181414,0.27041255987925583,0.05063362828567357,0.022489324254778564,2.985820077092063,0.7726232556991609
23,grid_0.4000,grid,0.4,315352.1859207217,grid,,1.55,0.47563530943463733,0.27251155759497314,0.05064587114873912,0.02361667787409924,2.958327014071996,0.7893695408561008
23,grid_0.4500,grid,0.45,573964.0547833235,grid,,1.55,0.491482415541717,0.2755650694872479,0.05066320858466818,0.02527289893684359,2.917205371639425,0.811666240590605
23,grid_0.4898,grid,0.4898,883167.0557562006,grid,,1.55,0.5039346038872833,0.27797566814341745,0.050677320008633765,0.026593152071145598,2.8829004625372194,0.8276871991675336
23,grid_0.5000,grid,0.5,1003776.8843114723,grid,,1.55,0.5070782429185637,0.2785958173868332,0.05068098768021656,0.026934641785221147,2.87388055178881,0.8316471073191063
23,grid_0.5500,grid,0.55,1814342.2143354646,grid,,1.55,0.5226976865250424,0.281376738047446,0.05069771947376141,0.02847514924045963,2.828601812925828,0.8483366255513551
23,grid_0.5971,grid,0.5971,3022372.8856561296,grid,,1.55,0.5370548668901967,0.28347118926631665,0.05071084135067298,0.029645073793386933,2.786805056933189,0.8601178610272355
23,grid_0.6049,grid,0.6049,3276086.392271119,grid,,1.55,0.5393990275870083,0.28376752405361944,0.0507127807437041,0.029811226963817383,2.779941702415654,0.8617033007569862
23,grid_0.6500,grid,0.65,5120560.016562058,grid,,1.55,0.5527582915416553,0.2852251337754764,0.050722696904909534,0.030630680032328883,2.7410086988829603,0.8694518021636221
23,grid_0.7139,grid,0.7139,,grid,,1.55,0.5717648103304499,0.2870487292812181,0.05073847393042472,0.03165849905153734,2.6838386654408923,0.8774737009564096
23,grid_0.7892,grid,0.7892,,grid,,1.55,0.5933501560096505,0.2885940947744329,0.050756046447022224,0.03253050509165212,2.617280691833393,0.8823332051258899
23,grid_0.8000,grid,0.8,,grid,,1.55,0.5963176328525961,0.2887169131873114,0.05075820057321813,0.032599255387191384,2.608225508863428,0.8824790447444992
23,grid_0.8904,grid,0.8904,,grid,,1.55,0.6209428045253176,0.2888469586385713,0.0507726588566738,0.03265990665807872,2.5320125228301267,0.8782161574966876
23,grid_0.9500,grid,0.95,,grid,,1.55,0.6322192934374216,0.2882636600140098,0.05076971693119892,0.032326220753473744,2.5035866810933105,0.8746222541943801
23,grid_1.0112,grid,1.0112,,grid,,1.55,0.6430814256324139,0.28706098138157843,0.050760123144365926,0.03164388388738898,2.475396760650048,0.8681353003894714
23,rtp475,rtp,0.06997214650841514,475.0,grid,,1.6,0.33110094644623905,0.26163074851127555,0.050643111690212725,0.017807536876357596,3.174518757098573,0.6059002392031638
23,rtp2500,rtp,0.12450119721625721,2500.0,grid,,1.6,0.36506668506318063,0.2607397851181499,0.05064028577807513,0.017344949765383838,3.1459008909922708,0.6378183826744744
23,rtp5000,rtp,0.15249581980793944,5000.0,grid,,1.6,0.37992529251208523,0.26133793868333943,0.05064543374888515,0.01765208444637173,3.1306806746810096,0.6546913084670346
23,grid_0.1645,grid,0.1645,6477.617828219024,grid,,1.6,0.3858766483587681,0.26169673923690634,0.05064821936199154,0.017836963965237818,3.123854379735536,0.6619167311084474
23,rtp10000,rtp,0.18372485891022616,10000.0,grid,,1.6,0.3950209781627221,0.26238960120820987,0.05065315030442216,0.018195152517781255,3.11249991443386,0.6734089767664287
23,grid_0.2109,grid,0.2109,17234.11332575692,grid,,1.6,0.4072350430470657,0.26355287896355273,0.05066090600215447,0.018799214007822584,3.095598578473518,0.6894332780174423
23,grid_0.2423,grid,0.2423,30149.52670125085,grid,,1.6,0.4205169129762127,0.26510423174774145,0.050670644558985144,0.019609609131575056,3.0749594590227174,0.7075275499553634
23,grid_0.2700,grid,0.27,49043.354778421,grid,,1.6,0.43156083105022114,0.26656881290780415,0.05067952988046735,0.020379402134608537,3.0559408070998133,0.7230241354701411
23,grid_0.2850,grid,0.285,62534.80156277619,grid,,1.6,0.43734011605090384,0.2674024729687772,0.05068443511539484,0.0208196474344228,3.04532895613655,0.7312203197955837
23,grid_0.3100,grid,0.31,91254.80421853716,grid,,1.6,0.44666430733091683,0.2688331903920771,0.050692863757466844,0.021578420498915923,3.0272116042487096,0.7445932156250598
23,grid_0.3300,grid,0.33,120864.35483856642,grid,,1.6,0.4538408798578214,0.2700029719681731,0.0506996916618325,0.022201913209813573,3.012400579177009,0.7550593980150602
23,grid_0.3434,grid,0.3434,145175.52755764054,grid,,1.6,0.45861162953851903,0.27080296989421954,0.05070422613574027,0.0226300223677893,3.002306174299043,0.7618343968901194
23,grid_0.3600,grid,0.36,184560.36568413948,grid,,1.6,0.46437969937596274,0.2718191573221909,0.0507099679617904,0.023175686325555583,2.989602780014407,0.7701686884964445
23,grid_0.3649,grid,0.3649,197693.24354731053,grid,,1.6,0.4660435405379137,0.27212203033754495,0.05071167785147115,0.023338721543556568,2.985820077092063,0.7726232556991609
23,grid_0.4000,grid,0.4,315352.1859207217,grid,,1.6,0.47784939102769497,0.27427084715640354,0.05072351702805555,0.024500980571835723,2.958327014071996,0.7893695408561008
23,grid_0.4500,grid,0.45,573964.0547833235,grid,,1.6,0.4941917378690364,0.2774138834677713,0.0507402842798877,0.026218178460782504,2.917205371639425,0.811666240590605
23,grid_0.4898,grid,0.4898,883167.0557562006,grid,,1.6,0.5070066246324073,0.2799086792584469,0.05075393501151001,0.02759493371269811,2.8829004625372194,0.8276871991675336
23,grid_0.5000,grid,0.5,1003776.8843114723,grid,,1.6,0.5102372423188161,0.28055193703093484,0.050757482951106284,0.027951906420703332,2.87388055178881,0.8316471073191063
23,grid_0.5500,grid,0.55,1814342.2143354646,grid,,1.6,0.5262829980403391,0.28345390420364847,0.050773668449411814,0.029572447358879317,2.828601812925828,0.8483366255513551
23,grid_0.5971,grid,0.5971,3022372.8856561296,grid,,1.6,0.5410326598062167,0.28565960959293896,0.0507863617584226,0.030815050794367693,2.786805056933189,0.8601178610272355
23,grid_0.6049,grid,0.6049,3276086.392271119,grid,,1.6,0.5434404943972098,0.28597398940655816,0.05078823779179098,0.030992884825311262,2.779941702415654,0.8617033007569862
23,grid_0.6500,grid,0.65,5120560.016562058,grid,,1.6,0.5571714662594842,0.28752971829161506,0.05079782985824756,0.03187550904260794,2.7410086988829603,0.8694518021636221
23,grid_0.7139,grid,0.7139,,grid,,1.6,0.5766920830795725,0.28950043953396276,0.05081309157312994,0.032997412917227686,2.6838386654408923,0.8774737009564096
23,grid_0.7892,grid,0.7892,,grid,,1.6,0.598852778510448,0.2912123350810517,0.05083008998841757,0.03397453411494117,2.617280691833393,0.8823332051258899
23,grid_0.8000,grid,0.8,,grid,,1.6,0.6019016723649424,0.2913561017946134,0.05083217369807548,0.03405620435487766,2.608225508863428,0.8824790447444992
23,grid_0.8904,grid,0.8904,,grid,,1.6,0.6272004256236565,0.29164315728305457,0.05084615867106337,0.034209572518965115,2.5320125228301267,0.8782161574966876
23,grid_0.9500,grid,0.95,,grid,,1.6,0.6388681837521614,0.29109993149574337,0.05084331118909736,0.03389585892772912,2.5035866810933105,0.8746222541943801
23,grid_1.0112,grid,1.0112,,grid,,1.6,0.6501030585842514,0.2899159942076974,0.05083402822343243,0.033217255474005225,2.475396760650048,0.8681353003894714
23,rtp475,rtp,0.06997214650841514,475.0,grid,,1.65,0.3165973485145923,0.26230349193608093,0.050552233749512065,0.018250888132349596,3.174518757098573,0.6059002392031638
23,rtp2500,rtp,0.12450119721625721,2500.0,grid,,1.65,0.3498579353965042,0.26165438226135723,0.05054932802073334,0.017913687735839123,3.1459008909922708,0.6378183826744744
23,rtp5000,rtp,0.15249581980793944,5000.0,grid,,1.65,0.3645477973436329,0.2623894474131545,0.05055473148818486,0.01829349062559571,3.1306806746810096,0.6546913084670346
23,grid_0.1645,grid,0.1645,6477.617828219024,grid,,1.65,0.37045024263654347,0.2628084393582783,0.05055765282397716,0.01851062297395667,3.123854379735536,0.6619167311084474
23,rtp10000,rtp,0.18372485891022616,10000.0,grid,,1.65,0.37953928779006996,0.2635987193248755,0.05056282257759097,0.018921462252123517,3.11249991443386,0.6734089767664287
23,grid_0.2109,grid,0.2109,17234.11332575692,grid,,1.65,0.39171475649656967,0.2649011930619444,0.05057095086122558,0.019601691224415935,3.095598578473518,0.6894332780174423
23,grid_0.2423,grid,0.2423,30149.52670125085,grid,,1.65,0.4049976045737361,0.2666138408782186,0.050581155219298166,0.02050178492853791,3.0749594590227174,0.7075275499553634
23,grid_0.2700,grid,0.27,49043.354778421,grid,,1.65,0.41607404436799944,0.26821938396104134,0.05059046515004084,0.021351172782399674,3.0559408070998133,0.7230241354701411
23,grid_0.2850,grid,0.285,62534.80156277619,grid,,1.65,0.42188145134768446,0.2691285074150312,0.05059560478615912,0.02183454871728338,3.04532895613655,0.7312203197955837
23,grid_0.3100,grid,0.31,91254.80421853716,grid,,1.65,0.4312670387933238,0.2706841850239541,0.05060443437073439,0.022665493651347818,3.0272116042487096,0.7445932156250598
23,grid_0.3300,grid,0.33,120864.35483856642,grid,,1.65,0.4385045267987635,0.27195292413646316,0.05061158677840454,0.02334680616796833,3.012400579177009,0.7550593980150602
23,grid_0.3434,grid,0.3434,145175.52755764054,grid,,1.65,0.44332059016246456,0.2728170207601188,0.05061633683415272,0.023812789982274374,3.002306174299043,0.7618343968901194
23,grid_0.3600,grid,0.36,184560.36568413948,grid,,1.65,0.4491511187831303,0.27391265814289856,0.05062235170317756,0.024405792587730846,2.989602780014407,0.7701686884964445
23,grid_0.3649,grid,0.3649,197693.24354731053,grid,,1.65,0.45083471506173056,0.2742390757381295,0.05062414292264903,0.024582927739054516,2.985820077092063,0.7726232556991609
23,grid_0.4000,grid,0.4,315352.1859207217,grid,,1.65,0.4627919176214777,0.2765480272629906,0.05063654573515442,0.025842265647897378,2.958327014071996,0.7893695408561008
23,grid_0.4500,grid,0.45,573964.0547833235,grid,,1.65,0.4793884962378621,0.2799041879400903,0.05065410959538555,0.027692244831015844,2.917205371639425,0.811666240590605
23,grid_0.4898,grid,0.4898,883167.0557562006,grid,,1.65,0.4924321444891414,0.2825533223418525,0.05066840563501658,0.029167974331402224,2.8829004625372194,0.8276871991675336
23,grid_0.5000,grid,0.5,1003776.8843114723,grid,,1.65,0.4957259682943841,0.28323473255667386,0.05067212130526377,0.0295497924211868,2.87388055178881,0.8316471073191063
23,grid_0.5500,grid,0.55,1814342.2143354646,grid,,1.65,0.5120877218519674,0.28629406011736264,0.05068907184013777,0.03127521701834629,2.828601812925828,0.8483366255513551
23,grid_0.5971,grid,0.5971,3022372.8856561296,grid,,1.65,0.5271278189597223,0.28860715054772457,0.0507023648854602,0.03259172246181674,2.786805056933189,0.8601178610272355
23,grid_0.6049,grid,0.6049,3276086.392271119,grid,,1.65,0.5295829970210952,0.2889356793235243,0.05070432952713746,0.03277949725900903,2.779941702415654,0.8617033007569862
23,grid_0.6500,grid,0.65,5120560.016562058,grid,,1.65,0.5435828507488712,0.29055503220185797,0.05071437441097297,0.03370785232684975,2.7410086988829603,0.8694518021636221
23,grid_0.7139,grid,0.7139,,grid,,1.65,0.5635132890577058,0.2925845625441681,0.050730357173443284,0.03487536906571892,2.6838386654408923,0.8774737009564096
23,grid_0.7892,grid,0.7892,,grid,,1.65,0.5861656955440283,0.2943151559483995,0.05074815843269191,0.03587325258823881,2.617280691833393,0.8823332051258899
23,grid_0.8000,grid,0.8,,grid,,1.65,0.5892807339531172,0.29445618687805,0.050750340487354224,0.035954105503406886,2.608225508863428,0.8824790447444992
23,grid_0.8904,grid,0.8904,,grid,,1.65,0.6151270214485658,0.2946590278889706,0.05076498433762726,0.03605895837884587,2.5320125228301267,0.8782161574966876
23,grid_0.9500,grid,0.95,,grid,,1.65,0.6269618242846741,0.29405584837028814,0.050761999492319035,0.03570684246845085,2.5035866810933105,0.8746222541943801
23,grid_1.0112,grid,1.0112,,grid,,1.65,0.6383473747892263,0.2927766165983213,0.050752273594734686,0.034965873632025746,2.475396760650048,0.8681353003894714
23,rtp475,rtp,0.06997214650841514,475.0,grid,,1.7,0.3025324375019104,0.2628529656918519,0.05033496927871264,0.018756712294289254,3.174518757098573,0.6059002392031638
23,rtp2500,rtp,0.12450119721625721,2500.0,grid,,1.7,0.33509734000029173,0.26245010036719874,0.050331995299917213,0.01854805988283549,3.1459008909922708,0.6378183826744744
23,rtp5000,rtp,0.15249581980793944,5000.0,grid,,1.7,0.34962520216993814,0.2633273423977994,0.05033761934256477,0.019003669911723114,3.1306806746810096,0.6546913084670346
23,grid_0.1645,grid,0.1645,6477.617828219024,grid,,1.7,0.3554817052233668,0.2638090465430072,0.05034065782311153,0.019254555214819002,3.123854379735536,0.6619167311084474
23,rtp10000,rtp,0.18372485891022616,10000.0,grid,,1.7,0.36452033435943526,0.26470109218950905,0.05034603368404126,0.019720634522277708,3.11249991443386,0.6734089767664287
23,grid_0.2109,grid,0.2109,17234.11332575692,grid,,1.7,0.376664182823755,0.266149300684424,0.05035448347701495,0.020480966777792986,3.095598578473518,0.6894332780174423
23,grid_0.2423,grid,0.2423,30149.52670125085,grid,,1.7,0.3899561225976537,0.26803114557461716,0.05036508974945759,0.021475605248584023,3.0749594590227174,0.7075275499553634
23,grid_0.2700,grid,0.27,49043.354778421,grid,,1.7,0.40107214637964334,0.2697846473918312,0.05037476602891551,0.0224089899394192,3.0559408070998133,0.7230241354701411
23,grid_0.2850,grid,0.285,62534.80156277619,grid,,1.7,0.4069114884116038,0.2707730340333947,0.05038010790167164,0.022937928057978285,3.04532895613655,0.7312203197955837
23,grid_0.3100,grid,0.31,91254.80421853716,grid,,1.7,0.416364714866466,0.2724598854295514,0.05038928336245996,0.02384510580582433,3.0272116042487096,0.7445932156250598
23,grid_0.3300,grid,0.33,120864.35483856642,grid,,1.7,0.4236679690701371,0.27383243959532316,0.05039671568479323,0.024587489289933068,3.012400579177009,0.7550593980150602
23,grid_0.3434,grid,0.3434,145175.52755764054,grid,,1.7,0.42853268474788814,0.27476385412631016,0.05040165170159273,0.02509352383275154,3.002306174299043,0.7618343968901194
23,grid_0.3600,grid,0.36,184560.36568413948,grid,,1.7,0.43442970011155485,0.27594289574534214,0.0504079020986116,0.025736579613713173,2.989602780014407,0.7701686884964445
23,grid_0.3649,grid,0.3649,197693.24354731053,grid,,1.7,0.43613420140481207,0.27629400932345227,0.05040976347328279,0.025928616114745118,2.985820077092063,0.7726232556991609
23,grid_0.4000,grid,0.4,315352.1859207217,grid,,1.7,0.4482512148998102,0.27877103062242986,0.05042265245877625,0.02729063505551546,2.958327014071996,0.7893695408561008
23,grid_0.4500,grid,0.45,573964.0547833235,grid,,1.7,0.46511419984806507,0.28235100427696597,0.050440903342682246,0.029281186273528992,2.917205371639425,0.811666240590605
23,grid_0.4898,grid,0.4898,883167.0557562006,grid,,1.7,0.4783965391689177,0.28516208035438567,0.05045575587094028,0.030861656201100818,2.8829004625372194,0.8276871991675336
23,grid_0.5000,grid,0.5,1003776.8843114723,grid,,1.7,0.48175607626281985,0.285883481275369,0.05045961619104703,0.03126974867507723,2.87388055178881,0.8316471073191063
23,grid_0.5500,grid,0.55,1814342.2143354646,grid,,1.7,0.49844714071113133,0.2891080700238738,0.05047722640944539,0.03310624974348372,2.828601812925828,0.8483366255513551
23,grid_0.5971,grid,0.5971,3022372.8856561296,grid,,1.7,0.5137906504560215,0.2915339936166445,0.050491036469190176,0.03450103296487955,2.786805056933189,0.8601178610272355
23,grid_0.6049,grid,0.6049,3276086.392271119,grid,,1.7,0.51629536176482,0.29187739217554315,0.05049307748004521,0.03469933458315061,2.779941702415654,0.8617033007569862
23,grid_0.6500,grid,0.65,5120560.016562058,grid,,1.7,0.5305768239618952,0.2935637360137359,0.05050351250497726,0.03567615459736517,2.7410086988829603,0.8694518021636221
23,grid_0.7139,grid,0.7139,,grid,,1.7,0.5509353839844201,0.2956551815154832,0.05052011683751687,0.03689186951943646,2.6838386654408923,0.8774737009564096
23,grid_0.7892,grid,0.7892,,grid,,1.7,0.5741005555977591,0.297405550702282,0.0505386100324762,0.03791145155605141,2.617280691833393,0.8823332051258899
23,grid_0.8000,grid,0.8,,grid,,1.7,0.5772846950466572,0.2975437016409546,0.050540876807014884,0.037991377579186525,2.608225508863428,0.8824790447444992
23,grid_0.8904,grid,0.8904,,grid,,1.7,0.6037041281656105,0.29765839284740214,0.05055608759226374,0.038044431240234655,2.5320125228301267,0.8782161574966876
23,grid_0.9500,grid,0.95,,grid,,1.7,0.6157181761455842,0.2969926209163589,0.050552982744073945,0.037651634134694134,2.5035866810933105,0.8746222541943801
23,grid_1.0112,grid,1.0112,,grid,,1.7,0.6272673067453554,0.2956141416267229,0.05054287258124774,0.036844848148456455,2.475396760650048,0.8681353003894714
23,rtp475,rtp,0.06997214650841514,475.0,grid,,1.75,0.28876799431588984,0.2632609416908838,0.05001151482940565,0.019294808590565288,3.174518757098573,0.6059002392031638
23,rtp2500,rtp,0.12450119721625721,2500.0,grid,,1.75,0.32062732085425244,0.2631024144375694,0.050008483490354104,0.01921439699252439,3.1459008909922708,0.6378183826744744
23,rtp5000,rtp,0.15249581980793944,5000.0,grid,,1.75,0.33499012704540837,0.26412301881303557,0.05001429484704205,0.019746674219869087,3.1306806746810096,0.6546913084670346
23,grid_0.1645,grid,0.1645,6477.617828219024,grid,,1.75,0.3407994339813913,0.2646681349479852,0.050017432782963195,0.020031788873881698,3.123854379735536,0.6619167311084474
23,rtp10000,rtp,0.18372485891022616,10000.0,grid,,1.75,0.3497856941621598,0.26566331376271907,0.05002298361451419,0.020554012664874707,3.11249991443386,0.6734089767664287
23,grid_0.2109,grid,0.2109,17234.11332575692,grid,,1.75,0.36189512597799667,0.267259508046146,0.050031706295847016,0.021395938345220966,3.095598578473518,0.6894332780174423
23,grid_0.2423,grid,0.2423,30149.52670125085,grid,,1.75,0.37519280358876905,0.26931347342022866,0.05004265367233599,0.022487093293332233,3.0749594590227174,0.7075275499553634
23,grid_0.2700,grid,0.27,49043.354778421,grid,,1.75,0.3863452156340206,0.2712175963475239,0.05005264084786163,0.02350634372066679,3.0559408070998133,0.7230241354701411
23,grid_0.2850,grid,0.285,62534.80156277619,grid,,1.75,0.39221468557070255,0.27228672859671343,0.050058154343088114,0.024081908226812165,3.04532895613655,0.7312203197955837
23,grid_0.3100,grid,0.31,91254.80421853716,grid,,1.75,0.40173234201961117,0.274107167677092,0.0500676232742282,0.025067116097729214,3.0272116042487096,0.7445932156250598
23,grid_0.3300,grid,0.33,120864.35483856642,grid,,1.75,0.40909858392284965,0.2755854074296453,0.05007529307877451,0.025872023709389097,3.012400579177009,0.7550593980150602
23,grid_0.3434,grid,0.3434,145175.52755764054,grid,,1.75,0.4140101494067412,0.2765854327302079,0.0500803868680126,0.026419114730543758,3.002306174299043,0.7618343968901194
23,grid_0.3600,grid,0.36,184560.36568413948,grid,,1.75,0.4199712534075116,0.2778494532374055,0.05008683709175578,0.027113481572569403,2.989602780014407,0.7701686884964445
23,grid_0.3649,grid,0.3649,197693.24354731053,grid,,1.75,0.42169590050072253,0.27822571119955763,0.0500887579872773,0.02732078838522234,2.985820077092063,0.7726232556991609
23,grid_0.4000,grid,0.4,315352.1859207217,grid,,1.75,0.43396744496588024,0.2808739998228223,0.050102059428693,0.028788144347777767,2.958327014071996,0.7893695408561008
23,grid_0.4500,grid,0.45,573964.0547833235,grid,,1.75,0.45108873635627755,0.28468226536670294,0.050120893060822735,0.030923099153495143,2.917205371639425,0.811666240590605
23,grid_0.4898,grid,0.4898,883167.0557562006,grid,,1.75,0.46460306333670337,0.28765864011506215,0.05013621756948802,0.03261127566335881,2.8829004625372194,0.8276871991675336
23,grid_0.5000,grid,0.5,1003776.8843114723,grid,,1.75,0.46802647047638934,0.2884208539469931,0.05014020057854109,0.03304638841297164,2.87388055178881,0.8316471073191063
23,grid_0.5500,grid,0.55,1814342.2143354646,grid,,1.75,0.4850385296237502,0.29181477505767833,0.050158370245393415,0.03499749269656999,2.828601812925828,0.8483366255513551
23,grid_0.5971,grid,0.5971,3022372.8856561296,grid,,1.75,0.5006785878124475,0.2943570049790269,0.05017261862667709,0.036473427753545784,2.786805056933189,0.8601178610272355
23,grid_0.6049,grid,0.6049,3276086.392271119,grid,,1.75,0.5032317660670881,0.29471582138635793,0.05017472436505832,0.0366826910103773,2.779941702415654,0.8617033007569862
23,grid_0.6500,grid,0.65,5120560.016562058,grid,,1.75,0.5177893075911376,0.2964721134115371,0.050185489924744885,0.03771022410595842,2.7410086988829603,0.8694518021636221
23,grid_0.7139,grid,0.7139,,grid,,1.75,0.5385682365147134,0.29862950172688485,0.050202621196755545,0.03897695810489199,2.6838386654408923,0.8774737009564096
23,grid_0.7892,grid,0.7892,,grid,,1.75,0.5622374595833323,0.3004038515742671,0.05022170083442346,0.04002077320623082,2.617280691833393,0.8823332051258899
23,grid_0.8000,grid,0.8,,grid,,1.75,0.5654896324418364,0.3005396482798431,0.05022403937206195,0.04010004081610985,2.608225508863428,0.8824790447444992
23,grid_0.8904,grid,0.8904,,grid,,1.75,0.5924742706192507,0.3005701419367598,0.05023972971167938,0.04010268051220456,2.5320125228301267,0.8782161574966876
23,grid_0.9500,grid,0.95,,grid,,1.75,0.6046658719055796,0.2998431053550907,0.0502365215004526,0.03966936632853141,2.5035866810933105,0.8746222541943801
23,grid_1.0112,grid,1.0112,,grid,,1.75,0.6163771354920566,0.29836627483525063,0.05022608307297653,0.038796350886087794,2.475396760650048,0.8681353003894714
23,rtp475,rtp,0.06997214650841514,475.0,grid,,1.8,0.275288447864355,0.2635305063803653,0.049587335392932294,0.01986099240015947,3.174518757098573,0.6059002392031638
23,rtp2500,rtp,0.12450119721625721,2500.0,grid,,1.8,0.306434702692634,0.26361443394919426,0.049584257428675914,0.01990831235767819,3.1459008909922708,0.6378183826744744
23,rtp5000,rtp,0.15249581980793944,5000.0,grid,,1.8,0.32062993330744594,0.26477942580048996,0.049590223796730726,0.020517920530506453,3.1306806746810096,0.6546913084670346
23,grid_0.1645,grid,0.1645,6477.617828219024,grid,,1.8,0.32639095158181586,0.265388567734167,0.04959344400171876,0.020837647882273783,3.123854379735536,0.6619167311084474
23,rtp10000,rtp,0.18372485891022616,10000.0,grid,,1.8,0.33532307886723883,0.2664880859966651,0.049599139548768524,0.021416760429397455,3.11249991443386,0.6734089767664287
23,grid_0.2109,grid,0.2109,17234.11332575692,grid,,1.8,0.3473954570591119,0.26823425531455686,0.049608087867600965,0.022341527856553897,3.095598578473518,0.6894332780174423
23,grid_0.2423,grid,0.2423,30149.52670125085,grid,,1.8,0.36069558598638174,0.27046292464952665,0.04961931724664987,0.023530876363325653,3.0749594590227174,0.7075275499553634
23,grid_0.2700,grid,0.27,49043.354778421,grid,,1.8,0.3718811818081736,0.2725200164665217,0.049629561424510915,0.024637597950402323,3.0559408070998133,0.7230241354701411
23,grid_0.2850,grid,0.285,62534.80156277619,grid,,1.8,0.3777789444015161,0.2736712001008544,0.0496352167888623,0.02526070897577959,3.04532895613655,0.7312203197955837
23,grid_0.3100,grid,0.31,91254.80421853716,grid,,1.8,0.38735775237424686,0.27562734841339737,0.04964492825555601,0.02632550693784433,3.0272116042487096,0.7445932156250598
23,grid_0.3300,grid,0.33,120864.35483856642,grid,,1.8,0.39478413455173733,0.2772129140746922,0.049652794301688216,0.027194205428094448,3.012400579177009,0.7550593980150602
23,grid_0.3434,grid,0.3434,145175.52755764054,grid,,1.8,0.39974068225161263,0.2782826843483042,0.04965801846666182,0.027783233941436114,3.002306174299043,0.7618343968901194
23,grid_0.3600,grid,0.36,184560.36568413948,grid,,1.8,0.40576339382118615,0.2796330642349236,0.04966463381896601,0.028530016794446916,2.989602780014407,0.7701686884964445
23,grid_0.3649,grid,0.3649,197693.24354731053,grid,,1.8,0.4075074041369147,0.28003485919485477,0.04966660389987317,0.028752918464408944,2.985820077092063,0.7726232556991609
23,grid_0.4000,grid,0.4,315352.1859207217,grid,,1.8,0.41992798696008665,0.2828572170439186,0.04968024615570288,0.030327959078127603,2.958327014071996,0.7893695408561008
23,grid_0.4500,grid,0.45,573964.0547833235,grid,,1.8,0.4372991088350351,0.2868977114904031,0.049699561199515616,0.03261073565891495,2.917205371639425,0.811666240590605
23,grid_0.4898,grid,0.4898,883167.0557562006,grid,,1.8,0.4510383577088514,0.29004235845189025,0.0497152755542875,0.0344092941420473,2.8829004625372194,0.8276871991675336
23,grid_0.5000,grid,0.5,1003776.8843114723,grid,,1.8,0.45452369638015144,0.2908461172746838,0.04971935990783516,0.034872104025923945,2.87388055178881,0.8316471073191063
23,grid_0.5500,grid,0.55,1814342.2143354646,grid,,1.8,0.47184786038916354,0.2944130427765509,0.049737991608190577,0.036941048148756594,2.828601812925828,0.8483366255513551
23,grid_0.5971,grid,0.5971,3022372.8856561296,grid,,1.8,0.4877769915277103,0.2970747785030645,0.049752601842901506,0.03850082217974335,2.786805056933189,0.8601178610272355
23,grid_0.6049,grid,0.6049,3276086.392271119,grid,,1.8,0.49037746367447654,0.2974495258103464,0.04975476099769229,0.03872145940710761,2.779941702415654,0.8617033007569862
23,grid_0.6500,grid,0.65,5120560.016562058,grid,,1.8,0.5052049079512003,0.29927855751323507,0.049765799188721524,0.03980185579848122,2.7410086988829603,0.8694518021636221
23,grid_0.7139,grid,0.7139,,grid,,1.8,0.5263954565046277,0.30150578664478633,0.04978336544683734,0.04112237393345408,2.6838386654408923,0.8774737009564096
23,grid_0.7892,grid,0.7892,,grid,,1.8,0.5505588124701815,0.303308349043057,0.04980292903052385,0.042193025568701026,2.617280691833393,0.8823332051258899
23,grid_0.8000,grid,0.8,,grid,,1.8,0.5538777784906617,0.3034423383971306,0.049805326745676635,0.042271925986242076,2.608225508863428,0.8824790447444992
23,grid_0.8904,grid,0.8904,,grid,,1.8,0.5814181399810546,0.3033929289673443,0.04982141181557275,0.042225857531811295,2.5320125228301267,0.8782161574966876
23,grid_0.9500,grid,0.95,,grid,,1.8,0.5937849557114254,0.3026061476864134,0.04981811653932659,0.041752364078284865,2.5035866810933105,0.8746222541943801
23,grid_1.0112,grid,1.0112,,grid,,1.8,0.6056562267428922,0.30103213950065116,0.04980740446143428,0.04081294455090523,2.475396760650048,0.8681353003894714
23,rtp475,rtp,0.06997214650841514,475.0,grid,,1.85,0.2545762961416946,0.2651899021409554,0.04967601037774119,0.0206496738197883,3.174518757098573,0.6059002392031638
23,rtp2500,rtp,0.12450119721625721,2500.0,grid,,1.85,0.2837689759676876,0.26568427433908015,0.04967287850796069,0.020915255123122922,3.1459008909922708,0.6378183826744744
23,rtp5000,rtp,0.15249581980793944,5000.0,grid,,1.85,0.29737699818600444,0.26706875204112757,0.04967895929731288,0.021646759019492395,3.1306806746810096,0.6546913084670346
23,grid_0.1645,grid,0.1645,6477.617828219024,grid,,1.85,0.3029374928028664,0.26777308839452724,0.0496822410444787,0.0220201858238646,3.123854379735536,0.6619167311084474
23,rtp10000,rtp,0.18372485891022616,10000.0,grid,,1.85,0.31159883751854506,0.2690252942702911,0.04968804531977331,0.02268656363744341,3.11249991443386,0.6734089767664287
23,grid_0.2109,grid,0.2109,17234.11332575692,grid,,1.85,0.3233746820120433,0.270986978287969,0.04969716417661116,0.023736778225033048,3.095598578473518,0.6894332780174423
23,grid_0.2423,grid,0.2423,30149.52670125085,grid,,1.85,0.33643073515960426,0.27346188905560737,0.0497086073798778,0.025072797385983503,3.0749594590227174,0.7075275499553634
23,grid_0.2700,grid,0.27,49043.354778421,grid,,1.85,0.34746968992951516,0.2757319528167407,0.049719046562103054,0.026309063242030237,3.0559408070998133,0.7230241354701411
23,grid_0.2850,grid,0.285,62534.80156277619,grid,,1.85,0.35331057012322464,0.27699626826792345,0.04972480957575972,0.027002123058595714,3.04532895613655,0.7312203197955837
23,grid_0.3100,grid,0.31,91254.80421853716,grid,,1.85,0.3628250671835021,0.27913802643119345,0.04973470570258628,0.028183332097315356,3.0272116042487096,0.7445932156250598
23,grid_0.3300,grid,0.33,120864.35483856642,grid,,1.85,0.3702245530250438,0.28086945730670737,0.04974272126860205,0.029144930779162276,3.012400579177009,0.7550593980150602
23,grid_0.3434,grid,0.3434,145175.52755764054,grid,,1.85,0.37517283343758184,0.2820330847178866,0.049748044743152586,0.029794616132334,3.002306174299043,0.7618343968901194
23,grid_0.3600,grid,0.36,184560.36568413948,grid,,1.85,0.3811976765865001,0.28349918054203427,0.04975478585650954,0.030616999511495407,2.989602780014407,0.7701686884964445
23,grid_0.3649,grid,0.3649,197693.24354731053,grid,,1.85,0.38294486567866304,0.2839351540129461,0.04975679339058948,0.030862378293765952,2.985820077092063,0.7726232556991609
23,grid_0.4000,grid,0.4,315352.1859207217,grid,,1.85,0.3954105045207045,0.2869886077298825,0.04977069500477225,0.03259176596196414,2.958327014071996,0.7893695408561008
23,grid_0.4500,grid,0.45,573964.0547833235,grid,,1.85,0.41292311325119063,0.2913320848387943,0.049790376991700816,0.03508400666481762,2.917205371639425,0.811666240590605
23,grid_0.4898,grid,0.4898,883167.0557562006,grid,,1.85,0.42682731074069985,0.29469093982258443,0.049806389593543415,0.03703636041997466,2.8829004625372194,0.8276871991675336
23,grid_0.5000,grid,0.5,1003776.8843114723,grid,,1.85,0.43036313464878295,0.29554703415764777,0.0498105514737522,0.037537497925629604,2.87388055178881,0.8316471073191063
23,grid_0.5500,grid,0.55,1814342.2143354646,grid,,1.85,0.44795499465979977,0.2993263010288028,0.04982953670446824,0.03976669778311723,2.828601812925828,0.8483366255513551
23,grid_0.5971,grid,0.5971,3022372.8856561296,grid,,1.85,0.4641396643685183,0.3021282866607874,0.04984442395477583,0.04143707764580709,2.786805056933189,0.8601178610272355
23,grid_0.6049,grid,0.6049,3276086.392271119,grid,,1.85,0.4667826486648277,0.3025209833358824,0.04984662402058378,0.04167232133792545,2.779941702415654,0.8617033007569862
23,grid_0.6500,grid,0.65,5120560.016562058,grid,,1.85,0.4818531659318557,0.3044290319377852,0.04985787115428508,0.042819164332291965,2.7410086988829603,0.8694518021636221
23,grid_0.7139,grid,0.7139,,grid,,1.85,0.5034398450042001,0.3067198428269756,0.049875770438826204,0.04420129154497843,2.6838386654408923,0.8774737009564096
23,grid_0.7892,grid,0.7892,,grid,,1.85,0.5280974672207329,0.30852494867443453,0.04989570468572537,0.04529193926883707,2.617280691833393,0.8823332051258899
23,grid_0.8000,grid,0.8,,grid,,1.85,0.53148243240657,0.3086519035609425,0.04989814776744364,0.045367849804349714,2.608225508863428,0.8824790447444992
23,grid_0.8904,grid,0.8904,,grid,,1.85,0.5595822695304216,0.3084608514181904,0.04991453614044778,0.04523356071718715,2.5320125228301267,0.8782161574966876
23,grid_0.9500,grid,0.95,,grid,,1.85,0.5720579900975796,0.30758761485277136,0.049911175882269676,0.044698964928547136,2.5035866810933105,0.8746222541943801
23,grid_1.0112,grid,1.0112,,grid,,1.85,0.584026775187471,0.30588524085594554,0.049900256869142866,0.043665523704356946,2.475396760650048,0.8681353003894714
23,rtp475,rtp,0.06997214650841514,475.0,grid,,1.9,0.23430277649296619,0.2667825770372655,0.04969908587413641,0.021473857536508087,3.174518757098573,0.6059002392031638
23,rtp2500,rtp,0.12450119721625721,2500.0,grid,,1.9,0.26156723523211534,0.2676892667028865,0.04969590589558369,0.021961637612345403,3.1459008909922708,0.6378183826744744
23,rtp5000,rtp,0.15249581980793944,5000.0,grid,,1.9,0.2745965726857549,0.26929538084547955,0.049702087829673836,0.022817914315038046,3.1306806746810096,0.6546913084670346
23,grid_0.1645,grid,0.1645,6477.617828219024,grid,,1.9,0.2799594766080275,0.2700958892705566,0.0497054239973895,0.023246365403463268,3.123854379735536,0.6619167311084474
23,rtp10000,rtp,0.18372485891022616,10000.0,grid,,1.9,0.28835402674136984,0.27150242473673,0.04971132443023697,0.024002242207686764,3.11249991443386,0.6734089767664287
23,grid_0.2109,grid,0.2109,17234.11332575692,grid,,1.9,0.29983765516931693,0.27368194947110913,0.049720594124739496,0.025181215341567226,3.095598578473518,0.6894332780174423
23,grid_0.2423,grid,0.2423,30149.52670125085,grid,,1.9,0.3126530544453293,0.2764057038981851,0.04973222646415129,0.026667886683299863,3.0749594590227174,0.7075275499553634
23,grid_0.2700,grid,0.27,49043.354778421,grid,,1.9,0.32354716584829935,0.27889081986431796,0.04974283813197031,0.028037251272621133,3.0559408070998133,0.7230241354701411
23,grid_0.2850,grid,0.285,62534.80156277619,grid,,1.9,0.32933174057629344,0.28026932035342056,0.04974869636304671,0.02880219556832156,3.04532895613655,0.7312203197955837
23,grid_0.3100,grid,0.31,91254.80421853716,grid,,1.9,0.3387822817832536,0.2825982340362902,0.04975875582883368,0.030103006051596173,3.0272116042487096,0.7445932156250598
23,grid_0.3300,grid,0.33,120864.35483856642,grid,,1.9,0.3461546247574088,0.2844765742495242,0.049766903647200086,0.031160017649544985,3.012400579177009,0.7550593980150602
23,grid_0.3434,grid,0.3434,145175.52755764054,grid,,1.9,0.3510943759135012,0.28573475200156895,0.04977231496200594,0.03187203353939218,3.002306174299043,0.7618343968901194
23,grid_0.3600,grid,0.36,184560.36568413948,grid,,1.9,0.3571207194055054,0.2873173138280237,0.04977916731181696,0.03277207151353412,2.989602780014407,0.7701686884964445
23,grid_0.3649,grid,0.3649,197693.24354731053,grid,,1.9,0.35887082354311295,0.28778765395086847,0.04978120797317439,0.03304052579337044,2.985820077092063,0.7726232556991609
23,grid_0.4000,grid,0.4,315352.1859207217,grid,,1.9,0.3713794148233884,0.2910734594582664,0.0497953389764941,0.03492841982450895,2.958327014071996,0.7893695408561008
23,grid_0.4500,grid,0.45,573964.0547833235,grid,,1.9,0.3890289417085462,0.29572121080999675,0.04981534548924112,0.03763568903368941,2.917205371639425,0.811666240590605
23,grid_0.4898,grid,0.4898,883167.0557562006,grid,,1.9,0.40309350977174796,0.29929488534234494,0.04983162188311679,0.03974580650897061,2.8829004625372194,0.8276871991675336
23,grid_0.5000,grid,0.5,1003776.8843114723,grid,,1.9,0.4066784365750782,0.3002033947016465,0.04983585233547175,0.04028622585492081,2.87388055178881,0.8316471073191063
23,grid_0.5500,grid,0.55,1814342.2143354646,grid,,1.9,0.4245314284326218,0.304195621353308,0.04985515023728076,0.04267982581324439,2.828601812925828,0.8483366255513551
23,grid_0.5971,grid,0.5971,3022372.8856561296,grid,,1.9,0.4409659897374421,0.30713850646181823,0.049870282444228815,0.044463779707367534,2.786805056933189,0.8601178610272355
23,grid_0.6049,grid,0.6049,3276086.392271119,grid,,1.9,0.44365058563356696,0.30754927233308305,0.04987251868080563,0.04471403623180323,2.779941702415654,0.8617033007569862
23,grid_0.6500,grid,0.65,5120560.016562058,grid,,1.9,0.4589594466849523,0.3095371095786829,0.04988395050528601,0.045929271701039526,2.7410086988829603,0.8694518021636221
23,grid_0.7139,grid,0.7139,,grid,,1.9,0.48093498225646597,0.3118926181336003,0.04990214426768186,0.047374860978549954,2.6838386654408923,0.8774737009564096
23,grid_0.7892,grid,0.7892,,grid,,1.9,0.5060781514006076,0.3137014108903528,0.049922406225359754,0.048486168969238186,2.617280691833393,0.8823332051258899
23,grid_0.8000,grid,0.8,,grid,,1.9,0.5095280400698609,0.31382151431972616,0.049924889403808057,0.04855905344611805,2.608225508863428,0.8824790447444992
23,grid_0.8904,grid,0.8904,,grid,,1.9,0.5381788164363885,0.3134906030535874,0.049941545634013804,0.04833481256888811,2.5320125228301267,0.8782161574966876
23,grid_0.9500,grid,0.95,,grid,,1.9,0.5507628987202416,0.31253167997970366,0.04993812739996528,0.04773792359097062,2.5035866810933105,0.8746222541943801
23,grid_1.0112,grid,1.0112,,grid,,1.9,0.562828676795212,0.310701670319091,0.04992702461322132,0.04660850332585181,2.475396760650048,0.8681353003894714
23,rtp475,rtp,0.06997214650841514,475.0,grid,,1.95,0.214452640377639,0.26832924128447616,0.049669745887351346,0.02233083584095128,3.174518757098573,0.6059002392031638
23,rtp2500,rtp,0.12450119721625721,2500.0,grid,,1.95,0.23981533836804236,0.2696499146810676,0.04966652285654914,0.023044553630957886,3.1459008909922708,0.6378183826744744
23,rtp5000,rtp,0.15249581980793944,5000.0,grid,,1.95,0.2522748271636785,0.27147946871373313,0.04967279395813253,0.024028307974958252,3.1306806746810096,0.6546913084670346
23,grid_0.1645,grid,0.1645,6477.617828219024,grid,,1.95,0.25744319129731447,0.27237695618958946,0.049676178128967664,0.024513028134137874,3.123854379735536,0.6619167311084474
23,rtp10000,rtp,0.18372485891022616,10000.0,grid,,1.95,0.2655751082686021,0.273939163994869,0.04968216339584102,0.02536050217436671,3.11249991443386,0.6734089767664287
23,grid_0.2109,grid,0.2109,17234.11332575692,grid,,1.95,0.2767710669400617,0.2763384004733221,0.04969156619082864,0.026671345385325493,3.095598578473518,0.6894332780174423
23,grid_0.2423,grid,0.2423,30149.52670125085,grid,,1.95,0.2893494854432094,0.2793130478889655,0.04970336544438097,0.028312413276642565,3.0749594590227174,0.7075275499553634
23,grid_0.2700,grid,0.27,49043.354778421,grid,,1.95,0.3001007754477768,0.2820148115317963,0.04971412932938333,0.02981822459393127,3.0559408070998133,0.7230241354701411
23,grid_0.2850,grid,0.285,62534.80156277619,grid,,1.95,0.30582974385604067,0.2835082896599631,0.04972007158835488,0.03065687871756266,3.04532895613655,0.7312203197955837
23,grid_0.3100,grid,0.31,91254.80421853716,grid,,1.95,0.31521689566191496,0.28602548659340754,0.0497302752077637,0.03208030377323187,3.0272116042487096,0.7445932156250598
23,grid_0.3300,grid,0.33,120864.35483856642,grid,,1.95,0.3225620284093381,0.28805146426519457,0.0497385397414517,0.03323510632387096,3.012400579177009,0.7550593980150602
23,grid_0.3434,grid,0.3434,145175.52755764054,grid,,1.95,0.32749310177396285,0.2894046746686796,0.04974402857639562,0.03401103714368865,3.002306174299043,0.7618343968901194
23,grid_0.3600,grid,0.36,184560.36568413948,grid,,1.95,0.33352046404604296,0.2911042029142539,0.04975097909322452,0.03499067786111859,2.989602780014407,0.7701686884964445
23,grid_0.3649,grid,0.3649,197693.24354731053,grid,,1.95,0.3352732668801624,0.29160902789219867,0.04975304898930077,0.03528277615893234,2.985820077092063,0.7726232556991609
23,grid_0.4000,grid,0.4,315352.1859207217,grid,,1.95,0.34782303014973215,0.29512796325265994,0.04976738241296469,0.03733313228069872,2.958327014071996,0.7893695408561008
23,grid_0.4500,grid,0.45,573964.0547833235,grid,,1.95,0.36560539392098323,0.3000806954377549,0.049787675285141844,0.04026074848926475,2.917205371639425,0.811666240590605
23,grid_0.4898,grid,0.4898,883167.0557562006,grid,,1.95,0.37982615017043114,0.3038694347688645,0.049804184478351866,0.04253244890839736,2.8829004625372194,0.8276871991675336
23,grid_0.5000,grid,0.5,1003776.8843114723,grid,,1.95,0.38345890616540157,0.30483036075271197,0.04980847544817264,0.04311307338845588,2.87388055178881,0.8316471073191063
23,grid_0.5500,grid,0.55,1814342.2143354646,grid,,1.95,0.40156694525740766,0.3090358415422144,0.04982804926761969,0.04567510209008496,2.828601812925828,0.8483366255513551
23,grid_0.5971,grid,0.5971,3022372.8856561296,grid,,1.95,0.4182461360359201,0.31212007988044804,0.049843397593559706,0.04757554667101754,2.786805056933189,0.8601178610272355
23,grid_0.6049,grid,0.6049,3276086.392271119,grid,,1.95,0.4209715021914412,0.31254901248511857,0.04984566573693588,0.047841219468486906,2.779941702415654,0.8617033007569862
23,grid_0.6500,grid,0.65,5120560.016562058,grid,,1.95,0.43651427328769077,0.31461730870266064,0.04985726043683939,0.04912679049846588,2.7410086988829603,0.8694518021636221
23,grid_0.7139,grid,0.7139,,grid,,1.95,0.45887178608218254,0.3170385960408649,0.049875714001876,0.05063775737768669,2.6838386654408923,0.8774737009564096
23,grid_0.7892,grid,0.7892,,grid,,1.95,0.4844922069712688,0.31885236998504296,0.049896265033517816,0.05177056881156089,2.617280691833393,0.8823332051258899
23,grid_0.8000,grid,0.8,,grid,,1.95,0.4880059924108064,0.31896583806791573,0.049898783568285726,0.0518404222860821,2.608225508863428,0.8824790447444992
23,grid_0.8904,grid,0.8904,,grid,,1.95,0.5171995170406384,0.31849726926669125,0.049915675769857476,0.05152483476048175,2.5320125228301267,0.8782161574966876
23,grid_0.9500,grid,0.95,,grid,,1.95,0.5298914730086624,0.31745364661435993,0.049912205859743645,0.05086461188901126,2.5035866810933105,0.8746222541943801
23,grid_1.0112,grid,1.0112,,grid,,1.95,0.5420537847211181,0.3154970404540238,0.04990094013024283,0.04963744240500512,2.475396760650048,0.8681353003894714
23,rtp475,rtp,0.06997214650841514,475.0,grid,,2.0,0.19501124582219667,0.2698509492563205,0.049601332592686266,0.02321820222185103,3.174518757098573,0.6059002392031638
23,rtp2500,rtp,0.12450119721625721,2500.0,grid,,2.0,0.21849948979653605,0.27158692215414987,0.04959807077859867,0.02416138550656558,3.1459008909922708,0.6378183826744744
23,rtp5000,rtp,0.15249581980793944,5000.0,grid,,2.0,0.2303982000918608,0.27364132402944347,0.04960442045448185,0.025275153762105027,3.1306806746810096,0.6546913084670346
23,grid_0.1645,grid,0.1645,6477.617828219024,grid,,2.0,0.23537516477141485,0.274636408898042,0.049607846961089754,0.025817310131322768,3.123854379735536,0.6619167311084474
23,rtp10000,rtp,0.18372485891022616,10000.0,grid,,2.0,0.2432487427455636,0.2763553076206197,0.04961390706687426,0.02675834898321308,3.11249991443386,0.6734089767664287
23,grid_0.2109,grid,0.2109,17234.11332575692,grid,,2.0,0.2541617565605312,0.2789756426574012,0.0496234273161086,0.028203981880001394,3.095598578473518,0.6894332780174423
23,grid_0.2423,grid,0.2423,30149.52670125085,grid,,2.0,0.26650706855564843,0.2822026533382272,0.049635373888317846,0.03000296366281778,3.0749594590227174,0.7075275499553634
23,grid_0.2700,grid,0.27,49043.354778421,grid,,2.0,0.27711774348019513,0.285122156468345,0.0496462721188024,0.031648371990357,3.0559408070998133,0.7230241354701411
23,grid_0.2850,grid,0.285,62534.80156277619,grid,,2.0,0.2827919066824477,0.2867311356625069,0.04965228853929295,0.032562455619017966,3.04532895613655,0.7312203197955837
23,grid_0.3100,grid,0.31,91254.80421853716,grid,,2.0,0.2921164143256103,0.28943731215928026,0.04966261940158529,0.034111338268403374,3.0272116042487096,0.7445932156250598
23,grid_0.3300,grid,0.33,120864.35483856642,grid,,2.0,0.29943442307029466,0.2916113287191707,0.0496709869564391,0.035366180080921156,3.012400579177009,0.7550593980150602
23,grid_0.3434,grid,0.3434,145175.52755764054,grid,,2.0,0.30435676775016646,0.2930598379308348,0.04967654421523404,0.036207524392813106,3.002306174299043,0.7618343968901194
23,grid_0.3600,grid,0.36,184560.36568413948,grid,,2.0,0.3103847971384745,0.29487657621844904,0.04968358137930367,0.037268613823011124,2.989602780014407,0.7701686884964445
23,grid_0.3649,grid,0.3649,197693.24354731053,grid,,2.0,0.31214012367896715,0.2954159318609886,0.049685677079015896,0.037584895718280345,2.985820077092063,0.7726232556991609
23,grid_0.4000,grid,0.4,315352.1859207217,grid,,2.0,0.32472956171330786,0.2991682829196554,0.04970018914941084,0.03980147235568414,2.958327014071996,0.7893695408561008
23,grid_0.4500,grid,0.45,573964.0547833235,grid,,2.0,0.3426411135693558,0.304426096393251,0.049720734741157326,0.042954513424075635,2.917205371639425,0.811666240590605
23,grid_0.4898,grid,0.4898,883167.0557562006,grid,,2.0,0.3570142299301166,0.30842975970660913,0.04973744942774689,0.04539146724492976,2.8829004625372194,0.8276871991675336
23,grid_0.5000,grid,0.5,1003776.8843114723,grid,,2.0,0.36069363916449815,0.30944301974530536,0.04974179381852668,0.04601318865056675,2.87388055178881,0.8316471073191063
23,grid_0.5500,grid,0.55,1814342.2143354646,grid,,2.0,0.3790510741746472,0.31386169893443255,0.04976161117390195,0.048747554884106425,2.828601812925828,0.8483366255513551
23,grid_0.5971,grid,0.5971,3022372.8856561296,grid,,2.0,0.3959699815385283,0.3170875258977654,0.049777150210702184,0.050767348869263845,2.786805056933189,0.8601178610272355
23,grid_0.6049,grid,0.6049,3276086.392271119,grid,,2.0,0.39873533046756054,0.31753469667742423,0.049779446503914554,0.05104883709010927,2.779941702415654,0.8617033007569862
23,grid_0.6500,grid,0.65,5120560.016562058,grid,,2.0,0.4145078475644232,0.3196840027765408,0.04979118485718979,0.052406676774041566,2.7410086988829603,0.8694518021636221
23,grid_0.7139,grid,0.7139,,grid,,2.0,0.4372408222690668,0.32217208637714956,0.04980986767328845,0.05398498556731707,2.6838386654408923,0.8774737009564096
23,grid_0.7892,grid,0.7892,,grid,,2.0,0.4633305942504213,0.3239922439768551,0.049830673736080244,0.05514030042107776,2.617280691833393,0.8823332051258899
23,grid_0.8000,grid,0.8,,grid,,2.0,0.4669072955750045,0.3240993202908452,0.049833223450204786,0.05520714596278309,2.608225508863428,0.8824790447444992
23,grid_0.8904,grid,0.8904,,grid,,2.0,0.4966357044722292,0.3234956685496213,0.049850323524004016,0.054799124046362446,2.5320125228301267,0.8782161574966876
23,grid_0.9500,grid,0.95,,grid,,2.0,0.509435095427048,0.32236853616362954,0.049846807480527236,0.05407466562775409,2.5035866810933105,0.8746222541943801
23,grid_1.0112,grid,1.0112,,grid,,2.0,0.5216935363407896,0.32028666595467725,0.049835397149766564,0.05274815123859644,2.475396760650048,0.8681353003894714
23,rtp475,rtp,0.06997214650841514,475.0,structure,3.0,0.6127121513957469,0.198768441652944,0.23729213308347438,0.04670542740511998,0.009602129018185343,3.174518757098573,0.6059002392031638
23,rtp2500,rtp,0.12450119721625721,2500.0,structure,3.0,0.6127121513957469,0.17978723887141213,0.2408471409711158,0.046700745309908656,0.011306600004051863,3.1459008909922708,0.6378183826744744
23,rtp5000,rtp,0.15249581980793944,5000.0,structure,3.0,0.6127121513957469,0.17493883320077727,0.2430586193388336,0.04671227351042962,0.01236521892447039,3.1306806746810096,0.6546913084670346
23,grid_0.1645,grid,0.1645,6477.617828219024,structure,3.0,0.6127121513957469,0.17348214843950308,0.24403859234588854,0.04671844267634146,0.012836391877821315,3.123854379735536,0.6619167311084474
23,rtp10000,rtp,0.18372485891022616,10000.0,structure,3.0,0.6127121513957469,0.17177338243059576,0.24562488729445722,0.046729323990949076,0.013602261267465731,3.11249991443386,0.6734089767664287
23,grid_0.2109,grid,0.2109,17234.11332575692,structure,3.0,0.6127121513957469,0.17043711480273346,0.24787852151786527,0.0467463528065622,0.014697408623320602,3.095598578473518,0.6894332780174423
23,grid_0.2423,grid,0.2423,30149.52670125085,structure,3.0,0.6127121513957469,0.17013059532369307,0.2504605756171555,0.046767678112300856,0.015962821826176,3.0749594590227174,0.7075275499553634
23,grid_0.2700,grid,0.27,49043.354778421,structure,3.0,0.6127121513957469,0.17072007880046458,0.2526789519410743,0.04678712122797886,0.017059531526060896,3.0559408070998133,0.7230241354701411
23,grid_0.2850,grid,0.285,62534.80156277619,structure,3.0,0.6127121513957469,0.17132661670345173,0.25385075080602537,0.04679785434647562,0.01764234933830716,3.04532895613655,0.7312203197955837
23,grid_0.3100,grid,0.31,91254.80421853716,structure,3.0,0.6127121513957469,0.17272624867810046,0.25576034464900327,0.04681624222346341,0.018597111671513525,3.0272116042487096,0.7445932156250598
23,grid_0.3300,grid,0.33,120864.35483856642,structure,3.0,0.6127121513957469,0.17415154982830938,0.257244984530064,0.046831126858293694,0.019343855207579176,3.012400579177009,0.7550593980150602
23,grid_0.3434,grid,0.3434,145175.52755764054,structure,3.0,0.6127121513957469,0.17523086101271276,0.2581990428034197,0.04684101405053767,0.019825731654064482,3.002306174299043,0.7618343968901194
23,grid_0.3600,grid,0.36,184560.36568413948,structure,3.0,0.6127121513957469,0.17672744408660512,0.259365008273823,0.04685353548918851,0.020416672027691745,2.989602780014407,0.7701686884964445
23,grid_0.3649,grid,0.3649,197693.24354731053,structure,3.0,0.6127121513957469,0.1772011595233921,0.25970612599526244,0.046857264752505935,0.0205900071269612,2.985820077092063,0.7726232556991609
23,grid_0.4000,grid,0.4,315352.1859207217,structure,3.0,0.6127121513957469,0.18086963510163045,0.2619932974521492,0.04688309526579531,0.02175739264405504,2.958327014071996,0.7893695408561008
23,grid_0.4500,grid,0.45,573964.0547833235,structure,3.0,0.6127121513957469,0.18717748647808571,0.26488567664771856,0.04691961801526874,0.02324480367785097,2.917205371639425,0.811666240590605
23,grid_0.4898,grid,0.4898,883167.0557562006,structure,3.0,0.6127121513957469,0.1929544033951101,0.2668310107325638,0.046949262386221116,0.024249525902340453,2.8829004625372194,0.8276871991675336
23,grid_0.5000,grid,0.5,1003776.8843114723,structure,3.0,0.6127121513957469,0.19454954005120276,0.2672894366546907,0.04695696842260794,0.024486674524573947,2.87388055178881,0.8316471073191063
23,grid_0.5500,grid,0.55,1814342.2143354646,structure,3.0,0.6127121513957469,0.20269380290869018,0.26901032244326456,0.046992105232759894,0.02537444834826927,2.828601812925828,0.8483366255513551
23,grid_0.5971,grid,0.5971,3022372.8856561296,structure,3.0,0.6127121513957469,0.21023642489125505,0.26992473672767986,0.047019631367674584,0.02583973212983271,2.786805056933189,0.8601178610272355
23,grid_0.6049,grid,0.6049,3276086.392271119,structure,3.0,0.6127121513957469,0.2114774501519442,0.27000977179354385,0.04702369577682816,0.025881581087173477,2.779941702415654,0.8617033007569862
23,grid_0.6500,grid,0.65,5120560.016562058,structure,3.0,0.6127121513957469,0.2184437232145114,0.27028426941491457,0.04704444782725465,0.026009138465899473,2.7410086988829603,0.8694518021636221
23,grid_0.7139,grid,0.7139,,structure,3.0,0.6127121513957469,0.22903187474273756,0.270127997732804,0.04707753853334244,0.025891596625791304,2.6838386654408923,0.8774737009564096
23,grid_0.7892,grid,0.7892,,structure,3.0,0.6127121513957469,0.24156980073961742,0.2690962139930158,0.047114362179955245,0.02529841020541971,2.617280691833393,0.8823332051258899
23,grid_0.8000,grid,0.8,,structure,3.0,0.6127121513957469,0.24324409530434507,0.2688703620169263,0.04711886733899657,0.025172404232116433,2.608225508863428,0.8824790447444992
23,grid_0.8904,grid,0.8904,,structure,3.0,0.6127121513957469,0.2572346936102824,0.266039972753886,0.047148957199420714,0.023628309903467704,2.5320125228301267,0.8782161574966876
23,grid_0.9500,grid,0.95,,structure,3.0,0.6127121513957469,0.26112286621231307,0.26448774298000727,0.04714242826503803,0.02281133792162035,2.5035866810933105,0.8746222541943801
23,grid_1.0112,grid,1.0112,,structure,3.0,0.6127121513957469,0.2647356966899615,0.2624321303425802,0.04712175597471277,0.02174886706143224,2.475396760650048,0.8681353003894714
23,rtp475,rtp,0.06997214650841514,475.0,structure,5.0,0.911184483342262,0.21901989089828608,0.24503321264220007,0.04485051550609378,0.015190759791663865,3.174518757098573,0.6059002392031638
23,rtp2500,rtp,0.12450119721625721,2500.0,structure,5.0,0.911184483342262,0.2126968184564432,0.24918672703259723,0.044846658933191126,0.017247365996026998,3.1459008909922708,0.6378183826744744
23,rtp5000,rtp,0.15249581980793944,5000.0,structure,5.0,0.911184483342262,0.21312585868326736,0.25188513154313413,0.044855911568748436,0.018590207923753536,3.1306806746810096,0.6546913084670346
23,grid_0.1645,grid,0.1645,6477.617828219024,structure,5.0,0.911184483342262,0.2137344176702008,0.25309392292293803,0.04486086711205236,0.01919566670846974,3.123854379735536,0.6619167311084474
23,rtp10000,rtp,0.18372485891022616,10000.0,structure,5.0,0.911184483342262,0.21514597286875442,0.25507270961396034,0.04486961013954976,0.020192477050257986,3.11249991443386,0.6734089767664287
23,grid_0.2109,grid,0.2109,17234.11332575692,structure,5.0,0.911184483342262,0.2178752608534231,0.257923536680417,0.044883298592360066,0.021641252181374346,3.095598578473518,0.6894332780174423
23,grid_0.2423,grid,0.2423,30149.52670125085,structure,5.0,0.911184483342262,0.22186246798979878,0.261245603036575,0.044900444567478395,0.023348820538465327,3.0749594590227174,0.7075275499553634
23,grid_0.2700,grid,0.27,49043.354778421,structure,5.0,0.911184483342262,0.2259209882968525,0.26414353780260846,0.04491607880065947,0.02485572976221858,3.0559408070998133,0.7230241354701411
23,grid_0.2850,grid,0.285,62534.80156277619,structure,5.0,0.911184483342262,0.22830751319496467,0.2656952385315477,0.04492470944349915,0.025669250334836885,3.04532895613655,0.7312203197955837
23,grid_0.3100,grid,0.31,91254.80421853716,structure,5.0,0.911184483342262,0.23252358674461393,0.2682514424763835,0.04493949982644585,0.027019336564214624,3.0272116042487096,0.7445932156250598
23,grid_0.3300,grid,0.33,120864.35483856642,structure,5.0,0.911184483342262,0.23606868629825842,0.27026541565437867,0.04495147370818907,0.02809192119064499,3.012400579177009,0.7550593980150602
23,grid_0.3434,grid,0.3434,145175.52755764054,structure,5.0,0.911184483342262,0.23854695448333318,0.2715739995483968,0.04495942726397772,0.028793009966734895,3.002306174299043,0.7618343968901194
23,grid_0.3600,grid,0.36,184560.36568413948,structure,5.0,0.911184483342262,0.24170615176391427,0.2731932287942376,0.044969499773436346,0.029665040485584278,2.989602780014407,0.7701686884964445
23,grid_0.3649,grid,0.3649,197693.24354731053,structure,5.0,0.911184483342262,0.24265225840128513,0.273670870559741,0.044972499661151646,0.02992324573177485,2.985820077092063,0.7726232556991609
23,grid_0.4000,grid,0.4,315352.1859207217,structure,5.0,0.911184483342262,0.24965039819064241,0.27691877434492,0.04499327863289541,0.03169072895179734,2.958327014071996,0.7893695408561008
23,grid_0.4500,grid,0.45,573964.0547833235,structure,5.0,0.911184483342262,0.2604128799284846,0.2812249816066378,0.045022665757457093,0.03406482452219667,2.917205371639425,0.811666240590605
23,grid_0.4898,grid,0.4898,883167.0557562006,structure,5.0,0.911184483342262,0.2695855481491098,0.28429908626357003,0.04504652433001192,0.03577944612028891,2.8829004625372194,0.8276871991675336
23,grid_0.5000,grid,0.5,1003776.8843114723,structure,5.0,0.911184483342262,0.272016270816143,0.28505191423415477,0.04505272607076794,0.036201867737787996,2.87388055178881,0.8316471073191063
23,grid_0.5500,grid,0.55,1814342.2143354646,structure,5.0,0.911184483342262,0.2843337147973945,0.2881071758456156,0.04508100790936105,0.03792473686437542,2.828601812925828,0.8483366255513551
23,grid_0.5971,grid,0.5971,3022372.8856561296,structure,5.0,0.911184483342262,0.2957579339295681,0.2900653499482951,0.04510317069625212,0.039034736544374754,2.786805056933189,0.8601178610272355
23,grid_0.6049,grid,0.6049,3276086.392271119,structure,5.0,0.911184483342262,0.29763560637911846,0.290304126482838,0.04510644406934954,0.039170041783614065,2.779941702415654,0.8617033007569862
23,grid_0.6500,grid,0.65,5120560.016562058,structure,5.0,0.911184483342262,0.308276234201489,0.29134319535055025,0.04512316399040147,0.03975769348666741,2.7410086988829603,0.8694518021636221
23,grid_0.7139,grid,0.7139,,structure,5.0,0.911184483342262,0.3240165919356671,0.29216956031533997,0.04514980831141543,0.04021324366344364,2.6838386654408923,0.8774737009564096
23,grid_0.7892,grid,0.7892,,structure,5.0,0.911184483342262,0.34236804905595736,0.2920877960105421,0.04517946584755061,0.04013581473074544,2.617280691833393,0.8823332051258899
23,grid_0.8000,grid,0.8,,structure,5.0,0.911184483342262,0.34485599863040484,0.2919558457233533,0.04518309630408456,0.040055119547953905,2.608225508863428,0.8824790447444992
23,grid_0.8904,grid,0.8904,,structure,5.0,0.911184483342262,0.3656475099630199,0.28954536654217605,0.04520737813747868,0.03862914114856439,2.5320125228301267,0.8782161574966876
23,grid_0.9500,grid,0.95,,structure,5.0,0.911184483342262,0.3730941077906665,0.28793787815981714,0.045202203259464474,0.037706018419713216,2.5035866810933105,0.8746222541943801
23,grid_1.0112,grid,1.0112,,structure,5.0,0.911184483342262,0.38019383492369463,0.2855878692972785,0.04518568429035772,0.0363747467994017,2.475396760650048,0.8681353003894714
